
          /\      |‾‾| /‾‾/   /‾‾/   
     /\  /  \     |  |/  /   /  /    
    /  \/    \    |     (   /   ‾‾\  
   /          \   |  |\  \ |  (‾)  | 
  / __________ \  |__| \__\ \_____/ .io

  execution: local
     script: /scripts/load-test.js
     output: json (/results/results.json.gz)

  scenarios: (100.00%) 1 scenario, 788 max VUs, 12m30s max duration (incl. graceful stop):
           * openloop_gradual: Up to 105.00 iterations/s for 12m0s over 4 stages (maxVUs: 788, gracefulStop: 30s)

time="2026-10-06T19:05:05Z" level=info msg="OPENLOOP_CONFIG service=shipping-rate-service pattern=gradual base_rate=10 peak_rate=105 timeout=5s vu_factor=1.5 openloop_gradual:ramping-arrival-rate:vus=788/788" source=console
time="2026-10-06T19:05:05Z" level=info msg="SCENARIO_START name=openloop_gradual start_ms=1791313505674" source=console

running (00m00.4s), 003/788 VUs, 0 complete and 0 interrupted iterations
openloop_gradual   [   0% ] 003/788 VUs  00m00.4s/12m0s  010.00 iters/s

running (00m01.4s), 008/788 VUs, 5 complete and 0 interrupted iterations
openloop_gradual   [   0% ] 008/788 VUs  00m01.4s/12m0s  010.00 iters/s

running (00m02.4s), 007/788 VUs, 16 complete and 0 interrupted iterations
openloop_gradual   [   0% ] 007/788 VUs  00m02.4s/12m0s  010.00 iters/s

running (00m03.4s), 007/788 VUs, 26 complete and 0 interrupted iterations
openloop_gradual   [   0% ] 007/788 VUs  00m03.4s/12m0s  010.00 iters/s

running (00m04.4s), 006/788 VUs, 37 complete and 0 interrupted iterations
openloop_gradual   [   1% ] 006/788 VUs  00m04.4s/12m0s  010.00 iters/s

running (00m05.4s), 008/788 VUs, 45 complete and 0 interrupted iterations
openloop_gradual   [   1% ] 008/788 VUs  00m05.4s/12m0s  010.00 iters/s

running (00m06.4s), 008/788 VUs, 55 complete and 0 interrupted iterations
openloop_gradual   [   1% ] 008/788 VUs  00m06.4s/12m0s  010.00 iters/s

running (00m07.4s), 008/788 VUs, 65 complete and 0 interrupted iterations
openloop_gradual   [   1% ] 008/788 VUs  00m07.4s/12m0s  010.00 iters/s

running (00m08.4s), 007/788 VUs, 76 complete and 0 interrupted iterations
openloop_gradual   [   1% ] 007/788 VUs  00m08.4s/12m0s  010.00 iters/s

running (00m09.4s), 008/788 VUs, 85 complete and 0 interrupted iterations
openloop_gradual   [   1% ] 008/788 VUs  00m09.4s/12m0s  010.00 iters/s

running (00m10.4s), 008/788 VUs, 95 complete and 0 interrupted iterations
openloop_gradual   [   1% ] 008/788 VUs  00m10.4s/12m0s  010.00 iters/s

running (00m11.4s), 007/788 VUs, 106 complete and 0 interrupted iterations
openloop_gradual   [   2% ] 007/788 VUs  00m11.4s/12m0s  010.00 iters/s

running (00m12.4s), 008/788 VUs, 115 complete and 0 interrupted iterations
openloop_gradual   [   2% ] 008/788 VUs  00m12.4s/12m0s  010.00 iters/s

running (00m13.4s), 008/788 VUs, 125 complete and 0 interrupted iterations
openloop_gradual   [   2% ] 008/788 VUs  00m13.4s/12m0s  010.00 iters/s

running (00m14.4s), 007/788 VUs, 136 complete and 0 interrupted iterations
openloop_gradual   [   2% ] 007/788 VUs  00m14.4s/12m0s  010.00 iters/s

running (00m15.4s), 009/788 VUs, 144 complete and 0 interrupted iterations
openloop_gradual   [   2% ] 009/788 VUs  00m15.4s/12m0s  010.00 iters/s

running (00m16.4s), 007/788 VUs, 156 complete and 0 interrupted iterations
openloop_gradual   [   2% ] 007/788 VUs  00m16.4s/12m0s  010.00 iters/s

running (00m17.4s), 008/788 VUs, 165 complete and 0 interrupted iterations
openloop_gradual   [   2% ] 008/788 VUs  00m17.4s/12m0s  010.00 iters/s

running (00m18.4s), 006/788 VUs, 177 complete and 0 interrupted iterations
openloop_gradual   [   3% ] 006/788 VUs  00m18.4s/12m0s  010.00 iters/s

running (00m19.4s), 006/788 VUs, 187 complete and 0 interrupted iterations
openloop_gradual   [   3% ] 006/788 VUs  00m19.4s/12m0s  010.00 iters/s

running (00m20.4s), 007/788 VUs, 196 complete and 0 interrupted iterations
openloop_gradual   [   3% ] 007/788 VUs  00m20.4s/12m0s  010.00 iters/s

running (00m21.4s), 007/788 VUs, 206 complete and 0 interrupted iterations
openloop_gradual   [   3% ] 007/788 VUs  00m21.4s/12m0s  010.00 iters/s

running (00m22.4s), 006/788 VUs, 217 complete and 0 interrupted iterations
openloop_gradual   [   3% ] 006/788 VUs  00m22.4s/12m0s  010.00 iters/s

running (00m23.4s), 008/788 VUs, 225 complete and 0 interrupted iterations
openloop_gradual   [   3% ] 008/788 VUs  00m23.4s/12m0s  010.00 iters/s

running (00m24.4s), 007/788 VUs, 236 complete and 0 interrupted iterations
openloop_gradual   [   3% ] 007/788 VUs  00m24.4s/12m0s  010.00 iters/s

running (00m25.4s), 008/788 VUs, 245 complete and 0 interrupted iterations
openloop_gradual   [   4% ] 008/788 VUs  00m25.4s/12m0s  010.00 iters/s

running (00m26.4s), 006/788 VUs, 257 complete and 0 interrupted iterations
openloop_gradual   [   4% ] 006/788 VUs  00m26.4s/12m0s  010.00 iters/s

running (00m27.4s), 008/788 VUs, 265 complete and 0 interrupted iterations
openloop_gradual   [   4% ] 008/788 VUs  00m27.4s/12m0s  010.00 iters/s

running (00m28.4s), 006/788 VUs, 277 complete and 0 interrupted iterations
openloop_gradual   [   4% ] 006/788 VUs  00m28.4s/12m0s  010.00 iters/s

running (00m29.4s), 006/788 VUs, 287 complete and 0 interrupted iterations
openloop_gradual   [   4% ] 006/788 VUs  00m29.4s/12m0s  010.00 iters/s

running (00m30.4s), 006/788 VUs, 297 complete and 0 interrupted iterations
openloop_gradual   [   4% ] 006/788 VUs  00m30.4s/12m0s  010.00 iters/s

running (00m31.4s), 007/788 VUs, 306 complete and 0 interrupted iterations
openloop_gradual   [   4% ] 007/788 VUs  00m31.4s/12m0s  010.00 iters/s

running (00m32.4s), 006/788 VUs, 317 complete and 0 interrupted iterations
openloop_gradual   [   4% ] 006/788 VUs  00m32.4s/12m0s  010.00 iters/s

running (00m33.4s), 006/788 VUs, 327 complete and 0 interrupted iterations
openloop_gradual   [   5% ] 006/788 VUs  00m33.4s/12m0s  010.00 iters/s

running (00m34.4s), 007/788 VUs, 336 complete and 0 interrupted iterations
openloop_gradual   [   5% ] 007/788 VUs  00m34.4s/12m0s  010.00 iters/s

running (00m35.4s), 007/788 VUs, 346 complete and 0 interrupted iterations
openloop_gradual   [   5% ] 007/788 VUs  00m35.4s/12m0s  010.00 iters/s

running (00m36.4s), 006/788 VUs, 357 complete and 0 interrupted iterations
openloop_gradual   [   5% ] 006/788 VUs  00m36.4s/12m0s  010.00 iters/s

running (00m37.4s), 008/788 VUs, 365 complete and 0 interrupted iterations
openloop_gradual   [   5% ] 008/788 VUs  00m37.4s/12m0s  010.00 iters/s

running (00m38.4s), 007/788 VUs, 376 complete and 0 interrupted iterations
openloop_gradual   [   5% ] 007/788 VUs  00m38.4s/12m0s  010.00 iters/s

running (00m39.4s), 008/788 VUs, 385 complete and 0 interrupted iterations
openloop_gradual   [   5% ] 008/788 VUs  00m39.4s/12m0s  010.00 iters/s

running (00m40.4s), 007/788 VUs, 396 complete and 0 interrupted iterations
openloop_gradual   [   6% ] 007/788 VUs  00m40.4s/12m0s  010.00 iters/s

running (00m41.4s), 008/788 VUs, 405 complete and 0 interrupted iterations
openloop_gradual   [   6% ] 008/788 VUs  00m41.4s/12m0s  010.00 iters/s

running (00m42.4s), 006/788 VUs, 417 complete and 0 interrupted iterations
openloop_gradual   [   6% ] 006/788 VUs  00m42.4s/12m0s  010.00 iters/s

running (00m43.4s), 007/788 VUs, 426 complete and 0 interrupted iterations
openloop_gradual   [   6% ] 007/788 VUs  00m43.4s/12m0s  010.00 iters/s

running (00m44.4s), 006/788 VUs, 437 complete and 0 interrupted iterations
openloop_gradual   [   6% ] 006/788 VUs  00m44.4s/12m0s  010.00 iters/s

running (00m45.4s), 008/788 VUs, 445 complete and 0 interrupted iterations
openloop_gradual   [   6% ] 008/788 VUs  00m45.4s/12m0s  010.00 iters/s

running (00m46.4s), 007/788 VUs, 456 complete and 0 interrupted iterations
openloop_gradual   [   6% ] 007/788 VUs  00m46.4s/12m0s  010.00 iters/s

running (00m47.4s), 007/788 VUs, 466 complete and 0 interrupted iterations
openloop_gradual   [   7% ] 007/788 VUs  00m47.4s/12m0s  010.00 iters/s

running (00m48.4s), 008/788 VUs, 475 complete and 0 interrupted iterations
openloop_gradual   [   7% ] 008/788 VUs  00m48.4s/12m0s  010.00 iters/s

running (00m49.4s), 006/788 VUs, 487 complete and 0 interrupted iterations
openloop_gradual   [   7% ] 006/788 VUs  00m49.4s/12m0s  010.00 iters/s

running (00m50.4s), 007/788 VUs, 496 complete and 0 interrupted iterations
openloop_gradual   [   7% ] 007/788 VUs  00m50.4s/12m0s  010.00 iters/s

running (00m51.4s), 008/788 VUs, 505 complete and 0 interrupted iterations
openloop_gradual   [   7% ] 008/788 VUs  00m51.4s/12m0s  010.00 iters/s

running (00m52.4s), 008/788 VUs, 515 complete and 0 interrupted iterations
openloop_gradual   [   7% ] 008/788 VUs  00m52.4s/12m0s  010.00 iters/s

running (00m53.4s), 005/788 VUs, 528 complete and 0 interrupted iterations
openloop_gradual   [   7% ] 005/788 VUs  00m53.4s/12m0s  010.00 iters/s

running (00m54.4s), 007/788 VUs, 536 complete and 0 interrupted iterations
openloop_gradual   [   8% ] 007/788 VUs  00m54.4s/12m0s  010.00 iters/s

running (00m55.4s), 007/788 VUs, 546 complete and 0 interrupted iterations
openloop_gradual   [   8% ] 007/788 VUs  00m55.4s/12m0s  010.00 iters/s

running (00m56.4s), 007/788 VUs, 556 complete and 0 interrupted iterations
openloop_gradual   [   8% ] 007/788 VUs  00m56.4s/12m0s  010.00 iters/s

running (00m57.4s), 007/788 VUs, 566 complete and 0 interrupted iterations
openloop_gradual   [   8% ] 007/788 VUs  00m57.4s/12m0s  010.00 iters/s

running (00m58.4s), 007/788 VUs, 576 complete and 0 interrupted iterations
openloop_gradual   [   8% ] 007/788 VUs  00m58.4s/12m0s  010.00 iters/s

running (00m59.4s), 006/788 VUs, 587 complete and 0 interrupted iterations
openloop_gradual   [   8% ] 006/788 VUs  00m59.4s/12m0s  010.00 iters/s

running (01m00.4s), 007/788 VUs, 596 complete and 0 interrupted iterations
openloop_gradual   [   8% ] 007/788 VUs  01m00.4s/12m0s  010.00 iters/s

running (01m01.4s), 008/788 VUs, 605 complete and 0 interrupted iterations
openloop_gradual   [   9% ] 008/788 VUs  01m01.4s/12m0s  010.00 iters/s

running (01m02.4s), 007/788 VUs, 616 complete and 0 interrupted iterations
openloop_gradual   [   9% ] 007/788 VUs  01m02.4s/12m0s  010.00 iters/s

running (01m03.4s), 009/788 VUs, 624 complete and 0 interrupted iterations
openloop_gradual   [   9% ] 009/788 VUs  01m03.4s/12m0s  010.00 iters/s

running (01m04.4s), 007/788 VUs, 636 complete and 0 interrupted iterations
openloop_gradual   [   9% ] 007/788 VUs  01m04.4s/12m0s  010.00 iters/s

running (01m05.4s), 007/788 VUs, 646 complete and 0 interrupted iterations
openloop_gradual   [   9% ] 007/788 VUs  01m05.4s/12m0s  010.00 iters/s

running (01m06.4s), 008/788 VUs, 655 complete and 0 interrupted iterations
openloop_gradual   [   9% ] 008/788 VUs  01m06.4s/12m0s  010.00 iters/s

running (01m07.4s), 009/788 VUs, 664 complete and 0 interrupted iterations
openloop_gradual   [   9% ] 009/788 VUs  01m07.4s/12m0s  010.00 iters/s

running (01m08.4s), 009/788 VUs, 674 complete and 0 interrupted iterations
openloop_gradual   [   9% ] 009/788 VUs  01m08.4s/12m0s  010.00 iters/s

running (01m09.4s), 009/788 VUs, 684 complete and 0 interrupted iterations
openloop_gradual   [  10% ] 009/788 VUs  01m09.4s/12m0s  010.00 iters/s

running (01m10.4s), 008/788 VUs, 695 complete and 0 interrupted iterations
openloop_gradual   [  10% ] 008/788 VUs  01m10.4s/12m0s  010.00 iters/s

running (01m11.4s), 008/788 VUs, 705 complete and 0 interrupted iterations
openloop_gradual   [  10% ] 008/788 VUs  01m11.4s/12m0s  010.00 iters/s

running (01m12.4s), 006/788 VUs, 717 complete and 0 interrupted iterations
openloop_gradual   [  10% ] 006/788 VUs  01m12.4s/12m0s  010.00 iters/s

running (01m13.4s), 005/788 VUs, 728 complete and 0 interrupted iterations
openloop_gradual   [  10% ] 005/788 VUs  01m13.4s/12m0s  010.00 iters/s

running (01m14.4s), 008/788 VUs, 735 complete and 0 interrupted iterations
openloop_gradual   [  10% ] 008/788 VUs  01m14.4s/12m0s  010.00 iters/s

running (01m15.4s), 009/788 VUs, 744 complete and 0 interrupted iterations
openloop_gradual   [  10% ] 009/788 VUs  01m15.4s/12m0s  010.00 iters/s

running (01m16.4s), 007/788 VUs, 756 complete and 0 interrupted iterations
openloop_gradual   [  11% ] 007/788 VUs  01m16.4s/12m0s  010.00 iters/s

running (01m17.4s), 008/788 VUs, 765 complete and 0 interrupted iterations
openloop_gradual   [  11% ] 008/788 VUs  01m17.4s/12m0s  010.00 iters/s

running (01m18.4s), 006/788 VUs, 777 complete and 0 interrupted iterations
openloop_gradual   [  11% ] 006/788 VUs  01m18.4s/12m0s  010.00 iters/s

running (01m19.4s), 007/788 VUs, 786 complete and 0 interrupted iterations
openloop_gradual   [  11% ] 007/788 VUs  01m19.4s/12m0s  010.00 iters/s

running (01m20.4s), 007/788 VUs, 796 complete and 0 interrupted iterations
openloop_gradual   [  11% ] 007/788 VUs  01m20.4s/12m0s  010.00 iters/s

running (01m21.4s), 008/788 VUs, 805 complete and 0 interrupted iterations
openloop_gradual   [  11% ] 008/788 VUs  01m21.4s/12m0s  010.00 iters/s

running (01m22.4s), 006/788 VUs, 817 complete and 0 interrupted iterations
openloop_gradual   [  11% ] 006/788 VUs  01m22.4s/12m0s  010.00 iters/s

running (01m23.4s), 008/788 VUs, 825 complete and 0 interrupted iterations
openloop_gradual   [  12% ] 008/788 VUs  01m23.4s/12m0s  010.00 iters/s

running (01m24.4s), 007/788 VUs, 836 complete and 0 interrupted iterations
openloop_gradual   [  12% ] 007/788 VUs  01m24.4s/12m0s  010.00 iters/s

running (01m25.4s), 007/788 VUs, 846 complete and 0 interrupted iterations
openloop_gradual   [  12% ] 007/788 VUs  01m25.4s/12m0s  010.00 iters/s

running (01m26.4s), 008/788 VUs, 855 complete and 0 interrupted iterations
openloop_gradual   [  12% ] 008/788 VUs  01m26.4s/12m0s  010.00 iters/s

running (01m27.4s), 007/788 VUs, 866 complete and 0 interrupted iterations
openloop_gradual   [  12% ] 007/788 VUs  01m27.4s/12m0s  010.00 iters/s

running (01m28.4s), 008/788 VUs, 875 complete and 0 interrupted iterations
openloop_gradual   [  12% ] 008/788 VUs  01m28.4s/12m0s  010.00 iters/s

running (01m29.4s), 008/788 VUs, 885 complete and 0 interrupted iterations
openloop_gradual   [  12% ] 008/788 VUs  01m29.4s/12m0s  010.00 iters/s

running (01m30.4s), 006/788 VUs, 897 complete and 0 interrupted iterations
openloop_gradual   [  13% ] 006/788 VUs  01m30.4s/12m0s  010.00 iters/s

running (01m31.4s), 008/788 VUs, 905 complete and 0 interrupted iterations
openloop_gradual   [  13% ] 008/788 VUs  01m31.4s/12m0s  010.00 iters/s

running (01m32.4s), 007/788 VUs, 916 complete and 0 interrupted iterations
openloop_gradual   [  13% ] 007/788 VUs  01m32.4s/12m0s  010.00 iters/s

running (01m33.4s), 007/788 VUs, 926 complete and 0 interrupted iterations
openloop_gradual   [  13% ] 007/788 VUs  01m33.4s/12m0s  010.00 iters/s

running (01m34.4s), 008/788 VUs, 935 complete and 0 interrupted iterations
openloop_gradual   [  13% ] 008/788 VUs  01m34.4s/12m0s  010.00 iters/s

running (01m35.4s), 008/788 VUs, 945 complete and 0 interrupted iterations
openloop_gradual   [  13% ] 008/788 VUs  01m35.4s/12m0s  010.00 iters/s

running (01m36.4s), 007/788 VUs, 956 complete and 0 interrupted iterations
openloop_gradual   [  13% ] 007/788 VUs  01m36.4s/12m0s  010.00 iters/s

running (01m37.4s), 007/788 VUs, 966 complete and 0 interrupted iterations
openloop_gradual   [  14% ] 007/788 VUs  01m37.4s/12m0s  010.00 iters/s

running (01m38.4s), 008/788 VUs, 975 complete and 0 interrupted iterations
openloop_gradual   [  14% ] 008/788 VUs  01m38.4s/12m0s  010.00 iters/s

running (01m39.4s), 008/788 VUs, 985 complete and 0 interrupted iterations
openloop_gradual   [  14% ] 008/788 VUs  01m39.4s/12m0s  010.00 iters/s

running (01m40.4s), 008/788 VUs, 995 complete and 0 interrupted iterations
openloop_gradual   [  14% ] 008/788 VUs  01m40.4s/12m0s  010.00 iters/s

running (01m41.4s), 008/788 VUs, 1005 complete and 0 interrupted iterations
openloop_gradual   [  14% ] 008/788 VUs  01m41.4s/12m0s  010.00 iters/s

running (01m42.4s), 008/788 VUs, 1015 complete and 0 interrupted iterations
openloop_gradual   [  14% ] 008/788 VUs  01m42.4s/12m0s  010.00 iters/s

running (01m43.4s), 007/788 VUs, 1026 complete and 0 interrupted iterations
openloop_gradual   [  14% ] 007/788 VUs  01m43.4s/12m0s  010.00 iters/s

running (01m44.4s), 007/788 VUs, 1036 complete and 0 interrupted iterations
openloop_gradual   [  14% ] 007/788 VUs  01m44.4s/12m0s  010.00 iters/s

running (01m45.4s), 008/788 VUs, 1045 complete and 0 interrupted iterations
openloop_gradual   [  15% ] 008/788 VUs  01m45.4s/12m0s  010.00 iters/s

running (01m46.4s), 008/788 VUs, 1055 complete and 0 interrupted iterations
openloop_gradual   [  15% ] 008/788 VUs  01m46.4s/12m0s  010.00 iters/s

running (01m47.4s), 007/788 VUs, 1066 complete and 0 interrupted iterations
openloop_gradual   [  15% ] 007/788 VUs  01m47.4s/12m0s  010.00 iters/s

running (01m48.4s), 009/788 VUs, 1074 complete and 0 interrupted iterations
openloop_gradual   [  15% ] 009/788 VUs  01m48.4s/12m0s  010.00 iters/s

running (01m49.4s), 007/788 VUs, 1086 complete and 0 interrupted iterations
openloop_gradual   [  15% ] 007/788 VUs  01m49.4s/12m0s  010.00 iters/s

running (01m50.4s), 008/788 VUs, 1095 complete and 0 interrupted iterations
openloop_gradual   [  15% ] 008/788 VUs  01m50.4s/12m0s  010.00 iters/s

running (01m51.4s), 008/788 VUs, 1105 complete and 0 interrupted iterations
openloop_gradual   [  15% ] 008/788 VUs  01m51.4s/12m0s  010.00 iters/s

running (01m52.4s), 008/788 VUs, 1115 complete and 0 interrupted iterations
openloop_gradual   [  16% ] 008/788 VUs  01m52.4s/12m0s  010.00 iters/s

running (01m53.4s), 008/788 VUs, 1125 complete and 0 interrupted iterations
openloop_gradual   [  16% ] 008/788 VUs  01m53.4s/12m0s  010.00 iters/s

running (01m54.4s), 007/788 VUs, 1136 complete and 0 interrupted iterations
openloop_gradual   [  16% ] 007/788 VUs  01m54.4s/12m0s  010.00 iters/s

running (01m55.4s), 007/788 VUs, 1146 complete and 0 interrupted iterations
openloop_gradual   [  16% ] 007/788 VUs  01m55.4s/12m0s  010.00 iters/s

running (01m56.4s), 008/788 VUs, 1155 complete and 0 interrupted iterations
openloop_gradual   [  16% ] 008/788 VUs  01m56.4s/12m0s  010.00 iters/s

running (01m57.4s), 008/788 VUs, 1165 complete and 0 interrupted iterations
openloop_gradual   [  16% ] 008/788 VUs  01m57.4s/12m0s  010.00 iters/s

running (01m58.4s), 007/788 VUs, 1176 complete and 0 interrupted iterations
openloop_gradual   [  16% ] 007/788 VUs  01m58.4s/12m0s  010.00 iters/s

running (01m59.4s), 007/788 VUs, 1186 complete and 0 interrupted iterations
openloop_gradual   [  17% ] 007/788 VUs  01m59.4s/12m0s  010.00 iters/s

running (02m00.4s), 008/788 VUs, 1195 complete and 0 interrupted iterations
openloop_gradual   [  17% ] 008/788 VUs  02m00.4s/12m0s  010.11 iters/s

running (02m01.4s), 008/788 VUs, 1205 complete and 0 interrupted iterations
openloop_gradual   [  17% ] 008/788 VUs  02m01.4s/12m0s  010.42 iters/s

running (02m02.4s), 008/788 VUs, 1216 complete and 0 interrupted iterations
openloop_gradual   [  17% ] 008/788 VUs  02m02.4s/12m0s  010.75 iters/s

running (02m03.4s), 008/788 VUs, 1227 complete and 0 interrupted iterations
openloop_gradual   [  17% ] 008/788 VUs  02m03.4s/12m0s  011.07 iters/s

running (02m04.4s), 007/788 VUs, 1239 complete and 0 interrupted iterations
openloop_gradual   [  17% ] 007/788 VUs  02m04.4s/12m0s  011.38 iters/s

running (02m05.4s), 008/788 VUs, 1249 complete and 0 interrupted iterations
openloop_gradual   [  17% ] 008/788 VUs  02m05.4s/12m0s  011.68 iters/s

running (02m06.4s), 008/788 VUs, 1261 complete and 0 interrupted iterations
openloop_gradual   [  18% ] 008/788 VUs  02m06.4s/12m0s  012.00 iters/s

running (02m07.4s), 009/788 VUs, 1272 complete and 0 interrupted iterations
openloop_gradual   [  18% ] 009/788 VUs  02m07.4s/12m0s  012.31 iters/s

running (02m08.4s), 009/788 VUs, 1285 complete and 0 interrupted iterations
openloop_gradual   [  18% ] 009/788 VUs  02m08.4s/12m0s  012.64 iters/s

running (02m09.4s), 011/788 VUs, 1296 complete and 0 interrupted iterations
openloop_gradual   [  18% ] 011/788 VUs  02m09.4s/12m0s  012.96 iters/s

running (02m10.4s), 012/788 VUs, 1308 complete and 0 interrupted iterations
openloop_gradual   [  18% ] 012/788 VUs  02m10.4s/12m0s  013.28 iters/s

running (02m11.4s), 009/788 VUs, 1324 complete and 0 interrupted iterations
openloop_gradual   [  18% ] 009/788 VUs  02m11.4s/12m0s  013.58 iters/s

running (02m12.4s), 009/788 VUs, 1338 complete and 0 interrupted iterations
openloop_gradual   [  18% ] 009/788 VUs  02m12.4s/12m0s  013.91 iters/s

running (02m13.4s), 009/788 VUs, 1352 complete and 0 interrupted iterations
openloop_gradual   [  19% ] 009/788 VUs  02m13.4s/12m0s  014.22 iters/s

running (02m14.4s), 011/788 VUs, 1364 complete and 0 interrupted iterations
openloop_gradual   [  19% ] 011/788 VUs  02m14.4s/12m0s  014.53 iters/s

running (02m15.4s), 009/788 VUs, 1381 complete and 0 interrupted iterations
openloop_gradual   [  19% ] 009/788 VUs  02m15.4s/12m0s  014.85 iters/s

running (02m16.4s), 011/788 VUs, 1394 complete and 0 interrupted iterations
openloop_gradual   [  19% ] 011/788 VUs  02m16.4s/12m0s  015.17 iters/s

running (02m17.4s), 011/788 VUs, 1409 complete and 0 interrupted iterations
openloop_gradual   [  19% ] 011/788 VUs  02m17.4s/12m0s  015.48 iters/s

running (02m18.4s), 010/788 VUs, 1426 complete and 0 interrupted iterations
openloop_gradual   [  19% ] 010/788 VUs  02m18.4s/12m0s  015.80 iters/s

running (02m19.4s), 011/788 VUs, 1441 complete and 0 interrupted iterations
openloop_gradual   [  19% ] 011/788 VUs  02m19.4s/12m0s  016.12 iters/s

running (02m20.4s), 013/788 VUs, 1455 complete and 0 interrupted iterations
openloop_gradual   [  19% ] 013/788 VUs  02m20.4s/12m0s  016.43 iters/s

running (02m21.4s), 011/788 VUs, 1474 complete and 0 interrupted iterations
openloop_gradual   [  20% ] 011/788 VUs  02m21.4s/12m0s  016.76 iters/s

running (02m22.4s), 013/788 VUs, 1489 complete and 0 interrupted iterations
openloop_gradual   [  20% ] 013/788 VUs  02m22.4s/12m0s  017.08 iters/s

running (02m23.4s), 013/788 VUs, 1506 complete and 0 interrupted iterations
openloop_gradual   [  20% ] 013/788 VUs  02m23.4s/12m0s  017.39 iters/s

running (02m24.4s), 012/788 VUs, 1524 complete and 0 interrupted iterations
openloop_gradual   [  20% ] 012/788 VUs  02m24.4s/12m0s  017.70 iters/s

running (02m25.4s), 012/788 VUs, 1542 complete and 0 interrupted iterations
openloop_gradual   [  20% ] 012/788 VUs  02m25.4s/12m0s  018.01 iters/s

running (02m26.4s), 013/788 VUs, 1560 complete and 0 interrupted iterations
openloop_gradual   [  20% ] 013/788 VUs  02m26.4s/12m0s  018.35 iters/s

running (02m27.4s), 012/788 VUs, 1579 complete and 0 interrupted iterations
openloop_gradual   [  20% ] 012/788 VUs  02m27.4s/12m0s  018.65 iters/s

running (02m28.4s), 016/788 VUs, 1594 complete and 0 interrupted iterations
openloop_gradual   [  21% ] 016/788 VUs  02m28.4s/12m0s  018.97 iters/s

running (02m29.4s), 014/788 VUs, 1615 complete and 0 interrupted iterations
openloop_gradual   [  21% ] 014/788 VUs  02m29.4s/12m0s  019.29 iters/s

running (02m30.4s), 013/788 VUs, 1635 complete and 0 interrupted iterations
openloop_gradual   [  21% ] 013/788 VUs  02m30.4s/12m0s  019.60 iters/s

running (02m31.4s), 014/788 VUs, 1654 complete and 0 interrupted iterations
openloop_gradual   [  21% ] 014/788 VUs  02m31.4s/12m0s  019.92 iters/s

running (02m32.4s), 014/788 VUs, 1674 complete and 0 interrupted iterations
openloop_gradual   [  21% ] 014/788 VUs  02m32.4s/12m0s  020.23 iters/s

running (02m33.4s), 015/788 VUs, 1694 complete and 0 interrupted iterations
openloop_gradual   [  21% ] 015/788 VUs  02m33.4s/12m0s  020.56 iters/s

running (02m34.4s), 016/788 VUs, 1713 complete and 0 interrupted iterations
openloop_gradual   [  21% ] 016/788 VUs  02m34.4s/12m0s  020.87 iters/s

running (02m35.4s), 014/788 VUs, 1736 complete and 0 interrupted iterations
openloop_gradual   [  22% ] 014/788 VUs  02m35.4s/12m0s  021.18 iters/s

running (02m36.4s), 012/788 VUs, 1760 complete and 0 interrupted iterations
openloop_gradual   [  22% ] 012/788 VUs  02m36.4s/12m0s  021.51 iters/s

running (02m37.4s), 017/788 VUs, 1776 complete and 0 interrupted iterations
openloop_gradual   [  22% ] 017/788 VUs  02m37.4s/12m0s  021.81 iters/s

running (02m38.4s), 012/788 VUs, 1803 complete and 0 interrupted iterations
openloop_gradual   [  22% ] 012/788 VUs  02m38.4s/12m0s  022.13 iters/s

running (02m39.4s), 017/788 VUs, 1821 complete and 0 interrupted iterations
openloop_gradual   [  22% ] 017/788 VUs  02m39.4s/12m0s  022.46 iters/s

running (02m40.4s), 015/788 VUs, 1845 complete and 0 interrupted iterations
openloop_gradual   [  22% ] 015/788 VUs  02m40.4s/12m0s  022.77 iters/s

running (02m41.4s), 018/788 VUs, 1865 complete and 0 interrupted iterations
openloop_gradual   [  22% ] 018/788 VUs  02m41.4s/12m0s  023.08 iters/s

running (02m42.4s), 017/788 VUs, 1889 complete and 0 interrupted iterations
openloop_gradual   [  23% ] 017/788 VUs  02m42.4s/12m0s  023.40 iters/s

running (02m43.4s), 019/788 VUs, 1911 complete and 0 interrupted iterations
openloop_gradual   [  23% ] 019/788 VUs  02m43.4s/12m0s  023.72 iters/s

running (02m44.4s), 017/788 VUs, 1937 complete and 0 interrupted iterations
openloop_gradual   [  23% ] 017/788 VUs  02m44.4s/12m0s  024.04 iters/s

running (02m45.4s), 019/788 VUs, 1959 complete and 0 interrupted iterations
openloop_gradual   [  23% ] 019/788 VUs  02m45.4s/12m0s  024.35 iters/s

running (02m46.4s), 017/788 VUs, 1986 complete and 0 interrupted iterations
openloop_gradual   [  23% ] 017/788 VUs  02m46.4s/12m0s  024.68 iters/s

running (02m47.4s), 017/788 VUs, 2010 complete and 0 interrupted iterations
openloop_gradual   [  23% ] 017/788 VUs  02m47.4s/12m0s  024.98 iters/s

running (02m48.4s), 017/788 VUs, 2036 complete and 0 interrupted iterations
openloop_gradual   [  23% ] 017/788 VUs  02m48.4s/12m0s  025.31 iters/s

running (02m49.4s), 018/788 VUs, 2060 complete and 0 interrupted iterations
openloop_gradual   [  24% ] 018/788 VUs  02m49.4s/12m0s  025.62 iters/s

running (02m50.4s), 019/788 VUs, 2085 complete and 0 interrupted iterations
openloop_gradual   [  24% ] 019/788 VUs  02m50.4s/12m0s  025.94 iters/s

running (02m51.4s), 019/788 VUs, 2111 complete and 0 interrupted iterations
openloop_gradual   [  24% ] 019/788 VUs  02m51.4s/12m0s  026.25 iters/s

running (02m52.4s), 019/788 VUs, 2137 complete and 0 interrupted iterations
openloop_gradual   [  24% ] 019/788 VUs  02m52.4s/12m0s  026.57 iters/s

running (02m53.4s), 019/788 VUs, 2164 complete and 0 interrupted iterations
openloop_gradual   [  24% ] 019/788 VUs  02m53.4s/12m0s  026.89 iters/s

running (02m54.4s), 019/788 VUs, 2191 complete and 0 interrupted iterations
openloop_gradual   [  24% ] 019/788 VUs  02m54.4s/12m0s  027.20 iters/s

running (02m55.4s), 019/788 VUs, 2218 complete and 0 interrupted iterations
openloop_gradual   [  24% ] 019/788 VUs  02m55.4s/12m0s  027.52 iters/s

running (02m56.4s), 021/788 VUs, 2244 complete and 0 interrupted iterations
openloop_gradual   [  24% ] 021/788 VUs  02m56.4s/12m0s  027.84 iters/s

running (02m57.4s), 020/788 VUs, 2273 complete and 0 interrupted iterations
openloop_gradual   [  25% ] 020/788 VUs  02m57.4s/12m0s  028.15 iters/s

running (02m58.4s), 021/788 VUs, 2300 complete and 0 interrupted iterations
openloop_gradual   [  25% ] 021/788 VUs  02m58.4s/12m0s  028.47 iters/s

running (02m59.4s), 022/788 VUs, 2328 complete and 0 interrupted iterations
openloop_gradual   [  25% ] 022/788 VUs  02m59.4s/12m0s  028.79 iters/s

running (03m00.4s), 020/788 VUs, 2359 complete and 0 interrupted iterations
openloop_gradual   [  25% ] 020/788 VUs  03m00.4s/12m0s  029.10 iters/s

running (03m01.4s), 022/788 VUs, 2386 complete and 0 interrupted iterations
openloop_gradual   [  25% ] 022/788 VUs  03m01.4s/12m0s  029.42 iters/s

running (03m02.4s), 020/788 VUs, 2418 complete and 0 interrupted iterations
openloop_gradual   [  25% ] 020/788 VUs  03m02.4s/12m0s  029.74 iters/s

running (03m03.4s), 024/788 VUs, 2444 complete and 0 interrupted iterations
openloop_gradual   [  25% ] 024/788 VUs  03m03.4s/12m0s  030.06 iters/s

running (03m04.4s), 020/788 VUs, 2478 complete and 0 interrupted iterations
openloop_gradual   [  26% ] 020/788 VUs  03m04.4s/12m0s  030.37 iters/s

running (03m05.4s), 021/788 VUs, 2507 complete and 0 interrupted iterations
openloop_gradual   [  26% ] 021/788 VUs  03m05.4s/12m0s  030.68 iters/s

running (03m06.4s), 021/788 VUs, 2538 complete and 0 interrupted iterations
openloop_gradual   [  26% ] 021/788 VUs  03m06.4s/12m0s  031.00 iters/s

running (03m07.4s), 020/788 VUs, 2570 complete and 0 interrupted iterations
openloop_gradual   [  26% ] 020/788 VUs  03m07.4s/12m0s  031.32 iters/s

running (03m08.4s), 021/788 VUs, 2601 complete and 0 interrupted iterations
openloop_gradual   [  26% ] 021/788 VUs  03m08.4s/12m0s  031.64 iters/s

running (03m09.4s), 024/788 VUs, 2630 complete and 0 interrupted iterations
openloop_gradual   [  26% ] 024/788 VUs  03m09.4s/12m0s  031.96 iters/s

running (03m10.4s), 024/788 VUs, 2662 complete and 0 interrupted iterations
openloop_gradual   [  26% ] 024/788 VUs  03m10.4s/12m0s  032.27 iters/s

running (03m11.4s), 022/788 VUs, 2696 complete and 0 interrupted iterations
openloop_gradual   [  27% ] 022/788 VUs  03m11.4s/12m0s  032.58 iters/s

running (03m12.4s), 025/788 VUs, 2726 complete and 0 interrupted iterations
openloop_gradual   [  27% ] 025/788 VUs  03m12.4s/12m0s  032.90 iters/s

running (03m13.4s), 025/788 VUs, 2759 complete and 0 interrupted iterations
openloop_gradual   [  27% ] 025/788 VUs  03m13.4s/12m0s  033.22 iters/s

running (03m14.4s), 025/788 VUs, 2792 complete and 0 interrupted iterations
openloop_gradual   [  27% ] 025/788 VUs  03m14.4s/12m0s  033.53 iters/s

running (03m15.4s), 025/788 VUs, 2826 complete and 0 interrupted iterations
openloop_gradual   [  27% ] 025/788 VUs  03m15.4s/12m0s  033.85 iters/s

running (03m16.4s), 025/788 VUs, 2860 complete and 0 interrupted iterations
openloop_gradual   [  27% ] 025/788 VUs  03m16.4s/12m0s  034.17 iters/s

running (03m17.4s), 024/788 VUs, 2895 complete and 0 interrupted iterations
openloop_gradual   [  27% ] 024/788 VUs  03m17.4s/12m0s  034.48 iters/s

running (03m18.4s), 025/788 VUs, 2929 complete and 0 interrupted iterations
openloop_gradual   [  28% ] 025/788 VUs  03m18.4s/12m0s  034.80 iters/s

running (03m19.4s), 025/788 VUs, 2964 complete and 0 interrupted iterations
openloop_gradual   [  28% ] 025/788 VUs  03m19.4s/12m0s  035.12 iters/s

running (03m20.4s), 025/788 VUs, 2999 complete and 0 interrupted iterations
openloop_gradual   [  28% ] 025/788 VUs  03m20.4s/12m0s  035.43 iters/s

running (03m21.4s), 027/788 VUs, 3033 complete and 0 interrupted iterations
openloop_gradual   [  28% ] 027/788 VUs  03m21.4s/12m0s  035.75 iters/s

running (03m22.4s), 024/788 VUs, 3072 complete and 0 interrupted iterations
openloop_gradual   [  28% ] 024/788 VUs  03m22.4s/12m0s  036.07 iters/s

running (03m23.4s), 027/788 VUs, 3105 complete and 0 interrupted iterations
openloop_gradual   [  28% ] 027/788 VUs  03m23.4s/12m0s  036.39 iters/s

running (03m24.4s), 029/788 VUs, 3140 complete and 0 interrupted iterations
openloop_gradual   [  28% ] 029/788 VUs  03m24.4s/12m0s  036.71 iters/s

running (03m25.4s), 026/788 VUs, 3180 complete and 0 interrupted iterations
openloop_gradual   [  29% ] 026/788 VUs  03m25.4s/12m0s  037.02 iters/s

running (03m26.4s), 025/788 VUs, 3218 complete and 0 interrupted iterations
openloop_gradual   [  29% ] 025/788 VUs  03m26.4s/12m0s  037.34 iters/s

running (03m27.4s), 026/788 VUs, 3254 complete and 0 interrupted iterations
openloop_gradual   [  29% ] 026/788 VUs  03m27.4s/12m0s  037.65 iters/s

running (03m28.4s), 025/788 VUs, 3293 complete and 0 interrupted iterations
openloop_gradual   [  29% ] 025/788 VUs  03m28.4s/12m0s  037.97 iters/s

running (03m29.4s), 026/788 VUs, 3330 complete and 0 interrupted iterations
openloop_gradual   [  29% ] 026/788 VUs  03m29.4s/12m0s  038.29 iters/s

running (03m30.4s), 025/788 VUs, 3370 complete and 0 interrupted iterations
openloop_gradual   [  29% ] 025/788 VUs  03m30.4s/12m0s  038.61 iters/s

running (03m31.4s), 026/788 VUs, 3407 complete and 0 interrupted iterations
openloop_gradual   [  29% ] 026/788 VUs  03m31.4s/12m0s  038.92 iters/s

running (03m32.4s), 026/788 VUs, 3446 complete and 0 interrupted iterations
openloop_gradual   [  29% ] 026/788 VUs  03m32.4s/12m0s  039.23 iters/s

running (03m33.4s), 027/788 VUs, 3485 complete and 0 interrupted iterations
openloop_gradual   [  30% ] 027/788 VUs  03m33.4s/12m0s  039.55 iters/s

running (03m34.4s), 028/788 VUs, 3524 complete and 0 interrupted iterations
openloop_gradual   [  30% ] 028/788 VUs  03m34.4s/12m0s  039.87 iters/s

running (03m35.4s), 029/788 VUs, 3563 complete and 0 interrupted iterations
openloop_gradual   [  30% ] 029/788 VUs  03m35.4s/12m0s  040.19 iters/s

running (03m36.4s), 032/788 VUs, 3600 complete and 0 interrupted iterations
openloop_gradual   [  30% ] 032/788 VUs  03m36.4s/12m0s  040.50 iters/s

running (03m37.4s), 026/788 VUs, 3647 complete and 0 interrupted iterations
openloop_gradual   [  30% ] 026/788 VUs  03m37.4s/12m0s  040.82 iters/s

running (03m38.4s), 032/788 VUs, 3682 complete and 0 interrupted iterations
openloop_gradual   [  30% ] 032/788 VUs  03m38.4s/12m0s  041.14 iters/s

running (03m39.4s), 028/788 VUs, 3727 complete and 0 interrupted iterations
openloop_gradual   [  30% ] 028/788 VUs  03m39.4s/12m0s  041.45 iters/s

running (03m40.4s), 032/788 VUs, 3764 complete and 0 interrupted iterations
openloop_gradual   [  31% ] 032/788 VUs  03m40.4s/12m0s  041.77 iters/s

running (03m41.4s), 028/788 VUs, 3810 complete and 0 interrupted iterations
openloop_gradual   [  31% ] 028/788 VUs  03m41.4s/12m0s  042.08 iters/s

running (03m42.4s), 029/788 VUs, 3852 complete and 0 interrupted iterations
openloop_gradual   [  31% ] 029/788 VUs  03m42.4s/12m0s  042.41 iters/s

running (03m43.4s), 029/788 VUs, 3894 complete and 0 interrupted iterations
openloop_gradual   [  31% ] 029/788 VUs  03m43.4s/12m0s  042.72 iters/s

running (03m44.4s), 034/788 VUs, 3932 complete and 0 interrupted iterations
openloop_gradual   [  31% ] 034/788 VUs  03m44.4s/12m0s  043.04 iters/s

running (03m45.4s), 028/788 VUs, 3981 complete and 0 interrupted iterations
openloop_gradual   [  31% ] 028/788 VUs  03m45.4s/12m0s  043.35 iters/s

running (03m46.4s), 032/788 VUs, 4021 complete and 0 interrupted iterations
openloop_gradual   [  31% ] 032/788 VUs  03m46.4s/12m0s  043.67 iters/s

running (03m47.4s), 034/788 VUs, 4063 complete and 0 interrupted iterations
openloop_gradual   [  32% ] 034/788 VUs  03m47.4s/12m0s  043.99 iters/s

running (03m48.4s), 028/788 VUs, 4113 complete and 0 interrupted iterations
openloop_gradual   [  32% ] 028/788 VUs  03m48.4s/12m0s  044.31 iters/s

running (03m49.4s), 030/788 VUs, 4155 complete and 0 interrupted iterations
openloop_gradual   [  32% ] 030/788 VUs  03m49.4s/12m0s  044.62 iters/s

running (03m50.4s), 035/788 VUs, 4195 complete and 0 interrupted iterations
openloop_gradual   [  32% ] 035/788 VUs  03m50.4s/12m0s  044.94 iters/s

running (03m51.4s), 032/788 VUs, 4243 complete and 0 interrupted iterations
openloop_gradual   [  32% ] 032/788 VUs  03m51.4s/12m0s  045.25 iters/s

running (03m52.4s), 032/788 VUs, 4288 complete and 0 interrupted iterations
openloop_gradual   [  32% ] 032/788 VUs  03m52.4s/12m0s  045.57 iters/s

running (03m53.4s), 030/788 VUs, 4336 complete and 0 interrupted iterations
openloop_gradual   [  32% ] 030/788 VUs  03m53.4s/12m0s  045.89 iters/s

running (03m54.4s), 031/788 VUs, 4381 complete and 0 interrupted iterations
openloop_gradual   [  33% ] 031/788 VUs  03m54.4s/12m0s  046.20 iters/s

running (03m55.4s), 030/788 VUs, 4429 complete and 0 interrupted iterations
openloop_gradual   [  33% ] 030/788 VUs  03m55.4s/12m0s  046.52 iters/s

running (03m56.4s), 035/788 VUs, 4470 complete and 0 interrupted iterations
openloop_gradual   [  33% ] 035/788 VUs  03m56.4s/12m0s  046.83 iters/s

running (03m57.4s), 030/788 VUs, 4522 complete and 0 interrupted iterations
openloop_gradual   [  33% ] 030/788 VUs  03m57.4s/12m0s  047.15 iters/s

running (03m58.4s), 032/788 VUs, 4568 complete and 0 interrupted iterations
openloop_gradual   [  33% ] 032/788 VUs  03m58.4s/12m0s  047.47 iters/s

running (03m59.4s), 031/788 VUs, 4616 complete and 0 interrupted iterations
openloop_gradual   [  33% ] 031/788 VUs  03m59.4s/12m0s  047.79 iters/s

running (04m00.4s), 033/788 VUs, 4662 complete and 0 interrupted iterations
openloop_gradual   [  33% ] 033/788 VUs  04m00.4s/12m0s  048.10 iters/s

running (04m01.4s), 031/788 VUs, 4712 complete and 0 interrupted iterations
openloop_gradual   [  34% ] 031/788 VUs  04m01.4s/12m0s  048.42 iters/s

running (04m02.4s), 035/788 VUs, 4757 complete and 0 interrupted iterations
openloop_gradual   [  34% ] 035/788 VUs  04m02.4s/12m0s  048.74 iters/s

running (04m03.4s), 037/788 VUs, 4804 complete and 0 interrupted iterations
openloop_gradual   [  34% ] 037/788 VUs  04m03.4s/12m0s  049.05 iters/s

running (04m04.4s), 037/788 VUs, 4853 complete and 0 interrupted iterations
openloop_gradual   [  34% ] 037/788 VUs  04m04.4s/12m0s  049.37 iters/s

running (04m05.4s), 037/788 VUs, 4903 complete and 0 interrupted iterations
openloop_gradual   [  34% ] 037/788 VUs  04m05.4s/12m0s  049.69 iters/s

running (04m06.4s), 036/788 VUs, 4953 complete and 0 interrupted iterations
openloop_gradual   [  34% ] 036/788 VUs  04m06.4s/12m0s  050.00 iters/s

running (04m07.4s), 035/788 VUs, 5005 complete and 0 interrupted iterations
openloop_gradual   [  34% ] 035/788 VUs  04m07.4s/12m0s  050.32 iters/s

running (04m08.4s), 034/788 VUs, 5056 complete and 0 interrupted iterations
openloop_gradual   [  34% ] 034/788 VUs  04m08.4s/12m0s  050.64 iters/s

running (04m09.4s), 038/788 VUs, 5103 complete and 0 interrupted iterations
openloop_gradual   [  35% ] 038/788 VUs  04m09.4s/12m0s  050.95 iters/s

running (04m10.4s), 038/788 VUs, 5154 complete and 0 interrupted iterations
openloop_gradual   [  35% ] 038/788 VUs  04m10.4s/12m0s  051.27 iters/s

running (04m11.4s), 037/788 VUs, 5207 complete and 0 interrupted iterations
openloop_gradual   [  35% ] 037/788 VUs  04m11.4s/12m0s  051.59 iters/s

running (04m12.4s), 035/788 VUs, 5260 complete and 0 interrupted iterations
openloop_gradual   [  35% ] 035/788 VUs  04m12.4s/12m0s  051.90 iters/s

running (04m13.4s), 037/788 VUs, 5310 complete and 0 interrupted iterations
openloop_gradual   [  35% ] 037/788 VUs  04m13.4s/12m0s  052.22 iters/s

running (04m14.4s), 036/788 VUs, 5364 complete and 0 interrupted iterations
openloop_gradual   [  35% ] 036/788 VUs  04m14.4s/12m0s  052.54 iters/s

running (04m15.4s), 041/788 VUs, 5411 complete and 0 interrupted iterations
openloop_gradual   [  35% ] 041/788 VUs  04m15.4s/12m0s  052.85 iters/s

running (04m16.4s), 034/788 VUs, 5471 complete and 0 interrupted iterations
openloop_gradual   [  36% ] 034/788 VUs  04m16.4s/12m0s  053.17 iters/s

running (04m17.4s), 040/788 VUs, 5519 complete and 0 interrupted iterations
openloop_gradual   [  36% ] 040/788 VUs  04m17.4s/12m0s  053.49 iters/s

running (04m18.4s), 035/788 VUs, 5577 complete and 0 interrupted iterations
openloop_gradual   [  36% ] 035/788 VUs  04m18.4s/12m0s  053.80 iters/s

running (04m19.4s), 037/788 VUs, 5629 complete and 0 interrupted iterations
openloop_gradual   [  36% ] 037/788 VUs  04m19.4s/12m0s  054.12 iters/s

running (04m20.4s), 038/788 VUs, 5683 complete and 0 interrupted iterations
openloop_gradual   [  36% ] 038/788 VUs  04m20.4s/12m0s  054.44 iters/s

running (04m21.4s), 038/788 VUs, 5737 complete and 0 interrupted iterations
openloop_gradual   [  36% ] 038/788 VUs  04m21.4s/12m0s  054.75 iters/s

running (04m22.4s), 035/788 VUs, 5795 complete and 0 interrupted iterations
openloop_gradual   [  36% ] 035/788 VUs  04m22.4s/12m0s  055.07 iters/s

running (04m23.4s), 039/788 VUs, 5846 complete and 0 interrupted iterations
openloop_gradual   [  37% ] 039/788 VUs  04m23.4s/12m0s  055.38 iters/s

running (04m24.4s), 038/788 VUs, 5903 complete and 0 interrupted iterations
openloop_gradual   [  37% ] 038/788 VUs  04m24.4s/12m0s  055.70 iters/s

running (04m25.4s), 037/788 VUs, 5960 complete and 0 interrupted iterations
openloop_gradual   [  37% ] 037/788 VUs  04m25.4s/12m0s  056.02 iters/s

running (04m26.4s), 041/788 VUs, 6012 complete and 0 interrupted iterations
openloop_gradual   [  37% ] 041/788 VUs  04m26.4s/12m0s  056.34 iters/s

running (04m27.4s), 039/788 VUs, 6070 complete and 0 interrupted iterations
openloop_gradual   [  37% ] 039/788 VUs  04m27.4s/12m0s  056.65 iters/s

running (04m28.4s), 042/788 VUs, 6124 complete and 0 interrupted iterations
openloop_gradual   [  37% ] 042/788 VUs  04m28.4s/12m0s  056.97 iters/s

running (04m29.4s), 040/788 VUs, 6183 complete and 0 interrupted iterations
openloop_gradual   [  37% ] 040/788 VUs  04m29.4s/12m0s  057.28 iters/s

running (04m30.4s), 042/788 VUs, 6239 complete and 0 interrupted iterations
openloop_gradual   [  38% ] 042/788 VUs  04m30.4s/12m0s  057.60 iters/s

running (04m31.4s), 044/788 VUs, 6295 complete and 0 interrupted iterations
openloop_gradual   [  38% ] 044/788 VUs  04m31.4s/12m0s  057.92 iters/s

running (04m32.4s), 039/788 VUs, 6358 complete and 0 interrupted iterations
openloop_gradual   [  38% ] 039/788 VUs  04m32.4s/12m0s  058.24 iters/s

running (04m33.4s), 042/788 VUs, 6413 complete and 0 interrupted iterations
openloop_gradual   [  38% ] 042/788 VUs  04m33.4s/12m0s  058.55 iters/s

running (04m34.4s), 042/788 VUs, 6472 complete and 0 interrupted iterations
openloop_gradual   [  38% ] 042/788 VUs  04m34.4s/12m0s  058.87 iters/s

running (04m35.4s), 039/788 VUs, 6534 complete and 0 interrupted iterations
openloop_gradual   [  38% ] 039/788 VUs  04m35.4s/12m0s  059.19 iters/s

running (04m36.4s), 042/788 VUs, 6590 complete and 0 interrupted iterations
openloop_gradual   [  38% ] 042/788 VUs  04m36.4s/12m0s  059.50 iters/s

running (04m37.4s), 038/788 VUs, 6654 complete and 0 interrupted iterations
openloop_gradual   [  39% ] 038/788 VUs  04m37.4s/12m0s  059.82 iters/s

running (04m38.4s), 043/788 VUs, 6709 complete and 0 interrupted iterations
openloop_gradual   [  39% ] 043/788 VUs  04m38.4s/12m0s  060.14 iters/s

running (04m39.4s), 046/788 VUs, 6766 complete and 0 interrupted iterations
openloop_gradual   [  39% ] 046/788 VUs  04m39.4s/12m0s  060.45 iters/s

running (04m40.4s), 041/788 VUs, 6832 complete and 0 interrupted iterations
openloop_gradual   [  39% ] 041/788 VUs  04m40.4s/12m0s  060.77 iters/s

running (04m41.4s), 040/788 VUs, 6894 complete and 0 interrupted iterations
openloop_gradual   [  39% ] 040/788 VUs  04m41.4s/12m0s  061.09 iters/s

running (04m42.4s), 045/788 VUs, 6950 complete and 0 interrupted iterations
openloop_gradual   [  39% ] 045/788 VUs  04m42.4s/12m0s  061.40 iters/s

running (04m43.4s), 043/788 VUs, 7013 complete and 0 interrupted iterations
openloop_gradual   [  39% ] 043/788 VUs  04m43.4s/12m0s  061.72 iters/s

running (04m44.4s), 043/788 VUs, 7075 complete and 0 interrupted iterations
openloop_gradual   [  39% ] 043/788 VUs  04m44.4s/12m0s  062.04 iters/s

running (04m45.4s), 042/788 VUs, 7138 complete and 0 interrupted iterations
openloop_gradual   [  40% ] 042/788 VUs  04m45.4s/12m0s  062.35 iters/s

running (04m46.4s), 046/788 VUs, 7197 complete and 0 interrupted iterations
openloop_gradual   [  40% ] 046/788 VUs  04m46.4s/12m0s  062.67 iters/s

running (04m47.4s), 049/788 VUs, 7257 complete and 0 interrupted iterations
openloop_gradual   [  40% ] 049/788 VUs  04m47.4s/12m0s  062.99 iters/s

running (04m48.4s), 047/788 VUs, 7322 complete and 0 interrupted iterations
openloop_gradual   [  40% ] 047/788 VUs  04m48.4s/12m0s  063.30 iters/s

running (04m49.4s), 042/788 VUs, 7390 complete and 0 interrupted iterations
openloop_gradual   [  40% ] 042/788 VUs  04m49.4s/12m0s  063.62 iters/s

running (04m50.4s), 045/788 VUs, 7451 complete and 0 interrupted iterations
openloop_gradual   [  40% ] 045/788 VUs  04m50.4s/12m0s  063.94 iters/s

running (04m51.4s), 047/788 VUs, 7513 complete and 0 interrupted iterations
openloop_gradual   [  40% ] 047/788 VUs  04m51.4s/12m0s  064.25 iters/s

running (04m52.4s), 045/788 VUs, 7580 complete and 0 interrupted iterations
openloop_gradual   [  41% ] 045/788 VUs  04m52.4s/12m0s  064.57 iters/s

running (04m53.4s), 045/788 VUs, 7644 complete and 0 interrupted iterations
openloop_gradual   [  41% ] 045/788 VUs  04m53.4s/12m0s  064.88 iters/s

running (04m54.4s), 043/788 VUs, 7711 complete and 0 interrupted iterations
openloop_gradual   [  41% ] 043/788 VUs  04m54.4s/12m0s  065.21 iters/s

running (04m55.4s), 047/788 VUs, 7773 complete and 0 interrupted iterations
openloop_gradual   [  41% ] 047/788 VUs  04m55.4s/12m0s  065.52 iters/s

running (04m56.4s), 047/788 VUs, 7839 complete and 0 interrupted iterations
openloop_gradual   [  41% ] 047/788 VUs  04m56.4s/12m0s  065.84 iters/s

running (04m57.4s), 049/788 VUs, 7903 complete and 0 interrupted iterations
openloop_gradual   [  41% ] 049/788 VUs  04m57.4s/12m0s  066.16 iters/s

running (04m58.4s), 044/788 VUs, 7974 complete and 0 interrupted iterations
openloop_gradual   [  41% ] 044/788 VUs  04m58.4s/12m0s  066.47 iters/s

running (04m59.4s), 050/788 VUs, 8034 complete and 0 interrupted iterations
openloop_gradual   [  42% ] 050/788 VUs  04m59.4s/12m0s  066.78 iters/s

running (05m00.4s), 047/788 VUs, 8104 complete and 0 interrupted iterations
openloop_gradual   [  42% ] 047/788 VUs  05m00.4s/12m0s  067.10 iters/s

running (05m01.4s), 050/788 VUs, 8169 complete and 0 interrupted iterations
openloop_gradual   [  42% ] 050/788 VUs  05m01.4s/12m0s  067.42 iters/s

running (05m02.4s), 051/788 VUs, 8235 complete and 0 interrupted iterations
openloop_gradual   [  42% ] 051/788 VUs  05m02.4s/12m0s  067.74 iters/s

running (05m03.4s), 047/788 VUs, 8307 complete and 0 interrupted iterations
openloop_gradual   [  42% ] 047/788 VUs  05m03.4s/12m0s  068.05 iters/s

running (05m04.4s), 048/788 VUs, 8374 complete and 0 interrupted iterations
openloop_gradual   [  42% ] 048/788 VUs  05m04.4s/12m0s  068.37 iters/s

running (05m05.4s), 049/788 VUs, 8442 complete and 0 interrupted iterations
openloop_gradual   [  42% ] 049/788 VUs  05m05.4s/12m0s  068.69 iters/s

running (05m06.4s), 049/788 VUs, 8511 complete and 0 interrupted iterations
openloop_gradual   [  43% ] 049/788 VUs  05m06.4s/12m0s  069.00 iters/s

running (05m07.4s), 049/788 VUs, 8580 complete and 0 interrupted iterations
openloop_gradual   [  43% ] 049/788 VUs  05m07.4s/12m0s  069.32 iters/s

running (05m08.4s), 050/788 VUs, 8648 complete and 0 interrupted iterations
openloop_gradual   [  43% ] 050/788 VUs  05m08.4s/12m0s  069.64 iters/s

running (05m09.4s), 050/788 VUs, 8718 complete and 0 interrupted iterations
openloop_gradual   [  43% ] 050/788 VUs  05m09.4s/12m0s  069.95 iters/s

running (05m10.4s), 051/788 VUs, 8787 complete and 0 interrupted iterations
openloop_gradual   [  43% ] 051/788 VUs  05m10.4s/12m0s  070.27 iters/s

running (05m11.4s), 046/788 VUs, 8863 complete and 0 interrupted iterations
openloop_gradual   [  43% ] 046/788 VUs  05m11.4s/12m0s  070.59 iters/s

running (05m12.4s), 048/788 VUs, 8931 complete and 0 interrupted iterations
openloop_gradual   [  43% ] 048/788 VUs  05m12.4s/12m0s  070.90 iters/s

running (05m13.4s), 051/788 VUs, 8999 complete and 0 interrupted iterations
openloop_gradual   [  44% ] 051/788 VUs  05m13.4s/12m0s  071.22 iters/s

running (05m14.4s), 052/788 VUs, 9070 complete and 0 interrupted iterations
openloop_gradual   [  44% ] 052/788 VUs  05m14.4s/12m0s  071.54 iters/s

running (05m15.4s), 048/788 VUs, 9146 complete and 0 interrupted iterations
openloop_gradual   [  44% ] 048/788 VUs  05m15.4s/12m0s  071.86 iters/s

running (05m16.4s), 051/788 VUs, 9215 complete and 0 interrupted iterations
openloop_gradual   [  44% ] 051/788 VUs  05m16.4s/12m0s  072.17 iters/s

running (05m17.4s), 053/788 VUs, 9285 complete and 0 interrupted iterations
openloop_gradual   [  44% ] 053/788 VUs  05m17.4s/12m0s  072.49 iters/s

running (05m18.4s), 056/788 VUs, 9355 complete and 0 interrupted iterations
openloop_gradual   [  44% ] 056/788 VUs  05m18.4s/12m0s  072.81 iters/s

running (05m19.4s), 053/788 VUs, 9430 complete and 0 interrupted iterations
openloop_gradual   [  44% ] 053/788 VUs  05m19.4s/12m0s  073.12 iters/s

running (05m20.4s), 053/788 VUs, 9504 complete and 0 interrupted iterations
openloop_gradual   [  44% ] 053/788 VUs  05m20.4s/12m0s  073.44 iters/s

running (05m21.4s), 053/788 VUs, 9577 complete and 0 interrupted iterations
openloop_gradual   [  45% ] 053/788 VUs  05m21.4s/12m0s  073.75 iters/s

running (05m22.4s), 053/788 VUs, 9651 complete and 0 interrupted iterations
openloop_gradual   [  45% ] 053/788 VUs  05m22.4s/12m0s  074.07 iters/s

running (05m23.4s), 051/788 VUs, 9728 complete and 0 interrupted iterations
openloop_gradual   [  45% ] 051/788 VUs  05m23.4s/12m0s  074.39 iters/s

running (05m24.4s), 050/788 VUs, 9803 complete and 0 interrupted iterations
openloop_gradual   [  45% ] 050/788 VUs  05m24.4s/12m0s  074.70 iters/s

running (05m25.4s), 054/788 VUs, 9874 complete and 0 interrupted iterations
openloop_gradual   [  45% ] 054/788 VUs  05m25.4s/12m0s  075.02 iters/s

running (05m26.4s), 055/788 VUs, 9948 complete and 0 interrupted iterations
openloop_gradual   [  45% ] 055/788 VUs  05m26.4s/12m0s  075.34 iters/s

running (05m27.4s), 049/788 VUs, 10030 complete and 0 interrupted iterations
openloop_gradual   [  45% ] 049/788 VUs  05m27.4s/12m0s  075.66 iters/s

running (05m28.4s), 049/788 VUs, 10105 complete and 0 interrupted iterations
openloop_gradual   [  46% ] 049/788 VUs  05m28.4s/12m0s  075.97 iters/s

running (05m29.4s), 053/788 VUs, 10178 complete and 0 interrupted iterations
openloop_gradual   [  46% ] 053/788 VUs  05m29.4s/12m0s  076.29 iters/s

running (05m30.4s), 055/788 VUs, 10252 complete and 0 interrupted iterations
openloop_gradual   [  46% ] 055/788 VUs  05m30.4s/12m0s  076.60 iters/s

running (05m31.4s), 056/788 VUs, 10328 complete and 0 interrupted iterations
openloop_gradual   [  46% ] 056/788 VUs  05m31.4s/12m0s  076.92 iters/s

running (05m32.4s), 057/788 VUs, 10404 complete and 0 interrupted iterations
openloop_gradual   [  46% ] 057/788 VUs  05m32.4s/12m0s  077.24 iters/s

running (05m33.4s), 054/788 VUs, 10484 complete and 0 interrupted iterations
openloop_gradual   [  46% ] 054/788 VUs  05m33.4s/12m0s  077.55 iters/s

running (05m34.4s), 056/788 VUs, 10560 complete and 0 interrupted iterations
openloop_gradual   [  46% ] 056/788 VUs  05m34.4s/12m0s  077.87 iters/s

running (05m35.4s), 056/788 VUs, 10638 complete and 0 interrupted iterations
openloop_gradual   [  47% ] 056/788 VUs  05m35.4s/12m0s  078.19 iters/s

running (05m36.4s), 057/788 VUs, 10715 complete and 0 interrupted iterations
openloop_gradual   [  47% ] 057/788 VUs  05m36.4s/12m0s  078.50 iters/s

running (05m37.4s), 055/788 VUs, 10796 complete and 0 interrupted iterations
openloop_gradual   [  47% ] 055/788 VUs  05m37.4s/12m0s  078.82 iters/s

running (05m38.4s), 055/788 VUs, 10875 complete and 0 interrupted iterations
openloop_gradual   [  47% ] 055/788 VUs  05m38.4s/12m0s  079.14 iters/s

running (05m39.4s), 053/788 VUs, 10956 complete and 0 interrupted iterations
openloop_gradual   [  47% ] 053/788 VUs  05m39.4s/12m0s  079.45 iters/s

running (05m40.4s), 057/788 VUs, 11032 complete and 0 interrupted iterations
openloop_gradual   [  47% ] 057/788 VUs  05m40.4s/12m0s  079.77 iters/s

running (05m41.4s), 057/788 VUs, 11112 complete and 0 interrupted iterations
openloop_gradual   [  47% ] 057/788 VUs  05m41.4s/12m0s  080.09 iters/s

running (05m42.4s), 057/788 VUs, 11192 complete and 0 interrupted iterations
openloop_gradual   [  48% ] 057/788 VUs  05m42.4s/12m0s  080.40 iters/s

running (05m43.4s), 061/788 VUs, 11269 complete and 0 interrupted iterations
openloop_gradual   [  48% ] 061/788 VUs  05m43.4s/12m0s  080.72 iters/s

running (05m44.4s), 054/788 VUs, 11356 complete and 0 interrupted iterations
openloop_gradual   [  48% ] 054/788 VUs  05m44.4s/12m0s  081.03 iters/s

running (05m45.4s), 059/788 VUs, 11433 complete and 0 interrupted iterations
openloop_gradual   [  48% ] 059/788 VUs  05m45.4s/12m0s  081.35 iters/s

running (05m46.4s), 063/788 VUs, 11510 complete and 0 interrupted iterations
openloop_gradual   [  48% ] 063/788 VUs  05m46.4s/12m0s  081.67 iters/s

running (05m47.4s), 062/788 VUs, 11593 complete and 0 interrupted iterations
openloop_gradual   [  48% ] 062/788 VUs  05m47.4s/12m0s  081.99 iters/s

running (05m48.4s), 057/788 VUs, 11680 complete and 0 interrupted iterations
openloop_gradual   [  48% ] 057/788 VUs  05m48.4s/12m0s  082.30 iters/s

running (05m49.4s), 055/788 VUs, 11765 complete and 0 interrupted iterations
openloop_gradual   [  49% ] 055/788 VUs  05m49.4s/12m0s  082.62 iters/s

running (05m50.4s), 055/788 VUs, 11847 complete and 0 interrupted iterations
openloop_gradual   [  49% ] 055/788 VUs  05m50.4s/12m0s  082.94 iters/s

running (05m51.4s), 055/788 VUs, 11930 complete and 0 interrupted iterations
openloop_gradual   [  49% ] 056/788 VUs  05m51.4s/12m0s  083.26 iters/s

running (05m52.4s), 058/788 VUs, 12011 complete and 0 interrupted iterations
openloop_gradual   [  49% ] 058/788 VUs  05m52.4s/12m0s  083.57 iters/s

running (05m53.4s), 058/788 VUs, 12095 complete and 0 interrupted iterations
openloop_gradual   [  49% ] 058/788 VUs  05m53.4s/12m0s  083.89 iters/s

running (05m54.4s), 062/788 VUs, 12175 complete and 0 interrupted iterations
openloop_gradual   [  49% ] 062/788 VUs  05m54.4s/12m0s  084.20 iters/s

running (05m55.4s), 060/788 VUs, 12261 complete and 0 interrupted iterations
openloop_gradual   [  49% ] 060/788 VUs  05m55.4s/12m0s  084.52 iters/s

running (05m56.4s), 060/788 VUs, 12346 complete and 0 interrupted iterations
openloop_gradual   [  49% ] 060/788 VUs  05m56.4s/12m0s  084.84 iters/s

running (05m57.4s), 062/788 VUs, 12429 complete and 0 interrupted iterations
openloop_gradual   [  50% ] 062/788 VUs  05m57.4s/12m0s  085.15 iters/s

running (05m58.4s), 062/788 VUs, 12514 complete and 0 interrupted iterations
openloop_gradual   [  50% ] 062/788 VUs  05m58.4s/12m0s  085.47 iters/s

running (05m59.4s), 064/788 VUs, 12598 complete and 0 interrupted iterations
openloop_gradual   [  50% ] 064/788 VUs  05m59.4s/12m0s  085.79 iters/s

running (06m00.4s), 058/788 VUs, 12690 complete and 0 interrupted iterations
openloop_gradual   [  50% ] 058/788 VUs  06m00.4s/12m0s  086.10 iters/s

running (06m01.4s), 061/788 VUs, 12773 complete and 0 interrupted iterations
openloop_gradual   [  50% ] 061/788 VUs  06m01.4s/12m0s  086.42 iters/s

running (06m02.4s), 058/788 VUs, 12862 complete and 0 interrupted iterations
openloop_gradual   [  50% ] 058/788 VUs  06m02.4s/12m0s  086.74 iters/s

running (06m03.4s), 063/788 VUs, 12944 complete and 0 interrupted iterations
openloop_gradual   [  50% ] 063/788 VUs  06m03.4s/12m0s  087.05 iters/s

running (06m04.4s), 061/788 VUs, 13034 complete and 0 interrupted iterations
openloop_gradual   [  51% ] 061/788 VUs  06m04.4s/12m0s  087.37 iters/s

running (06m05.4s), 061/788 VUs, 13121 complete and 0 interrupted iterations
openloop_gradual   [  51% ] 061/788 VUs  06m05.4s/12m0s  087.69 iters/s

running (06m06.4s), 062/788 VUs, 13208 complete and 0 interrupted iterations
openloop_gradual   [  51% ] 062/788 VUs  06m06.4s/12m0s  088.00 iters/s

running (06m07.4s), 064/788 VUs, 13294 complete and 0 interrupted iterations
openloop_gradual   [  51% ] 064/788 VUs  06m07.4s/12m0s  088.32 iters/s

running (06m08.4s), 068/788 VUs, 13379 complete and 0 interrupted iterations
openloop_gradual   [  51% ] 068/788 VUs  06m08.4s/12m0s  088.64 iters/s

running (06m09.4s), 065/788 VUs, 13470 complete and 0 interrupted iterations
openloop_gradual   [  51% ] 065/788 VUs  06m09.4s/12m0s  088.95 iters/s

running (06m10.4s), 061/788 VUs, 13563 complete and 0 interrupted iterations
openloop_gradual   [  51% ] 061/788 VUs  06m10.4s/12m0s  089.27 iters/s

running (06m11.4s), 065/788 VUs, 13649 complete and 0 interrupted iterations
openloop_gradual   [  52% ] 065/788 VUs  06m11.4s/12m0s  089.59 iters/s

running (06m12.4s), 061/788 VUs, 13743 complete and 0 interrupted iterations
openloop_gradual   [  52% ] 061/788 VUs  06m12.4s/12m0s  089.90 iters/s

running (06m13.4s), 063/788 VUs, 13831 complete and 0 interrupted iterations
openloop_gradual   [  52% ] 063/788 VUs  06m13.4s/12m0s  090.22 iters/s

running (06m14.4s), 065/788 VUs, 13919 complete and 0 interrupted iterations
openloop_gradual   [  52% ] 065/788 VUs  06m14.4s/12m0s  090.54 iters/s

running (06m15.4s), 065/788 VUs, 14010 complete and 0 interrupted iterations
openloop_gradual   [  52% ] 065/788 VUs  06m15.4s/12m0s  090.85 iters/s

running (06m16.4s), 064/788 VUs, 14102 complete and 0 interrupted iterations
openloop_gradual   [  52% ] 064/788 VUs  06m16.4s/12m0s  091.17 iters/s

running (06m17.4s), 060/788 VUs, 14197 complete and 0 interrupted iterations
openloop_gradual   [  52% ] 060/788 VUs  06m17.4s/12m0s  091.49 iters/s

running (06m18.4s), 067/788 VUs, 14282 complete and 0 interrupted iterations
openloop_gradual   [  53% ] 067/788 VUs  06m18.4s/12m0s  091.80 iters/s

running (06m19.4s), 061/788 VUs, 14380 complete and 0 interrupted iterations
openloop_gradual   [  53% ] 061/788 VUs  06m19.4s/12m0s  092.12 iters/s

running (06m20.4s), 065/788 VUs, 14468 complete and 0 interrupted iterations
openloop_gradual   [  53% ] 065/788 VUs  06m20.4s/12m0s  092.44 iters/s

running (06m21.4s), 061/788 VUs, 14565 complete and 0 interrupted iterations
openloop_gradual   [  53% ] 061/788 VUs  06m21.4s/12m0s  092.75 iters/s

running (06m22.4s), 069/788 VUs, 14650 complete and 0 interrupted iterations
openloop_gradual   [  53% ] 069/788 VUs  06m22.4s/12m0s  093.07 iters/s

running (06m23.4s), 066/788 VUs, 14746 complete and 0 interrupted iterations
openloop_gradual   [  53% ] 066/788 VUs  06m23.4s/12m0s  093.39 iters/s

running (06m24.4s), 064/788 VUs, 14841 complete and 0 interrupted iterations
openloop_gradual   [  53% ] 064/788 VUs  06m24.4s/12m0s  093.70 iters/s

running (06m25.4s), 065/788 VUs, 14934 complete and 0 interrupted iterations
openloop_gradual   [  54% ] 065/788 VUs  06m25.4s/12m0s  094.02 iters/s

running (06m26.4s), 063/788 VUs, 15030 complete and 0 interrupted iterations
openloop_gradual   [  54% ] 063/788 VUs  06m26.4s/12m0s  094.34 iters/s

running (06m27.4s), 065/788 VUs, 15123 complete and 0 interrupted iterations
openloop_gradual   [  54% ] 065/788 VUs  06m27.4s/12m0s  094.65 iters/s

running (06m28.4s), 065/788 VUs, 15218 complete and 0 interrupted iterations
openloop_gradual   [  54% ] 065/788 VUs  06m28.4s/12m0s  094.97 iters/s

running (06m29.4s), 066/788 VUs, 15312 complete and 0 interrupted iterations
openloop_gradual   [  54% ] 066/788 VUs  06m29.4s/12m0s  095.29 iters/s

running (06m30.4s), 066/788 VUs, 15407 complete and 0 interrupted iterations
openloop_gradual   [  54% ] 066/788 VUs  06m30.4s/12m0s  095.60 iters/s

running (06m31.4s), 067/788 VUs, 15502 complete and 0 interrupted iterations
openloop_gradual   [  54% ] 067/788 VUs  06m31.4s/12m0s  095.92 iters/s

running (06m32.4s), 066/788 VUs, 15599 complete and 0 interrupted iterations
openloop_gradual   [  54% ] 066/788 VUs  06m32.4s/12m0s  096.24 iters/s

running (06m33.4s), 072/788 VUs, 15689 complete and 0 interrupted iterations
openloop_gradual   [  55% ] 072/788 VUs  06m33.4s/12m0s  096.55 iters/s

running (06m34.4s), 066/788 VUs, 15792 complete and 0 interrupted iterations
openloop_gradual   [  55% ] 066/788 VUs  06m34.4s/12m0s  096.87 iters/s

running (06m35.4s), 070/788 VUs, 15885 complete and 0 interrupted iterations
openloop_gradual   [  55% ] 070/788 VUs  06m35.4s/12m0s  097.19 iters/s

running (06m36.4s), 066/788 VUs, 15986 complete and 0 interrupted iterations
openloop_gradual   [  55% ] 066/788 VUs  06m36.4s/12m0s  097.50 iters/s

running (06m37.4s), 067/788 VUs, 16083 complete and 0 interrupted iterations
openloop_gradual   [  55% ] 067/788 VUs  06m37.4s/12m0s  097.82 iters/s

running (06m38.4s), 071/788 VUs, 16177 complete and 0 interrupted iterations
openloop_gradual   [  55% ] 071/788 VUs  06m38.4s/12m0s  098.14 iters/s

running (06m39.4s), 070/788 VUs, 16276 complete and 0 interrupted iterations
openloop_gradual   [  55% ] 070/788 VUs  06m39.4s/12m0s  098.45 iters/s

running (06m40.4s), 066/788 VUs, 16379 complete and 0 interrupted iterations
openloop_gradual   [  56% ] 066/788 VUs  06m40.4s/12m0s  098.77 iters/s

running (06m41.4s), 071/788 VUs, 16473 complete and 0 interrupted iterations
openloop_gradual   [  56% ] 071/788 VUs  06m41.4s/12m0s  099.09 iters/s

running (06m42.4s), 067/788 VUs, 16576 complete and 0 interrupted iterations
openloop_gradual   [  56% ] 067/788 VUs  06m42.4s/12m0s  099.40 iters/s

running (06m43.4s), 075/788 VUs, 16668 complete and 0 interrupted iterations
openloop_gradual   [  56% ] 075/788 VUs  06m43.4s/12m0s  099.72 iters/s

running (06m44.4s), 071/788 VUs, 16772 complete and 0 interrupted iterations
openloop_gradual   [  56% ] 071/788 VUs  06m44.4s/12m0s  100.04 iters/s

running (06m45.4s), 070/788 VUs, 16873 complete and 0 interrupted iterations
openloop_gradual   [  56% ] 070/788 VUs  06m45.4s/12m0s  100.35 iters/s

running (06m46.4s), 072/788 VUs, 16971 complete and 0 interrupted iterations
openloop_gradual   [  56% ] 072/788 VUs  06m46.4s/12m0s  100.67 iters/s

running (06m47.4s), 076/788 VUs, 17068 complete and 0 interrupted iterations
openloop_gradual   [  57% ] 076/788 VUs  06m47.4s/12m0s  100.99 iters/s

running (06m48.4s), 075/788 VUs, 17170 complete and 0 interrupted iterations
openloop_gradual   [  57% ] 075/788 VUs  06m48.4s/12m0s  101.30 iters/s

running (06m49.4s), 073/788 VUs, 17274 complete and 0 interrupted iterations
openloop_gradual   [  57% ] 073/788 VUs  06m49.4s/12m0s  101.62 iters/s

running (06m50.4s), 073/788 VUs, 17376 complete and 0 interrupted iterations
openloop_gradual   [  57% ] 073/788 VUs  06m50.4s/12m0s  101.94 iters/s

running (06m51.4s), 075/788 VUs, 17476 complete and 0 interrupted iterations
openloop_gradual   [  57% ] 075/788 VUs  06m51.4s/12m0s  102.25 iters/s

running (06m52.4s), 072/788 VUs, 17581 complete and 0 interrupted iterations
openloop_gradual   [  57% ] 072/788 VUs  06m52.4s/12m0s  102.57 iters/s

running (06m53.4s), 071/788 VUs, 17685 complete and 0 interrupted iterations
openloop_gradual   [  57% ] 071/788 VUs  06m53.4s/12m0s  102.89 iters/s

running (06m54.4s), 072/788 VUs, 17787 complete and 0 interrupted iterations
openloop_gradual   [  58% ] 072/788 VUs  06m54.4s/12m0s  103.20 iters/s

running (06m55.4s), 070/788 VUs, 17892 complete and 0 interrupted iterations
openloop_gradual   [  58% ] 070/788 VUs  06m55.4s/12m0s  103.52 iters/s

running (06m56.4s), 071/788 VUs, 17995 complete and 0 interrupted iterations
openloop_gradual   [  58% ] 071/788 VUs  06m56.4s/12m0s  103.84 iters/s

running (06m57.4s), 072/788 VUs, 18098 complete and 0 interrupted iterations
openloop_gradual   [  58% ] 072/788 VUs  06m57.4s/12m0s  104.15 iters/s

running (06m58.4s), 074/788 VUs, 18200 complete and 0 interrupted iterations
openloop_gradual   [  58% ] 074/788 VUs  06m58.4s/12m0s  104.47 iters/s

running (06m59.4s), 074/788 VUs, 18305 complete and 0 interrupted iterations
openloop_gradual   [  58% ] 074/788 VUs  06m59.4s/12m0s  104.79 iters/s

running (07m00.4s), 073/788 VUs, 18411 complete and 0 interrupted iterations
openloop_gradual   [  58% ] 073/788 VUs  07m00.4s/12m0s  105.00 iters/s

running (07m01.4s), 070/788 VUs, 18519 complete and 0 interrupted iterations
openloop_gradual   [  59% ] 070/788 VUs  07m01.4s/12m0s  105.00 iters/s

running (07m02.4s), 074/788 VUs, 18620 complete and 0 interrupted iterations
openloop_gradual   [  59% ] 074/788 VUs  07m02.4s/12m0s  105.00 iters/s

running (07m03.4s), 073/788 VUs, 18726 complete and 0 interrupted iterations
openloop_gradual   [  59% ] 073/788 VUs  07m03.4s/12m0s  105.00 iters/s

running (07m04.4s), 074/788 VUs, 18830 complete and 0 interrupted iterations
openloop_gradual   [  59% ] 074/788 VUs  07m04.4s/12m0s  105.00 iters/s

running (07m05.4s), 080/788 VUs, 18929 complete and 0 interrupted iterations
openloop_gradual   [  59% ] 080/788 VUs  07m05.4s/12m0s  105.00 iters/s

running (07m06.4s), 078/788 VUs, 19036 complete and 0 interrupted iterations
openloop_gradual   [  59% ] 078/788 VUs  07m06.4s/12m0s  105.00 iters/s

running (07m07.4s), 074/788 VUs, 19145 complete and 0 interrupted iterations
openloop_gradual   [  59% ] 074/788 VUs  07m07.4s/12m0s  105.00 iters/s

running (07m08.4s), 075/788 VUs, 19249 complete and 0 interrupted iterations
openloop_gradual   [  59% ] 075/788 VUs  07m08.4s/12m0s  105.00 iters/s

running (07m09.4s), 076/788 VUs, 19353 complete and 0 interrupted iterations
openloop_gradual   [  60% ] 076/788 VUs  07m09.4s/12m0s  105.00 iters/s

running (07m10.4s), 073/788 VUs, 19461 complete and 0 interrupted iterations
openloop_gradual   [  60% ] 073/788 VUs  07m10.4s/12m0s  105.00 iters/s

running (07m11.4s), 073/788 VUs, 19566 complete and 0 interrupted iterations
openloop_gradual   [  60% ] 073/788 VUs  07m11.4s/12m0s  105.00 iters/s

running (07m12.4s), 074/788 VUs, 19670 complete and 0 interrupted iterations
openloop_gradual   [  60% ] 074/788 VUs  07m12.4s/12m0s  105.00 iters/s

running (07m13.4s), 073/788 VUs, 19776 complete and 0 interrupted iterations
openloop_gradual   [  60% ] 073/788 VUs  07m13.4s/12m0s  105.00 iters/s

running (07m14.4s), 072/788 VUs, 19882 complete and 0 interrupted iterations
openloop_gradual   [  60% ] 072/788 VUs  07m14.4s/12m0s  105.00 iters/s

running (07m15.4s), 078/788 VUs, 19981 complete and 0 interrupted iterations
openloop_gradual   [  60% ] 078/788 VUs  07m15.4s/12m0s  105.00 iters/s

running (07m16.4s), 079/788 VUs, 20085 complete and 0 interrupted iterations
openloop_gradual   [  61% ] 079/788 VUs  07m16.4s/12m0s  105.00 iters/s

running (07m17.4s), 077/788 VUs, 20192 complete and 0 interrupted iterations
openloop_gradual   [  61% ] 077/788 VUs  07m17.4s/12m0s  105.00 iters/s

running (07m18.4s), 070/788 VUs, 20304 complete and 0 interrupted iterations
openloop_gradual   [  61% ] 070/788 VUs  07m18.4s/12m0s  105.00 iters/s

running (07m19.4s), 072/788 VUs, 20407 complete and 0 interrupted iterations
openloop_gradual   [  61% ] 072/788 VUs  07m19.4s/12m0s  105.00 iters/s

running (07m20.4s), 075/788 VUs, 20509 complete and 0 interrupted iterations
openloop_gradual   [  61% ] 075/788 VUs  07m20.4s/12m0s  105.00 iters/s

running (07m21.4s), 077/788 VUs, 20612 complete and 0 interrupted iterations
openloop_gradual   [  61% ] 077/788 VUs  07m21.4s/12m0s  105.00 iters/s

running (07m22.4s), 075/788 VUs, 20719 complete and 0 interrupted iterations
openloop_gradual   [  61% ] 075/788 VUs  07m22.4s/12m0s  105.00 iters/s

running (07m23.4s), 074/788 VUs, 20825 complete and 0 interrupted iterations
openloop_gradual   [  62% ] 074/788 VUs  07m23.4s/12m0s  105.00 iters/s

running (07m24.4s), 075/788 VUs, 20929 complete and 0 interrupted iterations
openloop_gradual   [  62% ] 075/788 VUs  07m24.4s/12m0s  105.00 iters/s

running (07m25.4s), 080/788 VUs, 21029 complete and 0 interrupted iterations
openloop_gradual   [  62% ] 080/788 VUs  07m25.4s/12m0s  105.00 iters/s

running (07m26.4s), 078/788 VUs, 21136 complete and 0 interrupted iterations
openloop_gradual   [  62% ] 078/788 VUs  07m26.4s/12m0s  105.00 iters/s

running (07m27.4s), 072/788 VUs, 21247 complete and 0 interrupted iterations
openloop_gradual   [  62% ] 072/788 VUs  07m27.4s/12m0s  105.00 iters/s

running (07m28.4s), 069/788 VUs, 21355 complete and 0 interrupted iterations
openloop_gradual   [  62% ] 069/788 VUs  07m28.4s/12m0s  105.00 iters/s

running (07m29.4s), 076/788 VUs, 21453 complete and 0 interrupted iterations
openloop_gradual   [  62% ] 076/788 VUs  07m29.4s/12m0s  105.00 iters/s

running (07m30.4s), 072/788 VUs, 21562 complete and 0 interrupted iterations
openloop_gradual   [  63% ] 072/788 VUs  07m30.4s/12m0s  105.00 iters/s

running (07m31.4s), 072/788 VUs, 21667 complete and 0 interrupted iterations
openloop_gradual   [  63% ] 072/788 VUs  07m31.4s/12m0s  105.00 iters/s

running (07m32.4s), 075/788 VUs, 21769 complete and 0 interrupted iterations
openloop_gradual   [  63% ] 075/788 VUs  07m32.4s/12m0s  105.00 iters/s

running (07m33.4s), 078/788 VUs, 21871 complete and 0 interrupted iterations
openloop_gradual   [  63% ] 078/788 VUs  07m33.4s/12m0s  105.00 iters/s

running (07m34.4s), 071/788 VUs, 21983 complete and 0 interrupted iterations
openloop_gradual   [  63% ] 071/788 VUs  07m34.4s/12m0s  105.00 iters/s

running (07m35.4s), 076/788 VUs, 22083 complete and 0 interrupted iterations
openloop_gradual   [  63% ] 076/788 VUs  07m35.4s/12m0s  105.00 iters/s

running (07m36.4s), 076/788 VUs, 22188 complete and 0 interrupted iterations
openloop_gradual   [  63% ] 076/788 VUs  07m36.4s/12m0s  105.00 iters/s

running (07m37.4s), 076/788 VUs, 22293 complete and 0 interrupted iterations
openloop_gradual   [  64% ] 076/788 VUs  07m37.4s/12m0s  105.00 iters/s

running (07m38.4s), 074/788 VUs, 22400 complete and 0 interrupted iterations
openloop_gradual   [  64% ] 074/788 VUs  07m38.4s/12m0s  105.00 iters/s

running (07m39.4s), 074/788 VUs, 22505 complete and 0 interrupted iterations
openloop_gradual   [  64% ] 074/788 VUs  07m39.4s/12m0s  105.00 iters/s

running (07m40.4s), 074/788 VUs, 22610 complete and 0 interrupted iterations
openloop_gradual   [  64% ] 074/788 VUs  07m40.4s/12m0s  105.00 iters/s

running (07m41.4s), 077/788 VUs, 22712 complete and 0 interrupted iterations
openloop_gradual   [  64% ] 077/788 VUs  07m41.4s/12m0s  105.00 iters/s

running (07m42.4s), 071/788 VUs, 22823 complete and 0 interrupted iterations
openloop_gradual   [  64% ] 071/788 VUs  07m42.4s/12m0s  105.00 iters/s

running (07m43.4s), 076/788 VUs, 22923 complete and 0 interrupted iterations
openloop_gradual   [  64% ] 076/788 VUs  07m43.4s/12m0s  105.00 iters/s

running (07m44.4s), 074/788 VUs, 23030 complete and 0 interrupted iterations
openloop_gradual   [  64% ] 074/788 VUs  07m44.4s/12m0s  105.00 iters/s

running (07m45.4s), 080/788 VUs, 23129 complete and 0 interrupted iterations
openloop_gradual   [  65% ] 080/788 VUs  07m45.4s/12m0s  105.00 iters/s

running (07m46.4s), 074/788 VUs, 23240 complete and 0 interrupted iterations
openloop_gradual   [  65% ] 074/788 VUs  07m46.4s/12m0s  105.00 iters/s

running (07m47.4s), 077/788 VUs, 23342 complete and 0 interrupted iterations
openloop_gradual   [  65% ] 077/788 VUs  07m47.4s/12m0s  105.00 iters/s

running (07m48.4s), 071/788 VUs, 23453 complete and 0 interrupted iterations
openloop_gradual   [  65% ] 071/788 VUs  07m48.4s/12m0s  105.00 iters/s

running (07m49.4s), 073/788 VUs, 23556 complete and 0 interrupted iterations
openloop_gradual   [  65% ] 073/788 VUs  07m49.4s/12m0s  105.00 iters/s

running (07m50.4s), 069/788 VUs, 23665 complete and 0 interrupted iterations
openloop_gradual   [  65% ] 069/788 VUs  07m50.4s/12m0s  105.00 iters/s

running (07m51.4s), 077/788 VUs, 23762 complete and 0 interrupted iterations
openloop_gradual   [  65% ] 077/788 VUs  07m51.4s/12m0s  105.00 iters/s

running (07m52.4s), 069/788 VUs, 23875 complete and 0 interrupted iterations
openloop_gradual   [  66% ] 069/788 VUs  07m52.4s/12m0s  105.00 iters/s

running (07m53.4s), 068/788 VUs, 23981 complete and 0 interrupted iterations
openloop_gradual   [  66% ] 068/788 VUs  07m53.4s/12m0s  105.00 iters/s

running (07m54.4s), 073/788 VUs, 24081 complete and 0 interrupted iterations
openloop_gradual   [  66% ] 073/788 VUs  07m54.4s/12m0s  105.00 iters/s

running (07m55.4s), 080/788 VUs, 24179 complete and 0 interrupted iterations
openloop_gradual   [  66% ] 080/788 VUs  07m55.4s/12m0s  105.00 iters/s

running (07m56.4s), 076/788 VUs, 24288 complete and 0 interrupted iterations
openloop_gradual   [  66% ] 076/788 VUs  07m56.4s/12m0s  105.00 iters/s

running (07m57.4s), 076/788 VUs, 24393 complete and 0 interrupted iterations
openloop_gradual   [  66% ] 076/788 VUs  07m57.4s/12m0s  105.00 iters/s

running (07m58.4s), 077/788 VUs, 24497 complete and 0 interrupted iterations
openloop_gradual   [  66% ] 077/788 VUs  07m58.4s/12m0s  105.00 iters/s

running (07m59.4s), 076/788 VUs, 24603 complete and 0 interrupted iterations
openloop_gradual   [  67% ] 076/788 VUs  07m59.4s/12m0s  105.00 iters/s

running (08m00.4s), 070/788 VUs, 24714 complete and 0 interrupted iterations
openloop_gradual   [  67% ] 070/788 VUs  08m00.4s/12m0s  105.00 iters/s

running (08m01.4s), 077/788 VUs, 24812 complete and 0 interrupted iterations
openloop_gradual   [  67% ] 077/788 VUs  08m01.4s/12m0s  105.00 iters/s

running (08m02.4s), 068/788 VUs, 24926 complete and 0 interrupted iterations
openloop_gradual   [  67% ] 068/788 VUs  08m02.4s/12m0s  105.00 iters/s

running (08m03.4s), 080/788 VUs, 25019 complete and 0 interrupted iterations
openloop_gradual   [  67% ] 080/788 VUs  08m03.4s/12m0s  105.00 iters/s

running (08m04.4s), 073/788 VUs, 25131 complete and 0 interrupted iterations
openloop_gradual   [  67% ] 073/788 VUs  08m04.4s/12m0s  105.00 iters/s

running (08m05.4s), 077/788 VUs, 25232 complete and 0 interrupted iterations
openloop_gradual   [  67% ] 077/788 VUs  08m05.4s/12m0s  105.00 iters/s

running (08m06.4s), 076/788 VUs, 25338 complete and 0 interrupted iterations
openloop_gradual   [  68% ] 076/788 VUs  08m06.4s/12m0s  105.00 iters/s

running (08m07.4s), 078/788 VUs, 25441 complete and 0 interrupted iterations
openloop_gradual   [  68% ] 078/788 VUs  08m07.4s/12m0s  105.00 iters/s

running (08m08.4s), 071/788 VUs, 25553 complete and 0 interrupted iterations
openloop_gradual   [  68% ] 071/788 VUs  08m08.4s/12m0s  105.00 iters/s

running (08m09.4s), 075/788 VUs, 25654 complete and 0 interrupted iterations
openloop_gradual   [  68% ] 075/788 VUs  08m09.4s/12m0s  105.00 iters/s

running (08m10.4s), 072/788 VUs, 25762 complete and 0 interrupted iterations
openloop_gradual   [  68% ] 072/788 VUs  08m10.4s/12m0s  105.00 iters/s

running (08m11.4s), 075/788 VUs, 25864 complete and 0 interrupted iterations
openloop_gradual   [  68% ] 075/788 VUs  08m11.4s/12m0s  105.00 iters/s

running (08m12.4s), 073/788 VUs, 25971 complete and 0 interrupted iterations
openloop_gradual   [  68% ] 073/788 VUs  08m12.4s/12m0s  105.00 iters/s

running (08m13.4s), 071/788 VUs, 26078 complete and 0 interrupted iterations
openloop_gradual   [  69% ] 071/788 VUs  08m13.4s/12m0s  105.00 iters/s

running (08m14.4s), 074/788 VUs, 26180 complete and 0 interrupted iterations
openloop_gradual   [  69% ] 074/788 VUs  08m14.4s/12m0s  105.00 iters/s

running (08m15.4s), 072/788 VUs, 26287 complete and 0 interrupted iterations
openloop_gradual   [  69% ] 072/788 VUs  08m15.4s/12m0s  105.00 iters/s

running (08m16.4s), 075/788 VUs, 26389 complete and 0 interrupted iterations
openloop_gradual   [  69% ] 075/788 VUs  08m16.4s/12m0s  105.00 iters/s

running (08m17.4s), 074/788 VUs, 26495 complete and 0 interrupted iterations
openloop_gradual   [  69% ] 074/788 VUs  08m17.4s/12m0s  105.00 iters/s

running (08m18.4s), 072/788 VUs, 26602 complete and 0 interrupted iterations
openloop_gradual   [  69% ] 072/788 VUs  08m18.4s/12m0s  105.00 iters/s

running (08m19.4s), 070/788 VUs, 26709 complete and 0 interrupted iterations
openloop_gradual   [  69% ] 070/788 VUs  08m19.4s/12m0s  105.00 iters/s

running (08m20.4s), 078/788 VUs, 26806 complete and 0 interrupted iterations
openloop_gradual   [  69% ] 078/788 VUs  08m20.4s/12m0s  105.00 iters/s

running (08m21.4s), 074/788 VUs, 26915 complete and 0 interrupted iterations
openloop_gradual   [  70% ] 074/788 VUs  08m21.4s/12m0s  105.00 iters/s

running (08m22.4s), 081/788 VUs, 27013 complete and 0 interrupted iterations
openloop_gradual   [  70% ] 081/788 VUs  08m22.4s/12m0s  105.00 iters/s

running (08m23.4s), 072/788 VUs, 27127 complete and 0 interrupted iterations
openloop_gradual   [  70% ] 072/788 VUs  08m23.4s/12m0s  105.00 iters/s

running (08m24.4s), 076/788 VUs, 27228 complete and 0 interrupted iterations
openloop_gradual   [  70% ] 076/788 VUs  08m24.4s/12m0s  105.00 iters/s

running (08m25.4s), 072/788 VUs, 27337 complete and 0 interrupted iterations
openloop_gradual   [  70% ] 072/788 VUs  08m25.4s/12m0s  105.00 iters/s

running (08m26.4s), 073/788 VUs, 27441 complete and 0 interrupted iterations
openloop_gradual   [  70% ] 073/788 VUs  08m26.4s/12m0s  105.00 iters/s

running (08m27.4s), 077/788 VUs, 27542 complete and 0 interrupted iterations
openloop_gradual   [  70% ] 077/788 VUs  08m27.4s/12m0s  105.00 iters/s

running (08m28.4s), 073/788 VUs, 27651 complete and 0 interrupted iterations
openloop_gradual   [  71% ] 073/788 VUs  08m28.4s/12m0s  105.00 iters/s

running (08m29.4s), 075/788 VUs, 27754 complete and 0 interrupted iterations
openloop_gradual   [  71% ] 075/788 VUs  08m29.4s/12m0s  105.00 iters/s

running (08m30.4s), 071/788 VUs, 27863 complete and 0 interrupted iterations
openloop_gradual   [  71% ] 071/788 VUs  08m30.4s/12m0s  105.00 iters/s

running (08m31.4s), 069/788 VUs, 27970 complete and 0 interrupted iterations
openloop_gradual   [  71% ] 069/788 VUs  08m31.4s/12m0s  105.00 iters/s

running (08m32.4s), 075/788 VUs, 28069 complete and 0 interrupted iterations
openloop_gradual   [  71% ] 075/788 VUs  08m32.4s/12m0s  105.00 iters/s

running (08m33.4s), 073/788 VUs, 28176 complete and 0 interrupted iterations
openloop_gradual   [  71% ] 073/788 VUs  08m33.4s/12m0s  105.00 iters/s

running (08m34.4s), 074/788 VUs, 28280 complete and 0 interrupted iterations
openloop_gradual   [  71% ] 074/788 VUs  08m34.4s/12m0s  105.00 iters/s

running (08m35.4s), 073/788 VUs, 28386 complete and 0 interrupted iterations
openloop_gradual   [  72% ] 073/788 VUs  08m35.4s/12m0s  105.00 iters/s

running (08m36.4s), 071/788 VUs, 28493 complete and 0 interrupted iterations
openloop_gradual   [  72% ] 071/788 VUs  08m36.4s/12m0s  105.00 iters/s

running (08m37.4s), 078/788 VUs, 28591 complete and 0 interrupted iterations
openloop_gradual   [  72% ] 078/788 VUs  08m37.4s/12m0s  105.00 iters/s

running (08m38.4s), 074/788 VUs, 28700 complete and 0 interrupted iterations
openloop_gradual   [  72% ] 074/788 VUs  08m38.4s/12m0s  105.00 iters/s

running (08m39.4s), 074/788 VUs, 28805 complete and 0 interrupted iterations
openloop_gradual   [  72% ] 074/788 VUs  08m39.4s/12m0s  105.00 iters/s

running (08m40.4s), 075/788 VUs, 28909 complete and 0 interrupted iterations
openloop_gradual   [  72% ] 075/788 VUs  08m40.4s/12m0s  105.00 iters/s

running (08m41.4s), 075/788 VUs, 29014 complete and 0 interrupted iterations
openloop_gradual   [  72% ] 075/788 VUs  08m41.4s/12m0s  105.00 iters/s

running (08m42.4s), 080/788 VUs, 29114 complete and 0 interrupted iterations
openloop_gradual   [  73% ] 080/788 VUs  08m42.4s/12m0s  105.00 iters/s

running (08m43.4s), 076/788 VUs, 29223 complete and 0 interrupted iterations
openloop_gradual   [  73% ] 076/788 VUs  08m43.4s/12m0s  105.00 iters/s

running (08m44.4s), 077/788 VUs, 29327 complete and 0 interrupted iterations
openloop_gradual   [  73% ] 077/788 VUs  08m44.4s/12m0s  105.00 iters/s

running (08m45.4s), 073/788 VUs, 29436 complete and 0 interrupted iterations
openloop_gradual   [  73% ] 073/788 VUs  08m45.4s/12m0s  105.00 iters/s

running (08m46.4s), 072/788 VUs, 29542 complete and 0 interrupted iterations
openloop_gradual   [  73% ] 072/788 VUs  08m46.4s/12m0s  105.00 iters/s

running (08m47.4s), 073/788 VUs, 29646 complete and 0 interrupted iterations
openloop_gradual   [  73% ] 073/788 VUs  08m47.4s/12m0s  105.00 iters/s

running (08m48.4s), 075/788 VUs, 29749 complete and 0 interrupted iterations
openloop_gradual   [  73% ] 075/788 VUs  08m48.4s/12m0s  105.00 iters/s

running (08m49.4s), 074/788 VUs, 29855 complete and 0 interrupted iterations
openloop_gradual   [  74% ] 074/788 VUs  08m49.4s/12m0s  105.00 iters/s

running (08m50.4s), 072/788 VUs, 29962 complete and 0 interrupted iterations
openloop_gradual   [  74% ] 072/788 VUs  08m50.4s/12m0s  105.00 iters/s

running (08m51.4s), 071/788 VUs, 30068 complete and 0 interrupted iterations
openloop_gradual   [  74% ] 071/788 VUs  08m51.4s/12m0s  105.00 iters/s

running (08m52.4s), 074/788 VUs, 30170 complete and 0 interrupted iterations
openloop_gradual   [  74% ] 074/788 VUs  08m52.4s/12m0s  105.00 iters/s

running (08m53.4s), 073/788 VUs, 30276 complete and 0 interrupted iterations
openloop_gradual   [  74% ] 073/788 VUs  08m53.4s/12m0s  105.00 iters/s

running (08m54.4s), 073/788 VUs, 30381 complete and 0 interrupted iterations
openloop_gradual   [  74% ] 073/788 VUs  08m54.4s/12m0s  105.00 iters/s

running (08m55.4s), 074/788 VUs, 30484 complete and 0 interrupted iterations
openloop_gradual   [  74% ] 074/788 VUs  08m55.4s/12m0s  105.00 iters/s

running (08m56.4s), 073/788 VUs, 30591 complete and 0 interrupted iterations
openloop_gradual   [  74% ] 073/788 VUs  08m56.4s/12m0s  105.00 iters/s

running (08m57.4s), 072/788 VUs, 30697 complete and 0 interrupted iterations
openloop_gradual   [  75% ] 072/788 VUs  08m57.4s/12m0s  105.00 iters/s

running (08m58.4s), 076/788 VUs, 30798 complete and 0 interrupted iterations
openloop_gradual   [  75% ] 076/788 VUs  08m58.4s/12m0s  105.00 iters/s

running (08m59.4s), 076/788 VUs, 30903 complete and 0 interrupted iterations
openloop_gradual   [  75% ] 076/788 VUs  08m59.4s/12m0s  105.00 iters/s

running (09m00.4s), 074/788 VUs, 31010 complete and 0 interrupted iterations
openloop_gradual   [  75% ] 074/788 VUs  09m00.4s/12m0s  104.81 iters/s

running (09m01.4s), 074/788 VUs, 31114 complete and 0 interrupted iterations
openloop_gradual   [  75% ] 074/788 VUs  09m01.4s/12m0s  104.23 iters/s

running (09m02.4s), 074/788 VUs, 31218 complete and 0 interrupted iterations
openloop_gradual   [  75% ] 074/788 VUs  09m02.4s/12m0s  103.64 iters/s

running (09m03.4s), 070/788 VUs, 31326 complete and 0 interrupted iterations
openloop_gradual   [  75% ] 070/788 VUs  09m03.4s/12m0s  103.06 iters/s

running (09m04.4s), 073/788 VUs, 31425 complete and 0 interrupted iterations
openloop_gradual   [  76% ] 073/788 VUs  09m04.4s/12m0s  102.48 iters/s

running (09m05.4s), 078/788 VUs, 31522 complete and 0 interrupted iterations
openloop_gradual   [  76% ] 078/788 VUs  09m05.4s/12m0s  101.90 iters/s

running (09m06.4s), 069/788 VUs, 31633 complete and 0 interrupted iterations
openloop_gradual   [  76% ] 069/788 VUs  09m06.4s/12m0s  101.31 iters/s

running (09m07.4s), 068/788 VUs, 31735 complete and 0 interrupted iterations
openloop_gradual   [  76% ] 068/788 VUs  09m07.4s/12m0s  100.73 iters/s

running (09m08.4s), 070/788 VUs, 31834 complete and 0 interrupted iterations
openloop_gradual   [  76% ] 070/788 VUs  09m08.4s/12m0s  100.14 iters/s

running (09m09.4s), 071/788 VUs, 31932 complete and 0 interrupted iterations
openloop_gradual   [  76% ] 071/788 VUs  09m09.4s/12m0s  099.56 iters/s

running (09m10.4s), 068/788 VUs, 32035 complete and 0 interrupted iterations
openloop_gradual   [  76% ] 068/788 VUs  09m10.4s/12m0s  098.97 iters/s

running (09m11.4s), 069/788 VUs, 32132 complete and 0 interrupted iterations
openloop_gradual   [  77% ] 069/788 VUs  09m11.4s/12m0s  098.40 iters/s

running (09m12.4s), 071/788 VUs, 32229 complete and 0 interrupted iterations
openloop_gradual   [  77% ] 071/788 VUs  09m12.4s/12m0s  097.81 iters/s

running (09m13.4s), 068/788 VUs, 32329 complete and 0 interrupted iterations
openloop_gradual   [  77% ] 068/788 VUs  09m13.4s/12m0s  097.23 iters/s

running (09m14.4s), 070/788 VUs, 32424 complete and 0 interrupted iterations
openloop_gradual   [  77% ] 070/788 VUs  09m14.4s/12m0s  096.64 iters/s

running (09m15.4s), 068/788 VUs, 32522 complete and 0 interrupted iterations
openloop_gradual   [  77% ] 068/788 VUs  09m15.4s/12m0s  096.06 iters/s

running (09m16.4s), 069/788 VUs, 32617 complete and 0 interrupted iterations
openloop_gradual   [  77% ] 069/788 VUs  09m16.4s/12m0s  095.48 iters/s

running (09m17.4s), 070/788 VUs, 32711 complete and 0 interrupted iterations
openloop_gradual   [  77% ] 070/788 VUs  09m17.4s/12m0s  094.89 iters/s

running (09m18.4s), 071/788 VUs, 32805 complete and 0 interrupted iterations
openloop_gradual   [  78% ] 071/788 VUs  09m18.4s/12m0s  094.31 iters/s

running (09m19.4s), 067/788 VUs, 32903 complete and 0 interrupted iterations
openloop_gradual   [  78% ] 067/788 VUs  09m19.4s/12m0s  093.73 iters/s

running (09m20.4s), 067/788 VUs, 32996 complete and 0 interrupted iterations
openloop_gradual   [  78% ] 067/788 VUs  09m20.4s/12m0s  093.14 iters/s

running (09m21.4s), 071/788 VUs, 33085 complete and 0 interrupted iterations
openloop_gradual   [  78% ] 071/788 VUs  09m21.4s/12m0s  092.56 iters/s

running (09m22.4s), 067/788 VUs, 33181 complete and 0 interrupted iterations
openloop_gradual   [  78% ] 067/788 VUs  09m22.4s/12m0s  091.98 iters/s

running (09m23.4s), 064/788 VUs, 33276 complete and 0 interrupted iterations
openloop_gradual   [  78% ] 064/788 VUs  09m23.4s/12m0s  091.39 iters/s

running (09m24.4s), 060/788 VUs, 33371 complete and 0 interrupted iterations
openloop_gradual   [  78% ] 060/788 VUs  09m24.4s/12m0s  090.81 iters/s

running (09m25.4s), 063/788 VUs, 33459 complete and 0 interrupted iterations
openloop_gradual   [  79% ] 063/788 VUs  09m25.4s/12m0s  090.22 iters/s

running (09m26.4s), 063/788 VUs, 33549 complete and 0 interrupted iterations
openloop_gradual   [  79% ] 063/788 VUs  09m26.4s/12m0s  089.64 iters/s

running (09m27.4s), 069/788 VUs, 33632 complete and 0 interrupted iterations
openloop_gradual   [  79% ] 069/788 VUs  09m27.4s/12m0s  089.06 iters/s

running (09m28.4s), 063/788 VUs, 33727 complete and 0 interrupted iterations
openloop_gradual   [  79% ] 063/788 VUs  09m28.4s/12m0s  088.47 iters/s

running (09m29.4s), 064/788 VUs, 33814 complete and 0 interrupted iterations
openloop_gradual   [  79% ] 064/788 VUs  09m29.4s/12m0s  087.89 iters/s

running (09m30.4s), 062/788 VUs, 33904 complete and 0 interrupted iterations
openloop_gradual   [  79% ] 062/788 VUs  09m30.4s/12m0s  087.31 iters/s

running (09m31.4s), 067/788 VUs, 33986 complete and 0 interrupted iterations
openloop_gradual   [  79% ] 067/788 VUs  09m31.4s/12m0s  086.72 iters/s

running (09m32.4s), 058/788 VUs, 34081 complete and 0 interrupted iterations
openloop_gradual   [  79% ] 058/788 VUs  09m32.4s/12m0s  086.14 iters/s

running (09m33.4s), 061/788 VUs, 34164 complete and 0 interrupted iterations
openloop_gradual   [  80% ] 061/788 VUs  09m33.4s/12m0s  085.56 iters/s

running (09m34.4s), 062/788 VUs, 34248 complete and 0 interrupted iterations
openloop_gradual   [  80% ] 062/788 VUs  09m34.4s/12m0s  084.98 iters/s

running (09m35.4s), 063/788 VUs, 34332 complete and 0 interrupted iterations
openloop_gradual   [  80% ] 063/788 VUs  09m35.4s/12m0s  084.39 iters/s

running (09m36.4s), 057/788 VUs, 34422 complete and 0 interrupted iterations
openloop_gradual   [  80% ] 057/788 VUs  09m36.4s/12m0s  083.81 iters/s

running (09m37.4s), 056/788 VUs, 34507 complete and 0 interrupted iterations
openloop_gradual   [  80% ] 056/788 VUs  09m37.4s/12m0s  083.22 iters/s

running (09m38.4s), 060/788 VUs, 34585 complete and 0 interrupted iterations
openloop_gradual   [  80% ] 060/788 VUs  09m38.4s/12m0s  082.65 iters/s

running (09m39.4s), 055/788 VUs, 34673 complete and 0 interrupted iterations
openloop_gradual   [  80% ] 055/788 VUs  09m39.4s/12m0s  082.06 iters/s

running (09m40.4s), 057/788 VUs, 34753 complete and 0 interrupted iterations
openloop_gradual   [  81% ] 057/788 VUs  09m40.4s/12m0s  081.47 iters/s

running (09m41.4s), 058/788 VUs, 34833 complete and 0 interrupted iterations
openloop_gradual   [  81% ] 058/788 VUs  09m41.4s/12m0s  080.89 iters/s

running (09m42.4s), 054/788 VUs, 34917 complete and 0 interrupted iterations
openloop_gradual   [  81% ] 054/788 VUs  09m42.4s/12m0s  080.31 iters/s

running (09m43.4s), 058/788 VUs, 34993 complete and 0 interrupted iterations
openloop_gradual   [  81% ] 058/788 VUs  09m43.4s/12m0s  079.73 iters/s

running (09m44.4s), 056/788 VUs, 35075 complete and 0 interrupted iterations
openloop_gradual   [  81% ] 056/788 VUs  09m44.4s/12m0s  079.14 iters/s

running (09m45.4s), 057/788 VUs, 35153 complete and 0 interrupted iterations
openloop_gradual   [  81% ] 057/788 VUs  09m45.4s/12m0s  078.56 iters/s

running (09m46.4s), 053/788 VUs, 35235 complete and 0 interrupted iterations
openloop_gradual   [  81% ] 053/788 VUs  09m46.4s/12m0s  077.97 iters/s

running (09m47.4s), 056/788 VUs, 35310 complete and 0 interrupted iterations
openloop_gradual   [  82% ] 056/788 VUs  09m47.4s/12m0s  077.39 iters/s

running (09m48.4s), 057/788 VUs, 35386 complete and 0 interrupted iterations
openloop_gradual   [  82% ] 057/788 VUs  09m48.4s/12m0s  076.81 iters/s

running (09m49.4s), 059/788 VUs, 35460 complete and 0 interrupted iterations
openloop_gradual   [  82% ] 059/788 VUs  09m49.4s/12m0s  076.23 iters/s

running (09m50.4s), 052/788 VUs, 35543 complete and 0 interrupted iterations
openloop_gradual   [  82% ] 052/788 VUs  09m50.4s/12m0s  075.64 iters/s

running (09m51.4s), 054/788 VUs, 35616 complete and 0 interrupted iterations
openloop_gradual   [  82% ] 054/788 VUs  09m51.4s/12m0s  075.06 iters/s

running (09m52.4s), 056/788 VUs, 35689 complete and 0 interrupted iterations
openloop_gradual   [  82% ] 056/788 VUs  09m52.4s/12m0s  074.48 iters/s

running (09m53.4s), 051/788 VUs, 35768 complete and 0 interrupted iterations
openloop_gradual   [  82% ] 051/788 VUs  09m53.4s/12m0s  073.90 iters/s

running (09m54.4s), 054/788 VUs, 35839 complete and 0 interrupted iterations
openloop_gradual   [  83% ] 054/788 VUs  09m54.4s/12m0s  073.31 iters/s

running (09m55.4s), 052/788 VUs, 35914 complete and 0 interrupted iterations
openloop_gradual   [  83% ] 052/788 VUs  09m55.4s/12m0s  072.73 iters/s

running (09m56.4s), 055/788 VUs, 35983 complete and 0 interrupted iterations
openloop_gradual   [  83% ] 055/788 VUs  09m56.4s/12m0s  072.15 iters/s

running (09m57.4s), 052/788 VUs, 36058 complete and 0 interrupted iterations
openloop_gradual   [  83% ] 052/788 VUs  09m57.4s/12m0s  071.56 iters/s

running (09m58.4s), 052/788 VUs, 36130 complete and 0 interrupted iterations
openloop_gradual   [  83% ] 052/788 VUs  09m58.4s/12m0s  070.97 iters/s

running (09m59.4s), 047/788 VUs, 36205 complete and 0 interrupted iterations
openloop_gradual   [  83% ] 047/788 VUs  09m59.4s/12m0s  070.39 iters/s

running (10m00.4s), 049/788 VUs, 36273 complete and 0 interrupted iterations
openloop_gradual   [  83% ] 049/788 VUs  10m00.4s/12m0s  069.81 iters/s

running (10m01.4s), 051/788 VUs, 36341 complete and 0 interrupted iterations
openloop_gradual   [  84% ] 051/788 VUs  10m01.4s/12m0s  069.22 iters/s

running (10m02.4s), 047/788 VUs, 36414 complete and 0 interrupted iterations
openloop_gradual   [  84% ] 047/788 VUs  10m02.4s/12m0s  068.64 iters/s

running (10m03.4s), 048/788 VUs, 36481 complete and 0 interrupted iterations
openloop_gradual   [  84% ] 048/788 VUs  10m03.4s/12m0s  068.06 iters/s

running (10m04.4s), 050/788 VUs, 36547 complete and 0 interrupted iterations
openloop_gradual   [  84% ] 050/788 VUs  10m04.4s/12m0s  067.48 iters/s

running (10m05.4s), 049/788 VUs, 36615 complete and 0 interrupted iterations
openloop_gradual   [  84% ] 049/788 VUs  10m05.4s/12m0s  066.89 iters/s

running (10m06.4s), 046/788 VUs, 36685 complete and 0 interrupted iterations
openloop_gradual   [  84% ] 046/788 VUs  10m06.4s/12m0s  066.31 iters/s

running (10m07.4s), 048/788 VUs, 36749 complete and 0 interrupted iterations
openloop_gradual   [  84% ] 048/788 VUs  10m07.4s/12m0s  065.72 iters/s

running (10m08.4s), 044/788 VUs, 36818 complete and 0 interrupted iterations
openloop_gradual   [  84% ] 044/788 VUs  10m08.4s/12m0s  065.14 iters/s

running (10m09.4s), 046/788 VUs, 36881 complete and 0 interrupted iterations
openloop_gradual   [  85% ] 046/788 VUs  10m09.4s/12m0s  064.56 iters/s

running (10m10.4s), 044/788 VUs, 36947 complete and 0 interrupted iterations
openloop_gradual   [  85% ] 044/788 VUs  10m10.4s/12m0s  063.98 iters/s

running (10m11.4s), 045/788 VUs, 37010 complete and 0 interrupted iterations
openloop_gradual   [  85% ] 045/788 VUs  10m11.4s/12m0s  063.39 iters/s

running (10m12.4s), 044/788 VUs, 37074 complete and 0 interrupted iterations
openloop_gradual   [  85% ] 044/788 VUs  10m12.4s/12m0s  062.81 iters/s

running (10m13.4s), 047/788 VUs, 37134 complete and 0 interrupted iterations
openloop_gradual   [  85% ] 047/788 VUs  10m13.4s/12m0s  062.22 iters/s

running (10m14.4s), 042/788 VUs, 37200 complete and 0 interrupted iterations
openloop_gradual   [  85% ] 042/788 VUs  10m14.4s/12m0s  061.65 iters/s

running (10m15.4s), 045/788 VUs, 37259 complete and 0 interrupted iterations
openloop_gradual   [  85% ] 045/788 VUs  10m15.4s/12m0s  061.06 iters/s

running (10m16.4s), 043/788 VUs, 37322 complete and 0 interrupted iterations
openloop_gradual   [  86% ] 043/788 VUs  10m16.4s/12m0s  060.47 iters/s

running (10m17.4s), 042/788 VUs, 37383 complete and 0 interrupted iterations
openloop_gradual   [  86% ] 042/788 VUs  10m17.4s/12m0s  059.89 iters/s

running (10m18.4s), 045/788 VUs, 37439 complete and 0 interrupted iterations
openloop_gradual   [  86% ] 045/788 VUs  10m18.4s/12m0s  059.31 iters/s

running (10m19.4s), 044/788 VUs, 37499 complete and 0 interrupted iterations
openloop_gradual   [  86% ] 044/788 VUs  10m19.4s/12m0s  058.73 iters/s

running (10m20.4s), 043/788 VUs, 37559 complete and 0 interrupted iterations
openloop_gradual   [  86% ] 043/788 VUs  10m20.4s/12m0s  058.14 iters/s

running (10m21.4s), 043/788 VUs, 37617 complete and 0 interrupted iterations
openloop_gradual   [  86% ] 043/788 VUs  10m21.4s/12m0s  057.56 iters/s

running (10m22.4s), 039/788 VUs, 37678 complete and 0 interrupted iterations
openloop_gradual   [  86% ] 039/788 VUs  10m22.4s/12m0s  056.98 iters/s

running (10m23.4s), 042/788 VUs, 37732 complete and 0 interrupted iterations
openloop_gradual   [  87% ] 042/788 VUs  10m23.4s/12m0s  056.39 iters/s

running (10m24.4s), 039/788 VUs, 37791 complete and 0 interrupted iterations
openloop_gradual   [  87% ] 039/788 VUs  10m24.4s/12m0s  055.81 iters/s

running (10m25.4s), 041/788 VUs, 37844 complete and 0 interrupted iterations
openloop_gradual   [  87% ] 041/788 VUs  10m25.4s/12m0s  055.23 iters/s

running (10m26.4s), 037/788 VUs, 37903 complete and 0 interrupted iterations
openloop_gradual   [  87% ] 037/788 VUs  10m26.4s/12m0s  054.65 iters/s

running (10m27.4s), 037/788 VUs, 37958 complete and 0 interrupted iterations
openloop_gradual   [  87% ] 037/788 VUs  10m27.4s/12m0s  054.05 iters/s

running (10m28.4s), 044/788 VUs, 38004 complete and 0 interrupted iterations
openloop_gradual   [  87% ] 044/788 VUs  10m28.4s/12m0s  053.48 iters/s

running (10m29.4s), 035/788 VUs, 38066 complete and 0 interrupted iterations
openloop_gradual   [  87% ] 035/788 VUs  10m29.4s/12m0s  052.89 iters/s

running (10m30.4s), 038/788 VUs, 38116 complete and 0 interrupted iterations
openloop_gradual   [  88% ] 038/788 VUs  10m30.4s/12m0s  052.31 iters/s

running (10m31.4s), 034/788 VUs, 38172 complete and 0 interrupted iterations
openloop_gradual   [  88% ] 034/788 VUs  10m31.4s/12m0s  051.73 iters/s

running (10m32.4s), 037/788 VUs, 38221 complete and 0 interrupted iterations
openloop_gradual   [  88% ] 037/788 VUs  10m32.4s/12m0s  051.14 iters/s

running (10m33.4s), 037/788 VUs, 38271 complete and 0 interrupted iterations
openloop_gradual   [  88% ] 037/788 VUs  10m33.4s/12m0s  050.56 iters/s

running (10m34.4s), 038/788 VUs, 38321 complete and 0 interrupted iterations
openloop_gradual   [  88% ] 038/788 VUs  10m34.4s/12m0s  049.97 iters/s

running (10m35.4s), 033/788 VUs, 38375 complete and 0 interrupted iterations
openloop_gradual   [  88% ] 033/788 VUs  10m35.4s/12m0s  049.40 iters/s

running (10m36.4s), 038/788 VUs, 38420 complete and 0 interrupted iterations
openloop_gradual   [  88% ] 038/788 VUs  10m36.4s/12m0s  048.80 iters/s

running (10m37.4s), 036/788 VUs, 38470 complete and 0 interrupted iterations
openloop_gradual   [  89% ] 036/788 VUs  10m37.4s/12m0s  048.23 iters/s

running (10m38.4s), 035/788 VUs, 38519 complete and 0 interrupted iterations
openloop_gradual   [  89% ] 035/788 VUs  10m38.4s/12m0s  047.64 iters/s

running (10m39.4s), 033/788 VUs, 38568 complete and 0 interrupted iterations
openloop_gradual   [  89% ] 033/788 VUs  10m39.4s/12m0s  047.06 iters/s

running (10m40.4s), 031/788 VUs, 38617 complete and 0 interrupted iterations
openloop_gradual   [  89% ] 031/788 VUs  10m40.4s/12m0s  046.48 iters/s

running (10m41.4s), 034/788 VUs, 38660 complete and 0 interrupted iterations
openloop_gradual   [  89% ] 034/788 VUs  10m41.4s/12m0s  045.90 iters/s

running (10m42.4s), 031/788 VUs, 38709 complete and 0 interrupted iterations
openloop_gradual   [  89% ] 031/788 VUs  10m42.4s/12m0s  045.31 iters/s

running (10m43.4s), 028/788 VUs, 38757 complete and 0 interrupted iterations
openloop_gradual   [  89% ] 028/788 VUs  10m43.4s/12m0s  044.72 iters/s

running (10m44.4s), 035/788 VUs, 38794 complete and 0 interrupted iterations
openloop_gradual   [  89% ] 035/788 VUs  10m44.4s/12m0s  044.15 iters/s

running (10m45.4s), 030/788 VUs, 38843 complete and 0 interrupted iterations
openloop_gradual   [  90% ] 030/788 VUs  10m45.4s/12m0s  043.56 iters/s

running (10m46.4s), 031/788 VUs, 38885 complete and 0 interrupted iterations
openloop_gradual   [  90% ] 031/788 VUs  10m46.4s/12m0s  042.98 iters/s

running (10m47.4s), 029/788 VUs, 38930 complete and 0 interrupted iterations
openloop_gradual   [  90% ] 029/788 VUs  10m47.4s/12m0s  042.39 iters/s

running (10m48.4s), 034/788 VUs, 38967 complete and 0 interrupted iterations
openloop_gradual   [  90% ] 034/788 VUs  10m48.4s/12m0s  041.81 iters/s

running (10m49.4s), 029/788 VUs, 39014 complete and 0 interrupted iterations
openloop_gradual   [  90% ] 029/788 VUs  10m49.4s/12m0s  041.22 iters/s

running (10m50.4s), 028/788 VUs, 39056 complete and 0 interrupted iterations
openloop_gradual   [  90% ] 028/788 VUs  10m50.4s/12m0s  040.64 iters/s

running (10m51.4s), 028/788 VUs, 39096 complete and 0 interrupted iterations
openloop_gradual   [  90% ] 028/788 VUs  10m51.4s/12m0s  040.06 iters/s

running (10m52.4s), 029/788 VUs, 39135 complete and 0 interrupted iterations
openloop_gradual   [  91% ] 029/788 VUs  10m52.4s/12m0s  039.47 iters/s

running (10m53.4s), 029/788 VUs, 39174 complete and 0 interrupted iterations
openloop_gradual   [  91% ] 029/788 VUs  10m53.4s/12m0s  038.89 iters/s

running (10m54.4s), 028/788 VUs, 39214 complete and 0 interrupted iterations
openloop_gradual   [  91% ] 028/788 VUs  10m54.4s/12m0s  038.30 iters/s

running (10m55.4s), 027/788 VUs, 39253 complete and 0 interrupted iterations
openloop_gradual   [  91% ] 027/788 VUs  10m55.4s/12m0s  037.72 iters/s

running (10m56.4s), 029/788 VUs, 39288 complete and 0 interrupted iterations
openloop_gradual   [  91% ] 029/788 VUs  10m56.4s/12m0s  037.14 iters/s

running (10m57.4s), 025/788 VUs, 39329 complete and 0 interrupted iterations
openloop_gradual   [  91% ] 025/788 VUs  10m57.4s/12m0s  036.56 iters/s

running (10m58.4s), 023/788 VUs, 39367 complete and 0 interrupted iterations
openloop_gradual   [  91% ] 023/788 VUs  10m58.4s/12m0s  035.98 iters/s

running (10m59.4s), 028/788 VUs, 39398 complete and 0 interrupted iterations
openloop_gradual   [  92% ] 028/788 VUs  10m59.4s/12m0s  035.39 iters/s

running (11m00.4s), 024/788 VUs, 39437 complete and 0 interrupted iterations
openloop_gradual   [  92% ] 024/788 VUs  11m00.4s/12m0s  034.81 iters/s

running (11m01.4s), 022/788 VUs, 39473 complete and 0 interrupted iterations
openloop_gradual   [  92% ] 022/788 VUs  11m01.4s/12m0s  034.23 iters/s

running (11m02.4s), 024/788 VUs, 39505 complete and 0 interrupted iterations
openloop_gradual   [  92% ] 024/788 VUs  11m02.4s/12m0s  033.65 iters/s

running (11m03.4s), 022/788 VUs, 39541 complete and 0 interrupted iterations
openloop_gradual   [  92% ] 022/788 VUs  11m03.4s/12m0s  033.05 iters/s

running (11m04.4s), 026/788 VUs, 39570 complete and 0 interrupted iterations
openloop_gradual   [  92% ] 026/788 VUs  11m04.4s/12m0s  032.47 iters/s

running (11m05.4s), 022/788 VUs, 39606 complete and 0 interrupted iterations
openloop_gradual   [  92% ] 022/788 VUs  11m05.4s/12m0s  031.89 iters/s

running (11m06.4s), 023/788 VUs, 39636 complete and 0 interrupted iterations
openloop_gradual   [  93% ] 023/788 VUs  11m06.4s/12m0s  031.31 iters/s

running (11m07.4s), 022/788 VUs, 39668 complete and 0 interrupted iterations
openloop_gradual   [  93% ] 022/788 VUs  11m07.4s/12m0s  030.73 iters/s

running (11m08.4s), 022/788 VUs, 39699 complete and 0 interrupted iterations
openloop_gradual   [  93% ] 022/788 VUs  11m08.4s/12m0s  030.14 iters/s

running (11m09.4s), 021/788 VUs, 39730 complete and 0 interrupted iterations
openloop_gradual   [  93% ] 021/788 VUs  11m09.4s/12m0s  029.55 iters/s

running (11m10.4s), 020/788 VUs, 39760 complete and 0 interrupted iterations
openloop_gradual   [  93% ] 020/788 VUs  11m10.4s/12m0s  028.97 iters/s

running (11m11.4s), 022/788 VUs, 39787 complete and 0 interrupted iterations
openloop_gradual   [  93% ] 022/788 VUs  11m11.4s/12m0s  028.38 iters/s

running (11m12.4s), 019/788 VUs, 39818 complete and 0 interrupted iterations
openloop_gradual   [  93% ] 019/788 VUs  11m12.4s/12m0s  027.80 iters/s

running (11m13.4s), 021/788 VUs, 39843 complete and 0 interrupted iterations
openloop_gradual   [  94% ] 021/788 VUs  11m13.4s/12m0s  027.23 iters/s

running (11m14.4s), 018/788 VUs, 39873 complete and 0 interrupted iterations
openloop_gradual   [  94% ] 018/788 VUs  11m14.4s/12m0s  026.64 iters/s

running (11m15.4s), 017/788 VUs, 39900 complete and 0 interrupted iterations
openloop_gradual   [  94% ] 017/788 VUs  11m15.4s/12m0s  026.07 iters/s

running (11m16.4s), 019/788 VUs, 39924 complete and 0 interrupted iterations
openloop_gradual   [  94% ] 019/788 VUs  11m16.4s/12m0s  025.48 iters/s

running (11m17.4s), 019/788 VUs, 39949 complete and 0 interrupted iterations
openloop_gradual   [  94% ] 019/788 VUs  11m17.4s/12m0s  024.90 iters/s

running (11m18.4s), 017/788 VUs, 39976 complete and 0 interrupted iterations
openloop_gradual   [  94% ] 017/788 VUs  11m18.4s/12m0s  024.31 iters/s

running (11m19.4s), 016/788 VUs, 40001 complete and 0 interrupted iterations
openloop_gradual   [  94% ] 016/788 VUs  11m19.4s/12m0s  023.73 iters/s

running (11m20.4s), 018/788 VUs, 40022 complete and 0 interrupted iterations
openloop_gradual   [  94% ] 018/788 VUs  11m20.4s/12m0s  023.15 iters/s

running (11m21.4s), 014/788 VUs, 40049 complete and 0 interrupted iterations
openloop_gradual   [  95% ] 014/788 VUs  11m21.4s/12m0s  022.57 iters/s

running (11m22.4s), 016/788 VUs, 40070 complete and 0 interrupted iterations
openloop_gradual   [  95% ] 016/788 VUs  11m22.4s/12m0s  021.96 iters/s

running (11m23.4s), 014/788 VUs, 40093 complete and 0 interrupted iterations
openloop_gradual   [  95% ] 014/788 VUs  11m23.4s/12m0s  021.40 iters/s

running (11m24.4s), 017/788 VUs, 40111 complete and 0 interrupted iterations
openloop_gradual   [  95% ] 017/788 VUs  11m24.4s/12m0s  020.82 iters/s

running (11m25.4s), 014/788 VUs, 40135 complete and 0 interrupted iterations
openloop_gradual   [  95% ] 014/788 VUs  11m25.4s/12m0s  020.22 iters/s

running (11m26.4s), 016/788 VUs, 40153 complete and 0 interrupted iterations
openloop_gradual   [  95% ] 016/788 VUs  11m26.4s/12m0s  019.64 iters/s

running (11m27.4s), 012/788 VUs, 40176 complete and 0 interrupted iterations
openloop_gradual   [  95% ] 012/788 VUs  11m27.4s/12m0s  019.06 iters/s

running (11m28.4s), 012/788 VUs, 40195 complete and 0 interrupted iterations
openloop_gradual   [  96% ] 012/788 VUs  11m28.4s/12m0s  018.47 iters/s

running (11m29.4s), 013/788 VUs, 40212 complete and 0 interrupted iterations
openloop_gradual   [  96% ] 013/788 VUs  11m29.4s/12m0s  017.90 iters/s

running (11m30.4s), 012/788 VUs, 40231 complete and 0 interrupted iterations
openloop_gradual   [  96% ] 012/788 VUs  11m30.4s/12m0s  017.30 iters/s

running (11m31.4s), 011/788 VUs, 40249 complete and 0 interrupted iterations
openloop_gradual   [  96% ] 011/788 VUs  11m31.4s/12m0s  016.72 iters/s

running (11m32.4s), 012/788 VUs, 40264 complete and 0 interrupted iterations
openloop_gradual   [  96% ] 012/788 VUs  11m32.4s/12m0s  016.15 iters/s

running (11m33.4s), 011/788 VUs, 40281 complete and 0 interrupted iterations
openloop_gradual   [  96% ] 011/788 VUs  11m33.4s/12m0s  015.56 iters/s

running (11m34.4s), 009/788 VUs, 40298 complete and 0 interrupted iterations
openloop_gradual   [  96% ] 009/788 VUs  11m34.4s/12m0s  014.99 iters/s

running (11m35.4s), 011/788 VUs, 40311 complete and 0 interrupted iterations
openloop_gradual   [  97% ] 011/788 VUs  11m35.4s/12m0s  014.39 iters/s

running (11m36.4s), 008/788 VUs, 40328 complete and 0 interrupted iterations
openloop_gradual   [  97% ] 008/788 VUs  11m36.4s/12m0s  013.81 iters/s

running (11m37.4s), 011/788 VUs, 40339 complete and 0 interrupted iterations
openloop_gradual   [  97% ] 011/788 VUs  11m37.4s/12m0s  013.21 iters/s

running (11m38.4s), 009/788 VUs, 40353 complete and 0 interrupted iterations
openloop_gradual   [  97% ] 009/788 VUs  11m38.4s/12m0s  012.67 iters/s

running (11m39.4s), 008/788 VUs, 40367 complete and 0 interrupted iterations
openloop_gradual   [  97% ] 008/788 VUs  11m39.4s/12m0s  012.05 iters/s

running (11m40.4s), 008/788 VUs, 40379 complete and 0 interrupted iterations
openloop_gradual   [  97% ] 008/788 VUs  11m40.4s/12m0s  011.46 iters/s

running (11m41.4s), 008/788 VUs, 40390 complete and 0 interrupted iterations
openloop_gradual   [  97% ] 008/788 VUs  11m41.4s/12m0s  010.88 iters/s

running (11m42.4s), 007/788 VUs, 40401 complete and 0 interrupted iterations
openloop_gradual   [  98% ] 007/788 VUs  11m42.4s/12m0s  010.33 iters/s

running (11m43.4s), 007/788 VUs, 40411 complete and 0 interrupted iterations
openloop_gradual   [  98% ] 007/788 VUs  11m43.4s/12m0s  009.75 iters/s

running (11m44.4s), 007/788 VUs, 40421 complete and 0 interrupted iterations
openloop_gradual   [  98% ] 007/788 VUs  11m44.4s/12m0s  009.13 iters/s

running (11m45.4s), 006/788 VUs, 40431 complete and 0 interrupted iterations
openloop_gradual   [  98% ] 006/788 VUs  11m45.4s/12m0s  008.54 iters/s

running (11m46.4s), 005/788 VUs, 40440 complete and 0 interrupted iterations
openloop_gradual   [  98% ] 005/788 VUs  11m46.4s/12m0s  007.97 iters/s

running (11m47.4s), 005/788 VUs, 40448 complete and 0 interrupted iterations
openloop_gradual   [  98% ] 005/788 VUs  11m47.4s/12m0s  007.37 iters/s

running (11m48.4s), 004/788 VUs, 40456 complete and 0 interrupted iterations
openloop_gradual   [  98% ] 004/788 VUs  11m48.4s/12m0s  006.79 iters/s

running (11m49.4s), 004/788 VUs, 40462 complete and 0 interrupted iterations
openloop_gradual   [  99% ] 004/788 VUs  11m49.4s/12m0s  006.25 iters/s

running (11m50.4s), 005/788 VUs, 40467 complete and 0 interrupted iterations
openloop_gradual   [  99% ] 005/788 VUs  11m50.4s/12m0s  005.66 iters/s

running (11m51.4s), 004/788 VUs, 40474 complete and 0 interrupted iterations
openloop_gradual   [  99% ] 004/788 VUs  11m51.4s/12m0s  005.01 iters/s

running (11m52.4s), 002/788 VUs, 40480 complete and 0 interrupted iterations
openloop_gradual   [  99% ] 002/788 VUs  11m52.4s/12m0s  004.52 iters/s

running (11m53.4s), 003/788 VUs, 40484 complete and 0 interrupted iterations
openloop_gradual   [  99% ] 003/788 VUs  11m53.4s/12m0s  003.82 iters/s

running (11m54.4s), 002/788 VUs, 40488 complete and 0 interrupted iterations
openloop_gradual   [  99% ] 002/788 VUs  11m54.4s/12m0s  003.33 iters/s

running (11m55.4s), 002/788 VUs, 40491 complete and 0 interrupted iterations
openloop_gradual   [  99% ] 002/788 VUs  11m55.4s/12m0s  002.75 iters/s

running (11m56.4s), 002/788 VUs, 40494 complete and 0 interrupted iterations
openloop_gradual   [  99% ] 002/788 VUs  11m56.4s/12m0s  002.02 iters/s

running (11m57.4s), 001/788 VUs, 40496 complete and 0 interrupted iterations
openloop_gradual   [ 100% ] 001/788 VUs  11m57.4s/12m0s  001.70 iters/s

running (11m58.4s), 001/788 VUs, 40498 complete and 0 interrupted iterations
openloop_gradual   [ 100% ] 001/788 VUs  11m58.4s/12m0s  000.54 iters/s

running (11m59.4s), 000/788 VUs, 40499 complete and 0 interrupted iterations
openloop_gradual   [ 100% ] 000/788 VUs  11m59.4s/12m0s  000.54 iters/s

     ✓ status is 200
     ✓ returns quotes
     ✓ response time <2000ms

     █ setup

     checks.........................: 100.00% ✓ 121497    ✗ 0    
     data_received..................: 30 MB   42 kB/s
     data_sent......................: 19 MB   26 kB/s
     http_req_blocked...............: avg=516.75µs min=113.66µs med=201.97µs max=1.01s    p(90)=1.13ms   p(95)=1.19ms   p(99)=2.26ms  
     http_req_connecting............: avg=467.63µs min=89.6µs   med=151.01µs max=1.01s    p(90)=1.08ms   p(95)=1.14ms   p(99)=2.2ms   
     http_req_duration..............: avg=708.81ms min=468.89ms med=709.26ms max=962.08ms p(90)=896.28ms p(95)=917.18ms p(99)=933.63ms
       { expected_response:true }...: avg=708.81ms min=468.89ms med=709.26ms max=962.08ms p(90)=896.28ms p(95)=917.18ms p(99)=933.63ms
     http_req_failed................: 0.00%   ✓ 0         ✗ 40499
     http_req_receiving.............: avg=154.15µs min=27.99µs  med=143.35µs max=6.3ms    p(90)=211.58µs p(95)=257.66µs p(99)=486.98µs
     http_req_sending...............: avg=47.02µs  min=21.03µs  med=45.02µs  max=1.32ms   p(90)=60.19µs  p(95)=66.7µs   p(99)=83.56µs 
     http_req_tls_handshaking.......: avg=0s       min=0s       med=0s       max=0s       p(90)=0s       p(95)=0s       p(99)=0s      
     http_req_waiting...............: avg=708.6ms  min=468.73ms med=709.06ms max=961.97ms p(90)=896.12ms p(95)=917ms    p(99)=933.38ms
     http_reqs......................: 40499   56.248405/s
     iteration_duration.............: avg=709.6ms  min=387.3µs  med=710.05ms max=1.75s    p(90)=897.06ms p(95)=918.04ms p(99)=934.36ms
     iterations.....................: 40499   56.248405/s
     req_e2e_duration...............: avg=709.43ms min=469ms    med=710ms    max=1.75s    p(90)=897ms    p(95)=918ms    p(99)=934ms   
     vus............................: 0       min=0       max=81 
     vus_max........................: 788     min=788     max=788


running (12m00.0s), 000/788 VUs, 40499 complete and 0 interrupted iterations
openloop_gradual ✓ [ 100% ] 000/788 VUs  12m0s  000.54 iters/s
[openloop-wrapper] k6 exit code 0
