
          /\      |‾‾| /‾‾/   /‾‾/   
     /\  /  \     |  |/  /   /  /    
    /  \/    \    |     (   /   ‾‾\  
   /          \   |  |\  \ |  (‾)  | 
  / __________ \  |__| \__\ \_____/ .io

  execution: local
     script: /scripts/load-test.js
     output: json (/results/results.json.gz)

  scenarios: (100.00%) 1 scenario, 225 max VUs, 12m30s max duration (incl. graceful stop):
           * openloop_oscillating: Up to 30.00 iterations/s for 12m0s over 12 stages (maxVUs: 225, gracefulStop: 30s)

time="2026-10-06T13:45:13Z" level=info msg="OPENLOOP_CONFIG service=auth-service pattern=oscillating base_rate=2 peak_rate=30 timeout=5s vu_factor=1.5 openloop_oscillating:ramping-arrival-rate:vus=225/225" source=console
time="2026-10-06T13:45:13Z" level=info msg="PREAUTH_USED tokens=120" source=console
time="2026-10-06T13:45:14Z" level=info msg="SCENARIO_START name=openloop_oscillating start_ms=1791294313870" source=console

running (00m00.9s), 000/225 VUs, 1 complete and 0 interrupted iterations
openloop_oscillating   [   0% ] 000/225 VUs  00m00.8s/12m0s  02.00 iters/s

running (00m01.9s), 000/225 VUs, 3 complete and 0 interrupted iterations
openloop_oscillating   [   0% ] 000/225 VUs  00m01.8s/12m0s  02.00 iters/s

running (00m02.9s), 001/225 VUs, 4 complete and 0 interrupted iterations
openloop_oscillating   [   0% ] 001/225 VUs  00m02.8s/12m0s  02.00 iters/s

running (00m03.9s), 000/225 VUs, 7 complete and 0 interrupted iterations
openloop_oscillating   [   1% ] 000/225 VUs  00m03.8s/12m0s  02.00 iters/s

running (00m04.9s), 000/225 VUs, 9 complete and 0 interrupted iterations
openloop_oscillating   [   1% ] 000/225 VUs  00m04.8s/12m0s  02.00 iters/s

running (00m05.9s), 000/225 VUs, 11 complete and 0 interrupted iterations
openloop_oscillating   [   1% ] 000/225 VUs  00m05.8s/12m0s  02.00 iters/s

running (00m06.9s), 000/225 VUs, 13 complete and 0 interrupted iterations
openloop_oscillating   [   1% ] 000/225 VUs  00m06.8s/12m0s  02.00 iters/s

running (00m07.9s), 000/225 VUs, 15 complete and 0 interrupted iterations
openloop_oscillating   [   1% ] 000/225 VUs  00m07.8s/12m0s  02.00 iters/s

running (00m08.9s), 000/225 VUs, 17 complete and 0 interrupted iterations
openloop_oscillating   [   1% ] 000/225 VUs  00m08.8s/12m0s  02.00 iters/s

running (00m09.9s), 000/225 VUs, 19 complete and 0 interrupted iterations
openloop_oscillating   [   1% ] 000/225 VUs  00m09.8s/12m0s  02.00 iters/s

running (00m10.9s), 000/225 VUs, 21 complete and 0 interrupted iterations
openloop_oscillating   [   2% ] 000/225 VUs  00m10.8s/12m0s  02.00 iters/s

running (00m11.9s), 000/225 VUs, 23 complete and 0 interrupted iterations
openloop_oscillating   [   2% ] 000/225 VUs  00m11.8s/12m0s  02.00 iters/s

running (00m12.9s), 001/225 VUs, 24 complete and 0 interrupted iterations
openloop_oscillating   [   2% ] 001/225 VUs  00m12.8s/12m0s  02.00 iters/s

running (00m13.9s), 000/225 VUs, 27 complete and 0 interrupted iterations
openloop_oscillating   [   2% ] 000/225 VUs  00m13.8s/12m0s  02.00 iters/s

running (00m14.9s), 000/225 VUs, 29 complete and 0 interrupted iterations
openloop_oscillating   [   2% ] 000/225 VUs  00m14.8s/12m0s  02.00 iters/s

running (00m15.9s), 000/225 VUs, 31 complete and 0 interrupted iterations
openloop_oscillating   [   2% ] 000/225 VUs  00m15.8s/12m0s  02.00 iters/s

running (00m16.9s), 001/225 VUs, 32 complete and 0 interrupted iterations
openloop_oscillating   [   2% ] 001/225 VUs  00m16.8s/12m0s  02.00 iters/s

running (00m17.9s), 000/225 VUs, 35 complete and 0 interrupted iterations
openloop_oscillating   [   2% ] 000/225 VUs  00m17.8s/12m0s  02.00 iters/s

running (00m18.9s), 000/225 VUs, 37 complete and 0 interrupted iterations
openloop_oscillating   [   3% ] 000/225 VUs  00m18.8s/12m0s  02.00 iters/s

running (00m19.9s), 000/225 VUs, 39 complete and 0 interrupted iterations
openloop_oscillating   [   3% ] 000/225 VUs  00m19.8s/12m0s  02.00 iters/s

running (00m20.9s), 000/225 VUs, 41 complete and 0 interrupted iterations
openloop_oscillating   [   3% ] 000/225 VUs  00m20.8s/12m0s  02.00 iters/s

running (00m21.9s), 000/225 VUs, 43 complete and 0 interrupted iterations
openloop_oscillating   [   3% ] 000/225 VUs  00m21.8s/12m0s  02.00 iters/s

running (00m22.9s), 000/225 VUs, 45 complete and 0 interrupted iterations
openloop_oscillating   [   3% ] 000/225 VUs  00m22.8s/12m0s  02.00 iters/s

running (00m23.9s), 000/225 VUs, 47 complete and 0 interrupted iterations
openloop_oscillating   [   3% ] 000/225 VUs  00m23.8s/12m0s  02.00 iters/s

running (00m24.9s), 000/225 VUs, 49 complete and 0 interrupted iterations
openloop_oscillating   [   3% ] 000/225 VUs  00m24.8s/12m0s  02.00 iters/s

running (00m25.9s), 000/225 VUs, 51 complete and 0 interrupted iterations
openloop_oscillating   [   4% ] 000/225 VUs  00m25.8s/12m0s  02.00 iters/s

running (00m26.9s), 000/225 VUs, 53 complete and 0 interrupted iterations
openloop_oscillating   [   4% ] 000/225 VUs  00m26.8s/12m0s  02.00 iters/s

running (00m27.9s), 000/225 VUs, 55 complete and 0 interrupted iterations
openloop_oscillating   [   4% ] 000/225 VUs  00m27.8s/12m0s  02.00 iters/s

running (00m28.9s), 000/225 VUs, 57 complete and 0 interrupted iterations
openloop_oscillating   [   4% ] 000/225 VUs  00m28.8s/12m0s  02.00 iters/s

running (00m29.9s), 000/225 VUs, 59 complete and 0 interrupted iterations
openloop_oscillating   [   4% ] 000/225 VUs  00m29.8s/12m0s  02.00 iters/s

running (00m30.9s), 000/225 VUs, 61 complete and 0 interrupted iterations
openloop_oscillating   [   4% ] 000/225 VUs  00m30.8s/12m0s  02.00 iters/s

running (00m31.9s), 000/225 VUs, 63 complete and 0 interrupted iterations
openloop_oscillating   [   4% ] 000/225 VUs  00m31.8s/12m0s  02.00 iters/s

running (00m32.9s), 000/225 VUs, 65 complete and 0 interrupted iterations
openloop_oscillating   [   5% ] 000/225 VUs  00m32.8s/12m0s  02.00 iters/s

running (00m33.9s), 000/225 VUs, 67 complete and 0 interrupted iterations
openloop_oscillating   [   5% ] 000/225 VUs  00m33.8s/12m0s  02.00 iters/s

running (00m34.9s), 000/225 VUs, 69 complete and 0 interrupted iterations
openloop_oscillating   [   5% ] 000/225 VUs  00m34.8s/12m0s  02.00 iters/s

running (00m35.9s), 000/225 VUs, 71 complete and 0 interrupted iterations
openloop_oscillating   [   5% ] 000/225 VUs  00m35.8s/12m0s  02.00 iters/s

running (00m36.9s), 000/225 VUs, 73 complete and 0 interrupted iterations
openloop_oscillating   [   5% ] 000/225 VUs  00m36.8s/12m0s  02.00 iters/s

running (00m37.9s), 000/225 VUs, 75 complete and 0 interrupted iterations
openloop_oscillating   [   5% ] 000/225 VUs  00m37.8s/12m0s  02.00 iters/s

running (00m38.9s), 001/225 VUs, 76 complete and 0 interrupted iterations
openloop_oscillating   [   5% ] 001/225 VUs  00m38.8s/12m0s  02.00 iters/s

running (00m39.9s), 000/225 VUs, 79 complete and 0 interrupted iterations
openloop_oscillating   [   6% ] 000/225 VUs  00m39.8s/12m0s  02.00 iters/s

running (00m40.9s), 000/225 VUs, 81 complete and 0 interrupted iterations
openloop_oscillating   [   6% ] 000/225 VUs  00m40.8s/12m0s  02.00 iters/s

running (00m41.9s), 000/225 VUs, 83 complete and 0 interrupted iterations
openloop_oscillating   [   6% ] 000/225 VUs  00m41.8s/12m0s  02.00 iters/s

running (00m42.9s), 000/225 VUs, 85 complete and 0 interrupted iterations
openloop_oscillating   [   6% ] 000/225 VUs  00m42.8s/12m0s  02.00 iters/s

running (00m43.9s), 000/225 VUs, 87 complete and 0 interrupted iterations
openloop_oscillating   [   6% ] 000/225 VUs  00m43.8s/12m0s  02.00 iters/s

running (00m44.9s), 000/225 VUs, 89 complete and 0 interrupted iterations
openloop_oscillating   [   6% ] 000/225 VUs  00m44.8s/12m0s  02.00 iters/s

running (00m45.9s), 000/225 VUs, 91 complete and 0 interrupted iterations
openloop_oscillating   [   6% ] 000/225 VUs  00m45.8s/12m0s  02.00 iters/s

running (00m46.9s), 000/225 VUs, 93 complete and 0 interrupted iterations
openloop_oscillating   [   7% ] 000/225 VUs  00m46.8s/12m0s  02.00 iters/s

running (00m47.9s), 001/225 VUs, 94 complete and 0 interrupted iterations
openloop_oscillating   [   7% ] 001/225 VUs  00m47.8s/12m0s  02.00 iters/s

running (00m48.9s), 000/225 VUs, 97 complete and 0 interrupted iterations
openloop_oscillating   [   7% ] 000/225 VUs  00m48.8s/12m0s  02.00 iters/s

running (00m49.9s), 000/225 VUs, 99 complete and 0 interrupted iterations
openloop_oscillating   [   7% ] 000/225 VUs  00m49.8s/12m0s  02.00 iters/s

running (00m50.9s), 000/225 VUs, 101 complete and 0 interrupted iterations
openloop_oscillating   [   7% ] 000/225 VUs  00m50.8s/12m0s  02.00 iters/s

running (00m51.9s), 001/225 VUs, 102 complete and 0 interrupted iterations
openloop_oscillating   [   7% ] 001/225 VUs  00m51.8s/12m0s  02.00 iters/s

running (00m52.9s), 000/225 VUs, 105 complete and 0 interrupted iterations
openloop_oscillating   [   7% ] 000/225 VUs  00m52.8s/12m0s  02.00 iters/s

running (00m53.9s), 000/225 VUs, 107 complete and 0 interrupted iterations
openloop_oscillating   [   7% ] 000/225 VUs  00m53.8s/12m0s  02.00 iters/s

running (00m54.9s), 000/225 VUs, 109 complete and 0 interrupted iterations
openloop_oscillating   [   8% ] 000/225 VUs  00m54.8s/12m0s  02.00 iters/s

running (00m55.9s), 000/225 VUs, 111 complete and 0 interrupted iterations
openloop_oscillating   [   8% ] 000/225 VUs  00m55.8s/12m0s  02.00 iters/s

running (00m56.9s), 000/225 VUs, 113 complete and 0 interrupted iterations
openloop_oscillating   [   8% ] 000/225 VUs  00m56.8s/12m0s  02.00 iters/s

running (00m57.9s), 000/225 VUs, 115 complete and 0 interrupted iterations
openloop_oscillating   [   8% ] 000/225 VUs  00m57.8s/12m0s  02.00 iters/s

running (00m58.9s), 000/225 VUs, 117 complete and 0 interrupted iterations
openloop_oscillating   [   8% ] 000/225 VUs  00m58.8s/12m0s  02.00 iters/s

running (00m59.9s), 000/225 VUs, 119 complete and 0 interrupted iterations
openloop_oscillating   [   8% ] 000/225 VUs  00m59.8s/12m0s  02.00 iters/s

running (01m00.9s), 000/225 VUs, 121 complete and 0 interrupted iterations
openloop_oscillating   [   8% ] 000/225 VUs  01m00.8s/12m0s  02.00 iters/s

running (01m01.9s), 000/225 VUs, 123 complete and 0 interrupted iterations
openloop_oscillating   [   9% ] 000/225 VUs  01m01.8s/12m0s  02.00 iters/s

running (01m02.9s), 000/225 VUs, 125 complete and 0 interrupted iterations
openloop_oscillating   [   9% ] 000/225 VUs  01m02.8s/12m0s  02.00 iters/s

running (01m03.9s), 000/225 VUs, 127 complete and 0 interrupted iterations
openloop_oscillating   [   9% ] 000/225 VUs  01m03.8s/12m0s  02.00 iters/s

running (01m04.9s), 000/225 VUs, 129 complete and 0 interrupted iterations
openloop_oscillating   [   9% ] 000/225 VUs  01m04.8s/12m0s  02.00 iters/s

running (01m05.9s), 000/225 VUs, 131 complete and 0 interrupted iterations
openloop_oscillating   [   9% ] 000/225 VUs  01m05.8s/12m0s  02.00 iters/s

running (01m06.9s), 001/225 VUs, 132 complete and 0 interrupted iterations
openloop_oscillating   [   9% ] 001/225 VUs  01m06.8s/12m0s  02.00 iters/s

running (01m07.9s), 000/225 VUs, 135 complete and 0 interrupted iterations
openloop_oscillating   [   9% ] 000/225 VUs  01m07.8s/12m0s  02.00 iters/s

running (01m08.9s), 000/225 VUs, 137 complete and 0 interrupted iterations
openloop_oscillating   [  10% ] 000/225 VUs  01m08.8s/12m0s  02.00 iters/s

running (01m09.9s), 000/225 VUs, 139 complete and 0 interrupted iterations
openloop_oscillating   [  10% ] 000/225 VUs  01m09.8s/12m0s  02.00 iters/s

running (01m10.9s), 000/225 VUs, 141 complete and 0 interrupted iterations
openloop_oscillating   [  10% ] 000/225 VUs  01m10.8s/12m0s  02.00 iters/s

running (01m11.9s), 000/225 VUs, 143 complete and 0 interrupted iterations
openloop_oscillating   [  10% ] 000/225 VUs  01m11.8s/12m0s  02.00 iters/s

running (01m12.9s), 000/225 VUs, 145 complete and 0 interrupted iterations
openloop_oscillating   [  10% ] 000/225 VUs  01m12.8s/12m0s  02.00 iters/s

running (01m13.9s), 000/225 VUs, 147 complete and 0 interrupted iterations
openloop_oscillating   [  10% ] 000/225 VUs  01m13.8s/12m0s  02.00 iters/s

running (01m14.9s), 000/225 VUs, 149 complete and 0 interrupted iterations
openloop_oscillating   [  10% ] 000/225 VUs  01m14.8s/12m0s  02.00 iters/s

running (01m15.9s), 000/225 VUs, 151 complete and 0 interrupted iterations
openloop_oscillating   [  11% ] 000/225 VUs  01m15.8s/12m0s  02.00 iters/s

running (01m16.9s), 000/225 VUs, 153 complete and 0 interrupted iterations
openloop_oscillating   [  11% ] 000/225 VUs  01m16.8s/12m0s  02.00 iters/s

running (01m17.9s), 000/225 VUs, 155 complete and 0 interrupted iterations
openloop_oscillating   [  11% ] 000/225 VUs  01m17.8s/12m0s  02.00 iters/s

running (01m18.9s), 000/225 VUs, 157 complete and 0 interrupted iterations
openloop_oscillating   [  11% ] 000/225 VUs  01m18.8s/12m0s  02.00 iters/s

running (01m19.9s), 000/225 VUs, 159 complete and 0 interrupted iterations
openloop_oscillating   [  11% ] 000/225 VUs  01m19.8s/12m0s  02.00 iters/s

running (01m20.9s), 000/225 VUs, 161 complete and 0 interrupted iterations
openloop_oscillating   [  11% ] 000/225 VUs  01m20.8s/12m0s  02.00 iters/s

running (01m21.9s), 001/225 VUs, 162 complete and 0 interrupted iterations
openloop_oscillating   [  11% ] 001/225 VUs  01m21.8s/12m0s  02.00 iters/s

running (01m22.9s), 000/225 VUs, 165 complete and 0 interrupted iterations
openloop_oscillating   [  12% ] 000/225 VUs  01m22.8s/12m0s  02.00 iters/s

running (01m23.9s), 000/225 VUs, 167 complete and 0 interrupted iterations
openloop_oscillating   [  12% ] 000/225 VUs  01m23.8s/12m0s  02.00 iters/s

running (01m24.9s), 000/225 VUs, 169 complete and 0 interrupted iterations
openloop_oscillating   [  12% ] 000/225 VUs  01m24.8s/12m0s  02.00 iters/s

running (01m25.9s), 001/225 VUs, 170 complete and 0 interrupted iterations
openloop_oscillating   [  12% ] 001/225 VUs  01m25.8s/12m0s  02.00 iters/s

running (01m26.9s), 000/225 VUs, 173 complete and 0 interrupted iterations
openloop_oscillating   [  12% ] 000/225 VUs  01m26.8s/12m0s  02.00 iters/s

running (01m27.9s), 000/225 VUs, 175 complete and 0 interrupted iterations
openloop_oscillating   [  12% ] 000/225 VUs  01m27.8s/12m0s  02.00 iters/s

running (01m28.9s), 000/225 VUs, 177 complete and 0 interrupted iterations
openloop_oscillating   [  12% ] 000/225 VUs  01m28.8s/12m0s  02.00 iters/s

running (01m29.9s), 000/225 VUs, 179 complete and 0 interrupted iterations
openloop_oscillating   [  12% ] 000/225 VUs  01m29.8s/12m0s  02.00 iters/s

running (01m30.9s), 000/225 VUs, 181 complete and 0 interrupted iterations
openloop_oscillating   [  13% ] 000/225 VUs  01m30.8s/12m0s  02.00 iters/s

running (01m31.9s), 000/225 VUs, 183 complete and 0 interrupted iterations
openloop_oscillating   [  13% ] 000/225 VUs  01m31.8s/12m0s  02.00 iters/s

running (01m32.9s), 000/225 VUs, 185 complete and 0 interrupted iterations
openloop_oscillating   [  13% ] 000/225 VUs  01m32.8s/12m0s  02.00 iters/s

running (01m33.9s), 000/225 VUs, 187 complete and 0 interrupted iterations
openloop_oscillating   [  13% ] 000/225 VUs  01m33.8s/12m0s  02.00 iters/s

running (01m34.9s), 001/225 VUs, 188 complete and 0 interrupted iterations
openloop_oscillating   [  13% ] 001/225 VUs  01m34.8s/12m0s  02.00 iters/s

running (01m35.9s), 000/225 VUs, 191 complete and 0 interrupted iterations
openloop_oscillating   [  13% ] 000/225 VUs  01m35.8s/12m0s  02.00 iters/s

running (01m36.9s), 001/225 VUs, 192 complete and 0 interrupted iterations
openloop_oscillating   [  13% ] 001/225 VUs  01m36.8s/12m0s  02.00 iters/s

running (01m37.9s), 000/225 VUs, 195 complete and 0 interrupted iterations
openloop_oscillating   [  14% ] 000/225 VUs  01m37.8s/12m0s  02.00 iters/s

running (01m38.9s), 000/225 VUs, 197 complete and 0 interrupted iterations
openloop_oscillating   [  14% ] 000/225 VUs  01m38.8s/12m0s  02.00 iters/s

running (01m39.9s), 000/225 VUs, 199 complete and 0 interrupted iterations
openloop_oscillating   [  14% ] 000/225 VUs  01m39.8s/12m0s  02.00 iters/s

running (01m40.9s), 000/225 VUs, 201 complete and 0 interrupted iterations
openloop_oscillating   [  14% ] 000/225 VUs  01m40.8s/12m0s  02.00 iters/s

running (01m41.9s), 000/225 VUs, 203 complete and 0 interrupted iterations
openloop_oscillating   [  14% ] 000/225 VUs  01m41.8s/12m0s  02.00 iters/s

running (01m42.9s), 000/225 VUs, 205 complete and 0 interrupted iterations
openloop_oscillating   [  14% ] 000/225 VUs  01m42.8s/12m0s  02.00 iters/s

running (01m43.9s), 000/225 VUs, 207 complete and 0 interrupted iterations
openloop_oscillating   [  14% ] 000/225 VUs  01m43.8s/12m0s  02.00 iters/s

running (01m44.9s), 000/225 VUs, 209 complete and 0 interrupted iterations
openloop_oscillating   [  15% ] 000/225 VUs  01m44.8s/12m0s  02.00 iters/s

running (01m45.9s), 000/225 VUs, 211 complete and 0 interrupted iterations
openloop_oscillating   [  15% ] 000/225 VUs  01m45.8s/12m0s  02.00 iters/s

running (01m46.9s), 000/225 VUs, 213 complete and 0 interrupted iterations
openloop_oscillating   [  15% ] 000/225 VUs  01m46.8s/12m0s  02.00 iters/s

running (01m47.9s), 000/225 VUs, 215 complete and 0 interrupted iterations
openloop_oscillating   [  15% ] 000/225 VUs  01m47.8s/12m0s  02.00 iters/s

running (01m48.9s), 001/225 VUs, 216 complete and 0 interrupted iterations
openloop_oscillating   [  15% ] 001/225 VUs  01m48.8s/12m0s  02.00 iters/s

running (01m49.9s), 000/225 VUs, 219 complete and 0 interrupted iterations
openloop_oscillating   [  15% ] 000/225 VUs  01m49.8s/12m0s  02.00 iters/s

running (01m50.9s), 000/225 VUs, 221 complete and 0 interrupted iterations
openloop_oscillating   [  15% ] 000/225 VUs  01m50.8s/12m0s  02.00 iters/s

running (01m51.9s), 000/225 VUs, 223 complete and 0 interrupted iterations
openloop_oscillating   [  16% ] 000/225 VUs  01m51.8s/12m0s  02.00 iters/s

running (01m52.9s), 000/225 VUs, 225 complete and 0 interrupted iterations
openloop_oscillating   [  16% ] 000/225 VUs  01m52.8s/12m0s  02.00 iters/s

running (01m53.9s), 000/225 VUs, 227 complete and 0 interrupted iterations
openloop_oscillating   [  16% ] 000/225 VUs  01m53.8s/12m0s  02.00 iters/s

running (01m54.9s), 000/225 VUs, 229 complete and 0 interrupted iterations
openloop_oscillating   [  16% ] 000/225 VUs  01m54.8s/12m0s  02.00 iters/s

running (01m55.9s), 001/225 VUs, 230 complete and 0 interrupted iterations
openloop_oscillating   [  16% ] 001/225 VUs  01m55.8s/12m0s  02.00 iters/s

running (01m56.9s), 000/225 VUs, 233 complete and 0 interrupted iterations
openloop_oscillating   [  16% ] 000/225 VUs  01m56.8s/12m0s  02.00 iters/s

running (01m57.9s), 000/225 VUs, 235 complete and 0 interrupted iterations
openloop_oscillating   [  16% ] 000/225 VUs  01m57.8s/12m0s  02.00 iters/s

running (01m58.9s), 000/225 VUs, 237 complete and 0 interrupted iterations
openloop_oscillating   [  17% ] 000/225 VUs  01m58.8s/12m0s  02.00 iters/s

running (01m59.9s), 000/225 VUs, 239 complete and 0 interrupted iterations
openloop_oscillating   [  17% ] 000/225 VUs  01m59.8s/12m0s  02.00 iters/s

running (02m00.9s), 000/225 VUs, 242 complete and 0 interrupted iterations
openloop_oscillating   [  17% ] 000/225 VUs  02m00.8s/12m0s  04.23 iters/s

running (02m01.9s), 001/225 VUs, 247 complete and 0 interrupted iterations
openloop_oscillating   [  17% ] 001/225 VUs  02m01.8s/12m0s  07.18 iters/s

running (02m02.9s), 001/225 VUs, 256 complete and 0 interrupted iterations
openloop_oscillating   [  17% ] 001/225 VUs  02m02.8s/12m0s  10.10 iters/s

running (02m03.9s), 002/225 VUs, 266 complete and 0 interrupted iterations
openloop_oscillating   [  17% ] 002/225 VUs  02m03.8s/12m0s  12.79 iters/s

running (02m04.9s), 009/225 VUs, 273 complete and 0 interrupted iterations
openloop_oscillating   [  17% ] 009/225 VUs  02m04.8s/12m0s  15.56 iters/s

running (02m05.9s), 012/225 VUs, 287 complete and 0 interrupted iterations
openloop_oscillating   [  17% ] 012/225 VUs  02m05.8s/12m0s  18.36 iters/s

running (02m06.9s), 011/225 VUs, 308 complete and 0 interrupted iterations
openloop_oscillating   [  18% ] 011/225 VUs  02m06.8s/12m0s  21.19 iters/s

running (02m07.9s), 030/225 VUs, 311 complete and 0 interrupted iterations
openloop_oscillating   [  18% ] 030/225 VUs  02m07.8s/12m0s  23.92 iters/s

running (02m08.9s), 027/225 VUs, 340 complete and 0 interrupted iterations
openloop_oscillating   [  18% ] 027/225 VUs  02m08.8s/12m0s  26.80 iters/s

running (02m09.9s), 019/225 VUs, 376 complete and 0 interrupted iterations
openloop_oscillating   [  18% ] 019/225 VUs  02m09.8s/12m0s  29.58 iters/s

running (02m10.9s), 021/225 VUs, 404 complete and 0 interrupted iterations
openloop_oscillating   [  18% ] 021/225 VUs  02m10.8s/12m0s  30.00 iters/s

running (02m11.9s), 023/225 VUs, 432 complete and 0 interrupted iterations
openloop_oscillating   [  18% ] 023/225 VUs  02m11.8s/12m0s  30.00 iters/s

running (02m12.9s), 020/225 VUs, 465 complete and 0 interrupted iterations
openloop_oscillating   [  18% ] 020/225 VUs  02m12.8s/12m0s  30.00 iters/s
time="2026-10-06T13:47:27Z" level=warning msg="Request Failed" error="Post \"http://auth-service.ecommerce.svc.cluster.local:8001/auth/login\": request timeout"

running (02m13.9s), 021/225 VUs, 494 complete and 0 interrupted iterations
openloop_oscillating   [  19% ] 021/225 VUs  02m13.8s/12m0s  30.00 iters/s
time="2026-10-06T13:47:28Z" level=warning msg="Request Failed" error="Post \"http://auth-service.ecommerce.svc.cluster.local:8001/auth/login\": request timeout"

running (02m14.9s), 024/225 VUs, 521 complete and 0 interrupted iterations
openloop_oscillating   [  19% ] 024/225 VUs  02m14.8s/12m0s  30.00 iters/s
time="2026-10-06T13:47:28Z" level=warning msg="Request Failed" error="Post \"http://auth-service.ecommerce.svc.cluster.local:8001/auth/login\": request timeout"
time="2026-10-06T13:47:28Z" level=warning msg="Request Failed" error="Post \"http://auth-service.ecommerce.svc.cluster.local:8001/auth/login\": request timeout"
time="2026-10-06T13:47:29Z" level=warning msg="Request Failed" error="Post \"http://auth-service.ecommerce.svc.cluster.local:8001/auth/login\": request timeout"
time="2026-10-06T13:47:29Z" level=warning msg="Request Failed" error="Post \"http://auth-service.ecommerce.svc.cluster.local:8001/auth/login\": request timeout"

running (02m15.9s), 019/225 VUs, 556 complete and 0 interrupted iterations
openloop_oscillating   [  19% ] 019/225 VUs  02m15.8s/12m0s  30.00 iters/s
time="2026-10-06T13:47:30Z" level=warning msg="Request Failed" error="Post \"http://auth-service.ecommerce.svc.cluster.local:8001/auth/login\": request timeout"

running (02m16.9s), 033/225 VUs, 572 complete and 0 interrupted iterations
openloop_oscillating   [  19% ] 033/225 VUs  02m16.8s/12m0s  30.00 iters/s
time="2026-10-06T13:47:30Z" level=warning msg="Request Failed" error="Post \"http://auth-service.ecommerce.svc.cluster.local:8001/auth/login\": request timeout"
time="2026-10-06T13:47:31Z" level=warning msg="Request Failed" error="Post \"http://auth-service.ecommerce.svc.cluster.local:8001/auth/login\": request timeout"
time="2026-10-06T13:47:31Z" level=warning msg="Request Failed" error="Post \"http://auth-service.ecommerce.svc.cluster.local:8001/auth/login\": request timeout"

running (02m17.9s), 039/225 VUs, 596 complete and 0 interrupted iterations
openloop_oscillating   [  19% ] 039/225 VUs  02m17.8s/12m0s  30.00 iters/s

running (02m18.9s), 039/225 VUs, 626 complete and 0 interrupted iterations
openloop_oscillating   [  19% ] 039/225 VUs  02m18.8s/12m0s  30.00 iters/s

running (02m19.9s), 036/225 VUs, 659 complete and 0 interrupted iterations
openloop_oscillating   [  19% ] 036/225 VUs  02m19.8s/12m0s  30.00 iters/s
time="2026-10-06T13:47:34Z" level=warning msg="Request Failed" error="Post \"http://auth-service.ecommerce.svc.cluster.local:8001/auth/login\": request timeout"

running (02m20.9s), 037/225 VUs, 688 complete and 0 interrupted iterations
openloop_oscillating   [  20% ] 037/225 VUs  02m20.8s/12m0s  30.00 iters/s
time="2026-10-06T13:47:34Z" level=warning msg="Request Failed" error="Post \"http://auth-service.ecommerce.svc.cluster.local:8001/auth/login\": request timeout"
time="2026-10-06T13:47:35Z" level=warning msg="Request Failed" error="Post \"http://auth-service.ecommerce.svc.cluster.local:8001/auth/login\": request timeout"
time="2026-10-06T13:47:35Z" level=warning msg="Request Failed" error="Post \"http://auth-service.ecommerce.svc.cluster.local:8001/auth/login\": request timeout"

running (02m21.9s), 036/225 VUs, 719 complete and 0 interrupted iterations
openloop_oscillating   [  20% ] 036/225 VUs  02m21.8s/12m0s  30.00 iters/s
time="2026-10-06T13:47:36Z" level=warning msg="Request Failed" error="Post \"http://auth-service.ecommerce.svc.cluster.local:8001/auth/login\": request timeout"

running (02m22.9s), 051/225 VUs, 734 complete and 0 interrupted iterations
openloop_oscillating   [  20% ] 051/225 VUs  02m22.8s/12m0s  30.00 iters/s

running (02m23.9s), 051/225 VUs, 764 complete and 0 interrupted iterations
openloop_oscillating   [  20% ] 051/225 VUs  02m23.8s/12m0s  30.00 iters/s

running (02m24.9s), 021/225 VUs, 824 complete and 0 interrupted iterations
openloop_oscillating   [  20% ] 021/225 VUs  02m24.8s/12m0s  30.00 iters/s

running (02m25.9s), 025/225 VUs, 850 complete and 0 interrupted iterations
openloop_oscillating   [  20% ] 025/225 VUs  02m25.8s/12m0s  30.00 iters/s

running (02m26.9s), 028/225 VUs, 877 complete and 0 interrupted iterations
openloop_oscillating   [  20% ] 028/225 VUs  02m26.8s/12m0s  30.00 iters/s
time="2026-10-06T13:47:40Z" level=warning msg="Request Failed" error="Post \"http://auth-service.ecommerce.svc.cluster.local:8001/auth/login\": request timeout"

running (02m27.9s), 040/225 VUs, 895 complete and 0 interrupted iterations
openloop_oscillating   [  21% ] 040/225 VUs  02m27.8s/12m0s  30.00 iters/s
time="2026-10-06T13:47:42Z" level=warning msg="Request Failed" error="Post \"http://auth-service.ecommerce.svc.cluster.local:8001/auth/login\": request timeout"

running (02m28.9s), 040/225 VUs, 925 complete and 0 interrupted iterations
openloop_oscillating   [  21% ] 040/225 VUs  02m28.8s/12m0s  30.00 iters/s
time="2026-10-06T13:47:43Z" level=warning msg="Request Failed" error="Post \"http://auth-service.ecommerce.svc.cluster.local:8001/auth/login\": request timeout"
time="2026-10-06T13:47:43Z" level=warning msg="Request Failed" error="Post \"http://auth-service.ecommerce.svc.cluster.local:8001/auth/login\": request timeout"

running (02m29.9s), 043/225 VUs, 952 complete and 0 interrupted iterations
openloop_oscillating   [  21% ] 043/225 VUs  02m29.8s/12m0s  30.00 iters/s
time="2026-10-06T13:47:44Z" level=warning msg="Request Failed" error="Post \"http://auth-service.ecommerce.svc.cluster.local:8001/auth/login\": request timeout"
time="2026-10-06T13:47:44Z" level=warning msg="Request Failed" error="Post \"http://auth-service.ecommerce.svc.cluster.local:8001/auth/login\": request timeout"

running (02m30.9s), 061/225 VUs, 964 complete and 0 interrupted iterations
openloop_oscillating   [  21% ] 061/225 VUs  02m30.8s/12m0s  30.00 iters/s
time="2026-10-06T13:47:45Z" level=warning msg="Request Failed" error="Post \"http://auth-service.ecommerce.svc.cluster.local:8001/auth/login\": request timeout"
time="2026-10-06T13:47:45Z" level=warning msg="Request Failed" error="Post \"http://auth-service.ecommerce.svc.cluster.local:8001/auth/login\": request timeout"
time="2026-10-06T13:47:45Z" level=warning msg="Request Failed" error="Post \"http://auth-service.ecommerce.svc.cluster.local:8001/auth/login\": request timeout"
time="2026-10-06T13:47:45Z" level=warning msg="Request Failed" error="Post \"http://auth-service.ecommerce.svc.cluster.local:8001/auth/login\": request timeout"
time="2026-10-06T13:47:45Z" level=warning msg="Request Failed" error="Post \"http://auth-service.ecommerce.svc.cluster.local:8001/auth/login\": request timeout"
time="2026-10-06T13:47:45Z" level=warning msg="Request Failed" error="Post \"http://auth-service.ecommerce.svc.cluster.local:8001/auth/login\": request timeout"
time="2026-10-06T13:47:45Z" level=warning msg="Request Failed" error="Post \"http://auth-service.ecommerce.svc.cluster.local:8001/auth/login\": request timeout"
time="2026-10-06T13:47:45Z" level=warning msg="Request Failed" error="Post \"http://auth-service.ecommerce.svc.cluster.local:8001/auth/login\": request timeout"

running (02m31.9s), 068/225 VUs, 987 complete and 0 interrupted iterations
openloop_oscillating   [  21% ] 068/225 VUs  02m31.8s/12m0s  30.00 iters/s
time="2026-10-06T13:47:45Z" level=warning msg="Request Failed" error="Post \"http://auth-service.ecommerce.svc.cluster.local:8001/auth/login\": request timeout"

running (02m32.9s), 081/225 VUs, 1004 complete and 0 interrupted iterations
openloop_oscillating   [  21% ] 081/225 VUs  02m32.8s/12m0s  30.00 iters/s

running (02m33.9s), 090/225 VUs, 1025 complete and 0 interrupted iterations
openloop_oscillating   [  21% ] 090/225 VUs  02m33.8s/12m0s  30.00 iters/s

running (02m34.9s), 077/225 VUs, 1068 complete and 0 interrupted iterations
openloop_oscillating   [  22% ] 077/225 VUs  02m34.8s/12m0s  30.00 iters/s
time="2026-10-06T13:47:49Z" level=warning msg="Request Failed" error="Post \"http://auth-service.ecommerce.svc.cluster.local:8001/auth/login\": request timeout"

running (02m35.9s), 066/225 VUs, 1109 complete and 0 interrupted iterations
openloop_oscillating   [  22% ] 066/225 VUs  02m35.8s/12m0s  30.00 iters/s
time="2026-10-06T13:47:50Z" level=warning msg="Request Failed" error="Post \"http://auth-service.ecommerce.svc.cluster.local:8001/auth/login\": request timeout"
time="2026-10-06T13:47:50Z" level=warning msg="Request Failed" error="Post \"http://auth-service.ecommerce.svc.cluster.local:8001/auth/login\": request timeout"
time="2026-10-06T13:47:50Z" level=warning msg="Request Failed" error="Post \"http://auth-service.ecommerce.svc.cluster.local:8001/auth/login\": request timeout"

running (02m36.9s), 072/225 VUs, 1133 complete and 0 interrupted iterations
openloop_oscillating   [  22% ] 072/225 VUs  02m36.8s/12m0s  30.00 iters/s
time="2026-10-06T13:47:50Z" level=warning msg="Request Failed" error="Post \"http://auth-service.ecommerce.svc.cluster.local:8001/auth/login\": request timeout"
time="2026-10-06T13:47:50Z" level=warning msg="Request Failed" error="Post \"http://auth-service.ecommerce.svc.cluster.local:8001/auth/login\": request timeout"

running (02m37.9s), 078/225 VUs, 1157 complete and 0 interrupted iterations
openloop_oscillating   [  22% ] 078/225 VUs  02m37.8s/12m0s  30.00 iters/s
time="2026-10-06T13:47:52Z" level=warning msg="Request Failed" error="Post \"http://auth-service.ecommerce.svc.cluster.local:8001/auth/login\": request timeout"
time="2026-10-06T13:47:52Z" level=warning msg="Request Failed" error="Post \"http://auth-service.ecommerce.svc.cluster.local:8001/auth/login\": request timeout"

running (02m38.9s), 083/225 VUs, 1182 complete and 0 interrupted iterations
openloop_oscillating   [  22% ] 083/225 VUs  02m38.8s/12m0s  30.00 iters/s

running (02m39.9s), 087/225 VUs, 1208 complete and 0 interrupted iterations
openloop_oscillating   [  22% ] 087/225 VUs  02m39.8s/12m0s  30.00 iters/s
time="2026-10-06T13:47:53Z" level=warning msg="Request Failed" error="Post \"http://auth-service.ecommerce.svc.cluster.local:8001/auth/login\": request timeout"
time="2026-10-06T13:47:54Z" level=warning msg="Request Failed" error="Post \"http://auth-service.ecommerce.svc.cluster.local:8001/auth/login\": request timeout"

running (02m40.9s), 095/225 VUs, 1230 complete and 0 interrupted iterations
openloop_oscillating   [  22% ] 095/225 VUs  02m40.8s/12m0s  30.00 iters/s

running (02m41.9s), 091/225 VUs, 1264 complete and 0 interrupted iterations
openloop_oscillating   [  22% ] 091/225 VUs  02m41.8s/12m0s  30.00 iters/s
time="2026-10-06T13:47:55Z" level=warning msg="Request Failed" error="Post \"http://auth-service.ecommerce.svc.cluster.local:8001/auth/login\": request timeout"
time="2026-10-06T13:47:56Z" level=warning msg="Request Failed" error="Post \"http://auth-service.ecommerce.svc.cluster.local:8001/auth/login\": request timeout"

running (02m42.9s), 098/225 VUs, 1287 complete and 0 interrupted iterations
openloop_oscillating   [  23% ] 098/225 VUs  02m42.8s/12m0s  30.00 iters/s
time="2026-10-06T13:47:57Z" level=warning msg="Request Failed" error="Post \"http://auth-service.ecommerce.svc.cluster.local:8001/auth/login\": request timeout"
time="2026-10-06T13:47:57Z" level=warning msg="Request Failed" error="Post \"http://auth-service.ecommerce.svc.cluster.local:8001/auth/login\": request timeout"
time="2026-10-06T13:47:57Z" level=warning msg="Request Failed" error="Post \"http://auth-service.ecommerce.svc.cluster.local:8001/auth/login\": request timeout"

running (02m43.9s), 118/225 VUs, 1297 complete and 0 interrupted iterations
openloop_oscillating   [  23% ] 118/225 VUs  02m43.8s/12m0s  30.00 iters/s
time="2026-10-06T13:47:57Z" level=warning msg="Request Failed" error="Post \"http://auth-service.ecommerce.svc.cluster.local:8001/auth/login\": request timeout"
time="2026-10-06T13:47:58Z" level=warning msg="Request Failed" error="Post \"http://auth-service.ecommerce.svc.cluster.local:8001/auth/login\": request timeout"
time="2026-10-06T13:47:58Z" level=warning msg="Request Failed" error="Post \"http://auth-service.ecommerce.svc.cluster.local:8001/auth/login\": request timeout"
time="2026-10-06T13:47:58Z" level=warning msg="Request Failed" error="Post \"http://auth-service.ecommerce.svc.cluster.local:8001/auth/login\": request timeout"

running (02m44.9s), 126/225 VUs, 1319 complete and 0 interrupted iterations
openloop_oscillating   [  23% ] 126/225 VUs  02m44.8s/12m0s  30.00 iters/s
time="2026-10-06T13:47:58Z" level=warning msg="Request Failed" error="Post \"http://auth-service.ecommerce.svc.cluster.local:8001/auth/login\": request timeout"
time="2026-10-06T13:47:59Z" level=warning msg="Request Failed" error="Post \"http://auth-service.ecommerce.svc.cluster.local:8001/auth/login\": request timeout"

running (02m45.9s), 126/225 VUs, 1349 complete and 0 interrupted iterations
openloop_oscillating   [  23% ] 126/225 VUs  02m45.8s/12m0s  30.00 iters/s

running (02m46.9s), 105/225 VUs, 1400 complete and 0 interrupted iterations
openloop_oscillating   [  23% ] 105/225 VUs  02m46.8s/12m0s  30.00 iters/s
time="2026-10-06T13:48:01Z" level=warning msg="Request Failed" error="Post \"http://auth-service.ecommerce.svc.cluster.local:8001/auth/login\": request timeout"

running (02m47.9s), 089/225 VUs, 1446 complete and 0 interrupted iterations
openloop_oscillating   [  23% ] 089/225 VUs  02m47.8s/12m0s  30.00 iters/s
time="2026-10-06T13:48:02Z" level=warning msg="Request Failed" error="Post \"http://auth-service.ecommerce.svc.cluster.local:8001/auth/login\": request timeout"

running (02m48.9s), 059/225 VUs, 1506 complete and 0 interrupted iterations
openloop_oscillating   [  23% ] 059/225 VUs  02m48.8s/12m0s  30.00 iters/s

running (02m49.9s), 029/225 VUs, 1566 complete and 0 interrupted iterations
openloop_oscillating   [  24% ] 029/225 VUs  02m49.8s/12m0s  30.00 iters/s

running (02m50.9s), 015/225 VUs, 1610 complete and 0 interrupted iterations
openloop_oscillating   [  24% ] 015/225 VUs  02m50.8s/12m0s  30.00 iters/s
time="2026-10-06T13:48:04Z" level=warning msg="Request Failed" error="Post \"http://auth-service.ecommerce.svc.cluster.local:8001/auth/login\": request timeout"

running (02m51.9s), 036/225 VUs, 1619 complete and 0 interrupted iterations
openloop_oscillating   [  24% ] 036/225 VUs  02m51.8s/12m0s  30.00 iters/s
time="2026-10-06T13:48:06Z" level=warning msg="Request Failed" error="Post \"http://auth-service.ecommerce.svc.cluster.local:8001/auth/login\": request timeout"

running (02m52.9s), 043/225 VUs, 1642 complete and 0 interrupted iterations
openloop_oscillating   [  24% ] 043/225 VUs  02m52.8s/12m0s  30.00 iters/s

running (02m53.9s), 045/225 VUs, 1670 complete and 0 interrupted iterations
openloop_oscillating   [  24% ] 045/225 VUs  02m53.8s/12m0s  30.00 iters/s
time="2026-10-06T13:48:08Z" level=warning msg="Request Failed" error="Post \"http://auth-service.ecommerce.svc.cluster.local:8001/auth/login\": request timeout"

running (02m54.9s), 062/225 VUs, 1683 complete and 0 interrupted iterations
openloop_oscillating   [  24% ] 062/225 VUs  02m54.8s/12m0s  30.00 iters/s

running (02m55.9s), 061/225 VUs, 1714 complete and 0 interrupted iterations
openloop_oscillating   [  24% ] 061/225 VUs  02m55.8s/12m0s  30.00 iters/s
time="2026-10-06T13:48:10Z" level=warning msg="Request Failed" error="Post \"http://auth-service.ecommerce.svc.cluster.local:8001/auth/login\": request timeout"

running (02m56.9s), 048/225 VUs, 1757 complete and 0 interrupted iterations
openloop_oscillating   [  25% ] 048/225 VUs  02m56.8s/12m0s  30.00 iters/s
time="2026-10-06T13:48:10Z" level=warning msg="Request Failed" error="Post \"http://auth-service.ecommerce.svc.cluster.local:8001/auth/login\": request timeout"
time="2026-10-06T13:48:11Z" level=warning msg="Request Failed" error="Post \"http://auth-service.ecommerce.svc.cluster.local:8001/auth/login\": request timeout"
time="2026-10-06T13:48:11Z" level=warning msg="Request Failed" error="Post \"http://auth-service.ecommerce.svc.cluster.local:8001/auth/login\": request timeout"

running (02m57.9s), 051/225 VUs, 1784 complete and 0 interrupted iterations
openloop_oscillating   [  25% ] 051/225 VUs  02m57.8s/12m0s  30.00 iters/s
time="2026-10-06T13:48:12Z" level=warning msg="Request Failed" error="Post \"http://auth-service.ecommerce.svc.cluster.local:8001/auth/login\": request timeout"

running (02m58.9s), 046/225 VUs, 1819 complete and 0 interrupted iterations
openloop_oscillating   [  25% ] 046/225 VUs  02m58.8s/12m0s  30.00 iters/s
time="2026-10-06T13:48:12Z" level=warning msg="Request Failed" error="Post \"http://auth-service.ecommerce.svc.cluster.local:8001/auth/login\": request timeout"
time="2026-10-06T13:48:13Z" level=warning msg="Request Failed" error="Post \"http://auth-service.ecommerce.svc.cluster.local:8001/auth/login\": request timeout"

running (02m59.9s), 019/225 VUs, 1876 complete and 0 interrupted iterations
openloop_oscillating   [  25% ] 019/225 VUs  02m59.8s/12m0s  30.00 iters/s
time="2026-10-06T13:48:14Z" level=warning msg="Request Failed" error="Post \"http://auth-service.ecommerce.svc.cluster.local:8001/auth/login\": request timeout"
time="2026-10-06T13:48:14Z" level=warning msg="Request Failed" error="Post \"http://auth-service.ecommerce.svc.cluster.local:8001/auth/login\": request timeout"
time="2026-10-06T13:48:14Z" level=warning msg="Request Failed" error="Post \"http://auth-service.ecommerce.svc.cluster.local:8001/auth/login\": request timeout"
time="2026-10-06T13:48:14Z" level=warning msg="Request Failed" error="Post \"http://auth-service.ecommerce.svc.cluster.local:8001/auth/login\": request timeout"

running (03m00.9s), 019/225 VUs, 1906 complete and 0 interrupted iterations
openloop_oscillating   [  25% ] 019/225 VUs  03m00.8s/12m0s  30.00 iters/s
time="2026-10-06T13:48:14Z" level=warning msg="Request Failed" error="Post \"http://auth-service.ecommerce.svc.cluster.local:8001/auth/login\": request timeout"
time="2026-10-06T13:48:14Z" level=warning msg="Request Failed" error="Post \"http://auth-service.ecommerce.svc.cluster.local:8001/auth/login\": request timeout"
time="2026-10-06T13:48:15Z" level=warning msg="Request Failed" error="Post \"http://auth-service.ecommerce.svc.cluster.local:8001/auth/login\": request timeout"
time="2026-10-06T13:48:15Z" level=warning msg="Request Failed" error="Post \"http://auth-service.ecommerce.svc.cluster.local:8001/auth/login\": request timeout"

running (03m01.9s), 015/225 VUs, 1940 complete and 0 interrupted iterations
openloop_oscillating   [  25% ] 015/225 VUs  03m01.8s/12m0s  30.00 iters/s
time="2026-10-06T13:48:15Z" level=warning msg="Request Failed" error="Post \"http://auth-service.ecommerce.svc.cluster.local:8001/auth/login\": request timeout"
time="2026-10-06T13:48:15Z" level=warning msg="Request Failed" error="Post \"http://auth-service.ecommerce.svc.cluster.local:8001/auth/login\": request timeout"
time="2026-10-06T13:48:16Z" level=warning msg="Request Failed" error="Post \"http://auth-service.ecommerce.svc.cluster.local:8001/auth/login\": request timeout"
time="2026-10-06T13:48:16Z" level=warning msg="Request Failed" error="Post \"http://auth-service.ecommerce.svc.cluster.local:8001/auth/login\": request timeout"

running (03m02.9s), 025/225 VUs, 1960 complete and 0 interrupted iterations
openloop_oscillating   [  25% ] 025/225 VUs  03m02.8s/12m0s  30.00 iters/s
time="2026-10-06T13:48:17Z" level=warning msg="Request Failed" error="Post \"http://auth-service.ecommerce.svc.cluster.local:8001/auth/login\": request timeout"

running (03m03.9s), 033/225 VUs, 1982 complete and 0 interrupted iterations
openloop_oscillating   [  26% ] 033/225 VUs  03m03.8s/12m0s  30.00 iters/s

running (03m04.9s), 016/225 VUs, 2029 complete and 0 interrupted iterations
openloop_oscillating   [  26% ] 016/225 VUs  03m04.8s/12m0s  30.00 iters/s

running (03m05.9s), 018/225 VUs, 2057 complete and 0 interrupted iterations
openloop_oscillating   [  26% ] 018/225 VUs  03m05.8s/12m0s  30.00 iters/s

running (03m06.9s), 025/225 VUs, 2080 complete and 0 interrupted iterations
openloop_oscillating   [  26% ] 025/225 VUs  03m06.8s/12m0s  30.00 iters/s

running (03m07.9s), 013/225 VUs, 2122 complete and 0 interrupted iterations
openloop_oscillating   [  26% ] 013/225 VUs  03m07.8s/12m0s  30.00 iters/s

running (03m08.9s), 007/225 VUs, 2158 complete and 0 interrupted iterations
openloop_oscillating   [  26% ] 007/225 VUs  03m08.8s/12m0s  30.00 iters/s

running (03m09.9s), 004/225 VUs, 2191 complete and 0 interrupted iterations
openloop_oscillating   [  26% ] 004/225 VUs  03m09.8s/12m0s  30.00 iters/s

running (03m10.9s), 018/225 VUs, 2207 complete and 0 interrupted iterations
openloop_oscillating   [  27% ] 018/225 VUs  03m10.8s/12m0s  30.00 iters/s

running (03m11.9s), 024/225 VUs, 2231 complete and 0 interrupted iterations
openloop_oscillating   [  27% ] 024/225 VUs  03m11.8s/12m0s  30.00 iters/s

running (03m12.9s), 035/225 VUs, 2250 complete and 0 interrupted iterations
openloop_oscillating   [  27% ] 035/225 VUs  03m12.8s/12m0s  30.00 iters/s

running (03m13.9s), 035/225 VUs, 2280 complete and 0 interrupted iterations
openloop_oscillating   [  27% ] 035/225 VUs  03m13.8s/12m0s  30.00 iters/s

running (03m14.9s), 051/225 VUs, 2294 complete and 0 interrupted iterations
openloop_oscillating   [  27% ] 051/225 VUs  03m14.8s/12m0s  30.00 iters/s
time="2026-10-06T13:48:28Z" level=warning msg="Request Failed" error="Post \"http://auth-service.ecommerce.svc.cluster.local:8001/auth/login\": request timeout"
time="2026-10-06T13:48:29Z" level=warning msg="Request Failed" error="Post \"http://auth-service.ecommerce.svc.cluster.local:8001/auth/login\": request timeout"

running (03m15.9s), 039/225 VUs, 2336 complete and 0 interrupted iterations
openloop_oscillating   [  27% ] 039/225 VUs  03m15.8s/12m0s  30.00 iters/s
time="2026-10-06T13:48:30Z" level=warning msg="Request Failed" error="Post \"http://auth-service.ecommerce.svc.cluster.local:8001/auth/login\": request timeout"
time="2026-10-06T13:48:30Z" level=warning msg="Request Failed" error="Post \"http://auth-service.ecommerce.svc.cluster.local:8001/auth/login\": request timeout"

running (03m16.9s), 053/225 VUs, 2352 complete and 0 interrupted iterations
openloop_oscillating   [  27% ] 053/225 VUs  03m16.8s/12m0s  30.00 iters/s
time="2026-10-06T13:48:31Z" level=warning msg="Request Failed" error="Post \"http://auth-service.ecommerce.svc.cluster.local:8001/auth/login\": request timeout"

running (03m17.9s), 059/225 VUs, 2376 complete and 0 interrupted iterations
openloop_oscillating   [  27% ] 059/225 VUs  03m17.8s/12m0s  30.00 iters/s
time="2026-10-06T13:48:31Z" level=warning msg="Request Failed" error="Post \"http://auth-service.ecommerce.svc.cluster.local:8001/auth/login\": request timeout"

running (03m18.9s), 073/225 VUs, 2392 complete and 0 interrupted iterations
openloop_oscillating   [  28% ] 073/225 VUs  03m18.8s/12m0s  30.00 iters/s
time="2026-10-06T13:48:33Z" level=warning msg="Request Failed" error="Post \"http://auth-service.ecommerce.svc.cluster.local:8001/auth/login\": request timeout"
time="2026-10-06T13:48:33Z" level=warning msg="Request Failed" error="Post \"http://auth-service.ecommerce.svc.cluster.local:8001/auth/login\": request timeout"

running (03m19.9s), 071/225 VUs, 2424 complete and 0 interrupted iterations
openloop_oscillating   [  28% ] 071/225 VUs  03m19.8s/12m0s  30.00 iters/s
time="2026-10-06T13:48:33Z" level=warning msg="Request Failed" error="Post \"http://auth-service.ecommerce.svc.cluster.local:8001/auth/login\": request timeout"
time="2026-10-06T13:48:33Z" level=warning msg="Request Failed" error="Post \"http://auth-service.ecommerce.svc.cluster.local:8001/auth/login\": request timeout"
time="2026-10-06T13:48:34Z" level=warning msg="Request Failed" error="Post \"http://auth-service.ecommerce.svc.cluster.local:8001/auth/login\": request timeout"

running (03m20.9s), 075/225 VUs, 2450 complete and 0 interrupted iterations
openloop_oscillating   [  28% ] 075/225 VUs  03m20.8s/12m0s  30.00 iters/s
time="2026-10-06T13:48:35Z" level=warning msg="Request Failed" error="Post \"http://auth-service.ecommerce.svc.cluster.local:8001/auth/login\": request timeout"

running (03m21.9s), 072/225 VUs, 2483 complete and 0 interrupted iterations
openloop_oscillating   [  28% ] 072/225 VUs  03m21.8s/12m0s  30.00 iters/s
time="2026-10-06T13:48:36Z" level=warning msg="Request Failed" error="Post \"http://auth-service.ecommerce.svc.cluster.local:8001/auth/login\": request timeout"

running (03m22.9s), 072/225 VUs, 2513 complete and 0 interrupted iterations
openloop_oscillating   [  28% ] 072/225 VUs  03m22.8s/12m0s  30.00 iters/s
time="2026-10-06T13:48:36Z" level=warning msg="Request Failed" error="Post \"http://auth-service.ecommerce.svc.cluster.local:8001/auth/login\": request timeout"
time="2026-10-06T13:48:37Z" level=warning msg="Request Failed" error="Post \"http://auth-service.ecommerce.svc.cluster.local:8001/auth/login\": request timeout"

running (03m23.9s), 073/225 VUs, 2542 complete and 0 interrupted iterations
openloop_oscillating   [  28% ] 073/225 VUs  03m23.8s/12m0s  30.00 iters/s

running (03m24.9s), 067/225 VUs, 2578 complete and 0 interrupted iterations
openloop_oscillating   [  28% ] 067/225 VUs  03m24.8s/12m0s  30.00 iters/s
time="2026-10-06T13:48:39Z" level=warning msg="Request Failed" error="Post \"http://auth-service.ecommerce.svc.cluster.local:8001/auth/login\": request timeout"
time="2026-10-06T13:48:39Z" level=warning msg="Request Failed" error="Post \"http://auth-service.ecommerce.svc.cluster.local:8001/auth/login\": request timeout"
time="2026-10-06T13:48:39Z" level=warning msg="Request Failed" error="Post \"http://auth-service.ecommerce.svc.cluster.local:8001/auth/login\": request timeout"
time="2026-10-06T13:48:39Z" level=warning msg="Request Failed" error="Post \"http://auth-service.ecommerce.svc.cluster.local:8001/auth/login\": request timeout"

running (03m25.9s), 053/225 VUs, 2622 complete and 0 interrupted iterations
openloop_oscillating   [  29% ] 053/225 VUs  03m25.8s/12m0s  30.00 iters/s
time="2026-10-06T13:48:39Z" level=warning msg="Request Failed" error="Post \"http://auth-service.ecommerce.svc.cluster.local:8001/auth/login\": request timeout"

running (03m26.9s), 022/225 VUs, 2683 complete and 0 interrupted iterations
openloop_oscillating   [  29% ] 022/225 VUs  03m26.8s/12m0s  30.00 iters/s
time="2026-10-06T13:48:40Z" level=warning msg="Request Failed" error="Post \"http://auth-service.ecommerce.svc.cluster.local:8001/auth/login\": request timeout"
time="2026-10-06T13:48:40Z" level=warning msg="Request Failed" error="Post \"http://auth-service.ecommerce.svc.cluster.local:8001/auth/login\": request timeout"

running (03m27.9s), 015/225 VUs, 2720 complete and 0 interrupted iterations
openloop_oscillating   [  29% ] 015/225 VUs  03m27.8s/12m0s  30.00 iters/s
time="2026-10-06T13:48:41Z" level=warning msg="Request Failed" error="Post \"http://auth-service.ecommerce.svc.cluster.local:8001/auth/login\": request timeout"

running (03m28.9s), 009/225 VUs, 2756 complete and 0 interrupted iterations
openloop_oscillating   [  29% ] 009/225 VUs  03m28.8s/12m0s  30.00 iters/s

running (03m29.9s), 004/225 VUs, 2791 complete and 0 interrupted iterations
openloop_oscillating   [  29% ] 004/225 VUs  03m29.8s/12m0s  30.00 iters/s

running (03m30.9s), 005/225 VUs, 2819 complete and 0 interrupted iterations
openloop_oscillating   [  29% ] 005/225 VUs  03m30.8s/12m0s  27.62 iters/s

running (03m31.9s), 006/225 VUs, 2844 complete and 0 interrupted iterations
openloop_oscillating   [  29% ] 006/225 VUs  03m31.8s/12m0s  24.84 iters/s

running (03m32.9s), 011/225 VUs, 2863 complete and 0 interrupted iterations
openloop_oscillating   [  30% ] 011/225 VUs  03m32.8s/12m0s  21.97 iters/s

running (03m33.9s), 011/225 VUs, 2883 complete and 0 interrupted iterations
openloop_oscillating   [  30% ] 011/225 VUs  03m33.8s/12m0s  19.26 iters/s

running (03m34.9s), 001/225 VUs, 2911 complete and 0 interrupted iterations
openloop_oscillating   [  30% ] 001/225 VUs  03m34.8s/12m0s  16.43 iters/s

running (03m35.9s), 000/225 VUs, 2927 complete and 0 interrupted iterations
openloop_oscillating   [  30% ] 000/225 VUs  03m35.8s/12m0s  13.64 iters/s

running (03m36.9s), 001/225 VUs, 2938 complete and 0 interrupted iterations
openloop_oscillating   [  30% ] 001/225 VUs  03m36.8s/12m0s  10.90 iters/s

running (03m37.9s), 000/225 VUs, 2949 complete and 0 interrupted iterations
openloop_oscillating   [  30% ] 000/225 VUs  03m37.8s/12m0s  07.92 iters/s

running (03m38.9s), 000/225 VUs, 2955 complete and 0 interrupted iterations
openloop_oscillating   [  30% ] 000/225 VUs  03m38.8s/12m0s  05.40 iters/s

running (03m39.9s), 000/225 VUs, 2959 complete and 0 interrupted iterations
openloop_oscillating   [  31% ] 000/225 VUs  03m39.8s/12m0s  02.55 iters/s

running (03m40.9s), 000/225 VUs, 2961 complete and 0 interrupted iterations
openloop_oscillating   [  31% ] 000/225 VUs  03m40.8s/12m0s  02.00 iters/s

running (03m41.9s), 000/225 VUs, 2963 complete and 0 interrupted iterations
openloop_oscillating   [  31% ] 000/225 VUs  03m41.8s/12m0s  02.00 iters/s

running (03m42.9s), 000/225 VUs, 2965 complete and 0 interrupted iterations
openloop_oscillating   [  31% ] 000/225 VUs  03m42.8s/12m0s  02.00 iters/s

running (03m43.9s), 000/225 VUs, 2967 complete and 0 interrupted iterations
openloop_oscillating   [  31% ] 000/225 VUs  03m43.8s/12m0s  02.00 iters/s

running (03m44.9s), 000/225 VUs, 2969 complete and 0 interrupted iterations
openloop_oscillating   [  31% ] 000/225 VUs  03m44.8s/12m0s  02.00 iters/s

running (03m45.9s), 000/225 VUs, 2971 complete and 0 interrupted iterations
openloop_oscillating   [  31% ] 000/225 VUs  03m45.8s/12m0s  02.00 iters/s

running (03m46.9s), 000/225 VUs, 2973 complete and 0 interrupted iterations
openloop_oscillating   [  32% ] 000/225 VUs  03m46.8s/12m0s  02.00 iters/s

running (03m47.9s), 000/225 VUs, 2975 complete and 0 interrupted iterations
openloop_oscillating   [  32% ] 000/225 VUs  03m47.8s/12m0s  02.00 iters/s

running (03m48.9s), 000/225 VUs, 2977 complete and 0 interrupted iterations
openloop_oscillating   [  32% ] 000/225 VUs  03m48.8s/12m0s  02.00 iters/s

running (03m49.9s), 000/225 VUs, 2979 complete and 0 interrupted iterations
openloop_oscillating   [  32% ] 000/225 VUs  03m49.8s/12m0s  02.00 iters/s

running (03m50.9s), 000/225 VUs, 2981 complete and 0 interrupted iterations
openloop_oscillating   [  32% ] 000/225 VUs  03m50.8s/12m0s  02.00 iters/s

running (03m51.9s), 000/225 VUs, 2983 complete and 0 interrupted iterations
openloop_oscillating   [  32% ] 000/225 VUs  03m51.8s/12m0s  02.00 iters/s

running (03m52.9s), 001/225 VUs, 2984 complete and 0 interrupted iterations
openloop_oscillating   [  32% ] 001/225 VUs  03m52.8s/12m0s  02.00 iters/s

running (03m53.9s), 000/225 VUs, 2987 complete and 0 interrupted iterations
openloop_oscillating   [  32% ] 000/225 VUs  03m53.8s/12m0s  02.00 iters/s

running (03m54.9s), 000/225 VUs, 2989 complete and 0 interrupted iterations
openloop_oscillating   [  33% ] 000/225 VUs  03m54.8s/12m0s  02.00 iters/s

running (03m55.9s), 000/225 VUs, 2991 complete and 0 interrupted iterations
openloop_oscillating   [  33% ] 000/225 VUs  03m55.8s/12m0s  02.00 iters/s

running (03m56.9s), 000/225 VUs, 2993 complete and 0 interrupted iterations
openloop_oscillating   [  33% ] 000/225 VUs  03m56.8s/12m0s  02.00 iters/s

running (03m57.9s), 000/225 VUs, 2995 complete and 0 interrupted iterations
openloop_oscillating   [  33% ] 000/225 VUs  03m57.8s/12m0s  02.00 iters/s

running (03m58.9s), 001/225 VUs, 2996 complete and 0 interrupted iterations
openloop_oscillating   [  33% ] 001/225 VUs  03m58.8s/12m0s  02.00 iters/s

running (03m59.9s), 000/225 VUs, 2999 complete and 0 interrupted iterations
openloop_oscillating   [  33% ] 000/225 VUs  03m59.8s/12m0s  02.00 iters/s

running (04m00.9s), 000/225 VUs, 3001 complete and 0 interrupted iterations
openloop_oscillating   [  33% ] 000/225 VUs  04m00.8s/12m0s  02.00 iters/s

running (04m01.9s), 000/225 VUs, 3003 complete and 0 interrupted iterations
openloop_oscillating   [  34% ] 000/225 VUs  04m01.8s/12m0s  02.00 iters/s

running (04m02.9s), 000/225 VUs, 3005 complete and 0 interrupted iterations
openloop_oscillating   [  34% ] 000/225 VUs  04m02.8s/12m0s  02.00 iters/s

running (04m03.9s), 000/225 VUs, 3007 complete and 0 interrupted iterations
openloop_oscillating   [  34% ] 000/225 VUs  04m03.8s/12m0s  02.00 iters/s

running (04m04.9s), 000/225 VUs, 3009 complete and 0 interrupted iterations
openloop_oscillating   [  34% ] 000/225 VUs  04m04.8s/12m0s  02.00 iters/s

running (04m05.9s), 000/225 VUs, 3011 complete and 0 interrupted iterations
openloop_oscillating   [  34% ] 000/225 VUs  04m05.8s/12m0s  02.00 iters/s

running (04m06.9s), 000/225 VUs, 3013 complete and 0 interrupted iterations
openloop_oscillating   [  34% ] 000/225 VUs  04m06.8s/12m0s  02.00 iters/s

running (04m07.9s), 000/225 VUs, 3015 complete and 0 interrupted iterations
openloop_oscillating   [  34% ] 000/225 VUs  04m07.8s/12m0s  02.00 iters/s

running (04m08.9s), 000/225 VUs, 3017 complete and 0 interrupted iterations
openloop_oscillating   [  35% ] 000/225 VUs  04m08.8s/12m0s  02.00 iters/s

running (04m09.9s), 000/225 VUs, 3019 complete and 0 interrupted iterations
openloop_oscillating   [  35% ] 000/225 VUs  04m09.8s/12m0s  02.00 iters/s

running (04m10.9s), 000/225 VUs, 3021 complete and 0 interrupted iterations
openloop_oscillating   [  35% ] 000/225 VUs  04m10.8s/12m0s  02.00 iters/s

running (04m11.9s), 000/225 VUs, 3023 complete and 0 interrupted iterations
openloop_oscillating   [  35% ] 000/225 VUs  04m11.8s/12m0s  02.00 iters/s

running (04m12.9s), 000/225 VUs, 3025 complete and 0 interrupted iterations
openloop_oscillating   [  35% ] 000/225 VUs  04m12.8s/12m0s  02.00 iters/s

running (04m13.9s), 000/225 VUs, 3027 complete and 0 interrupted iterations
openloop_oscillating   [  35% ] 000/225 VUs  04m13.8s/12m0s  02.00 iters/s

running (04m14.9s), 000/225 VUs, 3029 complete and 0 interrupted iterations
openloop_oscillating   [  35% ] 000/225 VUs  04m14.8s/12m0s  02.00 iters/s

running (04m15.9s), 000/225 VUs, 3031 complete and 0 interrupted iterations
openloop_oscillating   [  36% ] 000/225 VUs  04m15.8s/12m0s  02.00 iters/s

running (04m16.9s), 000/225 VUs, 3033 complete and 0 interrupted iterations
openloop_oscillating   [  36% ] 000/225 VUs  04m16.8s/12m0s  02.00 iters/s

running (04m17.9s), 001/225 VUs, 3034 complete and 0 interrupted iterations
openloop_oscillating   [  36% ] 001/225 VUs  04m17.8s/12m0s  02.00 iters/s

running (04m18.9s), 000/225 VUs, 3037 complete and 0 interrupted iterations
openloop_oscillating   [  36% ] 000/225 VUs  04m18.8s/12m0s  02.00 iters/s

running (04m19.9s), 000/225 VUs, 3039 complete and 0 interrupted iterations
openloop_oscillating   [  36% ] 000/225 VUs  04m19.8s/12m0s  02.00 iters/s

running (04m20.9s), 000/225 VUs, 3041 complete and 0 interrupted iterations
openloop_oscillating   [  36% ] 000/225 VUs  04m20.8s/12m0s  02.00 iters/s

running (04m21.9s), 000/225 VUs, 3043 complete and 0 interrupted iterations
openloop_oscillating   [  36% ] 000/225 VUs  04m21.8s/12m0s  02.00 iters/s

running (04m22.9s), 000/225 VUs, 3045 complete and 0 interrupted iterations
openloop_oscillating   [  37% ] 000/225 VUs  04m22.8s/12m0s  02.00 iters/s

running (04m23.9s), 000/225 VUs, 3047 complete and 0 interrupted iterations
openloop_oscillating   [  37% ] 000/225 VUs  04m23.8s/12m0s  02.00 iters/s

running (04m24.9s), 000/225 VUs, 3049 complete and 0 interrupted iterations
openloop_oscillating   [  37% ] 000/225 VUs  04m24.8s/12m0s  02.00 iters/s

running (04m25.9s), 001/225 VUs, 3050 complete and 0 interrupted iterations
openloop_oscillating   [  37% ] 001/225 VUs  04m25.8s/12m0s  02.00 iters/s

running (04m26.9s), 000/225 VUs, 3053 complete and 0 interrupted iterations
openloop_oscillating   [  37% ] 000/225 VUs  04m26.8s/12m0s  02.00 iters/s

running (04m27.9s), 000/225 VUs, 3055 complete and 0 interrupted iterations
openloop_oscillating   [  37% ] 000/225 VUs  04m27.8s/12m0s  02.00 iters/s

running (04m28.9s), 001/225 VUs, 3056 complete and 0 interrupted iterations
openloop_oscillating   [  37% ] 001/225 VUs  04m28.8s/12m0s  02.00 iters/s

running (04m29.9s), 000/225 VUs, 3059 complete and 0 interrupted iterations
openloop_oscillating   [  37% ] 000/225 VUs  04m29.8s/12m0s  02.00 iters/s

running (04m30.9s), 000/225 VUs, 3061 complete and 0 interrupted iterations
openloop_oscillating   [  38% ] 000/225 VUs  04m30.8s/12m0s  02.00 iters/s

running (04m31.9s), 000/225 VUs, 3063 complete and 0 interrupted iterations
openloop_oscillating   [  38% ] 000/225 VUs  04m31.8s/12m0s  02.00 iters/s

running (04m32.9s), 000/225 VUs, 3065 complete and 0 interrupted iterations
openloop_oscillating   [  38% ] 000/225 VUs  04m32.8s/12m0s  02.00 iters/s

running (04m33.9s), 000/225 VUs, 3067 complete and 0 interrupted iterations
openloop_oscillating   [  38% ] 000/225 VUs  04m33.8s/12m0s  02.00 iters/s

running (04m34.9s), 000/225 VUs, 3069 complete and 0 interrupted iterations
openloop_oscillating   [  38% ] 000/225 VUs  04m34.8s/12m0s  02.00 iters/s

running (04m35.9s), 000/225 VUs, 3071 complete and 0 interrupted iterations
openloop_oscillating   [  38% ] 000/225 VUs  04m35.8s/12m0s  02.00 iters/s

running (04m36.9s), 000/225 VUs, 3073 complete and 0 interrupted iterations
openloop_oscillating   [  38% ] 000/225 VUs  04m36.8s/12m0s  02.00 iters/s

running (04m37.9s), 001/225 VUs, 3074 complete and 0 interrupted iterations
openloop_oscillating   [  39% ] 001/225 VUs  04m37.8s/12m0s  02.00 iters/s

running (04m38.9s), 000/225 VUs, 3077 complete and 0 interrupted iterations
openloop_oscillating   [  39% ] 000/225 VUs  04m38.8s/12m0s  02.00 iters/s

running (04m39.9s), 001/225 VUs, 3078 complete and 0 interrupted iterations
openloop_oscillating   [  39% ] 001/225 VUs  04m39.8s/12m0s  02.00 iters/s

running (04m40.9s), 000/225 VUs, 3081 complete and 0 interrupted iterations
openloop_oscillating   [  39% ] 000/225 VUs  04m40.8s/12m0s  02.00 iters/s

running (04m41.9s), 001/225 VUs, 3082 complete and 0 interrupted iterations
openloop_oscillating   [  39% ] 001/225 VUs  04m41.8s/12m0s  02.00 iters/s

running (04m42.9s), 001/225 VUs, 3084 complete and 0 interrupted iterations
openloop_oscillating   [  39% ] 001/225 VUs  04m42.8s/12m0s  02.00 iters/s

running (04m43.9s), 000/225 VUs, 3087 complete and 0 interrupted iterations
openloop_oscillating   [  39% ] 000/225 VUs  04m43.8s/12m0s  02.00 iters/s

running (04m44.9s), 000/225 VUs, 3089 complete and 0 interrupted iterations
openloop_oscillating   [  40% ] 000/225 VUs  04m44.8s/12m0s  02.00 iters/s

running (04m45.9s), 000/225 VUs, 3091 complete and 0 interrupted iterations
openloop_oscillating   [  40% ] 000/225 VUs  04m45.8s/12m0s  02.00 iters/s

running (04m46.9s), 000/225 VUs, 3093 complete and 0 interrupted iterations
openloop_oscillating   [  40% ] 000/225 VUs  04m46.8s/12m0s  02.00 iters/s

running (04m47.9s), 000/225 VUs, 3095 complete and 0 interrupted iterations
openloop_oscillating   [  40% ] 000/225 VUs  04m47.8s/12m0s  02.00 iters/s

running (04m48.9s), 000/225 VUs, 3097 complete and 0 interrupted iterations
openloop_oscillating   [  40% ] 000/225 VUs  04m48.8s/12m0s  02.00 iters/s

running (04m49.9s), 001/225 VUs, 3098 complete and 0 interrupted iterations
openloop_oscillating   [  40% ] 001/225 VUs  04m49.8s/12m0s  02.00 iters/s

running (04m50.9s), 000/225 VUs, 3101 complete and 0 interrupted iterations
openloop_oscillating   [  40% ] 000/225 VUs  04m50.8s/12m0s  02.00 iters/s

running (04m51.9s), 000/225 VUs, 3103 complete and 0 interrupted iterations
openloop_oscillating   [  41% ] 000/225 VUs  04m51.8s/12m0s  02.00 iters/s

running (04m52.9s), 000/225 VUs, 3105 complete and 0 interrupted iterations
openloop_oscillating   [  41% ] 000/225 VUs  04m52.8s/12m0s  02.00 iters/s

running (04m53.9s), 000/225 VUs, 3107 complete and 0 interrupted iterations
openloop_oscillating   [  41% ] 000/225 VUs  04m53.8s/12m0s  02.00 iters/s

running (04m54.9s), 000/225 VUs, 3109 complete and 0 interrupted iterations
openloop_oscillating   [  41% ] 000/225 VUs  04m54.8s/12m0s  02.00 iters/s

running (04m55.9s), 000/225 VUs, 3111 complete and 0 interrupted iterations
openloop_oscillating   [  41% ] 000/225 VUs  04m55.8s/12m0s  02.00 iters/s

running (04m56.9s), 000/225 VUs, 3113 complete and 0 interrupted iterations
openloop_oscillating   [  41% ] 000/225 VUs  04m56.8s/12m0s  02.00 iters/s

running (04m57.9s), 000/225 VUs, 3115 complete and 0 interrupted iterations
openloop_oscillating   [  41% ] 000/225 VUs  04m57.8s/12m0s  02.00 iters/s

running (04m58.9s), 001/225 VUs, 3116 complete and 0 interrupted iterations
openloop_oscillating   [  42% ] 001/225 VUs  04m58.8s/12m0s  02.00 iters/s

running (04m59.9s), 000/225 VUs, 3119 complete and 0 interrupted iterations
openloop_oscillating   [  42% ] 000/225 VUs  04m59.8s/12m0s  02.00 iters/s

running (05m00.9s), 001/225 VUs, 3121 complete and 0 interrupted iterations
openloop_oscillating   [  42% ] 001/225 VUs  05m00.8s/12m0s  04.23 iters/s

running (05m01.9s), 001/225 VUs, 3127 complete and 0 interrupted iterations
openloop_oscillating   [  42% ] 001/225 VUs  05m01.8s/12m0s  07.18 iters/s

running (05m02.9s), 001/225 VUs, 3136 complete and 0 interrupted iterations
openloop_oscillating   [  42% ] 001/225 VUs  05m02.8s/12m0s  10.10 iters/s

running (05m03.9s), 003/225 VUs, 3145 complete and 0 interrupted iterations
openloop_oscillating   [  42% ] 003/225 VUs  05m03.8s/12m0s  12.79 iters/s

running (05m04.9s), 001/225 VUs, 3161 complete and 0 interrupted iterations
openloop_oscillating   [  42% ] 001/225 VUs  05m04.8s/12m0s  15.56 iters/s

running (05m05.9s), 003/225 VUs, 3176 complete and 0 interrupted iterations
openloop_oscillating   [  42% ] 003/225 VUs  05m05.8s/12m0s  18.36 iters/s

running (05m06.9s), 002/225 VUs, 3197 complete and 0 interrupted iterations
openloop_oscillating   [  43% ] 002/225 VUs  05m06.8s/12m0s  21.19 iters/s

running (05m07.9s), 001/225 VUs, 3220 complete and 0 interrupted iterations
openloop_oscillating   [  43% ] 001/225 VUs  05m07.8s/12m0s  23.92 iters/s

running (05m08.9s), 006/225 VUs, 3241 complete and 0 interrupted iterations
openloop_oscillating   [  43% ] 006/225 VUs  05m08.8s/12m0s  26.80 iters/s

running (05m09.9s), 004/225 VUs, 3271 complete and 0 interrupted iterations
openloop_oscillating   [  43% ] 004/225 VUs  05m09.8s/12m0s  29.58 iters/s

running (05m10.9s), 007/225 VUs, 3298 complete and 0 interrupted iterations
openloop_oscillating   [  43% ] 007/225 VUs  05m10.8s/12m0s  30.00 iters/s

running (05m11.9s), 005/225 VUs, 3330 complete and 0 interrupted iterations
openloop_oscillating   [  43% ] 005/225 VUs  05m11.8s/12m0s  30.00 iters/s

running (05m12.9s), 003/225 VUs, 3362 complete and 0 interrupted iterations
openloop_oscillating   [  43% ] 003/225 VUs  05m12.8s/12m0s  30.00 iters/s

running (05m13.9s), 002/225 VUs, 3393 complete and 0 interrupted iterations
openloop_oscillating   [  44% ] 002/225 VUs  05m13.8s/12m0s  30.00 iters/s

running (05m14.9s), 007/225 VUs, 3418 complete and 0 interrupted iterations
openloop_oscillating   [  44% ] 007/225 VUs  05m14.8s/12m0s  30.00 iters/s

running (05m15.9s), 006/225 VUs, 3449 complete and 0 interrupted iterations
openloop_oscillating   [  44% ] 006/225 VUs  05m15.8s/12m0s  30.00 iters/s

running (05m16.9s), 004/225 VUs, 3481 complete and 0 interrupted iterations
openloop_oscillating   [  44% ] 004/225 VUs  05m16.8s/12m0s  30.00 iters/s

running (05m17.9s), 008/225 VUs, 3507 complete and 0 interrupted iterations
openloop_oscillating   [  44% ] 008/225 VUs  05m17.8s/12m0s  30.00 iters/s

running (05m18.9s), 005/225 VUs, 3540 complete and 0 interrupted iterations
openloop_oscillating   [  44% ] 005/225 VUs  05m18.8s/12m0s  30.00 iters/s

running (05m19.9s), 004/225 VUs, 3571 complete and 0 interrupted iterations
openloop_oscillating   [  44% ] 004/225 VUs  05m19.8s/12m0s  30.00 iters/s

running (05m20.9s), 008/225 VUs, 3597 complete and 0 interrupted iterations
openloop_oscillating   [  45% ] 008/225 VUs  05m20.8s/12m0s  30.00 iters/s

running (05m21.9s), 019/225 VUs, 3616 complete and 0 interrupted iterations
openloop_oscillating   [  45% ] 019/225 VUs  05m21.8s/12m0s  30.00 iters/s

running (05m22.9s), 028/225 VUs, 3637 complete and 0 interrupted iterations
openloop_oscillating   [  45% ] 028/225 VUs  05m22.8s/12m0s  30.00 iters/s

running (05m23.9s), 030/225 VUs, 3665 complete and 0 interrupted iterations
openloop_oscillating   [  45% ] 030/225 VUs  05m23.8s/12m0s  30.00 iters/s

running (05m24.9s), 052/225 VUs, 3673 complete and 0 interrupted iterations
openloop_oscillating   [  45% ] 052/225 VUs  05m24.8s/12m0s  30.00 iters/s
time="2026-10-06T13:50:38Z" level=warning msg="Request Failed" error="request timeout"

running (05m25.9s), 079/225 VUs, 3676 complete and 0 interrupted iterations
openloop_oscillating   [  45% ] 079/225 VUs  05m25.8s/12m0s  30.00 iters/s
time="2026-10-06T13:50:40Z" level=warning msg="Request Failed" error="Post \"http://auth-service.ecommerce.svc.cluster.local:8001/auth/login\": request timeout"
time="2026-10-06T13:50:40Z" level=warning msg="Request Failed" error="Post \"http://auth-service.ecommerce.svc.cluster.local:8001/auth/login\": request timeout"
time="2026-10-06T13:50:40Z" level=warning msg="Request Failed" error="Post \"http://auth-service.ecommerce.svc.cluster.local:8001/auth/login\": request timeout"
time="2026-10-06T13:50:40Z" level=warning msg="Request Failed" error="Post \"http://auth-service.ecommerce.svc.cluster.local:8001/auth/login\": request timeout"
time="2026-10-06T13:50:40Z" level=warning msg="Request Failed" error="Post \"http://auth-service.ecommerce.svc.cluster.local:8001/auth/login\": request timeout"

running (05m26.9s), 086/225 VUs, 3699 complete and 0 interrupted iterations
openloop_oscillating   [  45% ] 086/225 VUs  05m26.8s/12m0s  30.00 iters/s
time="2026-10-06T13:50:40Z" level=warning msg="Request Failed" error="Post \"http://auth-service.ecommerce.svc.cluster.local:8001/auth/login\": request timeout"

running (05m27.9s), 082/225 VUs, 3733 complete and 0 interrupted iterations
openloop_oscillating   [  46% ] 082/225 VUs  05m27.8s/12m0s  30.00 iters/s
time="2026-10-06T13:50:42Z" level=warning msg="Request Failed" error="Post \"http://auth-service.ecommerce.svc.cluster.local:8001/auth/login\": request timeout"
time="2026-10-06T13:50:42Z" level=warning msg="Request Failed" error="request timeout"

running (05m28.9s), 072/225 VUs, 3773 complete and 0 interrupted iterations
openloop_oscillating   [  46% ] 072/225 VUs  05m28.8s/12m0s  30.00 iters/s
time="2026-10-06T13:50:42Z" level=warning msg="Request Failed" error="Post \"http://auth-service.ecommerce.svc.cluster.local:8001/auth/login\": request timeout"
time="2026-10-06T13:50:43Z" level=warning msg="Request Failed" error="Post \"http://auth-service.ecommerce.svc.cluster.local:8001/auth/login\": request timeout"
time="2026-10-06T13:50:43Z" level=warning msg="Request Failed" error="Post \"http://auth-service.ecommerce.svc.cluster.local:8001/auth/login\": request timeout"

running (05m29.9s), 060/225 VUs, 3815 complete and 0 interrupted iterations
openloop_oscillating   [  46% ] 060/225 VUs  05m29.8s/12m0s  30.00 iters/s
time="2026-10-06T13:50:44Z" level=warning msg="Request Failed" error="Post \"http://auth-service.ecommerce.svc.cluster.local:8001/auth/login\": request timeout"

running (05m30.9s), 073/225 VUs, 3832 complete and 0 interrupted iterations
openloop_oscillating   [  46% ] 073/225 VUs  05m30.8s/12m0s  30.00 iters/s
time="2026-10-06T13:50:45Z" level=warning msg="Request Failed" error="Post \"http://auth-service.ecommerce.svc.cluster.local:8001/auth/login\": request timeout"

running (05m31.9s), 086/225 VUs, 3849 complete and 0 interrupted iterations
openloop_oscillating   [  46% ] 086/225 VUs  05m31.8s/12m0s  30.00 iters/s
time="2026-10-06T13:50:46Z" level=warning msg="Request Failed" error="Post \"http://auth-service.ecommerce.svc.cluster.local:8001/auth/login\": request timeout"

running (05m32.9s), 096/225 VUs, 3869 complete and 0 interrupted iterations
openloop_oscillating   [  46% ] 096/225 VUs  05m32.8s/12m0s  30.00 iters/s
time="2026-10-06T13:50:47Z" level=warning msg="Request Failed" error="Post \"http://auth-service.ecommerce.svc.cluster.local:8001/auth/login\": request timeout"
time="2026-10-06T13:50:47Z" level=warning msg="Request Failed" error="Post \"http://auth-service.ecommerce.svc.cluster.local:8001/auth/login\": request timeout"

running (05m33.9s), 102/225 VUs, 3893 complete and 0 interrupted iterations
openloop_oscillating   [  46% ] 102/225 VUs  05m33.8s/12m0s  30.00 iters/s
time="2026-10-06T13:50:47Z" level=warning msg="Request Failed" error="Post \"http://auth-service.ecommerce.svc.cluster.local:8001/auth/login\": request timeout"
time="2026-10-06T13:50:47Z" level=warning msg="Request Failed" error="Post \"http://auth-service.ecommerce.svc.cluster.local:8001/auth/login\": request timeout"
time="2026-10-06T13:50:48Z" level=warning msg="Request Failed" error="Post \"http://auth-service.ecommerce.svc.cluster.local:8001/auth/login\": request timeout"

running (05m34.9s), 099/225 VUs, 3926 complete and 0 interrupted iterations
openloop_oscillating   [  47% ] 099/225 VUs  05m34.8s/12m0s  30.00 iters/s
time="2026-10-06T13:50:48Z" level=warning msg="Request Failed" error="Post \"http://auth-service.ecommerce.svc.cluster.local:8001/auth/login\": request timeout"
time="2026-10-06T13:50:49Z" level=warning msg="Request Failed" error="Post \"http://auth-service.ecommerce.svc.cluster.local:8001/auth/login\": request timeout"
time="2026-10-06T13:50:49Z" level=warning msg="Request Failed" error="Post \"http://auth-service.ecommerce.svc.cluster.local:8001/auth/login\": request timeout"

running (05m35.9s), 098/225 VUs, 3957 complete and 0 interrupted iterations
openloop_oscillating   [  47% ] 098/225 VUs  05m35.8s/12m0s  30.00 iters/s
time="2026-10-06T13:50:50Z" level=warning msg="Request Failed" error="Post \"http://auth-service.ecommerce.svc.cluster.local:8001/auth/login\": request timeout"

running (05m36.9s), 116/225 VUs, 3969 complete and 0 interrupted iterations
openloop_oscillating   [  47% ] 116/225 VUs  05m36.8s/12m0s  30.00 iters/s
time="2026-10-06T13:50:50Z" level=warning msg="Request Failed" error="Post \"http://auth-service.ecommerce.svc.cluster.local:8001/auth/login\": request timeout"
time="2026-10-06T13:50:50Z" level=warning msg="Request Failed" error="Post \"http://auth-service.ecommerce.svc.cluster.local:8001/auth/login\": request timeout"
time="2026-10-06T13:50:51Z" level=warning msg="Request Failed" error="Post \"http://auth-service.ecommerce.svc.cluster.local:8001/auth/login\": request timeout"

running (05m37.9s), 129/225 VUs, 3986 complete and 0 interrupted iterations
openloop_oscillating   [  47% ] 129/225 VUs  05m37.8s/12m0s  30.00 iters/s
time="2026-10-06T13:50:51Z" level=warning msg="Request Failed" error="Post \"http://auth-service.ecommerce.svc.cluster.local:8001/auth/login\": request timeout"
time="2026-10-06T13:50:52Z" level=warning msg="Request Failed" error="Post \"http://auth-service.ecommerce.svc.cluster.local:8001/auth/login\": request timeout"
time="2026-10-06T13:50:52Z" level=warning msg="Request Failed" error="Post \"http://auth-service.ecommerce.svc.cluster.local:8001/auth/login\": request timeout"
time="2026-10-06T13:50:52Z" level=warning msg="Request Failed" error="Post \"http://auth-service.ecommerce.svc.cluster.local:8001/auth/login\": request timeout"
time="2026-10-06T13:50:52Z" level=warning msg="Request Failed" error="Post \"http://auth-service.ecommerce.svc.cluster.local:8001/auth/login\": request timeout"
time="2026-10-06T13:50:52Z" level=warning msg="Request Failed" error="Post \"http://auth-service.ecommerce.svc.cluster.local:8001/auth/login\": request timeout"

running (05m38.9s), 124/225 VUs, 4021 complete and 0 interrupted iterations
openloop_oscillating   [  47% ] 124/225 VUs  05m38.8s/12m0s  30.00 iters/s
time="2026-10-06T13:50:53Z" level=warning msg="Request Failed" error="Post \"http://auth-service.ecommerce.svc.cluster.local:8001/auth/login\": request timeout"

running (05m39.9s), 126/225 VUs, 4049 complete and 0 interrupted iterations
openloop_oscillating   [  47% ] 126/225 VUs  05m39.8s/12m0s  30.00 iters/s
time="2026-10-06T13:50:53Z" level=warning msg="Request Failed" error="Post \"http://auth-service.ecommerce.svc.cluster.local:8001/auth/login\": request timeout"
time="2026-10-06T13:50:54Z" level=warning msg="Request Failed" error="Post \"http://auth-service.ecommerce.svc.cluster.local:8001/auth/login\": request timeout"
time="2026-10-06T13:50:54Z" level=warning msg="Request Failed" error="Post \"http://auth-service.ecommerce.svc.cluster.local:8001/auth/login\": request timeout"
time="2026-10-06T13:50:54Z" level=warning msg="Request Failed" error="Post \"http://auth-service.ecommerce.svc.cluster.local:8001/auth/login\": request timeout"
time="2026-10-06T13:50:54Z" level=warning msg="Request Failed" error="Post \"http://auth-service.ecommerce.svc.cluster.local:8001/auth/login\": request timeout"
time="2026-10-06T13:50:54Z" level=warning msg="Request Failed" error="Get \"http://auth-service.ecommerce.svc.cluster.local:8001/auth/me\": request timeout"
time="2026-10-06T13:50:54Z" level=warning msg="Request Failed" error="Get \"http://auth-service.ecommerce.svc.cluster.local:8001/auth/me\": request timeout"

running (05m40.9s), 142/225 VUs, 4063 complete and 0 interrupted iterations
openloop_oscillating   [  47% ] 142/225 VUs  05m40.8s/12m0s  30.00 iters/s
time="2026-10-06T13:50:54Z" level=warning msg="Request Failed" error="Get \"http://auth-service.ecommerce.svc.cluster.local:8001/auth/me\": request timeout"
time="2026-10-06T13:50:54Z" level=warning msg="Request Failed" error="Get \"http://auth-service.ecommerce.svc.cluster.local:8001/auth/me\": request timeout"
time="2026-10-06T13:50:54Z" level=warning msg="Request Failed" error="Get \"http://auth-service.ecommerce.svc.cluster.local:8001/auth/me\": request timeout"
time="2026-10-06T13:50:54Z" level=warning msg="Request Failed" error="Get \"http://auth-service.ecommerce.svc.cluster.local:8001/auth/me\": request timeout"
time="2026-10-06T13:50:54Z" level=warning msg="Request Failed" error="Get \"http://auth-service.ecommerce.svc.cluster.local:8001/auth/me\": request timeout"
time="2026-10-06T13:50:55Z" level=warning msg="Request Failed" error="Get \"http://auth-service.ecommerce.svc.cluster.local:8001/auth/me\": request timeout"
time="2026-10-06T13:50:55Z" level=warning msg="Request Failed" error="Post \"http://auth-service.ecommerce.svc.cluster.local:8001/auth/login\": request timeout"
time="2026-10-06T13:50:55Z" level=warning msg="Request Failed" error="Get \"http://auth-service.ecommerce.svc.cluster.local:8001/auth/me\": request timeout"
time="2026-10-06T13:50:55Z" level=warning msg="Request Failed" error="Get \"http://auth-service.ecommerce.svc.cluster.local:8001/auth/me\": request timeout"
time="2026-10-06T13:50:55Z" level=warning msg="Request Failed" error="Get \"http://auth-service.ecommerce.svc.cluster.local:8001/auth/me\": request timeout"
time="2026-10-06T13:50:55Z" level=warning msg="Request Failed" error="Get \"http://auth-service.ecommerce.svc.cluster.local:8001/auth/me\": request timeout"
time="2026-10-06T13:50:55Z" level=warning msg="Request Failed" error="Get \"http://auth-service.ecommerce.svc.cluster.local:8001/auth/me\": request timeout"
time="2026-10-06T13:50:55Z" level=warning msg="Request Failed" error="Post \"http://auth-service.ecommerce.svc.cluster.local:8001/auth/login\": request timeout"
time="2026-10-06T13:50:55Z" level=warning msg="Request Failed" error="Post \"http://auth-service.ecommerce.svc.cluster.local:8001/auth/login\": request timeout"
time="2026-10-06T13:50:55Z" level=warning msg="Request Failed" error="Post \"http://auth-service.ecommerce.svc.cluster.local:8001/auth/login\": request timeout"
time="2026-10-06T13:50:55Z" level=warning msg="Request Failed" error="Post \"http://auth-service.ecommerce.svc.cluster.local:8001/auth/login\": request timeout"
time="2026-10-06T13:50:55Z" level=warning msg="Request Failed" error="Get \"http://auth-service.ecommerce.svc.cluster.local:8001/auth/me\": request timeout"
time="2026-10-06T13:50:55Z" level=warning msg="Request Failed" error="Get \"http://auth-service.ecommerce.svc.cluster.local:8001/auth/me\": request timeout"

running (05m41.9s), 145/225 VUs, 4090 complete and 0 interrupted iterations
openloop_oscillating   [  47% ] 145/225 VUs  05m41.8s/12m0s  30.00 iters/s
time="2026-10-06T13:50:55Z" level=warning msg="Request Failed" error="Post \"http://auth-service.ecommerce.svc.cluster.local:8001/auth/login\": request timeout"
time="2026-10-06T13:50:55Z" level=warning msg="Request Failed" error="Get \"http://auth-service.ecommerce.svc.cluster.local:8001/auth/me\": request timeout"

running (05m42.9s), 115/225 VUs, 4150 complete and 0 interrupted iterations
openloop_oscillating   [  48% ] 115/225 VUs  05m42.8s/12m0s  30.00 iters/s
time="2026-10-06T13:50:57Z" level=warning msg="Request Failed" error="Post \"http://auth-service.ecommerce.svc.cluster.local:8001/auth/login\": request timeout"
time="2026-10-06T13:50:57Z" level=warning msg="Request Failed" error="Post \"http://auth-service.ecommerce.svc.cluster.local:8001/auth/login\": request timeout"
time="2026-10-06T13:50:57Z" level=warning msg="Request Failed" error="Post \"http://auth-service.ecommerce.svc.cluster.local:8001/auth/login\": request timeout"
time="2026-10-06T13:50:57Z" level=warning msg="Request Failed" error="Post \"http://auth-service.ecommerce.svc.cluster.local:8001/auth/login\": request timeout"
time="2026-10-06T13:50:57Z" level=warning msg="Request Failed" error="Post \"http://auth-service.ecommerce.svc.cluster.local:8001/auth/login\": request timeout"

running (05m43.9s), 109/225 VUs, 4186 complete and 0 interrupted iterations
openloop_oscillating   [  48% ] 109/225 VUs  05m43.8s/12m0s  30.00 iters/s
time="2026-10-06T13:50:57Z" level=warning msg="Request Failed" error="Post \"http://auth-service.ecommerce.svc.cluster.local:8001/auth/login\": request timeout"
time="2026-10-06T13:50:58Z" level=warning msg="Request Failed" error="Post \"http://auth-service.ecommerce.svc.cluster.local:8001/auth/login\": request timeout"
time="2026-10-06T13:50:58Z" level=warning msg="Request Failed" error="Post \"http://auth-service.ecommerce.svc.cluster.local:8001/auth/login\": request timeout"
time="2026-10-06T13:50:58Z" level=warning msg="Request Failed" error="Post \"http://auth-service.ecommerce.svc.cluster.local:8001/auth/login\": request timeout"

running (05m44.9s), 086/225 VUs, 4239 complete and 0 interrupted iterations
openloop_oscillating   [  48% ] 086/225 VUs  05m44.8s/12m0s  30.00 iters/s
time="2026-10-06T13:50:59Z" level=warning msg="Request Failed" error="Post \"http://auth-service.ecommerce.svc.cluster.local:8001/auth/login\": request timeout"
time="2026-10-06T13:50:59Z" level=warning msg="Request Failed" error="Post \"http://auth-service.ecommerce.svc.cluster.local:8001/auth/login\": request timeout"
time="2026-10-06T13:50:59Z" level=warning msg="Request Failed" error="Post \"http://auth-service.ecommerce.svc.cluster.local:8001/auth/login\": request timeout"
time="2026-10-06T13:50:59Z" level=warning msg="Request Failed" error="Post \"http://auth-service.ecommerce.svc.cluster.local:8001/auth/login\": request timeout"
time="2026-10-06T13:50:59Z" level=warning msg="Request Failed" error="Post \"http://auth-service.ecommerce.svc.cluster.local:8001/auth/login\": request timeout"

running (05m45.9s), 068/225 VUs, 4287 complete and 0 interrupted iterations
openloop_oscillating   [  48% ] 068/225 VUs  05m45.8s/12m0s  30.00 iters/s
time="2026-10-06T13:50:59Z" level=warning msg="Request Failed" error="Post \"http://auth-service.ecommerce.svc.cluster.local:8001/auth/login\": request timeout"
time="2026-10-06T13:51:00Z" level=warning msg="Request Failed" error="Post \"http://auth-service.ecommerce.svc.cluster.local:8001/auth/login\": request timeout"
time="2026-10-06T13:51:00Z" level=warning msg="Request Failed" error="Post \"http://auth-service.ecommerce.svc.cluster.local:8001/auth/login\": request timeout"

running (05m46.9s), 061/225 VUs, 4324 complete and 0 interrupted iterations
openloop_oscillating   [  48% ] 061/225 VUs  05m46.8s/12m0s  30.00 iters/s
time="2026-10-06T13:51:00Z" level=warning msg="Request Failed" error="Post \"http://auth-service.ecommerce.svc.cluster.local:8001/auth/login\": request timeout"
time="2026-10-06T13:51:01Z" level=warning msg="Request Failed" error="Post \"http://auth-service.ecommerce.svc.cluster.local:8001/auth/login\": request timeout"
time="2026-10-06T13:51:01Z" level=warning msg="Request Failed" error="Post \"http://auth-service.ecommerce.svc.cluster.local:8001/auth/login\": request timeout"

running (05m47.9s), 071/225 VUs, 4344 complete and 0 interrupted iterations
openloop_oscillating   [  48% ] 071/225 VUs  05m47.8s/12m0s  30.00 iters/s
time="2026-10-06T13:51:01Z" level=warning msg="Request Failed" error="Post \"http://auth-service.ecommerce.svc.cluster.local:8001/auth/login\": request timeout"

running (05m48.9s), 080/225 VUs, 4365 complete and 0 interrupted iterations
openloop_oscillating   [  48% ] 080/225 VUs  05m48.8s/12m0s  30.00 iters/s

running (05m49.9s), 087/225 VUs, 4388 complete and 0 interrupted iterations
openloop_oscillating   [  49% ] 087/225 VUs  05m49.8s/12m0s  30.00 iters/s
time="2026-10-06T13:51:03Z" level=warning msg="Request Failed" error="Post \"http://auth-service.ecommerce.svc.cluster.local:8001/auth/login\": request timeout"
time="2026-10-06T13:51:03Z" level=warning msg="Request Failed" error="Post \"http://auth-service.ecommerce.svc.cluster.local:8001/auth/login\": request timeout"
time="2026-10-06T13:51:04Z" level=warning msg="Request Failed" error="Post \"http://auth-service.ecommerce.svc.cluster.local:8001/auth/login\": request timeout"
time="2026-10-06T13:51:04Z" level=warning msg="Request Failed" error="Post \"http://auth-service.ecommerce.svc.cluster.local:8001/auth/login\": request timeout"

running (05m50.9s), 106/225 VUs, 4399 complete and 0 interrupted iterations
openloop_oscillating   [  49% ] 106/225 VUs  05m50.8s/12m0s  30.00 iters/s
time="2026-10-06T13:51:04Z" level=warning msg="Request Failed" error="Post \"http://auth-service.ecommerce.svc.cluster.local:8001/auth/login\": request timeout"
time="2026-10-06T13:51:05Z" level=warning msg="Request Failed" error="Post \"http://auth-service.ecommerce.svc.cluster.local:8001/auth/login\": request timeout"
time="2026-10-06T13:51:05Z" level=warning msg="Request Failed" error="Post \"http://auth-service.ecommerce.svc.cluster.local:8001/auth/login\": request timeout"

running (05m51.9s), 102/225 VUs, 4433 complete and 0 interrupted iterations
openloop_oscillating   [  49% ] 102/225 VUs  05m51.8s/12m0s  30.00 iters/s
time="2026-10-06T13:51:05Z" level=warning msg="Request Failed" error="Post \"http://auth-service.ecommerce.svc.cluster.local:8001/auth/login\": request timeout"
time="2026-10-06T13:51:06Z" level=warning msg="Request Failed" error="Post \"http://auth-service.ecommerce.svc.cluster.local:8001/auth/login\": request timeout"

running (05m52.9s), 113/225 VUs, 4452 complete and 0 interrupted iterations
openloop_oscillating   [  49% ] 113/225 VUs  05m52.8s/12m0s  30.00 iters/s
time="2026-10-06T13:51:06Z" level=warning msg="Request Failed" error="Post \"http://auth-service.ecommerce.svc.cluster.local:8001/auth/login\": request timeout"
time="2026-10-06T13:51:07Z" level=warning msg="Request Failed" error="Post \"http://auth-service.ecommerce.svc.cluster.local:8001/auth/login\": request timeout"
time="2026-10-06T13:51:07Z" level=warning msg="Request Failed" error="Post \"http://auth-service.ecommerce.svc.cluster.local:8001/auth/login\": request timeout"

running (05m53.9s), 128/225 VUs, 4467 complete and 0 interrupted iterations
openloop_oscillating   [  49% ] 128/225 VUs  05m53.8s/12m0s  30.00 iters/s
time="2026-10-06T13:51:07Z" level=warning msg="Request Failed" error="Post \"http://auth-service.ecommerce.svc.cluster.local:8001/auth/login\": request timeout"
time="2026-10-06T13:51:07Z" level=warning msg="Request Failed" error="Post \"http://auth-service.ecommerce.svc.cluster.local:8001/auth/login\": request timeout"
time="2026-10-06T13:51:08Z" level=warning msg="Request Failed" error="Get \"http://auth-service.ecommerce.svc.cluster.local:8001/auth/me\": request timeout"
time="2026-10-06T13:51:08Z" level=warning msg="Request Failed" error="Post \"http://auth-service.ecommerce.svc.cluster.local:8001/auth/login\": request timeout"
time="2026-10-06T13:51:08Z" level=warning msg="Request Failed" error="request timeout"

running (05m54.9s), 127/225 VUs, 4498 complete and 0 interrupted iterations
openloop_oscillating   [  49% ] 127/225 VUs  05m54.8s/12m0s  30.00 iters/s
time="2026-10-06T13:51:08Z" level=warning msg="Request Failed" error="Post \"http://auth-service.ecommerce.svc.cluster.local:8001/auth/login\": request timeout"
time="2026-10-06T13:51:08Z" level=warning msg="Request Failed" error="Post \"http://auth-service.ecommerce.svc.cluster.local:8001/auth/login\": request timeout"
time="2026-10-06T13:51:09Z" level=warning msg="Request Failed" error="Post \"http://auth-service.ecommerce.svc.cluster.local:8001/auth/login\": request timeout"
time="2026-10-06T13:51:09Z" level=warning msg="Request Failed" error="Post \"http://auth-service.ecommerce.svc.cluster.local:8001/auth/login\": request timeout"
time="2026-10-06T13:51:09Z" level=warning msg="Request Failed" error="Post \"http://auth-service.ecommerce.svc.cluster.local:8001/auth/login\": request timeout"

running (05m55.9s), 126/225 VUs, 4529 complete and 0 interrupted iterations
openloop_oscillating   [  49% ] 126/225 VUs  05m55.8s/12m0s  30.00 iters/s
time="2026-10-06T13:51:10Z" level=warning msg="Request Failed" error="Post \"http://auth-service.ecommerce.svc.cluster.local:8001/auth/login\": request timeout"
time="2026-10-06T13:51:10Z" level=warning msg="Request Failed" error="Post \"http://auth-service.ecommerce.svc.cluster.local:8001/auth/login\": request timeout"
time="2026-10-06T13:51:10Z" level=warning msg="Request Failed" error="Get \"http://auth-service.ecommerce.svc.cluster.local:8001/auth/me\": request timeout"

running (05m56.9s), 145/225 VUs, 4540 complete and 0 interrupted iterations
openloop_oscillating   [  50% ] 145/225 VUs  05m56.8s/12m0s  30.00 iters/s
time="2026-10-06T13:51:10Z" level=warning msg="Request Failed" error="Get \"http://auth-service.ecommerce.svc.cluster.local:8001/auth/me\": request timeout"
time="2026-10-06T13:51:10Z" level=warning msg="Request Failed" error="request timeout"
time="2026-10-06T13:51:10Z" level=warning msg="Request Failed" error="Post \"http://auth-service.ecommerce.svc.cluster.local:8001/auth/login\": request timeout"
time="2026-10-06T13:51:10Z" level=warning msg="Request Failed" error="Get \"http://auth-service.ecommerce.svc.cluster.local:8001/auth/me\": request timeout"
time="2026-10-06T13:51:10Z" level=warning msg="Request Failed" error="Post \"http://auth-service.ecommerce.svc.cluster.local:8001/auth/login\": request timeout"
time="2026-10-06T13:51:10Z" level=warning msg="Request Failed" error="Get \"http://auth-service.ecommerce.svc.cluster.local:8001/auth/me\": request timeout"
time="2026-10-06T13:51:10Z" level=warning msg="Request Failed" error="Get \"http://auth-service.ecommerce.svc.cluster.local:8001/auth/me\": request timeout"
time="2026-10-06T13:51:11Z" level=warning msg="Request Failed" error="Post \"http://auth-service.ecommerce.svc.cluster.local:8001/auth/login\": request timeout"
time="2026-10-06T13:51:11Z" level=warning msg="Request Failed" error="Get \"http://auth-service.ecommerce.svc.cluster.local:8001/auth/me\": request timeout"
time="2026-10-06T13:51:11Z" level=warning msg="Request Failed" error="Post \"http://auth-service.ecommerce.svc.cluster.local:8001/auth/login\": request timeout"
time="2026-10-06T13:51:11Z" level=warning msg="Request Failed" error="Get \"http://auth-service.ecommerce.svc.cluster.local:8001/auth/me\": request timeout"
time="2026-10-06T13:51:11Z" level=warning msg="Request Failed" error="Post \"http://auth-service.ecommerce.svc.cluster.local:8001/auth/login\": request timeout"
time="2026-10-06T13:51:11Z" level=warning msg="Request Failed" error="Get \"http://auth-service.ecommerce.svc.cluster.local:8001/auth/me\": request timeout"
time="2026-10-06T13:51:11Z" level=warning msg="Request Failed" error="Post \"http://auth-service.ecommerce.svc.cluster.local:8001/auth/login\": request timeout"
time="2026-10-06T13:51:11Z" level=warning msg="Request Failed" error="Get \"http://auth-service.ecommerce.svc.cluster.local:8001/auth/me\": request timeout"

running (05m57.9s), 144/225 VUs, 4571 complete and 0 interrupted iterations
openloop_oscillating   [  50% ] 144/225 VUs  05m57.8s/12m0s  30.00 iters/s
time="2026-10-06T13:51:11Z" level=warning msg="Request Failed" error="Post \"http://auth-service.ecommerce.svc.cluster.local:8001/auth/login\": request timeout"
time="2026-10-06T13:51:11Z" level=warning msg="Request Failed" error="Post \"http://auth-service.ecommerce.svc.cluster.local:8001/auth/login\": request timeout"
time="2026-10-06T13:51:11Z" level=warning msg="Request Failed" error="Get \"http://auth-service.ecommerce.svc.cluster.local:8001/auth/me\": request timeout"
time="2026-10-06T13:51:11Z" level=warning msg="Request Failed" error="Post \"http://auth-service.ecommerce.svc.cluster.local:8001/auth/login\": request timeout"
time="2026-10-06T13:51:11Z" level=warning msg="Request Failed" error="Get \"http://auth-service.ecommerce.svc.cluster.local:8001/auth/me\": request timeout"
time="2026-10-06T13:51:11Z" level=warning msg="Request Failed" error="Post \"http://auth-service.ecommerce.svc.cluster.local:8001/auth/login\": request timeout"
time="2026-10-06T13:51:12Z" level=warning msg="Request Failed" error="Get \"http://auth-service.ecommerce.svc.cluster.local:8001/auth/me\": request timeout"
time="2026-10-06T13:51:12Z" level=warning msg="Request Failed" error="Get \"http://auth-service.ecommerce.svc.cluster.local:8001/auth/me\": request timeout"
time="2026-10-06T13:51:12Z" level=warning msg="Request Failed" error="Get \"http://auth-service.ecommerce.svc.cluster.local:8001/auth/me\": request timeout"
time="2026-10-06T13:51:12Z" level=warning msg="Request Failed" error="Post \"http://auth-service.ecommerce.svc.cluster.local:8001/auth/login\": request timeout"
time="2026-10-06T13:51:12Z" level=warning msg="Request Failed" error="Get \"http://auth-service.ecommerce.svc.cluster.local:8001/auth/me\": request timeout"
time="2026-10-06T13:51:12Z" level=warning msg="Request Failed" error="Post \"http://auth-service.ecommerce.svc.cluster.local:8001/auth/login\": request timeout"
time="2026-10-06T13:51:12Z" level=warning msg="Request Failed" error="Post \"http://auth-service.ecommerce.svc.cluster.local:8001/auth/login\": request timeout"
time="2026-10-06T13:51:12Z" level=warning msg="Request Failed" error="Post \"http://auth-service.ecommerce.svc.cluster.local:8001/auth/login\": request timeout"

running (05m58.9s), 147/225 VUs, 4598 complete and 0 interrupted iterations
openloop_oscillating   [  50% ] 147/225 VUs  05m58.8s/12m0s  30.00 iters/s
time="2026-10-06T13:51:12Z" level=warning msg="Request Failed" error="Get \"http://auth-service.ecommerce.svc.cluster.local:8001/auth/me\": request timeout"
time="2026-10-06T13:51:12Z" level=warning msg="Request Failed" error="Get \"http://auth-service.ecommerce.svc.cluster.local:8001/auth/me\": request timeout"
time="2026-10-06T13:51:12Z" level=warning msg="Request Failed" error="Get \"http://auth-service.ecommerce.svc.cluster.local:8001/auth/me\": request timeout"
time="2026-10-06T13:51:13Z" level=warning msg="Request Failed" error="Post \"http://auth-service.ecommerce.svc.cluster.local:8001/auth/login\": request timeout"
time="2026-10-06T13:51:13Z" level=warning msg="Request Failed" error="request timeout"
time="2026-10-06T13:51:13Z" level=warning msg="Request Failed" error="Post \"http://auth-service.ecommerce.svc.cluster.local:8001/auth/login\": request timeout"

running (05m59.9s), 138/225 VUs, 4637 complete and 0 interrupted iterations
openloop_oscillating   [  50% ] 138/225 VUs  05m59.8s/12m0s  30.00 iters/s
time="2026-10-06T13:51:13Z" level=warning msg="Request Failed" error="Get \"http://auth-service.ecommerce.svc.cluster.local:8001/auth/me\": request timeout"
time="2026-10-06T13:51:13Z" level=warning msg="Request Failed" error="Post \"http://auth-service.ecommerce.svc.cluster.local:8001/auth/login\": request timeout"
time="2026-10-06T13:51:14Z" level=warning msg="Request Failed" error="Get \"http://auth-service.ecommerce.svc.cluster.local:8001/auth/me\": request timeout"
time="2026-10-06T13:51:14Z" level=warning msg="Request Failed" error="Get \"http://auth-service.ecommerce.svc.cluster.local:8001/auth/me\": request timeout"
time="2026-10-06T13:51:14Z" level=warning msg="Request Failed" error="Get \"http://auth-service.ecommerce.svc.cluster.local:8001/auth/me\": request timeout"
time="2026-10-06T13:51:14Z" level=warning msg="Request Failed" error="Get \"http://auth-service.ecommerce.svc.cluster.local:8001/auth/me\": request timeout"
time="2026-10-06T13:51:14Z" level=warning msg="Request Failed" error="Get \"http://auth-service.ecommerce.svc.cluster.local:8001/auth/me\": request timeout"
time="2026-10-06T13:51:14Z" level=warning msg="Request Failed" error="Get \"http://auth-service.ecommerce.svc.cluster.local:8001/auth/me\": request timeout"
time="2026-10-06T13:51:14Z" level=warning msg="Request Failed" error="Get \"http://auth-service.ecommerce.svc.cluster.local:8001/auth/me\": request timeout"
time="2026-10-06T13:51:14Z" level=warning msg="Request Failed" error="Get \"http://auth-service.ecommerce.svc.cluster.local:8001/auth/me\": request timeout"
time="2026-10-06T13:51:14Z" level=warning msg="Request Failed" error="Get \"http://auth-service.ecommerce.svc.cluster.local:8001/auth/me\": request timeout"
time="2026-10-06T13:51:14Z" level=warning msg="Request Failed" error="Get \"http://auth-service.ecommerce.svc.cluster.local:8001/auth/me\": request timeout"
time="2026-10-06T13:51:14Z" level=warning msg="Request Failed" error="Get \"http://auth-service.ecommerce.svc.cluster.local:8001/auth/me\": request timeout"
time="2026-10-06T13:51:14Z" level=warning msg="Request Failed" error="Post \"http://auth-service.ecommerce.svc.cluster.local:8001/auth/login\": request timeout"
time="2026-10-06T13:51:14Z" level=warning msg="Request Failed" error="Get \"http://auth-service.ecommerce.svc.cluster.local:8001/auth/me\": request timeout"
time="2026-10-06T13:51:14Z" level=warning msg="Request Failed" error="Get \"http://auth-service.ecommerce.svc.cluster.local:8001/auth/me\": request timeout"
time="2026-10-06T13:51:14Z" level=warning msg="Request Failed" error="Get \"http://auth-service.ecommerce.svc.cluster.local:8001/auth/me\": request timeout"
time="2026-10-06T13:51:14Z" level=warning msg="Request Failed" error="Get \"http://auth-service.ecommerce.svc.cluster.local:8001/auth/me\": request timeout"

running (06m00.9s), 150/225 VUs, 4655 complete and 0 interrupted iterations
openloop_oscillating   [  50% ] 150/225 VUs  06m00.8s/12m0s  30.00 iters/s
time="2026-10-06T13:51:14Z" level=warning msg="Request Failed" error="Get \"http://auth-service.ecommerce.svc.cluster.local:8001/auth/me\": request timeout"
time="2026-10-06T13:51:14Z" level=warning msg="Request Failed" error="Get \"http://auth-service.ecommerce.svc.cluster.local:8001/auth/me\": request timeout"
time="2026-10-06T13:51:14Z" level=warning msg="Request Failed" error="Post \"http://auth-service.ecommerce.svc.cluster.local:8001/auth/login\": request timeout"
time="2026-10-06T13:51:14Z" level=warning msg="Request Failed" error="Get \"http://auth-service.ecommerce.svc.cluster.local:8001/auth/me\": request timeout"
time="2026-10-06T13:51:14Z" level=warning msg="Request Failed" error="Get \"http://auth-service.ecommerce.svc.cluster.local:8001/auth/me\": request timeout"
time="2026-10-06T13:51:14Z" level=warning msg="Request Failed" error="Get \"http://auth-service.ecommerce.svc.cluster.local:8001/auth/me\": request timeout"
time="2026-10-06T13:51:14Z" level=warning msg="Request Failed" error="Get \"http://auth-service.ecommerce.svc.cluster.local:8001/auth/me\": request timeout"
time="2026-10-06T13:51:14Z" level=warning msg="Request Failed" error="Get \"http://auth-service.ecommerce.svc.cluster.local:8001/auth/me\": request timeout"
time="2026-10-06T13:51:15Z" level=warning msg="Request Failed" error="Get \"http://auth-service.ecommerce.svc.cluster.local:8001/auth/me\": request timeout"
time="2026-10-06T13:51:15Z" level=warning msg="Request Failed" error="Post \"http://auth-service.ecommerce.svc.cluster.local:8001/auth/login\": request timeout"
time="2026-10-06T13:51:15Z" level=warning msg="Request Failed" error="Post \"http://auth-service.ecommerce.svc.cluster.local:8001/auth/login\": request timeout"
time="2026-10-06T13:51:15Z" level=warning msg="Request Failed" error="Get \"http://auth-service.ecommerce.svc.cluster.local:8001/auth/me\": request timeout"
time="2026-10-06T13:51:15Z" level=warning msg="Request Failed" error="Get \"http://auth-service.ecommerce.svc.cluster.local:8001/auth/me\": request timeout"
time="2026-10-06T13:51:15Z" level=warning msg="Request Failed" error="Get \"http://auth-service.ecommerce.svc.cluster.local:8001/auth/me\": request timeout"
time="2026-10-06T13:51:15Z" level=warning msg="Request Failed" error="Post \"http://auth-service.ecommerce.svc.cluster.local:8001/auth/login\": request timeout"
time="2026-10-06T13:51:15Z" level=warning msg="Request Failed" error="Post \"http://auth-service.ecommerce.svc.cluster.local:8001/auth/login\": request timeout"
time="2026-10-06T13:51:15Z" level=warning msg="Request Failed" error="Post \"http://auth-service.ecommerce.svc.cluster.local:8001/auth/login\": request timeout"
time="2026-10-06T13:51:15Z" level=warning msg="Request Failed" error="Get \"http://auth-service.ecommerce.svc.cluster.local:8001/auth/me\": request timeout"
time="2026-10-06T13:51:15Z" level=warning msg="Request Failed" error="Get \"http://auth-service.ecommerce.svc.cluster.local:8001/auth/me\": request timeout"
time="2026-10-06T13:51:15Z" level=warning msg="Request Failed" error="Get \"http://auth-service.ecommerce.svc.cluster.local:8001/auth/me\": request timeout"
time="2026-10-06T13:51:15Z" level=warning msg="Request Failed" error="Get \"http://auth-service.ecommerce.svc.cluster.local:8001/auth/me\": request timeout"
time="2026-10-06T13:51:15Z" level=warning msg="Request Failed" error="Get \"http://auth-service.ecommerce.svc.cluster.local:8001/auth/me\": request timeout"
time="2026-10-06T13:51:15Z" level=warning msg="Request Failed" error="Post \"http://auth-service.ecommerce.svc.cluster.local:8001/auth/login\": request timeout"
time="2026-10-06T13:51:15Z" level=warning msg="Request Failed" error="Get \"http://auth-service.ecommerce.svc.cluster.local:8001/auth/me\": request timeout"
time="2026-10-06T13:51:15Z" level=warning msg="Request Failed" error="Get \"http://auth-service.ecommerce.svc.cluster.local:8001/auth/me\": request timeout"
time="2026-10-06T13:51:15Z" level=warning msg="Request Failed" error="Post \"http://auth-service.ecommerce.svc.cluster.local:8001/auth/login\": request timeout"
time="2026-10-06T13:51:15Z" level=warning msg="Request Failed" error="Get \"http://auth-service.ecommerce.svc.cluster.local:8001/auth/me\": request timeout"
time="2026-10-06T13:51:15Z" level=warning msg="Request Failed" error="Get \"http://auth-service.ecommerce.svc.cluster.local:8001/auth/me\": request timeout"
time="2026-10-06T13:51:15Z" level=warning msg="Request Failed" error="Get \"http://auth-service.ecommerce.svc.cluster.local:8001/auth/me\": request timeout"
time="2026-10-06T13:51:15Z" level=warning msg="Request Failed" error="Get \"http://auth-service.ecommerce.svc.cluster.local:8001/auth/me\": request timeout"

running (06m01.9s), 150/225 VUs, 4685 complete and 0 interrupted iterations
openloop_oscillating   [  50% ] 150/225 VUs  06m01.8s/12m0s  30.00 iters/s
time="2026-10-06T13:51:15Z" level=warning msg="Request Failed" error="Get \"http://auth-service.ecommerce.svc.cluster.local:8001/auth/me\": request timeout"
time="2026-10-06T13:51:15Z" level=warning msg="Request Failed" error="Post \"http://auth-service.ecommerce.svc.cluster.local:8001/auth/login\": request timeout"
time="2026-10-06T13:51:15Z" level=warning msg="Request Failed" error="Get \"http://auth-service.ecommerce.svc.cluster.local:8001/auth/me\": request timeout"
time="2026-10-06T13:51:15Z" level=warning msg="Request Failed" error="Post \"http://auth-service.ecommerce.svc.cluster.local:8001/auth/login\": request timeout"
time="2026-10-06T13:51:15Z" level=warning msg="Request Failed" error="Get \"http://auth-service.ecommerce.svc.cluster.local:8001/auth/me\": request timeout"
time="2026-10-06T13:51:15Z" level=warning msg="Request Failed" error="Get \"http://auth-service.ecommerce.svc.cluster.local:8001/auth/me\": request timeout"
time="2026-10-06T13:51:15Z" level=warning msg="Request Failed" error="Get \"http://auth-service.ecommerce.svc.cluster.local:8001/auth/me\": request timeout"
time="2026-10-06T13:51:15Z" level=warning msg="Request Failed" error="Get \"http://auth-service.ecommerce.svc.cluster.local:8001/auth/me\": request timeout"
time="2026-10-06T13:51:16Z" level=warning msg="Request Failed" error="Post \"http://auth-service.ecommerce.svc.cluster.local:8001/auth/login\": request timeout"
time="2026-10-06T13:51:16Z" level=warning msg="Request Failed" error="Get \"http://auth-service.ecommerce.svc.cluster.local:8001/auth/me\": request timeout"
time="2026-10-06T13:51:16Z" level=warning msg="Request Failed" error="Post \"http://auth-service.ecommerce.svc.cluster.local:8001/auth/login\": request timeout"
time="2026-10-06T13:51:16Z" level=warning msg="Request Failed" error="Post \"http://auth-service.ecommerce.svc.cluster.local:8001/auth/login\": request timeout"
time="2026-10-06T13:51:16Z" level=warning msg="Request Failed" error="Post \"http://auth-service.ecommerce.svc.cluster.local:8001/auth/login\": request timeout"
time="2026-10-06T13:51:16Z" level=warning msg="Request Failed" error="Get \"http://auth-service.ecommerce.svc.cluster.local:8001/auth/me\": request timeout"
time="2026-10-06T13:51:16Z" level=warning msg="Request Failed" error="Get \"http://auth-service.ecommerce.svc.cluster.local:8001/auth/me\": request timeout"
time="2026-10-06T13:51:16Z" level=warning msg="Request Failed" error="Get \"http://auth-service.ecommerce.svc.cluster.local:8001/auth/me\": request timeout"
time="2026-10-06T13:51:16Z" level=warning msg="Request Failed" error="Post \"http://auth-service.ecommerce.svc.cluster.local:8001/auth/login\": request timeout"
time="2026-10-06T13:51:16Z" level=warning msg="Request Failed" error="Post \"http://auth-service.ecommerce.svc.cluster.local:8001/auth/login\": request timeout"
time="2026-10-06T13:51:16Z" level=warning msg="Request Failed" error="Post \"http://auth-service.ecommerce.svc.cluster.local:8001/auth/login\": request timeout"
time="2026-10-06T13:51:16Z" level=warning msg="Request Failed" error="Get \"http://auth-service.ecommerce.svc.cluster.local:8001/auth/me\": request timeout"
time="2026-10-06T13:51:16Z" level=warning msg="Request Failed" error="Get \"http://auth-service.ecommerce.svc.cluster.local:8001/auth/me\": request timeout"
time="2026-10-06T13:51:16Z" level=warning msg="Request Failed" error="Post \"http://auth-service.ecommerce.svc.cluster.local:8001/auth/login\": request timeout"
time="2026-10-06T13:51:16Z" level=warning msg="Request Failed" error="Get \"http://auth-service.ecommerce.svc.cluster.local:8001/auth/me\": request timeout"
time="2026-10-06T13:51:16Z" level=warning msg="Request Failed" error="Get \"http://auth-service.ecommerce.svc.cluster.local:8001/auth/me\": request timeout"
time="2026-10-06T13:51:16Z" level=warning msg="Request Failed" error="Post \"http://auth-service.ecommerce.svc.cluster.local:8001/auth/login\": request timeout"
time="2026-10-06T13:51:16Z" level=warning msg="Request Failed" error="Get \"http://auth-service.ecommerce.svc.cluster.local:8001/auth/me\": request timeout"
time="2026-10-06T13:51:16Z" level=warning msg="Request Failed" error="Get \"http://auth-service.ecommerce.svc.cluster.local:8001/auth/me\": request timeout"
time="2026-10-06T13:51:16Z" level=warning msg="Request Failed" error="Post \"http://auth-service.ecommerce.svc.cluster.local:8001/auth/login\": request timeout"
time="2026-10-06T13:51:16Z" level=warning msg="Request Failed" error="Get \"http://auth-service.ecommerce.svc.cluster.local:8001/auth/me\": request timeout"
time="2026-10-06T13:51:16Z" level=warning msg="Request Failed" error="Post \"http://auth-service.ecommerce.svc.cluster.local:8001/auth/login\": request timeout"

running (06m02.9s), 150/225 VUs, 4715 complete and 0 interrupted iterations
openloop_oscillating   [  50% ] 150/225 VUs  06m02.8s/12m0s  30.00 iters/s
time="2026-10-06T13:51:16Z" level=warning msg="Request Failed" error="Post \"http://auth-service.ecommerce.svc.cluster.local:8001/auth/login\": request timeout"
time="2026-10-06T13:51:16Z" level=warning msg="Request Failed" error="Post \"http://auth-service.ecommerce.svc.cluster.local:8001/auth/login\": request timeout"
time="2026-10-06T13:51:16Z" level=warning msg="Request Failed" error="Get \"http://auth-service.ecommerce.svc.cluster.local:8001/auth/me\": request timeout"
time="2026-10-06T13:51:16Z" level=warning msg="Request Failed" error="Get \"http://auth-service.ecommerce.svc.cluster.local:8001/auth/me\": request timeout"
time="2026-10-06T13:51:16Z" level=warning msg="Request Failed" error="Post \"http://auth-service.ecommerce.svc.cluster.local:8001/auth/login\": request timeout"
time="2026-10-06T13:51:16Z" level=warning msg="Request Failed" error="Get \"http://auth-service.ecommerce.svc.cluster.local:8001/auth/me\": request timeout"
time="2026-10-06T13:51:16Z" level=warning msg="Request Failed" error="Get \"http://auth-service.ecommerce.svc.cluster.local:8001/auth/me\": request timeout"
time="2026-10-06T13:51:16Z" level=warning msg="Request Failed" error="Get \"http://auth-service.ecommerce.svc.cluster.local:8001/auth/me\": request timeout"
time="2026-10-06T13:51:17Z" level=warning msg="Request Failed" error="Get \"http://auth-service.ecommerce.svc.cluster.local:8001/auth/me\": request timeout"
time="2026-10-06T13:51:17Z" level=warning msg="Request Failed" error="Get \"http://auth-service.ecommerce.svc.cluster.local:8001/auth/me\": request timeout"
time="2026-10-06T13:51:17Z" level=warning msg="Request Failed" error="Get \"http://auth-service.ecommerce.svc.cluster.local:8001/auth/me\": request timeout"
time="2026-10-06T13:51:17Z" level=warning msg="Request Failed" error="Get \"http://auth-service.ecommerce.svc.cluster.local:8001/auth/me\": request timeout"
time="2026-10-06T13:51:17Z" level=warning msg="Request Failed" error="Get \"http://auth-service.ecommerce.svc.cluster.local:8001/auth/me\": request timeout"
time="2026-10-06T13:51:17Z" level=warning msg="Request Failed" error="Post \"http://auth-service.ecommerce.svc.cluster.local:8001/auth/login\": request timeout"
time="2026-10-06T13:51:17Z" level=warning msg="Request Failed" error="Get \"http://auth-service.ecommerce.svc.cluster.local:8001/auth/me\": request timeout"
time="2026-10-06T13:51:17Z" level=warning msg="Request Failed" error="Get \"http://auth-service.ecommerce.svc.cluster.local:8001/auth/me\": request timeout"
time="2026-10-06T13:51:17Z" level=warning msg="Request Failed" error="Get \"http://auth-service.ecommerce.svc.cluster.local:8001/auth/me\": request timeout"
time="2026-10-06T13:51:17Z" level=warning msg="Request Failed" error="Post \"http://auth-service.ecommerce.svc.cluster.local:8001/auth/login\": request timeout"
time="2026-10-06T13:51:17Z" level=warning msg="Request Failed" error="Get \"http://auth-service.ecommerce.svc.cluster.local:8001/auth/me\": request timeout"
time="2026-10-06T13:51:17Z" level=warning msg="Request Failed" error="Get \"http://auth-service.ecommerce.svc.cluster.local:8001/auth/me\": request timeout"
time="2026-10-06T13:51:17Z" level=warning msg="Request Failed" error="Get \"http://auth-service.ecommerce.svc.cluster.local:8001/auth/me\": request timeout"
time="2026-10-06T13:51:17Z" level=warning msg="Request Failed" error="Get \"http://auth-service.ecommerce.svc.cluster.local:8001/auth/me\": request timeout"
time="2026-10-06T13:51:17Z" level=warning msg="Request Failed" error="Get \"http://auth-service.ecommerce.svc.cluster.local:8001/auth/me\": request timeout"
time="2026-10-06T13:51:17Z" level=warning msg="Request Failed" error="Post \"http://auth-service.ecommerce.svc.cluster.local:8001/auth/login\": request timeout"
time="2026-10-06T13:51:17Z" level=warning msg="Request Failed" error="Get \"http://auth-service.ecommerce.svc.cluster.local:8001/auth/me\": request timeout"
time="2026-10-06T13:51:17Z" level=warning msg="Request Failed" error="request timeout"

running (06m03.9s), 136/225 VUs, 4759 complete and 0 interrupted iterations
openloop_oscillating   [  51% ] 136/225 VUs  06m03.8s/12m0s  30.00 iters/s
time="2026-10-06T13:51:17Z" level=warning msg="Request Failed" error="Post \"http://auth-service.ecommerce.svc.cluster.local:8001/auth/login\": request timeout"
time="2026-10-06T13:51:17Z" level=warning msg="Request Failed" error="Post \"http://auth-service.ecommerce.svc.cluster.local:8001/auth/login\": request timeout"
time="2026-10-06T13:51:17Z" level=warning msg="Request Failed" error="Post \"http://auth-service.ecommerce.svc.cluster.local:8001/auth/login\": request timeout"
time="2026-10-06T13:51:18Z" level=warning msg="Request Failed" error="Post \"http://auth-service.ecommerce.svc.cluster.local:8001/auth/login\": request timeout"

running (06m04.9s), 101/225 VUs, 4824 complete and 0 interrupted iterations
openloop_oscillating   [  51% ] 101/225 VUs  06m04.8s/12m0s  30.00 iters/s

running (06m05.9s), 093/225 VUs, 4862 complete and 0 interrupted iterations
openloop_oscillating   [  51% ] 093/225 VUs  06m05.8s/12m0s  30.00 iters/s
time="2026-10-06T13:51:20Z" level=warning msg="Request Failed" error="Post \"http://auth-service.ecommerce.svc.cluster.local:8001/auth/login\": request timeout"

running (06m06.9s), 079/225 VUs, 4906 complete and 0 interrupted iterations
openloop_oscillating   [  51% ] 079/225 VUs  06m06.8s/12m0s  30.00 iters/s
time="2026-10-06T13:51:20Z" level=warning msg="Request Failed" error="Post \"http://auth-service.ecommerce.svc.cluster.local:8001/auth/login\": request timeout"
time="2026-10-06T13:51:21Z" level=warning msg="Request Failed" error="Post \"http://auth-service.ecommerce.svc.cluster.local:8001/auth/login\": request timeout"
time="2026-10-06T13:51:21Z" level=warning msg="Request Failed" error="Post \"http://auth-service.ecommerce.svc.cluster.local:8001/auth/login\": request timeout"

running (06m07.9s), 079/225 VUs, 4936 complete and 0 interrupted iterations
openloop_oscillating   [  51% ] 079/225 VUs  06m07.8s/12m0s  30.00 iters/s
time="2026-10-06T13:51:22Z" level=warning msg="Request Failed" error="Post \"http://auth-service.ecommerce.svc.cluster.local:8001/auth/login\": request timeout"

running (06m08.9s), 085/225 VUs, 4960 complete and 0 interrupted iterations
openloop_oscillating   [  51% ] 085/225 VUs  06m08.8s/12m0s  30.00 iters/s
time="2026-10-06T13:51:23Z" level=warning msg="Request Failed" error="Post \"http://auth-service.ecommerce.svc.cluster.local:8001/auth/login\": request timeout"

running (06m09.9s), 084/225 VUs, 4991 complete and 0 interrupted iterations
openloop_oscillating   [  51% ] 084/225 VUs  06m09.8s/12m0s  30.00 iters/s
time="2026-10-06T13:51:23Z" level=warning msg="Request Failed" error="Post \"http://auth-service.ecommerce.svc.cluster.local:8001/auth/login\": request timeout"
time="2026-10-06T13:51:23Z" level=warning msg="Request Failed" error="Post \"http://auth-service.ecommerce.svc.cluster.local:8001/auth/login\": request timeout"
time="2026-10-06T13:51:24Z" level=warning msg="Request Failed" error="Post \"http://auth-service.ecommerce.svc.cluster.local:8001/auth/login\": request timeout"
time="2026-10-06T13:51:24Z" level=warning msg="Request Failed" error="Post \"http://auth-service.ecommerce.svc.cluster.local:8001/auth/login\": request timeout"

running (06m10.9s), 082/225 VUs, 5023 complete and 0 interrupted iterations
openloop_oscillating   [  52% ] 082/225 VUs  06m10.8s/12m0s  30.00 iters/s
time="2026-10-06T13:51:24Z" level=warning msg="Request Failed" error="Post \"http://auth-service.ecommerce.svc.cluster.local:8001/auth/login\": request timeout"
time="2026-10-06T13:51:25Z" level=warning msg="Request Failed" error="Post \"http://auth-service.ecommerce.svc.cluster.local:8001/auth/login\": request timeout"

running (06m11.9s), 098/225 VUs, 5037 complete and 0 interrupted iterations
openloop_oscillating   [  52% ] 098/225 VUs  06m11.8s/12m0s  30.00 iters/s

running (06m12.9s), 117/225 VUs, 5048 complete and 0 interrupted iterations
openloop_oscillating   [  52% ] 117/225 VUs  06m12.8s/12m0s  30.00 iters/s
time="2026-10-06T13:51:27Z" level=warning msg="Request Failed" error="Post \"http://auth-service.ecommerce.svc.cluster.local:8001/auth/login\": request timeout"
time="2026-10-06T13:51:27Z" level=warning msg="Request Failed" error="Post \"http://auth-service.ecommerce.svc.cluster.local:8001/auth/login\": request timeout"
time="2026-10-06T13:51:27Z" level=warning msg="Request Failed" error="Post \"http://auth-service.ecommerce.svc.cluster.local:8001/auth/login\": request timeout"
time="2026-10-06T13:51:27Z" level=warning msg="Request Failed" error="Post \"http://auth-service.ecommerce.svc.cluster.local:8001/auth/login\": request timeout"
time="2026-10-06T13:51:27Z" level=warning msg="Request Failed" error="Post \"http://auth-service.ecommerce.svc.cluster.local:8001/auth/login\": request timeout"
time="2026-10-06T13:51:27Z" level=warning msg="Request Failed" error="Post \"http://auth-service.ecommerce.svc.cluster.local:8001/auth/login\": request timeout"

running (06m13.9s), 123/225 VUs, 5072 complete and 0 interrupted iterations
openloop_oscillating   [  52% ] 123/225 VUs  06m13.8s/12m0s  30.00 iters/s
time="2026-10-06T13:51:28Z" level=warning msg="Request Failed" error="Post \"http://auth-service.ecommerce.svc.cluster.local:8001/auth/login\": request timeout"

running (06m14.9s), 108/225 VUs, 5117 complete and 0 interrupted iterations
openloop_oscillating   [  52% ] 108/225 VUs  06m14.8s/12m0s  30.00 iters/s
time="2026-10-06T13:51:29Z" level=warning msg="Request Failed" error="Post \"http://auth-service.ecommerce.svc.cluster.local:8001/auth/login\": request timeout"

running (06m15.9s), 098/225 VUs, 5157 complete and 0 interrupted iterations
openloop_oscillating   [  52% ] 098/225 VUs  06m15.8s/12m0s  30.00 iters/s
time="2026-10-06T13:51:29Z" level=warning msg="Request Failed" error="Post \"http://auth-service.ecommerce.svc.cluster.local:8001/auth/login\": request timeout"
time="2026-10-06T13:51:30Z" level=warning msg="Request Failed" error="Post \"http://auth-service.ecommerce.svc.cluster.local:8001/auth/login\": request timeout"

running (06m16.9s), 090/225 VUs, 5195 complete and 0 interrupted iterations
openloop_oscillating   [  52% ] 090/225 VUs  06m16.8s/12m0s  30.00 iters/s
time="2026-10-06T13:51:30Z" level=warning msg="Request Failed" error="Post \"http://auth-service.ecommerce.svc.cluster.local:8001/auth/login\": request timeout"
time="2026-10-06T13:51:31Z" level=warning msg="Request Failed" error="Post \"http://auth-service.ecommerce.svc.cluster.local:8001/auth/login\": request timeout"
time="2026-10-06T13:51:31Z" level=warning msg="Request Failed" error="Post \"http://auth-service.ecommerce.svc.cluster.local:8001/auth/login\": request timeout"
time="2026-10-06T13:51:31Z" level=warning msg="Request Failed" error="Post \"http://auth-service.ecommerce.svc.cluster.local:8001/auth/login\": request timeout"

running (06m17.9s), 086/225 VUs, 5229 complete and 0 interrupted iterations
openloop_oscillating   [  52% ] 086/225 VUs  06m17.8s/12m0s  30.00 iters/s

running (06m18.9s), 082/225 VUs, 5263 complete and 0 interrupted iterations
openloop_oscillating   [  53% ] 082/225 VUs  06m18.8s/12m0s  30.00 iters/s
time="2026-10-06T13:51:32Z" level=warning msg="Request Failed" error="Post \"http://auth-service.ecommerce.svc.cluster.local:8001/auth/login\": request timeout"
time="2026-10-06T13:51:33Z" level=warning msg="Request Failed" error="Post \"http://auth-service.ecommerce.svc.cluster.local:8001/auth/login\": request timeout"

running (06m19.9s), 069/225 VUs, 5306 complete and 0 interrupted iterations
openloop_oscillating   [  53% ] 069/225 VUs  06m19.8s/12m0s  30.00 iters/s
time="2026-10-06T13:51:33Z" level=warning msg="Request Failed" error="Post \"http://auth-service.ecommerce.svc.cluster.local:8001/auth/login\": request timeout"

running (06m20.9s), 069/225 VUs, 5336 complete and 0 interrupted iterations
openloop_oscillating   [  53% ] 069/225 VUs  06m20.8s/12m0s  30.00 iters/s
time="2026-10-06T13:51:35Z" level=warning msg="Request Failed" error="Post \"http://auth-service.ecommerce.svc.cluster.local:8001/auth/login\": request timeout"
time="2026-10-06T13:51:35Z" level=warning msg="Request Failed" error="Post \"http://auth-service.ecommerce.svc.cluster.local:8001/auth/login\": request timeout"
time="2026-10-06T13:51:35Z" level=warning msg="Request Failed" error="Post \"http://auth-service.ecommerce.svc.cluster.local:8001/auth/login\": request timeout"
time="2026-10-06T13:51:35Z" level=warning msg="Request Failed" error="Post \"http://auth-service.ecommerce.svc.cluster.local:8001/auth/login\": request timeout"

running (06m21.9s), 069/225 VUs, 5366 complete and 0 interrupted iterations
openloop_oscillating   [  53% ] 069/225 VUs  06m21.8s/12m0s  30.00 iters/s
time="2026-10-06T13:51:36Z" level=warning msg="Request Failed" error="Post \"http://auth-service.ecommerce.svc.cluster.local:8001/auth/login\": request timeout"
time="2026-10-06T13:51:36Z" level=warning msg="Request Failed" error="Post \"http://auth-service.ecommerce.svc.cluster.local:8001/auth/login\": request timeout"

running (06m22.9s), 080/225 VUs, 5385 complete and 0 interrupted iterations
openloop_oscillating   [  53% ] 080/225 VUs  06m22.8s/12m0s  30.00 iters/s

running (06m23.9s), 079/225 VUs, 5416 complete and 0 interrupted iterations
openloop_oscillating   [  53% ] 079/225 VUs  06m23.8s/12m0s  30.00 iters/s
time="2026-10-06T13:51:38Z" level=warning msg="Request Failed" error="Post \"http://auth-service.ecommerce.svc.cluster.local:8001/auth/login\": request timeout"
time="2026-10-06T13:51:38Z" level=warning msg="Request Failed" error="Post \"http://auth-service.ecommerce.svc.cluster.local:8001/auth/login\": request timeout"

running (06m24.9s), 075/225 VUs, 5450 complete and 0 interrupted iterations
openloop_oscillating   [  53% ] 075/225 VUs  06m24.8s/12m0s  30.00 iters/s
time="2026-10-06T13:51:38Z" level=warning msg="Request Failed" error="Post \"http://auth-service.ecommerce.svc.cluster.local:8001/auth/login\": request timeout"
time="2026-10-06T13:51:39Z" level=warning msg="Request Failed" error="Post \"http://auth-service.ecommerce.svc.cluster.local:8001/auth/login\": request timeout"

running (06m25.9s), 064/225 VUs, 5491 complete and 0 interrupted iterations
openloop_oscillating   [  54% ] 064/225 VUs  06m25.8s/12m0s  30.00 iters/s
time="2026-10-06T13:51:39Z" level=warning msg="Request Failed" error="Post \"http://auth-service.ecommerce.svc.cluster.local:8001/auth/login\": request timeout"
time="2026-10-06T13:51:40Z" level=warning msg="Request Failed" error="Post \"http://auth-service.ecommerce.svc.cluster.local:8001/auth/login\": request timeout"

running (06m26.9s), 038/225 VUs, 5547 complete and 0 interrupted iterations
openloop_oscillating   [  54% ] 038/225 VUs  06m26.8s/12m0s  30.00 iters/s
time="2026-10-06T13:51:41Z" level=warning msg="Request Failed" error="Post \"http://auth-service.ecommerce.svc.cluster.local:8001/auth/login\": request timeout"
time="2026-10-06T13:51:41Z" level=warning msg="Request Failed" error="Post \"http://auth-service.ecommerce.svc.cluster.local:8001/auth/login\": request timeout"

running (06m27.9s), 017/225 VUs, 5598 complete and 0 interrupted iterations
openloop_oscillating   [  54% ] 017/225 VUs  06m27.8s/12m0s  30.00 iters/s

running (06m28.9s), 013/225 VUs, 5632 complete and 0 interrupted iterations
openloop_oscillating   [  54% ] 013/225 VUs  06m28.8s/12m0s  30.00 iters/s
time="2026-10-06T13:51:42Z" level=warning msg="Request Failed" error="Post \"http://auth-service.ecommerce.svc.cluster.local:8001/auth/login\": request timeout"

running (06m29.9s), 012/225 VUs, 5663 complete and 0 interrupted iterations
openloop_oscillating   [  54% ] 012/225 VUs  06m29.8s/12m0s  30.00 iters/s

running (06m30.9s), 009/225 VUs, 5695 complete and 0 interrupted iterations
openloop_oscillating   [  54% ] 009/225 VUs  06m30.8s/12m0s  27.62 iters/s

running (06m31.9s), 002/225 VUs, 5728 complete and 0 interrupted iterations
openloop_oscillating   [  54% ] 002/225 VUs  06m31.8s/12m0s  24.84 iters/s

running (06m32.9s), 003/225 VUs, 5751 complete and 0 interrupted iterations
openloop_oscillating   [  55% ] 003/225 VUs  06m32.8s/12m0s  21.97 iters/s

running (06m33.9s), 001/225 VUs, 5773 complete and 0 interrupted iterations
openloop_oscillating   [  55% ] 001/225 VUs  06m33.8s/12m0s  19.26 iters/s

running (06m34.9s), 002/225 VUs, 5790 complete and 0 interrupted iterations
openloop_oscillating   [  55% ] 002/225 VUs  06m34.8s/12m0s  16.43 iters/s

running (06m35.9s), 002/225 VUs, 5805 complete and 0 interrupted iterations
openloop_oscillating   [  55% ] 002/225 VUs  06m35.8s/12m0s  13.64 iters/s

running (06m36.9s), 000/225 VUs, 5819 complete and 0 interrupted iterations
openloop_oscillating   [  55% ] 000/225 VUs  06m36.8s/12m0s  10.90 iters/s

running (06m37.9s), 001/225 VUs, 5828 complete and 0 interrupted iterations
openloop_oscillating   [  55% ] 001/225 VUs  06m37.8s/12m0s  07.92 iters/s

running (06m38.9s), 001/225 VUs, 5834 complete and 0 interrupted iterations
openloop_oscillating   [  55% ] 001/225 VUs  06m38.8s/12m0s  05.40 iters/s

running (06m39.9s), 000/225 VUs, 5839 complete and 0 interrupted iterations
openloop_oscillating   [  56% ] 000/225 VUs  06m39.8s/12m0s  02.55 iters/s

running (06m40.9s), 000/225 VUs, 5841 complete and 0 interrupted iterations
openloop_oscillating   [  56% ] 000/225 VUs  06m40.8s/12m0s  02.00 iters/s

running (06m41.9s), 000/225 VUs, 5843 complete and 0 interrupted iterations
openloop_oscillating   [  56% ] 000/225 VUs  06m41.8s/12m0s  02.00 iters/s

running (06m42.9s), 000/225 VUs, 5845 complete and 0 interrupted iterations
openloop_oscillating   [  56% ] 000/225 VUs  06m42.8s/12m0s  02.00 iters/s

running (06m43.9s), 000/225 VUs, 5847 complete and 0 interrupted iterations
openloop_oscillating   [  56% ] 000/225 VUs  06m43.8s/12m0s  02.00 iters/s

running (06m44.9s), 000/225 VUs, 5849 complete and 0 interrupted iterations
openloop_oscillating   [  56% ] 000/225 VUs  06m44.8s/12m0s  02.00 iters/s

running (06m45.9s), 000/225 VUs, 5851 complete and 0 interrupted iterations
openloop_oscillating   [  56% ] 000/225 VUs  06m45.8s/12m0s  02.00 iters/s

running (06m46.9s), 001/225 VUs, 5852 complete and 0 interrupted iterations
openloop_oscillating   [  57% ] 001/225 VUs  06m46.8s/12m0s  02.00 iters/s

running (06m47.9s), 000/225 VUs, 5855 complete and 0 interrupted iterations
openloop_oscillating   [  57% ] 000/225 VUs  06m47.8s/12m0s  02.00 iters/s

running (06m48.9s), 000/225 VUs, 5857 complete and 0 interrupted iterations
openloop_oscillating   [  57% ] 000/225 VUs  06m48.8s/12m0s  02.00 iters/s

running (06m49.9s), 000/225 VUs, 5859 complete and 0 interrupted iterations
openloop_oscillating   [  57% ] 000/225 VUs  06m49.8s/12m0s  02.00 iters/s

running (06m50.9s), 000/225 VUs, 5861 complete and 0 interrupted iterations
openloop_oscillating   [  57% ] 000/225 VUs  06m50.8s/12m0s  02.00 iters/s

running (06m51.9s), 000/225 VUs, 5863 complete and 0 interrupted iterations
openloop_oscillating   [  57% ] 000/225 VUs  06m51.8s/12m0s  02.00 iters/s

running (06m52.9s), 000/225 VUs, 5865 complete and 0 interrupted iterations
openloop_oscillating   [  57% ] 000/225 VUs  06m52.8s/12m0s  02.00 iters/s

running (06m53.9s), 000/225 VUs, 5867 complete and 0 interrupted iterations
openloop_oscillating   [  57% ] 000/225 VUs  06m53.8s/12m0s  02.00 iters/s

running (06m54.9s), 000/225 VUs, 5869 complete and 0 interrupted iterations
openloop_oscillating   [  58% ] 000/225 VUs  06m54.8s/12m0s  02.00 iters/s

running (06m55.9s), 000/225 VUs, 5871 complete and 0 interrupted iterations
openloop_oscillating   [  58% ] 000/225 VUs  06m55.8s/12m0s  02.00 iters/s

running (06m56.9s), 000/225 VUs, 5873 complete and 0 interrupted iterations
openloop_oscillating   [  58% ] 000/225 VUs  06m56.8s/12m0s  02.00 iters/s

running (06m57.9s), 000/225 VUs, 5875 complete and 0 interrupted iterations
openloop_oscillating   [  58% ] 000/225 VUs  06m57.8s/12m0s  02.00 iters/s

running (06m58.9s), 000/225 VUs, 5877 complete and 0 interrupted iterations
openloop_oscillating   [  58% ] 000/225 VUs  06m58.8s/12m0s  02.00 iters/s

running (06m59.9s), 000/225 VUs, 5879 complete and 0 interrupted iterations
openloop_oscillating   [  58% ] 000/225 VUs  06m59.8s/12m0s  02.00 iters/s

running (07m00.9s), 000/225 VUs, 5881 complete and 0 interrupted iterations
openloop_oscillating   [  58% ] 000/225 VUs  07m00.8s/12m0s  02.00 iters/s

running (07m01.9s), 001/225 VUs, 5882 complete and 0 interrupted iterations
openloop_oscillating   [  59% ] 001/225 VUs  07m01.8s/12m0s  02.00 iters/s

running (07m02.9s), 000/225 VUs, 5885 complete and 0 interrupted iterations
openloop_oscillating   [  59% ] 000/225 VUs  07m02.8s/12m0s  02.00 iters/s

running (07m03.9s), 000/225 VUs, 5887 complete and 0 interrupted iterations
openloop_oscillating   [  59% ] 000/225 VUs  07m03.8s/12m0s  02.00 iters/s

running (07m04.9s), 000/225 VUs, 5889 complete and 0 interrupted iterations
openloop_oscillating   [  59% ] 000/225 VUs  07m04.8s/12m0s  02.00 iters/s

running (07m05.9s), 000/225 VUs, 5891 complete and 0 interrupted iterations
openloop_oscillating   [  59% ] 000/225 VUs  07m05.8s/12m0s  02.00 iters/s

running (07m06.9s), 000/225 VUs, 5893 complete and 0 interrupted iterations
openloop_oscillating   [  59% ] 000/225 VUs  07m06.8s/12m0s  02.00 iters/s

running (07m07.9s), 000/225 VUs, 5895 complete and 0 interrupted iterations
openloop_oscillating   [  59% ] 000/225 VUs  07m07.8s/12m0s  02.00 iters/s

running (07m08.9s), 000/225 VUs, 5897 complete and 0 interrupted iterations
openloop_oscillating   [  60% ] 000/225 VUs  07m08.8s/12m0s  02.00 iters/s

running (07m09.9s), 000/225 VUs, 5899 complete and 0 interrupted iterations
openloop_oscillating   [  60% ] 000/225 VUs  07m09.8s/12m0s  02.00 iters/s

running (07m10.9s), 000/225 VUs, 5901 complete and 0 interrupted iterations
openloop_oscillating   [  60% ] 000/225 VUs  07m10.8s/12m0s  02.00 iters/s

running (07m11.9s), 000/225 VUs, 5903 complete and 0 interrupted iterations
openloop_oscillating   [  60% ] 000/225 VUs  07m11.8s/12m0s  02.00 iters/s

running (07m12.9s), 000/225 VUs, 5905 complete and 0 interrupted iterations
openloop_oscillating   [  60% ] 000/225 VUs  07m12.8s/12m0s  02.00 iters/s

running (07m13.9s), 000/225 VUs, 5907 complete and 0 interrupted iterations
openloop_oscillating   [  60% ] 000/225 VUs  07m13.8s/12m0s  02.00 iters/s

running (07m14.9s), 000/225 VUs, 5909 complete and 0 interrupted iterations
openloop_oscillating   [  60% ] 000/225 VUs  07m14.8s/12m0s  02.00 iters/s

running (07m15.9s), 000/225 VUs, 5911 complete and 0 interrupted iterations
openloop_oscillating   [  61% ] 000/225 VUs  07m15.8s/12m0s  02.00 iters/s

running (07m16.9s), 000/225 VUs, 5913 complete and 0 interrupted iterations
openloop_oscillating   [  61% ] 000/225 VUs  07m16.8s/12m0s  02.00 iters/s

running (07m17.9s), 000/225 VUs, 5915 complete and 0 interrupted iterations
openloop_oscillating   [  61% ] 000/225 VUs  07m17.8s/12m0s  02.00 iters/s

running (07m18.9s), 000/225 VUs, 5917 complete and 0 interrupted iterations
openloop_oscillating   [  61% ] 000/225 VUs  07m18.8s/12m0s  02.00 iters/s

running (07m19.9s), 000/225 VUs, 5919 complete and 0 interrupted iterations
openloop_oscillating   [  61% ] 000/225 VUs  07m19.8s/12m0s  02.00 iters/s

running (07m20.9s), 000/225 VUs, 5921 complete and 0 interrupted iterations
openloop_oscillating   [  61% ] 000/225 VUs  07m20.8s/12m0s  02.00 iters/s

running (07m21.9s), 000/225 VUs, 5923 complete and 0 interrupted iterations
openloop_oscillating   [  61% ] 000/225 VUs  07m21.8s/12m0s  02.00 iters/s

running (07m22.9s), 000/225 VUs, 5925 complete and 0 interrupted iterations
openloop_oscillating   [  62% ] 000/225 VUs  07m22.8s/12m0s  02.00 iters/s

running (07m23.9s), 000/225 VUs, 5927 complete and 0 interrupted iterations
openloop_oscillating   [  62% ] 000/225 VUs  07m23.8s/12m0s  02.00 iters/s

running (07m24.9s), 000/225 VUs, 5929 complete and 0 interrupted iterations
openloop_oscillating   [  62% ] 000/225 VUs  07m24.8s/12m0s  02.00 iters/s

running (07m25.9s), 000/225 VUs, 5931 complete and 0 interrupted iterations
openloop_oscillating   [  62% ] 000/225 VUs  07m25.8s/12m0s  02.00 iters/s

running (07m26.9s), 001/225 VUs, 5932 complete and 0 interrupted iterations
openloop_oscillating   [  62% ] 001/225 VUs  07m26.8s/12m0s  02.00 iters/s

running (07m27.9s), 000/225 VUs, 5935 complete and 0 interrupted iterations
openloop_oscillating   [  62% ] 000/225 VUs  07m27.8s/12m0s  02.00 iters/s

running (07m28.9s), 000/225 VUs, 5937 complete and 0 interrupted iterations
openloop_oscillating   [  62% ] 000/225 VUs  07m28.8s/12m0s  02.00 iters/s

running (07m29.9s), 001/225 VUs, 5938 complete and 0 interrupted iterations
openloop_oscillating   [  62% ] 001/225 VUs  07m29.8s/12m0s  02.00 iters/s

running (07m30.9s), 000/225 VUs, 5941 complete and 0 interrupted iterations
openloop_oscillating   [  63% ] 000/225 VUs  07m30.8s/12m0s  02.00 iters/s

running (07m31.9s), 000/225 VUs, 5943 complete and 0 interrupted iterations
openloop_oscillating   [  63% ] 000/225 VUs  07m31.8s/12m0s  02.00 iters/s

running (07m32.9s), 000/225 VUs, 5945 complete and 0 interrupted iterations
openloop_oscillating   [  63% ] 000/225 VUs  07m32.8s/12m0s  02.00 iters/s

running (07m33.9s), 000/225 VUs, 5947 complete and 0 interrupted iterations
openloop_oscillating   [  63% ] 000/225 VUs  07m33.8s/12m0s  02.00 iters/s

running (07m34.9s), 000/225 VUs, 5949 complete and 0 interrupted iterations
openloop_oscillating   [  63% ] 000/225 VUs  07m34.8s/12m0s  02.00 iters/s

running (07m35.9s), 000/225 VUs, 5951 complete and 0 interrupted iterations
openloop_oscillating   [  63% ] 000/225 VUs  07m35.8s/12m0s  02.00 iters/s

running (07m36.9s), 000/225 VUs, 5953 complete and 0 interrupted iterations
openloop_oscillating   [  63% ] 000/225 VUs  07m36.8s/12m0s  02.00 iters/s

running (07m37.9s), 000/225 VUs, 5955 complete and 0 interrupted iterations
openloop_oscillating   [  64% ] 000/225 VUs  07m37.8s/12m0s  02.00 iters/s

running (07m38.9s), 000/225 VUs, 5957 complete and 0 interrupted iterations
openloop_oscillating   [  64% ] 000/225 VUs  07m38.8s/12m0s  02.00 iters/s

running (07m39.9s), 000/225 VUs, 5959 complete and 0 interrupted iterations
openloop_oscillating   [  64% ] 000/225 VUs  07m39.8s/12m0s  02.00 iters/s

running (07m40.9s), 000/225 VUs, 5961 complete and 0 interrupted iterations
openloop_oscillating   [  64% ] 000/225 VUs  07m40.8s/12m0s  02.00 iters/s

running (07m41.9s), 001/225 VUs, 5962 complete and 0 interrupted iterations
openloop_oscillating   [  64% ] 001/225 VUs  07m41.8s/12m0s  02.00 iters/s

running (07m42.9s), 000/225 VUs, 5965 complete and 0 interrupted iterations
openloop_oscillating   [  64% ] 000/225 VUs  07m42.8s/12m0s  02.00 iters/s

running (07m43.9s), 001/225 VUs, 5966 complete and 0 interrupted iterations
openloop_oscillating   [  64% ] 001/225 VUs  07m43.8s/12m0s  02.00 iters/s

running (07m44.9s), 001/225 VUs, 5968 complete and 0 interrupted iterations
openloop_oscillating   [  65% ] 001/225 VUs  07m44.8s/12m0s  02.00 iters/s

running (07m45.9s), 000/225 VUs, 5971 complete and 0 interrupted iterations
openloop_oscillating   [  65% ] 000/225 VUs  07m45.8s/12m0s  02.00 iters/s

running (07m46.9s), 000/225 VUs, 5973 complete and 0 interrupted iterations
openloop_oscillating   [  65% ] 000/225 VUs  07m46.8s/12m0s  02.00 iters/s

running (07m47.9s), 000/225 VUs, 5975 complete and 0 interrupted iterations
openloop_oscillating   [  65% ] 000/225 VUs  07m47.8s/12m0s  02.00 iters/s

running (07m48.9s), 001/225 VUs, 5976 complete and 0 interrupted iterations
openloop_oscillating   [  65% ] 001/225 VUs  07m48.8s/12m0s  02.00 iters/s

running (07m49.9s), 000/225 VUs, 5979 complete and 0 interrupted iterations
openloop_oscillating   [  65% ] 000/225 VUs  07m49.8s/12m0s  02.00 iters/s

running (07m50.9s), 000/225 VUs, 5981 complete and 0 interrupted iterations
openloop_oscillating   [  65% ] 000/225 VUs  07m50.8s/12m0s  02.00 iters/s

running (07m51.9s), 000/225 VUs, 5983 complete and 0 interrupted iterations
openloop_oscillating   [  66% ] 000/225 VUs  07m51.8s/12m0s  02.00 iters/s

running (07m52.9s), 000/225 VUs, 5985 complete and 0 interrupted iterations
openloop_oscillating   [  66% ] 000/225 VUs  07m52.8s/12m0s  02.00 iters/s

running (07m53.9s), 000/225 VUs, 5987 complete and 0 interrupted iterations
openloop_oscillating   [  66% ] 000/225 VUs  07m53.8s/12m0s  02.00 iters/s

running (07m54.9s), 000/225 VUs, 5989 complete and 0 interrupted iterations
openloop_oscillating   [  66% ] 000/225 VUs  07m54.8s/12m0s  02.00 iters/s

running (07m55.9s), 000/225 VUs, 5991 complete and 0 interrupted iterations
openloop_oscillating   [  66% ] 000/225 VUs  07m55.8s/12m0s  02.00 iters/s

running (07m56.9s), 000/225 VUs, 5993 complete and 0 interrupted iterations
openloop_oscillating   [  66% ] 000/225 VUs  07m56.8s/12m0s  02.00 iters/s

running (07m57.9s), 000/225 VUs, 5995 complete and 0 interrupted iterations
openloop_oscillating   [  66% ] 000/225 VUs  07m57.8s/12m0s  02.00 iters/s

running (07m58.9s), 000/225 VUs, 5997 complete and 0 interrupted iterations
openloop_oscillating   [  67% ] 000/225 VUs  07m58.8s/12m0s  02.00 iters/s

running (07m59.9s), 001/225 VUs, 5998 complete and 0 interrupted iterations
openloop_oscillating   [  67% ] 001/225 VUs  07m59.8s/12m0s  02.00 iters/s

running (08m00.9s), 000/225 VUs, 6002 complete and 0 interrupted iterations
openloop_oscillating   [  67% ] 000/225 VUs  08m00.8s/12m0s  04.23 iters/s

running (08m01.9s), 001/225 VUs, 6007 complete and 0 interrupted iterations
openloop_oscillating   [  67% ] 001/225 VUs  08m01.8s/12m0s  07.18 iters/s

running (08m02.9s), 001/225 VUs, 6016 complete and 0 interrupted iterations
openloop_oscillating   [  67% ] 001/225 VUs  08m02.8s/12m0s  10.10 iters/s

running (08m03.9s), 000/225 VUs, 6028 complete and 0 interrupted iterations
openloop_oscillating   [  67% ] 000/225 VUs  08m03.8s/12m0s  12.79 iters/s

running (08m04.9s), 000/225 VUs, 6042 complete and 0 interrupted iterations
openloop_oscillating   [  67% ] 000/225 VUs  08m04.8s/12m0s  15.56 iters/s

running (08m05.9s), 003/225 VUs, 6056 complete and 0 interrupted iterations
openloop_oscillating   [  67% ] 003/225 VUs  08m05.8s/12m0s  18.36 iters/s

running (08m06.9s), 001/225 VUs, 6078 complete and 0 interrupted iterations
openloop_oscillating   [  68% ] 001/225 VUs  08m06.8s/12m0s  21.19 iters/s

running (08m07.9s), 005/225 VUs, 6096 complete and 0 interrupted iterations
openloop_oscillating   [  68% ] 005/225 VUs  08m07.8s/12m0s  23.92 iters/s

running (08m08.9s), 000/225 VUs, 6127 complete and 0 interrupted iterations
openloop_oscillating   [  68% ] 000/225 VUs  08m08.8s/12m0s  26.80 iters/s

running (08m09.9s), 002/225 VUs, 6153 complete and 0 interrupted iterations
openloop_oscillating   [  68% ] 002/225 VUs  08m09.8s/12m0s  29.58 iters/s

running (08m10.9s), 007/225 VUs, 6178 complete and 0 interrupted iterations
openloop_oscillating   [  68% ] 007/225 VUs  08m10.8s/12m0s  30.00 iters/s

running (08m11.9s), 004/225 VUs, 6211 complete and 0 interrupted iterations
openloop_oscillating   [  68% ] 004/225 VUs  08m11.8s/12m0s  30.00 iters/s

running (08m12.9s), 006/225 VUs, 6239 complete and 0 interrupted iterations
openloop_oscillating   [  68% ] 006/225 VUs  08m12.8s/12m0s  30.00 iters/s

running (08m13.9s), 011/225 VUs, 6264 complete and 0 interrupted iterations
openloop_oscillating   [  69% ] 011/225 VUs  08m13.8s/12m0s  30.00 iters/s

running (08m14.9s), 004/225 VUs, 6301 complete and 0 interrupted iterations
openloop_oscillating   [  69% ] 004/225 VUs  08m14.8s/12m0s  30.00 iters/s

running (08m15.9s), 003/225 VUs, 6332 complete and 0 interrupted iterations
openloop_oscillating   [  69% ] 003/225 VUs  08m15.8s/12m0s  30.00 iters/s

running (08m16.9s), 003/225 VUs, 6362 complete and 0 interrupted iterations
openloop_oscillating   [  69% ] 003/225 VUs  08m16.8s/12m0s  30.00 iters/s

running (08m17.9s), 003/225 VUs, 6392 complete and 0 interrupted iterations
openloop_oscillating   [  69% ] 003/225 VUs  08m17.8s/12m0s  30.00 iters/s

running (08m18.9s), 003/225 VUs, 6422 complete and 0 interrupted iterations
openloop_oscillating   [  69% ] 003/225 VUs  08m18.8s/12m0s  30.00 iters/s

running (08m19.9s), 004/225 VUs, 6451 complete and 0 interrupted iterations
openloop_oscillating   [  69% ] 004/225 VUs  08m19.8s/12m0s  30.00 iters/s

running (08m20.9s), 003/225 VUs, 6482 complete and 0 interrupted iterations
openloop_oscillating   [  70% ] 003/225 VUs  08m20.8s/12m0s  30.00 iters/s
time="2026-10-06T13:53:35Z" level=warning msg="Request Failed" error="Get \"http://auth-service.ecommerce.svc.cluster.local:8001/auth/me\": dial tcp 10.0.20.22:8001: connect: connection refused"

running (08m21.9s), 014/225 VUs, 6501 complete and 0 interrupted iterations
openloop_oscillating   [  70% ] 014/225 VUs  08m21.8s/12m0s  30.00 iters/s

running (08m22.9s), 022/225 VUs, 6523 complete and 0 interrupted iterations
openloop_oscillating   [  70% ] 022/225 VUs  08m22.8s/12m0s  30.00 iters/s

running (08m23.9s), 041/225 VUs, 6534 complete and 0 interrupted iterations
openloop_oscillating   [  70% ] 041/225 VUs  08m23.8s/12m0s  30.00 iters/s

running (08m24.9s), 049/225 VUs, 6556 complete and 0 interrupted iterations
openloop_oscillating   [  70% ] 049/225 VUs  08m24.8s/12m0s  30.00 iters/s

running (08m25.9s), 042/225 VUs, 6593 complete and 0 interrupted iterations
openloop_oscillating   [  70% ] 042/225 VUs  08m25.8s/12m0s  30.00 iters/s
time="2026-10-06T13:53:40Z" level=warning msg="Request Failed" error="Post \"http://auth-service.ecommerce.svc.cluster.local:8001/auth/login\": request timeout"
time="2026-10-06T13:53:40Z" level=warning msg="Request Failed" error="Post \"http://auth-service.ecommerce.svc.cluster.local:8001/auth/login\": request timeout"
time="2026-10-06T13:53:40Z" level=warning msg="Request Failed" error="Post \"http://auth-service.ecommerce.svc.cluster.local:8001/auth/login\": request timeout"

running (08m26.9s), 037/225 VUs, 6628 complete and 0 interrupted iterations
openloop_oscillating   [  70% ] 037/225 VUs  08m26.8s/12m0s  30.00 iters/s
time="2026-10-06T13:53:40Z" level=warning msg="Request Failed" error="Post \"http://auth-service.ecommerce.svc.cluster.local:8001/auth/login\": request timeout"
time="2026-10-06T13:53:41Z" level=warning msg="Request Failed" error="Post \"http://auth-service.ecommerce.svc.cluster.local:8001/auth/login\": request timeout"

running (08m27.9s), 014/225 VUs, 6681 complete and 0 interrupted iterations
openloop_oscillating   [  71% ] 014/225 VUs  08m27.8s/12m0s  30.00 iters/s

running (08m28.9s), 033/225 VUs, 6692 complete and 0 interrupted iterations
openloop_oscillating   [  71% ] 033/225 VUs  08m28.8s/12m0s  30.00 iters/s

running (08m29.9s), 048/225 VUs, 6707 complete and 0 interrupted iterations
openloop_oscillating   [  71% ] 048/225 VUs  08m29.8s/12m0s  30.00 iters/s
time="2026-10-06T13:53:43Z" level=warning msg="Request Failed" error="Post \"http://auth-service.ecommerce.svc.cluster.local:8001/auth/login\": request timeout"
time="2026-10-06T13:53:44Z" level=warning msg="Request Failed" error="Post \"http://auth-service.ecommerce.svc.cluster.local:8001/auth/login\": request timeout"

running (08m30.9s), 055/225 VUs, 6730 complete and 0 interrupted iterations
openloop_oscillating   [  71% ] 055/225 VUs  08m30.8s/12m0s  30.00 iters/s
time="2026-10-06T13:53:45Z" level=warning msg="Request Failed" error="Post \"http://auth-service.ecommerce.svc.cluster.local:8001/auth/login\": request timeout"

running (08m31.9s), 061/225 VUs, 6754 complete and 0 interrupted iterations
openloop_oscillating   [  71% ] 061/225 VUs  08m31.8s/12m0s  30.00 iters/s
time="2026-10-06T13:53:46Z" level=warning msg="Request Failed" error="Post \"http://auth-service.ecommerce.svc.cluster.local:8001/auth/login\": request timeout"

running (08m32.9s), 049/225 VUs, 6796 complete and 0 interrupted iterations
openloop_oscillating   [  71% ] 049/225 VUs  08m32.8s/12m0s  30.00 iters/s
time="2026-10-06T13:53:46Z" level=warning msg="Request Failed" error="Post \"http://auth-service.ecommerce.svc.cluster.local:8001/auth/login\": request timeout"

running (08m33.9s), 043/225 VUs, 6832 complete and 0 interrupted iterations
openloop_oscillating   [  71% ] 043/225 VUs  08m33.8s/12m0s  30.00 iters/s
time="2026-10-06T13:53:47Z" level=warning msg="Request Failed" error="Post \"http://auth-service.ecommerce.svc.cluster.local:8001/auth/login\": request timeout"
time="2026-10-06T13:53:48Z" level=warning msg="Request Failed" error="Post \"http://auth-service.ecommerce.svc.cluster.local:8001/auth/login\": request timeout"

running (08m34.9s), 052/225 VUs, 6853 complete and 0 interrupted iterations
openloop_oscillating   [  72% ] 052/225 VUs  08m34.8s/12m0s  30.00 iters/s

running (08m35.9s), 029/225 VUs, 6906 complete and 0 interrupted iterations
openloop_oscillating   [  72% ] 029/225 VUs  08m35.8s/12m0s  30.00 iters/s
time="2026-10-06T13:53:50Z" level=warning msg="Request Failed" error="Post \"http://auth-service.ecommerce.svc.cluster.local:8001/auth/login\": request timeout"
time="2026-10-06T13:53:50Z" level=warning msg="Request Failed" error="Post \"http://auth-service.ecommerce.svc.cluster.local:8001/auth/login\": request timeout"

running (08m36.9s), 027/225 VUs, 6938 complete and 0 interrupted iterations
openloop_oscillating   [  72% ] 027/225 VUs  08m36.8s/12m0s  30.00 iters/s
time="2026-10-06T13:53:50Z" level=warning msg="Request Failed" error="Post \"http://auth-service.ecommerce.svc.cluster.local:8001/auth/login\": request timeout"
time="2026-10-06T13:53:51Z" level=warning msg="Request Failed" error="Post \"http://auth-service.ecommerce.svc.cluster.local:8001/auth/login\": request timeout"

running (08m37.9s), 019/225 VUs, 6976 complete and 0 interrupted iterations
openloop_oscillating   [  72% ] 019/225 VUs  08m37.8s/12m0s  30.00 iters/s
time="2026-10-06T13:53:52Z" level=warning msg="Request Failed" error="Post \"http://auth-service.ecommerce.svc.cluster.local:8001/auth/login\": request timeout"

running (08m38.9s), 031/225 VUs, 6994 complete and 0 interrupted iterations
openloop_oscillating   [  72% ] 031/225 VUs  08m38.8s/12m0s  30.00 iters/s

running (08m39.9s), 025/225 VUs, 7030 complete and 0 interrupted iterations
openloop_oscillating   [  72% ] 025/225 VUs  08m39.8s/12m0s  30.00 iters/s
time="2026-10-06T13:53:54Z" level=warning msg="Request Failed" error="Post \"http://auth-service.ecommerce.svc.cluster.local:8001/auth/login\": request timeout"

running (08m40.9s), 021/225 VUs, 7064 complete and 0 interrupted iterations
openloop_oscillating   [  72% ] 021/225 VUs  08m40.8s/12m0s  30.00 iters/s
time="2026-10-06T13:53:55Z" level=warning msg="Request Failed" error="Post \"http://auth-service.ecommerce.svc.cluster.local:8001/auth/login\": request timeout"

running (08m41.9s), 035/225 VUs, 7080 complete and 0 interrupted iterations
openloop_oscillating   [  72% ] 035/225 VUs  08m41.8s/12m0s  30.00 iters/s
time="2026-10-06T13:53:55Z" level=warning msg="Request Failed" error="Post \"http://auth-service.ecommerce.svc.cluster.local:8001/auth/login\": request timeout"
time="2026-10-06T13:53:56Z" level=warning msg="Request Failed" error="Post \"http://auth-service.ecommerce.svc.cluster.local:8001/auth/login\": request timeout"
time="2026-10-06T13:53:56Z" level=warning msg="Request Failed" error="Post \"http://auth-service.ecommerce.svc.cluster.local:8001/auth/login\": request timeout"
time="2026-10-06T13:53:56Z" level=warning msg="Request Failed" error="Post \"http://auth-service.ecommerce.svc.cluster.local:8001/auth/login\": request timeout"

running (08m42.9s), 054/225 VUs, 7091 complete and 0 interrupted iterations
openloop_oscillating   [  73% ] 054/225 VUs  08m42.8s/12m0s  30.00 iters/s
time="2026-10-06T13:53:57Z" level=warning msg="Request Failed" error="Post \"http://auth-service.ecommerce.svc.cluster.local:8001/auth/login\": request timeout"
time="2026-10-06T13:53:57Z" level=warning msg="Request Failed" error="Post \"http://auth-service.ecommerce.svc.cluster.local:8001/auth/login\": request timeout"
time="2026-10-06T13:53:57Z" level=warning msg="Request Failed" error="Post \"http://auth-service.ecommerce.svc.cluster.local:8001/auth/login\": request timeout"

running (08m43.9s), 070/225 VUs, 7105 complete and 0 interrupted iterations
openloop_oscillating   [  73% ] 070/225 VUs  08m43.8s/12m0s  30.00 iters/s
time="2026-10-06T13:53:58Z" level=warning msg="Request Failed" error="Post \"http://auth-service.ecommerce.svc.cluster.local:8001/auth/login\": request timeout"
time="2026-10-06T13:53:58Z" level=warning msg="Request Failed" error="Post \"http://auth-service.ecommerce.svc.cluster.local:8001/auth/login\": request timeout"
time="2026-10-06T13:53:58Z" level=warning msg="Request Failed" error="Post \"http://auth-service.ecommerce.svc.cluster.local:8001/auth/login\": request timeout"

running (08m44.9s), 085/225 VUs, 7120 complete and 0 interrupted iterations
openloop_oscillating   [  73% ] 085/225 VUs  08m44.8s/12m0s  30.00 iters/s
time="2026-10-06T13:53:58Z" level=warning msg="Request Failed" error="Post \"http://auth-service.ecommerce.svc.cluster.local:8001/auth/login\": request timeout"
time="2026-10-06T13:53:59Z" level=warning msg="Request Failed" error="Post \"http://auth-service.ecommerce.svc.cluster.local:8001/auth/login\": request timeout"

running (08m45.9s), 090/225 VUs, 7145 complete and 0 interrupted iterations
openloop_oscillating   [  73% ] 090/225 VUs  08m45.8s/12m0s  30.00 iters/s
time="2026-10-06T13:53:59Z" level=warning msg="Request Failed" error="Post \"http://auth-service.ecommerce.svc.cluster.local:8001/auth/login\": request timeout"
time="2026-10-06T13:54:00Z" level=warning msg="Request Failed" error="Post \"http://auth-service.ecommerce.svc.cluster.local:8001/auth/login\": request timeout"
time="2026-10-06T13:54:00Z" level=warning msg="Request Failed" error="Post \"http://auth-service.ecommerce.svc.cluster.local:8001/auth/login\": request timeout"

running (08m46.9s), 097/225 VUs, 7168 complete and 0 interrupted iterations
openloop_oscillating   [  73% ] 097/225 VUs  08m46.8s/12m0s  30.00 iters/s
time="2026-10-06T13:54:01Z" level=warning msg="Request Failed" error="Post \"http://auth-service.ecommerce.svc.cluster.local:8001/auth/login\": request timeout"

running (08m47.9s), 105/225 VUs, 7190 complete and 0 interrupted iterations
openloop_oscillating   [  73% ] 105/225 VUs  08m47.8s/12m0s  30.00 iters/s
time="2026-10-06T13:54:01Z" level=warning msg="Request Failed" error="Post \"http://auth-service.ecommerce.svc.cluster.local:8001/auth/login\": request timeout"
time="2026-10-06T13:54:02Z" level=warning msg="Request Failed" error="Post \"http://auth-service.ecommerce.svc.cluster.local:8001/auth/login\": request timeout"

running (08m48.9s), 122/225 VUs, 7203 complete and 0 interrupted iterations
openloop_oscillating   [  73% ] 122/225 VUs  08m48.8s/12m0s  30.00 iters/s
time="2026-10-06T13:54:02Z" level=warning msg="Request Failed" error="Post \"http://auth-service.ecommerce.svc.cluster.local:8001/auth/login\": request timeout"
time="2026-10-06T13:54:03Z" level=warning msg="Request Failed" error="Post \"http://auth-service.ecommerce.svc.cluster.local:8001/auth/login\": request timeout"
time="2026-10-06T13:54:03Z" level=warning msg="Request Failed" error="Post \"http://auth-service.ecommerce.svc.cluster.local:8001/auth/login\": request timeout"
time="2026-10-06T13:54:03Z" level=warning msg="Request Failed" error="Post \"http://auth-service.ecommerce.svc.cluster.local:8001/auth/login\": request timeout"
time="2026-10-06T13:54:03Z" level=warning msg="Request Failed" error="Post \"http://auth-service.ecommerce.svc.cluster.local:8001/auth/login\": request timeout"
time="2026-10-06T13:54:03Z" level=warning msg="Request Failed" error="Post \"http://auth-service.ecommerce.svc.cluster.local:8001/auth/login\": request timeout"
time="2026-10-06T13:54:03Z" level=warning msg="Request Failed" error="Post \"http://auth-service.ecommerce.svc.cluster.local:8001/auth/login\": request timeout"

running (08m49.9s), 137/225 VUs, 7218 complete and 0 interrupted iterations
openloop_oscillating   [  74% ] 137/225 VUs  08m49.8s/12m0s  30.00 iters/s
time="2026-10-06T13:54:03Z" level=warning msg="Request Failed" error="Post \"http://auth-service.ecommerce.svc.cluster.local:8001/auth/login\": request timeout"
time="2026-10-06T13:54:03Z" level=warning msg="Request Failed" error="Post \"http://auth-service.ecommerce.svc.cluster.local:8001/auth/login\": request timeout"
time="2026-10-06T13:54:03Z" level=warning msg="Request Failed" error="Get \"http://auth-service.ecommerce.svc.cluster.local:8001/auth/me\": request timeout"
time="2026-10-06T13:54:04Z" level=warning msg="Request Failed" error="Get \"http://auth-service.ecommerce.svc.cluster.local:8001/auth/me\": request timeout"
time="2026-10-06T13:54:04Z" level=warning msg="Request Failed" error="Get \"http://auth-service.ecommerce.svc.cluster.local:8001/auth/me\": request timeout"
time="2026-10-06T13:54:04Z" level=warning msg="Request Failed" error="Get \"http://auth-service.ecommerce.svc.cluster.local:8001/auth/me\": request timeout"
time="2026-10-06T13:54:04Z" level=warning msg="Request Failed" error="Get \"http://auth-service.ecommerce.svc.cluster.local:8001/auth/me\": request timeout"
time="2026-10-06T13:54:04Z" level=warning msg="Request Failed" error="Get \"http://auth-service.ecommerce.svc.cluster.local:8001/auth/me\": request timeout"
time="2026-10-06T13:54:04Z" level=warning msg="Request Failed" error="Get \"http://auth-service.ecommerce.svc.cluster.local:8001/auth/me\": request timeout"
time="2026-10-06T13:54:04Z" level=warning msg="Request Failed" error="request timeout"
time="2026-10-06T13:54:04Z" level=warning msg="Request Failed" error="Post \"http://auth-service.ecommerce.svc.cluster.local:8001/auth/login\": request timeout"
time="2026-10-06T13:54:04Z" level=warning msg="Request Failed" error="Post \"http://auth-service.ecommerce.svc.cluster.local:8001/auth/login\": request timeout"
time="2026-10-06T13:54:04Z" level=warning msg="Request Failed" error="Post \"http://auth-service.ecommerce.svc.cluster.local:8001/auth/login\": request timeout"

running (08m50.9s), 146/225 VUs, 7239 complete and 0 interrupted iterations
openloop_oscillating   [  74% ] 146/225 VUs  08m50.8s/12m0s  30.00 iters/s
time="2026-10-06T13:54:04Z" level=warning msg="Request Failed" error="Get \"http://auth-service.ecommerce.svc.cluster.local:8001/auth/me\": request timeout"
time="2026-10-06T13:54:04Z" level=warning msg="Request Failed" error="Get \"http://auth-service.ecommerce.svc.cluster.local:8001/auth/me\": request timeout"
time="2026-10-06T13:54:04Z" level=warning msg="Request Failed" error="Get \"http://auth-service.ecommerce.svc.cluster.local:8001/auth/me\": request timeout"
time="2026-10-06T13:54:04Z" level=warning msg="Request Failed" error="Get \"http://auth-service.ecommerce.svc.cluster.local:8001/auth/me\": request timeout"
time="2026-10-06T13:54:05Z" level=warning msg="Request Failed" error="Get \"http://auth-service.ecommerce.svc.cluster.local:8001/auth/me\": request timeout"
time="2026-10-06T13:54:05Z" level=warning msg="Request Failed" error="Get \"http://auth-service.ecommerce.svc.cluster.local:8001/auth/me\": request timeout"
time="2026-10-06T13:54:05Z" level=warning msg="Request Failed" error="Get \"http://auth-service.ecommerce.svc.cluster.local:8001/auth/me\": request timeout"
time="2026-10-06T13:54:05Z" level=warning msg="Request Failed" error="Get \"http://auth-service.ecommerce.svc.cluster.local:8001/auth/me\": request timeout"
time="2026-10-06T13:54:05Z" level=warning msg="Request Failed" error="Post \"http://auth-service.ecommerce.svc.cluster.local:8001/auth/login\": request timeout"
time="2026-10-06T13:54:05Z" level=warning msg="Request Failed" error="Post \"http://auth-service.ecommerce.svc.cluster.local:8001/auth/login\": request timeout"
time="2026-10-06T13:54:05Z" level=warning msg="Request Failed" error="Post \"http://auth-service.ecommerce.svc.cluster.local:8001/auth/login\": request timeout"
time="2026-10-06T13:54:05Z" level=warning msg="Request Failed" error="Get \"http://auth-service.ecommerce.svc.cluster.local:8001/auth/me\": request timeout"
time="2026-10-06T13:54:05Z" level=warning msg="Request Failed" error="Post \"http://auth-service.ecommerce.svc.cluster.local:8001/auth/login\": request timeout"
time="2026-10-06T13:54:05Z" level=warning msg="Request Failed" error="Get \"http://auth-service.ecommerce.svc.cluster.local:8001/auth/me\": request timeout"
time="2026-10-06T13:54:05Z" level=warning msg="Request Failed" error="Post \"http://auth-service.ecommerce.svc.cluster.local:8001/auth/login\": request timeout"

running (08m51.9s), 150/225 VUs, 7265 complete and 0 interrupted iterations
openloop_oscillating   [  74% ] 150/225 VUs  08m51.8s/12m0s  30.00 iters/s
time="2026-10-06T13:54:05Z" level=warning msg="Request Failed" error="Get \"http://auth-service.ecommerce.svc.cluster.local:8001/auth/me\": request timeout"
time="2026-10-06T13:54:05Z" level=warning msg="Request Failed" error="Post \"http://auth-service.ecommerce.svc.cluster.local:8001/auth/login\": request timeout"
time="2026-10-06T13:54:05Z" level=warning msg="Request Failed" error="Get \"http://auth-service.ecommerce.svc.cluster.local:8001/auth/me\": request timeout"
time="2026-10-06T13:54:05Z" level=warning msg="Request Failed" error="Get \"http://auth-service.ecommerce.svc.cluster.local:8001/auth/me\": request timeout"
time="2026-10-06T13:54:05Z" level=warning msg="Request Failed" error="Get \"http://auth-service.ecommerce.svc.cluster.local:8001/auth/me\": request timeout"
time="2026-10-06T13:54:05Z" level=warning msg="Request Failed" error="Post \"http://auth-service.ecommerce.svc.cluster.local:8001/auth/login\": request timeout"
time="2026-10-06T13:54:05Z" level=warning msg="Request Failed" error="Get \"http://auth-service.ecommerce.svc.cluster.local:8001/auth/me\": request timeout"
time="2026-10-06T13:54:06Z" level=warning msg="Request Failed" error="Post \"http://auth-service.ecommerce.svc.cluster.local:8001/auth/login\": request timeout"
time="2026-10-06T13:54:06Z" level=warning msg="Request Failed" error="Get \"http://auth-service.ecommerce.svc.cluster.local:8001/auth/me\": request timeout"
time="2026-10-06T13:54:06Z" level=warning msg="Request Failed" error="Post \"http://auth-service.ecommerce.svc.cluster.local:8001/auth/login\": request timeout"
time="2026-10-06T13:54:06Z" level=warning msg="Request Failed" error="Get \"http://auth-service.ecommerce.svc.cluster.local:8001/auth/me\": request timeout"
time="2026-10-06T13:54:06Z" level=warning msg="Request Failed" error="Get \"http://auth-service.ecommerce.svc.cluster.local:8001/auth/me\": request timeout"
time="2026-10-06T13:54:06Z" level=warning msg="Request Failed" error="Get \"http://auth-service.ecommerce.svc.cluster.local:8001/auth/me\": request timeout"
time="2026-10-06T13:54:06Z" level=warning msg="Request Failed" error="Get \"http://auth-service.ecommerce.svc.cluster.local:8001/auth/me\": request timeout"
time="2026-10-06T13:54:06Z" level=warning msg="Request Failed" error="Get \"http://auth-service.ecommerce.svc.cluster.local:8001/auth/me\": request timeout"
time="2026-10-06T13:54:06Z" level=warning msg="Request Failed" error="Post \"http://auth-service.ecommerce.svc.cluster.local:8001/auth/login\": request timeout"
time="2026-10-06T13:54:06Z" level=warning msg="Request Failed" error="Post \"http://auth-service.ecommerce.svc.cluster.local:8001/auth/login\": request timeout"
time="2026-10-06T13:54:06Z" level=warning msg="Request Failed" error="Get \"http://auth-service.ecommerce.svc.cluster.local:8001/auth/me\": request timeout"
time="2026-10-06T13:54:06Z" level=warning msg="Request Failed" error="Get \"http://auth-service.ecommerce.svc.cluster.local:8001/auth/me\": request timeout"
time="2026-10-06T13:54:06Z" level=warning msg="Request Failed" error="Get \"http://auth-service.ecommerce.svc.cluster.local:8001/auth/me\": request timeout"

running (08m52.9s), 150/225 VUs, 7295 complete and 0 interrupted iterations
openloop_oscillating   [  74% ] 150/225 VUs  08m52.8s/12m0s  30.00 iters/s
time="2026-10-06T13:54:06Z" level=warning msg="Request Failed" error="Get \"http://auth-service.ecommerce.svc.cluster.local:8001/auth/me\": request timeout"
time="2026-10-06T13:54:06Z" level=warning msg="Request Failed" error="Get \"http://auth-service.ecommerce.svc.cluster.local:8001/auth/me\": request timeout"
time="2026-10-06T13:54:06Z" level=warning msg="Request Failed" error="Post \"http://auth-service.ecommerce.svc.cluster.local:8001/auth/login\": request timeout"
time="2026-10-06T13:54:06Z" level=warning msg="Request Failed" error="Get \"http://auth-service.ecommerce.svc.cluster.local:8001/auth/me\": request timeout"
time="2026-10-06T13:54:06Z" level=warning msg="Request Failed" error="Post \"http://auth-service.ecommerce.svc.cluster.local:8001/auth/login\": request timeout"
time="2026-10-06T13:54:06Z" level=warning msg="Request Failed" error="Get \"http://auth-service.ecommerce.svc.cluster.local:8001/auth/me\": request timeout"
time="2026-10-06T13:54:06Z" level=warning msg="Request Failed" error="Get \"http://auth-service.ecommerce.svc.cluster.local:8001/auth/me\": request timeout"
time="2026-10-06T13:54:06Z" level=warning msg="Request Failed" error="Get \"http://auth-service.ecommerce.svc.cluster.local:8001/auth/me\": request timeout"
time="2026-10-06T13:54:07Z" level=warning msg="Request Failed" error="Get \"http://auth-service.ecommerce.svc.cluster.local:8001/auth/me\": request timeout"
time="2026-10-06T13:54:07Z" level=warning msg="Request Failed" error="Get \"http://auth-service.ecommerce.svc.cluster.local:8001/auth/me\": request timeout"
time="2026-10-06T13:54:07Z" level=warning msg="Request Failed" error="Get \"http://auth-service.ecommerce.svc.cluster.local:8001/auth/me\": request timeout"
time="2026-10-06T13:54:07Z" level=warning msg="Request Failed" error="Get \"http://auth-service.ecommerce.svc.cluster.local:8001/auth/me\": request timeout"
time="2026-10-06T13:54:07Z" level=warning msg="Request Failed" error="Get \"http://auth-service.ecommerce.svc.cluster.local:8001/auth/me\": request timeout"
time="2026-10-06T13:54:07Z" level=warning msg="Request Failed" error="Get \"http://auth-service.ecommerce.svc.cluster.local:8001/auth/me\": request timeout"
time="2026-10-06T13:54:07Z" level=warning msg="Request Failed" error="Get \"http://auth-service.ecommerce.svc.cluster.local:8001/auth/me\": request timeout"
time="2026-10-06T13:54:07Z" level=warning msg="Request Failed" error="Post \"http://auth-service.ecommerce.svc.cluster.local:8001/auth/login\": request timeout"
time="2026-10-06T13:54:07Z" level=warning msg="Request Failed" error="Post \"http://auth-service.ecommerce.svc.cluster.local:8001/auth/login\": request timeout"
time="2026-10-06T13:54:07Z" level=warning msg="Request Failed" error="Get \"http://auth-service.ecommerce.svc.cluster.local:8001/auth/me\": request timeout"
time="2026-10-06T13:54:07Z" level=warning msg="Request Failed" error="Get \"http://auth-service.ecommerce.svc.cluster.local:8001/auth/me\": request timeout"
time="2026-10-06T13:54:07Z" level=warning msg="Request Failed" error="Get \"http://auth-service.ecommerce.svc.cluster.local:8001/auth/me\": request timeout"
time="2026-10-06T13:54:07Z" level=warning msg="Request Failed" error="Get \"http://auth-service.ecommerce.svc.cluster.local:8001/auth/me\": request timeout"
time="2026-10-06T13:54:07Z" level=warning msg="Request Failed" error="Post \"http://auth-service.ecommerce.svc.cluster.local:8001/auth/login\": request timeout"
time="2026-10-06T13:54:07Z" level=warning msg="Request Failed" error="Post \"http://auth-service.ecommerce.svc.cluster.local:8001/auth/login\": request timeout"
time="2026-10-06T13:54:07Z" level=warning msg="Request Failed" error="Get \"http://auth-service.ecommerce.svc.cluster.local:8001/auth/me\": request timeout"
time="2026-10-06T13:54:07Z" level=warning msg="Request Failed" error="Get \"http://auth-service.ecommerce.svc.cluster.local:8001/auth/me\": request timeout"
time="2026-10-06T13:54:07Z" level=warning msg="Request Failed" error="Get \"http://auth-service.ecommerce.svc.cluster.local:8001/auth/me\": request timeout"
time="2026-10-06T13:54:07Z" level=warning msg="Request Failed" error="Get \"http://auth-service.ecommerce.svc.cluster.local:8001/auth/me\": request timeout"
time="2026-10-06T13:54:07Z" level=warning msg="Request Failed" error="Get \"http://auth-service.ecommerce.svc.cluster.local:8001/auth/me\": request timeout"
time="2026-10-06T13:54:07Z" level=warning msg="Request Failed" error="Get \"http://auth-service.ecommerce.svc.cluster.local:8001/auth/me\": request timeout"
time="2026-10-06T13:54:07Z" level=warning msg="Request Failed" error="Get \"http://auth-service.ecommerce.svc.cluster.local:8001/auth/me\": request timeout"

running (08m53.9s), 150/225 VUs, 7325 complete and 0 interrupted iterations
openloop_oscillating   [  74% ] 150/225 VUs  08m53.8s/12m0s  30.00 iters/s
time="2026-10-06T13:54:07Z" level=warning msg="Request Failed" error="Post \"http://auth-service.ecommerce.svc.cluster.local:8001/auth/login\": request timeout"
time="2026-10-06T13:54:07Z" level=warning msg="Request Failed" error="Get \"http://auth-service.ecommerce.svc.cluster.local:8001/auth/me\": request timeout"
time="2026-10-06T13:54:07Z" level=warning msg="Request Failed" error="Get \"http://auth-service.ecommerce.svc.cluster.local:8001/auth/me\": request timeout"
time="2026-10-06T13:54:07Z" level=warning msg="Request Failed" error="Get \"http://auth-service.ecommerce.svc.cluster.local:8001/auth/me\": request timeout"
time="2026-10-06T13:54:07Z" level=warning msg="Request Failed" error="Get \"http://auth-service.ecommerce.svc.cluster.local:8001/auth/me\": request timeout"
time="2026-10-06T13:54:07Z" level=warning msg="Request Failed" error="Post \"http://auth-service.ecommerce.svc.cluster.local:8001/auth/login\": request timeout"
time="2026-10-06T13:54:07Z" level=warning msg="Request Failed" error="Get \"http://auth-service.ecommerce.svc.cluster.local:8001/auth/me\": request timeout"
time="2026-10-06T13:54:07Z" level=warning msg="Request Failed" error="Post \"http://auth-service.ecommerce.svc.cluster.local:8001/auth/login\": request timeout"
time="2026-10-06T13:54:08Z" level=warning msg="Request Failed" error="Post \"http://auth-service.ecommerce.svc.cluster.local:8001/auth/login\": request timeout"
time="2026-10-06T13:54:08Z" level=warning msg="Request Failed" error="Get \"http://auth-service.ecommerce.svc.cluster.local:8001/auth/me\": request timeout"
time="2026-10-06T13:54:08Z" level=warning msg="Request Failed" error="Post \"http://auth-service.ecommerce.svc.cluster.local:8001/auth/login\": request timeout"
time="2026-10-06T13:54:08Z" level=warning msg="Request Failed" error="Get \"http://auth-service.ecommerce.svc.cluster.local:8001/auth/me\": request timeout"
time="2026-10-06T13:54:08Z" level=warning msg="Request Failed" error="Post \"http://auth-service.ecommerce.svc.cluster.local:8001/auth/login\": request timeout"
time="2026-10-06T13:54:08Z" level=warning msg="Request Failed" error="Get \"http://auth-service.ecommerce.svc.cluster.local:8001/auth/me\": request timeout"
time="2026-10-06T13:54:08Z" level=warning msg="Request Failed" error="Post \"http://auth-service.ecommerce.svc.cluster.local:8001/auth/login\": request timeout"
time="2026-10-06T13:54:08Z" level=warning msg="Request Failed" error="Get \"http://auth-service.ecommerce.svc.cluster.local:8001/auth/me\": request timeout"
time="2026-10-06T13:54:08Z" level=warning msg="Request Failed" error="Get \"http://auth-service.ecommerce.svc.cluster.local:8001/auth/me\": request timeout"
time="2026-10-06T13:54:08Z" level=warning msg="Request Failed" error="Get \"http://auth-service.ecommerce.svc.cluster.local:8001/auth/me\": request timeout"
time="2026-10-06T13:54:08Z" level=warning msg="Request Failed" error="Get \"http://auth-service.ecommerce.svc.cluster.local:8001/auth/me\": request timeout"
time="2026-10-06T13:54:08Z" level=warning msg="Request Failed" error="Get \"http://auth-service.ecommerce.svc.cluster.local:8001/auth/me\": request timeout"
time="2026-10-06T13:54:08Z" level=warning msg="Request Failed" error="Get \"http://auth-service.ecommerce.svc.cluster.local:8001/auth/me\": request timeout"
time="2026-10-06T13:54:08Z" level=warning msg="Request Failed" error="Get \"http://auth-service.ecommerce.svc.cluster.local:8001/auth/me\": request timeout"
time="2026-10-06T13:54:08Z" level=warning msg="Request Failed" error="Get \"http://auth-service.ecommerce.svc.cluster.local:8001/auth/me\": request timeout"
time="2026-10-06T13:54:08Z" level=warning msg="Request Failed" error="Get \"http://auth-service.ecommerce.svc.cluster.local:8001/auth/me\": request timeout"
time="2026-10-06T13:54:08Z" level=warning msg="Request Failed" error="Post \"http://auth-service.ecommerce.svc.cluster.local:8001/auth/login\": request timeout"
time="2026-10-06T13:54:08Z" level=warning msg="Request Failed" error="Post \"http://auth-service.ecommerce.svc.cluster.local:8001/auth/login\": request timeout"
time="2026-10-06T13:54:08Z" level=warning msg="Request Failed" error="Get \"http://auth-service.ecommerce.svc.cluster.local:8001/auth/me\": request timeout"
time="2026-10-06T13:54:08Z" level=warning msg="Request Failed" error="Get \"http://auth-service.ecommerce.svc.cluster.local:8001/auth/me\": request timeout"
time="2026-10-06T13:54:08Z" level=warning msg="Request Failed" error="Get \"http://auth-service.ecommerce.svc.cluster.local:8001/auth/me\": request timeout"
time="2026-10-06T13:54:08Z" level=warning msg="Request Failed" error="Get \"http://auth-service.ecommerce.svc.cluster.local:8001/auth/me\": request timeout"

running (08m54.9s), 150/225 VUs, 7355 complete and 0 interrupted iterations
openloop_oscillating   [  74% ] 150/225 VUs  08m54.8s/12m0s  30.00 iters/s
time="2026-10-06T13:54:08Z" level=warning msg="Request Failed" error="Get \"http://auth-service.ecommerce.svc.cluster.local:8001/auth/me\": request timeout"
time="2026-10-06T13:54:08Z" level=warning msg="Request Failed" error="Get \"http://auth-service.ecommerce.svc.cluster.local:8001/auth/me\": request timeout"
time="2026-10-06T13:54:08Z" level=warning msg="Request Failed" error="Get \"http://auth-service.ecommerce.svc.cluster.local:8001/auth/me\": request timeout"
time="2026-10-06T13:54:08Z" level=warning msg="Request Failed" error="Post \"http://auth-service.ecommerce.svc.cluster.local:8001/auth/login\": request timeout"
time="2026-10-06T13:54:08Z" level=warning msg="Request Failed" error="Get \"http://auth-service.ecommerce.svc.cluster.local:8001/auth/me\": request timeout"
time="2026-10-06T13:54:08Z" level=warning msg="Request Failed" error="Get \"http://auth-service.ecommerce.svc.cluster.local:8001/auth/me\": request timeout"
time="2026-10-06T13:54:08Z" level=warning msg="Request Failed" error="Post \"http://auth-service.ecommerce.svc.cluster.local:8001/auth/login\": request timeout"
time="2026-10-06T13:54:08Z" level=warning msg="Request Failed" error="Get \"http://auth-service.ecommerce.svc.cluster.local:8001/auth/me\": request timeout"
time="2026-10-06T13:54:09Z" level=warning msg="Request Failed" error="Get \"http://auth-service.ecommerce.svc.cluster.local:8001/auth/me\": request timeout"
time="2026-10-06T13:54:09Z" level=warning msg="Request Failed" error="Get \"http://auth-service.ecommerce.svc.cluster.local:8001/auth/me\": request timeout"
time="2026-10-06T13:54:09Z" level=warning msg="Request Failed" error="Get \"http://auth-service.ecommerce.svc.cluster.local:8001/auth/me\": request timeout"
time="2026-10-06T13:54:09Z" level=warning msg="Request Failed" error="Get \"http://auth-service.ecommerce.svc.cluster.local:8001/auth/me\": request timeout"
time="2026-10-06T13:54:09Z" level=warning msg="Request Failed" error="Get \"http://auth-service.ecommerce.svc.cluster.local:8001/auth/me\": request timeout"
time="2026-10-06T13:54:09Z" level=warning msg="Request Failed" error="Get \"http://auth-service.ecommerce.svc.cluster.local:8001/auth/me\": request timeout"
time="2026-10-06T13:54:09Z" level=warning msg="Request Failed" error="Post \"http://auth-service.ecommerce.svc.cluster.local:8001/auth/login\": request timeout"
time="2026-10-06T13:54:09Z" level=warning msg="Request Failed" error="Post \"http://auth-service.ecommerce.svc.cluster.local:8001/auth/login\": request timeout"
time="2026-10-06T13:54:09Z" level=warning msg="Request Failed" error="Get \"http://auth-service.ecommerce.svc.cluster.local:8001/auth/me\": request timeout"
time="2026-10-06T13:54:09Z" level=warning msg="Request Failed" error="Post \"http://auth-service.ecommerce.svc.cluster.local:8001/auth/login\": request timeout"
time="2026-10-06T13:54:09Z" level=warning msg="Request Failed" error="Post \"http://auth-service.ecommerce.svc.cluster.local:8001/auth/login\": request timeout"
time="2026-10-06T13:54:09Z" level=warning msg="Request Failed" error="Post \"http://auth-service.ecommerce.svc.cluster.local:8001/auth/login\": request timeout"
time="2026-10-06T13:54:09Z" level=warning msg="Request Failed" error="Get \"http://auth-service.ecommerce.svc.cluster.local:8001/auth/me\": request timeout"
time="2026-10-06T13:54:09Z" level=warning msg="Request Failed" error="Get \"http://auth-service.ecommerce.svc.cluster.local:8001/auth/me\": request timeout"
time="2026-10-06T13:54:09Z" level=warning msg="Request Failed" error="Post \"http://auth-service.ecommerce.svc.cluster.local:8001/auth/login\": request timeout"
time="2026-10-06T13:54:09Z" level=warning msg="Request Failed" error="Get \"http://auth-service.ecommerce.svc.cluster.local:8001/auth/me\": request timeout"

running (08m55.9s), 150/225 VUs, 7385 complete and 0 interrupted iterations
openloop_oscillating   [  74% ] 150/225 VUs  08m55.8s/12m0s  30.00 iters/s
time="2026-10-06T13:54:09Z" level=warning msg="Request Failed" error="Get \"http://auth-service.ecommerce.svc.cluster.local:8001/auth/me\": request timeout"
time="2026-10-06T13:54:09Z" level=warning msg="Request Failed" error="Get \"http://auth-service.ecommerce.svc.cluster.local:8001/auth/me\": request timeout"
time="2026-10-06T13:54:09Z" level=warning msg="Request Failed" error="Get \"http://auth-service.ecommerce.svc.cluster.local:8001/auth/me\": request timeout"
time="2026-10-06T13:54:09Z" level=warning msg="Request Failed" error="Get \"http://auth-service.ecommerce.svc.cluster.local:8001/auth/me\": request timeout"
time="2026-10-06T13:54:09Z" level=warning msg="Request Failed" error="Post \"http://auth-service.ecommerce.svc.cluster.local:8001/auth/login\": request timeout"
time="2026-10-06T13:54:09Z" level=warning msg="Request Failed" error="Get \"http://auth-service.ecommerce.svc.cluster.local:8001/auth/me\": request timeout"
time="2026-10-06T13:54:09Z" level=warning msg="Request Failed" error="Post \"http://auth-service.ecommerce.svc.cluster.local:8001/auth/login\": request timeout"
time="2026-10-06T13:54:10Z" level=warning msg="Request Failed" error="Post \"http://auth-service.ecommerce.svc.cluster.local:8001/auth/login\": request timeout"
time="2026-10-06T13:54:10Z" level=warning msg="Request Failed" error="Get \"http://auth-service.ecommerce.svc.cluster.local:8001/auth/me\": request timeout"
time="2026-10-06T13:54:10Z" level=warning msg="Request Failed" error="Post \"http://auth-service.ecommerce.svc.cluster.local:8001/auth/login\": request timeout"
time="2026-10-06T13:54:10Z" level=warning msg="Request Failed" error="Get \"http://auth-service.ecommerce.svc.cluster.local:8001/auth/me\": request timeout"
time="2026-10-06T13:54:10Z" level=warning msg="Request Failed" error="Get \"http://auth-service.ecommerce.svc.cluster.local:8001/auth/me\": request timeout"
time="2026-10-06T13:54:10Z" level=warning msg="Request Failed" error="Get \"http://auth-service.ecommerce.svc.cluster.local:8001/auth/me\": request timeout"
time="2026-10-06T13:54:10Z" level=warning msg="Request Failed" error="Post \"http://auth-service.ecommerce.svc.cluster.local:8001/auth/login\": request timeout"
time="2026-10-06T13:54:10Z" level=warning msg="Request Failed" error="Get \"http://auth-service.ecommerce.svc.cluster.local:8001/auth/me\": request timeout"
time="2026-10-06T13:54:10Z" level=warning msg="Request Failed" error="Post \"http://auth-service.ecommerce.svc.cluster.local:8001/auth/login\": request timeout"
time="2026-10-06T13:54:10Z" level=warning msg="Request Failed" error="Get \"http://auth-service.ecommerce.svc.cluster.local:8001/auth/me\": request timeout"
time="2026-10-06T13:54:10Z" level=warning msg="Request Failed" error="Post \"http://auth-service.ecommerce.svc.cluster.local:8001/auth/login\": request timeout"

running (08m56.9s), 145/225 VUs, 7420 complete and 0 interrupted iterations
openloop_oscillating   [  75% ] 145/225 VUs  08m56.8s/12m0s  30.00 iters/s
time="2026-10-06T13:54:10Z" level=warning msg="Request Failed" error="Get \"http://auth-service.ecommerce.svc.cluster.local:8001/auth/me\": request timeout"
time="2026-10-06T13:54:10Z" level=warning msg="Request Failed" error="Get \"http://auth-service.ecommerce.svc.cluster.local:8001/auth/me\": request timeout"
time="2026-10-06T13:54:10Z" level=warning msg="Request Failed" error="Get \"http://auth-service.ecommerce.svc.cluster.local:8001/auth/me\": request timeout"
time="2026-10-06T13:54:10Z" level=warning msg="Request Failed" error="Get \"http://auth-service.ecommerce.svc.cluster.local:8001/auth/me\": request timeout"
time="2026-10-06T13:54:10Z" level=warning msg="Request Failed" error="Get \"http://auth-service.ecommerce.svc.cluster.local:8001/auth/me\": request timeout"
time="2026-10-06T13:54:11Z" level=warning msg="Request Failed" error="Post \"http://auth-service.ecommerce.svc.cluster.local:8001/auth/login\": request timeout"
time="2026-10-06T13:54:11Z" level=warning msg="Request Failed" error="Get \"http://auth-service.ecommerce.svc.cluster.local:8001/auth/me\": request timeout"
time="2026-10-06T13:54:11Z" level=warning msg="Request Failed" error="Get \"http://auth-service.ecommerce.svc.cluster.local:8001/auth/me\": request timeout"
time="2026-10-06T13:54:11Z" level=warning msg="Request Failed" error="Get \"http://auth-service.ecommerce.svc.cluster.local:8001/auth/me\": request timeout"
time="2026-10-06T13:54:11Z" level=warning msg="Request Failed" error="Get \"http://auth-service.ecommerce.svc.cluster.local:8001/auth/me\": request timeout"
time="2026-10-06T13:54:11Z" level=warning msg="Request Failed" error="Post \"http://auth-service.ecommerce.svc.cluster.local:8001/auth/login\": request timeout"
time="2026-10-06T13:54:11Z" level=warning msg="Request Failed" error="Get \"http://auth-service.ecommerce.svc.cluster.local:8001/auth/me\": request timeout"
time="2026-10-06T13:54:11Z" level=warning msg="Request Failed" error="Post \"http://auth-service.ecommerce.svc.cluster.local:8001/auth/login\": request timeout"
time="2026-10-06T13:54:11Z" level=warning msg="Request Failed" error="Get \"http://auth-service.ecommerce.svc.cluster.local:8001/auth/me\": request timeout"
time="2026-10-06T13:54:11Z" level=warning msg="Request Failed" error="Post \"http://auth-service.ecommerce.svc.cluster.local:8001/auth/login\": request timeout"

running (08m57.9s), 149/225 VUs, 7446 complete and 0 interrupted iterations
openloop_oscillating   [  75% ] 149/225 VUs  08m57.8s/12m0s  30.00 iters/s
time="2026-10-06T13:54:11Z" level=warning msg="Request Failed" error="Get \"http://auth-service.ecommerce.svc.cluster.local:8001/auth/me\": request timeout"
time="2026-10-06T13:54:11Z" level=warning msg="Request Failed" error="Get \"http://auth-service.ecommerce.svc.cluster.local:8001/auth/me\": request timeout"
time="2026-10-06T13:54:11Z" level=warning msg="Request Failed" error="Get \"http://auth-service.ecommerce.svc.cluster.local:8001/auth/me\": request timeout"
time="2026-10-06T13:54:11Z" level=warning msg="Request Failed" error="Get \"http://auth-service.ecommerce.svc.cluster.local:8001/auth/me\": request timeout"
time="2026-10-06T13:54:11Z" level=warning msg="Request Failed" error="Get \"http://auth-service.ecommerce.svc.cluster.local:8001/auth/me\": request timeout"
time="2026-10-06T13:54:11Z" level=warning msg="Request Failed" error="Get \"http://auth-service.ecommerce.svc.cluster.local:8001/auth/me\": request timeout"
time="2026-10-06T13:54:11Z" level=warning msg="Request Failed" error="Get \"http://auth-service.ecommerce.svc.cluster.local:8001/auth/me\": request timeout"
time="2026-10-06T13:54:11Z" level=warning msg="Request Failed" error="Get \"http://auth-service.ecommerce.svc.cluster.local:8001/auth/me\": request timeout"
time="2026-10-06T13:54:12Z" level=warning msg="Request Failed" error="Post \"http://auth-service.ecommerce.svc.cluster.local:8001/auth/login\": request timeout"
time="2026-10-06T13:54:12Z" level=warning msg="Request Failed" error="Get \"http://auth-service.ecommerce.svc.cluster.local:8001/auth/me\": request timeout"
time="2026-10-06T13:54:12Z" level=warning msg="Request Failed" error="Get \"http://auth-service.ecommerce.svc.cluster.local:8001/auth/me\": request timeout"
time="2026-10-06T13:54:12Z" level=warning msg="Request Failed" error="Get \"http://auth-service.ecommerce.svc.cluster.local:8001/auth/me\": request timeout"
time="2026-10-06T13:54:12Z" level=warning msg="Request Failed" error="Get \"http://auth-service.ecommerce.svc.cluster.local:8001/auth/me\": request timeout"
time="2026-10-06T13:54:12Z" level=warning msg="Request Failed" error="Post \"http://auth-service.ecommerce.svc.cluster.local:8001/auth/login\": request timeout"
time="2026-10-06T13:54:12Z" level=warning msg="Request Failed" error="Get \"http://auth-service.ecommerce.svc.cluster.local:8001/auth/me\": request timeout"
time="2026-10-06T13:54:12Z" level=warning msg="Request Failed" error="Post \"http://auth-service.ecommerce.svc.cluster.local:8001/auth/login\": request timeout"
time="2026-10-06T13:54:12Z" level=warning msg="Request Failed" error="Post \"http://auth-service.ecommerce.svc.cluster.local:8001/auth/login\": request timeout"
time="2026-10-06T13:54:12Z" level=warning msg="Request Failed" error="Get \"http://auth-service.ecommerce.svc.cluster.local:8001/auth/me\": request timeout"
time="2026-10-06T13:54:12Z" level=warning msg="Request Failed" error="Post \"http://auth-service.ecommerce.svc.cluster.local:8001/auth/login\": request timeout"
time="2026-10-06T13:54:12Z" level=warning msg="Request Failed" error="Post \"http://auth-service.ecommerce.svc.cluster.local:8001/auth/login\": request timeout"
time="2026-10-06T13:54:12Z" level=warning msg="Request Failed" error="Get \"http://auth-service.ecommerce.svc.cluster.local:8001/auth/me\": request timeout"
time="2026-10-06T13:54:12Z" level=warning msg="Request Failed" error="Get \"http://auth-service.ecommerce.svc.cluster.local:8001/auth/me\": request timeout"
time="2026-10-06T13:54:12Z" level=warning msg="Request Failed" error="Get \"http://auth-service.ecommerce.svc.cluster.local:8001/auth/me\": request timeout"
time="2026-10-06T13:54:12Z" level=warning msg="Request Failed" error="Get \"http://auth-service.ecommerce.svc.cluster.local:8001/auth/me\": request timeout"

running (08m58.9s), 150/225 VUs, 7475 complete and 0 interrupted iterations
openloop_oscillating   [  75% ] 150/225 VUs  08m58.8s/12m0s  30.00 iters/s
time="2026-10-06T13:54:12Z" level=warning msg="Request Failed" error="Post \"http://auth-service.ecommerce.svc.cluster.local:8001/auth/login\": request timeout"
time="2026-10-06T13:54:12Z" level=warning msg="Request Failed" error="Get \"http://auth-service.ecommerce.svc.cluster.local:8001/auth/me\": request timeout"
time="2026-10-06T13:54:12Z" level=warning msg="Request Failed" error="Post \"http://auth-service.ecommerce.svc.cluster.local:8001/auth/login\": request timeout"
time="2026-10-06T13:54:12Z" level=warning msg="Request Failed" error="Get \"http://auth-service.ecommerce.svc.cluster.local:8001/auth/me\": request timeout"
time="2026-10-06T13:54:12Z" level=warning msg="Request Failed" error="Get \"http://auth-service.ecommerce.svc.cluster.local:8001/auth/me\": request timeout"
time="2026-10-06T13:54:12Z" level=warning msg="Request Failed" error="Post \"http://auth-service.ecommerce.svc.cluster.local:8001/auth/login\": request timeout"
time="2026-10-06T13:54:12Z" level=warning msg="Request Failed" error="Get \"http://auth-service.ecommerce.svc.cluster.local:8001/auth/me\": request timeout"
time="2026-10-06T13:54:12Z" level=warning msg="Request Failed" error="Post \"http://auth-service.ecommerce.svc.cluster.local:8001/auth/login\": request timeout"
time="2026-10-06T13:54:13Z" level=warning msg="Request Failed" error="Get \"http://auth-service.ecommerce.svc.cluster.local:8001/auth/me\": request timeout"
time="2026-10-06T13:54:13Z" level=warning msg="Request Failed" error="Get \"http://auth-service.ecommerce.svc.cluster.local:8001/auth/me\": request timeout"
time="2026-10-06T13:54:13Z" level=warning msg="Request Failed" error="Post \"http://auth-service.ecommerce.svc.cluster.local:8001/auth/login\": request timeout"
time="2026-10-06T13:54:13Z" level=warning msg="Request Failed" error="Get \"http://auth-service.ecommerce.svc.cluster.local:8001/auth/me\": request timeout"
time="2026-10-06T13:54:13Z" level=warning msg="Request Failed" error="Get \"http://auth-service.ecommerce.svc.cluster.local:8001/auth/me\": request timeout"
time="2026-10-06T13:54:13Z" level=warning msg="Request Failed" error="Get \"http://auth-service.ecommerce.svc.cluster.local:8001/auth/me\": request timeout"
time="2026-10-06T13:54:13Z" level=warning msg="Request Failed" error="Get \"http://auth-service.ecommerce.svc.cluster.local:8001/auth/me\": request timeout"
time="2026-10-06T13:54:13Z" level=warning msg="Request Failed" error="Post \"http://auth-service.ecommerce.svc.cluster.local:8001/auth/login\": request timeout"
time="2026-10-06T13:54:13Z" level=warning msg="Request Failed" error="Post \"http://auth-service.ecommerce.svc.cluster.local:8001/auth/login\": request timeout"
time="2026-10-06T13:54:13Z" level=warning msg="Request Failed" error="Get \"http://auth-service.ecommerce.svc.cluster.local:8001/auth/me\": request timeout"
time="2026-10-06T13:54:13Z" level=warning msg="Request Failed" error="Get \"http://auth-service.ecommerce.svc.cluster.local:8001/auth/me\": request timeout"
time="2026-10-06T13:54:13Z" level=warning msg="Request Failed" error="Post \"http://auth-service.ecommerce.svc.cluster.local:8001/auth/login\": request timeout"
time="2026-10-06T13:54:13Z" level=warning msg="Request Failed" error="Get \"http://auth-service.ecommerce.svc.cluster.local:8001/auth/me\": request timeout"
time="2026-10-06T13:54:13Z" level=warning msg="Request Failed" error="Get \"http://auth-service.ecommerce.svc.cluster.local:8001/auth/me\": request timeout"

running (08m59.9s), 144/225 VUs, 7511 complete and 0 interrupted iterations
openloop_oscillating   [  75% ] 144/225 VUs  08m59.8s/12m0s  30.00 iters/s
time="2026-10-06T13:54:13Z" level=warning msg="Request Failed" error="Get \"http://auth-service.ecommerce.svc.cluster.local:8001/auth/me\": request timeout"
time="2026-10-06T13:54:13Z" level=warning msg="Request Failed" error="Get \"http://auth-service.ecommerce.svc.cluster.local:8001/auth/me\": request timeout"
time="2026-10-06T13:54:13Z" level=warning msg="Request Failed" error="Post \"http://auth-service.ecommerce.svc.cluster.local:8001/auth/login\": request timeout"
time="2026-10-06T13:54:13Z" level=warning msg="Request Failed" error="Get \"http://auth-service.ecommerce.svc.cluster.local:8001/auth/me\": request timeout"
time="2026-10-06T13:54:14Z" level=warning msg="Request Failed" error="Get \"http://auth-service.ecommerce.svc.cluster.local:8001/auth/me\": request timeout"
time="2026-10-06T13:54:14Z" level=warning msg="Request Failed" error="request timeout"
time="2026-10-06T13:54:14Z" level=warning msg="Request Failed" error="Post \"http://auth-service.ecommerce.svc.cluster.local:8001/auth/login\": request timeout"
time="2026-10-06T13:54:14Z" level=warning msg="Request Failed" error="Post \"http://auth-service.ecommerce.svc.cluster.local:8001/auth/login\": request timeout"
time="2026-10-06T13:54:14Z" level=warning msg="Request Failed" error="Post \"http://auth-service.ecommerce.svc.cluster.local:8001/auth/login\": request timeout"
time="2026-10-06T13:54:14Z" level=warning msg="Request Failed" error="Post \"http://auth-service.ecommerce.svc.cluster.local:8001/auth/login\": request timeout"

running (09m00.9s), 127/225 VUs, 7558 complete and 0 interrupted iterations
openloop_oscillating   [  75% ] 127/225 VUs  09m00.8s/12m0s  29.86 iters/s
time="2026-10-06T13:54:15Z" level=warning msg="Request Failed" error="Post \"http://auth-service.ecommerce.svc.cluster.local:8001/auth/login\": request timeout"
time="2026-10-06T13:54:15Z" level=warning msg="Request Failed" error="Post \"http://auth-service.ecommerce.svc.cluster.local:8001/auth/login\": request timeout"
time="2026-10-06T13:54:15Z" level=warning msg="Request Failed" error="Post \"http://auth-service.ecommerce.svc.cluster.local:8001/auth/login\": request timeout"

running (09m01.9s), 119/225 VUs, 7596 complete and 0 interrupted iterations
openloop_oscillating   [  75% ] 119/225 VUs  09m01.8s/12m0s  29.69 iters/s
time="2026-10-06T13:54:16Z" level=warning msg="Request Failed" error="Post \"http://auth-service.ecommerce.svc.cluster.local:8001/auth/login\": request timeout"
time="2026-10-06T13:54:16Z" level=warning msg="Request Failed" error="Post \"http://auth-service.ecommerce.svc.cluster.local:8001/auth/login\": request timeout"

running (09m02.9s), 112/225 VUs, 7632 complete and 0 interrupted iterations
openloop_oscillating   [  75% ] 112/225 VUs  09m02.8s/12m0s  29.53 iters/s
time="2026-10-06T13:54:17Z" level=warning msg="Request Failed" error="Post \"http://auth-service.ecommerce.svc.cluster.local:8001/auth/login\": request timeout"
time="2026-10-06T13:54:17Z" level=warning msg="Request Failed" error="Post \"http://auth-service.ecommerce.svc.cluster.local:8001/auth/login\": request timeout"
time="2026-10-06T13:54:17Z" level=warning msg="Request Failed" error="Post \"http://auth-service.ecommerce.svc.cluster.local:8001/auth/login\": request timeout"

running (09m03.9s), 121/225 VUs, 7653 complete and 0 interrupted iterations
openloop_oscillating   [  76% ] 121/225 VUs  09m03.8s/12m0s  29.36 iters/s
time="2026-10-06T13:54:17Z" level=warning msg="Request Failed" error="Post \"http://auth-service.ecommerce.svc.cluster.local:8001/auth/login\": request timeout"
time="2026-10-06T13:54:17Z" level=warning msg="Request Failed" error="Post \"http://auth-service.ecommerce.svc.cluster.local:8001/auth/login\": request timeout"
time="2026-10-06T13:54:17Z" level=warning msg="Request Failed" error="Post \"http://auth-service.ecommerce.svc.cluster.local:8001/auth/login\": request timeout"
time="2026-10-06T13:54:17Z" level=warning msg="Request Failed" error="Post \"http://auth-service.ecommerce.svc.cluster.local:8001/auth/login\": request timeout"
time="2026-10-06T13:54:18Z" level=warning msg="Request Failed" error="Post \"http://auth-service.ecommerce.svc.cluster.local:8001/auth/login\": request timeout"
time="2026-10-06T13:54:18Z" level=warning msg="Request Failed" error="Post \"http://auth-service.ecommerce.svc.cluster.local:8001/auth/login\": request timeout"
time="2026-10-06T13:54:18Z" level=warning msg="Request Failed" error="Post \"http://auth-service.ecommerce.svc.cluster.local:8001/auth/login\": request timeout"
time="2026-10-06T13:54:18Z" level=warning msg="Request Failed" error="Post \"http://auth-service.ecommerce.svc.cluster.local:8001/auth/login\": request timeout"

running (09m04.9s), 131/225 VUs, 7672 complete and 0 interrupted iterations
openloop_oscillating   [  76% ] 131/225 VUs  09m04.8s/12m0s  29.19 iters/s
time="2026-10-06T13:54:18Z" level=warning msg="Request Failed" error="Post \"http://auth-service.ecommerce.svc.cluster.local:8001/auth/login\": request timeout"
time="2026-10-06T13:54:18Z" level=warning msg="Request Failed" error="Post \"http://auth-service.ecommerce.svc.cluster.local:8001/auth/login\": request timeout"
time="2026-10-06T13:54:19Z" level=warning msg="Request Failed" error="Post \"http://auth-service.ecommerce.svc.cluster.local:8001/auth/login\": request timeout"
time="2026-10-06T13:54:19Z" level=warning msg="Request Failed" error="Post \"http://auth-service.ecommerce.svc.cluster.local:8001/auth/login\": request timeout"
time="2026-10-06T13:54:19Z" level=warning msg="Request Failed" error="Post \"http://auth-service.ecommerce.svc.cluster.local:8001/auth/login\": request timeout"
time="2026-10-06T13:54:19Z" level=warning msg="Request Failed" error="Post \"http://auth-service.ecommerce.svc.cluster.local:8001/auth/login\": request timeout"

running (09m05.9s), 126/225 VUs, 7706 complete and 0 interrupted iterations
openloop_oscillating   [  76% ] 126/225 VUs  09m05.8s/12m0s  29.03 iters/s
time="2026-10-06T13:54:19Z" level=warning msg="Request Failed" error="Post \"http://auth-service.ecommerce.svc.cluster.local:8001/auth/login\": request timeout"
time="2026-10-06T13:54:20Z" level=warning msg="Request Failed" error="Post \"http://auth-service.ecommerce.svc.cluster.local:8001/auth/login\": request timeout"

running (09m06.9s), 128/225 VUs, 7733 complete and 0 interrupted iterations
openloop_oscillating   [  76% ] 128/225 VUs  09m06.8s/12m0s  28.86 iters/s
time="2026-10-06T13:54:21Z" level=warning msg="Request Failed" error="Post \"http://auth-service.ecommerce.svc.cluster.local:8001/auth/login\": request timeout"
time="2026-10-06T13:54:21Z" level=warning msg="Request Failed" error="Post \"http://auth-service.ecommerce.svc.cluster.local:8001/auth/login\": request timeout"
time="2026-10-06T13:54:21Z" level=warning msg="Request Failed" error="request timeout"
time="2026-10-06T13:54:21Z" level=warning msg="Request Failed" error="request timeout"
time="2026-10-06T13:54:21Z" level=warning msg="Request Failed" error="Get \"http://auth-service.ecommerce.svc.cluster.local:8001/auth/me\": request timeout"
time="2026-10-06T13:54:21Z" level=warning msg="Request Failed" error="Get \"http://auth-service.ecommerce.svc.cluster.local:8001/auth/me\": request timeout"
time="2026-10-06T13:54:21Z" level=warning msg="Request Failed" error="request timeout"
time="2026-10-06T13:54:21Z" level=warning msg="Request Failed" error="Post \"http://auth-service.ecommerce.svc.cluster.local:8001/auth/login\": request timeout"

running (09m07.9s), 135/225 VUs, 7755 complete and 0 interrupted iterations
openloop_oscillating   [  76% ] 135/225 VUs  09m07.8s/12m0s  28.69 iters/s
time="2026-10-06T13:54:21Z" level=warning msg="Request Failed" error="request timeout"
time="2026-10-06T13:54:21Z" level=warning msg="Request Failed" error="Get \"http://auth-service.ecommerce.svc.cluster.local:8001/auth/me\": request timeout"
time="2026-10-06T13:54:21Z" level=warning msg="Request Failed" error="Get \"http://auth-service.ecommerce.svc.cluster.local:8001/auth/me\": request timeout"
time="2026-10-06T13:54:21Z" level=warning msg="Request Failed" error="Get \"http://auth-service.ecommerce.svc.cluster.local:8001/auth/me\": request timeout"
time="2026-10-06T13:54:21Z" level=warning msg="Request Failed" error="Post \"http://auth-service.ecommerce.svc.cluster.local:8001/auth/login\": request timeout"
time="2026-10-06T13:54:21Z" level=warning msg="Request Failed" error="Post \"http://auth-service.ecommerce.svc.cluster.local:8001/auth/login\": request timeout"
time="2026-10-06T13:54:22Z" level=warning msg="Request Failed" error="Get \"http://auth-service.ecommerce.svc.cluster.local:8001/auth/me\": request timeout"
time="2026-10-06T13:54:22Z" level=warning msg="Request Failed" error="Post \"http://auth-service.ecommerce.svc.cluster.local:8001/auth/login\": request timeout"
time="2026-10-06T13:54:22Z" level=warning msg="Request Failed" error="Post \"http://auth-service.ecommerce.svc.cluster.local:8001/auth/login\": request timeout"

running (09m08.9s), 131/225 VUs, 7787 complete and 0 interrupted iterations
openloop_oscillating   [  76% ] 131/225 VUs  09m08.8s/12m0s  28.53 iters/s
time="2026-10-06T13:54:22Z" level=warning msg="Request Failed" error="Post \"http://auth-service.ecommerce.svc.cluster.local:8001/auth/login\": request timeout"
time="2026-10-06T13:54:22Z" level=warning msg="Request Failed" error="Post \"http://auth-service.ecommerce.svc.cluster.local:8001/auth/login\": request timeout"
time="2026-10-06T13:54:22Z" level=warning msg="Request Failed" error="Post \"http://auth-service.ecommerce.svc.cluster.local:8001/auth/login\": request timeout"
time="2026-10-06T13:54:23Z" level=warning msg="Request Failed" error="Post \"http://auth-service.ecommerce.svc.cluster.local:8001/auth/login\": request timeout"
time="2026-10-06T13:54:23Z" level=warning msg="Request Failed" error="Post \"http://auth-service.ecommerce.svc.cluster.local:8001/auth/login\": request timeout"
time="2026-10-06T13:54:23Z" level=warning msg="Request Failed" error="Post \"http://auth-service.ecommerce.svc.cluster.local:8001/auth/login\": request timeout"
time="2026-10-06T13:54:23Z" level=warning msg="Request Failed" error="Post \"http://auth-service.ecommerce.svc.cluster.local:8001/auth/login\": request timeout"
time="2026-10-06T13:54:23Z" level=warning msg="Request Failed" error="Post \"http://auth-service.ecommerce.svc.cluster.local:8001/auth/login\": request timeout"
time="2026-10-06T13:54:23Z" level=warning msg="Request Failed" error="Get \"http://auth-service.ecommerce.svc.cluster.local:8001/auth/me\": request timeout"
time="2026-10-06T13:54:23Z" level=warning msg="Request Failed" error="Get \"http://auth-service.ecommerce.svc.cluster.local:8001/auth/me\": request timeout"
time="2026-10-06T13:54:23Z" level=warning msg="Request Failed" error="Get \"http://auth-service.ecommerce.svc.cluster.local:8001/auth/me\": request timeout"
time="2026-10-06T13:54:23Z" level=warning msg="Request Failed" error="Get \"http://auth-service.ecommerce.svc.cluster.local:8001/auth/me\": request timeout"
time="2026-10-06T13:54:23Z" level=warning msg="Request Failed" error="Get \"http://auth-service.ecommerce.svc.cluster.local:8001/auth/me\": request timeout"
time="2026-10-06T13:54:23Z" level=warning msg="Request Failed" error="Get \"http://auth-service.ecommerce.svc.cluster.local:8001/auth/me\": request timeout"

running (09m09.9s), 135/225 VUs, 7812 complete and 0 interrupted iterations
openloop_oscillating   [  76% ] 135/225 VUs  09m09.8s/12m0s  28.36 iters/s
time="2026-10-06T13:54:24Z" level=warning msg="Request Failed" error="Post \"http://auth-service.ecommerce.svc.cluster.local:8001/auth/login\": request timeout"
time="2026-10-06T13:54:24Z" level=warning msg="Request Failed" error="Post \"http://auth-service.ecommerce.svc.cluster.local:8001/auth/login\": request timeout"
time="2026-10-06T13:54:24Z" level=warning msg="Request Failed" error="Get \"http://auth-service.ecommerce.svc.cluster.local:8001/auth/me\": request timeout"
time="2026-10-06T13:54:24Z" level=warning msg="Request Failed" error="Post \"http://auth-service.ecommerce.svc.cluster.local:8001/auth/login\": request timeout"
time="2026-10-06T13:54:24Z" level=warning msg="Request Failed" error="Post \"http://auth-service.ecommerce.svc.cluster.local:8001/auth/login\": request timeout"
time="2026-10-06T13:54:24Z" level=warning msg="Request Failed" error="Post \"http://auth-service.ecommerce.svc.cluster.local:8001/auth/login\": request timeout"
time="2026-10-06T13:54:24Z" level=warning msg="Request Failed" error="Get \"http://auth-service.ecommerce.svc.cluster.local:8001/auth/me\": request timeout"
time="2026-10-06T13:54:24Z" level=warning msg="Request Failed" error="Get \"http://auth-service.ecommerce.svc.cluster.local:8001/auth/me\": request timeout"
time="2026-10-06T13:54:24Z" level=warning msg="Request Failed" error="Post \"http://auth-service.ecommerce.svc.cluster.local:8001/auth/login\": request timeout"
time="2026-10-06T13:54:24Z" level=warning msg="Request Failed" error="Get \"http://auth-service.ecommerce.svc.cluster.local:8001/auth/me\": request timeout"
time="2026-10-06T13:54:24Z" level=warning msg="Request Failed" error="Get \"http://auth-service.ecommerce.svc.cluster.local:8001/auth/me\": request timeout"
time="2026-10-06T13:54:24Z" level=warning msg="Request Failed" error="Get \"http://auth-service.ecommerce.svc.cluster.local:8001/auth/me\": request timeout"
time="2026-10-06T13:54:24Z" level=warning msg="Request Failed" error="Post \"http://auth-service.ecommerce.svc.cluster.local:8001/auth/login\": request timeout"
time="2026-10-06T13:54:24Z" level=warning msg="Request Failed" error="Get \"http://auth-service.ecommerce.svc.cluster.local:8001/auth/me\": request timeout"
time="2026-10-06T13:54:24Z" level=warning msg="Request Failed" error="Get \"http://auth-service.ecommerce.svc.cluster.local:8001/auth/me\": request timeout"
time="2026-10-06T13:54:24Z" level=warning msg="Request Failed" error="Get \"http://auth-service.ecommerce.svc.cluster.local:8001/auth/me\": request timeout"
time="2026-10-06T13:54:24Z" level=warning msg="Request Failed" error="Get \"http://auth-service.ecommerce.svc.cluster.local:8001/auth/me\": request timeout"
time="2026-10-06T13:54:24Z" level=warning msg="Request Failed" error="Get \"http://auth-service.ecommerce.svc.cluster.local:8001/auth/me\": request timeout"

running (09m10.9s), 143/225 VUs, 7832 complete and 0 interrupted iterations
openloop_oscillating   [  77% ] 143/225 VUs  09m10.8s/12m0s  28.19 iters/s
time="2026-10-06T13:54:24Z" level=warning msg="Request Failed" error="Post \"http://auth-service.ecommerce.svc.cluster.local:8001/auth/login\": request timeout"
time="2026-10-06T13:54:24Z" level=warning msg="Request Failed" error="Get \"http://auth-service.ecommerce.svc.cluster.local:8001/auth/me\": request timeout"
time="2026-10-06T13:54:24Z" level=warning msg="Request Failed" error="Get \"http://auth-service.ecommerce.svc.cluster.local:8001/auth/me\": request timeout"
time="2026-10-06T13:54:24Z" level=warning msg="Request Failed" error="Get \"http://auth-service.ecommerce.svc.cluster.local:8001/auth/me\": request timeout"
time="2026-10-06T13:54:24Z" level=warning msg="Request Failed" error="Post \"http://auth-service.ecommerce.svc.cluster.local:8001/auth/login\": request timeout"
time="2026-10-06T13:54:25Z" level=warning msg="Request Failed" error="Post \"http://auth-service.ecommerce.svc.cluster.local:8001/auth/login\": request timeout"
time="2026-10-06T13:54:25Z" level=warning msg="Request Failed" error="Post \"http://auth-service.ecommerce.svc.cluster.local:8001/auth/login\": request timeout"
time="2026-10-06T13:54:25Z" level=warning msg="Request Failed" error="Post \"http://auth-service.ecommerce.svc.cluster.local:8001/auth/login\": request timeout"
time="2026-10-06T13:54:25Z" level=warning msg="Request Failed" error="Post \"http://auth-service.ecommerce.svc.cluster.local:8001/auth/login\": request timeout"
time="2026-10-06T13:54:25Z" level=warning msg="Request Failed" error="Get \"http://auth-service.ecommerce.svc.cluster.local:8001/auth/me\": request timeout"
time="2026-10-06T13:54:25Z" level=warning msg="Request Failed" error="Get \"http://auth-service.ecommerce.svc.cluster.local:8001/auth/me\": request timeout"
time="2026-10-06T13:54:25Z" level=warning msg="Request Failed" error="Post \"http://auth-service.ecommerce.svc.cluster.local:8001/auth/login\": request timeout"
time="2026-10-06T13:54:25Z" level=warning msg="Request Failed" error="Get \"http://auth-service.ecommerce.svc.cluster.local:8001/auth/me\": request timeout"
time="2026-10-06T13:54:25Z" level=warning msg="Request Failed" error="Post \"http://auth-service.ecommerce.svc.cluster.local:8001/auth/login\": request timeout"
time="2026-10-06T13:54:25Z" level=warning msg="Request Failed" error="Get \"http://auth-service.ecommerce.svc.cluster.local:8001/auth/me\": request timeout"
time="2026-10-06T13:54:25Z" level=warning msg="Request Failed" error="Post \"http://auth-service.ecommerce.svc.cluster.local:8001/auth/login\": request timeout"
time="2026-10-06T13:54:25Z" level=warning msg="Request Failed" error="Get \"http://auth-service.ecommerce.svc.cluster.local:8001/auth/me\": request timeout"
time="2026-10-06T13:54:25Z" level=warning msg="Request Failed" error="Post \"http://auth-service.ecommerce.svc.cluster.local:8001/auth/login\": request timeout"
time="2026-10-06T13:54:25Z" level=warning msg="Request Failed" error="Get \"http://auth-service.ecommerce.svc.cluster.local:8001/auth/me\": request timeout"
time="2026-10-06T13:54:25Z" level=warning msg="Request Failed" error="Get \"http://auth-service.ecommerce.svc.cluster.local:8001/auth/me\": request timeout"
time="2026-10-06T13:54:25Z" level=warning msg="Request Failed" error="Get \"http://auth-service.ecommerce.svc.cluster.local:8001/auth/me\": request timeout"
time="2026-10-06T13:54:25Z" level=warning msg="Request Failed" error="Post \"http://auth-service.ecommerce.svc.cluster.local:8001/auth/login\": request timeout"
time="2026-10-06T13:54:25Z" level=warning msg="Request Failed" error="Post \"http://auth-service.ecommerce.svc.cluster.local:8001/auth/login\": request timeout"
time="2026-10-06T13:54:25Z" level=warning msg="Request Failed" error="Get \"http://auth-service.ecommerce.svc.cluster.local:8001/auth/me\": request timeout"

running (09m11.9s), 142/225 VUs, 7861 complete and 0 interrupted iterations
openloop_oscillating   [  77% ] 142/225 VUs  09m11.8s/12m0s  28.03 iters/s
time="2026-10-06T13:54:25Z" level=warning msg="Request Failed" error="Get \"http://auth-service.ecommerce.svc.cluster.local:8001/auth/me\": request timeout"
time="2026-10-06T13:54:25Z" level=warning msg="Request Failed" error="Post \"http://auth-service.ecommerce.svc.cluster.local:8001/auth/login\": request timeout"
time="2026-10-06T13:54:25Z" level=warning msg="Request Failed" error="Get \"http://auth-service.ecommerce.svc.cluster.local:8001/auth/me\": request timeout"
time="2026-10-06T13:54:25Z" level=warning msg="Request Failed" error="Get \"http://auth-service.ecommerce.svc.cluster.local:8001/auth/me\": request timeout"
time="2026-10-06T13:54:25Z" level=warning msg="Request Failed" error="Get \"http://auth-service.ecommerce.svc.cluster.local:8001/auth/me\": request timeout"
time="2026-10-06T13:54:25Z" level=warning msg="Request Failed" error="Get \"http://auth-service.ecommerce.svc.cluster.local:8001/auth/me\": request timeout"
time="2026-10-06T13:54:25Z" level=warning msg="Request Failed" error="Get \"http://auth-service.ecommerce.svc.cluster.local:8001/auth/me\": request timeout"
time="2026-10-06T13:54:25Z" level=warning msg="Request Failed" error="Get \"http://auth-service.ecommerce.svc.cluster.local:8001/auth/me\": request timeout"
time="2026-10-06T13:54:26Z" level=warning msg="Request Failed" error="Get \"http://auth-service.ecommerce.svc.cluster.local:8001/auth/me\": request timeout"
time="2026-10-06T13:54:26Z" level=warning msg="Request Failed" error="Get \"http://auth-service.ecommerce.svc.cluster.local:8001/auth/me\": request timeout"
time="2026-10-06T13:54:26Z" level=warning msg="Request Failed" error="Get \"http://auth-service.ecommerce.svc.cluster.local:8001/auth/me\": request timeout"
time="2026-10-06T13:54:26Z" level=warning msg="Request Failed" error="Post \"http://auth-service.ecommerce.svc.cluster.local:8001/auth/login\": request timeout"
time="2026-10-06T13:54:26Z" level=warning msg="Request Failed" error="Post \"http://auth-service.ecommerce.svc.cluster.local:8001/auth/login\": request timeout"
time="2026-10-06T13:54:26Z" level=warning msg="Request Failed" error="Get \"http://auth-service.ecommerce.svc.cluster.local:8001/auth/me\": request timeout"
time="2026-10-06T13:54:26Z" level=warning msg="Request Failed" error="Post \"http://auth-service.ecommerce.svc.cluster.local:8001/auth/login\": request timeout"
time="2026-10-06T13:54:26Z" level=warning msg="Request Failed" error="Post \"http://auth-service.ecommerce.svc.cluster.local:8001/auth/login\": request timeout"
time="2026-10-06T13:54:26Z" level=warning msg="Request Failed" error="Get \"http://auth-service.ecommerce.svc.cluster.local:8001/auth/me\": request timeout"
time="2026-10-06T13:54:26Z" level=warning msg="Request Failed" error="Post \"http://auth-service.ecommerce.svc.cluster.local:8001/auth/login\": request timeout"
time="2026-10-06T13:54:26Z" level=warning msg="Request Failed" error="Get \"http://auth-service.ecommerce.svc.cluster.local:8001/auth/me\": request timeout"
time="2026-10-06T13:54:26Z" level=warning msg="Request Failed" error="Get \"http://auth-service.ecommerce.svc.cluster.local:8001/auth/me\": request timeout"
time="2026-10-06T13:54:26Z" level=warning msg="Request Failed" error="Post \"http://auth-service.ecommerce.svc.cluster.local:8001/auth/login\": request timeout"
time="2026-10-06T13:54:26Z" level=warning msg="Request Failed" error="Get \"http://auth-service.ecommerce.svc.cluster.local:8001/auth/me\": request timeout"
time="2026-10-06T13:54:26Z" level=warning msg="Request Failed" error="Post \"http://auth-service.ecommerce.svc.cluster.local:8001/auth/login\": request timeout"
time="2026-10-06T13:54:26Z" level=warning msg="Request Failed" error="Post \"http://auth-service.ecommerce.svc.cluster.local:8001/auth/login\": request timeout"
time="2026-10-06T13:54:26Z" level=warning msg="Request Failed" error="Post \"http://auth-service.ecommerce.svc.cluster.local:8001/auth/login\": request timeout"
time="2026-10-06T13:54:26Z" level=warning msg="Request Failed" error="Get \"http://auth-service.ecommerce.svc.cluster.local:8001/auth/me\": request timeout"
time="2026-10-06T13:54:26Z" level=warning msg="Request Failed" error="Get \"http://auth-service.ecommerce.svc.cluster.local:8001/auth/me\": request timeout"
time="2026-10-06T13:54:26Z" level=warning msg="Request Failed" error="Post \"http://auth-service.ecommerce.svc.cluster.local:8001/auth/login\": request timeout"
time="2026-10-06T13:54:26Z" level=warning msg="Request Failed" error="Get \"http://auth-service.ecommerce.svc.cluster.local:8001/auth/me\": request timeout"

running (09m12.9s), 141/225 VUs, 7890 complete and 0 interrupted iterations
openloop_oscillating   [  77% ] 141/225 VUs  09m12.8s/12m0s  27.86 iters/s
time="2026-10-06T13:54:26Z" level=warning msg="Request Failed" error="Post \"http://auth-service.ecommerce.svc.cluster.local:8001/auth/login\": request timeout"
time="2026-10-06T13:54:26Z" level=warning msg="Request Failed" error="Get \"http://auth-service.ecommerce.svc.cluster.local:8001/auth/me\": request timeout"
time="2026-10-06T13:54:26Z" level=warning msg="Request Failed" error="Get \"http://auth-service.ecommerce.svc.cluster.local:8001/auth/me\": request timeout"
time="2026-10-06T13:54:26Z" level=warning msg="Request Failed" error="Get \"http://auth-service.ecommerce.svc.cluster.local:8001/auth/me\": request timeout"
time="2026-10-06T13:54:26Z" level=warning msg="Request Failed" error="Post \"http://auth-service.ecommerce.svc.cluster.local:8001/auth/login\": request timeout"
time="2026-10-06T13:54:26Z" level=warning msg="Request Failed" error="Get \"http://auth-service.ecommerce.svc.cluster.local:8001/auth/me\": request timeout"
time="2026-10-06T13:54:26Z" level=warning msg="Request Failed" error="Get \"http://auth-service.ecommerce.svc.cluster.local:8001/auth/me\": request timeout"
time="2026-10-06T13:54:26Z" level=warning msg="Request Failed" error="Post \"http://auth-service.ecommerce.svc.cluster.local:8001/auth/login\": request timeout"
time="2026-10-06T13:54:27Z" level=warning msg="Request Failed" error="Get \"http://auth-service.ecommerce.svc.cluster.local:8001/auth/me\": request timeout"
time="2026-10-06T13:54:27Z" level=warning msg="Request Failed" error="Post \"http://auth-service.ecommerce.svc.cluster.local:8001/auth/login\": request timeout"
time="2026-10-06T13:54:27Z" level=warning msg="Request Failed" error="Post \"http://auth-service.ecommerce.svc.cluster.local:8001/auth/login\": request timeout"
time="2026-10-06T13:54:27Z" level=warning msg="Request Failed" error="Get \"http://auth-service.ecommerce.svc.cluster.local:8001/auth/me\": request timeout"
time="2026-10-06T13:54:27Z" level=warning msg="Request Failed" error="Post \"http://auth-service.ecommerce.svc.cluster.local:8001/auth/login\": request timeout"
time="2026-10-06T13:54:27Z" level=warning msg="Request Failed" error="Get \"http://auth-service.ecommerce.svc.cluster.local:8001/auth/me\": request timeout"
time="2026-10-06T13:54:27Z" level=warning msg="Request Failed" error="Post \"http://auth-service.ecommerce.svc.cluster.local:8001/auth/login\": request timeout"
time="2026-10-06T13:54:27Z" level=warning msg="Request Failed" error="Post \"http://auth-service.ecommerce.svc.cluster.local:8001/auth/login\": request timeout"
time="2026-10-06T13:54:27Z" level=warning msg="Request Failed" error="Post \"http://auth-service.ecommerce.svc.cluster.local:8001/auth/login\": request timeout"
time="2026-10-06T13:54:27Z" level=warning msg="Request Failed" error="Get \"http://auth-service.ecommerce.svc.cluster.local:8001/auth/me\": request timeout"
time="2026-10-06T13:54:27Z" level=warning msg="Request Failed" error="Post \"http://auth-service.ecommerce.svc.cluster.local:8001/auth/login\": request timeout"
time="2026-10-06T13:54:27Z" level=warning msg="Request Failed" error="Get \"http://auth-service.ecommerce.svc.cluster.local:8001/auth/me\": request timeout"
time="2026-10-06T13:54:27Z" level=warning msg="Request Failed" error="Post \"http://auth-service.ecommerce.svc.cluster.local:8001/auth/login\": request timeout"
time="2026-10-06T13:54:27Z" level=warning msg="Request Failed" error="Get \"http://auth-service.ecommerce.svc.cluster.local:8001/auth/me\": request timeout"
time="2026-10-06T13:54:27Z" level=warning msg="Request Failed" error="Get \"http://auth-service.ecommerce.svc.cluster.local:8001/auth/me\": request timeout"
time="2026-10-06T13:54:27Z" level=warning msg="Request Failed" error="Get \"http://auth-service.ecommerce.svc.cluster.local:8001/auth/me\": request timeout"
time="2026-10-06T13:54:27Z" level=warning msg="Request Failed" error="Get \"http://auth-service.ecommerce.svc.cluster.local:8001/auth/me\": request timeout"
time="2026-10-06T13:54:27Z" level=warning msg="Request Failed" error="Get \"http://auth-service.ecommerce.svc.cluster.local:8001/auth/me\": request timeout"
time="2026-10-06T13:54:27Z" level=warning msg="Request Failed" error="Post \"http://auth-service.ecommerce.svc.cluster.local:8001/auth/login\": request timeout"
time="2026-10-06T13:54:27Z" level=warning msg="Request Failed" error="Post \"http://auth-service.ecommerce.svc.cluster.local:8001/auth/login\": request timeout"

running (09m13.9s), 141/225 VUs, 7918 complete and 0 interrupted iterations
openloop_oscillating   [  77% ] 141/225 VUs  09m13.8s/12m0s  27.69 iters/s
time="2026-10-06T13:54:27Z" level=warning msg="Request Failed" error="Get \"http://auth-service.ecommerce.svc.cluster.local:8001/auth/me\": request timeout"
time="2026-10-06T13:54:27Z" level=warning msg="Request Failed" error="Post \"http://auth-service.ecommerce.svc.cluster.local:8001/auth/login\": request timeout"
time="2026-10-06T13:54:27Z" level=warning msg="Request Failed" error="Get \"http://auth-service.ecommerce.svc.cluster.local:8001/auth/me\": request timeout"
time="2026-10-06T13:54:27Z" level=warning msg="Request Failed" error="Get \"http://auth-service.ecommerce.svc.cluster.local:8001/auth/me\": request timeout"
time="2026-10-06T13:54:27Z" level=warning msg="Request Failed" error="Post \"http://auth-service.ecommerce.svc.cluster.local:8001/auth/login\": request timeout"
time="2026-10-06T13:54:27Z" level=warning msg="Request Failed" error="Get \"http://auth-service.ecommerce.svc.cluster.local:8001/auth/me\": request timeout"
time="2026-10-06T13:54:27Z" level=warning msg="Request Failed" error="Get \"http://auth-service.ecommerce.svc.cluster.local:8001/auth/me\": request timeout"
time="2026-10-06T13:54:27Z" level=warning msg="Request Failed" error="Get \"http://auth-service.ecommerce.svc.cluster.local:8001/auth/me\": request timeout"
time="2026-10-06T13:54:28Z" level=warning msg="Request Failed" error="Get \"http://auth-service.ecommerce.svc.cluster.local:8001/auth/me\": request timeout"
time="2026-10-06T13:54:28Z" level=warning msg="Request Failed" error="Post \"http://auth-service.ecommerce.svc.cluster.local:8001/auth/login\": request timeout"
time="2026-10-06T13:54:28Z" level=warning msg="Request Failed" error="Post \"http://auth-service.ecommerce.svc.cluster.local:8001/auth/login\": request timeout"
time="2026-10-06T13:54:28Z" level=warning msg="Request Failed" error="Get \"http://auth-service.ecommerce.svc.cluster.local:8001/auth/me\": request timeout"
time="2026-10-06T13:54:28Z" level=warning msg="Request Failed" error="Get \"http://auth-service.ecommerce.svc.cluster.local:8001/auth/me\": request timeout"
time="2026-10-06T13:54:28Z" level=warning msg="Request Failed" error="Get \"http://auth-service.ecommerce.svc.cluster.local:8001/auth/me\": request timeout"
time="2026-10-06T13:54:28Z" level=warning msg="Request Failed" error="Get \"http://auth-service.ecommerce.svc.cluster.local:8001/auth/me\": request timeout"
time="2026-10-06T13:54:28Z" level=warning msg="Request Failed" error="Post \"http://auth-service.ecommerce.svc.cluster.local:8001/auth/login\": request timeout"
time="2026-10-06T13:54:28Z" level=warning msg="Request Failed" error="Post \"http://auth-service.ecommerce.svc.cluster.local:8001/auth/login\": request timeout"

running (09m14.9s), 113/225 VUs, 7974 complete and 0 interrupted iterations
openloop_oscillating   [  77% ] 113/225 VUs  09m14.8s/12m0s  27.52 iters/s
time="2026-10-06T13:54:29Z" level=warning msg="Request Failed" error="Post \"http://auth-service.ecommerce.svc.cluster.local:8001/auth/login\": request timeout"

running (09m15.9s), 109/225 VUs, 8005 complete and 0 interrupted iterations
openloop_oscillating   [  77% ] 109/225 VUs  09m15.8s/12m0s  27.36 iters/s
time="2026-10-06T13:54:29Z" level=warning msg="Request Failed" error="Post \"http://auth-service.ecommerce.svc.cluster.local:8001/auth/login\": request timeout"
time="2026-10-06T13:54:30Z" level=warning msg="Request Failed" error="Post \"http://auth-service.ecommerce.svc.cluster.local:8001/auth/login\": request timeout"
time="2026-10-06T13:54:30Z" level=warning msg="Request Failed" error="Post \"http://auth-service.ecommerce.svc.cluster.local:8001/auth/login\": request timeout"

running (09m16.9s), 105/225 VUs, 8036 complete and 0 interrupted iterations
openloop_oscillating   [  77% ] 105/225 VUs  09m16.8s/12m0s  27.19 iters/s
time="2026-10-06T13:54:30Z" level=warning msg="Request Failed" error="Post \"http://auth-service.ecommerce.svc.cluster.local:8001/auth/login\": request timeout"

running (09m17.9s), 093/225 VUs, 8075 complete and 0 interrupted iterations
openloop_oscillating   [  77% ] 093/225 VUs  09m17.8s/12m0s  27.03 iters/s
time="2026-10-06T13:54:31Z" level=warning msg="Request Failed" error="Post \"http://auth-service.ecommerce.svc.cluster.local:8001/auth/login\": request timeout"
time="2026-10-06T13:54:32Z" level=warning msg="Request Failed" error="Post \"http://auth-service.ecommerce.svc.cluster.local:8001/auth/login\": request timeout"
time="2026-10-06T13:54:32Z" level=warning msg="Request Failed" error="Post \"http://auth-service.ecommerce.svc.cluster.local:8001/auth/login\": request timeout"

running (09m18.9s), 080/225 VUs, 8115 complete and 0 interrupted iterations
openloop_oscillating   [  78% ] 080/225 VUs  09m18.8s/12m0s  26.86 iters/s
time="2026-10-06T13:54:33Z" level=warning msg="Request Failed" error="Post \"http://auth-service.ecommerce.svc.cluster.local:8001/auth/login\": request timeout"

running (09m19.9s), 092/225 VUs, 8130 complete and 0 interrupted iterations
openloop_oscillating   [  78% ] 092/225 VUs  09m19.8s/12m0s  26.69 iters/s

running (09m20.9s), 101/225 VUs, 8148 complete and 0 interrupted iterations
openloop_oscillating   [  78% ] 101/225 VUs  09m20.8s/12m0s  26.52 iters/s
time="2026-10-06T13:54:35Z" level=warning msg="Request Failed" error="Post \"http://auth-service.ecommerce.svc.cluster.local:8001/auth/login\": request timeout"
time="2026-10-06T13:54:35Z" level=warning msg="Request Failed" error="Post \"http://auth-service.ecommerce.svc.cluster.local:8001/auth/login\": request timeout"
time="2026-10-06T13:54:35Z" level=warning msg="Request Failed" error="Post \"http://auth-service.ecommerce.svc.cluster.local:8001/auth/login\": request timeout"
time="2026-10-06T13:54:35Z" level=warning msg="Request Failed" error="Post \"http://auth-service.ecommerce.svc.cluster.local:8001/auth/login\": request timeout"

running (09m21.9s), 104/225 VUs, 8171 complete and 0 interrupted iterations
openloop_oscillating   [  78% ] 104/225 VUs  09m21.8s/12m0s  26.36 iters/s
time="2026-10-06T13:54:36Z" level=warning msg="Request Failed" error="Post \"http://auth-service.ecommerce.svc.cluster.local:8001/auth/login\": request timeout"

running (09m22.9s), 092/225 VUs, 8209 complete and 0 interrupted iterations
openloop_oscillating   [  78% ] 092/225 VUs  09m22.8s/12m0s  26.19 iters/s
time="2026-10-06T13:54:36Z" level=warning msg="Request Failed" error="Post \"http://auth-service.ecommerce.svc.cluster.local:8001/auth/login\": request timeout"

running (09m23.9s), 082/225 VUs, 8245 complete and 0 interrupted iterations
openloop_oscillating   [  78% ] 082/225 VUs  09m23.8s/12m0s  26.03 iters/s
time="2026-10-06T13:54:38Z" level=warning msg="Request Failed" error="Post \"http://auth-service.ecommerce.svc.cluster.local:8001/auth/login\": request timeout"

running (09m24.9s), 060/225 VUs, 8293 complete and 0 interrupted iterations
openloop_oscillating   [  78% ] 060/225 VUs  09m24.8s/12m0s  25.86 iters/s
time="2026-10-06T13:54:38Z" level=warning msg="Request Failed" error="Post \"http://auth-service.ecommerce.svc.cluster.local:8001/auth/login\": request timeout"

running (09m25.9s), 023/225 VUs, 8356 complete and 0 interrupted iterations
openloop_oscillating   [  79% ] 023/225 VUs  09m25.8s/12m0s  25.69 iters/s
time="2026-10-06T13:54:39Z" level=warning msg="Request Failed" error="Post \"http://auth-service.ecommerce.svc.cluster.local:8001/auth/login\": request timeout"

running (09m26.9s), 016/225 VUs, 8389 complete and 0 interrupted iterations
openloop_oscillating   [  79% ] 016/225 VUs  09m26.8s/12m0s  25.52 iters/s
time="2026-10-06T13:54:41Z" level=warning msg="Request Failed" error="Post \"http://auth-service.ecommerce.svc.cluster.local:8001/auth/login\": request timeout"

running (09m27.9s), 022/225 VUs, 8408 complete and 0 interrupted iterations
openloop_oscillating   [  79% ] 022/225 VUs  09m27.8s/12m0s  25.36 iters/s
time="2026-10-06T13:54:42Z" level=warning msg="Request Failed" error="Post \"http://auth-service.ecommerce.svc.cluster.local:8001/auth/login\": request timeout"

running (09m28.9s), 006/225 VUs, 8450 complete and 0 interrupted iterations
openloop_oscillating   [  79% ] 006/225 VUs  09m28.8s/12m0s  25.19 iters/s

running (09m29.9s), 010/225 VUs, 8471 complete and 0 interrupted iterations
openloop_oscillating   [  79% ] 010/225 VUs  09m29.8s/12m0s  25.02 iters/s

running (09m30.9s), 012/225 VUs, 8494 complete and 0 interrupted iterations
openloop_oscillating   [  79% ] 012/225 VUs  09m30.8s/12m0s  24.86 iters/s

running (09m31.9s), 008/225 VUs, 8522 complete and 0 interrupted iterations
openloop_oscillating   [  79% ] 008/225 VUs  09m31.8s/12m0s  24.69 iters/s

running (09m32.9s), 003/225 VUs, 8552 complete and 0 interrupted iterations
openloop_oscillating   [  80% ] 003/225 VUs  09m32.8s/12m0s  24.53 iters/s

running (09m33.9s), 007/225 VUs, 8572 complete and 0 interrupted iterations
openloop_oscillating   [  80% ] 007/225 VUs  09m33.8s/12m0s  24.36 iters/s

running (09m34.9s), 005/225 VUs, 8599 complete and 0 interrupted iterations
openloop_oscillating   [  80% ] 005/225 VUs  09m34.8s/12m0s  24.19 iters/s

running (09m35.9s), 006/225 VUs, 8622 complete and 0 interrupted iterations
openloop_oscillating   [  80% ] 006/225 VUs  09m35.8s/12m0s  24.02 iters/s

running (09m36.9s), 003/225 VUs, 8649 complete and 0 interrupted iterations
openloop_oscillating   [  80% ] 003/225 VUs  09m36.8s/12m0s  23.86 iters/s

running (09m37.9s), 004/225 VUs, 8672 complete and 0 interrupted iterations
openloop_oscillating   [  80% ] 004/225 VUs  09m37.8s/12m0s  23.69 iters/s

running (09m38.9s), 005/225 VUs, 8694 complete and 0 interrupted iterations
openloop_oscillating   [  80% ] 005/225 VUs  09m38.8s/12m0s  23.53 iters/s

running (09m39.9s), 003/225 VUs, 8720 complete and 0 interrupted iterations
openloop_oscillating   [  81% ] 003/225 VUs  09m39.8s/12m0s  23.36 iters/s

running (09m40.9s), 002/225 VUs, 8744 complete and 0 interrupted iterations
openloop_oscillating   [  81% ] 002/225 VUs  09m40.8s/12m0s  23.19 iters/s

running (09m41.9s), 000/225 VUs, 8769 complete and 0 interrupted iterations
openloop_oscillating   [  81% ] 000/225 VUs  09m41.8s/12m0s  23.03 iters/s

running (09m42.9s), 007/225 VUs, 8785 complete and 0 interrupted iterations
openloop_oscillating   [  81% ] 007/225 VUs  09m42.8s/12m0s  22.86 iters/s

running (09m43.9s), 003/225 VUs, 8812 complete and 0 interrupted iterations
openloop_oscillating   [  81% ] 003/225 VUs  09m43.8s/12m0s  22.69 iters/s

running (09m44.9s), 003/225 VUs, 8834 complete and 0 interrupted iterations
openloop_oscillating   [  81% ] 003/225 VUs  09m44.8s/12m0s  22.53 iters/s

running (09m45.9s), 002/225 VUs, 8858 complete and 0 interrupted iterations
openloop_oscillating   [  81% ] 002/225 VUs  09m45.8s/12m0s  22.36 iters/s

running (09m46.9s), 002/225 VUs, 8880 complete and 0 interrupted iterations
openloop_oscillating   [  82% ] 002/225 VUs  09m46.8s/12m0s  22.19 iters/s

running (09m47.9s), 005/225 VUs, 8899 complete and 0 interrupted iterations
openloop_oscillating   [  82% ] 005/225 VUs  09m47.8s/12m0s  22.03 iters/s

running (09m48.9s), 005/225 VUs, 8921 complete and 0 interrupted iterations
openloop_oscillating   [  82% ] 005/225 VUs  09m48.8s/12m0s  21.86 iters/s

running (09m49.9s), 006/225 VUs, 8942 complete and 0 interrupted iterations
openloop_oscillating   [  82% ] 006/225 VUs  09m49.8s/12m0s  21.69 iters/s

running (09m50.9s), 007/225 VUs, 8962 complete and 0 interrupted iterations
openloop_oscillating   [  82% ] 007/225 VUs  09m50.8s/12m0s  21.53 iters/s

running (09m51.9s), 006/225 VUs, 8985 complete and 0 interrupted iterations
openloop_oscillating   [  82% ] 006/225 VUs  09m51.8s/12m0s  21.36 iters/s

running (09m52.9s), 003/225 VUs, 9009 complete and 0 interrupted iterations
openloop_oscillating   [  82% ] 003/225 VUs  09m52.8s/12m0s  21.19 iters/s

running (09m53.9s), 002/225 VUs, 9031 complete and 0 interrupted iterations
openloop_oscillating   [  82% ] 002/225 VUs  09m53.8s/12m0s  21.03 iters/s

running (09m54.9s), 005/225 VUs, 9049 complete and 0 interrupted iterations
openloop_oscillating   [  83% ] 005/225 VUs  09m54.8s/12m0s  20.86 iters/s

running (09m55.9s), 007/225 VUs, 9068 complete and 0 interrupted iterations
openloop_oscillating   [  83% ] 007/225 VUs  09m55.8s/12m0s  20.69 iters/s

running (09m56.9s), 002/225 VUs, 9094 complete and 0 interrupted iterations
openloop_oscillating   [  83% ] 002/225 VUs  09m56.8s/12m0s  20.52 iters/s

running (09m57.9s), 006/225 VUs, 9110 complete and 0 interrupted iterations
openloop_oscillating   [  83% ] 006/225 VUs  09m57.8s/12m0s  20.36 iters/s

running (09m58.9s), 008/225 VUs, 9128 complete and 0 interrupted iterations
openloop_oscillating   [  83% ] 008/225 VUs  09m58.8s/12m0s  20.19 iters/s

running (09m59.9s), 005/225 VUs, 9151 complete and 0 interrupted iterations
openloop_oscillating   [  83% ] 005/225 VUs  09m59.8s/12m0s  20.03 iters/s

running (10m00.9s), 001/225 VUs, 9175 complete and 0 interrupted iterations
openloop_oscillating   [  83% ] 001/225 VUs  10m00.8s/12m0s  19.86 iters/s

running (10m01.9s), 001/225 VUs, 9195 complete and 0 interrupted iterations
openloop_oscillating   [  84% ] 001/225 VUs  10m01.8s/12m0s  19.69 iters/s

running (10m02.9s), 003/225 VUs, 9213 complete and 0 interrupted iterations
openloop_oscillating   [  84% ] 003/225 VUs  10m02.8s/12m0s  19.52 iters/s

running (10m03.9s), 006/225 VUs, 9229 complete and 0 interrupted iterations
openloop_oscillating   [  84% ] 006/225 VUs  10m03.8s/12m0s  19.36 iters/s

running (10m04.9s), 005/225 VUs, 9249 complete and 0 interrupted iterations
openloop_oscillating   [  84% ] 005/225 VUs  10m04.8s/12m0s  19.20 iters/s

running (10m05.9s), 005/225 VUs, 9269 complete and 0 interrupted iterations
openloop_oscillating   [  84% ] 005/225 VUs  10m05.8s/12m0s  19.02 iters/s

running (10m06.9s), 004/225 VUs, 9288 complete and 0 interrupted iterations
openloop_oscillating   [  84% ] 004/225 VUs  10m06.8s/12m0s  18.86 iters/s

running (10m07.9s), 001/225 VUs, 9310 complete and 0 interrupted iterations
openloop_oscillating   [  84% ] 001/225 VUs  10m07.8s/12m0s  18.69 iters/s

running (10m08.9s), 001/225 VUs, 9329 complete and 0 interrupted iterations
openloop_oscillating   [  85% ] 001/225 VUs  10m08.8s/12m0s  18.52 iters/s

running (10m09.9s), 001/225 VUs, 9347 complete and 0 interrupted iterations
openloop_oscillating   [  85% ] 001/225 VUs  10m09.8s/12m0s  18.36 iters/s

running (10m10.9s), 001/225 VUs, 9366 complete and 0 interrupted iterations
openloop_oscillating   [  85% ] 001/225 VUs  10m10.8s/12m0s  18.19 iters/s

running (10m11.9s), 002/225 VUs, 9383 complete and 0 interrupted iterations
openloop_oscillating   [  85% ] 002/225 VUs  10m11.8s/12m0s  18.02 iters/s

running (10m12.9s), 000/225 VUs, 9403 complete and 0 interrupted iterations
openloop_oscillating   [  85% ] 000/225 VUs  10m12.8s/12m0s  17.86 iters/s

running (10m13.9s), 002/225 VUs, 9418 complete and 0 interrupted iterations
openloop_oscillating   [  85% ] 002/225 VUs  10m13.8s/12m0s  17.70 iters/s

running (10m14.9s), 003/225 VUs, 9435 complete and 0 interrupted iterations
openloop_oscillating   [  85% ] 003/225 VUs  10m14.8s/12m0s  17.53 iters/s

running (10m15.9s), 003/225 VUs, 9453 complete and 0 interrupted iterations
openloop_oscillating   [  86% ] 003/225 VUs  10m15.8s/12m0s  17.35 iters/s

running (10m16.9s), 001/225 VUs, 9472 complete and 0 interrupted iterations
openloop_oscillating   [  86% ] 001/225 VUs  10m16.8s/12m0s  17.19 iters/s

running (10m17.9s), 003/225 VUs, 9487 complete and 0 interrupted iterations
openloop_oscillating   [  86% ] 003/225 VUs  10m17.8s/12m0s  17.02 iters/s

running (10m18.9s), 003/225 VUs, 9504 complete and 0 interrupted iterations
openloop_oscillating   [  86% ] 003/225 VUs  10m18.8s/12m0s  16.86 iters/s

running (10m19.9s), 003/225 VUs, 9521 complete and 0 interrupted iterations
openloop_oscillating   [  86% ] 003/225 VUs  10m19.8s/12m0s  16.69 iters/s

running (10m20.9s), 001/225 VUs, 9539 complete and 0 interrupted iterations
openloop_oscillating   [  86% ] 001/225 VUs  10m20.8s/12m0s  16.53 iters/s

running (10m21.9s), 004/225 VUs, 9553 complete and 0 interrupted iterations
openloop_oscillating   [  86% ] 004/225 VUs  10m21.8s/12m0s  16.36 iters/s

running (10m22.9s), 000/225 VUs, 9573 complete and 0 interrupted iterations
openloop_oscillating   [  87% ] 000/225 VUs  10m22.8s/12m0s  16.19 iters/s

running (10m23.9s), 000/225 VUs, 9589 complete and 0 interrupted iterations
openloop_oscillating   [  87% ] 000/225 VUs  10m23.8s/12m0s  16.03 iters/s

running (10m24.9s), 005/225 VUs, 9600 complete and 0 interrupted iterations
openloop_oscillating   [  87% ] 005/225 VUs  10m24.8s/12m0s  15.86 iters/s

running (10m25.9s), 005/225 VUs, 9616 complete and 0 interrupted iterations
openloop_oscillating   [  87% ] 005/225 VUs  10m25.8s/12m0s  15.69 iters/s

running (10m26.9s), 003/225 VUs, 9633 complete and 0 interrupted iterations
openloop_oscillating   [  87% ] 003/225 VUs  10m26.8s/12m0s  15.53 iters/s

running (10m27.9s), 005/225 VUs, 9647 complete and 0 interrupted iterations
openloop_oscillating   [  87% ] 005/225 VUs  10m27.8s/12m0s  15.36 iters/s

running (10m28.9s), 003/225 VUs, 9664 complete and 0 interrupted iterations
openloop_oscillating   [  87% ] 003/225 VUs  10m28.8s/12m0s  15.19 iters/s

running (10m29.9s), 004/225 VUs, 9678 complete and 0 interrupted iterations
openloop_oscillating   [  87% ] 004/225 VUs  10m29.8s/12m0s  15.03 iters/s

running (10m30.9s), 004/225 VUs, 9693 complete and 0 interrupted iterations
openloop_oscillating   [  88% ] 004/225 VUs  10m30.8s/12m0s  14.86 iters/s

running (10m31.9s), 001/225 VUs, 9711 complete and 0 interrupted iterations
openloop_oscillating   [  88% ] 001/225 VUs  10m31.8s/12m0s  14.69 iters/s

running (10m32.9s), 004/225 VUs, 9723 complete and 0 interrupted iterations
openloop_oscillating   [  88% ] 004/225 VUs  10m32.8s/12m0s  14.52 iters/s

running (10m33.9s), 002/225 VUs, 9739 complete and 0 interrupted iterations
openloop_oscillating   [  88% ] 002/225 VUs  10m33.8s/12m0s  14.36 iters/s

running (10m34.9s), 003/225 VUs, 9752 complete and 0 interrupted iterations
openloop_oscillating   [  88% ] 003/225 VUs  10m34.8s/12m0s  14.20 iters/s

running (10m35.9s), 000/225 VUs, 9769 complete and 0 interrupted iterations
openloop_oscillating   [  88% ] 000/225 VUs  10m35.8s/12m0s  14.03 iters/s

running (10m36.9s), 003/225 VUs, 9780 complete and 0 interrupted iterations
openloop_oscillating   [  88% ] 003/225 VUs  10m36.8s/12m0s  13.86 iters/s

running (10m37.9s), 001/225 VUs, 9796 complete and 0 interrupted iterations
openloop_oscillating   [  89% ] 001/225 VUs  10m37.8s/12m0s  13.69 iters/s

running (10m38.9s), 001/225 VUs, 9810 complete and 0 interrupted iterations
openloop_oscillating   [  89% ] 001/225 VUs  10m38.8s/12m0s  13.52 iters/s

running (10m39.9s), 001/225 VUs, 9823 complete and 0 interrupted iterations
openloop_oscillating   [  89% ] 001/225 VUs  10m39.8s/12m0s  13.36 iters/s

running (10m40.9s), 000/225 VUs, 9837 complete and 0 interrupted iterations
openloop_oscillating   [  89% ] 000/225 VUs  10m40.8s/12m0s  13.20 iters/s

running (10m41.9s), 002/225 VUs, 9849 complete and 0 interrupted iterations
openloop_oscillating   [  89% ] 002/225 VUs  10m41.8s/12m0s  13.02 iters/s

running (10m42.9s), 002/225 VUs, 9861 complete and 0 interrupted iterations
openloop_oscillating   [  89% ] 002/225 VUs  10m42.8s/12m0s  12.86 iters/s

running (10m43.9s), 001/225 VUs, 9875 complete and 0 interrupted iterations
openloop_oscillating   [  89% ] 001/225 VUs  10m43.8s/12m0s  12.70 iters/s

running (10m44.9s), 002/225 VUs, 9887 complete and 0 interrupted iterations
openloop_oscillating   [  90% ] 002/225 VUs  10m44.8s/12m0s  12.52 iters/s

running (10m45.9s), 003/225 VUs, 9898 complete and 0 interrupted iterations
openloop_oscillating   [  90% ] 003/225 VUs  10m45.8s/12m0s  12.36 iters/s

running (10m46.9s), 001/225 VUs, 9913 complete and 0 interrupted iterations
openloop_oscillating   [  90% ] 001/225 VUs  10m46.8s/12m0s  12.19 iters/s

running (10m47.9s), 002/225 VUs, 9924 complete and 0 interrupted iterations
openloop_oscillating   [  90% ] 002/225 VUs  10m47.8s/12m0s  12.02 iters/s

running (10m48.9s), 001/225 VUs, 9937 complete and 0 interrupted iterations
openloop_oscillating   [  90% ] 001/225 VUs  10m48.8s/12m0s  11.85 iters/s

running (10m49.9s), 001/225 VUs, 9948 complete and 0 interrupted iterations
openloop_oscillating   [  90% ] 001/225 VUs  10m49.8s/12m0s  11.70 iters/s

running (10m50.9s), 000/225 VUs, 9961 complete and 0 interrupted iterations
openloop_oscillating   [  90% ] 000/225 VUs  10m50.8s/12m0s  11.53 iters/s

running (10m51.9s), 000/225 VUs, 9972 complete and 0 interrupted iterations
openloop_oscillating   [  91% ] 000/225 VUs  10m51.8s/12m0s  11.37 iters/s

running (10m52.9s), 000/225 VUs, 9984 complete and 0 interrupted iterations
openloop_oscillating   [  91% ] 000/225 VUs  10m52.8s/12m0s  11.19 iters/s

running (10m53.9s), 000/225 VUs, 9995 complete and 0 interrupted iterations
openloop_oscillating   [  91% ] 000/225 VUs  10m53.8s/12m0s  11.02 iters/s

running (10m54.9s), 002/225 VUs, 10004 complete and 0 interrupted iterations
openloop_oscillating   [  91% ] 002/225 VUs  10m54.8s/12m0s  10.86 iters/s

running (10m55.9s), 003/225 VUs, 10014 complete and 0 interrupted iterations
openloop_oscillating   [  91% ] 003/225 VUs  10m55.8s/12m0s  10.68 iters/s

running (10m56.9s), 001/225 VUs, 10026 complete and 0 interrupted iterations
openloop_oscillating   [  91% ] 001/225 VUs  10m56.8s/12m0s  10.53 iters/s

running (10m57.9s), 000/225 VUs, 10038 complete and 0 interrupted iterations
openloop_oscillating   [  91% ] 000/225 VUs  10m57.8s/12m0s  10.35 iters/s

running (10m58.9s), 001/225 VUs, 10047 complete and 0 interrupted iterations
openloop_oscillating   [  92% ] 001/225 VUs  10m58.8s/12m0s  10.19 iters/s

running (10m59.9s), 000/225 VUs, 10058 complete and 0 interrupted iterations
openloop_oscillating   [  92% ] 000/225 VUs  10m59.8s/12m0s  10.02 iters/s

running (11m00.9s), 000/225 VUs, 10068 complete and 0 interrupted iterations
openloop_oscillating   [  92% ] 000/225 VUs  11m00.8s/12m0s  09.86 iters/s

running (11m01.9s), 000/225 VUs, 10078 complete and 0 interrupted iterations
openloop_oscillating   [  92% ] 000/225 VUs  11m01.8s/12m0s  09.69 iters/s

running (11m02.9s), 000/225 VUs, 10087 complete and 0 interrupted iterations
openloop_oscillating   [  92% ] 000/225 VUs  11m02.8s/12m0s  09.53 iters/s

running (11m03.9s), 000/225 VUs, 10097 complete and 0 interrupted iterations
openloop_oscillating   [  92% ] 000/225 VUs  11m03.8s/12m0s  09.35 iters/s

running (11m04.9s), 001/225 VUs, 10105 complete and 0 interrupted iterations
openloop_oscillating   [  92% ] 001/225 VUs  11m04.8s/12m0s  09.19 iters/s

running (11m05.9s), 000/225 VUs, 10115 complete and 0 interrupted iterations
openloop_oscillating   [  92% ] 000/225 VUs  11m05.8s/12m0s  09.03 iters/s

running (11m06.9s), 001/225 VUs, 10123 complete and 0 interrupted iterations
openloop_oscillating   [  93% ] 001/225 VUs  11m06.8s/12m0s  08.86 iters/s

running (11m07.9s), 000/225 VUs, 10133 complete and 0 interrupted iterations
openloop_oscillating   [  93% ] 000/225 VUs  11m07.8s/12m0s  08.69 iters/s

running (11m08.9s), 000/225 VUs, 10141 complete and 0 interrupted iterations
openloop_oscillating   [  93% ] 000/225 VUs  11m08.8s/12m0s  08.53 iters/s

running (11m09.9s), 001/225 VUs, 10149 complete and 0 interrupted iterations
openloop_oscillating   [  93% ] 001/225 VUs  11m09.8s/12m0s  08.36 iters/s

running (11m10.9s), 001/225 VUs, 10157 complete and 0 interrupted iterations
openloop_oscillating   [  93% ] 001/225 VUs  11m10.8s/12m0s  08.20 iters/s

running (11m11.9s), 001/225 VUs, 10165 complete and 0 interrupted iterations
openloop_oscillating   [  93% ] 001/225 VUs  11m11.8s/12m0s  08.03 iters/s

running (11m12.9s), 001/225 VUs, 10173 complete and 0 interrupted iterations
openloop_oscillating   [  93% ] 001/225 VUs  11m12.8s/12m0s  07.86 iters/s

running (11m13.9s), 000/225 VUs, 10182 complete and 0 interrupted iterations
openloop_oscillating   [  94% ] 000/225 VUs  11m13.8s/12m0s  07.69 iters/s

running (11m14.9s), 000/225 VUs, 10190 complete and 0 interrupted iterations
openloop_oscillating   [  94% ] 000/225 VUs  11m14.8s/12m0s  07.52 iters/s

running (11m15.9s), 000/225 VUs, 10197 complete and 0 interrupted iterations
openloop_oscillating   [  94% ] 000/225 VUs  11m15.8s/12m0s  07.36 iters/s

running (11m16.9s), 002/225 VUs, 10202 complete and 0 interrupted iterations
openloop_oscillating   [  94% ] 002/225 VUs  11m16.8s/12m0s  07.20 iters/s

running (11m17.9s), 000/225 VUs, 10211 complete and 0 interrupted iterations
openloop_oscillating   [  94% ] 000/225 VUs  11m17.8s/12m0s  07.04 iters/s

running (11m18.9s), 001/225 VUs, 10217 complete and 0 interrupted iterations
openloop_oscillating   [  94% ] 001/225 VUs  11m18.8s/12m0s  06.87 iters/s

running (11m19.9s), 000/225 VUs, 10225 complete and 0 interrupted iterations
openloop_oscillating   [  94% ] 000/225 VUs  11m19.8s/12m0s  06.70 iters/s

running (11m20.9s), 000/225 VUs, 10232 complete and 0 interrupted iterations
openloop_oscillating   [  95% ] 000/225 VUs  11m20.8s/12m0s  06.52 iters/s

running (11m21.9s), 000/225 VUs, 10238 complete and 0 interrupted iterations
openloop_oscillating   [  95% ] 000/225 VUs  11m21.8s/12m0s  06.36 iters/s

running (11m22.9s), 002/225 VUs, 10242 complete and 0 interrupted iterations
openloop_oscillating   [  95% ] 002/225 VUs  11m22.8s/12m0s  06.20 iters/s

running (11m23.9s), 000/225 VUs, 10251 complete and 0 interrupted iterations
openloop_oscillating   [  95% ] 000/225 VUs  11m23.8s/12m0s  06.01 iters/s

running (11m24.9s), 001/225 VUs, 10256 complete and 0 interrupted iterations
openloop_oscillating   [  95% ] 001/225 VUs  11m24.8s/12m0s  05.85 iters/s

running (11m25.9s), 000/225 VUs, 10262 complete and 0 interrupted iterations
openloop_oscillating   [  95% ] 000/225 VUs  11m25.8s/12m0s  05.70 iters/s

running (11m26.9s), 000/225 VUs, 10268 complete and 0 interrupted iterations
openloop_oscillating   [  95% ] 000/225 VUs  11m26.8s/12m0s  05.52 iters/s

running (11m27.9s), 000/225 VUs, 10273 complete and 0 interrupted iterations
openloop_oscillating   [  96% ] 000/225 VUs  11m27.8s/12m0s  05.37 iters/s

running (11m28.9s), 000/225 VUs, 10279 complete and 0 interrupted iterations
openloop_oscillating   [  96% ] 000/225 VUs  11m28.8s/12m0s  05.18 iters/s

running (11m29.9s), 000/225 VUs, 10284 complete and 0 interrupted iterations
openloop_oscillating   [  96% ] 000/225 VUs  11m29.8s/12m0s  05.02 iters/s

running (11m30.9s), 000/225 VUs, 10289 complete and 0 interrupted iterations
openloop_oscillating   [  96% ] 000/225 VUs  11m30.8s/12m0s  04.85 iters/s

running (11m31.9s), 001/225 VUs, 10292 complete and 0 interrupted iterations
openloop_oscillating   [  96% ] 001/225 VUs  11m31.8s/12m0s  04.71 iters/s

running (11m32.9s), 000/225 VUs, 10298 complete and 0 interrupted iterations
openloop_oscillating   [  96% ] 000/225 VUs  11m32.8s/12m0s  04.53 iters/s

running (11m33.9s), 001/225 VUs, 10302 complete and 0 interrupted iterations
openloop_oscillating   [  96% ] 001/225 VUs  11m33.8s/12m0s  04.34 iters/s

running (11m34.9s), 000/225 VUs, 10307 complete and 0 interrupted iterations
openloop_oscillating   [  97% ] 000/225 VUs  11m34.8s/12m0s  04.18 iters/s

running (11m35.9s), 000/225 VUs, 10311 complete and 0 interrupted iterations
openloop_oscillating   [  97% ] 000/225 VUs  11m35.8s/12m0s  04.02 iters/s

running (11m36.9s), 000/225 VUs, 10315 complete and 0 interrupted iterations
openloop_oscillating   [  97% ] 000/225 VUs  11m36.8s/12m0s  03.85 iters/s

running (11m37.9s), 000/225 VUs, 10319 complete and 0 interrupted iterations
openloop_oscillating   [  97% ] 000/225 VUs  11m37.8s/12m0s  03.67 iters/s

running (11m38.9s), 000/225 VUs, 10322 complete and 0 interrupted iterations
openloop_oscillating   [  97% ] 000/225 VUs  11m38.8s/12m0s  03.54 iters/s

running (11m39.9s), 000/225 VUs, 10326 complete and 0 interrupted iterations
openloop_oscillating   [  97% ] 000/225 VUs  11m39.8s/12m0s  03.34 iters/s

running (11m40.9s), 000/225 VUs, 10329 complete and 0 interrupted iterations
openloop_oscillating   [  97% ] 000/225 VUs  11m40.8s/12m0s  03.19 iters/s

running (11m41.9s), 000/225 VUs, 10332 complete and 0 interrupted iterations
openloop_oscillating   [  97% ] 000/225 VUs  11m41.8s/12m0s  03.03 iters/s

running (11m42.9s), 000/225 VUs, 10335 complete and 0 interrupted iterations
openloop_oscillating   [  98% ] 000/225 VUs  11m42.8s/12m0s  02.86 iters/s

running (11m43.9s), 000/225 VUs, 10338 complete and 0 interrupted iterations
openloop_oscillating   [  98% ] 000/225 VUs  11m43.8s/12m0s  02.68 iters/s

running (11m44.9s), 000/225 VUs, 10340 complete and 0 interrupted iterations
openloop_oscillating   [  98% ] 000/225 VUs  11m44.8s/12m0s  02.55 iters/s

running (11m45.9s), 000/225 VUs, 10343 complete and 0 interrupted iterations
openloop_oscillating   [  98% ] 000/225 VUs  11m45.8s/12m0s  02.34 iters/s

running (11m46.9s), 001/225 VUs, 10344 complete and 0 interrupted iterations
openloop_oscillating   [  98% ] 001/225 VUs  11m46.8s/12m0s  02.20 iters/s

running (11m47.9s), 000/225 VUs, 10347 complete and 0 interrupted iterations
openloop_oscillating   [  98% ] 000/225 VUs  11m47.8s/12m0s  02.04 iters/s

running (11m48.9s), 000/225 VUs, 10349 complete and 0 interrupted iterations
openloop_oscillating   [  98% ] 000/225 VUs  11m48.8s/12m0s  01.87 iters/s

running (11m49.9s), 000/225 VUs, 10351 complete and 0 interrupted iterations
openloop_oscillating   [  99% ] 000/225 VUs  11m49.8s/12m0s  01.68 iters/s

running (11m50.9s), 000/225 VUs, 10353 complete and 0 interrupted iterations
openloop_oscillating   [  99% ] 000/225 VUs  11m50.8s/12m0s  01.47 iters/s

running (11m51.9s), 001/225 VUs, 10353 complete and 0 interrupted iterations
openloop_oscillating   [  99% ] 001/225 VUs  11m51.8s/12m0s  01.35 iters/s

running (11m52.9s), 000/225 VUs, 10355 complete and 0 interrupted iterations
openloop_oscillating   [  99% ] 000/225 VUs  11m52.8s/12m0s  01.22 iters/s

running (11m53.9s), 000/225 VUs, 10356 complete and 0 interrupted iterations
openloop_oscillating   [  99% ] 000/225 VUs  11m53.8s/12m0s  01.08 iters/s

running (11m54.9s), 000/225 VUs, 10357 complete and 0 interrupted iterations
openloop_oscillating   [  99% ] 000/225 VUs  11m54.8s/12m0s  00.91 iters/s

running (11m55.9s), 000/225 VUs, 10358 complete and 0 interrupted iterations
openloop_oscillating   [  99% ] 000/225 VUs  11m55.8s/12m0s  00.70 iters/s

running (11m56.9s), 000/225 VUs, 10359 complete and 0 interrupted iterations
openloop_oscillating   [ 100% ] 000/225 VUs  11m56.8s/12m0s  00.29 iters/s

running (11m57.9s), 000/225 VUs, 10359 complete and 0 interrupted iterations
openloop_oscillating   [ 100% ] 000/225 VUs  11m57.8s/12m0s  00.29 iters/s

running (11m58.9s), 000/225 VUs, 10359 complete and 0 interrupted iterations
openloop_oscillating   [ 100% ] 000/225 VUs  11m58.8s/12m0s  00.29 iters/s

running (11m59.9s), 000/225 VUs, 10359 complete and 0 interrupted iterations
openloop_oscillating   [ 100% ] 000/225 VUs  11m59.8s/12m0s  00.29 iters/s

     ✗ login status is 200
      ↳  54% — ✓ 1680 / ✗ 1425
     ✗ login returns access token
      ↳  54% — ✓ 1680 / ✗ 1425
     ✗ login response time < 1000ms
      ↳  44% — ✓ 1389 / ✗ 1716
     ✗ me status is 200
      ↳  66% — ✓ 4793 / ✗ 2461
     ✗ me returns user data
      ↳  66% — ✓ 4793 / ✗ 2461
     ✗ me response time < 500ms
      ↳  48% — ✓ 3512 / ✗ 3742

     █ setup

     checks.........................: 57.42% ✓ 17847     ✗ 13230
     data_received..................: 3.9 MB 5.5 kB/s
     data_sent......................: 5.2 MB 7.2 kB/s
     http_req_blocked...............: avg=931.12µs min=0s      med=1.05ms   max=15.3ms   p(90)=1.22ms  p(95)=1.35ms  p(99)=3.45ms  
     http_req_connecting............: avg=876.82µs min=0s      med=1ms      max=15.24ms  p(90)=1.17ms  p(95)=1.29ms  p(99)=3.37ms  
     http_req_duration..............: avg=1.62s    min=0s      med=847.7ms  max=5s       p(90)=4.67s   p(95)=4.99s   p(99)=4.99s   
       { expected_response:true }...: avg=953.31ms min=3.16ms  med=55.69ms  max=4.99s    p(90)=3.52s   p(95)=4.18s   p(99)=4.8s    
     http_req_failed................: 37.51% ✓ 3886      ✗ 6473 
     http_req_receiving.............: avg=6.31ms   min=0s      med=97.02µs  max=997.63ms p(90)=2.2ms   p(95)=53.42ms p(99)=101.91ms
     http_req_sending...............: avg=45.33µs  min=0s      med=44.59µs  max=355.8µs  p(90)=59.72µs p(95)=64.93µs p(99)=77.43µs 
     http_req_tls_handshaking.......: avg=0s       min=0s      med=0s       max=0s       p(90)=0s      p(95)=0s      p(99)=0s      
     http_req_waiting...............: avg=1.61s    min=0s      med=842.83ms max=5s       p(90)=4.67s   p(95)=4.99s   p(99)=4.99s   
     http_reqs......................: 10359  14.387242/s
     iteration_duration.............: avg=1.62s    min=452.5µs med=848.67ms max=5s       p(90)=4.68s   p(95)=5s      p(99)=5s      
     iterations.....................: 10359  14.387242/s
     req_e2e_duration...............: avg=1.62s    min=0s      med=849ms    max=5s       p(90)=4.68s   p(95)=5s      p(99)=5s      
     vus............................: 0      min=0       max=150
     vus_max........................: 225    min=225     max=225


running (12m00.0s), 000/225 VUs, 10359 complete and 0 interrupted iterations
openloop_oscillating ✓ [ 100% ] 000/225 VUs  12m0s  00.29 iters/s
[openloop-wrapper] k6 exit code 0
