
          /\      |‾‾| /‾‾/   /‾‾/   
     /\  /  \     |  |/  /   /  /    
    /  \/    \    |     (   /   ‾‾\  
   /          \   |  |\  \ |  (‾)  | 
  / __________ \  |__| \__\ \_____/ .io

  execution: local
     script: /scripts/load-test.js
     output: json (/results/results.json.gz)

  scenarios: (100.00%) 1 scenario, 225 max VUs, 12m30s max duration (incl. graceful stop):
           * openloop_oscillating: Up to 30.00 iterations/s for 12m0s over 12 stages (maxVUs: 225, gracefulStop: 30s)

time="2026-10-08T23:28:49Z" level=info msg="OPENLOOP_CONFIG service=auth-service pattern=oscillating base_rate=2 peak_rate=30 timeout=5s vu_factor=1.5 openloop_oscillating:ramping-arrival-rate:vus=225/225" source=console
time="2026-10-08T23:28:49Z" level=info msg="PREAUTH_USED tokens=120" source=console
time="2026-10-08T23:28:49Z" level=info msg="SCENARIO_START name=openloop_oscillating start_ms=1791502129246" source=console

running (00m00.9s), 000/225 VUs, 1 complete and 0 interrupted iterations
openloop_oscillating   [   0% ] 000/225 VUs  00m00.8s/12m0s  02.00 iters/s

running (00m01.9s), 000/225 VUs, 3 complete and 0 interrupted iterations
openloop_oscillating   [   0% ] 000/225 VUs  00m01.8s/12m0s  02.00 iters/s

running (00m02.9s), 000/225 VUs, 5 complete and 0 interrupted iterations
openloop_oscillating   [   0% ] 000/225 VUs  00m02.8s/12m0s  02.00 iters/s

running (00m03.9s), 000/225 VUs, 7 complete and 0 interrupted iterations
openloop_oscillating   [   1% ] 000/225 VUs  00m03.8s/12m0s  02.00 iters/s

running (00m04.9s), 001/225 VUs, 8 complete and 0 interrupted iterations
openloop_oscillating   [   1% ] 001/225 VUs  00m04.8s/12m0s  02.00 iters/s

running (00m05.9s), 000/225 VUs, 11 complete and 0 interrupted iterations
openloop_oscillating   [   1% ] 000/225 VUs  00m05.8s/12m0s  02.00 iters/s

running (00m06.9s), 000/225 VUs, 13 complete and 0 interrupted iterations
openloop_oscillating   [   1% ] 000/225 VUs  00m06.8s/12m0s  02.00 iters/s

running (00m07.9s), 000/225 VUs, 15 complete and 0 interrupted iterations
openloop_oscillating   [   1% ] 000/225 VUs  00m07.8s/12m0s  02.00 iters/s

running (00m08.9s), 000/225 VUs, 17 complete and 0 interrupted iterations
openloop_oscillating   [   1% ] 000/225 VUs  00m08.8s/12m0s  02.00 iters/s

running (00m09.9s), 000/225 VUs, 19 complete and 0 interrupted iterations
openloop_oscillating   [   1% ] 000/225 VUs  00m09.8s/12m0s  02.00 iters/s

running (00m10.9s), 000/225 VUs, 21 complete and 0 interrupted iterations
openloop_oscillating   [   2% ] 000/225 VUs  00m10.8s/12m0s  02.00 iters/s

running (00m11.9s), 001/225 VUs, 22 complete and 0 interrupted iterations
openloop_oscillating   [   2% ] 001/225 VUs  00m11.8s/12m0s  02.00 iters/s

running (00m12.9s), 000/225 VUs, 25 complete and 0 interrupted iterations
openloop_oscillating   [   2% ] 000/225 VUs  00m12.8s/12m0s  02.00 iters/s

running (00m13.9s), 000/225 VUs, 27 complete and 0 interrupted iterations
openloop_oscillating   [   2% ] 000/225 VUs  00m13.8s/12m0s  02.00 iters/s

running (00m14.9s), 000/225 VUs, 29 complete and 0 interrupted iterations
openloop_oscillating   [   2% ] 000/225 VUs  00m14.8s/12m0s  02.00 iters/s

running (00m15.9s), 000/225 VUs, 31 complete and 0 interrupted iterations
openloop_oscillating   [   2% ] 000/225 VUs  00m15.8s/12m0s  02.00 iters/s

running (00m16.9s), 000/225 VUs, 33 complete and 0 interrupted iterations
openloop_oscillating   [   2% ] 000/225 VUs  00m16.8s/12m0s  02.00 iters/s

running (00m17.9s), 000/225 VUs, 35 complete and 0 interrupted iterations
openloop_oscillating   [   2% ] 000/225 VUs  00m17.8s/12m0s  02.00 iters/s

running (00m18.9s), 000/225 VUs, 37 complete and 0 interrupted iterations
openloop_oscillating   [   3% ] 000/225 VUs  00m18.8s/12m0s  02.00 iters/s

running (00m19.9s), 000/225 VUs, 39 complete and 0 interrupted iterations
openloop_oscillating   [   3% ] 000/225 VUs  00m19.8s/12m0s  02.00 iters/s

running (00m20.9s), 000/225 VUs, 41 complete and 0 interrupted iterations
openloop_oscillating   [   3% ] 000/225 VUs  00m20.8s/12m0s  02.00 iters/s

running (00m21.9s), 000/225 VUs, 43 complete and 0 interrupted iterations
openloop_oscillating   [   3% ] 000/225 VUs  00m21.8s/12m0s  02.00 iters/s

running (00m22.9s), 001/225 VUs, 44 complete and 0 interrupted iterations
openloop_oscillating   [   3% ] 001/225 VUs  00m22.8s/12m0s  02.00 iters/s

running (00m23.9s), 000/225 VUs, 47 complete and 0 interrupted iterations
openloop_oscillating   [   3% ] 000/225 VUs  00m23.8s/12m0s  02.00 iters/s

running (00m24.9s), 001/225 VUs, 48 complete and 0 interrupted iterations
openloop_oscillating   [   3% ] 001/225 VUs  00m24.8s/12m0s  02.00 iters/s

running (00m25.9s), 000/225 VUs, 51 complete and 0 interrupted iterations
openloop_oscillating   [   4% ] 000/225 VUs  00m25.8s/12m0s  02.00 iters/s

running (00m26.9s), 000/225 VUs, 53 complete and 0 interrupted iterations
openloop_oscillating   [   4% ] 000/225 VUs  00m26.8s/12m0s  02.00 iters/s

running (00m27.9s), 000/225 VUs, 55 complete and 0 interrupted iterations
openloop_oscillating   [   4% ] 000/225 VUs  00m27.8s/12m0s  02.00 iters/s

running (00m28.9s), 000/225 VUs, 57 complete and 0 interrupted iterations
openloop_oscillating   [   4% ] 000/225 VUs  00m28.8s/12m0s  02.00 iters/s

running (00m29.9s), 000/225 VUs, 59 complete and 0 interrupted iterations
openloop_oscillating   [   4% ] 000/225 VUs  00m29.8s/12m0s  02.00 iters/s

running (00m30.9s), 000/225 VUs, 61 complete and 0 interrupted iterations
openloop_oscillating   [   4% ] 000/225 VUs  00m30.8s/12m0s  02.00 iters/s

running (00m31.9s), 000/225 VUs, 63 complete and 0 interrupted iterations
openloop_oscillating   [   4% ] 000/225 VUs  00m31.8s/12m0s  02.00 iters/s

running (00m32.9s), 000/225 VUs, 65 complete and 0 interrupted iterations
openloop_oscillating   [   5% ] 000/225 VUs  00m32.8s/12m0s  02.00 iters/s

running (00m33.9s), 000/225 VUs, 67 complete and 0 interrupted iterations
openloop_oscillating   [   5% ] 000/225 VUs  00m33.8s/12m0s  02.00 iters/s

running (00m34.9s), 000/225 VUs, 69 complete and 0 interrupted iterations
openloop_oscillating   [   5% ] 000/225 VUs  00m34.8s/12m0s  02.00 iters/s

running (00m35.9s), 000/225 VUs, 71 complete and 0 interrupted iterations
openloop_oscillating   [   5% ] 000/225 VUs  00m35.8s/12m0s  02.00 iters/s

running (00m36.9s), 000/225 VUs, 73 complete and 0 interrupted iterations
openloop_oscillating   [   5% ] 000/225 VUs  00m36.8s/12m0s  02.00 iters/s

running (00m37.9s), 000/225 VUs, 75 complete and 0 interrupted iterations
openloop_oscillating   [   5% ] 000/225 VUs  00m37.8s/12m0s  02.00 iters/s

running (00m38.9s), 000/225 VUs, 77 complete and 0 interrupted iterations
openloop_oscillating   [   5% ] 000/225 VUs  00m38.8s/12m0s  02.00 iters/s

running (00m39.9s), 000/225 VUs, 79 complete and 0 interrupted iterations
openloop_oscillating   [   6% ] 000/225 VUs  00m39.8s/12m0s  02.00 iters/s

running (00m40.9s), 000/225 VUs, 81 complete and 0 interrupted iterations
openloop_oscillating   [   6% ] 000/225 VUs  00m40.8s/12m0s  02.00 iters/s

running (00m41.9s), 000/225 VUs, 83 complete and 0 interrupted iterations
openloop_oscillating   [   6% ] 000/225 VUs  00m41.8s/12m0s  02.00 iters/s

running (00m42.9s), 000/225 VUs, 85 complete and 0 interrupted iterations
openloop_oscillating   [   6% ] 000/225 VUs  00m42.8s/12m0s  02.00 iters/s

running (00m43.9s), 000/225 VUs, 87 complete and 0 interrupted iterations
openloop_oscillating   [   6% ] 000/225 VUs  00m43.8s/12m0s  02.00 iters/s

running (00m44.9s), 000/225 VUs, 89 complete and 0 interrupted iterations
openloop_oscillating   [   6% ] 000/225 VUs  00m44.8s/12m0s  02.00 iters/s

running (00m45.9s), 000/225 VUs, 91 complete and 0 interrupted iterations
openloop_oscillating   [   6% ] 000/225 VUs  00m45.8s/12m0s  02.00 iters/s

running (00m46.9s), 000/225 VUs, 93 complete and 0 interrupted iterations
openloop_oscillating   [   7% ] 000/225 VUs  00m46.8s/12m0s  02.00 iters/s

running (00m47.9s), 000/225 VUs, 95 complete and 0 interrupted iterations
openloop_oscillating   [   7% ] 000/225 VUs  00m47.8s/12m0s  02.00 iters/s

running (00m48.9s), 000/225 VUs, 97 complete and 0 interrupted iterations
openloop_oscillating   [   7% ] 000/225 VUs  00m48.8s/12m0s  02.00 iters/s

running (00m49.9s), 000/225 VUs, 99 complete and 0 interrupted iterations
openloop_oscillating   [   7% ] 000/225 VUs  00m49.8s/12m0s  02.00 iters/s

running (00m50.9s), 000/225 VUs, 101 complete and 0 interrupted iterations
openloop_oscillating   [   7% ] 000/225 VUs  00m50.8s/12m0s  02.00 iters/s

running (00m51.9s), 000/225 VUs, 103 complete and 0 interrupted iterations
openloop_oscillating   [   7% ] 000/225 VUs  00m51.8s/12m0s  02.00 iters/s

running (00m52.9s), 000/225 VUs, 105 complete and 0 interrupted iterations
openloop_oscillating   [   7% ] 000/225 VUs  00m52.8s/12m0s  02.00 iters/s

running (00m53.9s), 000/225 VUs, 107 complete and 0 interrupted iterations
openloop_oscillating   [   7% ] 000/225 VUs  00m53.8s/12m0s  02.00 iters/s

running (00m54.9s), 000/225 VUs, 109 complete and 0 interrupted iterations
openloop_oscillating   [   8% ] 000/225 VUs  00m54.8s/12m0s  02.00 iters/s

running (00m55.9s), 000/225 VUs, 111 complete and 0 interrupted iterations
openloop_oscillating   [   8% ] 000/225 VUs  00m55.8s/12m0s  02.00 iters/s

running (00m56.9s), 000/225 VUs, 113 complete and 0 interrupted iterations
openloop_oscillating   [   8% ] 000/225 VUs  00m56.8s/12m0s  02.00 iters/s

running (00m57.9s), 000/225 VUs, 115 complete and 0 interrupted iterations
openloop_oscillating   [   8% ] 000/225 VUs  00m57.8s/12m0s  02.00 iters/s

running (00m58.9s), 000/225 VUs, 117 complete and 0 interrupted iterations
openloop_oscillating   [   8% ] 000/225 VUs  00m58.8s/12m0s  02.00 iters/s

running (00m59.9s), 000/225 VUs, 119 complete and 0 interrupted iterations
openloop_oscillating   [   8% ] 000/225 VUs  00m59.8s/12m0s  02.00 iters/s

running (01m00.9s), 000/225 VUs, 121 complete and 0 interrupted iterations
openloop_oscillating   [   8% ] 000/225 VUs  01m00.8s/12m0s  02.00 iters/s

running (01m01.9s), 001/225 VUs, 122 complete and 0 interrupted iterations
openloop_oscillating   [   9% ] 001/225 VUs  01m01.8s/12m0s  02.00 iters/s

running (01m02.9s), 000/225 VUs, 125 complete and 0 interrupted iterations
openloop_oscillating   [   9% ] 000/225 VUs  01m02.8s/12m0s  02.00 iters/s

running (01m03.9s), 000/225 VUs, 127 complete and 0 interrupted iterations
openloop_oscillating   [   9% ] 000/225 VUs  01m03.8s/12m0s  02.00 iters/s

running (01m04.9s), 000/225 VUs, 129 complete and 0 interrupted iterations
openloop_oscillating   [   9% ] 000/225 VUs  01m04.8s/12m0s  02.00 iters/s

running (01m05.9s), 000/225 VUs, 131 complete and 0 interrupted iterations
openloop_oscillating   [   9% ] 000/225 VUs  01m05.8s/12m0s  02.00 iters/s

running (01m06.9s), 000/225 VUs, 133 complete and 0 interrupted iterations
openloop_oscillating   [   9% ] 000/225 VUs  01m06.8s/12m0s  02.00 iters/s

running (01m07.9s), 000/225 VUs, 135 complete and 0 interrupted iterations
openloop_oscillating   [   9% ] 000/225 VUs  01m07.8s/12m0s  02.00 iters/s

running (01m08.9s), 000/225 VUs, 137 complete and 0 interrupted iterations
openloop_oscillating   [  10% ] 000/225 VUs  01m08.8s/12m0s  02.00 iters/s

running (01m09.9s), 000/225 VUs, 139 complete and 0 interrupted iterations
openloop_oscillating   [  10% ] 000/225 VUs  01m09.8s/12m0s  02.00 iters/s

running (01m10.9s), 000/225 VUs, 141 complete and 0 interrupted iterations
openloop_oscillating   [  10% ] 000/225 VUs  01m10.8s/12m0s  02.00 iters/s

running (01m11.9s), 000/225 VUs, 143 complete and 0 interrupted iterations
openloop_oscillating   [  10% ] 000/225 VUs  01m11.8s/12m0s  02.00 iters/s

running (01m12.9s), 000/225 VUs, 145 complete and 0 interrupted iterations
openloop_oscillating   [  10% ] 000/225 VUs  01m12.8s/12m0s  02.00 iters/s

running (01m13.9s), 000/225 VUs, 147 complete and 0 interrupted iterations
openloop_oscillating   [  10% ] 000/225 VUs  01m13.8s/12m0s  02.00 iters/s

running (01m14.9s), 000/225 VUs, 149 complete and 0 interrupted iterations
openloop_oscillating   [  10% ] 000/225 VUs  01m14.8s/12m0s  02.00 iters/s

running (01m15.9s), 001/225 VUs, 150 complete and 0 interrupted iterations
openloop_oscillating   [  11% ] 001/225 VUs  01m15.8s/12m0s  02.00 iters/s

running (01m16.9s), 001/225 VUs, 152 complete and 0 interrupted iterations
openloop_oscillating   [  11% ] 001/225 VUs  01m16.8s/12m0s  02.00 iters/s

running (01m17.9s), 000/225 VUs, 155 complete and 0 interrupted iterations
openloop_oscillating   [  11% ] 000/225 VUs  01m17.8s/12m0s  02.00 iters/s

running (01m18.9s), 000/225 VUs, 157 complete and 0 interrupted iterations
openloop_oscillating   [  11% ] 000/225 VUs  01m18.8s/12m0s  02.00 iters/s

running (01m19.9s), 000/225 VUs, 159 complete and 0 interrupted iterations
openloop_oscillating   [  11% ] 000/225 VUs  01m19.8s/12m0s  02.00 iters/s

running (01m20.9s), 000/225 VUs, 161 complete and 0 interrupted iterations
openloop_oscillating   [  11% ] 000/225 VUs  01m20.8s/12m0s  02.00 iters/s

running (01m21.9s), 000/225 VUs, 163 complete and 0 interrupted iterations
openloop_oscillating   [  11% ] 000/225 VUs  01m21.8s/12m0s  02.00 iters/s

running (01m22.9s), 000/225 VUs, 165 complete and 0 interrupted iterations
openloop_oscillating   [  12% ] 000/225 VUs  01m22.8s/12m0s  02.00 iters/s

running (01m23.9s), 001/225 VUs, 166 complete and 0 interrupted iterations
openloop_oscillating   [  12% ] 001/225 VUs  01m23.8s/12m0s  02.00 iters/s

running (01m24.9s), 000/225 VUs, 169 complete and 0 interrupted iterations
openloop_oscillating   [  12% ] 000/225 VUs  01m24.8s/12m0s  02.00 iters/s

running (01m25.9s), 000/225 VUs, 171 complete and 0 interrupted iterations
openloop_oscillating   [  12% ] 000/225 VUs  01m25.8s/12m0s  02.00 iters/s

running (01m26.9s), 000/225 VUs, 173 complete and 0 interrupted iterations
openloop_oscillating   [  12% ] 000/225 VUs  01m26.8s/12m0s  02.00 iters/s

running (01m27.9s), 000/225 VUs, 175 complete and 0 interrupted iterations
openloop_oscillating   [  12% ] 000/225 VUs  01m27.8s/12m0s  02.00 iters/s

running (01m28.9s), 001/225 VUs, 176 complete and 0 interrupted iterations
openloop_oscillating   [  12% ] 001/225 VUs  01m28.8s/12m0s  02.00 iters/s

running (01m29.9s), 001/225 VUs, 178 complete and 0 interrupted iterations
openloop_oscillating   [  12% ] 001/225 VUs  01m29.8s/12m0s  02.00 iters/s

running (01m30.9s), 000/225 VUs, 181 complete and 0 interrupted iterations
openloop_oscillating   [  13% ] 000/225 VUs  01m30.8s/12m0s  02.00 iters/s

running (01m31.9s), 000/225 VUs, 183 complete and 0 interrupted iterations
openloop_oscillating   [  13% ] 000/225 VUs  01m31.8s/12m0s  02.00 iters/s

running (01m32.9s), 001/225 VUs, 184 complete and 0 interrupted iterations
openloop_oscillating   [  13% ] 001/225 VUs  01m32.8s/12m0s  02.00 iters/s

running (01m33.9s), 000/225 VUs, 187 complete and 0 interrupted iterations
openloop_oscillating   [  13% ] 000/225 VUs  01m33.8s/12m0s  02.00 iters/s

running (01m34.9s), 000/225 VUs, 189 complete and 0 interrupted iterations
openloop_oscillating   [  13% ] 000/225 VUs  01m34.8s/12m0s  02.00 iters/s

running (01m35.9s), 000/225 VUs, 191 complete and 0 interrupted iterations
openloop_oscillating   [  13% ] 000/225 VUs  01m35.8s/12m0s  02.00 iters/s

running (01m36.9s), 000/225 VUs, 193 complete and 0 interrupted iterations
openloop_oscillating   [  13% ] 000/225 VUs  01m36.8s/12m0s  02.00 iters/s

running (01m37.9s), 000/225 VUs, 195 complete and 0 interrupted iterations
openloop_oscillating   [  14% ] 000/225 VUs  01m37.8s/12m0s  02.00 iters/s

running (01m38.9s), 000/225 VUs, 197 complete and 0 interrupted iterations
openloop_oscillating   [  14% ] 000/225 VUs  01m38.8s/12m0s  02.00 iters/s

running (01m39.9s), 000/225 VUs, 199 complete and 0 interrupted iterations
openloop_oscillating   [  14% ] 000/225 VUs  01m39.8s/12m0s  02.00 iters/s

running (01m40.9s), 000/225 VUs, 201 complete and 0 interrupted iterations
openloop_oscillating   [  14% ] 000/225 VUs  01m40.8s/12m0s  02.00 iters/s

running (01m41.9s), 000/225 VUs, 203 complete and 0 interrupted iterations
openloop_oscillating   [  14% ] 000/225 VUs  01m41.8s/12m0s  02.00 iters/s

running (01m42.9s), 001/225 VUs, 204 complete and 0 interrupted iterations
openloop_oscillating   [  14% ] 001/225 VUs  01m42.8s/12m0s  02.00 iters/s

running (01m43.9s), 001/225 VUs, 206 complete and 0 interrupted iterations
openloop_oscillating   [  14% ] 001/225 VUs  01m43.8s/12m0s  02.00 iters/s

running (01m44.9s), 001/225 VUs, 208 complete and 0 interrupted iterations
openloop_oscillating   [  15% ] 001/225 VUs  01m44.8s/12m0s  02.00 iters/s

running (01m45.9s), 000/225 VUs, 211 complete and 0 interrupted iterations
openloop_oscillating   [  15% ] 000/225 VUs  01m45.8s/12m0s  02.00 iters/s

running (01m46.9s), 000/225 VUs, 213 complete and 0 interrupted iterations
openloop_oscillating   [  15% ] 000/225 VUs  01m46.8s/12m0s  02.00 iters/s

running (01m47.9s), 000/225 VUs, 215 complete and 0 interrupted iterations
openloop_oscillating   [  15% ] 000/225 VUs  01m47.8s/12m0s  02.00 iters/s

running (01m48.9s), 000/225 VUs, 217 complete and 0 interrupted iterations
openloop_oscillating   [  15% ] 000/225 VUs  01m48.8s/12m0s  02.00 iters/s

running (01m49.9s), 000/225 VUs, 219 complete and 0 interrupted iterations
openloop_oscillating   [  15% ] 000/225 VUs  01m49.8s/12m0s  02.00 iters/s

running (01m50.9s), 000/225 VUs, 221 complete and 0 interrupted iterations
openloop_oscillating   [  15% ] 000/225 VUs  01m50.8s/12m0s  02.00 iters/s

running (01m51.9s), 000/225 VUs, 223 complete and 0 interrupted iterations
openloop_oscillating   [  16% ] 000/225 VUs  01m51.8s/12m0s  02.00 iters/s

running (01m52.9s), 000/225 VUs, 225 complete and 0 interrupted iterations
openloop_oscillating   [  16% ] 000/225 VUs  01m52.8s/12m0s  02.00 iters/s

running (01m53.9s), 000/225 VUs, 227 complete and 0 interrupted iterations
openloop_oscillating   [  16% ] 000/225 VUs  01m53.8s/12m0s  02.00 iters/s

running (01m54.9s), 000/225 VUs, 229 complete and 0 interrupted iterations
openloop_oscillating   [  16% ] 000/225 VUs  01m54.8s/12m0s  02.00 iters/s

running (01m55.9s), 001/225 VUs, 230 complete and 0 interrupted iterations
openloop_oscillating   [  16% ] 001/225 VUs  01m55.8s/12m0s  02.00 iters/s

running (01m56.9s), 000/225 VUs, 233 complete and 0 interrupted iterations
openloop_oscillating   [  16% ] 000/225 VUs  01m56.8s/12m0s  02.00 iters/s

running (01m57.9s), 000/225 VUs, 235 complete and 0 interrupted iterations
openloop_oscillating   [  16% ] 000/225 VUs  01m57.8s/12m0s  02.00 iters/s

running (01m58.9s), 001/225 VUs, 236 complete and 0 interrupted iterations
openloop_oscillating   [  17% ] 001/225 VUs  01m58.8s/12m0s  02.00 iters/s

running (01m59.9s), 000/225 VUs, 239 complete and 0 interrupted iterations
openloop_oscillating   [  17% ] 000/225 VUs  01m59.8s/12m0s  02.00 iters/s

running (02m00.9s), 000/225 VUs, 242 complete and 0 interrupted iterations
openloop_oscillating   [  17% ] 000/225 VUs  02m00.8s/12m0s  04.23 iters/s

running (02m01.9s), 000/225 VUs, 248 complete and 0 interrupted iterations
openloop_oscillating   [  17% ] 000/225 VUs  02m01.8s/12m0s  07.18 iters/s

running (02m02.9s), 001/225 VUs, 255 complete and 0 interrupted iterations
openloop_oscillating   [  17% ] 001/225 VUs  02m02.8s/12m0s  09.82 iters/s

running (02m03.9s), 000/225 VUs, 268 complete and 0 interrupted iterations
openloop_oscillating   [  17% ] 000/225 VUs  02m03.8s/12m0s  12.79 iters/s

running (02m04.9s), 002/225 VUs, 280 complete and 0 interrupted iterations
openloop_oscillating   [  17% ] 002/225 VUs  02m04.8s/12m0s  15.56 iters/s

running (02m05.9s), 001/225 VUs, 298 complete and 0 interrupted iterations
openloop_oscillating   [  17% ] 001/225 VUs  02m05.8s/12m0s  18.36 iters/s

running (02m06.9s), 001/225 VUs, 317 complete and 0 interrupted iterations
openloop_oscillating   [  18% ] 001/225 VUs  02m06.8s/12m0s  21.06 iters/s

running (02m07.9s), 008/225 VUs, 333 complete and 0 interrupted iterations
openloop_oscillating   [  18% ] 008/225 VUs  02m07.8s/12m0s  23.92 iters/s

running (02m08.9s), 015/225 VUs, 351 complete and 0 interrupted iterations
openloop_oscillating   [  18% ] 015/225 VUs  02m08.8s/12m0s  26.69 iters/s

running (02m09.9s), 018/225 VUs, 376 complete and 0 interrupted iterations
openloop_oscillating   [  18% ] 018/225 VUs  02m09.8s/12m0s  29.48 iters/s

running (02m10.9s), 035/225 VUs, 389 complete and 0 interrupted iterations
openloop_oscillating   [  18% ] 035/225 VUs  02m10.8s/12m0s  30.00 iters/s

running (02m11.9s), 042/225 VUs, 412 complete and 0 interrupted iterations
openloop_oscillating   [  18% ] 042/225 VUs  02m11.8s/12m0s  30.00 iters/s
time="2026-10-08T23:31:01Z" level=warning msg="Request Failed" error="Post \"http://auth-service.ecommerce.svc.cluster.local:8001/auth/login\": request timeout"
time="2026-10-08T23:31:01Z" level=warning msg="Request Failed" error="Post \"http://auth-service.ecommerce.svc.cluster.local:8001/auth/login\": request timeout"
time="2026-10-08T23:31:01Z" level=warning msg="Request Failed" error="Post \"http://auth-service.ecommerce.svc.cluster.local:8001/auth/login\": request timeout"

running (02m12.9s), 053/225 VUs, 431 complete and 0 interrupted iterations
openloop_oscillating   [  18% ] 053/225 VUs  02m12.8s/12m0s  30.00 iters/s
time="2026-10-08T23:31:02Z" level=warning msg="Request Failed" error="Post \"http://auth-service.ecommerce.svc.cluster.local:8001/auth/login\": request timeout"
time="2026-10-08T23:31:03Z" level=warning msg="Request Failed" error="Post \"http://auth-service.ecommerce.svc.cluster.local:8001/auth/login\": request timeout"

running (02m13.9s), 030/225 VUs, 484 complete and 0 interrupted iterations
openloop_oscillating   [  19% ] 030/225 VUs  02m13.8s/12m0s  30.00 iters/s
time="2026-10-08T23:31:03Z" level=warning msg="Request Failed" error="Post \"http://auth-service.ecommerce.svc.cluster.local:8001/auth/login\": request timeout"
time="2026-10-08T23:31:03Z" level=warning msg="Request Failed" error="Post \"http://auth-service.ecommerce.svc.cluster.local:8001/auth/login\": request timeout"
time="2026-10-08T23:31:04Z" level=warning msg="Request Failed" error="Post \"http://auth-service.ecommerce.svc.cluster.local:8001/auth/login\": request timeout"

running (02m14.9s), 018/225 VUs, 526 complete and 0 interrupted iterations
openloop_oscillating   [  19% ] 018/225 VUs  02m14.8s/12m0s  30.00 iters/s
time="2026-10-08T23:31:04Z" level=warning msg="Request Failed" error="Post \"http://auth-service.ecommerce.svc.cluster.local:8001/auth/login\": request timeout"
time="2026-10-08T23:31:04Z" level=warning msg="Request Failed" error="Post \"http://auth-service.ecommerce.svc.cluster.local:8001/auth/login\": request timeout"
time="2026-10-08T23:31:04Z" level=warning msg="Request Failed" error="Post \"http://auth-service.ecommerce.svc.cluster.local:8001/auth/login\": request timeout"
time="2026-10-08T23:31:04Z" level=warning msg="Request Failed" error="Post \"http://auth-service.ecommerce.svc.cluster.local:8001/auth/login\": request timeout"
time="2026-10-08T23:31:05Z" level=warning msg="Request Failed" error="Post \"http://auth-service.ecommerce.svc.cluster.local:8001/auth/login\": request timeout"

running (02m15.9s), 020/225 VUs, 554 complete and 0 interrupted iterations
openloop_oscillating   [  19% ] 020/225 VUs  02m15.8s/12m0s  30.00 iters/s
time="2026-10-08T23:31:05Z" level=warning msg="Request Failed" error="Post \"http://auth-service.ecommerce.svc.cluster.local:8001/auth/login\": request timeout"
time="2026-10-08T23:31:05Z" level=warning msg="Request Failed" error="Post \"http://auth-service.ecommerce.svc.cluster.local:8001/auth/login\": request timeout"

running (02m16.9s), 011/225 VUs, 593 complete and 0 interrupted iterations
openloop_oscillating   [  19% ] 011/225 VUs  02m16.8s/12m0s  30.00 iters/s
time="2026-10-08T23:31:06Z" level=warning msg="Request Failed" error="Post \"http://auth-service.ecommerce.svc.cluster.local:8001/auth/login\": request timeout"

running (02m17.9s), 015/225 VUs, 619 complete and 0 interrupted iterations
openloop_oscillating   [  19% ] 015/225 VUs  02m17.8s/12m0s  30.00 iters/s

running (02m18.9s), 018/225 VUs, 646 complete and 0 interrupted iterations
openloop_oscillating   [  19% ] 018/225 VUs  02m18.8s/12m0s  30.00 iters/s

running (02m19.9s), 020/225 VUs, 674 complete and 0 interrupted iterations
openloop_oscillating   [  19% ] 020/225 VUs  02m19.8s/12m0s  30.00 iters/s
time="2026-10-08T23:31:09Z" level=warning msg="Request Failed" error="Post \"http://auth-service.ecommerce.svc.cluster.local:8001/auth/login\": request timeout"

running (02m20.9s), 026/225 VUs, 698 complete and 0 interrupted iterations
openloop_oscillating   [  20% ] 026/225 VUs  02m20.8s/12m0s  30.00 iters/s
time="2026-10-08T23:31:10Z" level=warning msg="Request Failed" error="Post \"http://auth-service.ecommerce.svc.cluster.local:8001/auth/login\": request timeout"
time="2026-10-08T23:31:10Z" level=warning msg="Request Failed" error="Post \"http://auth-service.ecommerce.svc.cluster.local:8001/auth/login\": request timeout"

running (02m21.9s), 048/225 VUs, 706 complete and 0 interrupted iterations
openloop_oscillating   [  20% ] 048/225 VUs  02m21.8s/12m0s  30.00 iters/s
time="2026-10-08T23:31:11Z" level=warning msg="Request Failed" error="Post \"http://auth-service.ecommerce.svc.cluster.local:8001/auth/login\": request timeout"
time="2026-10-08T23:31:11Z" level=warning msg="Request Failed" error="Post \"http://auth-service.ecommerce.svc.cluster.local:8001/auth/login\": request timeout"
time="2026-10-08T23:31:11Z" level=warning msg="Request Failed" error="request timeout"

running (02m22.9s), 055/225 VUs, 729 complete and 0 interrupted iterations
openloop_oscillating   [  20% ] 055/225 VUs  02m22.8s/12m0s  30.00 iters/s
time="2026-10-08T23:31:12Z" level=warning msg="Request Failed" error="Post \"http://auth-service.ecommerce.svc.cluster.local:8001/auth/login\": request timeout"

running (02m23.9s), 055/225 VUs, 759 complete and 0 interrupted iterations
openloop_oscillating   [  20% ] 055/225 VUs  02m23.8s/12m0s  30.00 iters/s
time="2026-10-08T23:31:13Z" level=warning msg="Request Failed" error="Post \"http://auth-service.ecommerce.svc.cluster.local:8001/auth/login\": request timeout"

running (02m24.9s), 052/225 VUs, 792 complete and 0 interrupted iterations
openloop_oscillating   [  20% ] 052/225 VUs  02m24.8s/12m0s  30.00 iters/s

running (02m25.9s), 053/225 VUs, 821 complete and 0 interrupted iterations
openloop_oscillating   [  20% ] 053/225 VUs  02m25.8s/12m0s  30.00 iters/s
time="2026-10-08T23:31:15Z" level=warning msg="Request Failed" error="Post \"http://auth-service.ecommerce.svc.cluster.local:8001/auth/login\": request timeout"
time="2026-10-08T23:31:15Z" level=warning msg="Request Failed" error="Post \"http://auth-service.ecommerce.svc.cluster.local:8001/auth/login\": request timeout"
time="2026-10-08T23:31:15Z" level=warning msg="Request Failed" error="Post \"http://auth-service.ecommerce.svc.cluster.local:8001/auth/login\": request timeout"

running (02m26.9s), 051/225 VUs, 853 complete and 0 interrupted iterations
openloop_oscillating   [  20% ] 051/225 VUs  02m26.8s/12m0s  30.00 iters/s
time="2026-10-08T23:31:16Z" level=warning msg="Request Failed" error="Post \"http://auth-service.ecommerce.svc.cluster.local:8001/auth/login\": request timeout"
time="2026-10-08T23:31:16Z" level=warning msg="Request Failed" error="Post \"http://auth-service.ecommerce.svc.cluster.local:8001/auth/login\": request timeout"

running (02m27.9s), 041/225 VUs, 893 complete and 0 interrupted iterations
openloop_oscillating   [  21% ] 041/225 VUs  02m27.8s/12m0s  30.00 iters/s
time="2026-10-08T23:31:17Z" level=warning msg="Request Failed" error="Post \"http://auth-service.ecommerce.svc.cluster.local:8001/auth/login\": request timeout"
time="2026-10-08T23:31:17Z" level=warning msg="Request Failed" error="Post \"http://auth-service.ecommerce.svc.cluster.local:8001/auth/login\": request timeout"
time="2026-10-08T23:31:17Z" level=warning msg="Request Failed" error="request timeout"

running (02m28.9s), 022/225 VUs, 942 complete and 0 interrupted iterations
openloop_oscillating   [  21% ] 022/225 VUs  02m28.8s/12m0s  30.00 iters/s
time="2026-10-08T23:31:18Z" level=warning msg="Request Failed" error="Post \"http://auth-service.ecommerce.svc.cluster.local:8001/auth/login\": request timeout"

running (02m29.9s), 010/225 VUs, 984 complete and 0 interrupted iterations
openloop_oscillating   [  21% ] 010/225 VUs  02m29.8s/12m0s  30.00 iters/s

running (02m30.9s), 016/225 VUs, 1008 complete and 0 interrupted iterations
openloop_oscillating   [  21% ] 016/225 VUs  02m30.8s/12m0s  30.00 iters/s
time="2026-10-08T23:31:20Z" level=warning msg="Request Failed" error="Post \"http://auth-service.ecommerce.svc.cluster.local:8001/auth/login\": request timeout"
time="2026-10-08T23:31:20Z" level=warning msg="Request Failed" error="Post \"http://auth-service.ecommerce.svc.cluster.local:8001/auth/login\": request timeout"
time="2026-10-08T23:31:20Z" level=warning msg="Request Failed" error="Post \"http://auth-service.ecommerce.svc.cluster.local:8001/auth/login\": request timeout"
time="2026-10-08T23:31:21Z" level=warning msg="Request Failed" error="Post \"http://auth-service.ecommerce.svc.cluster.local:8001/auth/login\": request timeout"

running (02m31.9s), 016/225 VUs, 1038 complete and 0 interrupted iterations
openloop_oscillating   [  21% ] 016/225 VUs  02m31.8s/12m0s  30.00 iters/s

running (02m32.9s), 030/225 VUs, 1054 complete and 0 interrupted iterations
openloop_oscillating   [  21% ] 030/225 VUs  02m32.8s/12m0s  30.00 iters/s
time="2026-10-08T23:31:22Z" level=warning msg="Request Failed" error="Post \"http://auth-service.ecommerce.svc.cluster.local:8001/auth/login\": request timeout"

running (02m33.9s), 025/225 VUs, 1089 complete and 0 interrupted iterations
openloop_oscillating   [  21% ] 025/225 VUs  02m33.8s/12m0s  30.00 iters/s
time="2026-10-08T23:31:23Z" level=warning msg="Request Failed" error="Post \"http://auth-service.ecommerce.svc.cluster.local:8001/auth/login\": request timeout"
time="2026-10-08T23:31:23Z" level=warning msg="Request Failed" error="Post \"http://auth-service.ecommerce.svc.cluster.local:8001/auth/login\": request timeout"

running (02m34.9s), 018/225 VUs, 1126 complete and 0 interrupted iterations
openloop_oscillating   [  22% ] 018/225 VUs  02m34.8s/12m0s  30.00 iters/s
time="2026-10-08T23:31:24Z" level=warning msg="Request Failed" error="Post \"http://auth-service.ecommerce.svc.cluster.local:8001/auth/login\": request timeout"
time="2026-10-08T23:31:25Z" level=warning msg="Request Failed" error="Post \"http://auth-service.ecommerce.svc.cluster.local:8001/auth/login\": request timeout"

running (02m35.9s), 020/225 VUs, 1154 complete and 0 interrupted iterations
openloop_oscillating   [  22% ] 020/225 VUs  02m35.8s/12m0s  30.00 iters/s
time="2026-10-08T23:31:25Z" level=warning msg="Request Failed" error="Post \"http://auth-service.ecommerce.svc.cluster.local:8001/auth/login\": request timeout"

running (02m36.9s), 015/225 VUs, 1189 complete and 0 interrupted iterations
openloop_oscillating   [  22% ] 015/225 VUs  02m36.8s/12m0s  30.00 iters/s
time="2026-10-08T23:31:26Z" level=warning msg="Request Failed" error="Post \"http://auth-service.ecommerce.svc.cluster.local:8001/auth/login\": request timeout"
time="2026-10-08T23:31:26Z" level=warning msg="Request Failed" error="Post \"http://auth-service.ecommerce.svc.cluster.local:8001/auth/login\": request timeout"

running (02m37.9s), 026/225 VUs, 1208 complete and 0 interrupted iterations
openloop_oscillating   [  22% ] 026/225 VUs  02m37.8s/12m0s  30.00 iters/s
time="2026-10-08T23:31:27Z" level=warning msg="Request Failed" error="Post \"http://auth-service.ecommerce.svc.cluster.local:8001/auth/login\": request timeout"
time="2026-10-08T23:31:27Z" level=warning msg="Request Failed" error="Post \"http://auth-service.ecommerce.svc.cluster.local:8001/auth/login\": request timeout"

running (02m38.9s), 022/225 VUs, 1242 complete and 0 interrupted iterations
openloop_oscillating   [  22% ] 022/225 VUs  02m38.8s/12m0s  30.00 iters/s
time="2026-10-08T23:31:28Z" level=warning msg="Request Failed" error="Post \"http://auth-service.ecommerce.svc.cluster.local:8001/auth/login\": request timeout"
time="2026-10-08T23:31:28Z" level=warning msg="Request Failed" error="Post \"http://auth-service.ecommerce.svc.cluster.local:8001/auth/login\": request timeout"

running (02m39.9s), 022/225 VUs, 1272 complete and 0 interrupted iterations
openloop_oscillating   [  22% ] 022/225 VUs  02m39.8s/12m0s  30.00 iters/s
time="2026-10-08T23:31:29Z" level=warning msg="Request Failed" error="Post \"http://auth-service.ecommerce.svc.cluster.local:8001/auth/login\": request timeout"
time="2026-10-08T23:31:29Z" level=warning msg="Request Failed" error="Post \"http://auth-service.ecommerce.svc.cluster.local:8001/auth/login\": request timeout"
time="2026-10-08T23:31:29Z" level=warning msg="Request Failed" error="Post \"http://auth-service.ecommerce.svc.cluster.local:8001/auth/login\": request timeout"

running (02m40.9s), 016/225 VUs, 1308 complete and 0 interrupted iterations
openloop_oscillating   [  22% ] 016/225 VUs  02m40.8s/12m0s  30.00 iters/s
time="2026-10-08T23:31:30Z" level=warning msg="Request Failed" error="Post \"http://auth-service.ecommerce.svc.cluster.local:8001/auth/login\": request timeout"

running (02m41.9s), 025/225 VUs, 1329 complete and 0 interrupted iterations
openloop_oscillating   [  22% ] 025/225 VUs  02m41.8s/12m0s  30.00 iters/s
time="2026-10-08T23:31:31Z" level=warning msg="Request Failed" error="Post \"http://auth-service.ecommerce.svc.cluster.local:8001/auth/login\": request timeout"

running (02m42.9s), 041/225 VUs, 1343 complete and 0 interrupted iterations
openloop_oscillating   [  23% ] 041/225 VUs  02m42.8s/12m0s  30.00 iters/s
time="2026-10-08T23:31:32Z" level=warning msg="Request Failed" error="Post \"http://auth-service.ecommerce.svc.cluster.local:8001/auth/login\": request timeout"
time="2026-10-08T23:31:32Z" level=warning msg="Request Failed" error="Post \"http://auth-service.ecommerce.svc.cluster.local:8001/auth/login\": request timeout"

running (02m43.9s), 053/225 VUs, 1361 complete and 0 interrupted iterations
openloop_oscillating   [  23% ] 053/225 VUs  02m43.8s/12m0s  30.00 iters/s

running (02m44.9s), 039/225 VUs, 1405 complete and 0 interrupted iterations
openloop_oscillating   [  23% ] 039/225 VUs  02m44.8s/12m0s  30.00 iters/s
time="2026-10-08T23:31:35Z" level=warning msg="Request Failed" error="Post \"http://auth-service.ecommerce.svc.cluster.local:8001/auth/login\": request timeout"

running (02m45.9s), 011/225 VUs, 1463 complete and 0 interrupted iterations
openloop_oscillating   [  23% ] 011/225 VUs  02m45.8s/12m0s  30.00 iters/s
time="2026-10-08T23:31:35Z" level=warning msg="Request Failed" error="Post \"http://auth-service.ecommerce.svc.cluster.local:8001/auth/login\": request timeout"

running (02m46.9s), 020/225 VUs, 1484 complete and 0 interrupted iterations
openloop_oscillating   [  23% ] 020/225 VUs  02m46.8s/12m0s  30.00 iters/s
time="2026-10-08T23:31:36Z" level=warning msg="Request Failed" error="Post \"http://auth-service.ecommerce.svc.cluster.local:8001/auth/login\": request timeout"

running (02m47.9s), 019/225 VUs, 1515 complete and 0 interrupted iterations
openloop_oscillating   [  23% ] 019/225 VUs  02m47.8s/12m0s  30.00 iters/s
time="2026-10-08T23:31:37Z" level=warning msg="Request Failed" error="Post \"http://auth-service.ecommerce.svc.cluster.local:8001/auth/login\": request timeout"

running (02m48.9s), 032/225 VUs, 1532 complete and 0 interrupted iterations
openloop_oscillating   [  23% ] 032/225 VUs  02m48.8s/12m0s  30.00 iters/s
time="2026-10-08T23:31:38Z" level=warning msg="Request Failed" error="Post \"http://auth-service.ecommerce.svc.cluster.local:8001/auth/login\": request timeout"
time="2026-10-08T23:31:38Z" level=warning msg="Request Failed" error="Post \"http://auth-service.ecommerce.svc.cluster.local:8001/auth/login\": request timeout"

running (02m49.9s), 035/225 VUs, 1559 complete and 0 interrupted iterations
openloop_oscillating   [  24% ] 035/225 VUs  02m49.8s/12m0s  30.00 iters/s
time="2026-10-08T23:31:39Z" level=warning msg="Request Failed" error="Post \"http://auth-service.ecommerce.svc.cluster.local:8001/auth/login\": request timeout"
time="2026-10-08T23:31:39Z" level=warning msg="Request Failed" error="Post \"http://auth-service.ecommerce.svc.cluster.local:8001/auth/login\": request timeout"
time="2026-10-08T23:31:39Z" level=warning msg="Request Failed" error="Post \"http://auth-service.ecommerce.svc.cluster.local:8001/auth/login\": request timeout"

running (02m50.9s), 029/225 VUs, 1595 complete and 0 interrupted iterations
openloop_oscillating   [  24% ] 029/225 VUs  02m50.8s/12m0s  30.00 iters/s

running (02m51.9s), 037/225 VUs, 1617 complete and 0 interrupted iterations
openloop_oscillating   [  24% ] 037/225 VUs  02m51.8s/12m0s  30.00 iters/s

running (02m52.9s), 024/225 VUs, 1660 complete and 0 interrupted iterations
openloop_oscillating   [  24% ] 024/225 VUs  02m52.8s/12m0s  30.00 iters/s

running (02m53.9s), 016/225 VUs, 1698 complete and 0 interrupted iterations
openloop_oscillating   [  24% ] 016/225 VUs  02m53.8s/12m0s  30.00 iters/s
time="2026-10-08T23:31:43Z" level=warning msg="Request Failed" error="Post \"http://auth-service.ecommerce.svc.cluster.local:8001/auth/login\": request timeout"
time="2026-10-08T23:31:43Z" level=warning msg="Request Failed" error="Post \"http://auth-service.ecommerce.svc.cluster.local:8001/auth/login\": request timeout"

running (02m54.9s), 017/225 VUs, 1727 complete and 0 interrupted iterations
openloop_oscillating   [  24% ] 017/225 VUs  02m54.8s/12m0s  30.00 iters/s
time="2026-10-08T23:31:44Z" level=warning msg="Request Failed" error="Post \"http://auth-service.ecommerce.svc.cluster.local:8001/auth/login\": request timeout"
time="2026-10-08T23:31:45Z" level=warning msg="Request Failed" error="Post \"http://auth-service.ecommerce.svc.cluster.local:8001/auth/login\": request timeout"

running (02m55.9s), 021/225 VUs, 1753 complete and 0 interrupted iterations
openloop_oscillating   [  24% ] 021/225 VUs  02m55.8s/12m0s  30.00 iters/s
time="2026-10-08T23:31:45Z" level=warning msg="Request Failed" error="Post \"http://auth-service.ecommerce.svc.cluster.local:8001/auth/login\": request timeout"

running (02m56.9s), 020/225 VUs, 1784 complete and 0 interrupted iterations
openloop_oscillating   [  25% ] 020/225 VUs  02m56.8s/12m0s  30.00 iters/s

running (02m57.9s), 020/225 VUs, 1814 complete and 0 interrupted iterations
openloop_oscillating   [  25% ] 020/225 VUs  02m57.8s/12m0s  30.00 iters/s
time="2026-10-08T23:31:47Z" level=warning msg="Request Failed" error="Post \"http://auth-service.ecommerce.svc.cluster.local:8001/auth/login\": request timeout"
time="2026-10-08T23:31:47Z" level=warning msg="Request Failed" error="Post \"http://auth-service.ecommerce.svc.cluster.local:8001/auth/login\": request timeout"

running (02m58.9s), 017/225 VUs, 1847 complete and 0 interrupted iterations
openloop_oscillating   [  25% ] 017/225 VUs  02m58.8s/12m0s  30.00 iters/s
time="2026-10-08T23:31:48Z" level=warning msg="Request Failed" error="Post \"http://auth-service.ecommerce.svc.cluster.local:8001/auth/login\": request timeout"
time="2026-10-08T23:31:48Z" level=warning msg="Request Failed" error="Post \"http://auth-service.ecommerce.svc.cluster.local:8001/auth/login\": request timeout"

running (02m59.9s), 021/225 VUs, 1873 complete and 0 interrupted iterations
openloop_oscillating   [  25% ] 021/225 VUs  02m59.8s/12m0s  30.00 iters/s
time="2026-10-08T23:31:49Z" level=warning msg="Request Failed" error="Post \"http://auth-service.ecommerce.svc.cluster.local:8001/auth/login\": request timeout"
time="2026-10-08T23:31:49Z" level=warning msg="Request Failed" error="Post \"http://auth-service.ecommerce.svc.cluster.local:8001/auth/login\": request timeout"
time="2026-10-08T23:31:50Z" level=warning msg="Request Failed" error="Post \"http://auth-service.ecommerce.svc.cluster.local:8001/auth/login\": request timeout"

running (03m00.9s), 017/225 VUs, 1907 complete and 0 interrupted iterations
openloop_oscillating   [  25% ] 017/225 VUs  03m00.8s/12m0s  30.00 iters/s
time="2026-10-08T23:31:50Z" level=warning msg="Request Failed" error="Post \"http://auth-service.ecommerce.svc.cluster.local:8001/auth/login\": request timeout"
time="2026-10-08T23:31:50Z" level=warning msg="Request Failed" error="Post \"http://auth-service.ecommerce.svc.cluster.local:8001/auth/login\": request timeout"

running (03m01.9s), 017/225 VUs, 1937 complete and 0 interrupted iterations
openloop_oscillating   [  25% ] 017/225 VUs  03m01.8s/12m0s  30.00 iters/s

running (03m02.9s), 044/225 VUs, 1940 complete and 0 interrupted iterations
openloop_oscillating   [  25% ] 044/225 VUs  03m02.8s/12m0s  30.00 iters/s
time="2026-10-08T23:31:52Z" level=warning msg="Request Failed" error="Post \"http://auth-service.ecommerce.svc.cluster.local:8001/auth/login\": request timeout"
time="2026-10-08T23:31:52Z" level=warning msg="Request Failed" error="Post \"http://auth-service.ecommerce.svc.cluster.local:8001/auth/login\": request timeout"
time="2026-10-08T23:31:52Z" level=warning msg="Request Failed" error="Post \"http://auth-service.ecommerce.svc.cluster.local:8001/auth/login\": request timeout"

running (03m03.9s), 018/225 VUs, 1996 complete and 0 interrupted iterations
openloop_oscillating   [  26% ] 018/225 VUs  03m03.8s/12m0s  30.00 iters/s
time="2026-10-08T23:31:53Z" level=warning msg="Request Failed" error="Post \"http://auth-service.ecommerce.svc.cluster.local:8001/auth/login\": request timeout"
time="2026-10-08T23:31:53Z" level=warning msg="Request Failed" error="Post \"http://auth-service.ecommerce.svc.cluster.local:8001/auth/login\": request timeout"
time="2026-10-08T23:31:53Z" level=warning msg="Request Failed" error="Post \"http://auth-service.ecommerce.svc.cluster.local:8001/auth/login\": request timeout"
time="2026-10-08T23:31:53Z" level=warning msg="Request Failed" error="Post \"http://auth-service.ecommerce.svc.cluster.local:8001/auth/login\": request timeout"
time="2026-10-08T23:31:53Z" level=warning msg="Request Failed" error="Post \"http://auth-service.ecommerce.svc.cluster.local:8001/auth/login\": request timeout"
time="2026-10-08T23:31:53Z" level=warning msg="Request Failed" error="Post \"http://auth-service.ecommerce.svc.cluster.local:8001/auth/login\": request timeout"
time="2026-10-08T23:31:54Z" level=warning msg="Request Failed" error="Post \"http://auth-service.ecommerce.svc.cluster.local:8001/auth/login\": request timeout"

running (03m04.9s), 020/225 VUs, 2024 complete and 0 interrupted iterations
openloop_oscillating   [  26% ] 020/225 VUs  03m04.8s/12m0s  30.00 iters/s
time="2026-10-08T23:31:54Z" level=warning msg="Request Failed" error="Post \"http://auth-service.ecommerce.svc.cluster.local:8001/auth/login\": request timeout"

running (03m05.9s), 018/225 VUs, 2056 complete and 0 interrupted iterations
openloop_oscillating   [  26% ] 018/225 VUs  03m05.8s/12m0s  30.00 iters/s
time="2026-10-08T23:31:55Z" level=warning msg="Request Failed" error="Post \"http://auth-service.ecommerce.svc.cluster.local:8001/auth/login\": request timeout"
time="2026-10-08T23:31:55Z" level=warning msg="Request Failed" error="Post \"http://auth-service.ecommerce.svc.cluster.local:8001/auth/login\": request timeout"
time="2026-10-08T23:31:56Z" level=warning msg="Request Failed" error="Post \"http://auth-service.ecommerce.svc.cluster.local:8001/auth/login\": request timeout"

running (03m06.9s), 016/225 VUs, 2088 complete and 0 interrupted iterations
openloop_oscillating   [  26% ] 016/225 VUs  03m06.8s/12m0s  30.00 iters/s

running (03m07.9s), 021/225 VUs, 2113 complete and 0 interrupted iterations
openloop_oscillating   [  26% ] 021/225 VUs  03m07.8s/12m0s  30.00 iters/s

running (03m08.9s), 016/225 VUs, 2148 complete and 0 interrupted iterations
openloop_oscillating   [  26% ] 016/225 VUs  03m08.8s/12m0s  30.00 iters/s

running (03m09.9s), 028/225 VUs, 2166 complete and 0 interrupted iterations
openloop_oscillating   [  26% ] 028/225 VUs  03m09.8s/12m0s  30.00 iters/s

running (03m10.9s), 008/225 VUs, 2216 complete and 0 interrupted iterations
openloop_oscillating   [  27% ] 008/225 VUs  03m10.8s/12m0s  30.00 iters/s

running (03m11.9s), 009/225 VUs, 2245 complete and 0 interrupted iterations
openloop_oscillating   [  27% ] 009/225 VUs  03m11.8s/12m0s  30.00 iters/s

running (03m12.9s), 018/225 VUs, 2266 complete and 0 interrupted iterations
openloop_oscillating   [  27% ] 018/225 VUs  03m12.8s/12m0s  30.00 iters/s

running (03m13.9s), 003/225 VUs, 2311 complete and 0 interrupted iterations
openloop_oscillating   [  27% ] 003/225 VUs  03m13.8s/12m0s  30.00 iters/s

running (03m14.9s), 003/225 VUs, 2341 complete and 0 interrupted iterations
openloop_oscillating   [  27% ] 003/225 VUs  03m14.8s/12m0s  30.00 iters/s

running (03m15.9s), 004/225 VUs, 2370 complete and 0 interrupted iterations
openloop_oscillating   [  27% ] 004/225 VUs  03m15.8s/12m0s  30.00 iters/s

running (03m16.9s), 006/225 VUs, 2398 complete and 0 interrupted iterations
openloop_oscillating   [  27% ] 006/225 VUs  03m16.8s/12m0s  30.00 iters/s

running (03m17.9s), 012/225 VUs, 2422 complete and 0 interrupted iterations
openloop_oscillating   [  27% ] 012/225 VUs  03m17.8s/12m0s  30.00 iters/s

running (03m18.9s), 015/225 VUs, 2449 complete and 0 interrupted iterations
openloop_oscillating   [  28% ] 015/225 VUs  03m18.8s/12m0s  30.00 iters/s

running (03m19.9s), 007/225 VUs, 2487 complete and 0 interrupted iterations
openloop_oscillating   [  28% ] 007/225 VUs  03m19.8s/12m0s  30.00 iters/s

running (03m20.9s), 006/225 VUs, 2518 complete and 0 interrupted iterations
openloop_oscillating   [  28% ] 006/225 VUs  03m20.8s/12m0s  30.00 iters/s

running (03m21.9s), 002/225 VUs, 2552 complete and 0 interrupted iterations
openloop_oscillating   [  28% ] 002/225 VUs  03m21.8s/12m0s  30.00 iters/s

running (03m22.9s), 005/225 VUs, 2579 complete and 0 interrupted iterations
openloop_oscillating   [  28% ] 005/225 VUs  03m22.8s/12m0s  30.00 iters/s

running (03m23.9s), 004/225 VUs, 2610 complete and 0 interrupted iterations
openloop_oscillating   [  28% ] 004/225 VUs  03m23.8s/12m0s  30.00 iters/s

running (03m24.9s), 008/225 VUs, 2636 complete and 0 interrupted iterations
openloop_oscillating   [  28% ] 008/225 VUs  03m24.8s/12m0s  30.00 iters/s

running (03m25.9s), 006/225 VUs, 2668 complete and 0 interrupted iterations
openloop_oscillating   [  29% ] 006/225 VUs  03m25.8s/12m0s  30.00 iters/s

running (03m26.9s), 005/225 VUs, 2699 complete and 0 interrupted iterations
openloop_oscillating   [  29% ] 005/225 VUs  03m26.8s/12m0s  30.00 iters/s

running (03m27.9s), 007/225 VUs, 2727 complete and 0 interrupted iterations
openloop_oscillating   [  29% ] 007/225 VUs  03m27.8s/12m0s  30.00 iters/s

running (03m28.9s), 001/225 VUs, 2763 complete and 0 interrupted iterations
openloop_oscillating   [  29% ] 001/225 VUs  03m28.8s/12m0s  30.00 iters/s

running (03m29.9s), 004/225 VUs, 2790 complete and 0 interrupted iterations
openloop_oscillating   [  29% ] 004/225 VUs  03m29.8s/12m0s  30.00 iters/s

running (03m30.9s), 007/225 VUs, 2816 complete and 0 interrupted iterations
openloop_oscillating   [  29% ] 007/225 VUs  03m30.8s/12m0s  27.72 iters/s

running (03m31.9s), 003/225 VUs, 2847 complete and 0 interrupted iterations
openloop_oscillating   [  29% ] 003/225 VUs  03m31.8s/12m0s  24.84 iters/s

running (03m32.9s), 004/225 VUs, 2869 complete and 0 interrupted iterations
openloop_oscillating   [  30% ] 004/225 VUs  03m32.8s/12m0s  22.10 iters/s

running (03m33.9s), 006/225 VUs, 2888 complete and 0 interrupted iterations
openloop_oscillating   [  30% ] 006/225 VUs  03m33.8s/12m0s  19.26 iters/s

running (03m34.9s), 005/225 VUs, 2907 complete and 0 interrupted iterations
openloop_oscillating   [  30% ] 005/225 VUs  03m34.8s/12m0s  16.43 iters/s

running (03m35.9s), 002/225 VUs, 2925 complete and 0 interrupted iterations
openloop_oscillating   [  30% ] 002/225 VUs  03m35.8s/12m0s  13.64 iters/s

running (03m36.9s), 001/225 VUs, 2938 complete and 0 interrupted iterations
openloop_oscillating   [  30% ] 001/225 VUs  03m36.8s/12m0s  10.90 iters/s

running (03m37.9s), 001/225 VUs, 2948 complete and 0 interrupted iterations
openloop_oscillating   [  30% ] 001/225 VUs  03m37.8s/12m0s  07.92 iters/s

running (03m38.9s), 001/225 VUs, 2954 complete and 0 interrupted iterations
openloop_oscillating   [  30% ] 001/225 VUs  03m38.8s/12m0s  05.40 iters/s

running (03m39.9s), 000/225 VUs, 2959 complete and 0 interrupted iterations
openloop_oscillating   [  31% ] 000/225 VUs  03m39.8s/12m0s  02.55 iters/s

running (03m40.9s), 000/225 VUs, 2961 complete and 0 interrupted iterations
openloop_oscillating   [  31% ] 000/225 VUs  03m40.8s/12m0s  02.00 iters/s

running (03m41.9s), 000/225 VUs, 2963 complete and 0 interrupted iterations
openloop_oscillating   [  31% ] 000/225 VUs  03m41.8s/12m0s  02.00 iters/s

running (03m42.9s), 000/225 VUs, 2965 complete and 0 interrupted iterations
openloop_oscillating   [  31% ] 000/225 VUs  03m42.8s/12m0s  02.00 iters/s

running (03m43.9s), 000/225 VUs, 2967 complete and 0 interrupted iterations
openloop_oscillating   [  31% ] 000/225 VUs  03m43.8s/12m0s  02.00 iters/s

running (03m44.9s), 000/225 VUs, 2969 complete and 0 interrupted iterations
openloop_oscillating   [  31% ] 000/225 VUs  03m44.8s/12m0s  02.00 iters/s

running (03m45.9s), 000/225 VUs, 2971 complete and 0 interrupted iterations
openloop_oscillating   [  31% ] 000/225 VUs  03m45.8s/12m0s  02.00 iters/s

running (03m46.9s), 000/225 VUs, 2973 complete and 0 interrupted iterations
openloop_oscillating   [  32% ] 000/225 VUs  03m46.8s/12m0s  02.00 iters/s

running (03m47.9s), 000/225 VUs, 2975 complete and 0 interrupted iterations
openloop_oscillating   [  32% ] 000/225 VUs  03m47.8s/12m0s  02.00 iters/s

running (03m48.9s), 001/225 VUs, 2976 complete and 0 interrupted iterations
openloop_oscillating   [  32% ] 001/225 VUs  03m48.8s/12m0s  02.00 iters/s

running (03m49.9s), 000/225 VUs, 2979 complete and 0 interrupted iterations
openloop_oscillating   [  32% ] 000/225 VUs  03m49.8s/12m0s  02.00 iters/s

running (03m50.9s), 000/225 VUs, 2981 complete and 0 interrupted iterations
openloop_oscillating   [  32% ] 000/225 VUs  03m50.8s/12m0s  02.00 iters/s

running (03m51.9s), 000/225 VUs, 2983 complete and 0 interrupted iterations
openloop_oscillating   [  32% ] 000/225 VUs  03m51.8s/12m0s  02.00 iters/s

running (03m52.9s), 000/225 VUs, 2985 complete and 0 interrupted iterations
openloop_oscillating   [  32% ] 000/225 VUs  03m52.8s/12m0s  02.00 iters/s

running (03m53.9s), 000/225 VUs, 2987 complete and 0 interrupted iterations
openloop_oscillating   [  32% ] 000/225 VUs  03m53.8s/12m0s  02.00 iters/s

running (03m54.9s), 000/225 VUs, 2989 complete and 0 interrupted iterations
openloop_oscillating   [  33% ] 000/225 VUs  03m54.8s/12m0s  02.00 iters/s

running (03m55.9s), 000/225 VUs, 2991 complete and 0 interrupted iterations
openloop_oscillating   [  33% ] 000/225 VUs  03m55.8s/12m0s  02.00 iters/s

running (03m56.9s), 000/225 VUs, 2993 complete and 0 interrupted iterations
openloop_oscillating   [  33% ] 000/225 VUs  03m56.8s/12m0s  02.00 iters/s

running (03m57.9s), 001/225 VUs, 2994 complete and 0 interrupted iterations
openloop_oscillating   [  33% ] 001/225 VUs  03m57.8s/12m0s  02.00 iters/s

running (03m58.9s), 000/225 VUs, 2997 complete and 0 interrupted iterations
openloop_oscillating   [  33% ] 000/225 VUs  03m58.8s/12m0s  02.00 iters/s

running (03m59.9s), 000/225 VUs, 2999 complete and 0 interrupted iterations
openloop_oscillating   [  33% ] 000/225 VUs  03m59.8s/12m0s  02.00 iters/s

running (04m00.9s), 000/225 VUs, 3001 complete and 0 interrupted iterations
openloop_oscillating   [  33% ] 000/225 VUs  04m00.8s/12m0s  02.00 iters/s

running (04m01.9s), 000/225 VUs, 3003 complete and 0 interrupted iterations
openloop_oscillating   [  34% ] 000/225 VUs  04m01.8s/12m0s  02.00 iters/s

running (04m02.9s), 000/225 VUs, 3005 complete and 0 interrupted iterations
openloop_oscillating   [  34% ] 000/225 VUs  04m02.8s/12m0s  02.00 iters/s

running (04m03.9s), 000/225 VUs, 3007 complete and 0 interrupted iterations
openloop_oscillating   [  34% ] 000/225 VUs  04m03.8s/12m0s  02.00 iters/s

running (04m04.9s), 000/225 VUs, 3009 complete and 0 interrupted iterations
openloop_oscillating   [  34% ] 000/225 VUs  04m04.8s/12m0s  02.00 iters/s

running (04m05.9s), 001/225 VUs, 3010 complete and 0 interrupted iterations
openloop_oscillating   [  34% ] 001/225 VUs  04m05.8s/12m0s  02.00 iters/s

running (04m06.9s), 000/225 VUs, 3013 complete and 0 interrupted iterations
openloop_oscillating   [  34% ] 000/225 VUs  04m06.8s/12m0s  02.00 iters/s

running (04m07.9s), 001/225 VUs, 3014 complete and 0 interrupted iterations
openloop_oscillating   [  34% ] 001/225 VUs  04m07.8s/12m0s  02.00 iters/s

running (04m08.9s), 000/225 VUs, 3017 complete and 0 interrupted iterations
openloop_oscillating   [  35% ] 000/225 VUs  04m08.8s/12m0s  02.00 iters/s

running (04m09.9s), 000/225 VUs, 3019 complete and 0 interrupted iterations
openloop_oscillating   [  35% ] 000/225 VUs  04m09.8s/12m0s  02.00 iters/s

running (04m10.9s), 000/225 VUs, 3021 complete and 0 interrupted iterations
openloop_oscillating   [  35% ] 000/225 VUs  04m10.8s/12m0s  02.00 iters/s

running (04m11.9s), 000/225 VUs, 3023 complete and 0 interrupted iterations
openloop_oscillating   [  35% ] 000/225 VUs  04m11.8s/12m0s  02.00 iters/s

running (04m12.9s), 000/225 VUs, 3025 complete and 0 interrupted iterations
openloop_oscillating   [  35% ] 000/225 VUs  04m12.8s/12m0s  02.00 iters/s

running (04m13.9s), 000/225 VUs, 3027 complete and 0 interrupted iterations
openloop_oscillating   [  35% ] 000/225 VUs  04m13.8s/12m0s  02.00 iters/s

running (04m14.9s), 000/225 VUs, 3029 complete and 0 interrupted iterations
openloop_oscillating   [  35% ] 000/225 VUs  04m14.8s/12m0s  02.00 iters/s

running (04m15.9s), 000/225 VUs, 3031 complete and 0 interrupted iterations
openloop_oscillating   [  36% ] 000/225 VUs  04m15.8s/12m0s  02.00 iters/s

running (04m16.9s), 000/225 VUs, 3033 complete and 0 interrupted iterations
openloop_oscillating   [  36% ] 000/225 VUs  04m16.8s/12m0s  02.00 iters/s

running (04m17.9s), 000/225 VUs, 3035 complete and 0 interrupted iterations
openloop_oscillating   [  36% ] 000/225 VUs  04m17.8s/12m0s  02.00 iters/s

running (04m18.9s), 000/225 VUs, 3037 complete and 0 interrupted iterations
openloop_oscillating   [  36% ] 000/225 VUs  04m18.8s/12m0s  02.00 iters/s

running (04m19.9s), 000/225 VUs, 3039 complete and 0 interrupted iterations
openloop_oscillating   [  36% ] 000/225 VUs  04m19.8s/12m0s  02.00 iters/s

running (04m20.9s), 000/225 VUs, 3041 complete and 0 interrupted iterations
openloop_oscillating   [  36% ] 000/225 VUs  04m20.8s/12m0s  02.00 iters/s

running (04m21.9s), 000/225 VUs, 3043 complete and 0 interrupted iterations
openloop_oscillating   [  36% ] 000/225 VUs  04m21.8s/12m0s  02.00 iters/s

running (04m22.9s), 000/225 VUs, 3045 complete and 0 interrupted iterations
openloop_oscillating   [  37% ] 000/225 VUs  04m22.8s/12m0s  02.00 iters/s

running (04m23.9s), 000/225 VUs, 3047 complete and 0 interrupted iterations
openloop_oscillating   [  37% ] 000/225 VUs  04m23.8s/12m0s  02.00 iters/s

running (04m24.9s), 000/225 VUs, 3049 complete and 0 interrupted iterations
openloop_oscillating   [  37% ] 000/225 VUs  04m24.8s/12m0s  02.00 iters/s

running (04m25.9s), 000/225 VUs, 3051 complete and 0 interrupted iterations
openloop_oscillating   [  37% ] 000/225 VUs  04m25.8s/12m0s  02.00 iters/s

running (04m26.9s), 000/225 VUs, 3053 complete and 0 interrupted iterations
openloop_oscillating   [  37% ] 000/225 VUs  04m26.8s/12m0s  02.00 iters/s

running (04m27.9s), 000/225 VUs, 3055 complete and 0 interrupted iterations
openloop_oscillating   [  37% ] 000/225 VUs  04m27.8s/12m0s  02.00 iters/s

running (04m28.9s), 000/225 VUs, 3057 complete and 0 interrupted iterations
openloop_oscillating   [  37% ] 000/225 VUs  04m28.8s/12m0s  02.00 iters/s

running (04m29.9s), 000/225 VUs, 3059 complete and 0 interrupted iterations
openloop_oscillating   [  37% ] 000/225 VUs  04m29.8s/12m0s  02.00 iters/s

running (04m30.9s), 000/225 VUs, 3061 complete and 0 interrupted iterations
openloop_oscillating   [  38% ] 000/225 VUs  04m30.8s/12m0s  02.00 iters/s

running (04m31.9s), 000/225 VUs, 3063 complete and 0 interrupted iterations
openloop_oscillating   [  38% ] 000/225 VUs  04m31.8s/12m0s  02.00 iters/s

running (04m32.9s), 000/225 VUs, 3065 complete and 0 interrupted iterations
openloop_oscillating   [  38% ] 000/225 VUs  04m32.8s/12m0s  02.00 iters/s

running (04m33.9s), 000/225 VUs, 3067 complete and 0 interrupted iterations
openloop_oscillating   [  38% ] 000/225 VUs  04m33.8s/12m0s  02.00 iters/s

running (04m34.9s), 000/225 VUs, 3069 complete and 0 interrupted iterations
openloop_oscillating   [  38% ] 000/225 VUs  04m34.8s/12m0s  02.00 iters/s

running (04m35.9s), 000/225 VUs, 3071 complete and 0 interrupted iterations
openloop_oscillating   [  38% ] 000/225 VUs  04m35.8s/12m0s  02.00 iters/s

running (04m36.9s), 000/225 VUs, 3073 complete and 0 interrupted iterations
openloop_oscillating   [  38% ] 000/225 VUs  04m36.8s/12m0s  02.00 iters/s

running (04m37.9s), 000/225 VUs, 3075 complete and 0 interrupted iterations
openloop_oscillating   [  39% ] 000/225 VUs  04m37.8s/12m0s  02.00 iters/s

running (04m38.9s), 000/225 VUs, 3077 complete and 0 interrupted iterations
openloop_oscillating   [  39% ] 000/225 VUs  04m38.8s/12m0s  02.00 iters/s

running (04m39.9s), 000/225 VUs, 3079 complete and 0 interrupted iterations
openloop_oscillating   [  39% ] 000/225 VUs  04m39.8s/12m0s  02.00 iters/s

running (04m40.9s), 000/225 VUs, 3081 complete and 0 interrupted iterations
openloop_oscillating   [  39% ] 000/225 VUs  04m40.8s/12m0s  02.00 iters/s

running (04m41.9s), 000/225 VUs, 3083 complete and 0 interrupted iterations
openloop_oscillating   [  39% ] 000/225 VUs  04m41.8s/12m0s  02.00 iters/s

running (04m42.9s), 001/225 VUs, 3084 complete and 0 interrupted iterations
openloop_oscillating   [  39% ] 001/225 VUs  04m42.8s/12m0s  02.00 iters/s

running (04m43.9s), 000/225 VUs, 3087 complete and 0 interrupted iterations
openloop_oscillating   [  39% ] 000/225 VUs  04m43.8s/12m0s  02.00 iters/s

running (04m44.9s), 000/225 VUs, 3089 complete and 0 interrupted iterations
openloop_oscillating   [  40% ] 000/225 VUs  04m44.8s/12m0s  02.00 iters/s

running (04m45.9s), 000/225 VUs, 3091 complete and 0 interrupted iterations
openloop_oscillating   [  40% ] 000/225 VUs  04m45.8s/12m0s  02.00 iters/s

running (04m46.9s), 000/225 VUs, 3093 complete and 0 interrupted iterations
openloop_oscillating   [  40% ] 000/225 VUs  04m46.8s/12m0s  02.00 iters/s

running (04m47.9s), 000/225 VUs, 3095 complete and 0 interrupted iterations
openloop_oscillating   [  40% ] 000/225 VUs  04m47.8s/12m0s  02.00 iters/s

running (04m48.9s), 000/225 VUs, 3097 complete and 0 interrupted iterations
openloop_oscillating   [  40% ] 000/225 VUs  04m48.8s/12m0s  02.00 iters/s

running (04m49.9s), 000/225 VUs, 3099 complete and 0 interrupted iterations
openloop_oscillating   [  40% ] 000/225 VUs  04m49.8s/12m0s  02.00 iters/s

running (04m50.9s), 000/225 VUs, 3101 complete and 0 interrupted iterations
openloop_oscillating   [  40% ] 000/225 VUs  04m50.8s/12m0s  02.00 iters/s

running (04m51.9s), 000/225 VUs, 3103 complete and 0 interrupted iterations
openloop_oscillating   [  41% ] 000/225 VUs  04m51.8s/12m0s  02.00 iters/s

running (04m52.9s), 000/225 VUs, 3105 complete and 0 interrupted iterations
openloop_oscillating   [  41% ] 000/225 VUs  04m52.8s/12m0s  02.00 iters/s

running (04m53.9s), 000/225 VUs, 3107 complete and 0 interrupted iterations
openloop_oscillating   [  41% ] 000/225 VUs  04m53.8s/12m0s  02.00 iters/s

running (04m54.9s), 001/225 VUs, 3108 complete and 0 interrupted iterations
openloop_oscillating   [  41% ] 001/225 VUs  04m54.8s/12m0s  02.00 iters/s

running (04m55.9s), 001/225 VUs, 3110 complete and 0 interrupted iterations
openloop_oscillating   [  41% ] 001/225 VUs  04m55.8s/12m0s  02.00 iters/s

running (04m56.9s), 001/225 VUs, 3112 complete and 0 interrupted iterations
openloop_oscillating   [  41% ] 001/225 VUs  04m56.8s/12m0s  02.00 iters/s

running (04m57.9s), 000/225 VUs, 3115 complete and 0 interrupted iterations
openloop_oscillating   [  41% ] 000/225 VUs  04m57.8s/12m0s  02.00 iters/s

running (04m58.9s), 000/225 VUs, 3117 complete and 0 interrupted iterations
openloop_oscillating   [  42% ] 000/225 VUs  04m58.8s/12m0s  02.00 iters/s

running (04m59.9s), 000/225 VUs, 3119 complete and 0 interrupted iterations
openloop_oscillating   [  42% ] 000/225 VUs  04m59.8s/12m0s  02.00 iters/s

running (05m00.9s), 000/225 VUs, 3122 complete and 0 interrupted iterations
openloop_oscillating   [  42% ] 000/225 VUs  05m00.8s/12m0s  04.23 iters/s

running (05m01.9s), 000/225 VUs, 3128 complete and 0 interrupted iterations
openloop_oscillating   [  42% ] 000/225 VUs  05m01.8s/12m0s  07.18 iters/s

running (05m02.9s), 000/225 VUs, 3136 complete and 0 interrupted iterations
openloop_oscillating   [  42% ] 000/225 VUs  05m02.8s/12m0s  09.82 iters/s

running (05m03.9s), 002/225 VUs, 3146 complete and 0 interrupted iterations
openloop_oscillating   [  42% ] 002/225 VUs  05m03.8s/12m0s  12.79 iters/s

running (05m04.9s), 001/225 VUs, 3161 complete and 0 interrupted iterations
openloop_oscillating   [  42% ] 001/225 VUs  05m04.8s/12m0s  15.56 iters/s

running (05m05.9s), 001/225 VUs, 3178 complete and 0 interrupted iterations
openloop_oscillating   [  42% ] 001/225 VUs  05m05.8s/12m0s  18.36 iters/s

running (05m06.9s), 003/225 VUs, 3195 complete and 0 interrupted iterations
openloop_oscillating   [  43% ] 003/225 VUs  05m06.8s/12m0s  21.06 iters/s

running (05m07.9s), 004/225 VUs, 3217 complete and 0 interrupted iterations
openloop_oscillating   [  43% ] 004/225 VUs  05m07.8s/12m0s  23.92 iters/s

running (05m08.9s), 002/225 VUs, 3244 complete and 0 interrupted iterations
openloop_oscillating   [  43% ] 002/225 VUs  05m08.8s/12m0s  26.69 iters/s

running (05m09.9s), 008/225 VUs, 3266 complete and 0 interrupted iterations
openloop_oscillating   [  43% ] 008/225 VUs  05m09.8s/12m0s  29.48 iters/s

running (05m10.9s), 008/225 VUs, 3296 complete and 0 interrupted iterations
openloop_oscillating   [  43% ] 008/225 VUs  05m10.8s/12m0s  30.00 iters/s

running (05m11.9s), 014/225 VUs, 3320 complete and 0 interrupted iterations
openloop_oscillating   [  43% ] 014/225 VUs  05m11.8s/12m0s  30.00 iters/s

running (05m12.9s), 022/225 VUs, 3342 complete and 0 interrupted iterations
openloop_oscillating   [  43% ] 022/225 VUs  05m12.8s/12m0s  30.00 iters/s

running (05m13.9s), 032/225 VUs, 3362 complete and 0 interrupted iterations
openloop_oscillating   [  44% ] 032/225 VUs  05m13.8s/12m0s  30.00 iters/s
time="2026-10-08T23:34:03Z" level=warning msg="Request Failed" error="Post \"http://auth-service.ecommerce.svc.cluster.local:8001/auth/login\": request timeout"
time="2026-10-08T23:34:03Z" level=warning msg="Request Failed" error="request timeout"
time="2026-10-08T23:34:04Z" level=warning msg="Request Failed" error="Post \"http://auth-service.ecommerce.svc.cluster.local:8001/auth/login\": request timeout"

running (05m14.9s), 022/225 VUs, 3402 complete and 0 interrupted iterations
openloop_oscillating   [  44% ] 022/225 VUs  05m14.8s/12m0s  30.00 iters/s
time="2026-10-08T23:34:04Z" level=warning msg="Request Failed" error="Post \"http://auth-service.ecommerce.svc.cluster.local:8001/auth/login\": request timeout"
time="2026-10-08T23:34:04Z" level=warning msg="Request Failed" error="Post \"http://auth-service.ecommerce.svc.cluster.local:8001/auth/login\": request timeout"

running (05m15.9s), 011/225 VUs, 3443 complete and 0 interrupted iterations
openloop_oscillating   [  44% ] 011/225 VUs  05m15.8s/12m0s  30.00 iters/s

running (05m16.9s), 018/225 VUs, 3466 complete and 0 interrupted iterations
openloop_oscillating   [  44% ] 018/225 VUs  05m16.8s/12m0s  30.00 iters/s
time="2026-10-08T23:34:06Z" level=warning msg="Request Failed" error="Post \"http://auth-service.ecommerce.svc.cluster.local:8001/auth/login\": request timeout"

running (05m17.9s), 024/225 VUs, 3490 complete and 0 interrupted iterations
openloop_oscillating   [  44% ] 024/225 VUs  05m17.8s/12m0s  30.00 iters/s

running (05m18.9s), 046/225 VUs, 3498 complete and 0 interrupted iterations
openloop_oscillating   [  44% ] 046/225 VUs  05m18.8s/12m0s  30.00 iters/s

running (05m19.9s), 026/225 VUs, 3548 complete and 0 interrupted iterations
openloop_oscillating   [  44% ] 026/225 VUs  05m19.8s/12m0s  30.00 iters/s

running (05m20.9s), 016/225 VUs, 3588 complete and 0 interrupted iterations
openloop_oscillating   [  45% ] 016/225 VUs  05m20.8s/12m0s  30.00 iters/s

running (05m21.9s), 029/225 VUs, 3605 complete and 0 interrupted iterations
openloop_oscillating   [  45% ] 029/225 VUs  05m21.8s/12m0s  30.00 iters/s

running (05m22.9s), 028/225 VUs, 3636 complete and 0 interrupted iterations
openloop_oscillating   [  45% ] 028/225 VUs  05m22.8s/12m0s  30.00 iters/s
time="2026-10-08T23:34:12Z" level=warning msg="Request Failed" error="Post \"http://auth-service.ecommerce.svc.cluster.local:8001/auth/login\": request timeout"
time="2026-10-08T23:34:12Z" level=warning msg="Request Failed" error="Post \"http://auth-service.ecommerce.svc.cluster.local:8001/auth/login\": request timeout"

running (05m23.9s), 020/225 VUs, 3674 complete and 0 interrupted iterations
openloop_oscillating   [  45% ] 020/225 VUs  05m23.8s/12m0s  30.00 iters/s

running (05m24.9s), 032/225 VUs, 3692 complete and 0 interrupted iterations
openloop_oscillating   [  45% ] 032/225 VUs  05m24.8s/12m0s  30.00 iters/s
time="2026-10-08T23:34:14Z" level=warning msg="Request Failed" error="Post \"http://auth-service.ecommerce.svc.cluster.local:8001/auth/login\": request timeout"
time="2026-10-08T23:34:14Z" level=warning msg="Request Failed" error="Post \"http://auth-service.ecommerce.svc.cluster.local:8001/auth/login\": request timeout"
time="2026-10-08T23:34:14Z" level=warning msg="Request Failed" error="Post \"http://auth-service.ecommerce.svc.cluster.local:8001/auth/login\": request timeout"

running (05m25.9s), 024/225 VUs, 3730 complete and 0 interrupted iterations
openloop_oscillating   [  45% ] 024/225 VUs  05m25.8s/12m0s  30.00 iters/s
time="2026-10-08T23:34:15Z" level=warning msg="Request Failed" error="Post \"http://auth-service.ecommerce.svc.cluster.local:8001/auth/login\": request timeout"
time="2026-10-08T23:34:15Z" level=warning msg="Request Failed" error="Post \"http://auth-service.ecommerce.svc.cluster.local:8001/auth/login\": request timeout"
time="2026-10-08T23:34:15Z" level=warning msg="Request Failed" error="Post \"http://auth-service.ecommerce.svc.cluster.local:8001/auth/login\": request timeout"
time="2026-10-08T23:34:15Z" level=warning msg="Request Failed" error="Post \"http://auth-service.ecommerce.svc.cluster.local:8001/auth/login\": request timeout"

running (05m26.9s), 034/225 VUs, 3750 complete and 0 interrupted iterations
openloop_oscillating   [  45% ] 034/225 VUs  05m26.8s/12m0s  30.00 iters/s

running (05m27.9s), 038/225 VUs, 3776 complete and 0 interrupted iterations
openloop_oscillating   [  46% ] 038/225 VUs  05m27.8s/12m0s  30.00 iters/s
time="2026-10-08T23:34:17Z" level=warning msg="Request Failed" error="Post \"http://auth-service.ecommerce.svc.cluster.local:8001/auth/login\": request timeout"

running (05m28.9s), 024/225 VUs, 3820 complete and 0 interrupted iterations
openloop_oscillating   [  46% ] 024/225 VUs  05m28.8s/12m0s  30.00 iters/s
time="2026-10-08T23:34:18Z" level=warning msg="Request Failed" error="Post \"http://auth-service.ecommerce.svc.cluster.local:8001/auth/login\": request timeout"
time="2026-10-08T23:34:18Z" level=warning msg="Request Failed" error="Post \"http://auth-service.ecommerce.svc.cluster.local:8001/auth/login\": request timeout"

running (05m29.9s), 010/225 VUs, 3864 complete and 0 interrupted iterations
openloop_oscillating   [  46% ] 010/225 VUs  05m29.8s/12m0s  30.00 iters/s
time="2026-10-08T23:34:19Z" level=warning msg="Request Failed" error="Post \"http://auth-service.ecommerce.svc.cluster.local:8001/auth/login\": request timeout"

running (05m30.9s), 019/225 VUs, 3885 complete and 0 interrupted iterations
openloop_oscillating   [  46% ] 019/225 VUs  05m30.8s/12m0s  30.00 iters/s

running (05m31.9s), 029/225 VUs, 3905 complete and 0 interrupted iterations
openloop_oscillating   [  46% ] 029/225 VUs  05m31.8s/12m0s  30.00 iters/s

running (05m32.9s), 023/225 VUs, 3941 complete and 0 interrupted iterations
openloop_oscillating   [  46% ] 023/225 VUs  05m32.8s/12m0s  30.00 iters/s

running (05m33.9s), 029/225 VUs, 3965 complete and 0 interrupted iterations
openloop_oscillating   [  46% ] 029/225 VUs  05m33.8s/12m0s  30.00 iters/s
time="2026-10-08T23:34:23Z" level=warning msg="Request Failed" error="Post \"http://auth-service.ecommerce.svc.cluster.local:8001/auth/login\": request timeout"

running (05m34.9s), 044/225 VUs, 3980 complete and 0 interrupted iterations
openloop_oscillating   [  47% ] 044/225 VUs  05m34.8s/12m0s  30.00 iters/s
time="2026-10-08T23:34:24Z" level=warning msg="Request Failed" error="Post \"http://auth-service.ecommerce.svc.cluster.local:8001/auth/login\": request timeout"
time="2026-10-08T23:34:24Z" level=warning msg="Request Failed" error="Post \"http://auth-service.ecommerce.svc.cluster.local:8001/auth/login\": request timeout"
time="2026-10-08T23:34:24Z" level=warning msg="Request Failed" error="Post \"http://auth-service.ecommerce.svc.cluster.local:8001/auth/login\": request timeout"
time="2026-10-08T23:34:24Z" level=warning msg="Request Failed" error="Post \"http://auth-service.ecommerce.svc.cluster.local:8001/auth/login\": request timeout"

running (05m35.9s), 022/225 VUs, 4032 complete and 0 interrupted iterations
openloop_oscillating   [  47% ] 022/225 VUs  05m35.8s/12m0s  30.00 iters/s
time="2026-10-08T23:34:25Z" level=warning msg="Request Failed" error="Get \"http://auth-service.ecommerce.svc.cluster.local:8001/auth/me\": read tcp 10.244.1.22:43940->10.0.20.22:8001: read: connection reset by peer"
time="2026-10-08T23:34:25Z" level=warning msg="Request Failed" error="Get \"http://auth-service.ecommerce.svc.cluster.local:8001/auth/me\": read tcp 10.244.1.22:43930->10.0.20.22:8001: read: connection reset by peer"
time="2026-10-08T23:34:25Z" level=warning msg="Request Failed" error="Post \"http://auth-service.ecommerce.svc.cluster.local:8001/auth/login\": request timeout"

running (05m36.9s), 023/225 VUs, 4061 complete and 0 interrupted iterations
openloop_oscillating   [  47% ] 023/225 VUs  05m36.8s/12m0s  30.00 iters/s
time="2026-10-08T23:34:26Z" level=warning msg="Request Failed" error="Post \"http://auth-service.ecommerce.svc.cluster.local:8001/auth/login\": request timeout"
time="2026-10-08T23:34:26Z" level=warning msg="Request Failed" error="Post \"http://auth-service.ecommerce.svc.cluster.local:8001/auth/login\": request timeout"

running (05m37.9s), 022/225 VUs, 4092 complete and 0 interrupted iterations
openloop_oscillating   [  47% ] 022/225 VUs  05m37.8s/12m0s  30.00 iters/s
time="2026-10-08T23:34:27Z" level=warning msg="Request Failed" error="Post \"http://auth-service.ecommerce.svc.cluster.local:8001/auth/login\": request timeout"
time="2026-10-08T23:34:27Z" level=warning msg="Request Failed" error="Post \"http://auth-service.ecommerce.svc.cluster.local:8001/auth/login\": request timeout"

running (05m38.9s), 020/225 VUs, 4124 complete and 0 interrupted iterations
openloop_oscillating   [  47% ] 020/225 VUs  05m38.8s/12m0s  30.00 iters/s

running (05m39.9s), 022/225 VUs, 4152 complete and 0 interrupted iterations
openloop_oscillating   [  47% ] 022/225 VUs  05m39.8s/12m0s  30.00 iters/s
time="2026-10-08T23:34:29Z" level=warning msg="Request Failed" error="Post \"http://auth-service.ecommerce.svc.cluster.local:8001/auth/login\": request timeout"
time="2026-10-08T23:34:29Z" level=warning msg="Request Failed" error="Post \"http://auth-service.ecommerce.svc.cluster.local:8001/auth/login\": request timeout"

running (05m40.9s), 020/225 VUs, 4184 complete and 0 interrupted iterations
openloop_oscillating   [  47% ] 020/225 VUs  05m40.8s/12m0s  30.00 iters/s
time="2026-10-08T23:34:30Z" level=warning msg="Request Failed" error="Post \"http://auth-service.ecommerce.svc.cluster.local:8001/auth/login\": request timeout"
time="2026-10-08T23:34:30Z" level=warning msg="Request Failed" error="Post \"http://auth-service.ecommerce.svc.cluster.local:8001/auth/login\": request timeout"
time="2026-10-08T23:34:30Z" level=warning msg="Request Failed" error="Post \"http://auth-service.ecommerce.svc.cluster.local:8001/auth/login\": request timeout"
time="2026-10-08T23:34:30Z" level=warning msg="Request Failed" error="Post \"http://auth-service.ecommerce.svc.cluster.local:8001/auth/login\": request timeout"
time="2026-10-08T23:34:30Z" level=warning msg="Request Failed" error="Post \"http://auth-service.ecommerce.svc.cluster.local:8001/auth/login\": request timeout"
time="2026-10-08T23:34:30Z" level=warning msg="Request Failed" error="Post \"http://auth-service.ecommerce.svc.cluster.local:8001/auth/login\": request timeout"

running (05m41.9s), 014/225 VUs, 4220 complete and 0 interrupted iterations
openloop_oscillating   [  47% ] 014/225 VUs  05m41.8s/12m0s  30.00 iters/s
time="2026-10-08T23:34:31Z" level=warning msg="Request Failed" error="Post \"http://auth-service.ecommerce.svc.cluster.local:8001/auth/login\": request timeout"
time="2026-10-08T23:34:31Z" level=warning msg="Request Failed" error="Post \"http://auth-service.ecommerce.svc.cluster.local:8001/auth/login\": request timeout"
time="2026-10-08T23:34:31Z" level=warning msg="Request Failed" error="Post \"http://auth-service.ecommerce.svc.cluster.local:8001/auth/login\": request timeout"
time="2026-10-08T23:34:31Z" level=warning msg="Request Failed" error="Post \"http://auth-service.ecommerce.svc.cluster.local:8001/auth/login\": request timeout"
time="2026-10-08T23:34:31Z" level=warning msg="Request Failed" error="Post \"http://auth-service.ecommerce.svc.cluster.local:8001/auth/login\": request timeout"

running (05m42.9s), 012/225 VUs, 4252 complete and 0 interrupted iterations
openloop_oscillating   [  48% ] 012/225 VUs  05m42.8s/12m0s  30.00 iters/s
time="2026-10-08T23:34:32Z" level=warning msg="Request Failed" error="Post \"http://auth-service.ecommerce.svc.cluster.local:8001/auth/login\": request timeout"
time="2026-10-08T23:34:33Z" level=warning msg="Request Failed" error="Post \"http://auth-service.ecommerce.svc.cluster.local:8001/auth/login\": request timeout"

running (05m43.9s), 021/225 VUs, 4273 complete and 0 interrupted iterations
openloop_oscillating   [  48% ] 021/225 VUs  05m43.8s/12m0s  30.00 iters/s

running (05m44.9s), 035/225 VUs, 4289 complete and 0 interrupted iterations
openloop_oscillating   [  48% ] 035/225 VUs  05m44.8s/12m0s  30.00 iters/s
time="2026-10-08T23:34:34Z" level=warning msg="Request Failed" error="Post \"http://auth-service.ecommerce.svc.cluster.local:8001/auth/login\": request timeout"
time="2026-10-08T23:34:35Z" level=warning msg="Request Failed" error="Post \"http://auth-service.ecommerce.svc.cluster.local:8001/auth/login\": request timeout"

running (05m45.9s), 044/225 VUs, 4310 complete and 0 interrupted iterations
openloop_oscillating   [  48% ] 044/225 VUs  05m45.8s/12m0s  30.00 iters/s
time="2026-10-08T23:34:36Z" level=warning msg="Request Failed" error="Post \"http://auth-service.ecommerce.svc.cluster.local:8001/auth/login\": request timeout"

running (05m46.9s), 043/225 VUs, 4341 complete and 0 interrupted iterations
openloop_oscillating   [  48% ] 043/225 VUs  05m46.8s/12m0s  30.00 iters/s

running (05m47.9s), 033/225 VUs, 4381 complete and 0 interrupted iterations
openloop_oscillating   [  48% ] 033/225 VUs  05m47.8s/12m0s  30.00 iters/s
time="2026-10-08T23:34:37Z" level=warning msg="Request Failed" error="Post \"http://auth-service.ecommerce.svc.cluster.local:8001/auth/login\": request timeout"

running (05m48.9s), 020/225 VUs, 4424 complete and 0 interrupted iterations
openloop_oscillating   [  48% ] 020/225 VUs  05m48.8s/12m0s  30.00 iters/s
time="2026-10-08T23:34:38Z" level=warning msg="Request Failed" error="Post \"http://auth-service.ecommerce.svc.cluster.local:8001/auth/login\": request timeout"
time="2026-10-08T23:34:38Z" level=warning msg="Request Failed" error="Post \"http://auth-service.ecommerce.svc.cluster.local:8001/auth/login\": request timeout"
time="2026-10-08T23:34:39Z" level=warning msg="Request Failed" error="Post \"http://auth-service.ecommerce.svc.cluster.local:8001/auth/login\": request timeout"

running (05m49.9s), 019/225 VUs, 4455 complete and 0 interrupted iterations
openloop_oscillating   [  49% ] 019/225 VUs  05m49.8s/12m0s  30.00 iters/s
time="2026-10-08T23:34:39Z" level=warning msg="Request Failed" error="Post \"http://auth-service.ecommerce.svc.cluster.local:8001/auth/login\": request timeout"
time="2026-10-08T23:34:39Z" level=warning msg="Request Failed" error="Post \"http://auth-service.ecommerce.svc.cluster.local:8001/auth/login\": request timeout"
time="2026-10-08T23:34:39Z" level=warning msg="Request Failed" error="Post \"http://auth-service.ecommerce.svc.cluster.local:8001/auth/login\": request timeout"

running (05m50.9s), 016/225 VUs, 4488 complete and 0 interrupted iterations
openloop_oscillating   [  49% ] 016/225 VUs  05m50.8s/12m0s  30.00 iters/s
time="2026-10-08T23:34:40Z" level=warning msg="Request Failed" error="Post \"http://auth-service.ecommerce.svc.cluster.local:8001/auth/login\": request timeout"
time="2026-10-08T23:34:40Z" level=warning msg="Request Failed" error="Post \"http://auth-service.ecommerce.svc.cluster.local:8001/auth/login\": request timeout"
time="2026-10-08T23:34:40Z" level=warning msg="Request Failed" error="Post \"http://auth-service.ecommerce.svc.cluster.local:8001/auth/login\": request timeout"
time="2026-10-08T23:34:41Z" level=warning msg="Request Failed" error="Post \"http://auth-service.ecommerce.svc.cluster.local:8001/auth/login\": request timeout"

running (05m51.9s), 014/225 VUs, 4520 complete and 0 interrupted iterations
openloop_oscillating   [  49% ] 014/225 VUs  05m51.8s/12m0s  30.00 iters/s
time="2026-10-08T23:34:41Z" level=warning msg="Request Failed" error="Post \"http://auth-service.ecommerce.svc.cluster.local:8001/auth/login\": request timeout"

running (05m52.9s), 018/225 VUs, 4546 complete and 0 interrupted iterations
openloop_oscillating   [  49% ] 018/225 VUs  05m52.8s/12m0s  30.00 iters/s
time="2026-10-08T23:34:42Z" level=warning msg="Request Failed" error="Post \"http://auth-service.ecommerce.svc.cluster.local:8001/auth/login\": request timeout"

running (05m53.9s), 038/225 VUs, 4556 complete and 0 interrupted iterations
openloop_oscillating   [  49% ] 038/225 VUs  05m53.8s/12m0s  30.00 iters/s
time="2026-10-08T23:34:43Z" level=warning msg="Request Failed" error="Post \"http://auth-service.ecommerce.svc.cluster.local:8001/auth/login\": request timeout"

running (05m54.9s), 048/225 VUs, 4576 complete and 0 interrupted iterations
openloop_oscillating   [  49% ] 048/225 VUs  05m54.8s/12m0s  30.00 iters/s

running (05m55.9s), 026/225 VUs, 4628 complete and 0 interrupted iterations
openloop_oscillating   [  49% ] 026/225 VUs  05m55.8s/12m0s  30.00 iters/s

running (05m56.9s), 024/225 VUs, 4660 complete and 0 interrupted iterations
openloop_oscillating   [  50% ] 024/225 VUs  05m56.8s/12m0s  30.00 iters/s
time="2026-10-08T23:34:46Z" level=warning msg="Request Failed" error="Post \"http://auth-service.ecommerce.svc.cluster.local:8001/auth/login\": request timeout"

running (05m57.9s), 017/225 VUs, 4697 complete and 0 interrupted iterations
openloop_oscillating   [  50% ] 017/225 VUs  05m57.8s/12m0s  30.00 iters/s
time="2026-10-08T23:34:47Z" level=warning msg="Request Failed" error="Post \"http://auth-service.ecommerce.svc.cluster.local:8001/auth/login\": request timeout"
time="2026-10-08T23:34:47Z" level=warning msg="Request Failed" error="Post \"http://auth-service.ecommerce.svc.cluster.local:8001/auth/login\": request timeout"
time="2026-10-08T23:34:47Z" level=warning msg="Request Failed" error="Post \"http://auth-service.ecommerce.svc.cluster.local:8001/auth/login\": request timeout"

running (05m58.9s), 018/225 VUs, 4726 complete and 0 interrupted iterations
openloop_oscillating   [  50% ] 018/225 VUs  05m58.8s/12m0s  30.00 iters/s
time="2026-10-08T23:34:49Z" level=warning msg="Request Failed" error="Post \"http://auth-service.ecommerce.svc.cluster.local:8001/auth/login\": request timeout"

running (05m59.9s), 025/225 VUs, 4749 complete and 0 interrupted iterations
openloop_oscillating   [  50% ] 025/225 VUs  05m59.8s/12m0s  30.00 iters/s

running (06m00.9s), 018/225 VUs, 4786 complete and 0 interrupted iterations
openloop_oscillating   [  50% ] 018/225 VUs  06m00.8s/12m0s  30.00 iters/s
time="2026-10-08T23:34:50Z" level=warning msg="Request Failed" error="Post \"http://auth-service.ecommerce.svc.cluster.local:8001/auth/login\": request timeout"
time="2026-10-08T23:34:50Z" level=warning msg="Request Failed" error="Post \"http://auth-service.ecommerce.svc.cluster.local:8001/auth/login\": request timeout"
time="2026-10-08T23:34:50Z" level=warning msg="Request Failed" error="Post \"http://auth-service.ecommerce.svc.cluster.local:8001/auth/login\": request timeout"

running (06m01.9s), 026/225 VUs, 4808 complete and 0 interrupted iterations
openloop_oscillating   [  50% ] 026/225 VUs  06m01.8s/12m0s  30.00 iters/s
time="2026-10-08T23:34:51Z" level=warning msg="Request Failed" error="Post \"http://auth-service.ecommerce.svc.cluster.local:8001/auth/login\": request timeout"
time="2026-10-08T23:34:51Z" level=warning msg="Request Failed" error="Post \"http://auth-service.ecommerce.svc.cluster.local:8001/auth/login\": request timeout"

running (06m02.9s), 017/225 VUs, 4847 complete and 0 interrupted iterations
openloop_oscillating   [  50% ] 017/225 VUs  06m02.8s/12m0s  30.00 iters/s
time="2026-10-08T23:34:52Z" level=warning msg="Request Failed" error="Post \"http://auth-service.ecommerce.svc.cluster.local:8001/auth/login\": request timeout"
time="2026-10-08T23:34:52Z" level=warning msg="Request Failed" error="Post \"http://auth-service.ecommerce.svc.cluster.local:8001/auth/login\": request timeout"
time="2026-10-08T23:34:52Z" level=warning msg="Request Failed" error="Post \"http://auth-service.ecommerce.svc.cluster.local:8001/auth/login\": request timeout"
time="2026-10-08T23:34:52Z" level=warning msg="Request Failed" error="Post \"http://auth-service.ecommerce.svc.cluster.local:8001/auth/login\": request timeout"
time="2026-10-08T23:34:52Z" level=warning msg="Request Failed" error="Post \"http://auth-service.ecommerce.svc.cluster.local:8001/auth/login\": request timeout"

running (06m03.9s), 017/225 VUs, 4877 complete and 0 interrupted iterations
openloop_oscillating   [  51% ] 017/225 VUs  06m03.8s/12m0s  30.00 iters/s

running (06m04.9s), 017/225 VUs, 4907 complete and 0 interrupted iterations
openloop_oscillating   [  51% ] 017/225 VUs  06m04.8s/12m0s  30.00 iters/s
time="2026-10-08T23:34:54Z" level=warning msg="Request Failed" error="Post \"http://auth-service.ecommerce.svc.cluster.local:8001/auth/login\": request timeout"

running (06m05.9s), 013/225 VUs, 4941 complete and 0 interrupted iterations
openloop_oscillating   [  51% ] 013/225 VUs  06m05.8s/12m0s  30.00 iters/s

running (06m06.9s), 033/225 VUs, 4951 complete and 0 interrupted iterations
openloop_oscillating   [  51% ] 033/225 VUs  06m06.8s/12m0s  30.00 iters/s
time="2026-10-08T23:34:56Z" level=warning msg="Request Failed" error="Post \"http://auth-service.ecommerce.svc.cluster.local:8001/auth/login\": request timeout"

running (06m07.9s), 034/225 VUs, 4980 complete and 0 interrupted iterations
openloop_oscillating   [  51% ] 034/225 VUs  06m07.8s/12m0s  30.00 iters/s
time="2026-10-08T23:34:57Z" level=warning msg="Request Failed" error="Post \"http://auth-service.ecommerce.svc.cluster.local:8001/auth/login\": request timeout"
time="2026-10-08T23:34:57Z" level=warning msg="Request Failed" error="Post \"http://auth-service.ecommerce.svc.cluster.local:8001/auth/login\": request timeout"

running (06m08.9s), 045/225 VUs, 4999 complete and 0 interrupted iterations
openloop_oscillating   [  51% ] 045/225 VUs  06m08.8s/12m0s  30.00 iters/s

running (06m09.9s), 021/225 VUs, 5053 complete and 0 interrupted iterations
openloop_oscillating   [  51% ] 021/225 VUs  06m09.8s/12m0s  30.00 iters/s

running (06m10.9s), 040/225 VUs, 5064 complete and 0 interrupted iterations
openloop_oscillating   [  52% ] 040/225 VUs  06m10.8s/12m0s  30.00 iters/s

running (06m11.9s), 040/225 VUs, 5094 complete and 0 interrupted iterations
openloop_oscillating   [  52% ] 040/225 VUs  06m11.8s/12m0s  30.00 iters/s

running (06m12.9s), 019/225 VUs, 5145 complete and 0 interrupted iterations
openloop_oscillating   [  52% ] 019/225 VUs  06m12.8s/12m0s  30.00 iters/s

running (06m13.9s), 019/225 VUs, 5175 complete and 0 interrupted iterations
openloop_oscillating   [  52% ] 019/225 VUs  06m13.8s/12m0s  30.00 iters/s
time="2026-10-08T23:35:03Z" level=warning msg="Request Failed" error="Post \"http://auth-service.ecommerce.svc.cluster.local:8001/auth/login\": request timeout"

running (06m14.9s), 022/225 VUs, 5202 complete and 0 interrupted iterations
openloop_oscillating   [  52% ] 022/225 VUs  06m14.8s/12m0s  30.00 iters/s

running (06m15.9s), 026/225 VUs, 5228 complete and 0 interrupted iterations
openloop_oscillating   [  52% ] 026/225 VUs  06m15.8s/12m0s  30.00 iters/s
time="2026-10-08T23:35:05Z" level=warning msg="Request Failed" error="Post \"http://auth-service.ecommerce.svc.cluster.local:8001/auth/login\": request timeout"

running (06m16.9s), 028/225 VUs, 5256 complete and 0 interrupted iterations
openloop_oscillating   [  52% ] 028/225 VUs  06m16.8s/12m0s  30.00 iters/s

running (06m17.9s), 028/225 VUs, 5286 complete and 0 interrupted iterations
openloop_oscillating   [  52% ] 028/225 VUs  06m17.8s/12m0s  30.00 iters/s

running (06m18.9s), 019/225 VUs, 5325 complete and 0 interrupted iterations
openloop_oscillating   [  53% ] 019/225 VUs  06m18.8s/12m0s  30.00 iters/s

running (06m19.9s), 021/225 VUs, 5353 complete and 0 interrupted iterations
openloop_oscillating   [  53% ] 021/225 VUs  06m19.8s/12m0s  30.00 iters/s
time="2026-10-08T23:35:09Z" level=warning msg="Request Failed" error="Post \"http://auth-service.ecommerce.svc.cluster.local:8001/auth/login\": request timeout"

running (06m20.9s), 022/225 VUs, 5382 complete and 0 interrupted iterations
openloop_oscillating   [  53% ] 022/225 VUs  06m20.8s/12m0s  30.00 iters/s
time="2026-10-08T23:35:10Z" level=warning msg="Request Failed" error="Post \"http://auth-service.ecommerce.svc.cluster.local:8001/auth/login\": request timeout"
time="2026-10-08T23:35:10Z" level=warning msg="Request Failed" error="Post \"http://auth-service.ecommerce.svc.cluster.local:8001/auth/login\": request timeout"

running (06m21.9s), 034/225 VUs, 5400 complete and 0 interrupted iterations
openloop_oscillating   [  53% ] 034/225 VUs  06m21.8s/12m0s  30.00 iters/s
time="2026-10-08T23:35:11Z" level=warning msg="Request Failed" error="Post \"http://auth-service.ecommerce.svc.cluster.local:8001/auth/login\": request timeout"

running (06m22.9s), 019/225 VUs, 5445 complete and 0 interrupted iterations
openloop_oscillating   [  53% ] 019/225 VUs  06m22.8s/12m0s  30.00 iters/s

running (06m23.9s), 022/225 VUs, 5472 complete and 0 interrupted iterations
openloop_oscillating   [  53% ] 022/225 VUs  06m23.8s/12m0s  30.00 iters/s
time="2026-10-08T23:35:13Z" level=warning msg="Request Failed" error="Post \"http://auth-service.ecommerce.svc.cluster.local:8001/auth/login\": request timeout"
time="2026-10-08T23:35:13Z" level=warning msg="Request Failed" error="Post \"http://auth-service.ecommerce.svc.cluster.local:8001/auth/login\": request timeout"
time="2026-10-08T23:35:13Z" level=warning msg="Request Failed" error="Post \"http://auth-service.ecommerce.svc.cluster.local:8001/auth/login\": request timeout"
time="2026-10-08T23:35:13Z" level=warning msg="Request Failed" error="Post \"http://auth-service.ecommerce.svc.cluster.local:8001/auth/login\": request timeout"
time="2026-10-08T23:35:13Z" level=warning msg="Request Failed" error="Post \"http://auth-service.ecommerce.svc.cluster.local:8001/auth/login\": request timeout"
time="2026-10-08T23:35:13Z" level=warning msg="Request Failed" error="Post \"http://auth-service.ecommerce.svc.cluster.local:8001/auth/login\": request timeout"
time="2026-10-08T23:35:13Z" level=warning msg="Request Failed" error="Post \"http://auth-service.ecommerce.svc.cluster.local:8001/auth/login\": request timeout"

running (06m24.9s), 015/225 VUs, 5509 complete and 0 interrupted iterations
openloop_oscillating   [  53% ] 015/225 VUs  06m24.8s/12m0s  30.00 iters/s
time="2026-10-08T23:35:14Z" level=warning msg="Request Failed" error="Post \"http://auth-service.ecommerce.svc.cluster.local:8001/auth/login\": request timeout"
time="2026-10-08T23:35:14Z" level=warning msg="Request Failed" error="Post \"http://auth-service.ecommerce.svc.cluster.local:8001/auth/login\": request timeout"

running (06m25.9s), 016/225 VUs, 5538 complete and 0 interrupted iterations
openloop_oscillating   [  54% ] 016/225 VUs  06m25.8s/12m0s  30.00 iters/s
time="2026-10-08T23:35:15Z" level=warning msg="Request Failed" error="Post \"http://auth-service.ecommerce.svc.cluster.local:8001/auth/login\": request timeout"

running (06m26.9s), 017/225 VUs, 5567 complete and 0 interrupted iterations
openloop_oscillating   [  54% ] 017/225 VUs  06m26.8s/12m0s  30.00 iters/s
time="2026-10-08T23:35:16Z" level=warning msg="Request Failed" error="Post \"http://auth-service.ecommerce.svc.cluster.local:8001/auth/login\": request timeout"

running (06m27.9s), 023/225 VUs, 5591 complete and 0 interrupted iterations
openloop_oscillating   [  54% ] 023/225 VUs  06m27.8s/12m0s  30.00 iters/s
time="2026-10-08T23:35:17Z" level=warning msg="Request Failed" error="Post \"http://auth-service.ecommerce.svc.cluster.local:8001/auth/login\": request timeout"
time="2026-10-08T23:35:17Z" level=warning msg="Request Failed" error="Post \"http://auth-service.ecommerce.svc.cluster.local:8001/auth/login\": request timeout"

running (06m28.9s), 029/225 VUs, 5615 complete and 0 interrupted iterations
openloop_oscillating   [  54% ] 029/225 VUs  06m28.8s/12m0s  30.00 iters/s
time="2026-10-08T23:35:18Z" level=warning msg="Request Failed" error="Post \"http://auth-service.ecommerce.svc.cluster.local:8001/auth/login\": request timeout"

running (06m29.9s), 035/225 VUs, 5639 complete and 0 interrupted iterations
openloop_oscillating   [  54% ] 035/225 VUs  06m29.8s/12m0s  30.00 iters/s
time="2026-10-08T23:35:19Z" level=warning msg="Request Failed" error="Post \"http://auth-service.ecommerce.svc.cluster.local:8001/auth/login\": request timeout"
time="2026-10-08T23:35:19Z" level=warning msg="Request Failed" error="Post \"http://auth-service.ecommerce.svc.cluster.local:8001/auth/login\": request timeout"

running (06m30.9s), 023/225 VUs, 5680 complete and 0 interrupted iterations
openloop_oscillating   [  54% ] 023/225 VUs  06m30.8s/12m0s  27.72 iters/s
time="2026-10-08T23:35:20Z" level=warning msg="Request Failed" error="Post \"http://auth-service.ecommerce.svc.cluster.local:8001/auth/login\": request timeout"
time="2026-10-08T23:35:20Z" level=warning msg="Request Failed" error="Post \"http://auth-service.ecommerce.svc.cluster.local:8001/auth/login\": request timeout"
time="2026-10-08T23:35:20Z" level=warning msg="Request Failed" error="Post \"http://auth-service.ecommerce.svc.cluster.local:8001/auth/login\": request timeout"
time="2026-10-08T23:35:20Z" level=warning msg="Request Failed" error="Post \"http://auth-service.ecommerce.svc.cluster.local:8001/auth/login\": request timeout"
time="2026-10-08T23:35:20Z" level=warning msg="Request Failed" error="Post \"http://auth-service.ecommerce.svc.cluster.local:8001/auth/login\": request timeout"
time="2026-10-08T23:35:20Z" level=warning msg="Request Failed" error="Post \"http://auth-service.ecommerce.svc.cluster.local:8001/auth/login\": request timeout"

running (06m31.9s), 028/225 VUs, 5702 complete and 0 interrupted iterations
openloop_oscillating   [  54% ] 028/225 VUs  06m31.8s/12m0s  24.84 iters/s
time="2026-10-08T23:35:21Z" level=warning msg="Request Failed" error="Post \"http://auth-service.ecommerce.svc.cluster.local:8001/auth/login\": request timeout"

running (06m32.9s), 024/225 VUs, 5729 complete and 0 interrupted iterations
openloop_oscillating   [  55% ] 024/225 VUs  06m32.8s/12m0s  22.10 iters/s
time="2026-10-08T23:35:22Z" level=warning msg="Request Failed" error="Post \"http://auth-service.ecommerce.svc.cluster.local:8001/auth/login\": request timeout"

running (06m33.9s), 019/225 VUs, 5755 complete and 0 interrupted iterations
openloop_oscillating   [  55% ] 019/225 VUs  06m33.8s/12m0s  19.26 iters/s

running (06m34.9s), 015/225 VUs, 5777 complete and 0 interrupted iterations
openloop_oscillating   [  55% ] 015/225 VUs  06m34.8s/12m0s  16.43 iters/s
time="2026-10-08T23:35:24Z" level=warning msg="Request Failed" error="Post \"http://auth-service.ecommerce.svc.cluster.local:8001/auth/login\": request timeout"
time="2026-10-08T23:35:24Z" level=warning msg="Request Failed" error="Post \"http://auth-service.ecommerce.svc.cluster.local:8001/auth/login\": request timeout"

running (06m35.9s), 013/225 VUs, 5794 complete and 0 interrupted iterations
openloop_oscillating   [  55% ] 013/225 VUs  06m35.8s/12m0s  13.64 iters/s

running (06m36.9s), 012/225 VUs, 5807 complete and 0 interrupted iterations
openloop_oscillating   [  55% ] 012/225 VUs  06m36.8s/12m0s  10.90 iters/s
time="2026-10-08T23:35:26Z" level=warning msg="Request Failed" error="Post \"http://auth-service.ecommerce.svc.cluster.local:8001/auth/login\": request timeout"
time="2026-10-08T23:35:26Z" level=warning msg="Request Failed" error="Post \"http://auth-service.ecommerce.svc.cluster.local:8001/auth/login\": request timeout"
time="2026-10-08T23:35:27Z" level=warning msg="Request Failed" error="Post \"http://auth-service.ecommerce.svc.cluster.local:8001/auth/login\": request timeout"

running (06m37.9s), 008/225 VUs, 5820 complete and 0 interrupted iterations
openloop_oscillating   [  55% ] 008/225 VUs  06m37.8s/12m0s  08.27 iters/s
time="2026-10-08T23:35:27Z" level=warning msg="Request Failed" error="Post \"http://auth-service.ecommerce.svc.cluster.local:8001/auth/login\": request timeout"
time="2026-10-08T23:35:27Z" level=warning msg="Request Failed" error="Post \"http://auth-service.ecommerce.svc.cluster.local:8001/auth/login\": request timeout"

running (06m38.9s), 006/225 VUs, 5829 complete and 0 interrupted iterations
openloop_oscillating   [  55% ] 006/225 VUs  06m38.8s/12m0s  05.40 iters/s
time="2026-10-08T23:35:28Z" level=warning msg="Request Failed" error="Post \"http://auth-service.ecommerce.svc.cluster.local:8001/auth/login\": request timeout"

running (06m39.9s), 005/225 VUs, 5834 complete and 0 interrupted iterations
openloop_oscillating   [  56% ] 005/225 VUs  06m39.8s/12m0s  02.55 iters/s
time="2026-10-08T23:35:29Z" level=warning msg="Request Failed" error="Post \"http://auth-service.ecommerce.svc.cluster.local:8001/auth/login\": request timeout"
time="2026-10-08T23:35:29Z" level=warning msg="Request Failed" error="Post \"http://auth-service.ecommerce.svc.cluster.local:8001/auth/login\": request timeout"
time="2026-10-08T23:35:30Z" level=warning msg="Request Failed" error="Post \"http://auth-service.ecommerce.svc.cluster.local:8001/auth/login\": request timeout"

running (06m40.9s), 001/225 VUs, 5840 complete and 0 interrupted iterations
openloop_oscillating   [  56% ] 001/225 VUs  06m40.8s/12m0s  02.00 iters/s

running (06m41.9s), 000/225 VUs, 5843 complete and 0 interrupted iterations
openloop_oscillating   [  56% ] 000/225 VUs  06m41.8s/12m0s  02.00 iters/s

running (06m42.9s), 000/225 VUs, 5845 complete and 0 interrupted iterations
openloop_oscillating   [  56% ] 000/225 VUs  06m42.8s/12m0s  02.00 iters/s

running (06m43.9s), 000/225 VUs, 5847 complete and 0 interrupted iterations
openloop_oscillating   [  56% ] 000/225 VUs  06m43.8s/12m0s  02.00 iters/s

running (06m44.9s), 000/225 VUs, 5849 complete and 0 interrupted iterations
openloop_oscillating   [  56% ] 000/225 VUs  06m44.8s/12m0s  02.00 iters/s

running (06m45.9s), 001/225 VUs, 5850 complete and 0 interrupted iterations
openloop_oscillating   [  56% ] 001/225 VUs  06m45.8s/12m0s  02.00 iters/s

running (06m46.9s), 000/225 VUs, 5853 complete and 0 interrupted iterations
openloop_oscillating   [  57% ] 000/225 VUs  06m46.8s/12m0s  02.00 iters/s

running (06m47.9s), 000/225 VUs, 5855 complete and 0 interrupted iterations
openloop_oscillating   [  57% ] 000/225 VUs  06m47.8s/12m0s  02.00 iters/s

running (06m48.9s), 000/225 VUs, 5857 complete and 0 interrupted iterations
openloop_oscillating   [  57% ] 000/225 VUs  06m48.8s/12m0s  02.00 iters/s

running (06m49.9s), 000/225 VUs, 5859 complete and 0 interrupted iterations
openloop_oscillating   [  57% ] 000/225 VUs  06m49.8s/12m0s  02.00 iters/s

running (06m50.9s), 001/225 VUs, 5860 complete and 0 interrupted iterations
openloop_oscillating   [  57% ] 001/225 VUs  06m50.8s/12m0s  02.00 iters/s

running (06m51.9s), 000/225 VUs, 5863 complete and 0 interrupted iterations
openloop_oscillating   [  57% ] 000/225 VUs  06m51.8s/12m0s  02.00 iters/s

running (06m52.9s), 000/225 VUs, 5865 complete and 0 interrupted iterations
openloop_oscillating   [  57% ] 000/225 VUs  06m52.8s/12m0s  02.00 iters/s

running (06m53.9s), 000/225 VUs, 5867 complete and 0 interrupted iterations
openloop_oscillating   [  57% ] 000/225 VUs  06m53.8s/12m0s  02.00 iters/s

running (06m54.9s), 000/225 VUs, 5869 complete and 0 interrupted iterations
openloop_oscillating   [  58% ] 000/225 VUs  06m54.8s/12m0s  02.00 iters/s

running (06m55.9s), 000/225 VUs, 5871 complete and 0 interrupted iterations
openloop_oscillating   [  58% ] 000/225 VUs  06m55.8s/12m0s  02.00 iters/s

running (06m56.9s), 001/225 VUs, 5872 complete and 0 interrupted iterations
openloop_oscillating   [  58% ] 001/225 VUs  06m56.8s/12m0s  02.00 iters/s

running (06m57.9s), 000/225 VUs, 5875 complete and 0 interrupted iterations
openloop_oscillating   [  58% ] 000/225 VUs  06m57.8s/12m0s  02.00 iters/s

running (06m58.9s), 000/225 VUs, 5877 complete and 0 interrupted iterations
openloop_oscillating   [  58% ] 000/225 VUs  06m58.8s/12m0s  02.00 iters/s

running (06m59.9s), 000/225 VUs, 5879 complete and 0 interrupted iterations
openloop_oscillating   [  58% ] 000/225 VUs  06m59.8s/12m0s  02.00 iters/s

running (07m00.9s), 001/225 VUs, 5880 complete and 0 interrupted iterations
openloop_oscillating   [  58% ] 001/225 VUs  07m00.8s/12m0s  02.00 iters/s

running (07m01.9s), 000/225 VUs, 5883 complete and 0 interrupted iterations
openloop_oscillating   [  59% ] 000/225 VUs  07m01.8s/12m0s  02.00 iters/s

running (07m02.9s), 001/225 VUs, 5884 complete and 0 interrupted iterations
openloop_oscillating   [  59% ] 001/225 VUs  07m02.8s/12m0s  02.00 iters/s

running (07m03.9s), 000/225 VUs, 5887 complete and 0 interrupted iterations
openloop_oscillating   [  59% ] 000/225 VUs  07m03.8s/12m0s  02.00 iters/s

running (07m04.9s), 000/225 VUs, 5889 complete and 0 interrupted iterations
openloop_oscillating   [  59% ] 000/225 VUs  07m04.8s/12m0s  02.00 iters/s

running (07m05.9s), 000/225 VUs, 5891 complete and 0 interrupted iterations
openloop_oscillating   [  59% ] 000/225 VUs  07m05.8s/12m0s  02.00 iters/s

running (07m06.9s), 000/225 VUs, 5893 complete and 0 interrupted iterations
openloop_oscillating   [  59% ] 000/225 VUs  07m06.8s/12m0s  02.00 iters/s

running (07m07.9s), 000/225 VUs, 5895 complete and 0 interrupted iterations
openloop_oscillating   [  59% ] 000/225 VUs  07m07.8s/12m0s  02.00 iters/s

running (07m08.9s), 000/225 VUs, 5897 complete and 0 interrupted iterations
openloop_oscillating   [  60% ] 000/225 VUs  07m08.8s/12m0s  02.00 iters/s

running (07m09.9s), 000/225 VUs, 5899 complete and 0 interrupted iterations
openloop_oscillating   [  60% ] 000/225 VUs  07m09.8s/12m0s  02.00 iters/s

running (07m10.9s), 000/225 VUs, 5901 complete and 0 interrupted iterations
openloop_oscillating   [  60% ] 000/225 VUs  07m10.8s/12m0s  02.00 iters/s

running (07m11.9s), 000/225 VUs, 5903 complete and 0 interrupted iterations
openloop_oscillating   [  60% ] 000/225 VUs  07m11.8s/12m0s  02.00 iters/s

running (07m12.9s), 000/225 VUs, 5905 complete and 0 interrupted iterations
openloop_oscillating   [  60% ] 000/225 VUs  07m12.8s/12m0s  02.00 iters/s

running (07m13.9s), 000/225 VUs, 5907 complete and 0 interrupted iterations
openloop_oscillating   [  60% ] 000/225 VUs  07m13.8s/12m0s  02.00 iters/s

running (07m14.9s), 000/225 VUs, 5909 complete and 0 interrupted iterations
openloop_oscillating   [  60% ] 000/225 VUs  07m14.8s/12m0s  02.00 iters/s

running (07m15.9s), 000/225 VUs, 5911 complete and 0 interrupted iterations
openloop_oscillating   [  61% ] 000/225 VUs  07m15.8s/12m0s  02.00 iters/s

running (07m16.9s), 000/225 VUs, 5913 complete and 0 interrupted iterations
openloop_oscillating   [  61% ] 000/225 VUs  07m16.8s/12m0s  02.00 iters/s

running (07m17.9s), 000/225 VUs, 5915 complete and 0 interrupted iterations
openloop_oscillating   [  61% ] 000/225 VUs  07m17.8s/12m0s  02.00 iters/s

running (07m18.9s), 000/225 VUs, 5917 complete and 0 interrupted iterations
openloop_oscillating   [  61% ] 000/225 VUs  07m18.8s/12m0s  02.00 iters/s

running (07m19.9s), 000/225 VUs, 5919 complete and 0 interrupted iterations
openloop_oscillating   [  61% ] 000/225 VUs  07m19.8s/12m0s  02.00 iters/s

running (07m20.9s), 000/225 VUs, 5921 complete and 0 interrupted iterations
openloop_oscillating   [  61% ] 000/225 VUs  07m20.8s/12m0s  02.00 iters/s

running (07m21.9s), 000/225 VUs, 5923 complete and 0 interrupted iterations
openloop_oscillating   [  61% ] 000/225 VUs  07m21.8s/12m0s  02.00 iters/s

running (07m22.9s), 000/225 VUs, 5925 complete and 0 interrupted iterations
openloop_oscillating   [  62% ] 000/225 VUs  07m22.8s/12m0s  02.00 iters/s

running (07m23.9s), 000/225 VUs, 5927 complete and 0 interrupted iterations
openloop_oscillating   [  62% ] 000/225 VUs  07m23.8s/12m0s  02.00 iters/s

running (07m24.9s), 000/225 VUs, 5929 complete and 0 interrupted iterations
openloop_oscillating   [  62% ] 000/225 VUs  07m24.8s/12m0s  02.00 iters/s

running (07m25.9s), 000/225 VUs, 5931 complete and 0 interrupted iterations
openloop_oscillating   [  62% ] 000/225 VUs  07m25.8s/12m0s  02.00 iters/s

running (07m26.9s), 000/225 VUs, 5933 complete and 0 interrupted iterations
openloop_oscillating   [  62% ] 000/225 VUs  07m26.8s/12m0s  02.00 iters/s

running (07m27.9s), 000/225 VUs, 5935 complete and 0 interrupted iterations
openloop_oscillating   [  62% ] 000/225 VUs  07m27.8s/12m0s  02.00 iters/s

running (07m28.9s), 000/225 VUs, 5937 complete and 0 interrupted iterations
openloop_oscillating   [  62% ] 000/225 VUs  07m28.8s/12m0s  02.00 iters/s

running (07m29.9s), 000/225 VUs, 5939 complete and 0 interrupted iterations
openloop_oscillating   [  62% ] 000/225 VUs  07m29.8s/12m0s  02.00 iters/s

running (07m30.9s), 001/225 VUs, 5940 complete and 0 interrupted iterations
openloop_oscillating   [  63% ] 001/225 VUs  07m30.8s/12m0s  02.00 iters/s

running (07m31.9s), 000/225 VUs, 5943 complete and 0 interrupted iterations
openloop_oscillating   [  63% ] 000/225 VUs  07m31.8s/12m0s  02.00 iters/s

running (07m32.9s), 000/225 VUs, 5945 complete and 0 interrupted iterations
openloop_oscillating   [  63% ] 000/225 VUs  07m32.8s/12m0s  02.00 iters/s

running (07m33.9s), 000/225 VUs, 5947 complete and 0 interrupted iterations
openloop_oscillating   [  63% ] 000/225 VUs  07m33.8s/12m0s  02.00 iters/s

running (07m34.9s), 000/225 VUs, 5949 complete and 0 interrupted iterations
openloop_oscillating   [  63% ] 000/225 VUs  07m34.8s/12m0s  02.00 iters/s

running (07m35.9s), 000/225 VUs, 5951 complete and 0 interrupted iterations
openloop_oscillating   [  63% ] 000/225 VUs  07m35.8s/12m0s  02.00 iters/s

running (07m36.9s), 000/225 VUs, 5953 complete and 0 interrupted iterations
openloop_oscillating   [  63% ] 000/225 VUs  07m36.8s/12m0s  02.00 iters/s

running (07m37.9s), 000/225 VUs, 5955 complete and 0 interrupted iterations
openloop_oscillating   [  64% ] 000/225 VUs  07m37.8s/12m0s  02.00 iters/s

running (07m38.9s), 000/225 VUs, 5957 complete and 0 interrupted iterations
openloop_oscillating   [  64% ] 000/225 VUs  07m38.8s/12m0s  02.00 iters/s

running (07m39.9s), 000/225 VUs, 5959 complete and 0 interrupted iterations
openloop_oscillating   [  64% ] 000/225 VUs  07m39.8s/12m0s  02.00 iters/s

running (07m40.9s), 001/225 VUs, 5960 complete and 0 interrupted iterations
openloop_oscillating   [  64% ] 001/225 VUs  07m40.8s/12m0s  02.00 iters/s

running (07m41.9s), 001/225 VUs, 5962 complete and 0 interrupted iterations
openloop_oscillating   [  64% ] 001/225 VUs  07m41.8s/12m0s  02.00 iters/s

running (07m42.9s), 000/225 VUs, 5965 complete and 0 interrupted iterations
openloop_oscillating   [  64% ] 000/225 VUs  07m42.8s/12m0s  02.00 iters/s

running (07m43.9s), 000/225 VUs, 5967 complete and 0 interrupted iterations
openloop_oscillating   [  64% ] 000/225 VUs  07m43.8s/12m0s  02.00 iters/s

running (07m44.9s), 000/225 VUs, 5969 complete and 0 interrupted iterations
openloop_oscillating   [  65% ] 000/225 VUs  07m44.8s/12m0s  02.00 iters/s

running (07m45.9s), 000/225 VUs, 5971 complete and 0 interrupted iterations
openloop_oscillating   [  65% ] 000/225 VUs  07m45.8s/12m0s  02.00 iters/s

running (07m46.9s), 000/225 VUs, 5973 complete and 0 interrupted iterations
openloop_oscillating   [  65% ] 000/225 VUs  07m46.8s/12m0s  02.00 iters/s

running (07m47.9s), 000/225 VUs, 5975 complete and 0 interrupted iterations
openloop_oscillating   [  65% ] 000/225 VUs  07m47.8s/12m0s  02.00 iters/s

running (07m48.9s), 000/225 VUs, 5977 complete and 0 interrupted iterations
openloop_oscillating   [  65% ] 000/225 VUs  07m48.8s/12m0s  02.00 iters/s

running (07m49.9s), 001/225 VUs, 5978 complete and 0 interrupted iterations
openloop_oscillating   [  65% ] 001/225 VUs  07m49.8s/12m0s  02.00 iters/s

running (07m50.9s), 000/225 VUs, 5981 complete and 0 interrupted iterations
openloop_oscillating   [  65% ] 000/225 VUs  07m50.8s/12m0s  02.00 iters/s

running (07m51.9s), 000/225 VUs, 5983 complete and 0 interrupted iterations
openloop_oscillating   [  66% ] 000/225 VUs  07m51.8s/12m0s  02.00 iters/s

running (07m52.9s), 000/225 VUs, 5985 complete and 0 interrupted iterations
openloop_oscillating   [  66% ] 000/225 VUs  07m52.8s/12m0s  02.00 iters/s

running (07m53.9s), 001/225 VUs, 5986 complete and 0 interrupted iterations
openloop_oscillating   [  66% ] 001/225 VUs  07m53.8s/12m0s  02.00 iters/s

running (07m54.9s), 000/225 VUs, 5989 complete and 0 interrupted iterations
openloop_oscillating   [  66% ] 000/225 VUs  07m54.8s/12m0s  02.00 iters/s

running (07m55.9s), 000/225 VUs, 5991 complete and 0 interrupted iterations
openloop_oscillating   [  66% ] 000/225 VUs  07m55.8s/12m0s  02.00 iters/s

running (07m56.9s), 000/225 VUs, 5993 complete and 0 interrupted iterations
openloop_oscillating   [  66% ] 000/225 VUs  07m56.8s/12m0s  02.00 iters/s

running (07m57.9s), 000/225 VUs, 5995 complete and 0 interrupted iterations
openloop_oscillating   [  66% ] 000/225 VUs  07m57.8s/12m0s  02.00 iters/s

running (07m58.9s), 000/225 VUs, 5997 complete and 0 interrupted iterations
openloop_oscillating   [  67% ] 000/225 VUs  07m58.8s/12m0s  02.00 iters/s

running (07m59.9s), 000/225 VUs, 5999 complete and 0 interrupted iterations
openloop_oscillating   [  67% ] 000/225 VUs  07m59.8s/12m0s  02.00 iters/s

running (08m00.9s), 000/225 VUs, 6002 complete and 0 interrupted iterations
openloop_oscillating   [  67% ] 000/225 VUs  08m00.8s/12m0s  04.23 iters/s

running (08m01.9s), 000/225 VUs, 6008 complete and 0 interrupted iterations
openloop_oscillating   [  67% ] 000/225 VUs  08m01.8s/12m0s  07.18 iters/s

running (08m02.9s), 000/225 VUs, 6016 complete and 0 interrupted iterations
openloop_oscillating   [  67% ] 000/225 VUs  08m02.8s/12m0s  09.82 iters/s

running (08m03.9s), 002/225 VUs, 6026 complete and 0 interrupted iterations
openloop_oscillating   [  67% ] 002/225 VUs  08m03.8s/12m0s  12.79 iters/s

running (08m04.9s), 003/225 VUs, 6039 complete and 0 interrupted iterations
openloop_oscillating   [  67% ] 003/225 VUs  08m04.8s/12m0s  15.56 iters/s

running (08m05.9s), 000/225 VUs, 6059 complete and 0 interrupted iterations
openloop_oscillating   [  67% ] 000/225 VUs  08m05.8s/12m0s  18.36 iters/s

running (08m06.9s), 001/225 VUs, 6077 complete and 0 interrupted iterations
openloop_oscillating   [  68% ] 001/225 VUs  08m06.8s/12m0s  21.06 iters/s

running (08m07.9s), 008/225 VUs, 6093 complete and 0 interrupted iterations
openloop_oscillating   [  68% ] 008/225 VUs  08m07.8s/12m0s  23.92 iters/s

running (08m08.9s), 017/225 VUs, 6109 complete and 0 interrupted iterations
openloop_oscillating   [  68% ] 017/225 VUs  08m08.8s/12m0s  26.69 iters/s

running (08m09.9s), 023/225 VUs, 6131 complete and 0 interrupted iterations
openloop_oscillating   [  68% ] 023/225 VUs  08m09.8s/12m0s  29.48 iters/s

running (08m10.9s), 001/225 VUs, 6183 complete and 0 interrupted iterations
openloop_oscillating   [  68% ] 001/225 VUs  08m10.8s/12m0s  30.00 iters/s

running (08m11.9s), 005/225 VUs, 6209 complete and 0 interrupted iterations
openloop_oscillating   [  68% ] 005/225 VUs  08m11.8s/12m0s  30.00 iters/s

running (08m12.9s), 005/225 VUs, 6239 complete and 0 interrupted iterations
openloop_oscillating   [  68% ] 005/225 VUs  08m12.8s/12m0s  30.00 iters/s

running (08m13.9s), 008/225 VUs, 6266 complete and 0 interrupted iterations
openloop_oscillating   [  69% ] 008/225 VUs  08m13.8s/12m0s  30.00 iters/s

running (08m14.9s), 004/225 VUs, 6300 complete and 0 interrupted iterations
openloop_oscillating   [  69% ] 004/225 VUs  08m14.8s/12m0s  30.00 iters/s

running (08m15.9s), 009/225 VUs, 6325 complete and 0 interrupted iterations
openloop_oscillating   [  69% ] 009/225 VUs  08m15.8s/12m0s  30.00 iters/s

running (08m16.9s), 007/225 VUs, 6357 complete and 0 interrupted iterations
openloop_oscillating   [  69% ] 007/225 VUs  08m16.8s/12m0s  30.00 iters/s

running (08m17.9s), 013/225 VUs, 6381 complete and 0 interrupted iterations
openloop_oscillating   [  69% ] 013/225 VUs  08m17.8s/12m0s  30.00 iters/s

running (08m18.9s), 006/225 VUs, 6418 complete and 0 interrupted iterations
openloop_oscillating   [  69% ] 006/225 VUs  08m18.8s/12m0s  30.00 iters/s

running (08m19.9s), 006/225 VUs, 6448 complete and 0 interrupted iterations
openloop_oscillating   [  69% ] 006/225 VUs  08m19.8s/12m0s  30.00 iters/s

running (08m20.9s), 013/225 VUs, 6471 complete and 0 interrupted iterations
openloop_oscillating   [  70% ] 013/225 VUs  08m20.8s/12m0s  30.00 iters/s

running (08m21.9s), 021/225 VUs, 6493 complete and 0 interrupted iterations
openloop_oscillating   [  70% ] 021/225 VUs  08m21.8s/12m0s  30.00 iters/s

running (08m22.9s), 016/225 VUs, 6528 complete and 0 interrupted iterations
openloop_oscillating   [  70% ] 016/225 VUs  08m22.8s/12m0s  30.00 iters/s

running (08m23.9s), 028/225 VUs, 6546 complete and 0 interrupted iterations
openloop_oscillating   [  70% ] 028/225 VUs  08m23.8s/12m0s  30.00 iters/s

running (08m24.9s), 036/225 VUs, 6568 complete and 0 interrupted iterations
openloop_oscillating   [  70% ] 036/225 VUs  08m24.8s/12m0s  30.00 iters/s
time="2026-10-08T23:37:14Z" level=warning msg="Request Failed" error="Post \"http://auth-service.ecommerce.svc.cluster.local:8001/auth/login\": request timeout"

running (08m25.9s), 022/225 VUs, 6612 complete and 0 interrupted iterations
openloop_oscillating   [  70% ] 022/225 VUs  08m25.8s/12m0s  30.00 iters/s
time="2026-10-08T23:37:15Z" level=warning msg="Request Failed" error="Post \"http://auth-service.ecommerce.svc.cluster.local:8001/auth/login\": request timeout"

running (08m26.9s), 029/225 VUs, 6635 complete and 0 interrupted iterations
openloop_oscillating   [  70% ] 029/225 VUs  08m26.8s/12m0s  30.00 iters/s
time="2026-10-08T23:37:16Z" level=warning msg="Request Failed" error="Post \"http://auth-service.ecommerce.svc.cluster.local:8001/auth/login\": request timeout"
time="2026-10-08T23:37:16Z" level=warning msg="Request Failed" error="Post \"http://auth-service.ecommerce.svc.cluster.local:8001/auth/login\": request timeout"

running (08m27.9s), 032/225 VUs, 6662 complete and 0 interrupted iterations
openloop_oscillating   [  71% ] 032/225 VUs  08m27.8s/12m0s  30.00 iters/s
time="2026-10-08T23:37:17Z" level=warning msg="Request Failed" error="Post \"http://auth-service.ecommerce.svc.cluster.local:8001/auth/login\": request timeout"
time="2026-10-08T23:37:17Z" level=warning msg="Request Failed" error="Post \"http://auth-service.ecommerce.svc.cluster.local:8001/auth/login\": request timeout"
time="2026-10-08T23:37:17Z" level=warning msg="Request Failed" error="Post \"http://auth-service.ecommerce.svc.cluster.local:8001/auth/login\": request timeout"
time="2026-10-08T23:37:17Z" level=warning msg="Request Failed" error="Post \"http://auth-service.ecommerce.svc.cluster.local:8001/auth/login\": request timeout"
time="2026-10-08T23:37:17Z" level=warning msg="Request Failed" error="Post \"http://auth-service.ecommerce.svc.cluster.local:8001/auth/login\": request timeout"

running (08m28.9s), 042/225 VUs, 6682 complete and 0 interrupted iterations
openloop_oscillating   [  71% ] 042/225 VUs  08m28.8s/12m0s  30.00 iters/s
time="2026-10-08T23:37:18Z" level=warning msg="Request Failed" error="Post \"http://auth-service.ecommerce.svc.cluster.local:8001/auth/login\": request timeout"
time="2026-10-08T23:37:18Z" level=warning msg="Request Failed" error="Post \"http://auth-service.ecommerce.svc.cluster.local:8001/auth/login\": request timeout"
time="2026-10-08T23:37:18Z" level=warning msg="Request Failed" error="Post \"http://auth-service.ecommerce.svc.cluster.local:8001/auth/login\": request timeout"
time="2026-10-08T23:37:18Z" level=warning msg="Request Failed" error="Post \"http://auth-service.ecommerce.svc.cluster.local:8001/auth/login\": request timeout"

running (08m29.9s), 024/225 VUs, 6730 complete and 0 interrupted iterations
openloop_oscillating   [  71% ] 024/225 VUs  08m29.8s/12m0s  30.00 iters/s

running (08m30.9s), 038/225 VUs, 6746 complete and 0 interrupted iterations
openloop_oscillating   [  71% ] 038/225 VUs  08m30.8s/12m0s  30.00 iters/s
time="2026-10-08T23:37:20Z" level=warning msg="Request Failed" error="Post \"http://auth-service.ecommerce.svc.cluster.local:8001/auth/login\": request timeout"
time="2026-10-08T23:37:20Z" level=warning msg="Request Failed" error="Post \"http://auth-service.ecommerce.svc.cluster.local:8001/auth/login\": request timeout"
time="2026-10-08T23:37:20Z" level=warning msg="Request Failed" error="Post \"http://auth-service.ecommerce.svc.cluster.local:8001/auth/login\": request timeout"
time="2026-10-08T23:37:20Z" level=warning msg="Request Failed" error="Post \"http://auth-service.ecommerce.svc.cluster.local:8001/auth/login\": request timeout"

running (08m31.9s), 012/225 VUs, 6802 complete and 0 interrupted iterations
openloop_oscillating   [  71% ] 012/225 VUs  08m31.8s/12m0s  30.00 iters/s
time="2026-10-08T23:37:21Z" level=warning msg="Request Failed" error="Post \"http://auth-service.ecommerce.svc.cluster.local:8001/auth/login\": request timeout"
time="2026-10-08T23:37:21Z" level=warning msg="Request Failed" error="Post \"http://auth-service.ecommerce.svc.cluster.local:8001/auth/login\": request timeout"

running (08m32.9s), 015/225 VUs, 6829 complete and 0 interrupted iterations
openloop_oscillating   [  71% ] 015/225 VUs  08m32.8s/12m0s  30.00 iters/s
time="2026-10-08T23:37:22Z" level=warning msg="Request Failed" error="Post \"http://auth-service.ecommerce.svc.cluster.local:8001/auth/login\": request timeout"

running (08m33.9s), 011/225 VUs, 6863 complete and 0 interrupted iterations
openloop_oscillating   [  71% ] 011/225 VUs  08m33.8s/12m0s  30.00 iters/s

running (08m34.9s), 021/225 VUs, 6883 complete and 0 interrupted iterations
openloop_oscillating   [  72% ] 021/225 VUs  08m34.8s/12m0s  30.00 iters/s
time="2026-10-08T23:37:24Z" level=warning msg="Request Failed" error="Post \"http://auth-service.ecommerce.svc.cluster.local:8001/auth/login\": request timeout"

running (08m35.9s), 028/225 VUs, 6906 complete and 0 interrupted iterations
openloop_oscillating   [  72% ] 028/225 VUs  08m35.8s/12m0s  30.00 iters/s
time="2026-10-08T23:37:25Z" level=warning msg="Request Failed" error="Get \"http://auth-service.ecommerce.svc.cluster.local:8001/auth/me\": read tcp 10.244.1.22:45528->10.0.20.22:8001: read: connection reset by peer"
time="2026-10-08T23:37:25Z" level=warning msg="Request Failed" error="Get \"http://auth-service.ecommerce.svc.cluster.local:8001/auth/me\": read tcp 10.244.1.22:45574->10.0.20.22:8001: read: connection reset by peer"
time="2026-10-08T23:37:25Z" level=warning msg="Request Failed" error="Get \"http://auth-service.ecommerce.svc.cluster.local:8001/auth/me\": read tcp 10.244.1.22:45562->10.0.20.22:8001: read: connection reset by peer"
time="2026-10-08T23:37:25Z" level=warning msg="Request Failed" error="Post \"http://auth-service.ecommerce.svc.cluster.local:8001/auth/login\": read tcp 10.244.1.22:45524->10.0.20.22:8001: read: connection reset by peer"
time="2026-10-08T23:37:25Z" level=warning msg="Request Failed" error="Post \"http://auth-service.ecommerce.svc.cluster.local:8001/auth/login\": request timeout"

running (08m36.9s), 033/225 VUs, 6931 complete and 0 interrupted iterations
openloop_oscillating   [  72% ] 033/225 VUs  08m36.8s/12m0s  30.00 iters/s
time="2026-10-08T23:37:26Z" level=warning msg="Request Failed" error="Post \"http://auth-service.ecommerce.svc.cluster.local:8001/auth/login\": request timeout"
time="2026-10-08T23:37:26Z" level=warning msg="Request Failed" error="Post \"http://auth-service.ecommerce.svc.cluster.local:8001/auth/login\": request timeout"
time="2026-10-08T23:37:27Z" level=warning msg="Request Failed" error="Post \"http://auth-service.ecommerce.svc.cluster.local:8001/auth/login\": request timeout"

running (08m37.9s), 033/225 VUs, 6961 complete and 0 interrupted iterations
openloop_oscillating   [  72% ] 033/225 VUs  08m37.8s/12m0s  30.00 iters/s

running (08m38.9s), 037/225 VUs, 6987 complete and 0 interrupted iterations
openloop_oscillating   [  72% ] 037/225 VUs  08m38.8s/12m0s  30.00 iters/s
time="2026-10-08T23:37:28Z" level=warning msg="Request Failed" error="Post \"http://auth-service.ecommerce.svc.cluster.local:8001/auth/login\": request timeout"

running (08m39.9s), 038/225 VUs, 7016 complete and 0 interrupted iterations
openloop_oscillating   [  72% ] 038/225 VUs  08m39.8s/12m0s  30.00 iters/s
time="2026-10-08T23:37:29Z" level=warning msg="Request Failed" error="Post \"http://auth-service.ecommerce.svc.cluster.local:8001/auth/login\": request timeout"

running (08m40.9s), 044/225 VUs, 7040 complete and 0 interrupted iterations
openloop_oscillating   [  72% ] 044/225 VUs  08m40.8s/12m0s  30.00 iters/s
time="2026-10-08T23:37:30Z" level=warning msg="Request Failed" error="Post \"http://auth-service.ecommerce.svc.cluster.local:8001/auth/login\": request timeout"
time="2026-10-08T23:37:30Z" level=warning msg="Request Failed" error="Post \"http://auth-service.ecommerce.svc.cluster.local:8001/auth/login\": request timeout"

running (08m41.9s), 054/225 VUs, 7060 complete and 0 interrupted iterations
openloop_oscillating   [  72% ] 054/225 VUs  08m41.8s/12m0s  30.00 iters/s
time="2026-10-08T23:37:31Z" level=warning msg="Request Failed" error="Post \"http://auth-service.ecommerce.svc.cluster.local:8001/auth/login\": request timeout"

running (08m42.9s), 038/225 VUs, 7106 complete and 0 interrupted iterations
openloop_oscillating   [  73% ] 038/225 VUs  08m42.8s/12m0s  30.00 iters/s

running (08m43.9s), 018/225 VUs, 7156 complete and 0 interrupted iterations
openloop_oscillating   [  73% ] 018/225 VUs  08m43.8s/12m0s  30.00 iters/s

running (08m44.9s), 021/225 VUs, 7183 complete and 0 interrupted iterations
openloop_oscillating   [  73% ] 021/225 VUs  08m44.8s/12m0s  30.00 iters/s

running (08m45.9s), 028/225 VUs, 7206 complete and 0 interrupted iterations
openloop_oscillating   [  73% ] 028/225 VUs  08m45.8s/12m0s  30.00 iters/s

running (08m46.9s), 024/225 VUs, 7240 complete and 0 interrupted iterations
openloop_oscillating   [  73% ] 024/225 VUs  08m46.8s/12m0s  30.00 iters/s
time="2026-10-08T23:37:36Z" level=warning msg="Request Failed" error="Post \"http://auth-service.ecommerce.svc.cluster.local:8001/auth/login\": request timeout"

running (08m47.9s), 026/225 VUs, 7268 complete and 0 interrupted iterations
openloop_oscillating   [  73% ] 026/225 VUs  08m47.8s/12m0s  30.00 iters/s

running (08m48.9s), 018/225 VUs, 7306 complete and 0 interrupted iterations
openloop_oscillating   [  73% ] 018/225 VUs  08m48.8s/12m0s  30.00 iters/s
time="2026-10-08T23:37:38Z" level=warning msg="Request Failed" error="Post \"http://auth-service.ecommerce.svc.cluster.local:8001/auth/login\": request timeout"
time="2026-10-08T23:37:38Z" level=warning msg="Request Failed" error="Post \"http://auth-service.ecommerce.svc.cluster.local:8001/auth/login\": request timeout"

running (08m49.9s), 015/225 VUs, 7339 complete and 0 interrupted iterations
openloop_oscillating   [  74% ] 015/225 VUs  08m49.8s/12m0s  30.00 iters/s
time="2026-10-08T23:37:39Z" level=warning msg="Request Failed" error="Post \"http://auth-service.ecommerce.svc.cluster.local:8001/auth/login\": request timeout"

running (08m50.9s), 021/225 VUs, 7363 complete and 0 interrupted iterations
openloop_oscillating   [  74% ] 021/225 VUs  08m50.8s/12m0s  30.00 iters/s
time="2026-10-08T23:37:40Z" level=warning msg="Request Failed" error="Post \"http://auth-service.ecommerce.svc.cluster.local:8001/auth/login\": request timeout"

running (08m51.9s), 019/225 VUs, 7395 complete and 0 interrupted iterations
openloop_oscillating   [  74% ] 019/225 VUs  08m51.8s/12m0s  30.00 iters/s

running (08m52.9s), 023/225 VUs, 7421 complete and 0 interrupted iterations
openloop_oscillating   [  74% ] 023/225 VUs  08m52.8s/12m0s  30.00 iters/s

running (08m53.9s), 021/225 VUs, 7453 complete and 0 interrupted iterations
openloop_oscillating   [  74% ] 021/225 VUs  08m53.8s/12m0s  30.00 iters/s
time="2026-10-08T23:37:43Z" level=warning msg="Request Failed" error="Post \"http://auth-service.ecommerce.svc.cluster.local:8001/auth/login\": request timeout"

running (08m54.9s), 018/225 VUs, 7486 complete and 0 interrupted iterations
openloop_oscillating   [  74% ] 018/225 VUs  08m54.8s/12m0s  30.00 iters/s
time="2026-10-08T23:37:44Z" level=warning msg="Request Failed" error="Post \"http://auth-service.ecommerce.svc.cluster.local:8001/auth/login\": request timeout"
time="2026-10-08T23:37:44Z" level=warning msg="Request Failed" error="Post \"http://auth-service.ecommerce.svc.cluster.local:8001/auth/login\": request timeout"
time="2026-10-08T23:37:44Z" level=warning msg="Request Failed" error="Post \"http://auth-service.ecommerce.svc.cluster.local:8001/auth/login\": request timeout"
time="2026-10-08T23:37:44Z" level=warning msg="Request Failed" error="Post \"http://auth-service.ecommerce.svc.cluster.local:8001/auth/login\": request timeout"
time="2026-10-08T23:37:44Z" level=warning msg="Request Failed" error="Post \"http://auth-service.ecommerce.svc.cluster.local:8001/auth/login\": request timeout"

running (08m55.9s), 016/225 VUs, 7518 complete and 0 interrupted iterations
openloop_oscillating   [  74% ] 016/225 VUs  08m55.8s/12m0s  30.00 iters/s
time="2026-10-08T23:37:45Z" level=warning msg="Request Failed" error="Post \"http://auth-service.ecommerce.svc.cluster.local:8001/auth/login\": request timeout"

running (08m56.9s), 017/225 VUs, 7547 complete and 0 interrupted iterations
openloop_oscillating   [  75% ] 017/225 VUs  08m56.8s/12m0s  30.00 iters/s
time="2026-10-08T23:37:46Z" level=warning msg="Request Failed" error="Post \"http://auth-service.ecommerce.svc.cluster.local:8001/auth/login\": request timeout"
time="2026-10-08T23:37:46Z" level=warning msg="Request Failed" error="Post \"http://auth-service.ecommerce.svc.cluster.local:8001/auth/login\": request timeout"

running (08m57.9s), 016/225 VUs, 7578 complete and 0 interrupted iterations
openloop_oscillating   [  75% ] 016/225 VUs  08m57.8s/12m0s  30.00 iters/s
time="2026-10-08T23:37:47Z" level=warning msg="Request Failed" error="Post \"http://auth-service.ecommerce.svc.cluster.local:8001/auth/login\": request timeout"

running (08m58.9s), 017/225 VUs, 7607 complete and 0 interrupted iterations
openloop_oscillating   [  75% ] 017/225 VUs  08m58.8s/12m0s  30.00 iters/s
time="2026-10-08T23:37:48Z" level=warning msg="Request Failed" error="Post \"http://auth-service.ecommerce.svc.cluster.local:8001/auth/login\": request timeout"
time="2026-10-08T23:37:48Z" level=warning msg="Request Failed" error="Post \"http://auth-service.ecommerce.svc.cluster.local:8001/auth/login\": request timeout"
time="2026-10-08T23:37:48Z" level=warning msg="Request Failed" error="Post \"http://auth-service.ecommerce.svc.cluster.local:8001/auth/login\": request timeout"

running (08m59.9s), 010/225 VUs, 7644 complete and 0 interrupted iterations
openloop_oscillating   [  75% ] 010/225 VUs  08m59.8s/12m0s  30.00 iters/s
time="2026-10-08T23:37:49Z" level=warning msg="Request Failed" error="Post \"http://auth-service.ecommerce.svc.cluster.local:8001/auth/login\": request timeout"
time="2026-10-08T23:37:49Z" level=warning msg="Request Failed" error="Post \"http://auth-service.ecommerce.svc.cluster.local:8001/auth/login\": request timeout"

running (09m00.9s), 017/225 VUs, 7667 complete and 0 interrupted iterations
openloop_oscillating   [  75% ] 017/225 VUs  09m00.8s/12m0s  29.86 iters/s
time="2026-10-08T23:37:50Z" level=warning msg="Request Failed" error="Post \"http://auth-service.ecommerce.svc.cluster.local:8001/auth/login\": request timeout"
time="2026-10-08T23:37:50Z" level=warning msg="Request Failed" error="Post \"http://auth-service.ecommerce.svc.cluster.local:8001/auth/login\": request timeout"

running (09m01.9s), 015/225 VUs, 7699 complete and 0 interrupted iterations
openloop_oscillating   [  75% ] 015/225 VUs  09m01.8s/12m0s  29.70 iters/s

running (09m02.9s), 017/225 VUs, 7726 complete and 0 interrupted iterations
openloop_oscillating   [  75% ] 017/225 VUs  09m02.8s/12m0s  29.53 iters/s
time="2026-10-08T23:37:52Z" level=warning msg="Request Failed" error="Post \"http://auth-service.ecommerce.svc.cluster.local:8001/auth/login\": request timeout"

running (09m03.9s), 021/225 VUs, 7752 complete and 0 interrupted iterations
openloop_oscillating   [  76% ] 021/225 VUs  09m03.8s/12m0s  29.36 iters/s
time="2026-10-08T23:37:53Z" level=warning msg="Request Failed" error="Post \"http://auth-service.ecommerce.svc.cluster.local:8001/auth/login\": request timeout"

running (09m04.9s), 034/225 VUs, 7768 complete and 0 interrupted iterations
openloop_oscillating   [  76% ] 034/225 VUs  09m04.8s/12m0s  29.20 iters/s
time="2026-10-08T23:37:54Z" level=warning msg="Request Failed" error="Post \"http://auth-service.ecommerce.svc.cluster.local:8001/auth/login\": request timeout"
time="2026-10-08T23:37:54Z" level=warning msg="Request Failed" error="Post \"http://auth-service.ecommerce.svc.cluster.local:8001/auth/login\": request timeout"
time="2026-10-08T23:37:54Z" level=warning msg="Request Failed" error="Post \"http://auth-service.ecommerce.svc.cluster.local:8001/auth/login\": request timeout"
time="2026-10-08T23:37:54Z" level=warning msg="Request Failed" error="Post \"http://auth-service.ecommerce.svc.cluster.local:8001/auth/login\": request timeout"
time="2026-10-08T23:37:54Z" level=warning msg="Request Failed" error="Post \"http://auth-service.ecommerce.svc.cluster.local:8001/auth/login\": request timeout"
time="2026-10-08T23:37:54Z" level=warning msg="Request Failed" error="Post \"http://auth-service.ecommerce.svc.cluster.local:8001/auth/login\": request timeout"
time="2026-10-08T23:37:54Z" level=warning msg="Request Failed" error="Post \"http://auth-service.ecommerce.svc.cluster.local:8001/auth/login\": request timeout"
time="2026-10-08T23:37:54Z" level=warning msg="Request Failed" error="Post \"http://auth-service.ecommerce.svc.cluster.local:8001/auth/login\": request timeout"

running (09m05.9s), 042/225 VUs, 7789 complete and 0 interrupted iterations
openloop_oscillating   [  76% ] 042/225 VUs  09m05.8s/12m0s  29.03 iters/s
time="2026-10-08T23:37:55Z" level=warning msg="Request Failed" error="Post \"http://auth-service.ecommerce.svc.cluster.local:8001/auth/login\": request timeout"

running (09m06.9s), 027/225 VUs, 7833 complete and 0 interrupted iterations
openloop_oscillating   [  76% ] 027/225 VUs  09m06.8s/12m0s  28.86 iters/s
time="2026-10-08T23:37:56Z" level=warning msg="Request Failed" error="Post \"http://auth-service.ecommerce.svc.cluster.local:8001/auth/login\": request timeout"
time="2026-10-08T23:37:57Z" level=warning msg="Request Failed" error="Post \"http://auth-service.ecommerce.svc.cluster.local:8001/auth/login\": request timeout"

running (09m07.9s), 035/225 VUs, 7854 complete and 0 interrupted iterations
openloop_oscillating   [  76% ] 035/225 VUs  09m07.8s/12m0s  28.70 iters/s

running (09m08.9s), 036/225 VUs, 7882 complete and 0 interrupted iterations
openloop_oscillating   [  76% ] 036/225 VUs  09m08.8s/12m0s  28.53 iters/s

running (09m09.9s), 036/225 VUs, 7910 complete and 0 interrupted iterations
openloop_oscillating   [  76% ] 036/225 VUs  09m09.8s/12m0s  28.36 iters/s
time="2026-10-08T23:37:59Z" level=warning msg="Request Failed" error="Post \"http://auth-service.ecommerce.svc.cluster.local:8001/auth/login\": request timeout"
time="2026-10-08T23:37:59Z" level=warning msg="Request Failed" error="Post \"http://auth-service.ecommerce.svc.cluster.local:8001/auth/login\": request timeout"
time="2026-10-08T23:37:59Z" level=warning msg="Request Failed" error="Post \"http://auth-service.ecommerce.svc.cluster.local:8001/auth/login\": request timeout"

running (09m10.9s), 018/225 VUs, 7956 complete and 0 interrupted iterations
openloop_oscillating   [  77% ] 018/225 VUs  09m10.8s/12m0s  28.20 iters/s

running (09m11.9s), 037/225 VUs, 7966 complete and 0 interrupted iterations
openloop_oscillating   [  77% ] 037/225 VUs  09m11.8s/12m0s  28.03 iters/s
time="2026-10-08T23:38:01Z" level=warning msg="Request Failed" error="Post \"http://auth-service.ecommerce.svc.cluster.local:8001/auth/login\": request timeout"
time="2026-10-08T23:38:01Z" level=warning msg="Request Failed" error="Post \"http://auth-service.ecommerce.svc.cluster.local:8001/auth/login\": request timeout"
time="2026-10-08T23:38:02Z" level=warning msg="Request Failed" error="Post \"http://auth-service.ecommerce.svc.cluster.local:8001/auth/login\": request timeout"

running (09m12.9s), 029/225 VUs, 8001 complete and 0 interrupted iterations
openloop_oscillating   [  77% ] 029/225 VUs  09m12.8s/12m0s  27.87 iters/s
time="2026-10-08T23:38:02Z" level=warning msg="Request Failed" error="Post \"http://auth-service.ecommerce.svc.cluster.local:8001/auth/login\": request timeout"

running (09m13.9s), 025/225 VUs, 8033 complete and 0 interrupted iterations
openloop_oscillating   [  77% ] 025/225 VUs  09m13.8s/12m0s  27.70 iters/s
time="2026-10-08T23:38:03Z" level=warning msg="Request Failed" error="Post \"http://auth-service.ecommerce.svc.cluster.local:8001/auth/login\": request timeout"

running (09m14.9s), 021/225 VUs, 8065 complete and 0 interrupted iterations
openloop_oscillating   [  77% ] 021/225 VUs  09m14.8s/12m0s  27.53 iters/s

running (09m15.9s), 035/225 VUs, 8078 complete and 0 interrupted iterations
openloop_oscillating   [  77% ] 035/225 VUs  09m15.8s/12m0s  27.36 iters/s
time="2026-10-08T23:38:05Z" level=warning msg="Request Failed" error="Post \"http://auth-service.ecommerce.svc.cluster.local:8001/auth/login\": request timeout"
time="2026-10-08T23:38:05Z" level=warning msg="Request Failed" error="Post \"http://auth-service.ecommerce.svc.cluster.local:8001/auth/login\": request timeout"
time="2026-10-08T23:38:05Z" level=warning msg="Request Failed" error="Post \"http://auth-service.ecommerce.svc.cluster.local:8001/auth/login\": request timeout"

running (09m16.9s), 027/225 VUs, 8114 complete and 0 interrupted iterations
openloop_oscillating   [  77% ] 027/225 VUs  09m16.8s/12m0s  27.19 iters/s
time="2026-10-08T23:38:06Z" level=warning msg="Request Failed" error="Post \"http://auth-service.ecommerce.svc.cluster.local:8001/auth/login\": request timeout"
time="2026-10-08T23:38:06Z" level=warning msg="Request Failed" error="Post \"http://auth-service.ecommerce.svc.cluster.local:8001/auth/login\": request timeout"
time="2026-10-08T23:38:06Z" level=warning msg="Request Failed" error="Post \"http://auth-service.ecommerce.svc.cluster.local:8001/auth/login\": request timeout"

running (09m17.9s), 026/225 VUs, 8142 complete and 0 interrupted iterations
openloop_oscillating   [  77% ] 026/225 VUs  09m17.8s/12m0s  27.03 iters/s
time="2026-10-08T23:38:07Z" level=warning msg="Request Failed" error="Post \"http://auth-service.ecommerce.svc.cluster.local:8001/auth/login\": request timeout"

running (09m18.9s), 020/225 VUs, 8175 complete and 0 interrupted iterations
openloop_oscillating   [  78% ] 020/225 VUs  09m18.8s/12m0s  26.86 iters/s
time="2026-10-08T23:38:08Z" level=warning msg="Request Failed" error="Post \"http://auth-service.ecommerce.svc.cluster.local:8001/auth/login\": request timeout"
time="2026-10-08T23:38:08Z" level=warning msg="Request Failed" error="Post \"http://auth-service.ecommerce.svc.cluster.local:8001/auth/login\": request timeout"

running (09m19.9s), 027/225 VUs, 8194 complete and 0 interrupted iterations
openloop_oscillating   [  78% ] 027/225 VUs  09m19.8s/12m0s  26.70 iters/s
time="2026-10-08T23:38:09Z" level=warning msg="Request Failed" error="Post \"http://auth-service.ecommerce.svc.cluster.local:8001/auth/login\": request timeout"
time="2026-10-08T23:38:09Z" level=warning msg="Request Failed" error="Post \"http://auth-service.ecommerce.svc.cluster.local:8001/auth/login\": request timeout"

running (09m20.9s), 010/225 VUs, 8238 complete and 0 interrupted iterations
openloop_oscillating   [  78% ] 010/225 VUs  09m20.8s/12m0s  26.53 iters/s
time="2026-10-08T23:38:10Z" level=warning msg="Request Failed" error="Post \"http://auth-service.ecommerce.svc.cluster.local:8001/auth/login\": request timeout"

running (09m21.9s), 011/225 VUs, 8263 complete and 0 interrupted iterations
openloop_oscillating   [  78% ] 011/225 VUs  09m21.8s/12m0s  26.37 iters/s

running (09m22.9s), 006/225 VUs, 8295 complete and 0 interrupted iterations
openloop_oscillating   [  78% ] 006/225 VUs  09m22.8s/12m0s  26.19 iters/s

running (09m23.9s), 004/225 VUs, 8323 complete and 0 interrupted iterations
openloop_oscillating   [  78% ] 004/225 VUs  09m23.8s/12m0s  26.03 iters/s

running (09m24.9s), 005/225 VUs, 8348 complete and 0 interrupted iterations
openloop_oscillating   [  78% ] 005/225 VUs  09m24.8s/12m0s  25.86 iters/s

running (09m25.9s), 007/225 VUs, 8372 complete and 0 interrupted iterations
openloop_oscillating   [  79% ] 007/225 VUs  09m25.8s/12m0s  25.69 iters/s

running (09m26.9s), 007/225 VUs, 8397 complete and 0 interrupted iterations
openloop_oscillating   [  79% ] 007/225 VUs  09m26.8s/12m0s  25.53 iters/s

running (09m27.9s), 010/225 VUs, 8420 complete and 0 interrupted iterations
openloop_oscillating   [  79% ] 010/225 VUs  09m27.8s/12m0s  25.36 iters/s

running (09m28.9s), 008/225 VUs, 8447 complete and 0 interrupted iterations
openloop_oscillating   [  79% ] 008/225 VUs  09m28.8s/12m0s  25.20 iters/s

running (09m29.9s), 006/225 VUs, 8474 complete and 0 interrupted iterations
openloop_oscillating   [  79% ] 006/225 VUs  09m29.8s/12m0s  25.03 iters/s

running (09m30.9s), 007/225 VUs, 8498 complete and 0 interrupted iterations
openloop_oscillating   [  79% ] 007/225 VUs  09m30.8s/12m0s  24.86 iters/s

running (09m31.9s), 006/225 VUs, 8524 complete and 0 interrupted iterations
openloop_oscillating   [  79% ] 006/225 VUs  09m31.8s/12m0s  24.69 iters/s

running (09m32.9s), 010/225 VUs, 8544 complete and 0 interrupted iterations
openloop_oscillating   [  80% ] 010/225 VUs  09m32.8s/12m0s  24.53 iters/s

running (09m33.9s), 012/225 VUs, 8567 complete and 0 interrupted iterations
openloop_oscillating   [  80% ] 012/225 VUs  09m33.8s/12m0s  24.36 iters/s

running (09m34.9s), 027/225 VUs, 8576 complete and 0 interrupted iterations
openloop_oscillating   [  80% ] 027/225 VUs  09m34.8s/12m0s  24.20 iters/s

running (09m35.9s), 012/225 VUs, 8615 complete and 0 interrupted iterations
openloop_oscillating   [  80% ] 012/225 VUs  09m35.8s/12m0s  24.03 iters/s

running (09m36.9s), 005/225 VUs, 8646 complete and 0 interrupted iterations
openloop_oscillating   [  80% ] 005/225 VUs  09m36.8s/12m0s  23.86 iters/s

running (09m37.9s), 014/225 VUs, 8661 complete and 0 interrupted iterations
openloop_oscillating   [  80% ] 014/225 VUs  09m37.8s/12m0s  23.70 iters/s

running (09m38.9s), 008/225 VUs, 8691 complete and 0 interrupted iterations
openloop_oscillating   [  80% ] 008/225 VUs  09m38.8s/12m0s  23.53 iters/s

running (09m39.9s), 004/225 VUs, 8718 complete and 0 interrupted iterations
openloop_oscillating   [  81% ] 004/225 VUs  09m39.8s/12m0s  23.36 iters/s

running (09m40.9s), 005/225 VUs, 8740 complete and 0 interrupted iterations
openloop_oscillating   [  81% ] 005/225 VUs  09m40.8s/12m0s  23.20 iters/s

running (09m41.9s), 003/225 VUs, 8765 complete and 0 interrupted iterations
openloop_oscillating   [  81% ] 003/225 VUs  09m41.8s/12m0s  23.03 iters/s

running (09m42.9s), 001/225 VUs, 8790 complete and 0 interrupted iterations
openloop_oscillating   [  81% ] 001/225 VUs  09m42.8s/12m0s  22.87 iters/s

running (09m43.9s), 001/225 VUs, 8813 complete and 0 interrupted iterations
openloop_oscillating   [  81% ] 001/225 VUs  09m43.8s/12m0s  22.70 iters/s

running (09m44.9s), 001/225 VUs, 8836 complete and 0 interrupted iterations
openloop_oscillating   [  81% ] 001/225 VUs  09m44.8s/12m0s  22.53 iters/s

running (09m45.9s), 003/225 VUs, 8856 complete and 0 interrupted iterations
openloop_oscillating   [  81% ] 003/225 VUs  09m45.8s/12m0s  22.36 iters/s

running (09m46.9s), 003/225 VUs, 8878 complete and 0 interrupted iterations
openloop_oscillating   [  82% ] 003/225 VUs  09m46.8s/12m0s  22.20 iters/s

running (09m47.9s), 004/225 VUs, 8900 complete and 0 interrupted iterations
openloop_oscillating   [  82% ] 004/225 VUs  09m47.8s/12m0s  22.03 iters/s

running (09m48.9s), 006/225 VUs, 8920 complete and 0 interrupted iterations
openloop_oscillating   [  82% ] 006/225 VUs  09m48.8s/12m0s  21.86 iters/s

running (09m49.9s), 004/225 VUs, 8943 complete and 0 interrupted iterations
openloop_oscillating   [  82% ] 004/225 VUs  09m49.8s/12m0s  21.70 iters/s

running (09m50.9s), 001/225 VUs, 8968 complete and 0 interrupted iterations
openloop_oscillating   [  82% ] 001/225 VUs  09m50.8s/12m0s  21.53 iters/s

running (09m51.9s), 004/225 VUs, 8986 complete and 0 interrupted iterations
openloop_oscillating   [  82% ] 004/225 VUs  09m51.8s/12m0s  21.37 iters/s

running (09m52.9s), 002/225 VUs, 9010 complete and 0 interrupted iterations
openloop_oscillating   [  82% ] 002/225 VUs  09m52.8s/12m0s  21.19 iters/s

running (09m53.9s), 002/225 VUs, 9031 complete and 0 interrupted iterations
openloop_oscillating   [  82% ] 002/225 VUs  09m53.8s/12m0s  21.03 iters/s

running (09m54.9s), 001/225 VUs, 9053 complete and 0 interrupted iterations
openloop_oscillating   [  83% ] 001/225 VUs  09m54.8s/12m0s  20.86 iters/s

running (09m55.9s), 003/225 VUs, 9071 complete and 0 interrupted iterations
openloop_oscillating   [  83% ] 003/225 VUs  09m55.8s/12m0s  20.70 iters/s

running (09m56.9s), 007/225 VUs, 9088 complete and 0 interrupted iterations
openloop_oscillating   [  83% ] 007/225 VUs  09m56.8s/12m0s  20.53 iters/s

running (09m57.9s), 006/225 VUs, 9110 complete and 0 interrupted iterations
openloop_oscillating   [  83% ] 006/225 VUs  09m57.8s/12m0s  20.36 iters/s

running (09m58.9s), 006/225 VUs, 9130 complete and 0 interrupted iterations
openloop_oscillating   [  83% ] 006/225 VUs  09m58.8s/12m0s  20.19 iters/s

running (09m59.9s), 009/225 VUs, 9147 complete and 0 interrupted iterations
openloop_oscillating   [  83% ] 009/225 VUs  09m59.8s/12m0s  20.03 iters/s

running (10m00.9s), 000/225 VUs, 9176 complete and 0 interrupted iterations
openloop_oscillating   [  83% ] 000/225 VUs  10m00.8s/12m0s  19.86 iters/s

running (10m01.9s), 006/225 VUs, 9190 complete and 0 interrupted iterations
openloop_oscillating   [  84% ] 006/225 VUs  10m01.8s/12m0s  19.69 iters/s

running (10m02.9s), 004/225 VUs, 9211 complete and 0 interrupted iterations
openloop_oscillating   [  84% ] 004/225 VUs  10m02.8s/12m0s  19.53 iters/s

running (10m03.9s), 006/225 VUs, 9229 complete and 0 interrupted iterations
openloop_oscillating   [  84% ] 006/225 VUs  10m03.8s/12m0s  19.36 iters/s

running (10m04.9s), 007/225 VUs, 9247 complete and 0 interrupted iterations
openloop_oscillating   [  84% ] 007/225 VUs  10m04.8s/12m0s  19.20 iters/s

running (10m05.9s), 004/225 VUs, 9269 complete and 0 interrupted iterations
openloop_oscillating   [  84% ] 004/225 VUs  10m05.8s/12m0s  19.03 iters/s

running (10m06.9s), 007/225 VUs, 9285 complete and 0 interrupted iterations
openloop_oscillating   [  84% ] 007/225 VUs  10m06.8s/12m0s  18.86 iters/s

running (10m07.9s), 008/225 VUs, 9303 complete and 0 interrupted iterations
openloop_oscillating   [  84% ] 008/225 VUs  10m07.8s/12m0s  18.69 iters/s

running (10m08.9s), 005/225 VUs, 9324 complete and 0 interrupted iterations
openloop_oscillating   [  85% ] 005/225 VUs  10m08.8s/12m0s  18.53 iters/s

running (10m09.9s), 001/225 VUs, 9347 complete and 0 interrupted iterations
openloop_oscillating   [  85% ] 001/225 VUs  10m09.8s/12m0s  18.36 iters/s

running (10m10.9s), 003/225 VUs, 9363 complete and 0 interrupted iterations
openloop_oscillating   [  85% ] 003/225 VUs  10m10.8s/12m0s  18.20 iters/s

running (10m11.9s), 002/225 VUs, 9382 complete and 0 interrupted iterations
openloop_oscillating   [  85% ] 002/225 VUs  10m11.8s/12m0s  18.03 iters/s

running (10m12.9s), 000/225 VUs, 9402 complete and 0 interrupted iterations
openloop_oscillating   [  85% ] 000/225 VUs  10m12.8s/12m0s  17.87 iters/s

running (10m13.9s), 002/225 VUs, 9418 complete and 0 interrupted iterations
openloop_oscillating   [  85% ] 002/225 VUs  10m13.8s/12m0s  17.70 iters/s

running (10m14.9s), 001/225 VUs, 9437 complete and 0 interrupted iterations
openloop_oscillating   [  85% ] 001/225 VUs  10m14.8s/12m0s  17.53 iters/s

running (10m15.9s), 004/225 VUs, 9451 complete and 0 interrupted iterations
openloop_oscillating   [  86% ] 004/225 VUs  10m15.8s/12m0s  17.36 iters/s

running (10m16.9s), 002/225 VUs, 9470 complete and 0 interrupted iterations
openloop_oscillating   [  86% ] 002/225 VUs  10m16.8s/12m0s  17.20 iters/s

running (10m17.9s), 000/225 VUs, 9489 complete and 0 interrupted iterations
openloop_oscillating   [  86% ] 000/225 VUs  10m17.8s/12m0s  17.03 iters/s

running (10m18.9s), 001/225 VUs, 9505 complete and 0 interrupted iterations
openloop_oscillating   [  86% ] 001/225 VUs  10m18.8s/12m0s  16.87 iters/s

running (10m19.9s), 000/225 VUs, 9523 complete and 0 interrupted iterations
openloop_oscillating   [  86% ] 000/225 VUs  10m19.8s/12m0s  16.70 iters/s

running (10m20.9s), 003/225 VUs, 9537 complete and 0 interrupted iterations
openloop_oscillating   [  86% ] 003/225 VUs  10m20.8s/12m0s  16.53 iters/s

running (10m21.9s), 001/225 VUs, 9555 complete and 0 interrupted iterations
openloop_oscillating   [  86% ] 001/225 VUs  10m21.8s/12m0s  16.37 iters/s

running (10m22.9s), 001/225 VUs, 9572 complete and 0 interrupted iterations
openloop_oscillating   [  87% ] 001/225 VUs  10m22.8s/12m0s  16.19 iters/s

running (10m23.9s), 002/225 VUs, 9587 complete and 0 interrupted iterations
openloop_oscillating   [  87% ] 002/225 VUs  10m23.8s/12m0s  16.03 iters/s

running (10m24.9s), 000/225 VUs, 9605 complete and 0 interrupted iterations
openloop_oscillating   [  87% ] 000/225 VUs  10m24.8s/12m0s  15.86 iters/s

running (10m25.9s), 000/225 VUs, 9620 complete and 0 interrupted iterations
openloop_oscillating   [  87% ] 000/225 VUs  10m25.8s/12m0s  15.70 iters/s

running (10m26.9s), 000/225 VUs, 9636 complete and 0 interrupted iterations
openloop_oscillating   [  87% ] 000/225 VUs  10m26.8s/12m0s  15.53 iters/s

running (10m27.9s), 002/225 VUs, 9649 complete and 0 interrupted iterations
openloop_oscillating   [  87% ] 002/225 VUs  10m27.8s/12m0s  15.37 iters/s

running (10m28.9s), 000/225 VUs, 9667 complete and 0 interrupted iterations
openloop_oscillating   [  87% ] 000/225 VUs  10m28.8s/12m0s  15.19 iters/s

running (10m29.9s), 000/225 VUs, 9682 complete and 0 interrupted iterations
openloop_oscillating   [  87% ] 000/225 VUs  10m29.8s/12m0s  15.03 iters/s

running (10m30.9s), 000/225 VUs, 9697 complete and 0 interrupted iterations
openloop_oscillating   [  88% ] 000/225 VUs  10m30.8s/12m0s  14.86 iters/s

running (10m31.9s), 001/225 VUs, 9711 complete and 0 interrupted iterations
openloop_oscillating   [  88% ] 001/225 VUs  10m31.8s/12m0s  14.69 iters/s

running (10m32.9s), 000/225 VUs, 9726 complete and 0 interrupted iterations
openloop_oscillating   [  88% ] 000/225 VUs  10m32.8s/12m0s  14.53 iters/s

running (10m33.9s), 002/225 VUs, 9739 complete and 0 interrupted iterations
openloop_oscillating   [  88% ] 002/225 VUs  10m33.8s/12m0s  14.36 iters/s

running (10m34.9s), 002/225 VUs, 9753 complete and 0 interrupted iterations
openloop_oscillating   [  88% ] 002/225 VUs  10m34.8s/12m0s  14.20 iters/s

running (10m35.9s), 004/225 VUs, 9765 complete and 0 interrupted iterations
openloop_oscillating   [  88% ] 004/225 VUs  10m35.8s/12m0s  14.03 iters/s

running (10m36.9s), 000/225 VUs, 9783 complete and 0 interrupted iterations
openloop_oscillating   [  88% ] 000/225 VUs  10m36.8s/12m0s  13.86 iters/s

running (10m37.9s), 003/225 VUs, 9794 complete and 0 interrupted iterations
openloop_oscillating   [  89% ] 003/225 VUs  10m37.8s/12m0s  13.69 iters/s

running (10m38.9s), 002/225 VUs, 9808 complete and 0 interrupted iterations
openloop_oscillating   [  89% ] 002/225 VUs  10m38.8s/12m0s  13.53 iters/s

running (10m39.9s), 000/225 VUs, 9824 complete and 0 interrupted iterations
openloop_oscillating   [  89% ] 000/225 VUs  10m39.8s/12m0s  13.36 iters/s

running (10m40.9s), 000/225 VUs, 9837 complete and 0 interrupted iterations
openloop_oscillating   [  89% ] 000/225 VUs  10m40.8s/12m0s  13.20 iters/s

running (10m41.9s), 001/225 VUs, 9849 complete and 0 interrupted iterations
openloop_oscillating   [  89% ] 001/225 VUs  10m41.8s/12m0s  13.03 iters/s

running (10m42.9s), 001/225 VUs, 9862 complete and 0 interrupted iterations
openloop_oscillating   [  89% ] 001/225 VUs  10m42.8s/12m0s  12.86 iters/s

running (10m43.9s), 002/225 VUs, 9874 complete and 0 interrupted iterations
openloop_oscillating   [  89% ] 002/225 VUs  10m43.8s/12m0s  12.70 iters/s

running (10m44.9s), 001/225 VUs, 9888 complete and 0 interrupted iterations
openloop_oscillating   [  90% ] 001/225 VUs  10m44.8s/12m0s  12.52 iters/s

running (10m45.9s), 003/225 VUs, 9898 complete and 0 interrupted iterations
openloop_oscillating   [  90% ] 003/225 VUs  10m45.8s/12m0s  12.36 iters/s

running (10m46.9s), 003/225 VUs, 9910 complete and 0 interrupted iterations
openloop_oscillating   [  90% ] 003/225 VUs  10m46.8s/12m0s  12.20 iters/s

running (10m47.9s), 003/225 VUs, 9922 complete and 0 interrupted iterations
openloop_oscillating   [  90% ] 003/225 VUs  10m47.8s/12m0s  12.03 iters/s

running (10m48.9s), 000/225 VUs, 9937 complete and 0 interrupted iterations
openloop_oscillating   [  90% ] 000/225 VUs  10m48.8s/12m0s  11.87 iters/s

running (10m49.9s), 002/225 VUs, 9947 complete and 0 interrupted iterations
openloop_oscillating   [  90% ] 002/225 VUs  10m49.8s/12m0s  11.70 iters/s

running (10m50.9s), 003/225 VUs, 9958 complete and 0 interrupted iterations
openloop_oscillating   [  90% ] 003/225 VUs  10m50.8s/12m0s  11.53 iters/s

running (10m51.9s), 001/225 VUs, 9971 complete and 0 interrupted iterations
openloop_oscillating   [  91% ] 001/225 VUs  10m51.8s/12m0s  11.37 iters/s

running (10m52.9s), 001/225 VUs, 9982 complete and 0 interrupted iterations
openloop_oscillating   [  91% ] 001/225 VUs  10m52.8s/12m0s  11.20 iters/s

running (10m53.9s), 001/225 VUs, 9994 complete and 0 interrupted iterations
openloop_oscillating   [  91% ] 001/225 VUs  10m53.8s/12m0s  11.02 iters/s

running (10m54.9s), 001/225 VUs, 10004 complete and 0 interrupted iterations
openloop_oscillating   [  91% ] 001/225 VUs  10m54.8s/12m0s  10.87 iters/s

running (10m55.9s), 001/225 VUs, 10015 complete and 0 interrupted iterations
openloop_oscillating   [  91% ] 001/225 VUs  10m55.8s/12m0s  10.70 iters/s

running (10m56.9s), 000/225 VUs, 10027 complete and 0 interrupted iterations
openloop_oscillating   [  91% ] 000/225 VUs  10m56.8s/12m0s  10.53 iters/s

running (10m57.9s), 000/225 VUs, 10037 complete and 0 interrupted iterations
openloop_oscillating   [  91% ] 000/225 VUs  10m57.8s/12m0s  10.37 iters/s

running (10m58.9s), 000/225 VUs, 10048 complete and 0 interrupted iterations
openloop_oscillating   [  92% ] 000/225 VUs  10m58.8s/12m0s  10.19 iters/s

running (10m59.9s), 000/225 VUs, 10058 complete and 0 interrupted iterations
openloop_oscillating   [  92% ] 000/225 VUs  10m59.8s/12m0s  10.02 iters/s

running (11m00.9s), 001/225 VUs, 10067 complete and 0 interrupted iterations
openloop_oscillating   [  92% ] 001/225 VUs  11m00.8s/12m0s  09.86 iters/s

running (11m01.9s), 003/225 VUs, 10074 complete and 0 interrupted iterations
openloop_oscillating   [  92% ] 003/225 VUs  11m01.8s/12m0s  09.70 iters/s

running (11m02.9s), 001/225 VUs, 10086 complete and 0 interrupted iterations
openloop_oscillating   [  92% ] 001/225 VUs  11m02.8s/12m0s  09.53 iters/s

running (11m03.9s), 002/225 VUs, 10095 complete and 0 interrupted iterations
openloop_oscillating   [  92% ] 002/225 VUs  11m03.8s/12m0s  09.35 iters/s

running (11m04.9s), 001/225 VUs, 10105 complete and 0 interrupted iterations
openloop_oscillating   [  92% ] 001/225 VUs  11m04.8s/12m0s  09.19 iters/s

running (11m05.9s), 001/225 VUs, 10114 complete and 0 interrupted iterations
openloop_oscillating   [  92% ] 001/225 VUs  11m05.8s/12m0s  09.03 iters/s

running (11m06.9s), 000/225 VUs, 10124 complete and 0 interrupted iterations
openloop_oscillating   [  93% ] 000/225 VUs  11m06.8s/12m0s  08.86 iters/s

running (11m07.9s), 002/225 VUs, 10131 complete and 0 interrupted iterations
openloop_oscillating   [  93% ] 002/225 VUs  11m07.8s/12m0s  08.69 iters/s

running (11m08.9s), 000/225 VUs, 10141 complete and 0 interrupted iterations
openloop_oscillating   [  93% ] 000/225 VUs  11m08.8s/12m0s  08.53 iters/s

running (11m09.9s), 001/225 VUs, 10149 complete and 0 interrupted iterations
openloop_oscillating   [  93% ] 001/225 VUs  11m09.8s/12m0s  08.36 iters/s

running (11m10.9s), 001/225 VUs, 10157 complete and 0 interrupted iterations
openloop_oscillating   [  93% ] 001/225 VUs  11m10.8s/12m0s  08.20 iters/s

running (11m11.9s), 000/225 VUs, 10166 complete and 0 interrupted iterations
openloop_oscillating   [  93% ] 000/225 VUs  11m11.8s/12m0s  08.03 iters/s

running (11m12.9s), 000/225 VUs, 10174 complete and 0 interrupted iterations
openloop_oscillating   [  93% ] 000/225 VUs  11m12.8s/12m0s  07.86 iters/s

running (11m13.9s), 000/225 VUs, 10182 complete and 0 interrupted iterations
openloop_oscillating   [  94% ] 000/225 VUs  11m13.8s/12m0s  07.69 iters/s

running (11m14.9s), 001/225 VUs, 10188 complete and 0 interrupted iterations
openloop_oscillating   [  94% ] 001/225 VUs  11m14.8s/12m0s  07.54 iters/s

running (11m15.9s), 001/225 VUs, 10196 complete and 0 interrupted iterations
openloop_oscillating   [  94% ] 001/225 VUs  11m15.8s/12m0s  07.36 iters/s

running (11m16.9s), 001/225 VUs, 10203 complete and 0 interrupted iterations
openloop_oscillating   [  94% ] 001/225 VUs  11m16.8s/12m0s  07.20 iters/s

running (11m17.9s), 000/225 VUs, 10211 complete and 0 interrupted iterations
openloop_oscillating   [  94% ] 000/225 VUs  11m17.8s/12m0s  07.04 iters/s

running (11m18.9s), 000/225 VUs, 10218 complete and 0 interrupted iterations
openloop_oscillating   [  94% ] 000/225 VUs  11m18.8s/12m0s  06.87 iters/s

running (11m19.9s), 000/225 VUs, 10225 complete and 0 interrupted iterations
openloop_oscillating   [  94% ] 000/225 VUs  11m19.8s/12m0s  06.70 iters/s

running (11m20.9s), 001/225 VUs, 10231 complete and 0 interrupted iterations
openloop_oscillating   [  95% ] 001/225 VUs  11m20.8s/12m0s  06.52 iters/s

running (11m21.9s), 001/225 VUs, 10237 complete and 0 interrupted iterations
openloop_oscillating   [  95% ] 001/225 VUs  11m21.8s/12m0s  06.36 iters/s

running (11m22.9s), 002/225 VUs, 10242 complete and 0 interrupted iterations
openloop_oscillating   [  95% ] 002/225 VUs  11m22.8s/12m0s  06.20 iters/s

running (11m23.9s), 000/225 VUs, 10250 complete and 0 interrupted iterations
openloop_oscillating   [  95% ] 000/225 VUs  11m23.8s/12m0s  06.04 iters/s

running (11m24.9s), 001/225 VUs, 10255 complete and 0 interrupted iterations
openloop_oscillating   [  95% ] 001/225 VUs  11m24.8s/12m0s  05.87 iters/s

running (11m25.9s), 000/225 VUs, 10262 complete and 0 interrupted iterations
openloop_oscillating   [  95% ] 000/225 VUs  11m25.8s/12m0s  05.70 iters/s

running (11m26.9s), 000/225 VUs, 10268 complete and 0 interrupted iterations
openloop_oscillating   [  95% ] 000/225 VUs  11m26.8s/12m0s  05.52 iters/s

running (11m27.9s), 000/225 VUs, 10273 complete and 0 interrupted iterations
openloop_oscillating   [  96% ] 000/225 VUs  11m27.8s/12m0s  05.37 iters/s

running (11m28.9s), 000/225 VUs, 10278 complete and 0 interrupted iterations
openloop_oscillating   [  96% ] 000/225 VUs  11m28.8s/12m0s  05.21 iters/s

running (11m29.9s), 001/225 VUs, 10283 complete and 0 interrupted iterations
openloop_oscillating   [  96% ] 001/225 VUs  11m29.8s/12m0s  05.02 iters/s

running (11m30.9s), 000/225 VUs, 10289 complete and 0 interrupted iterations
openloop_oscillating   [  96% ] 000/225 VUs  11m30.8s/12m0s  04.85 iters/s

running (11m31.9s), 001/225 VUs, 10292 complete and 0 interrupted iterations
openloop_oscillating   [  96% ] 001/225 VUs  11m31.8s/12m0s  04.71 iters/s

running (11m32.9s), 000/225 VUs, 10298 complete and 0 interrupted iterations
openloop_oscillating   [  96% ] 000/225 VUs  11m32.8s/12m0s  04.53 iters/s

running (11m33.9s), 000/225 VUs, 10302 complete and 0 interrupted iterations
openloop_oscillating   [  96% ] 000/225 VUs  11m33.8s/12m0s  04.38 iters/s

running (11m34.9s), 000/225 VUs, 10307 complete and 0 interrupted iterations
openloop_oscillating   [  97% ] 000/225 VUs  11m34.8s/12m0s  04.18 iters/s

running (11m35.9s), 001/225 VUs, 10310 complete and 0 interrupted iterations
openloop_oscillating   [  97% ] 001/225 VUs  11m35.8s/12m0s  04.02 iters/s

running (11m36.9s), 001/225 VUs, 10314 complete and 0 interrupted iterations
openloop_oscillating   [  97% ] 001/225 VUs  11m36.8s/12m0s  03.85 iters/s

running (11m37.9s), 002/225 VUs, 10317 complete and 0 interrupted iterations
openloop_oscillating   [  97% ] 002/225 VUs  11m37.8s/12m0s  03.67 iters/s

running (11m38.9s), 000/225 VUs, 10322 complete and 0 interrupted iterations
openloop_oscillating   [  97% ] 000/225 VUs  11m38.8s/12m0s  03.54 iters/s

running (11m39.9s), 000/225 VUs, 10326 complete and 0 interrupted iterations
openloop_oscillating   [  97% ] 000/225 VUs  11m39.8s/12m0s  03.34 iters/s

running (11m40.9s), 000/225 VUs, 10329 complete and 0 interrupted iterations
openloop_oscillating   [  97% ] 000/225 VUs  11m40.8s/12m0s  03.19 iters/s

running (11m41.9s), 001/225 VUs, 10331 complete and 0 interrupted iterations
openloop_oscillating   [  97% ] 001/225 VUs  11m41.8s/12m0s  03.03 iters/s

running (11m42.9s), 001/225 VUs, 10334 complete and 0 interrupted iterations
openloop_oscillating   [  98% ] 001/225 VUs  11m42.8s/12m0s  02.86 iters/s

running (11m43.9s), 000/225 VUs, 10338 complete and 0 interrupted iterations
openloop_oscillating   [  98% ] 000/225 VUs  11m43.8s/12m0s  02.68 iters/s

running (11m44.9s), 000/225 VUs, 10340 complete and 0 interrupted iterations
openloop_oscillating   [  98% ] 000/225 VUs  11m44.8s/12m0s  02.55 iters/s

running (11m45.9s), 000/225 VUs, 10343 complete and 0 interrupted iterations
openloop_oscillating   [  98% ] 000/225 VUs  11m45.8s/12m0s  02.34 iters/s

running (11m46.9s), 000/225 VUs, 10345 complete and 0 interrupted iterations
openloop_oscillating   [  98% ] 000/225 VUs  11m46.8s/12m0s  02.20 iters/s

running (11m47.9s), 001/225 VUs, 10346 complete and 0 interrupted iterations
openloop_oscillating   [  98% ] 001/225 VUs  11m47.8s/12m0s  02.04 iters/s

running (11m48.9s), 000/225 VUs, 10349 complete and 0 interrupted iterations
openloop_oscillating   [  98% ] 000/225 VUs  11m48.8s/12m0s  01.87 iters/s

running (11m49.9s), 000/225 VUs, 10351 complete and 0 interrupted iterations
openloop_oscillating   [  99% ] 000/225 VUs  11m49.8s/12m0s  01.68 iters/s

running (11m50.9s), 000/225 VUs, 10352 complete and 0 interrupted iterations
openloop_oscillating   [  99% ] 000/225 VUs  11m50.8s/12m0s  01.58 iters/s

running (11m51.9s), 001/225 VUs, 10353 complete and 0 interrupted iterations
openloop_oscillating   [  99% ] 001/225 VUs  11m51.8s/12m0s  01.35 iters/s

running (11m52.9s), 000/225 VUs, 10355 complete and 0 interrupted iterations
openloop_oscillating   [  99% ] 000/225 VUs  11m52.8s/12m0s  01.22 iters/s

running (11m53.9s), 000/225 VUs, 10356 complete and 0 interrupted iterations
openloop_oscillating   [  99% ] 000/225 VUs  11m53.8s/12m0s  01.08 iters/s

running (11m54.9s), 000/225 VUs, 10357 complete and 0 interrupted iterations
openloop_oscillating   [  99% ] 000/225 VUs  11m54.8s/12m0s  00.91 iters/s

running (11m55.9s), 000/225 VUs, 10358 complete and 0 interrupted iterations
openloop_oscillating   [  99% ] 000/225 VUs  11m55.8s/12m0s  00.70 iters/s

running (11m56.9s), 000/225 VUs, 10359 complete and 0 interrupted iterations
openloop_oscillating   [ 100% ] 000/225 VUs  11m56.8s/12m0s  00.29 iters/s

running (11m57.9s), 000/225 VUs, 10359 complete and 0 interrupted iterations
openloop_oscillating   [ 100% ] 000/225 VUs  11m57.8s/12m0s  00.29 iters/s

running (11m58.9s), 000/225 VUs, 10359 complete and 0 interrupted iterations
openloop_oscillating   [ 100% ] 000/225 VUs  11m58.8s/12m0s  00.29 iters/s

running (11m59.9s), 000/225 VUs, 10359 complete and 0 interrupted iterations
openloop_oscillating   [ 100% ] 000/225 VUs  11m59.8s/12m0s  00.29 iters/s

     ✗ login status is 200
      ↳  64% — ✓ 1967 / ✗ 1103
     ✗ login returns access token
      ↳  64% — ✓ 1967 / ✗ 1103
     ✗ login response time < 1000ms
      ↳  63% — ✓ 1950 / ✗ 1120
     ✗ me status is 200
      ↳  74% — ✓ 5458 / ✗ 1831
     ✗ me returns user data
      ↳  74% — ✓ 5458 / ✗ 1831
     ✗ me response time < 500ms
      ↳  79% — ✓ 5786 / ✗ 1503

     █ setup

     checks.........................: 72.67% ✓ 22586    ✗ 8491 
     data_received..................: 4.3 MB 6.0 kB/s
     data_sent......................: 5.2 MB 7.2 kB/s
     http_req_blocked...............: avg=1.01ms   min=111.08µs med=1.05ms   max=24.15ms  p(90)=1.35ms  p(95)=1.68ms  p(99)=4.42ms 
     http_req_connecting............: avg=960.16µs min=86.37µs  med=1ms      max=24.11ms  p(90)=1.3ms   p(95)=1.61ms  p(99)=4.34ms 
     http_req_duration..............: avg=593.35ms min=982.34µs med=118.49ms max=5s       p(90)=1.58s   p(95)=3.25s   p(99)=4.99s  
       { expected_response:true }...: avg=497.35ms min=2.42ms   med=78.84ms  max=4.98s    p(90)=1.54s   p(95)=2.55s   p(99)=4.4s   
     http_req_failed................: 28.32% ✓ 2934     ✗ 7425 
     http_req_receiving.............: avg=4.95ms   min=0s       med=94.46µs  max=802.09ms p(90)=1.53ms  p(95)=4.45ms  p(99)=99.57ms
     http_req_sending...............: avg=43.99µs  min=16.61µs  med=43.02µs  max=327.77µs p(90)=56.45µs p(95)=62.12µs p(99)=73.77µs
     http_req_tls_handshaking.......: avg=0s       min=0s       med=0s       max=0s       p(90)=0s      p(95)=0s      p(99)=0s     
     http_req_waiting...............: avg=588.35ms min=855.14µs med=116.96ms max=5s       p(90)=1.57s   p(95)=3.24s   p(99)=4.99s  
     http_reqs......................: 10359  14.38687/s
     iteration_duration.............: avg=594.51ms min=2.19ms   med=119.73ms max=5s       p(90)=1.58s   p(95)=3.25s   p(99)=5s     
     iterations.....................: 10359  14.38687/s
     req_e2e_duration...............: avg=594.42ms min=2ms      med=120ms    max=5s       p(90)=1.58s   p(95)=3.25s   p(99)=5s     
     vus............................: 0      min=0      max=55 
     vus_max........................: 225    min=225    max=225


running (12m00.0s), 000/225 VUs, 10359 complete and 0 interrupted iterations
openloop_oscillating ✓ [ 100% ] 000/225 VUs  12m0s  00.29 iters/s
[openloop-wrapper] k6 exit code 0
