
          /\      |‾‾| /‾‾/   /‾‾/   
     /\  /  \     |  |/  /   /  /    
    /  \/    \    |     (   /   ‾‾\  
   /          \   |  |\  \ |  (‾)  | 
  / __________ \  |__| \__\ \_____/ .io

  execution: local
     script: /scripts/load-test.js
     output: json (/results/results.json.gz)

  scenarios: (100.00%) 1 scenario, 225 max VUs, 12m30s max duration (incl. graceful stop):
           * openloop_spike: Up to 30.00 iterations/s for 12m0s over 4 stages (maxVUs: 225, gracefulStop: 30s)

time="2026-10-06T14:25:05Z" level=info msg="OPENLOOP_CONFIG service=auth-service pattern=spike base_rate=2 peak_rate=30 timeout=5s vu_factor=1.5 openloop_spike:ramping-arrival-rate:vus=225/225" source=console
time="2026-10-06T14:25:05Z" level=info msg="PREAUTH_USED tokens=120" source=console
time="2026-10-06T14:25:06Z" level=info msg="SCENARIO_START name=openloop_spike start_ms=1791296705587" source=console

running (00m00.9s), 000/225 VUs, 1 complete and 0 interrupted iterations
openloop_spike   [   0% ] 000/225 VUs  00m00.8s/12m0s  02.00 iters/s

running (00m01.9s), 000/225 VUs, 3 complete and 0 interrupted iterations
openloop_spike   [   0% ] 000/225 VUs  00m01.8s/12m0s  02.00 iters/s

running (00m02.9s), 000/225 VUs, 5 complete and 0 interrupted iterations
openloop_spike   [   0% ] 000/225 VUs  00m02.8s/12m0s  02.00 iters/s

running (00m03.9s), 000/225 VUs, 7 complete and 0 interrupted iterations
openloop_spike   [   1% ] 000/225 VUs  00m03.8s/12m0s  02.00 iters/s

running (00m04.9s), 001/225 VUs, 8 complete and 0 interrupted iterations
openloop_spike   [   1% ] 001/225 VUs  00m04.8s/12m0s  02.00 iters/s

running (00m05.9s), 000/225 VUs, 11 complete and 0 interrupted iterations
openloop_spike   [   1% ] 000/225 VUs  00m05.8s/12m0s  02.00 iters/s

running (00m06.9s), 000/225 VUs, 13 complete and 0 interrupted iterations
openloop_spike   [   1% ] 000/225 VUs  00m06.8s/12m0s  02.00 iters/s

running (00m07.9s), 000/225 VUs, 15 complete and 0 interrupted iterations
openloop_spike   [   1% ] 000/225 VUs  00m07.8s/12m0s  02.00 iters/s

running (00m08.9s), 000/225 VUs, 17 complete and 0 interrupted iterations
openloop_spike   [   1% ] 000/225 VUs  00m08.8s/12m0s  02.00 iters/s

running (00m09.9s), 000/225 VUs, 19 complete and 0 interrupted iterations
openloop_spike   [   1% ] 000/225 VUs  00m09.8s/12m0s  02.00 iters/s

running (00m10.9s), 000/225 VUs, 21 complete and 0 interrupted iterations
openloop_spike   [   2% ] 000/225 VUs  00m10.8s/12m0s  02.00 iters/s

running (00m11.9s), 000/225 VUs, 23 complete and 0 interrupted iterations
openloop_spike   [   2% ] 000/225 VUs  00m11.8s/12m0s  02.00 iters/s

running (00m12.9s), 000/225 VUs, 25 complete and 0 interrupted iterations
openloop_spike   [   2% ] 000/225 VUs  00m12.8s/12m0s  02.00 iters/s

running (00m13.9s), 000/225 VUs, 27 complete and 0 interrupted iterations
openloop_spike   [   2% ] 000/225 VUs  00m13.8s/12m0s  02.00 iters/s

running (00m14.9s), 000/225 VUs, 29 complete and 0 interrupted iterations
openloop_spike   [   2% ] 000/225 VUs  00m14.8s/12m0s  02.00 iters/s

running (00m15.9s), 000/225 VUs, 31 complete and 0 interrupted iterations
openloop_spike   [   2% ] 000/225 VUs  00m15.8s/12m0s  02.00 iters/s

running (00m16.9s), 000/225 VUs, 33 complete and 0 interrupted iterations
openloop_spike   [   2% ] 000/225 VUs  00m16.8s/12m0s  02.00 iters/s

running (00m17.9s), 000/225 VUs, 35 complete and 0 interrupted iterations
openloop_spike   [   2% ] 000/225 VUs  00m17.8s/12m0s  02.00 iters/s

running (00m18.9s), 000/225 VUs, 37 complete and 0 interrupted iterations
openloop_spike   [   3% ] 000/225 VUs  00m18.8s/12m0s  02.00 iters/s

running (00m19.9s), 000/225 VUs, 39 complete and 0 interrupted iterations
openloop_spike   [   3% ] 000/225 VUs  00m19.8s/12m0s  02.00 iters/s

running (00m20.9s), 000/225 VUs, 41 complete and 0 interrupted iterations
openloop_spike   [   3% ] 000/225 VUs  00m20.8s/12m0s  02.00 iters/s

running (00m21.9s), 000/225 VUs, 43 complete and 0 interrupted iterations
openloop_spike   [   3% ] 000/225 VUs  00m21.8s/12m0s  02.00 iters/s

running (00m22.9s), 000/225 VUs, 45 complete and 0 interrupted iterations
openloop_spike   [   3% ] 000/225 VUs  00m22.8s/12m0s  02.00 iters/s

running (00m23.9s), 000/225 VUs, 47 complete and 0 interrupted iterations
openloop_spike   [   3% ] 000/225 VUs  00m23.8s/12m0s  02.00 iters/s

running (00m24.9s), 001/225 VUs, 48 complete and 0 interrupted iterations
openloop_spike   [   3% ] 001/225 VUs  00m24.8s/12m0s  02.00 iters/s

running (00m25.9s), 000/225 VUs, 51 complete and 0 interrupted iterations
openloop_spike   [   4% ] 000/225 VUs  00m25.8s/12m0s  02.00 iters/s

running (00m26.9s), 000/225 VUs, 53 complete and 0 interrupted iterations
openloop_spike   [   4% ] 000/225 VUs  00m26.8s/12m0s  02.00 iters/s

running (00m27.9s), 000/225 VUs, 55 complete and 0 interrupted iterations
openloop_spike   [   4% ] 000/225 VUs  00m27.8s/12m0s  02.00 iters/s

running (00m28.9s), 000/225 VUs, 57 complete and 0 interrupted iterations
openloop_spike   [   4% ] 000/225 VUs  00m28.8s/12m0s  02.00 iters/s

running (00m29.9s), 000/225 VUs, 59 complete and 0 interrupted iterations
openloop_spike   [   4% ] 000/225 VUs  00m29.8s/12m0s  02.00 iters/s

running (00m30.9s), 000/225 VUs, 61 complete and 0 interrupted iterations
openloop_spike   [   4% ] 000/225 VUs  00m30.8s/12m0s  02.00 iters/s

running (00m31.9s), 000/225 VUs, 63 complete and 0 interrupted iterations
openloop_spike   [   4% ] 000/225 VUs  00m31.8s/12m0s  02.00 iters/s

running (00m32.9s), 000/225 VUs, 65 complete and 0 interrupted iterations
openloop_spike   [   5% ] 000/225 VUs  00m32.8s/12m0s  02.00 iters/s

running (00m33.9s), 000/225 VUs, 67 complete and 0 interrupted iterations
openloop_spike   [   5% ] 000/225 VUs  00m33.8s/12m0s  02.00 iters/s

running (00m34.9s), 000/225 VUs, 69 complete and 0 interrupted iterations
openloop_spike   [   5% ] 000/225 VUs  00m34.8s/12m0s  02.00 iters/s

running (00m35.9s), 000/225 VUs, 71 complete and 0 interrupted iterations
openloop_spike   [   5% ] 000/225 VUs  00m35.8s/12m0s  02.00 iters/s

running (00m36.9s), 000/225 VUs, 73 complete and 0 interrupted iterations
openloop_spike   [   5% ] 000/225 VUs  00m36.8s/12m0s  02.00 iters/s

running (00m37.9s), 000/225 VUs, 75 complete and 0 interrupted iterations
openloop_spike   [   5% ] 000/225 VUs  00m37.8s/12m0s  02.00 iters/s

running (00m38.9s), 000/225 VUs, 77 complete and 0 interrupted iterations
openloop_spike   [   5% ] 000/225 VUs  00m38.8s/12m0s  02.00 iters/s

running (00m39.9s), 000/225 VUs, 79 complete and 0 interrupted iterations
openloop_spike   [   6% ] 000/225 VUs  00m39.8s/12m0s  02.00 iters/s

running (00m40.9s), 000/225 VUs, 81 complete and 0 interrupted iterations
openloop_spike   [   6% ] 000/225 VUs  00m40.8s/12m0s  02.00 iters/s

running (00m41.9s), 001/225 VUs, 82 complete and 0 interrupted iterations
openloop_spike   [   6% ] 001/225 VUs  00m41.8s/12m0s  02.00 iters/s

running (00m42.9s), 000/225 VUs, 85 complete and 0 interrupted iterations
openloop_spike   [   6% ] 000/225 VUs  00m42.8s/12m0s  02.00 iters/s

running (00m43.9s), 000/225 VUs, 87 complete and 0 interrupted iterations
openloop_spike   [   6% ] 000/225 VUs  00m43.8s/12m0s  02.00 iters/s

running (00m44.9s), 001/225 VUs, 88 complete and 0 interrupted iterations
openloop_spike   [   6% ] 001/225 VUs  00m44.8s/12m0s  02.00 iters/s

running (00m45.9s), 000/225 VUs, 91 complete and 0 interrupted iterations
openloop_spike   [   6% ] 000/225 VUs  00m45.8s/12m0s  02.00 iters/s

running (00m46.9s), 000/225 VUs, 93 complete and 0 interrupted iterations
openloop_spike   [   7% ] 000/225 VUs  00m46.8s/12m0s  02.00 iters/s

running (00m47.9s), 000/225 VUs, 95 complete and 0 interrupted iterations
openloop_spike   [   7% ] 000/225 VUs  00m47.8s/12m0s  02.00 iters/s

running (00m48.9s), 000/225 VUs, 97 complete and 0 interrupted iterations
openloop_spike   [   7% ] 000/225 VUs  00m48.8s/12m0s  02.00 iters/s

running (00m49.9s), 000/225 VUs, 99 complete and 0 interrupted iterations
openloop_spike   [   7% ] 000/225 VUs  00m49.8s/12m0s  02.00 iters/s

running (00m50.9s), 000/225 VUs, 101 complete and 0 interrupted iterations
openloop_spike   [   7% ] 000/225 VUs  00m50.8s/12m0s  02.00 iters/s

running (00m51.9s), 000/225 VUs, 103 complete and 0 interrupted iterations
openloop_spike   [   7% ] 000/225 VUs  00m51.8s/12m0s  02.00 iters/s

running (00m52.9s), 000/225 VUs, 105 complete and 0 interrupted iterations
openloop_spike   [   7% ] 000/225 VUs  00m52.8s/12m0s  02.00 iters/s

running (00m53.9s), 000/225 VUs, 107 complete and 0 interrupted iterations
openloop_spike   [   7% ] 000/225 VUs  00m53.8s/12m0s  02.00 iters/s

running (00m54.9s), 000/225 VUs, 109 complete and 0 interrupted iterations
openloop_spike   [   8% ] 000/225 VUs  00m54.8s/12m0s  02.00 iters/s

running (00m55.9s), 000/225 VUs, 111 complete and 0 interrupted iterations
openloop_spike   [   8% ] 000/225 VUs  00m55.8s/12m0s  02.00 iters/s

running (00m56.9s), 000/225 VUs, 113 complete and 0 interrupted iterations
openloop_spike   [   8% ] 000/225 VUs  00m56.8s/12m0s  02.00 iters/s

running (00m57.9s), 000/225 VUs, 115 complete and 0 interrupted iterations
openloop_spike   [   8% ] 000/225 VUs  00m57.8s/12m0s  02.00 iters/s

running (00m58.9s), 000/225 VUs, 117 complete and 0 interrupted iterations
openloop_spike   [   8% ] 000/225 VUs  00m58.8s/12m0s  02.00 iters/s

running (00m59.9s), 000/225 VUs, 119 complete and 0 interrupted iterations
openloop_spike   [   8% ] 000/225 VUs  00m59.8s/12m0s  02.00 iters/s

running (01m00.9s), 000/225 VUs, 121 complete and 0 interrupted iterations
openloop_spike   [   8% ] 000/225 VUs  01m00.8s/12m0s  02.00 iters/s

running (01m01.9s), 000/225 VUs, 123 complete and 0 interrupted iterations
openloop_spike   [   9% ] 000/225 VUs  01m01.8s/12m0s  02.00 iters/s

running (01m02.9s), 000/225 VUs, 125 complete and 0 interrupted iterations
openloop_spike   [   9% ] 000/225 VUs  01m02.8s/12m0s  02.00 iters/s

running (01m03.9s), 000/225 VUs, 127 complete and 0 interrupted iterations
openloop_spike   [   9% ] 000/225 VUs  01m03.8s/12m0s  02.00 iters/s

running (01m04.9s), 000/225 VUs, 129 complete and 0 interrupted iterations
openloop_spike   [   9% ] 000/225 VUs  01m04.8s/12m0s  02.00 iters/s

running (01m05.9s), 000/225 VUs, 131 complete and 0 interrupted iterations
openloop_spike   [   9% ] 000/225 VUs  01m05.8s/12m0s  02.00 iters/s

running (01m06.9s), 001/225 VUs, 132 complete and 0 interrupted iterations
openloop_spike   [   9% ] 001/225 VUs  01m06.8s/12m0s  02.00 iters/s

running (01m07.9s), 000/225 VUs, 135 complete and 0 interrupted iterations
openloop_spike   [   9% ] 000/225 VUs  01m07.8s/12m0s  02.00 iters/s

running (01m08.9s), 000/225 VUs, 137 complete and 0 interrupted iterations
openloop_spike   [  10% ] 000/225 VUs  01m08.8s/12m0s  02.00 iters/s

running (01m09.9s), 000/225 VUs, 139 complete and 0 interrupted iterations
openloop_spike   [  10% ] 000/225 VUs  01m09.8s/12m0s  02.00 iters/s

running (01m10.9s), 000/225 VUs, 141 complete and 0 interrupted iterations
openloop_spike   [  10% ] 000/225 VUs  01m10.8s/12m0s  02.00 iters/s

running (01m11.9s), 000/225 VUs, 143 complete and 0 interrupted iterations
openloop_spike   [  10% ] 000/225 VUs  01m11.8s/12m0s  02.00 iters/s

running (01m12.9s), 000/225 VUs, 145 complete and 0 interrupted iterations
openloop_spike   [  10% ] 000/225 VUs  01m12.8s/12m0s  02.00 iters/s

running (01m13.9s), 000/225 VUs, 147 complete and 0 interrupted iterations
openloop_spike   [  10% ] 000/225 VUs  01m13.8s/12m0s  02.00 iters/s

running (01m14.9s), 000/225 VUs, 149 complete and 0 interrupted iterations
openloop_spike   [  10% ] 000/225 VUs  01m14.8s/12m0s  02.00 iters/s

running (01m15.9s), 000/225 VUs, 151 complete and 0 interrupted iterations
openloop_spike   [  11% ] 000/225 VUs  01m15.8s/12m0s  02.00 iters/s

running (01m16.9s), 000/225 VUs, 153 complete and 0 interrupted iterations
openloop_spike   [  11% ] 000/225 VUs  01m16.8s/12m0s  02.00 iters/s

running (01m17.9s), 000/225 VUs, 155 complete and 0 interrupted iterations
openloop_spike   [  11% ] 000/225 VUs  01m17.8s/12m0s  02.00 iters/s

running (01m18.9s), 001/225 VUs, 156 complete and 0 interrupted iterations
openloop_spike   [  11% ] 001/225 VUs  01m18.8s/12m0s  02.00 iters/s

running (01m19.9s), 001/225 VUs, 158 complete and 0 interrupted iterations
openloop_spike   [  11% ] 001/225 VUs  01m19.8s/12m0s  02.00 iters/s

running (01m20.9s), 000/225 VUs, 161 complete and 0 interrupted iterations
openloop_spike   [  11% ] 000/225 VUs  01m20.8s/12m0s  02.00 iters/s

running (01m21.9s), 000/225 VUs, 163 complete and 0 interrupted iterations
openloop_spike   [  11% ] 000/225 VUs  01m21.8s/12m0s  02.00 iters/s

running (01m22.9s), 000/225 VUs, 165 complete and 0 interrupted iterations
openloop_spike   [  12% ] 000/225 VUs  01m22.8s/12m0s  02.00 iters/s

running (01m23.9s), 000/225 VUs, 167 complete and 0 interrupted iterations
openloop_spike   [  12% ] 000/225 VUs  01m23.8s/12m0s  02.00 iters/s

running (01m24.9s), 000/225 VUs, 169 complete and 0 interrupted iterations
openloop_spike   [  12% ] 000/225 VUs  01m24.8s/12m0s  02.00 iters/s

running (01m25.9s), 000/225 VUs, 171 complete and 0 interrupted iterations
openloop_spike   [  12% ] 000/225 VUs  01m25.8s/12m0s  02.00 iters/s

running (01m26.9s), 000/225 VUs, 173 complete and 0 interrupted iterations
openloop_spike   [  12% ] 000/225 VUs  01m26.8s/12m0s  02.00 iters/s

running (01m27.9s), 000/225 VUs, 175 complete and 0 interrupted iterations
openloop_spike   [  12% ] 000/225 VUs  01m27.8s/12m0s  02.00 iters/s

running (01m28.9s), 000/225 VUs, 177 complete and 0 interrupted iterations
openloop_spike   [  12% ] 000/225 VUs  01m28.8s/12m0s  02.00 iters/s

running (01m29.9s), 000/225 VUs, 179 complete and 0 interrupted iterations
openloop_spike   [  12% ] 000/225 VUs  01m29.8s/12m0s  02.00 iters/s

running (01m30.9s), 000/225 VUs, 181 complete and 0 interrupted iterations
openloop_spike   [  13% ] 000/225 VUs  01m30.8s/12m0s  02.00 iters/s

running (01m31.9s), 000/225 VUs, 183 complete and 0 interrupted iterations
openloop_spike   [  13% ] 000/225 VUs  01m31.8s/12m0s  02.00 iters/s

running (01m32.9s), 000/225 VUs, 185 complete and 0 interrupted iterations
openloop_spike   [  13% ] 000/225 VUs  01m32.8s/12m0s  02.00 iters/s

running (01m33.9s), 000/225 VUs, 187 complete and 0 interrupted iterations
openloop_spike   [  13% ] 000/225 VUs  01m33.8s/12m0s  02.00 iters/s

running (01m34.9s), 000/225 VUs, 189 complete and 0 interrupted iterations
openloop_spike   [  13% ] 000/225 VUs  01m34.8s/12m0s  02.00 iters/s

running (01m35.9s), 001/225 VUs, 190 complete and 0 interrupted iterations
openloop_spike   [  13% ] 001/225 VUs  01m35.8s/12m0s  02.00 iters/s

running (01m36.9s), 000/225 VUs, 193 complete and 0 interrupted iterations
openloop_spike   [  13% ] 000/225 VUs  01m36.8s/12m0s  02.00 iters/s

running (01m37.9s), 000/225 VUs, 195 complete and 0 interrupted iterations
openloop_spike   [  14% ] 000/225 VUs  01m37.8s/12m0s  02.00 iters/s

running (01m38.9s), 000/225 VUs, 197 complete and 0 interrupted iterations
openloop_spike   [  14% ] 000/225 VUs  01m38.8s/12m0s  02.00 iters/s

running (01m39.9s), 001/225 VUs, 198 complete and 0 interrupted iterations
openloop_spike   [  14% ] 001/225 VUs  01m39.8s/12m0s  02.00 iters/s

running (01m40.9s), 000/225 VUs, 201 complete and 0 interrupted iterations
openloop_spike   [  14% ] 000/225 VUs  01m40.8s/12m0s  02.00 iters/s

running (01m41.9s), 000/225 VUs, 203 complete and 0 interrupted iterations
openloop_spike   [  14% ] 000/225 VUs  01m41.8s/12m0s  02.00 iters/s

running (01m42.9s), 000/225 VUs, 205 complete and 0 interrupted iterations
openloop_spike   [  14% ] 000/225 VUs  01m42.8s/12m0s  02.00 iters/s

running (01m43.9s), 001/225 VUs, 206 complete and 0 interrupted iterations
openloop_spike   [  14% ] 001/225 VUs  01m43.8s/12m0s  02.00 iters/s

running (01m44.9s), 001/225 VUs, 208 complete and 0 interrupted iterations
openloop_spike   [  15% ] 001/225 VUs  01m44.8s/12m0s  02.00 iters/s

running (01m45.9s), 000/225 VUs, 211 complete and 0 interrupted iterations
openloop_spike   [  15% ] 000/225 VUs  01m45.8s/12m0s  02.00 iters/s

running (01m46.9s), 000/225 VUs, 213 complete and 0 interrupted iterations
openloop_spike   [  15% ] 000/225 VUs  01m46.8s/12m0s  02.00 iters/s

running (01m47.9s), 000/225 VUs, 215 complete and 0 interrupted iterations
openloop_spike   [  15% ] 000/225 VUs  01m47.8s/12m0s  02.00 iters/s

running (01m48.9s), 000/225 VUs, 217 complete and 0 interrupted iterations
openloop_spike   [  15% ] 000/225 VUs  01m48.8s/12m0s  02.00 iters/s

running (01m49.9s), 000/225 VUs, 219 complete and 0 interrupted iterations
openloop_spike   [  15% ] 000/225 VUs  01m49.8s/12m0s  02.00 iters/s

running (01m50.9s), 001/225 VUs, 220 complete and 0 interrupted iterations
openloop_spike   [  15% ] 001/225 VUs  01m50.8s/12m0s  02.00 iters/s

running (01m51.9s), 000/225 VUs, 223 complete and 0 interrupted iterations
openloop_spike   [  16% ] 000/225 VUs  01m51.8s/12m0s  02.00 iters/s

running (01m52.9s), 000/225 VUs, 225 complete and 0 interrupted iterations
openloop_spike   [  16% ] 000/225 VUs  01m52.8s/12m0s  02.00 iters/s

running (01m53.9s), 000/225 VUs, 227 complete and 0 interrupted iterations
openloop_spike   [  16% ] 000/225 VUs  01m53.8s/12m0s  02.00 iters/s

running (01m54.9s), 000/225 VUs, 229 complete and 0 interrupted iterations
openloop_spike   [  16% ] 000/225 VUs  01m54.8s/12m0s  02.00 iters/s

running (01m55.9s), 000/225 VUs, 231 complete and 0 interrupted iterations
openloop_spike   [  16% ] 000/225 VUs  01m55.8s/12m0s  02.00 iters/s

running (01m56.9s), 000/225 VUs, 233 complete and 0 interrupted iterations
openloop_spike   [  16% ] 000/225 VUs  01m56.8s/12m0s  02.00 iters/s

running (01m57.9s), 000/225 VUs, 235 complete and 0 interrupted iterations
openloop_spike   [  16% ] 000/225 VUs  01m57.8s/12m0s  02.00 iters/s

running (01m58.9s), 001/225 VUs, 236 complete and 0 interrupted iterations
openloop_spike   [  17% ] 001/225 VUs  01m58.8s/12m0s  02.00 iters/s

running (01m59.9s), 000/225 VUs, 239 complete and 0 interrupted iterations
openloop_spike   [  17% ] 000/225 VUs  01m59.8s/12m0s  02.00 iters/s

running (02m00.9s), 000/225 VUs, 242 complete and 0 interrupted iterations
openloop_spike   [  17% ] 000/225 VUs  02m00.8s/12m0s  04.23 iters/s

running (02m01.9s), 001/225 VUs, 247 complete and 0 interrupted iterations
openloop_spike   [  17% ] 001/225 VUs  02m01.8s/12m0s  07.18 iters/s

running (02m02.9s), 005/225 VUs, 251 complete and 0 interrupted iterations
openloop_spike   [  17% ] 005/225 VUs  02m02.8s/12m0s  09.82 iters/s

running (02m03.9s), 006/225 VUs, 262 complete and 0 interrupted iterations
openloop_spike   [  17% ] 006/225 VUs  02m03.8s/12m0s  12.79 iters/s

running (02m04.9s), 009/225 VUs, 273 complete and 0 interrupted iterations
openloop_spike   [  17% ] 009/225 VUs  02m04.8s/12m0s  15.56 iters/s

running (02m05.9s), 018/225 VUs, 281 complete and 0 interrupted iterations
openloop_spike   [  17% ] 018/225 VUs  02m05.8s/12m0s  18.36 iters/s

running (02m06.9s), 015/225 VUs, 304 complete and 0 interrupted iterations
openloop_spike   [  18% ] 015/225 VUs  02m06.8s/12m0s  21.19 iters/s
time="2026-10-06T14:27:13Z" level=warning msg="Request Failed" error="Post \"http://auth-service.ecommerce.svc.cluster.local:8001/auth/login\": request timeout"

running (02m07.9s), 014/225 VUs, 327 complete and 0 interrupted iterations
openloop_spike   [  18% ] 014/225 VUs  02m07.8s/12m0s  23.92 iters/s

running (02m08.9s), 016/225 VUs, 351 complete and 0 interrupted iterations
openloop_spike   [  18% ] 016/225 VUs  02m08.8s/12m0s  26.80 iters/s
time="2026-10-06T14:27:14Z" level=warning msg="Request Failed" error="Post \"http://auth-service.ecommerce.svc.cluster.local:8001/auth/login\": request timeout"

running (02m09.9s), 027/225 VUs, 368 complete and 0 interrupted iterations
openloop_spike   [  18% ] 027/225 VUs  02m09.8s/12m0s  29.58 iters/s
time="2026-10-06T14:27:15Z" level=warning msg="Request Failed" error="Post \"http://auth-service.ecommerce.svc.cluster.local:8001/auth/login\": request timeout"
time="2026-10-06T14:27:16Z" level=warning msg="Request Failed" error="Post \"http://auth-service.ecommerce.svc.cluster.local:8001/auth/login\": request timeout"

running (02m10.9s), 035/225 VUs, 390 complete and 0 interrupted iterations
openloop_spike   [  18% ] 035/225 VUs  02m10.8s/12m0s  30.00 iters/s
time="2026-10-06T14:27:17Z" level=warning msg="Request Failed" error="Post \"http://auth-service.ecommerce.svc.cluster.local:8001/auth/login\": request timeout"

running (02m11.9s), 024/225 VUs, 431 complete and 0 interrupted iterations
openloop_spike   [  18% ] 024/225 VUs  02m11.8s/12m0s  30.00 iters/s

running (02m12.9s), 042/225 VUs, 443 complete and 0 interrupted iterations
openloop_spike   [  18% ] 042/225 VUs  02m12.8s/12m0s  30.00 iters/s
time="2026-10-06T14:27:18Z" level=warning msg="Request Failed" error="Post \"http://auth-service.ecommerce.svc.cluster.local:8001/auth/login\": request timeout"
time="2026-10-06T14:27:18Z" level=warning msg="Request Failed" error="Post \"http://auth-service.ecommerce.svc.cluster.local:8001/auth/login\": request timeout"
time="2026-10-06T14:27:18Z" level=warning msg="Request Failed" error="Post \"http://auth-service.ecommerce.svc.cluster.local:8001/auth/login\": request timeout"

running (02m13.9s), 065/225 VUs, 450 complete and 0 interrupted iterations
openloop_spike   [  19% ] 065/225 VUs  02m13.8s/12m0s  30.00 iters/s
time="2026-10-06T14:27:19Z" level=warning msg="Request Failed" error="Post \"http://auth-service.ecommerce.svc.cluster.local:8001/auth/login\": request timeout"
time="2026-10-06T14:27:19Z" level=warning msg="Request Failed" error="Post \"http://auth-service.ecommerce.svc.cluster.local:8001/auth/login\": request timeout"

running (02m14.9s), 079/225 VUs, 466 complete and 0 interrupted iterations
openloop_spike   [  19% ] 079/225 VUs  02m14.8s/12m0s  30.00 iters/s
time="2026-10-06T14:27:20Z" level=warning msg="Request Failed" error="Post \"http://auth-service.ecommerce.svc.cluster.local:8001/auth/login\": request timeout"
time="2026-10-06T14:27:20Z" level=warning msg="Request Failed" error="Post \"http://auth-service.ecommerce.svc.cluster.local:8001/auth/login\": request timeout"
time="2026-10-06T14:27:20Z" level=warning msg="Request Failed" error="Post \"http://auth-service.ecommerce.svc.cluster.local:8001/auth/login\": request timeout"

running (02m15.9s), 094/225 VUs, 481 complete and 0 interrupted iterations
openloop_spike   [  19% ] 094/225 VUs  02m15.8s/12m0s  30.00 iters/s
time="2026-10-06T14:27:21Z" level=warning msg="Request Failed" error="Post \"http://auth-service.ecommerce.svc.cluster.local:8001/auth/login\": request timeout"
time="2026-10-06T14:27:21Z" level=warning msg="Request Failed" error="request timeout"
time="2026-10-06T14:27:22Z" level=warning msg="Request Failed" error="Post \"http://auth-service.ecommerce.svc.cluster.local:8001/auth/login\": request timeout"

running (02m16.9s), 095/225 VUs, 510 complete and 0 interrupted iterations
openloop_spike   [  19% ] 095/225 VUs  02m16.8s/12m0s  30.00 iters/s
time="2026-10-06T14:27:22Z" level=warning msg="Request Failed" error="Post \"http://auth-service.ecommerce.svc.cluster.local:8001/auth/login\": request timeout"
time="2026-10-06T14:27:22Z" level=warning msg="Request Failed" error="Post \"http://auth-service.ecommerce.svc.cluster.local:8001/auth/login\": request timeout"

running (02m17.9s), 092/225 VUs, 543 complete and 0 interrupted iterations
openloop_spike   [  19% ] 092/225 VUs  02m17.8s/12m0s  30.00 iters/s
time="2026-10-06T14:27:23Z" level=warning msg="Request Failed" error="Post \"http://auth-service.ecommerce.svc.cluster.local:8001/auth/login\": request timeout"
time="2026-10-06T14:27:23Z" level=warning msg="Request Failed" error="Post \"http://auth-service.ecommerce.svc.cluster.local:8001/auth/login\": request timeout"

running (02m18.9s), 106/225 VUs, 559 complete and 0 interrupted iterations
openloop_spike   [  19% ] 106/225 VUs  02m18.8s/12m0s  30.00 iters/s
time="2026-10-06T14:27:24Z" level=warning msg="Request Failed" error="Post \"http://auth-service.ecommerce.svc.cluster.local:8001/auth/login\": request timeout"
time="2026-10-06T14:27:24Z" level=warning msg="Request Failed" error="Post \"http://auth-service.ecommerce.svc.cluster.local:8001/auth/login\": request timeout"

running (02m19.9s), 114/225 VUs, 581 complete and 0 interrupted iterations
openloop_spike   [  19% ] 114/225 VUs  02m19.8s/12m0s  30.00 iters/s
time="2026-10-06T14:27:25Z" level=warning msg="Request Failed" error="Post \"http://auth-service.ecommerce.svc.cluster.local:8001/auth/login\": request timeout"
time="2026-10-06T14:27:25Z" level=warning msg="Request Failed" error="Post \"http://auth-service.ecommerce.svc.cluster.local:8001/auth/login\": request timeout"
time="2026-10-06T14:27:26Z" level=warning msg="Request Failed" error="Post \"http://auth-service.ecommerce.svc.cluster.local:8001/auth/login\": request timeout"
time="2026-10-06T14:27:26Z" level=warning msg="Request Failed" error="Post \"http://auth-service.ecommerce.svc.cluster.local:8001/auth/login\": request timeout"

running (02m20.9s), 113/225 VUs, 612 complete and 0 interrupted iterations
openloop_spike   [  20% ] 113/225 VUs  02m20.8s/12m0s  30.00 iters/s
time="2026-10-06T14:27:26Z" level=warning msg="Request Failed" error="Post \"http://auth-service.ecommerce.svc.cluster.local:8001/auth/login\": request timeout"
time="2026-10-06T14:27:26Z" level=warning msg="Request Failed" error="Post \"http://auth-service.ecommerce.svc.cluster.local:8001/auth/login\": request timeout"
time="2026-10-06T14:27:26Z" level=warning msg="Request Failed" error="Post \"http://auth-service.ecommerce.svc.cluster.local:8001/auth/login\": request timeout"
time="2026-10-06T14:27:27Z" level=warning msg="Request Failed" error="Post \"http://auth-service.ecommerce.svc.cluster.local:8001/auth/login\": request timeout"

running (02m21.9s), 111/225 VUs, 644 complete and 0 interrupted iterations
openloop_spike   [  20% ] 111/225 VUs  02m21.8s/12m0s  30.00 iters/s
time="2026-10-06T14:27:27Z" level=warning msg="Request Failed" error="Post \"http://auth-service.ecommerce.svc.cluster.local:8001/auth/login\": request timeout"

running (02m22.9s), 119/225 VUs, 666 complete and 0 interrupted iterations
openloop_spike   [  20% ] 119/225 VUs  02m22.8s/12m0s  30.00 iters/s

running (02m23.9s), 113/225 VUs, 702 complete and 0 interrupted iterations
openloop_spike   [  20% ] 113/225 VUs  02m23.8s/12m0s  30.00 iters/s

running (02m24.9s), 099/225 VUs, 746 complete and 0 interrupted iterations
openloop_spike   [  20% ] 099/225 VUs  02m24.8s/12m0s  30.00 iters/s
time="2026-10-06T14:27:30Z" level=warning msg="Request Failed" error="Post \"http://auth-service.ecommerce.svc.cluster.local:8001/auth/login\": request timeout"

running (02m25.9s), 089/225 VUs, 786 complete and 0 interrupted iterations
openloop_spike   [  20% ] 089/225 VUs  02m25.8s/12m0s  30.00 iters/s

running (02m26.9s), 096/225 VUs, 809 complete and 0 interrupted iterations
openloop_spike   [  20% ] 096/225 VUs  02m26.8s/12m0s  30.00 iters/s
time="2026-10-06T14:27:32Z" level=warning msg="Request Failed" error="Post \"http://auth-service.ecommerce.svc.cluster.local:8001/auth/login\": request timeout"
time="2026-10-06T14:27:32Z" level=warning msg="Request Failed" error="Post \"http://auth-service.ecommerce.svc.cluster.local:8001/auth/login\": request timeout"
time="2026-10-06T14:27:33Z" level=warning msg="Request Failed" error="Post \"http://auth-service.ecommerce.svc.cluster.local:8001/auth/login\": request timeout"

running (02m27.9s), 078/225 VUs, 857 complete and 0 interrupted iterations
openloop_spike   [  21% ] 078/225 VUs  02m27.8s/12m0s  30.00 iters/s
time="2026-10-06T14:27:33Z" level=warning msg="Request Failed" error="Post \"http://auth-service.ecommerce.svc.cluster.local:8001/auth/login\": request timeout"
time="2026-10-06T14:27:34Z" level=warning msg="Request Failed" error="Post \"http://auth-service.ecommerce.svc.cluster.local:8001/auth/login\": request timeout"
time="2026-10-06T14:27:34Z" level=warning msg="Request Failed" error="Post \"http://auth-service.ecommerce.svc.cluster.local:8001/auth/login\": request timeout"

running (02m28.9s), 013/225 VUs, 952 complete and 0 interrupted iterations
openloop_spike   [  21% ] 013/225 VUs  02m28.8s/12m0s  30.00 iters/s
time="2026-10-06T14:27:34Z" level=warning msg="Request Failed" error="Post \"http://auth-service.ecommerce.svc.cluster.local:8001/auth/login\": request timeout"

running (02m29.9s), 017/225 VUs, 978 complete and 0 interrupted iterations
openloop_spike   [  21% ] 017/225 VUs  02m29.8s/12m0s  30.00 iters/s
time="2026-10-06T14:27:35Z" level=warning msg="Request Failed" error="Post \"http://auth-service.ecommerce.svc.cluster.local:8001/auth/login\": request timeout"
time="2026-10-06T14:27:36Z" level=warning msg="Request Failed" error="Post \"http://auth-service.ecommerce.svc.cluster.local:8001/auth/login\": request timeout"
time="2026-10-06T14:27:36Z" level=warning msg="Request Failed" error="Post \"http://auth-service.ecommerce.svc.cluster.local:8001/auth/login\": request timeout"
time="2026-10-06T14:27:36Z" level=warning msg="Request Failed" error="Post \"http://auth-service.ecommerce.svc.cluster.local:8001/auth/login\": request timeout"

running (02m30.9s), 010/225 VUs, 1015 complete and 0 interrupted iterations
openloop_spike   [  21% ] 010/225 VUs  02m30.8s/12m0s  30.00 iters/s
time="2026-10-06T14:27:36Z" level=warning msg="Request Failed" error="Post \"http://auth-service.ecommerce.svc.cluster.local:8001/auth/login\": request timeout"
time="2026-10-06T14:27:36Z" level=warning msg="Request Failed" error="Post \"http://auth-service.ecommerce.svc.cluster.local:8001/auth/login\": request timeout"
time="2026-10-06T14:27:36Z" level=warning msg="Request Failed" error="Post \"http://auth-service.ecommerce.svc.cluster.local:8001/auth/login\": request timeout"

running (02m31.9s), 021/225 VUs, 1034 complete and 0 interrupted iterations
openloop_spike   [  21% ] 021/225 VUs  02m31.8s/12m0s  30.00 iters/s
time="2026-10-06T14:27:37Z" level=warning msg="Request Failed" error="Post \"http://auth-service.ecommerce.svc.cluster.local:8001/auth/login\": request timeout"
time="2026-10-06T14:27:37Z" level=warning msg="Request Failed" error="Post \"http://auth-service.ecommerce.svc.cluster.local:8001/auth/login\": request timeout"

running (02m32.9s), 039/225 VUs, 1046 complete and 0 interrupted iterations
openloop_spike   [  21% ] 039/225 VUs  02m32.8s/12m0s  30.00 iters/s
time="2026-10-06T14:27:38Z" level=warning msg="Request Failed" error="Post \"http://auth-service.ecommerce.svc.cluster.local:8001/auth/login\": request timeout"

running (02m33.9s), 064/225 VUs, 1051 complete and 0 interrupted iterations
openloop_spike   [  21% ] 064/225 VUs  02m33.8s/12m0s  30.00 iters/s

running (02m34.9s), 063/225 VUs, 1082 complete and 0 interrupted iterations
openloop_spike   [  22% ] 063/225 VUs  02m34.8s/12m0s  30.00 iters/s
time="2026-10-06T14:27:40Z" level=warning msg="Request Failed" error="Post \"http://auth-service.ecommerce.svc.cluster.local:8001/auth/login\": request timeout"

running (02m35.9s), 058/225 VUs, 1117 complete and 0 interrupted iterations
openloop_spike   [  22% ] 058/225 VUs  02m35.8s/12m0s  30.00 iters/s
time="2026-10-06T14:27:41Z" level=warning msg="Request Failed" error="Post \"http://auth-service.ecommerce.svc.cluster.local:8001/auth/login\": request timeout"
time="2026-10-06T14:27:41Z" level=warning msg="Request Failed" error="Post \"http://auth-service.ecommerce.svc.cluster.local:8001/auth/login\": request timeout"

running (02m36.9s), 070/225 VUs, 1135 complete and 0 interrupted iterations
openloop_spike   [  22% ] 070/225 VUs  02m36.8s/12m0s  30.00 iters/s
time="2026-10-06T14:27:42Z" level=warning msg="Request Failed" error="Post \"http://auth-service.ecommerce.svc.cluster.local:8001/auth/login\": request timeout"
time="2026-10-06T14:27:43Z" level=warning msg="Request Failed" error="Post \"http://auth-service.ecommerce.svc.cluster.local:8001/auth/login\": request timeout"

running (02m37.9s), 067/225 VUs, 1168 complete and 0 interrupted iterations
openloop_spike   [  22% ] 067/225 VUs  02m37.8s/12m0s  30.00 iters/s
time="2026-10-06T14:27:43Z" level=warning msg="Request Failed" error="Post \"http://auth-service.ecommerce.svc.cluster.local:8001/auth/login\": request timeout"

running (02m38.9s), 049/225 VUs, 1216 complete and 0 interrupted iterations
openloop_spike   [  22% ] 049/225 VUs  02m38.8s/12m0s  30.00 iters/s
time="2026-10-06T14:27:44Z" level=warning msg="Request Failed" error="Post \"http://auth-service.ecommerce.svc.cluster.local:8001/auth/login\": request timeout"
time="2026-10-06T14:27:44Z" level=warning msg="Request Failed" error="Post \"http://auth-service.ecommerce.svc.cluster.local:8001/auth/login\": request timeout"
time="2026-10-06T14:27:45Z" level=warning msg="Request Failed" error="Post \"http://auth-service.ecommerce.svc.cluster.local:8001/auth/login\": request timeout"
time="2026-10-06T14:27:45Z" level=warning msg="Request Failed" error="Post \"http://auth-service.ecommerce.svc.cluster.local:8001/auth/login\": request timeout"

running (02m39.9s), 018/225 VUs, 1277 complete and 0 interrupted iterations
openloop_spike   [  22% ] 018/225 VUs  02m39.8s/12m0s  30.00 iters/s
time="2026-10-06T14:27:45Z" level=warning msg="Request Failed" error="Post \"http://auth-service.ecommerce.svc.cluster.local:8001/auth/login\": request timeout"
time="2026-10-06T14:27:46Z" level=warning msg="Request Failed" error="Post \"http://auth-service.ecommerce.svc.cluster.local:8001/auth/login\": request timeout"

running (02m40.9s), 019/225 VUs, 1306 complete and 0 interrupted iterations
openloop_spike   [  22% ] 019/225 VUs  02m40.8s/12m0s  30.00 iters/s
time="2026-10-06T14:27:46Z" level=warning msg="Request Failed" error="Post \"http://auth-service.ecommerce.svc.cluster.local:8001/auth/login\": request timeout"
time="2026-10-06T14:27:46Z" level=warning msg="Request Failed" error="Post \"http://auth-service.ecommerce.svc.cluster.local:8001/auth/login\": request timeout"
time="2026-10-06T14:27:47Z" level=warning msg="Request Failed" error="Post \"http://auth-service.ecommerce.svc.cluster.local:8001/auth/login\": request timeout"

running (02m41.9s), 020/225 VUs, 1335 complete and 0 interrupted iterations
openloop_spike   [  22% ] 020/225 VUs  02m41.8s/12m0s  30.00 iters/s
time="2026-10-06T14:27:48Z" level=warning msg="Request Failed" error="Post \"http://auth-service.ecommerce.svc.cluster.local:8001/auth/login\": request timeout"

running (02m42.9s), 014/225 VUs, 1371 complete and 0 interrupted iterations
openloop_spike   [  23% ] 014/225 VUs  02m42.8s/12m0s  30.00 iters/s

running (02m43.9s), 018/225 VUs, 1397 complete and 0 interrupted iterations
openloop_spike   [  23% ] 018/225 VUs  02m43.8s/12m0s  30.00 iters/s

running (02m44.9s), 022/225 VUs, 1423 complete and 0 interrupted iterations
openloop_spike   [  23% ] 022/225 VUs  02m44.8s/12m0s  30.00 iters/s
time="2026-10-06T14:27:51Z" level=warning msg="Request Failed" error="Post \"http://auth-service.ecommerce.svc.cluster.local:8001/auth/login\": request timeout"
time="2026-10-06T14:27:51Z" level=warning msg="Request Failed" error="Post \"http://auth-service.ecommerce.svc.cluster.local:8001/auth/login\": request timeout"

running (02m45.9s), 019/225 VUs, 1456 complete and 0 interrupted iterations
openloop_spike   [  23% ] 019/225 VUs  02m45.8s/12m0s  30.00 iters/s
time="2026-10-06T14:27:52Z" level=warning msg="Request Failed" error="Post \"http://auth-service.ecommerce.svc.cluster.local:8001/auth/login\": request timeout"

running (02m46.9s), 017/225 VUs, 1488 complete and 0 interrupted iterations
openloop_spike   [  23% ] 017/225 VUs  02m46.8s/12m0s  30.00 iters/s
time="2026-10-06T14:27:52Z" level=warning msg="Request Failed" error="Post \"http://auth-service.ecommerce.svc.cluster.local:8001/auth/login\": request timeout"
time="2026-10-06T14:27:52Z" level=warning msg="Request Failed" error="Post \"http://auth-service.ecommerce.svc.cluster.local:8001/auth/login\": request timeout"
time="2026-10-06T14:27:52Z" level=warning msg="Request Failed" error="Post \"http://auth-service.ecommerce.svc.cluster.local:8001/auth/login\": request timeout"
time="2026-10-06T14:27:53Z" level=warning msg="Request Failed" error="Post \"http://auth-service.ecommerce.svc.cluster.local:8001/auth/login\": request timeout"
time="2026-10-06T14:27:53Z" level=warning msg="Request Failed" error="Post \"http://auth-service.ecommerce.svc.cluster.local:8001/auth/login\": request timeout"

running (02m47.9s), 015/225 VUs, 1520 complete and 0 interrupted iterations
openloop_spike   [  23% ] 015/225 VUs  02m47.8s/12m0s  30.00 iters/s

running (02m48.9s), 024/225 VUs, 1541 complete and 0 interrupted iterations
openloop_spike   [  23% ] 024/225 VUs  02m48.8s/12m0s  30.00 iters/s

running (02m49.9s), 016/225 VUs, 1579 complete and 0 interrupted iterations
openloop_spike   [  24% ] 016/225 VUs  02m49.8s/12m0s  30.00 iters/s
time="2026-10-06T14:27:55Z" level=warning msg="Request Failed" error="Post \"http://auth-service.ecommerce.svc.cluster.local:8001/auth/login\": request timeout"
time="2026-10-06T14:27:56Z" level=warning msg="Request Failed" error="Post \"http://auth-service.ecommerce.svc.cluster.local:8001/auth/login\": request timeout"

running (02m50.9s), 018/225 VUs, 1607 complete and 0 interrupted iterations
openloop_spike   [  24% ] 018/225 VUs  02m50.8s/12m0s  30.00 iters/s
time="2026-10-06T14:27:56Z" level=warning msg="Request Failed" error="Post \"http://auth-service.ecommerce.svc.cluster.local:8001/auth/login\": request timeout"
time="2026-10-06T14:27:56Z" level=warning msg="Request Failed" error="Post \"http://auth-service.ecommerce.svc.cluster.local:8001/auth/login\": request timeout"
time="2026-10-06T14:27:57Z" level=warning msg="Request Failed" error="Post \"http://auth-service.ecommerce.svc.cluster.local:8001/auth/login\": request timeout"

running (02m51.9s), 013/225 VUs, 1642 complete and 0 interrupted iterations
openloop_spike   [  24% ] 013/225 VUs  02m51.8s/12m0s  30.00 iters/s
time="2026-10-06T14:27:57Z" level=warning msg="Request Failed" error="Post \"http://auth-service.ecommerce.svc.cluster.local:8001/auth/login\": request timeout"
time="2026-10-06T14:27:58Z" level=warning msg="Request Failed" error="Post \"http://auth-service.ecommerce.svc.cluster.local:8001/auth/login\": request timeout"

running (02m52.9s), 015/225 VUs, 1670 complete and 0 interrupted iterations
openloop_spike   [  24% ] 015/225 VUs  02m52.8s/12m0s  30.00 iters/s
time="2026-10-06T14:27:58Z" level=warning msg="Request Failed" error="Post \"http://auth-service.ecommerce.svc.cluster.local:8001/auth/login\": request timeout"
time="2026-10-06T14:27:58Z" level=warning msg="Request Failed" error="Post \"http://auth-service.ecommerce.svc.cluster.local:8001/auth/login\": request timeout"
time="2026-10-06T14:27:58Z" level=warning msg="Request Failed" error="Post \"http://auth-service.ecommerce.svc.cluster.local:8001/auth/login\": request timeout"
time="2026-10-06T14:27:58Z" level=warning msg="Request Failed" error="Post \"http://auth-service.ecommerce.svc.cluster.local:8001/auth/login\": request timeout"
time="2026-10-06T14:27:59Z" level=warning msg="Request Failed" error="Post \"http://auth-service.ecommerce.svc.cluster.local:8001/auth/login\": request timeout"

running (02m53.9s), 016/225 VUs, 1699 complete and 0 interrupted iterations
openloop_spike   [  24% ] 016/225 VUs  02m53.8s/12m0s  30.00 iters/s

running (02m54.9s), 032/225 VUs, 1713 complete and 0 interrupted iterations
openloop_spike   [  24% ] 032/225 VUs  02m54.8s/12m0s  30.00 iters/s
time="2026-10-06T14:28:00Z" level=warning msg="Request Failed" error="Post \"http://auth-service.ecommerce.svc.cluster.local:8001/auth/login\": request timeout"
time="2026-10-06T14:28:00Z" level=warning msg="Request Failed" error="Post \"http://auth-service.ecommerce.svc.cluster.local:8001/auth/login\": request timeout"
time="2026-10-06T14:28:01Z" level=warning msg="Request Failed" error="Post \"http://auth-service.ecommerce.svc.cluster.local:8001/auth/login\": request timeout"

running (02m55.9s), 034/225 VUs, 1741 complete and 0 interrupted iterations
openloop_spike   [  24% ] 034/225 VUs  02m55.8s/12m0s  30.00 iters/s
time="2026-10-06T14:28:02Z" level=warning msg="Request Failed" error="Post \"http://auth-service.ecommerce.svc.cluster.local:8001/auth/login\": request timeout"

running (02m56.9s), 035/225 VUs, 1770 complete and 0 interrupted iterations
openloop_spike   [  25% ] 035/225 VUs  02m56.8s/12m0s  30.00 iters/s
time="2026-10-06T14:28:03Z" level=warning msg="Request Failed" error="Post \"http://auth-service.ecommerce.svc.cluster.local:8001/auth/login\": request timeout"

running (02m57.9s), 037/225 VUs, 1798 complete and 0 interrupted iterations
openloop_spike   [  25% ] 037/225 VUs  02m57.8s/12m0s  30.00 iters/s
time="2026-10-06T14:28:03Z" level=warning msg="Request Failed" error="Post \"http://auth-service.ecommerce.svc.cluster.local:8001/auth/login\": request timeout"
time="2026-10-06T14:28:03Z" level=warning msg="Request Failed" error="Post \"http://auth-service.ecommerce.svc.cluster.local:8001/auth/login\": request timeout"

running (02m58.9s), 024/225 VUs, 1841 complete and 0 interrupted iterations
openloop_spike   [  25% ] 024/225 VUs  02m58.8s/12m0s  30.00 iters/s

running (02m59.9s), 015/225 VUs, 1880 complete and 0 interrupted iterations
openloop_spike   [  25% ] 015/225 VUs  02m59.8s/12m0s  30.00 iters/s

running (03m00.9s), 023/225 VUs, 1902 complete and 0 interrupted iterations
openloop_spike   [  25% ] 023/225 VUs  03m00.8s/12m0s  30.00 iters/s

running (03m01.9s), 025/225 VUs, 1930 complete and 0 interrupted iterations
openloop_spike   [  25% ] 025/225 VUs  03m01.8s/12m0s  30.00 iters/s
time="2026-10-06T14:28:08Z" level=warning msg="Request Failed" error="Post \"http://auth-service.ecommerce.svc.cluster.local:8001/auth/login\": request timeout"
time="2026-10-06T14:28:08Z" level=warning msg="Request Failed" error="Post \"http://auth-service.ecommerce.svc.cluster.local:8001/auth/login\": request timeout"

running (03m02.9s), 029/225 VUs, 1956 complete and 0 interrupted iterations
openloop_spike   [  25% ] 029/225 VUs  03m02.8s/12m0s  30.00 iters/s

running (03m03.9s), 040/225 VUs, 1975 complete and 0 interrupted iterations
openloop_spike   [  26% ] 040/225 VUs  03m03.8s/12m0s  30.00 iters/s
time="2026-10-06T14:28:09Z" level=warning msg="Request Failed" error="Post \"http://auth-service.ecommerce.svc.cluster.local:8001/auth/login\": request timeout"
time="2026-10-06T14:28:10Z" level=warning msg="Request Failed" error="Post \"http://auth-service.ecommerce.svc.cluster.local:8001/auth/login\": request timeout"

running (03m04.9s), 049/225 VUs, 1996 complete and 0 interrupted iterations
openloop_spike   [  26% ] 049/225 VUs  03m04.8s/12m0s  30.00 iters/s
time="2026-10-06T14:28:10Z" level=warning msg="Request Failed" error="Post \"http://auth-service.ecommerce.svc.cluster.local:8001/auth/login\": request timeout"
time="2026-10-06T14:28:10Z" level=warning msg="Request Failed" error="Post \"http://auth-service.ecommerce.svc.cluster.local:8001/auth/login\": request timeout"

running (03m05.9s), 059/225 VUs, 2016 complete and 0 interrupted iterations
openloop_spike   [  26% ] 059/225 VUs  03m05.8s/12m0s  30.00 iters/s
time="2026-10-06T14:28:11Z" level=warning msg="Request Failed" error="Post \"http://auth-service.ecommerce.svc.cluster.local:8001/auth/login\": request timeout"
time="2026-10-06T14:28:12Z" level=warning msg="Request Failed" error="Post \"http://auth-service.ecommerce.svc.cluster.local:8001/auth/login\": request timeout"

running (03m06.9s), 032/225 VUs, 2073 complete and 0 interrupted iterations
openloop_spike   [  26% ] 032/225 VUs  03m06.8s/12m0s  30.00 iters/s
time="2026-10-06T14:28:12Z" level=warning msg="Request Failed" error="Post \"http://auth-service.ecommerce.svc.cluster.local:8001/auth/login\": request timeout"
time="2026-10-06T14:28:13Z" level=warning msg="Request Failed" error="Post \"http://auth-service.ecommerce.svc.cluster.local:8001/auth/login\": request timeout"
time="2026-10-06T14:28:13Z" level=warning msg="Request Failed" error="Post \"http://auth-service.ecommerce.svc.cluster.local:8001/auth/login\": request timeout"

running (03m07.9s), 022/225 VUs, 2113 complete and 0 interrupted iterations
openloop_spike   [  26% ] 022/225 VUs  03m07.8s/12m0s  30.00 iters/s
time="2026-10-06T14:28:14Z" level=warning msg="Request Failed" error="Post \"http://auth-service.ecommerce.svc.cluster.local:8001/auth/login\": request timeout"

running (03m08.9s), 037/225 VUs, 2128 complete and 0 interrupted iterations
openloop_spike   [  26% ] 037/225 VUs  03m08.8s/12m0s  30.00 iters/s
time="2026-10-06T14:28:14Z" level=warning msg="Request Failed" error="Post \"http://auth-service.ecommerce.svc.cluster.local:8001/auth/login\": request timeout"
time="2026-10-06T14:28:15Z" level=warning msg="Request Failed" error="Post \"http://auth-service.ecommerce.svc.cluster.local:8001/auth/login\": request timeout"

running (03m09.9s), 035/225 VUs, 2160 complete and 0 interrupted iterations
openloop_spike   [  26% ] 035/225 VUs  03m09.8s/12m0s  30.00 iters/s
time="2026-10-06T14:28:15Z" level=warning msg="Request Failed" error="Post \"http://auth-service.ecommerce.svc.cluster.local:8001/auth/login\": request timeout"
time="2026-10-06T14:28:15Z" level=warning msg="Request Failed" error="Post \"http://auth-service.ecommerce.svc.cluster.local:8001/auth/login\": request timeout"
time="2026-10-06T14:28:16Z" level=warning msg="Request Failed" error="Post \"http://auth-service.ecommerce.svc.cluster.local:8001/auth/login\": request timeout"

running (03m10.9s), 045/225 VUs, 2180 complete and 0 interrupted iterations
openloop_spike   [  27% ] 045/225 VUs  03m10.8s/12m0s  30.00 iters/s
time="2026-10-06T14:28:16Z" level=warning msg="Request Failed" error="Post \"http://auth-service.ecommerce.svc.cluster.local:8001/auth/login\": request timeout"
time="2026-10-06T14:28:16Z" level=warning msg="Request Failed" error="Post \"http://auth-service.ecommerce.svc.cluster.local:8001/auth/login\": request timeout"
time="2026-10-06T14:28:16Z" level=warning msg="Request Failed" error="Post \"http://auth-service.ecommerce.svc.cluster.local:8001/auth/login\": request timeout"

running (03m11.9s), 035/225 VUs, 2220 complete and 0 interrupted iterations
openloop_spike   [  27% ] 035/225 VUs  03m11.8s/12m0s  30.00 iters/s
time="2026-10-06T14:28:18Z" level=warning msg="Request Failed" error="Post \"http://auth-service.ecommerce.svc.cluster.local:8001/auth/login\": request timeout"
time="2026-10-06T14:28:18Z" level=warning msg="Request Failed" error="Post \"http://auth-service.ecommerce.svc.cluster.local:8001/auth/login\": request timeout"

running (03m12.9s), 037/225 VUs, 2248 complete and 0 interrupted iterations
openloop_spike   [  27% ] 037/225 VUs  03m12.8s/12m0s  30.00 iters/s
time="2026-10-06T14:28:18Z" level=warning msg="Request Failed" error="Post \"http://auth-service.ecommerce.svc.cluster.local:8001/auth/login\": request timeout"
time="2026-10-06T14:28:19Z" level=warning msg="Request Failed" error="Post \"http://auth-service.ecommerce.svc.cluster.local:8001/auth/login\": request timeout"
time="2026-10-06T14:28:19Z" level=warning msg="Request Failed" error="Post \"http://auth-service.ecommerce.svc.cluster.local:8001/auth/login\": request timeout"
time="2026-10-06T14:28:19Z" level=warning msg="Request Failed" error="Post \"http://auth-service.ecommerce.svc.cluster.local:8001/auth/login\": request timeout"

running (03m13.9s), 034/225 VUs, 2281 complete and 0 interrupted iterations
openloop_spike   [  27% ] 034/225 VUs  03m13.8s/12m0s  30.00 iters/s
time="2026-10-06T14:28:19Z" level=warning msg="Request Failed" error="Post \"http://auth-service.ecommerce.svc.cluster.local:8001/auth/login\": request timeout"
time="2026-10-06T14:28:20Z" level=warning msg="Request Failed" error="Post \"http://auth-service.ecommerce.svc.cluster.local:8001/auth/login\": request timeout"
time="2026-10-06T14:28:20Z" level=warning msg="Request Failed" error="Post \"http://auth-service.ecommerce.svc.cluster.local:8001/auth/login\": request timeout"
time="2026-10-06T14:28:20Z" level=warning msg="Request Failed" error="Post \"http://auth-service.ecommerce.svc.cluster.local:8001/auth/login\": request timeout"

running (03m14.9s), 033/225 VUs, 2312 complete and 0 interrupted iterations
openloop_spike   [  27% ] 033/225 VUs  03m14.8s/12m0s  30.00 iters/s
time="2026-10-06T14:28:20Z" level=warning msg="Request Failed" error="Post \"http://auth-service.ecommerce.svc.cluster.local:8001/auth/login\": request timeout"
time="2026-10-06T14:28:20Z" level=warning msg="Request Failed" error="Post \"http://auth-service.ecommerce.svc.cluster.local:8001/auth/login\": request timeout"
time="2026-10-06T14:28:21Z" level=warning msg="Request Failed" error="Post \"http://auth-service.ecommerce.svc.cluster.local:8001/auth/login\": request timeout"
time="2026-10-06T14:28:21Z" level=warning msg="Request Failed" error="Post \"http://auth-service.ecommerce.svc.cluster.local:8001/auth/login\": request timeout"

running (03m15.9s), 036/225 VUs, 2339 complete and 0 interrupted iterations
openloop_spike   [  27% ] 036/225 VUs  03m15.8s/12m0s  30.00 iters/s
time="2026-10-06T14:28:21Z" level=warning msg="Request Failed" error="Post \"http://auth-service.ecommerce.svc.cluster.local:8001/auth/login\": request timeout"
time="2026-10-06T14:28:21Z" level=warning msg="Request Failed" error="Post \"http://auth-service.ecommerce.svc.cluster.local:8001/auth/login\": request timeout"

running (03m16.9s), 036/225 VUs, 2369 complete and 0 interrupted iterations
openloop_spike   [  27% ] 036/225 VUs  03m16.8s/12m0s  30.00 iters/s
time="2026-10-06T14:28:22Z" level=warning msg="Request Failed" error="Post \"http://auth-service.ecommerce.svc.cluster.local:8001/auth/login\": request timeout"
time="2026-10-06T14:28:22Z" level=warning msg="Request Failed" error="Post \"http://auth-service.ecommerce.svc.cluster.local:8001/auth/login\": request timeout"
time="2026-10-06T14:28:22Z" level=warning msg="Request Failed" error="Post \"http://auth-service.ecommerce.svc.cluster.local:8001/auth/login\": request timeout"
time="2026-10-06T14:28:22Z" level=warning msg="Request Failed" error="Post \"http://auth-service.ecommerce.svc.cluster.local:8001/auth/login\": request timeout"
time="2026-10-06T14:28:23Z" level=warning msg="Request Failed" error="Post \"http://auth-service.ecommerce.svc.cluster.local:8001/auth/login\": request timeout"
time="2026-10-06T14:28:23Z" level=warning msg="Request Failed" error="Post \"http://auth-service.ecommerce.svc.cluster.local:8001/auth/login\": request timeout"

running (03m17.9s), 033/225 VUs, 2402 complete and 0 interrupted iterations
openloop_spike   [  27% ] 033/225 VUs  03m17.8s/12m0s  30.00 iters/s
time="2026-10-06T14:28:23Z" level=warning msg="Request Failed" error="Post \"http://auth-service.ecommerce.svc.cluster.local:8001/auth/login\": request timeout"
time="2026-10-06T14:28:24Z" level=warning msg="Request Failed" error="Post \"http://auth-service.ecommerce.svc.cluster.local:8001/auth/login\": request timeout"

running (03m18.9s), 036/225 VUs, 2429 complete and 0 interrupted iterations
openloop_spike   [  28% ] 036/225 VUs  03m18.8s/12m0s  30.00 iters/s
time="2026-10-06T14:28:24Z" level=warning msg="Request Failed" error="Post \"http://auth-service.ecommerce.svc.cluster.local:8001/auth/login\": request timeout"
time="2026-10-06T14:28:24Z" level=warning msg="Request Failed" error="Post \"http://auth-service.ecommerce.svc.cluster.local:8001/auth/login\": request timeout"
time="2026-10-06T14:28:24Z" level=warning msg="Request Failed" error="Post \"http://auth-service.ecommerce.svc.cluster.local:8001/auth/login\": request timeout"
time="2026-10-06T14:28:24Z" level=warning msg="Request Failed" error="Post \"http://auth-service.ecommerce.svc.cluster.local:8001/auth/login\": request timeout"
time="2026-10-06T14:28:24Z" level=warning msg="Request Failed" error="Post \"http://auth-service.ecommerce.svc.cluster.local:8001/auth/login\": request timeout"
time="2026-10-06T14:28:25Z" level=warning msg="Request Failed" error="Post \"http://auth-service.ecommerce.svc.cluster.local:8001/auth/login\": request timeout"
time="2026-10-06T14:28:25Z" level=warning msg="Request Failed" error="Post \"http://auth-service.ecommerce.svc.cluster.local:8001/auth/login\": request timeout"

running (03m19.9s), 041/225 VUs, 2454 complete and 0 interrupted iterations
openloop_spike   [  28% ] 041/225 VUs  03m19.8s/12m0s  30.00 iters/s
time="2026-10-06T14:28:25Z" level=warning msg="Request Failed" error="Post \"http://auth-service.ecommerce.svc.cluster.local:8001/auth/login\": request timeout"
time="2026-10-06T14:28:26Z" level=warning msg="Request Failed" error="Post \"http://auth-service.ecommerce.svc.cluster.local:8001/auth/login\": request timeout"

running (03m20.9s), 026/225 VUs, 2499 complete and 0 interrupted iterations
openloop_spike   [  28% ] 026/225 VUs  03m20.8s/12m0s  30.00 iters/s
time="2026-10-06T14:28:26Z" level=warning msg="Request Failed" error="Post \"http://auth-service.ecommerce.svc.cluster.local:8001/auth/login\": request timeout"
time="2026-10-06T14:28:26Z" level=warning msg="Request Failed" error="Post \"http://auth-service.ecommerce.svc.cluster.local:8001/auth/login\": request timeout"
time="2026-10-06T14:28:27Z" level=warning msg="Request Failed" error="Post \"http://auth-service.ecommerce.svc.cluster.local:8001/auth/login\": request timeout"

running (03m21.9s), 030/225 VUs, 2525 complete and 0 interrupted iterations
openloop_spike   [  28% ] 030/225 VUs  03m21.8s/12m0s  30.00 iters/s
time="2026-10-06T14:28:27Z" level=warning msg="Request Failed" error="Post \"http://auth-service.ecommerce.svc.cluster.local:8001/auth/login\": request timeout"
time="2026-10-06T14:28:27Z" level=warning msg="Request Failed" error="Post \"http://auth-service.ecommerce.svc.cluster.local:8001/auth/login\": request timeout"
time="2026-10-06T14:28:27Z" level=warning msg="Request Failed" error="Post \"http://auth-service.ecommerce.svc.cluster.local:8001/auth/login\": request timeout"
time="2026-10-06T14:28:28Z" level=warning msg="Request Failed" error="Post \"http://auth-service.ecommerce.svc.cluster.local:8001/auth/login\": request timeout"
time="2026-10-06T14:28:28Z" level=warning msg="Request Failed" error="Post \"http://auth-service.ecommerce.svc.cluster.local:8001/auth/login\": request timeout"

running (03m22.9s), 027/225 VUs, 2558 complete and 0 interrupted iterations
openloop_spike   [  28% ] 027/225 VUs  03m22.8s/12m0s  30.00 iters/s
time="2026-10-06T14:28:29Z" level=warning msg="Request Failed" error="Post \"http://auth-service.ecommerce.svc.cluster.local:8001/auth/login\": request timeout"

running (03m23.9s), 028/225 VUs, 2587 complete and 0 interrupted iterations
openloop_spike   [  28% ] 028/225 VUs  03m23.8s/12m0s  30.00 iters/s
time="2026-10-06T14:28:29Z" level=warning msg="Request Failed" error="Post \"http://auth-service.ecommerce.svc.cluster.local:8001/auth/login\": request timeout"

running (03m24.9s), 018/225 VUs, 2627 complete and 0 interrupted iterations
openloop_spike   [  28% ] 018/225 VUs  03m24.8s/12m0s  30.00 iters/s
time="2026-10-06T14:28:30Z" level=warning msg="Request Failed" error="Post \"http://auth-service.ecommerce.svc.cluster.local:8001/auth/login\": request timeout"
time="2026-10-06T14:28:30Z" level=warning msg="Request Failed" error="Post \"http://auth-service.ecommerce.svc.cluster.local:8001/auth/login\": request timeout"
time="2026-10-06T14:28:30Z" level=warning msg="Request Failed" error="Post \"http://auth-service.ecommerce.svc.cluster.local:8001/auth/login\": request timeout"
time="2026-10-06T14:28:31Z" level=warning msg="Request Failed" error="Post \"http://auth-service.ecommerce.svc.cluster.local:8001/auth/login\": request timeout"
time="2026-10-06T14:28:31Z" level=warning msg="Request Failed" error="Post \"http://auth-service.ecommerce.svc.cluster.local:8001/auth/login\": request timeout"

running (03m25.9s), 023/225 VUs, 2652 complete and 0 interrupted iterations
openloop_spike   [  29% ] 023/225 VUs  03m25.8s/12m0s  30.00 iters/s
time="2026-10-06T14:28:31Z" level=warning msg="Request Failed" error="Post \"http://auth-service.ecommerce.svc.cluster.local:8001/auth/login\": request timeout"
time="2026-10-06T14:28:31Z" level=warning msg="Request Failed" error="Post \"http://auth-service.ecommerce.svc.cluster.local:8001/auth/login\": request timeout"
time="2026-10-06T14:28:32Z" level=warning msg="Request Failed" error="Post \"http://auth-service.ecommerce.svc.cluster.local:8001/auth/login\": request timeout"

running (03m26.9s), 033/225 VUs, 2672 complete and 0 interrupted iterations
openloop_spike   [  29% ] 033/225 VUs  03m26.8s/12m0s  30.00 iters/s

running (03m27.9s), 037/225 VUs, 2698 complete and 0 interrupted iterations
openloop_spike   [  29% ] 037/225 VUs  03m27.8s/12m0s  30.00 iters/s
time="2026-10-06T14:28:34Z" level=warning msg="Request Failed" error="Post \"http://auth-service.ecommerce.svc.cluster.local:8001/auth/login\": request timeout"

running (03m28.9s), 039/225 VUs, 2726 complete and 0 interrupted iterations
openloop_spike   [  29% ] 039/225 VUs  03m28.8s/12m0s  30.00 iters/s
time="2026-10-06T14:28:34Z" level=warning msg="Request Failed" error="Post \"http://auth-service.ecommerce.svc.cluster.local:8001/auth/login\": request timeout"
time="2026-10-06T14:28:34Z" level=warning msg="Request Failed" error="Post \"http://auth-service.ecommerce.svc.cluster.local:8001/auth/login\": request timeout"

running (03m29.9s), 026/225 VUs, 2769 complete and 0 interrupted iterations
openloop_spike   [  29% ] 026/225 VUs  03m29.8s/12m0s  30.00 iters/s

running (03m30.9s), 012/225 VUs, 2813 complete and 0 interrupted iterations
openloop_spike   [  29% ] 012/225 VUs  03m30.8s/12m0s  30.00 iters/s

running (03m31.9s), 013/225 VUs, 2842 complete and 0 interrupted iterations
openloop_spike   [  29% ] 013/225 VUs  03m31.8s/12m0s  30.00 iters/s
time="2026-10-06T14:28:38Z" level=warning msg="Request Failed" error="Post \"http://auth-service.ecommerce.svc.cluster.local:8001/auth/login\": request timeout"

running (03m32.9s), 010/225 VUs, 2875 complete and 0 interrupted iterations
openloop_spike   [  30% ] 010/225 VUs  03m32.8s/12m0s  30.00 iters/s

running (03m33.9s), 016/225 VUs, 2899 complete and 0 interrupted iterations
openloop_spike   [  30% ] 016/225 VUs  03m33.8s/12m0s  30.00 iters/s

running (03m34.9s), 013/225 VUs, 2932 complete and 0 interrupted iterations
openloop_spike   [  30% ] 013/225 VUs  03m34.8s/12m0s  30.00 iters/s

running (03m35.9s), 011/225 VUs, 2964 complete and 0 interrupted iterations
openloop_spike   [  30% ] 011/225 VUs  03m35.8s/12m0s  30.00 iters/s

running (03m36.9s), 008/225 VUs, 2997 complete and 0 interrupted iterations
openloop_spike   [  30% ] 008/225 VUs  03m36.8s/12m0s  30.00 iters/s

running (03m37.9s), 016/225 VUs, 3019 complete and 0 interrupted iterations
openloop_spike   [  30% ] 016/225 VUs  03m37.8s/12m0s  30.00 iters/s

running (03m38.9s), 010/225 VUs, 3055 complete and 0 interrupted iterations
openloop_spike   [  30% ] 010/225 VUs  03m38.8s/12m0s  30.00 iters/s

running (03m39.9s), 010/225 VUs, 3085 complete and 0 interrupted iterations
openloop_spike   [  31% ] 010/225 VUs  03m39.8s/12m0s  30.00 iters/s
time="2026-10-06T14:28:45Z" level=warning msg="Request Failed" error="Post \"http://auth-service.ecommerce.svc.cluster.local:8001/auth/login\": request timeout"

running (03m40.9s), 007/225 VUs, 3118 complete and 0 interrupted iterations
openloop_spike   [  31% ] 007/225 VUs  03m40.8s/12m0s  30.00 iters/s

running (03m41.9s), 007/225 VUs, 3148 complete and 0 interrupted iterations
openloop_spike   [  31% ] 007/225 VUs  03m41.8s/12m0s  30.00 iters/s

running (03m42.9s), 010/225 VUs, 3175 complete and 0 interrupted iterations
openloop_spike   [  31% ] 010/225 VUs  03m42.8s/12m0s  30.00 iters/s

running (03m43.9s), 005/225 VUs, 3210 complete and 0 interrupted iterations
openloop_spike   [  31% ] 005/225 VUs  03m43.8s/12m0s  30.00 iters/s

running (03m44.9s), 006/225 VUs, 3239 complete and 0 interrupted iterations
openloop_spike   [  31% ] 006/225 VUs  03m44.8s/12m0s  30.00 iters/s

running (03m45.9s), 013/225 VUs, 3262 complete and 0 interrupted iterations
openloop_spike   [  31% ] 013/225 VUs  03m45.8s/12m0s  30.00 iters/s

running (03m46.9s), 005/225 VUs, 3300 complete and 0 interrupted iterations
openloop_spike   [  32% ] 005/225 VUs  03m46.8s/12m0s  30.00 iters/s

running (03m47.9s), 001/225 VUs, 3334 complete and 0 interrupted iterations
openloop_spike   [  32% ] 001/225 VUs  03m47.8s/12m0s  30.00 iters/s

running (03m48.9s), 002/225 VUs, 3363 complete and 0 interrupted iterations
openloop_spike   [  32% ] 002/225 VUs  03m48.8s/12m0s  30.00 iters/s

running (03m49.9s), 009/225 VUs, 3386 complete and 0 interrupted iterations
openloop_spike   [  32% ] 009/225 VUs  03m49.8s/12m0s  30.00 iters/s

running (03m50.9s), 014/225 VUs, 3411 complete and 0 interrupted iterations
openloop_spike   [  32% ] 014/225 VUs  03m50.8s/12m0s  30.00 iters/s

running (03m51.9s), 014/225 VUs, 3441 complete and 0 interrupted iterations
openloop_spike   [  32% ] 014/225 VUs  03m51.8s/12m0s  30.00 iters/s

running (03m52.9s), 011/225 VUs, 3474 complete and 0 interrupted iterations
openloop_spike   [  32% ] 011/225 VUs  03m52.8s/12m0s  30.00 iters/s

running (03m53.9s), 009/225 VUs, 3506 complete and 0 interrupted iterations
openloop_spike   [  32% ] 009/225 VUs  03m53.8s/12m0s  30.00 iters/s

running (03m54.9s), 010/225 VUs, 3535 complete and 0 interrupted iterations
openloop_spike   [  33% ] 010/225 VUs  03m54.8s/12m0s  30.00 iters/s

running (03m55.9s), 010/225 VUs, 3565 complete and 0 interrupted iterations
openloop_spike   [  33% ] 010/225 VUs  03m55.8s/12m0s  30.00 iters/s

running (03m56.9s), 010/225 VUs, 3595 complete and 0 interrupted iterations
openloop_spike   [  33% ] 010/225 VUs  03m56.8s/12m0s  30.00 iters/s

running (03m57.9s), 006/225 VUs, 3629 complete and 0 interrupted iterations
openloop_spike   [  33% ] 006/225 VUs  03m57.8s/12m0s  30.00 iters/s

running (03m58.9s), 005/225 VUs, 3660 complete and 0 interrupted iterations
openloop_spike   [  33% ] 005/225 VUs  03m58.8s/12m0s  30.00 iters/s

running (03m59.9s), 006/225 VUs, 3689 complete and 0 interrupted iterations
openloop_spike   [  33% ] 006/225 VUs  03m59.8s/12m0s  30.00 iters/s

running (04m00.9s), 009/225 VUs, 3716 complete and 0 interrupted iterations
openloop_spike   [  33% ] 009/225 VUs  04m00.8s/12m0s  30.00 iters/s

running (04m01.9s), 007/225 VUs, 3748 complete and 0 interrupted iterations
openloop_spike   [  34% ] 007/225 VUs  04m01.9s/12m0s  30.00 iters/s

running (04m02.9s), 010/225 VUs, 3775 complete and 0 interrupted iterations
openloop_spike   [  34% ] 010/225 VUs  04m02.8s/12m0s  30.00 iters/s

running (04m03.9s), 009/225 VUs, 3806 complete and 0 interrupted iterations
openloop_spike   [  34% ] 009/225 VUs  04m03.8s/12m0s  30.00 iters/s

running (04m04.9s), 006/225 VUs, 3839 complete and 0 interrupted iterations
openloop_spike   [  34% ] 006/225 VUs  04m04.8s/12m0s  30.00 iters/s

running (04m05.9s), 004/225 VUs, 3871 complete and 0 interrupted iterations
openloop_spike   [  34% ] 004/225 VUs  04m05.8s/12m0s  30.00 iters/s

running (04m06.9s), 000/225 VUs, 3905 complete and 0 interrupted iterations
openloop_spike   [  34% ] 000/225 VUs  04m06.8s/12m0s  30.00 iters/s

running (04m07.9s), 002/225 VUs, 3933 complete and 0 interrupted iterations
openloop_spike   [  34% ] 002/225 VUs  04m07.8s/12m0s  30.00 iters/s

running (04m08.9s), 005/225 VUs, 3960 complete and 0 interrupted iterations
openloop_spike   [  35% ] 005/225 VUs  04m08.8s/12m0s  30.00 iters/s

running (04m09.9s), 004/225 VUs, 3991 complete and 0 interrupted iterations
openloop_spike   [  35% ] 004/225 VUs  04m09.8s/12m0s  30.00 iters/s

running (04m10.9s), 005/225 VUs, 4020 complete and 0 interrupted iterations
openloop_spike   [  35% ] 005/225 VUs  04m10.8s/12m0s  30.00 iters/s

running (04m11.9s), 006/225 VUs, 4049 complete and 0 interrupted iterations
openloop_spike   [  35% ] 006/225 VUs  04m11.8s/12m0s  30.00 iters/s

running (04m12.9s), 005/225 VUs, 4080 complete and 0 interrupted iterations
openloop_spike   [  35% ] 005/225 VUs  04m12.8s/12m0s  30.00 iters/s

running (04m13.9s), 004/225 VUs, 4111 complete and 0 interrupted iterations
openloop_spike   [  35% ] 004/225 VUs  04m13.8s/12m0s  30.00 iters/s

running (04m14.9s), 004/225 VUs, 4141 complete and 0 interrupted iterations
openloop_spike   [  35% ] 004/225 VUs  04m14.8s/12m0s  30.00 iters/s

running (04m15.9s), 002/225 VUs, 4173 complete and 0 interrupted iterations
openloop_spike   [  36% ] 002/225 VUs  04m15.8s/12m0s  30.00 iters/s

running (04m16.9s), 007/225 VUs, 4198 complete and 0 interrupted iterations
openloop_spike   [  36% ] 007/225 VUs  04m16.8s/12m0s  30.00 iters/s

running (04m17.9s), 004/225 VUs, 4231 complete and 0 interrupted iterations
openloop_spike   [  36% ] 004/225 VUs  04m17.8s/12m0s  30.00 iters/s

running (04m18.9s), 004/225 VUs, 4261 complete and 0 interrupted iterations
openloop_spike   [  36% ] 004/225 VUs  04m18.8s/12m0s  30.00 iters/s

running (04m19.9s), 005/225 VUs, 4290 complete and 0 interrupted iterations
openloop_spike   [  36% ] 005/225 VUs  04m19.8s/12m0s  30.00 iters/s

running (04m20.9s), 005/225 VUs, 4320 complete and 0 interrupted iterations
openloop_spike   [  36% ] 005/225 VUs  04m20.8s/12m0s  30.00 iters/s

running (04m21.9s), 003/225 VUs, 4352 complete and 0 interrupted iterations
openloop_spike   [  36% ] 003/225 VUs  04m21.8s/12m0s  30.00 iters/s

running (04m22.9s), 005/225 VUs, 4380 complete and 0 interrupted iterations
openloop_spike   [  37% ] 005/225 VUs  04m22.8s/12m0s  30.00 iters/s

running (04m23.9s), 000/225 VUs, 4415 complete and 0 interrupted iterations
openloop_spike   [  37% ] 000/225 VUs  04m23.8s/12m0s  30.00 iters/s

running (04m24.9s), 005/225 VUs, 4440 complete and 0 interrupted iterations
openloop_spike   [  37% ] 005/225 VUs  04m24.8s/12m0s  30.00 iters/s

running (04m25.9s), 007/225 VUs, 4468 complete and 0 interrupted iterations
openloop_spike   [  37% ] 007/225 VUs  04m25.8s/12m0s  30.00 iters/s

running (04m26.9s), 008/225 VUs, 4497 complete and 0 interrupted iterations
openloop_spike   [  37% ] 008/225 VUs  04m26.8s/12m0s  30.00 iters/s

running (04m27.9s), 003/225 VUs, 4532 complete and 0 interrupted iterations
openloop_spike   [  37% ] 003/225 VUs  04m27.8s/12m0s  30.00 iters/s

running (04m28.9s), 000/225 VUs, 4565 complete and 0 interrupted iterations
openloop_spike   [  37% ] 000/225 VUs  04m28.8s/12m0s  30.00 iters/s

running (04m29.9s), 006/225 VUs, 4589 complete and 0 interrupted iterations
openloop_spike   [  37% ] 006/225 VUs  04m29.8s/12m0s  30.00 iters/s

running (04m30.9s), 002/225 VUs, 4623 complete and 0 interrupted iterations
openloop_spike   [  38% ] 002/225 VUs  04m30.8s/12m0s  30.00 iters/s

running (04m31.9s), 001/225 VUs, 4654 complete and 0 interrupted iterations
openloop_spike   [  38% ] 001/225 VUs  04m31.8s/12m0s  30.00 iters/s

running (04m32.9s), 001/225 VUs, 4684 complete and 0 interrupted iterations
openloop_spike   [  38% ] 001/225 VUs  04m32.8s/12m0s  30.00 iters/s

running (04m33.9s), 003/225 VUs, 4712 complete and 0 interrupted iterations
openloop_spike   [  38% ] 003/225 VUs  04m33.8s/12m0s  30.00 iters/s

running (04m34.9s), 004/225 VUs, 4741 complete and 0 interrupted iterations
openloop_spike   [  38% ] 004/225 VUs  04m34.8s/12m0s  30.00 iters/s

running (04m35.9s), 009/225 VUs, 4766 complete and 0 interrupted iterations
openloop_spike   [  38% ] 009/225 VUs  04m35.8s/12m0s  30.00 iters/s

running (04m36.9s), 005/225 VUs, 4800 complete and 0 interrupted iterations
openloop_spike   [  38% ] 005/225 VUs  04m36.8s/12m0s  30.00 iters/s

running (04m37.9s), 004/225 VUs, 4831 complete and 0 interrupted iterations
openloop_spike   [  39% ] 004/225 VUs  04m37.8s/12m0s  30.00 iters/s

running (04m38.9s), 009/225 VUs, 4856 complete and 0 interrupted iterations
openloop_spike   [  39% ] 009/225 VUs  04m38.8s/12m0s  30.00 iters/s

running (04m39.9s), 009/225 VUs, 4886 complete and 0 interrupted iterations
openloop_spike   [  39% ] 009/225 VUs  04m39.8s/12m0s  30.00 iters/s

running (04m40.9s), 011/225 VUs, 4914 complete and 0 interrupted iterations
openloop_spike   [  39% ] 011/225 VUs  04m40.8s/12m0s  30.00 iters/s

running (04m41.9s), 016/225 VUs, 4939 complete and 0 interrupted iterations
openloop_spike   [  39% ] 016/225 VUs  04m41.8s/12m0s  30.00 iters/s

running (04m42.9s), 014/225 VUs, 4971 complete and 0 interrupted iterations
openloop_spike   [  39% ] 014/225 VUs  04m42.8s/12m0s  30.00 iters/s

running (04m43.9s), 010/225 VUs, 5005 complete and 0 interrupted iterations
openloop_spike   [  39% ] 010/225 VUs  04m43.8s/12m0s  30.00 iters/s

running (04m44.9s), 001/225 VUs, 5044 complete and 0 interrupted iterations
openloop_spike   [  40% ] 001/225 VUs  04m44.8s/12m0s  30.00 iters/s

running (04m45.9s), 002/225 VUs, 5073 complete and 0 interrupted iterations
openloop_spike   [  40% ] 002/225 VUs  04m45.8s/12m0s  30.00 iters/s

running (04m46.9s), 004/225 VUs, 5101 complete and 0 interrupted iterations
openloop_spike   [  40% ] 004/225 VUs  04m46.8s/12m0s  30.00 iters/s

running (04m47.9s), 002/225 VUs, 5133 complete and 0 interrupted iterations
openloop_spike   [  40% ] 002/225 VUs  04m47.8s/12m0s  30.00 iters/s

running (04m48.9s), 002/225 VUs, 5163 complete and 0 interrupted iterations
openloop_spike   [  40% ] 002/225 VUs  04m48.8s/12m0s  30.00 iters/s

running (04m49.9s), 005/225 VUs, 5190 complete and 0 interrupted iterations
openloop_spike   [  40% ] 005/225 VUs  04m49.8s/12m0s  30.00 iters/s

running (04m50.9s), 002/225 VUs, 5223 complete and 0 interrupted iterations
openloop_spike   [  40% ] 002/225 VUs  04m50.8s/12m0s  30.00 iters/s

running (04m51.9s), 008/225 VUs, 5247 complete and 0 interrupted iterations
openloop_spike   [  41% ] 008/225 VUs  04m51.8s/12m0s  30.00 iters/s

running (04m52.9s), 005/225 VUs, 5280 complete and 0 interrupted iterations
openloop_spike   [  41% ] 005/225 VUs  04m52.8s/12m0s  30.00 iters/s

running (04m53.9s), 005/225 VUs, 5310 complete and 0 interrupted iterations
openloop_spike   [  41% ] 005/225 VUs  04m53.8s/12m0s  30.00 iters/s

running (04m54.9s), 005/225 VUs, 5340 complete and 0 interrupted iterations
openloop_spike   [  41% ] 005/225 VUs  04m54.8s/12m0s  30.00 iters/s

running (04m55.9s), 005/225 VUs, 5370 complete and 0 interrupted iterations
openloop_spike   [  41% ] 005/225 VUs  04m55.8s/12m0s  30.00 iters/s

running (04m56.9s), 002/225 VUs, 5403 complete and 0 interrupted iterations
openloop_spike   [  41% ] 002/225 VUs  04m56.8s/12m0s  30.00 iters/s

running (04m57.9s), 005/225 VUs, 5430 complete and 0 interrupted iterations
openloop_spike   [  41% ] 005/225 VUs  04m57.8s/12m0s  30.00 iters/s

running (04m58.9s), 001/225 VUs, 5464 complete and 0 interrupted iterations
openloop_spike   [  42% ] 001/225 VUs  04m58.8s/12m0s  30.00 iters/s

running (04m59.9s), 004/225 VUs, 5491 complete and 0 interrupted iterations
openloop_spike   [  42% ] 004/225 VUs  04m59.8s/12m0s  30.00 iters/s

running (05m00.9s), 006/225 VUs, 5519 complete and 0 interrupted iterations
openloop_spike   [  42% ] 006/225 VUs  05m00.8s/12m0s  30.00 iters/s

running (05m01.9s), 006/225 VUs, 5549 complete and 0 interrupted iterations
openloop_spike   [  42% ] 006/225 VUs  05m01.8s/12m0s  30.00 iters/s

running (05m02.9s), 005/225 VUs, 5580 complete and 0 interrupted iterations
openloop_spike   [  42% ] 005/225 VUs  05m02.8s/12m0s  30.00 iters/s

running (05m03.9s), 005/225 VUs, 5610 complete and 0 interrupted iterations
openloop_spike   [  42% ] 005/225 VUs  05m03.8s/12m0s  30.00 iters/s

running (05m04.9s), 006/225 VUs, 5639 complete and 0 interrupted iterations
openloop_spike   [  42% ] 006/225 VUs  05m04.8s/12m0s  30.00 iters/s

running (05m05.9s), 004/225 VUs, 5671 complete and 0 interrupted iterations
openloop_spike   [  42% ] 004/225 VUs  05m05.8s/12m0s  30.00 iters/s

running (05m06.9s), 003/225 VUs, 5702 complete and 0 interrupted iterations
openloop_spike   [  43% ] 003/225 VUs  05m06.8s/12m0s  30.00 iters/s

running (05m07.9s), 011/225 VUs, 5724 complete and 0 interrupted iterations
openloop_spike   [  43% ] 011/225 VUs  05m07.8s/12m0s  30.00 iters/s

running (05m08.9s), 011/225 VUs, 5754 complete and 0 interrupted iterations
openloop_spike   [  43% ] 011/225 VUs  05m08.8s/12m0s  30.00 iters/s

running (05m09.9s), 005/225 VUs, 5790 complete and 0 interrupted iterations
openloop_spike   [  43% ] 005/225 VUs  05m09.8s/12m0s  30.00 iters/s

running (05m10.9s), 001/225 VUs, 5824 complete and 0 interrupted iterations
openloop_spike   [  43% ] 001/225 VUs  05m10.8s/12m0s  30.00 iters/s

running (05m11.9s), 003/225 VUs, 5852 complete and 0 interrupted iterations
openloop_spike   [  43% ] 003/225 VUs  05m11.8s/12m0s  30.00 iters/s

running (05m12.9s), 006/225 VUs, 5879 complete and 0 interrupted iterations
openloop_spike   [  43% ] 006/225 VUs  05m12.8s/12m0s  30.00 iters/s

running (05m13.9s), 004/225 VUs, 5911 complete and 0 interrupted iterations
openloop_spike   [  44% ] 004/225 VUs  05m13.8s/12m0s  30.00 iters/s

running (05m14.9s), 003/225 VUs, 5942 complete and 0 interrupted iterations
openloop_spike   [  44% ] 003/225 VUs  05m14.8s/12m0s  30.00 iters/s

running (05m15.9s), 011/225 VUs, 5964 complete and 0 interrupted iterations
openloop_spike   [  44% ] 011/225 VUs  05m15.8s/12m0s  30.00 iters/s

running (05m16.9s), 022/225 VUs, 5983 complete and 0 interrupted iterations
openloop_spike   [  44% ] 022/225 VUs  05m16.8s/12m0s  30.00 iters/s

running (05m17.9s), 019/225 VUs, 6016 complete and 0 interrupted iterations
openloop_spike   [  44% ] 019/225 VUs  05m17.8s/12m0s  30.00 iters/s

running (05m18.9s), 001/225 VUs, 6064 complete and 0 interrupted iterations
openloop_spike   [  44% ] 001/225 VUs  05m18.8s/12m0s  30.00 iters/s

running (05m19.9s), 004/225 VUs, 6091 complete and 0 interrupted iterations
openloop_spike   [  44% ] 004/225 VUs  05m19.8s/12m0s  30.00 iters/s

running (05m20.9s), 007/225 VUs, 6118 complete and 0 interrupted iterations
openloop_spike   [  45% ] 007/225 VUs  05m20.8s/12m0s  30.00 iters/s

running (05m21.9s), 003/225 VUs, 6152 complete and 0 interrupted iterations
openloop_spike   [  45% ] 003/225 VUs  05m21.8s/12m0s  30.00 iters/s

running (05m22.9s), 003/225 VUs, 6182 complete and 0 interrupted iterations
openloop_spike   [  45% ] 003/225 VUs  05m22.8s/12m0s  30.00 iters/s

running (05m23.9s), 010/225 VUs, 6205 complete and 0 interrupted iterations
openloop_spike   [  45% ] 010/225 VUs  05m23.8s/12m0s  30.00 iters/s

running (05m24.9s), 007/225 VUs, 6238 complete and 0 interrupted iterations
openloop_spike   [  45% ] 007/225 VUs  05m24.8s/12m0s  30.00 iters/s

running (05m25.9s), 010/225 VUs, 6265 complete and 0 interrupted iterations
openloop_spike   [  45% ] 010/225 VUs  05m25.8s/12m0s  30.00 iters/s

running (05m26.9s), 012/225 VUs, 6293 complete and 0 interrupted iterations
openloop_spike   [  45% ] 012/225 VUs  05m26.8s/12m0s  30.00 iters/s

running (05m27.9s), 009/225 VUs, 6326 complete and 0 interrupted iterations
openloop_spike   [  46% ] 009/225 VUs  05m27.8s/12m0s  30.00 iters/s

running (05m28.9s), 011/225 VUs, 6354 complete and 0 interrupted iterations
openloop_spike   [  46% ] 011/225 VUs  05m28.8s/12m0s  30.00 iters/s

running (05m29.9s), 002/225 VUs, 6393 complete and 0 interrupted iterations
openloop_spike   [  46% ] 002/225 VUs  05m29.8s/12m0s  30.00 iters/s

running (05m30.9s), 000/225 VUs, 6425 complete and 0 interrupted iterations
openloop_spike   [  46% ] 000/225 VUs  05m30.8s/12m0s  30.00 iters/s

running (05m31.9s), 004/225 VUs, 6451 complete and 0 interrupted iterations
openloop_spike   [  46% ] 004/225 VUs  05m31.8s/12m0s  30.00 iters/s

running (05m32.9s), 004/225 VUs, 6481 complete and 0 interrupted iterations
openloop_spike   [  46% ] 004/225 VUs  05m32.8s/12m0s  30.00 iters/s

running (05m33.9s), 003/225 VUs, 6512 complete and 0 interrupted iterations
openloop_spike   [  46% ] 003/225 VUs  05m33.8s/12m0s  30.00 iters/s

running (05m34.9s), 003/225 VUs, 6542 complete and 0 interrupted iterations
openloop_spike   [  47% ] 003/225 VUs  05m34.8s/12m0s  30.00 iters/s

running (05m35.9s), 003/225 VUs, 6572 complete and 0 interrupted iterations
openloop_spike   [  47% ] 003/225 VUs  05m35.8s/12m0s  30.00 iters/s

running (05m36.9s), 005/225 VUs, 6600 complete and 0 interrupted iterations
openloop_spike   [  47% ] 005/225 VUs  05m36.8s/12m0s  30.00 iters/s

running (05m37.9s), 000/225 VUs, 6635 complete and 0 interrupted iterations
openloop_spike   [  47% ] 000/225 VUs  05m37.8s/12m0s  30.00 iters/s

running (05m38.9s), 001/225 VUs, 6664 complete and 0 interrupted iterations
openloop_spike   [  47% ] 001/225 VUs  05m38.8s/12m0s  30.00 iters/s

running (05m39.9s), 004/225 VUs, 6691 complete and 0 interrupted iterations
openloop_spike   [  47% ] 004/225 VUs  05m39.8s/12m0s  30.00 iters/s

running (05m40.9s), 001/225 VUs, 6724 complete and 0 interrupted iterations
openloop_spike   [  47% ] 001/225 VUs  05m40.8s/12m0s  30.00 iters/s

running (05m41.9s), 005/225 VUs, 6750 complete and 0 interrupted iterations
openloop_spike   [  47% ] 005/225 VUs  05m41.8s/12m0s  30.00 iters/s

running (05m42.9s), 000/225 VUs, 6785 complete and 0 interrupted iterations
openloop_spike   [  48% ] 000/225 VUs  05m42.8s/12m0s  30.00 iters/s

running (05m43.9s), 003/225 VUs, 6812 complete and 0 interrupted iterations
openloop_spike   [  48% ] 003/225 VUs  05m43.8s/12m0s  30.00 iters/s

running (05m44.9s), 003/225 VUs, 6842 complete and 0 interrupted iterations
openloop_spike   [  48% ] 003/225 VUs  05m44.8s/12m0s  30.00 iters/s

running (05m45.9s), 004/225 VUs, 6871 complete and 0 interrupted iterations
openloop_spike   [  48% ] 004/225 VUs  05m45.8s/12m0s  30.00 iters/s

running (05m46.9s), 003/225 VUs, 6902 complete and 0 interrupted iterations
openloop_spike   [  48% ] 003/225 VUs  05m46.8s/12m0s  30.00 iters/s

running (05m47.9s), 006/225 VUs, 6929 complete and 0 interrupted iterations
openloop_spike   [  48% ] 006/225 VUs  05m47.8s/12m0s  30.00 iters/s

running (05m48.9s), 000/225 VUs, 6965 complete and 0 interrupted iterations
openloop_spike   [  48% ] 000/225 VUs  05m48.8s/12m0s  30.00 iters/s

running (05m49.9s), 002/225 VUs, 6993 complete and 0 interrupted iterations
openloop_spike   [  49% ] 002/225 VUs  05m49.8s/12m0s  30.00 iters/s

running (05m50.9s), 006/225 VUs, 7019 complete and 0 interrupted iterations
openloop_spike   [  49% ] 006/225 VUs  05m50.8s/12m0s  30.00 iters/s

running (05m51.9s), 010/225 VUs, 7045 complete and 0 interrupted iterations
openloop_spike   [  49% ] 010/225 VUs  05m51.9s/12m0s  30.00 iters/s

running (05m52.9s), 005/225 VUs, 7080 complete and 0 interrupted iterations
openloop_spike   [  49% ] 005/225 VUs  05m52.8s/12m0s  30.00 iters/s

running (05m53.9s), 004/225 VUs, 7111 complete and 0 interrupted iterations
openloop_spike   [  49% ] 004/225 VUs  05m53.8s/12m0s  30.00 iters/s

running (05m54.9s), 001/225 VUs, 7144 complete and 0 interrupted iterations
openloop_spike   [  49% ] 001/225 VUs  05m54.8s/12m0s  30.00 iters/s

running (05m55.9s), 002/225 VUs, 7173 complete and 0 interrupted iterations
openloop_spike   [  49% ] 002/225 VUs  05m55.8s/12m0s  30.00 iters/s

running (05m56.9s), 004/225 VUs, 7201 complete and 0 interrupted iterations
openloop_spike   [  50% ] 004/225 VUs  05m56.8s/12m0s  30.00 iters/s

running (05m57.9s), 001/225 VUs, 7234 complete and 0 interrupted iterations
openloop_spike   [  50% ] 001/225 VUs  05m57.8s/12m0s  30.00 iters/s

running (05m58.9s), 002/225 VUs, 7263 complete and 0 interrupted iterations
openloop_spike   [  50% ] 002/225 VUs  05m58.8s/12m0s  30.00 iters/s

running (05m59.9s), 000/225 VUs, 7295 complete and 0 interrupted iterations
openloop_spike   [  50% ] 000/225 VUs  05m59.8s/12m0s  30.00 iters/s

running (06m00.9s), 002/225 VUs, 7323 complete and 0 interrupted iterations
openloop_spike   [  50% ] 002/225 VUs  06m00.8s/12m0s  30.00 iters/s

running (06m01.9s), 003/225 VUs, 7352 complete and 0 interrupted iterations
openloop_spike   [  50% ] 003/225 VUs  06m01.8s/12m0s  30.00 iters/s

running (06m02.9s), 005/225 VUs, 7380 complete and 0 interrupted iterations
openloop_spike   [  50% ] 005/225 VUs  06m02.8s/12m0s  30.00 iters/s

running (06m03.9s), 003/225 VUs, 7412 complete and 0 interrupted iterations
openloop_spike   [  51% ] 003/225 VUs  06m03.8s/12m0s  30.00 iters/s

running (06m04.9s), 003/225 VUs, 7442 complete and 0 interrupted iterations
openloop_spike   [  51% ] 003/225 VUs  06m04.8s/12m0s  30.00 iters/s

running (06m05.9s), 008/225 VUs, 7467 complete and 0 interrupted iterations
openloop_spike   [  51% ] 008/225 VUs  06m05.8s/12m0s  30.00 iters/s

running (06m06.9s), 007/225 VUs, 7498 complete and 0 interrupted iterations
openloop_spike   [  51% ] 007/225 VUs  06m06.8s/12m0s  30.00 iters/s

running (06m07.9s), 007/225 VUs, 7528 complete and 0 interrupted iterations
openloop_spike   [  51% ] 007/225 VUs  06m07.8s/12m0s  30.00 iters/s

running (06m08.9s), 002/225 VUs, 7563 complete and 0 interrupted iterations
openloop_spike   [  51% ] 002/225 VUs  06m08.8s/12m0s  30.00 iters/s

running (06m09.9s), 004/225 VUs, 7591 complete and 0 interrupted iterations
openloop_spike   [  51% ] 004/225 VUs  06m09.8s/12m0s  30.00 iters/s

running (06m10.9s), 003/225 VUs, 7622 complete and 0 interrupted iterations
openloop_spike   [  52% ] 003/225 VUs  06m10.8s/12m0s  30.00 iters/s

running (06m11.9s), 003/225 VUs, 7652 complete and 0 interrupted iterations
openloop_spike   [  52% ] 003/225 VUs  06m11.8s/12m0s  30.00 iters/s

running (06m12.9s), 002/225 VUs, 7683 complete and 0 interrupted iterations
openloop_spike   [  52% ] 002/225 VUs  06m12.8s/12m0s  30.00 iters/s

running (06m13.9s), 006/225 VUs, 7709 complete and 0 interrupted iterations
openloop_spike   [  52% ] 006/225 VUs  06m13.8s/12m0s  30.00 iters/s

running (06m14.9s), 003/225 VUs, 7742 complete and 0 interrupted iterations
openloop_spike   [  52% ] 003/225 VUs  06m14.8s/12m0s  30.00 iters/s

running (06m15.9s), 007/225 VUs, 7768 complete and 0 interrupted iterations
openloop_spike   [  52% ] 007/225 VUs  06m15.8s/12m0s  30.00 iters/s

running (06m16.9s), 008/225 VUs, 7797 complete and 0 interrupted iterations
openloop_spike   [  52% ] 008/225 VUs  06m16.8s/12m0s  30.00 iters/s

running (06m17.9s), 011/225 VUs, 7824 complete and 0 interrupted iterations
openloop_spike   [  52% ] 011/225 VUs  06m17.8s/12m0s  30.00 iters/s

running (06m18.9s), 009/225 VUs, 7856 complete and 0 interrupted iterations
openloop_spike   [  53% ] 009/225 VUs  06m18.8s/12m0s  30.00 iters/s

running (06m19.9s), 010/225 VUs, 7885 complete and 0 interrupted iterations
openloop_spike   [  53% ] 010/225 VUs  06m19.8s/12m0s  30.00 iters/s

running (06m20.9s), 011/225 VUs, 7914 complete and 0 interrupted iterations
openloop_spike   [  53% ] 011/225 VUs  06m20.8s/12m0s  30.00 iters/s

running (06m21.9s), 013/225 VUs, 7942 complete and 0 interrupted iterations
openloop_spike   [  53% ] 013/225 VUs  06m21.8s/12m0s  30.00 iters/s

running (06m22.9s), 009/225 VUs, 7976 complete and 0 interrupted iterations
openloop_spike   [  53% ] 009/225 VUs  06m22.8s/12m0s  30.00 iters/s

running (06m23.9s), 012/225 VUs, 8003 complete and 0 interrupted iterations
openloop_spike   [  53% ] 012/225 VUs  06m23.8s/12m0s  30.00 iters/s

running (06m24.9s), 011/225 VUs, 8034 complete and 0 interrupted iterations
openloop_spike   [  53% ] 011/225 VUs  06m24.8s/12m0s  30.00 iters/s
time="2026-10-06T14:31:30Z" level=warning msg="Request Failed" error="Post \"http://auth-service.ecommerce.svc.cluster.local:8001/auth/login\": request timeout"

running (06m25.9s), 010/225 VUs, 8065 complete and 0 interrupted iterations
openloop_spike   [  54% ] 010/225 VUs  06m25.8s/12m0s  30.00 iters/s

running (06m26.9s), 014/225 VUs, 8091 complete and 0 interrupted iterations
openloop_spike   [  54% ] 014/225 VUs  06m26.8s/12m0s  30.00 iters/s
time="2026-10-06T14:31:33Z" level=warning msg="Request Failed" error="Post \"http://auth-service.ecommerce.svc.cluster.local:8001/auth/login\": request timeout"

running (06m27.9s), 007/225 VUs, 8128 complete and 0 interrupted iterations
openloop_spike   [  54% ] 007/225 VUs  06m27.8s/12m0s  30.00 iters/s

running (06m28.9s), 009/225 VUs, 8156 complete and 0 interrupted iterations
openloop_spike   [  54% ] 009/225 VUs  06m28.8s/12m0s  30.00 iters/s
time="2026-10-06T14:31:34Z" level=warning msg="Request Failed" error="Post \"http://auth-service.ecommerce.svc.cluster.local:8001/auth/login\": request timeout"

running (06m29.9s), 017/225 VUs, 8178 complete and 0 interrupted iterations
openloop_spike   [  54% ] 017/225 VUs  06m29.9s/12m0s  30.00 iters/s
time="2026-10-06T14:31:35Z" level=warning msg="Request Failed" error="Post \"http://auth-service.ecommerce.svc.cluster.local:8001/auth/login\": request timeout"

running (06m30.9s), 013/225 VUs, 8212 complete and 0 interrupted iterations
openloop_spike   [  54% ] 013/225 VUs  06m30.8s/12m0s  30.00 iters/s

running (06m31.9s), 009/225 VUs, 8246 complete and 0 interrupted iterations
openloop_spike   [  54% ] 009/225 VUs  06m31.8s/12m0s  30.00 iters/s

running (06m32.9s), 004/225 VUs, 8281 complete and 0 interrupted iterations
openloop_spike   [  55% ] 004/225 VUs  06m32.8s/12m0s  30.00 iters/s

running (06m33.9s), 004/225 VUs, 8311 complete and 0 interrupted iterations
openloop_spike   [  55% ] 004/225 VUs  06m33.8s/12m0s  30.00 iters/s

running (06m34.9s), 002/225 VUs, 8343 complete and 0 interrupted iterations
openloop_spike   [  55% ] 002/225 VUs  06m34.8s/12m0s  30.00 iters/s

running (06m35.9s), 009/225 VUs, 8366 complete and 0 interrupted iterations
openloop_spike   [  55% ] 009/225 VUs  06m35.8s/12m0s  30.00 iters/s

running (06m36.9s), 002/225 VUs, 8403 complete and 0 interrupted iterations
openloop_spike   [  55% ] 002/225 VUs  06m36.8s/12m0s  30.00 iters/s

running (06m37.9s), 001/225 VUs, 8434 complete and 0 interrupted iterations
openloop_spike   [  55% ] 001/225 VUs  06m37.8s/12m0s  30.00 iters/s

running (06m38.9s), 000/225 VUs, 8465 complete and 0 interrupted iterations
openloop_spike   [  55% ] 000/225 VUs  06m38.8s/12m0s  30.00 iters/s

running (06m39.9s), 001/225 VUs, 8494 complete and 0 interrupted iterations
openloop_spike   [  56% ] 001/225 VUs  06m39.8s/12m0s  30.00 iters/s

running (06m40.9s), 002/225 VUs, 8523 complete and 0 interrupted iterations
openloop_spike   [  56% ] 002/225 VUs  06m40.8s/12m0s  30.00 iters/s

running (06m41.9s), 008/225 VUs, 8547 complete and 0 interrupted iterations
openloop_spike   [  56% ] 008/225 VUs  06m41.8s/12m0s  30.00 iters/s

running (06m42.9s), 005/225 VUs, 8580 complete and 0 interrupted iterations
openloop_spike   [  56% ] 005/225 VUs  06m42.8s/12m0s  30.00 iters/s

running (06m43.9s), 002/225 VUs, 8613 complete and 0 interrupted iterations
openloop_spike   [  56% ] 002/225 VUs  06m43.8s/12m0s  30.00 iters/s

running (06m44.9s), 003/225 VUs, 8642 complete and 0 interrupted iterations
openloop_spike   [  56% ] 003/225 VUs  06m44.8s/12m0s  30.00 iters/s

running (06m45.9s), 003/225 VUs, 8672 complete and 0 interrupted iterations
openloop_spike   [  56% ] 003/225 VUs  06m45.8s/12m0s  30.00 iters/s

running (06m46.9s), 005/225 VUs, 8700 complete and 0 interrupted iterations
openloop_spike   [  57% ] 005/225 VUs  06m46.8s/12m0s  30.00 iters/s

running (06m47.9s), 003/225 VUs, 8732 complete and 0 interrupted iterations
openloop_spike   [  57% ] 003/225 VUs  06m47.8s/12m0s  30.00 iters/s

running (06m48.9s), 009/225 VUs, 8756 complete and 0 interrupted iterations
openloop_spike   [  57% ] 009/225 VUs  06m48.8s/12m0s  30.00 iters/s

running (06m49.9s), 003/225 VUs, 8792 complete and 0 interrupted iterations
openloop_spike   [  57% ] 003/225 VUs  06m49.8s/12m0s  30.00 iters/s

running (06m50.9s), 002/225 VUs, 8823 complete and 0 interrupted iterations
openloop_spike   [  57% ] 002/225 VUs  06m50.8s/12m0s  30.00 iters/s

running (06m51.9s), 003/225 VUs, 8852 complete and 0 interrupted iterations
openloop_spike   [  57% ] 003/225 VUs  06m51.8s/12m0s  30.00 iters/s

running (06m52.9s), 003/225 VUs, 8882 complete and 0 interrupted iterations
openloop_spike   [  57% ] 003/225 VUs  06m52.8s/12m0s  30.00 iters/s

running (06m53.9s), 002/225 VUs, 8913 complete and 0 interrupted iterations
openloop_spike   [  57% ] 002/225 VUs  06m53.8s/12m0s  30.00 iters/s

running (06m54.9s), 008/225 VUs, 8937 complete and 0 interrupted iterations
openloop_spike   [  58% ] 008/225 VUs  06m54.8s/12m0s  30.00 iters/s

running (06m55.9s), 004/225 VUs, 8971 complete and 0 interrupted iterations
openloop_spike   [  58% ] 004/225 VUs  06m55.8s/12m0s  30.00 iters/s

running (06m56.9s), 001/225 VUs, 9004 complete and 0 interrupted iterations
openloop_spike   [  58% ] 001/225 VUs  06m56.8s/12m0s  30.00 iters/s

running (06m57.9s), 003/225 VUs, 9032 complete and 0 interrupted iterations
openloop_spike   [  58% ] 003/225 VUs  06m57.8s/12m0s  30.00 iters/s

running (06m58.9s), 000/225 VUs, 9065 complete and 0 interrupted iterations
openloop_spike   [  58% ] 000/225 VUs  06m58.8s/12m0s  30.00 iters/s

running (06m59.9s), 006/225 VUs, 9089 complete and 0 interrupted iterations
openloop_spike   [  58% ] 006/225 VUs  06m59.8s/12m0s  30.00 iters/s

running (07m00.9s), 004/225 VUs, 9121 complete and 0 interrupted iterations
openloop_spike   [  58% ] 004/225 VUs  07m00.8s/12m0s  30.00 iters/s

running (07m01.9s), 002/225 VUs, 9153 complete and 0 interrupted iterations
openloop_spike   [  59% ] 002/225 VUs  07m01.8s/12m0s  30.00 iters/s

running (07m02.9s), 005/225 VUs, 9180 complete and 0 interrupted iterations
openloop_spike   [  59% ] 005/225 VUs  07m02.8s/12m0s  30.00 iters/s

running (07m03.9s), 003/225 VUs, 9212 complete and 0 interrupted iterations
openloop_spike   [  59% ] 003/225 VUs  07m03.8s/12m0s  30.00 iters/s

running (07m04.9s), 004/225 VUs, 9241 complete and 0 interrupted iterations
openloop_spike   [  59% ] 004/225 VUs  07m04.8s/12m0s  30.00 iters/s

running (07m05.9s), 003/225 VUs, 9272 complete and 0 interrupted iterations
openloop_spike   [  59% ] 003/225 VUs  07m05.8s/12m0s  30.00 iters/s

running (07m06.9s), 001/225 VUs, 9304 complete and 0 interrupted iterations
openloop_spike   [  59% ] 001/225 VUs  07m06.8s/12m0s  30.00 iters/s

running (07m07.9s), 002/225 VUs, 9333 complete and 0 interrupted iterations
openloop_spike   [  59% ] 002/225 VUs  07m07.8s/12m0s  30.00 iters/s

running (07m08.9s), 008/225 VUs, 9357 complete and 0 interrupted iterations
openloop_spike   [  60% ] 008/225 VUs  07m08.8s/12m0s  30.00 iters/s

running (07m09.9s), 003/225 VUs, 9392 complete and 0 interrupted iterations
openloop_spike   [  60% ] 003/225 VUs  07m09.8s/12m0s  30.00 iters/s

running (07m10.9s), 002/225 VUs, 9423 complete and 0 interrupted iterations
openloop_spike   [  60% ] 002/225 VUs  07m10.8s/12m0s  30.00 iters/s

running (07m11.9s), 006/225 VUs, 9449 complete and 0 interrupted iterations
openloop_spike   [  60% ] 006/225 VUs  07m11.9s/12m0s  30.00 iters/s

running (07m12.9s), 001/225 VUs, 9484 complete and 0 interrupted iterations
openloop_spike   [  60% ] 001/225 VUs  07m12.8s/12m0s  30.00 iters/s

running (07m13.9s), 003/225 VUs, 9512 complete and 0 interrupted iterations
openloop_spike   [  60% ] 003/225 VUs  07m13.8s/12m0s  30.00 iters/s

running (07m14.9s), 002/225 VUs, 9543 complete and 0 interrupted iterations
openloop_spike   [  60% ] 002/225 VUs  07m14.8s/12m0s  30.00 iters/s

running (07m15.9s), 005/225 VUs, 9570 complete and 0 interrupted iterations
openloop_spike   [  61% ] 005/225 VUs  07m15.8s/12m0s  30.00 iters/s

running (07m16.9s), 001/225 VUs, 9604 complete and 0 interrupted iterations
openloop_spike   [  61% ] 001/225 VUs  07m16.8s/12m0s  30.00 iters/s

running (07m17.9s), 000/225 VUs, 9635 complete and 0 interrupted iterations
openloop_spike   [  61% ] 000/225 VUs  07m17.8s/12m0s  30.00 iters/s

running (07m18.9s), 002/225 VUs, 9663 complete and 0 interrupted iterations
openloop_spike   [  61% ] 002/225 VUs  07m18.8s/12m0s  30.00 iters/s

running (07m19.9s), 003/225 VUs, 9692 complete and 0 interrupted iterations
openloop_spike   [  61% ] 003/225 VUs  07m19.8s/12m0s  30.00 iters/s

running (07m20.9s), 006/225 VUs, 9719 complete and 0 interrupted iterations
openloop_spike   [  61% ] 006/225 VUs  07m20.8s/12m0s  30.00 iters/s

running (07m21.9s), 008/225 VUs, 9747 complete and 0 interrupted iterations
openloop_spike   [  61% ] 008/225 VUs  07m21.8s/12m0s  30.00 iters/s

running (07m22.9s), 004/225 VUs, 9781 complete and 0 interrupted iterations
openloop_spike   [  62% ] 004/225 VUs  07m22.8s/12m0s  30.00 iters/s

running (07m23.9s), 004/225 VUs, 9811 complete and 0 interrupted iterations
openloop_spike   [  62% ] 004/225 VUs  07m23.8s/12m0s  30.00 iters/s

running (07m24.9s), 000/225 VUs, 9845 complete and 0 interrupted iterations
openloop_spike   [  62% ] 000/225 VUs  07m24.8s/12m0s  30.00 iters/s

running (07m25.9s), 003/225 VUs, 9872 complete and 0 interrupted iterations
openloop_spike   [  62% ] 003/225 VUs  07m25.8s/12m0s  30.00 iters/s

running (07m26.9s), 006/225 VUs, 9899 complete and 0 interrupted iterations
openloop_spike   [  62% ] 006/225 VUs  07m26.8s/12m0s  30.00 iters/s

running (07m27.9s), 001/225 VUs, 9934 complete and 0 interrupted iterations
openloop_spike   [  62% ] 001/225 VUs  07m27.8s/12m0s  30.00 iters/s

running (07m28.9s), 001/225 VUs, 9964 complete and 0 interrupted iterations
openloop_spike   [  62% ] 001/225 VUs  07m28.8s/12m0s  30.00 iters/s

running (07m29.9s), 006/225 VUs, 9989 complete and 0 interrupted iterations
openloop_spike   [  62% ] 006/225 VUs  07m29.8s/12m0s  30.00 iters/s

running (07m30.9s), 004/225 VUs, 10021 complete and 0 interrupted iterations
openloop_spike   [  63% ] 004/225 VUs  07m30.8s/12m0s  30.00 iters/s

running (07m31.9s), 000/225 VUs, 10055 complete and 0 interrupted iterations
openloop_spike   [  63% ] 000/225 VUs  07m31.8s/12m0s  30.00 iters/s

running (07m32.9s), 000/225 VUs, 10085 complete and 0 interrupted iterations
openloop_spike   [  63% ] 000/225 VUs  07m32.8s/12m0s  30.00 iters/s

running (07m33.9s), 003/225 VUs, 10112 complete and 0 interrupted iterations
openloop_spike   [  63% ] 003/225 VUs  07m33.8s/12m0s  30.00 iters/s

running (07m34.9s), 008/225 VUs, 10137 complete and 0 interrupted iterations
openloop_spike   [  63% ] 008/225 VUs  07m34.9s/12m0s  30.00 iters/s

running (07m35.9s), 008/225 VUs, 10167 complete and 0 interrupted iterations
openloop_spike   [  63% ] 008/225 VUs  07m35.8s/12m0s  30.00 iters/s

running (07m36.9s), 004/225 VUs, 10201 complete and 0 interrupted iterations
openloop_spike   [  63% ] 004/225 VUs  07m36.8s/12m0s  30.00 iters/s

running (07m37.9s), 008/225 VUs, 10227 complete and 0 interrupted iterations
openloop_spike   [  64% ] 008/225 VUs  07m37.8s/12m0s  30.00 iters/s

running (07m38.9s), 005/225 VUs, 10260 complete and 0 interrupted iterations
openloop_spike   [  64% ] 005/225 VUs  07m38.8s/12m0s  30.00 iters/s

running (07m39.9s), 006/225 VUs, 10289 complete and 0 interrupted iterations
openloop_spike   [  64% ] 006/225 VUs  07m39.8s/12m0s  30.00 iters/s

running (07m40.9s), 007/225 VUs, 10318 complete and 0 interrupted iterations
openloop_spike   [  64% ] 007/225 VUs  07m40.8s/12m0s  30.00 iters/s

running (07m41.9s), 005/225 VUs, 10350 complete and 0 interrupted iterations
openloop_spike   [  64% ] 005/225 VUs  07m41.8s/12m0s  30.00 iters/s

running (07m42.9s), 008/225 VUs, 10377 complete and 0 interrupted iterations
openloop_spike   [  64% ] 008/225 VUs  07m42.8s/12m0s  30.00 iters/s

running (07m43.9s), 011/225 VUs, 10404 complete and 0 interrupted iterations
openloop_spike   [  64% ] 011/225 VUs  07m43.8s/12m0s  30.00 iters/s

running (07m44.9s), 008/225 VUs, 10437 complete and 0 interrupted iterations
openloop_spike   [  65% ] 008/225 VUs  07m44.8s/12m0s  30.00 iters/s

running (07m45.9s), 004/225 VUs, 10471 complete and 0 interrupted iterations
openloop_spike   [  65% ] 004/225 VUs  07m45.8s/12m0s  30.00 iters/s

running (07m46.9s), 003/225 VUs, 10502 complete and 0 interrupted iterations
openloop_spike   [  65% ] 003/225 VUs  07m46.8s/12m0s  30.00 iters/s

running (07m47.9s), 003/225 VUs, 10532 complete and 0 interrupted iterations
openloop_spike   [  65% ] 003/225 VUs  07m47.8s/12m0s  30.00 iters/s

running (07m48.9s), 002/225 VUs, 10563 complete and 0 interrupted iterations
openloop_spike   [  65% ] 002/225 VUs  07m48.8s/12m0s  30.00 iters/s

running (07m49.9s), 004/225 VUs, 10591 complete and 0 interrupted iterations
openloop_spike   [  65% ] 004/225 VUs  07m49.8s/12m0s  30.00 iters/s

running (07m50.9s), 003/225 VUs, 10622 complete and 0 interrupted iterations
openloop_spike   [  65% ] 003/225 VUs  07m50.8s/12m0s  30.00 iters/s

running (07m51.9s), 002/225 VUs, 10653 complete and 0 interrupted iterations
openloop_spike   [  66% ] 002/225 VUs  07m51.8s/12m0s  30.00 iters/s

running (07m52.9s), 001/225 VUs, 10684 complete and 0 interrupted iterations
openloop_spike   [  66% ] 001/225 VUs  07m52.8s/12m0s  30.00 iters/s

running (07m53.9s), 005/225 VUs, 10710 complete and 0 interrupted iterations
openloop_spike   [  66% ] 005/225 VUs  07m53.8s/12m0s  30.00 iters/s

running (07m54.9s), 008/225 VUs, 10737 complete and 0 interrupted iterations
openloop_spike   [  66% ] 008/225 VUs  07m54.8s/12m0s  30.00 iters/s

running (07m55.9s), 001/225 VUs, 10774 complete and 0 interrupted iterations
openloop_spike   [  66% ] 001/225 VUs  07m55.8s/12m0s  30.00 iters/s

running (07m56.9s), 004/225 VUs, 10801 complete and 0 interrupted iterations
openloop_spike   [  66% ] 004/225 VUs  07m56.8s/12m0s  30.00 iters/s

running (07m57.9s), 005/225 VUs, 10830 complete and 0 interrupted iterations
openloop_spike   [  66% ] 005/225 VUs  07m57.8s/12m0s  30.00 iters/s

running (07m58.9s), 004/225 VUs, 10861 complete and 0 interrupted iterations
openloop_spike   [  67% ] 004/225 VUs  07m58.8s/12m0s  30.00 iters/s

running (07m59.9s), 008/225 VUs, 10887 complete and 0 interrupted iterations
openloop_spike   [  67% ] 008/225 VUs  07m59.8s/12m0s  30.00 iters/s

running (08m00.9s), 006/225 VUs, 10919 complete and 0 interrupted iterations
openloop_spike   [  67% ] 006/225 VUs  08m00.8s/12m0s  30.00 iters/s

running (08m01.9s), 002/225 VUs, 10953 complete and 0 interrupted iterations
openloop_spike   [  67% ] 002/225 VUs  08m01.8s/12m0s  30.00 iters/s

running (08m02.9s), 003/225 VUs, 10982 complete and 0 interrupted iterations
openloop_spike   [  67% ] 003/225 VUs  08m02.8s/12m0s  30.00 iters/s

running (08m03.9s), 003/225 VUs, 11012 complete and 0 interrupted iterations
openloop_spike   [  67% ] 003/225 VUs  08m03.8s/12m0s  30.00 iters/s

running (08m04.9s), 007/225 VUs, 11038 complete and 0 interrupted iterations
openloop_spike   [  67% ] 007/225 VUs  08m04.8s/12m0s  30.00 iters/s

running (08m05.9s), 009/225 VUs, 11066 complete and 0 interrupted iterations
openloop_spike   [  67% ] 009/225 VUs  08m05.8s/12m0s  30.00 iters/s

running (08m06.9s), 008/225 VUs, 11097 complete and 0 interrupted iterations
openloop_spike   [  68% ] 008/225 VUs  08m06.8s/12m0s  30.00 iters/s

running (08m07.9s), 006/225 VUs, 11129 complete and 0 interrupted iterations
openloop_spike   [  68% ] 006/225 VUs  08m07.8s/12m0s  30.00 iters/s

running (08m08.9s), 003/225 VUs, 11162 complete and 0 interrupted iterations
openloop_spike   [  68% ] 003/225 VUs  08m08.8s/12m0s  30.00 iters/s

running (08m09.9s), 008/225 VUs, 11187 complete and 0 interrupted iterations
openloop_spike   [  68% ] 008/225 VUs  08m09.8s/12m0s  30.00 iters/s

running (08m10.9s), 003/225 VUs, 11222 complete and 0 interrupted iterations
openloop_spike   [  68% ] 003/225 VUs  08m10.8s/12m0s  30.00 iters/s

running (08m11.9s), 004/225 VUs, 11251 complete and 0 interrupted iterations
openloop_spike   [  68% ] 004/225 VUs  08m11.8s/12m0s  30.00 iters/s

running (08m12.9s), 002/225 VUs, 11283 complete and 0 interrupted iterations
openloop_spike   [  68% ] 002/225 VUs  08m12.8s/12m0s  30.00 iters/s

running (08m13.9s), 005/225 VUs, 11310 complete and 0 interrupted iterations
openloop_spike   [  69% ] 005/225 VUs  08m13.8s/12m0s  30.00 iters/s

running (08m14.9s), 000/225 VUs, 11345 complete and 0 interrupted iterations
openloop_spike   [  69% ] 000/225 VUs  08m14.8s/12m0s  30.00 iters/s

running (08m15.9s), 005/225 VUs, 11370 complete and 0 interrupted iterations
openloop_spike   [  69% ] 005/225 VUs  08m15.8s/12m0s  30.00 iters/s

running (08m16.9s), 011/225 VUs, 11394 complete and 0 interrupted iterations
openloop_spike   [  69% ] 011/225 VUs  08m16.8s/12m0s  30.00 iters/s

running (08m17.9s), 008/225 VUs, 11427 complete and 0 interrupted iterations
openloop_spike   [  69% ] 008/225 VUs  08m17.8s/12m0s  30.00 iters/s

running (08m18.9s), 003/225 VUs, 11462 complete and 0 interrupted iterations
openloop_spike   [  69% ] 003/225 VUs  08m18.8s/12m0s  30.00 iters/s

running (08m19.9s), 004/225 VUs, 11491 complete and 0 interrupted iterations
openloop_spike   [  69% ] 004/225 VUs  08m19.8s/12m0s  30.00 iters/s

running (08m20.9s), 004/225 VUs, 11521 complete and 0 interrupted iterations
openloop_spike   [  70% ] 004/225 VUs  08m20.8s/12m0s  30.00 iters/s

running (08m21.9s), 002/225 VUs, 11553 complete and 0 interrupted iterations
openloop_spike   [  70% ] 002/225 VUs  08m21.8s/12m0s  30.00 iters/s

running (08m22.9s), 004/225 VUs, 11581 complete and 0 interrupted iterations
openloop_spike   [  70% ] 004/225 VUs  08m22.8s/12m0s  30.00 iters/s

running (08m23.9s), 003/225 VUs, 11612 complete and 0 interrupted iterations
openloop_spike   [  70% ] 003/225 VUs  08m23.8s/12m0s  30.00 iters/s

running (08m24.9s), 004/225 VUs, 11641 complete and 0 interrupted iterations
openloop_spike   [  70% ] 004/225 VUs  08m24.8s/12m0s  30.00 iters/s

running (08m25.9s), 004/225 VUs, 11671 complete and 0 interrupted iterations
openloop_spike   [  70% ] 004/225 VUs  08m25.8s/12m0s  30.00 iters/s

running (08m26.9s), 010/225 VUs, 11695 complete and 0 interrupted iterations
openloop_spike   [  70% ] 010/225 VUs  08m26.8s/12m0s  30.00 iters/s

running (08m27.9s), 000/225 VUs, 11735 complete and 0 interrupted iterations
openloop_spike   [  71% ] 000/225 VUs  08m27.8s/12m0s  30.00 iters/s

running (08m28.9s), 002/225 VUs, 11763 complete and 0 interrupted iterations
openloop_spike   [  71% ] 002/225 VUs  08m28.8s/12m0s  30.00 iters/s

running (08m29.9s), 006/225 VUs, 11789 complete and 0 interrupted iterations
openloop_spike   [  71% ] 006/225 VUs  08m29.8s/12m0s  30.00 iters/s

running (08m30.9s), 006/225 VUs, 11819 complete and 0 interrupted iterations
openloop_spike   [  71% ] 006/225 VUs  08m30.8s/12m0s  30.00 iters/s

running (08m31.9s), 007/225 VUs, 11848 complete and 0 interrupted iterations
openloop_spike   [  71% ] 007/225 VUs  08m31.8s/12m0s  30.00 iters/s

running (08m32.9s), 002/225 VUs, 11883 complete and 0 interrupted iterations
openloop_spike   [  71% ] 002/225 VUs  08m32.8s/12m0s  30.00 iters/s

running (08m33.9s), 002/225 VUs, 11913 complete and 0 interrupted iterations
openloop_spike   [  71% ] 002/225 VUs  08m33.8s/12m0s  30.00 iters/s

running (08m34.9s), 001/225 VUs, 11944 complete and 0 interrupted iterations
openloop_spike   [  72% ] 001/225 VUs  08m34.8s/12m0s  30.00 iters/s

running (08m35.9s), 002/225 VUs, 11973 complete and 0 interrupted iterations
openloop_spike   [  72% ] 002/225 VUs  08m35.8s/12m0s  30.00 iters/s

running (08m36.9s), 005/225 VUs, 12000 complete and 0 interrupted iterations
openloop_spike   [  72% ] 005/225 VUs  08m36.8s/12m0s  30.00 iters/s

running (08m37.9s), 004/225 VUs, 12031 complete and 0 interrupted iterations
openloop_spike   [  72% ] 004/225 VUs  08m37.8s/12m0s  30.00 iters/s

running (08m38.9s), 003/225 VUs, 12062 complete and 0 interrupted iterations
openloop_spike   [  72% ] 003/225 VUs  08m38.8s/12m0s  30.00 iters/s

running (08m39.9s), 002/225 VUs, 12093 complete and 0 interrupted iterations
openloop_spike   [  72% ] 002/225 VUs  08m39.8s/12m0s  30.00 iters/s

running (08m40.9s), 006/225 VUs, 12119 complete and 0 interrupted iterations
openloop_spike   [  72% ] 006/225 VUs  08m40.8s/12m0s  30.00 iters/s

running (08m41.9s), 009/225 VUs, 12146 complete and 0 interrupted iterations
openloop_spike   [  72% ] 009/225 VUs  08m41.8s/12m0s  30.00 iters/s

running (08m42.9s), 008/225 VUs, 12177 complete and 0 interrupted iterations
openloop_spike   [  73% ] 008/225 VUs  08m42.8s/12m0s  30.00 iters/s

running (08m43.9s), 007/225 VUs, 12208 complete and 0 interrupted iterations
openloop_spike   [  73% ] 007/225 VUs  08m43.8s/12m0s  30.00 iters/s

running (08m44.9s), 007/225 VUs, 12238 complete and 0 interrupted iterations
openloop_spike   [  73% ] 007/225 VUs  08m44.8s/12m0s  30.00 iters/s

running (08m45.9s), 006/225 VUs, 12269 complete and 0 interrupted iterations
openloop_spike   [  73% ] 006/225 VUs  08m45.8s/12m0s  30.00 iters/s

running (08m46.9s), 008/225 VUs, 12297 complete and 0 interrupted iterations
openloop_spike   [  73% ] 008/225 VUs  08m46.8s/12m0s  30.00 iters/s

running (08m47.9s), 012/225 VUs, 12323 complete and 0 interrupted iterations
openloop_spike   [  73% ] 012/225 VUs  08m47.8s/12m0s  30.00 iters/s

running (08m48.9s), 016/225 VUs, 12349 complete and 0 interrupted iterations
openloop_spike   [  73% ] 016/225 VUs  08m48.8s/12m0s  30.00 iters/s

running (08m49.9s), 008/225 VUs, 12387 complete and 0 interrupted iterations
openloop_spike   [  74% ] 008/225 VUs  08m49.8s/12m0s  30.00 iters/s

running (08m50.9s), 004/225 VUs, 12421 complete and 0 interrupted iterations
openloop_spike   [  74% ] 004/225 VUs  08m50.8s/12m0s  30.00 iters/s

running (08m51.9s), 004/225 VUs, 12451 complete and 0 interrupted iterations
openloop_spike   [  74% ] 004/225 VUs  08m51.8s/12m0s  30.00 iters/s

running (08m52.9s), 004/225 VUs, 12481 complete and 0 interrupted iterations
openloop_spike   [  74% ] 004/225 VUs  08m52.8s/12m0s  30.00 iters/s

running (08m53.9s), 007/225 VUs, 12508 complete and 0 interrupted iterations
openloop_spike   [  74% ] 007/225 VUs  08m53.8s/12m0s  30.00 iters/s

running (08m54.9s), 006/225 VUs, 12539 complete and 0 interrupted iterations
openloop_spike   [  74% ] 006/225 VUs  08m54.8s/12m0s  30.00 iters/s

running (08m55.9s), 001/225 VUs, 12574 complete and 0 interrupted iterations
openloop_spike   [  74% ] 001/225 VUs  08m55.8s/12m0s  30.00 iters/s

running (08m56.9s), 001/225 VUs, 12604 complete and 0 interrupted iterations
openloop_spike   [  75% ] 001/225 VUs  08m56.8s/12m0s  30.00 iters/s

running (08m57.9s), 006/225 VUs, 12629 complete and 0 interrupted iterations
openloop_spike   [  75% ] 006/225 VUs  08m57.8s/12m0s  30.00 iters/s

running (08m58.9s), 004/225 VUs, 12661 complete and 0 interrupted iterations
openloop_spike   [  75% ] 004/225 VUs  08m58.8s/12m0s  30.00 iters/s

running (08m59.9s), 002/225 VUs, 12693 complete and 0 interrupted iterations
openloop_spike   [  75% ] 002/225 VUs  08m59.8s/12m0s  30.00 iters/s

running (09m00.9s), 003/225 VUs, 12722 complete and 0 interrupted iterations
openloop_spike   [  75% ] 003/225 VUs  09m00.8s/12m0s  29.86 iters/s

running (09m01.9s), 002/225 VUs, 12752 complete and 0 interrupted iterations
openloop_spike   [  75% ] 002/225 VUs  09m01.8s/12m0s  29.70 iters/s

running (09m02.9s), 006/225 VUs, 12778 complete and 0 interrupted iterations
openloop_spike   [  75% ] 006/225 VUs  09m02.8s/12m0s  29.53 iters/s

running (09m03.9s), 005/225 VUs, 12808 complete and 0 interrupted iterations
openloop_spike   [  76% ] 005/225 VUs  09m03.8s/12m0s  29.36 iters/s

running (09m04.9s), 005/225 VUs, 12838 complete and 0 interrupted iterations
openloop_spike   [  76% ] 005/225 VUs  09m04.8s/12m0s  29.19 iters/s

running (09m05.9s), 007/225 VUs, 12865 complete and 0 interrupted iterations
openloop_spike   [  76% ] 007/225 VUs  09m05.8s/12m0s  29.03 iters/s

running (09m06.9s), 006/225 VUs, 12895 complete and 0 interrupted iterations
openloop_spike   [  76% ] 006/225 VUs  09m06.8s/12m0s  28.86 iters/s

running (09m07.9s), 003/225 VUs, 12927 complete and 0 interrupted iterations
openloop_spike   [  76% ] 003/225 VUs  09m07.8s/12m0s  28.69 iters/s

running (09m08.9s), 000/225 VUs, 12958 complete and 0 interrupted iterations
openloop_spike   [  76% ] 000/225 VUs  09m08.8s/12m0s  28.53 iters/s

running (09m09.9s), 002/225 VUs, 12985 complete and 0 interrupted iterations
openloop_spike   [  76% ] 002/225 VUs  09m09.8s/12m0s  28.36 iters/s

running (09m10.9s), 004/225 VUs, 13011 complete and 0 interrupted iterations
openloop_spike   [  77% ] 004/225 VUs  09m10.8s/12m0s  28.19 iters/s

running (09m11.9s), 006/225 VUs, 13037 complete and 0 interrupted iterations
openloop_spike   [  77% ] 006/225 VUs  09m11.8s/12m0s  28.03 iters/s

running (09m12.9s), 002/225 VUs, 13069 complete and 0 interrupted iterations
openloop_spike   [  77% ] 002/225 VUs  09m12.8s/12m0s  27.86 iters/s

running (09m13.9s), 006/225 VUs, 13093 complete and 0 interrupted iterations
openloop_spike   [  77% ] 006/225 VUs  09m13.8s/12m0s  27.69 iters/s

running (09m14.9s), 003/225 VUs, 13123 complete and 0 interrupted iterations
openloop_spike   [  77% ] 003/225 VUs  09m14.8s/12m0s  27.53 iters/s

running (09m15.9s), 003/225 VUs, 13151 complete and 0 interrupted iterations
openloop_spike   [  77% ] 003/225 VUs  09m15.8s/12m0s  27.36 iters/s

running (09m16.9s), 003/225 VUs, 13178 complete and 0 interrupted iterations
openloop_spike   [  77% ] 003/225 VUs  09m16.8s/12m0s  27.19 iters/s

running (09m17.9s), 001/225 VUs, 13207 complete and 0 interrupted iterations
openloop_spike   [  77% ] 001/225 VUs  09m17.8s/12m0s  27.03 iters/s

running (09m18.9s), 002/225 VUs, 13233 complete and 0 interrupted iterations
openloop_spike   [  78% ] 002/225 VUs  09m18.8s/12m0s  26.86 iters/s

running (09m19.9s), 007/225 VUs, 13255 complete and 0 interrupted iterations
openloop_spike   [  78% ] 007/225 VUs  09m19.8s/12m0s  26.69 iters/s

running (09m20.9s), 006/225 VUs, 13283 complete and 0 interrupted iterations
openloop_spike   [  78% ] 006/225 VUs  09m20.8s/12m0s  26.52 iters/s

running (09m21.9s), 001/225 VUs, 13314 complete and 0 interrupted iterations
openloop_spike   [  78% ] 001/225 VUs  09m21.8s/12m0s  26.36 iters/s

running (09m22.9s), 000/225 VUs, 13341 complete and 0 interrupted iterations
openloop_spike   [  78% ] 000/225 VUs  09m22.8s/12m0s  26.19 iters/s

running (09m23.9s), 003/225 VUs, 13364 complete and 0 interrupted iterations
openloop_spike   [  78% ] 003/225 VUs  09m23.8s/12m0s  26.03 iters/s

running (09m24.9s), 001/225 VUs, 13392 complete and 0 interrupted iterations
openloop_spike   [  78% ] 001/225 VUs  09m24.8s/12m0s  25.86 iters/s

running (09m25.9s), 004/225 VUs, 13415 complete and 0 interrupted iterations
openloop_spike   [  79% ] 004/225 VUs  09m25.8s/12m0s  25.69 iters/s

running (09m26.9s), 005/225 VUs, 13440 complete and 0 interrupted iterations
openloop_spike   [  79% ] 005/225 VUs  09m26.8s/12m0s  25.52 iters/s

running (09m27.9s), 000/225 VUs, 13470 complete and 0 interrupted iterations
openloop_spike   [  79% ] 000/225 VUs  09m27.8s/12m0s  25.36 iters/s

running (09m28.9s), 002/225 VUs, 13493 complete and 0 interrupted iterations
openloop_spike   [  79% ] 002/225 VUs  09m28.8s/12m0s  25.20 iters/s

running (09m29.9s), 005/225 VUs, 13516 complete and 0 interrupted iterations
openloop_spike   [  79% ] 005/225 VUs  09m29.8s/12m0s  25.02 iters/s

running (09m30.9s), 001/225 VUs, 13544 complete and 0 interrupted iterations
openloop_spike   [  79% ] 001/225 VUs  09m30.8s/12m0s  24.86 iters/s

running (09m31.9s), 002/225 VUs, 13568 complete and 0 interrupted iterations
openloop_spike   [  79% ] 002/225 VUs  09m31.8s/12m0s  24.69 iters/s

running (09m32.9s), 002/225 VUs, 13593 complete and 0 interrupted iterations
openloop_spike   [  80% ] 002/225 VUs  09m32.8s/12m0s  24.53 iters/s

running (09m33.9s), 003/225 VUs, 13616 complete and 0 interrupted iterations
openloop_spike   [  80% ] 003/225 VUs  09m33.8s/12m0s  24.36 iters/s

running (09m34.9s), 005/225 VUs, 13639 complete and 0 interrupted iterations
openloop_spike   [  80% ] 005/225 VUs  09m34.8s/12m0s  24.19 iters/s

running (09m35.9s), 001/225 VUs, 13667 complete and 0 interrupted iterations
openloop_spike   [  80% ] 001/225 VUs  09m35.8s/12m0s  24.02 iters/s

running (09m36.9s), 002/225 VUs, 13690 complete and 0 interrupted iterations
openloop_spike   [  80% ] 002/225 VUs  09m36.8s/12m0s  23.86 iters/s

running (09m37.9s), 001/225 VUs, 13714 complete and 0 interrupted iterations
openloop_spike   [  80% ] 001/225 VUs  09m37.8s/12m0s  23.70 iters/s

running (09m38.9s), 003/225 VUs, 13736 complete and 0 interrupted iterations
openloop_spike   [  80% ] 003/225 VUs  09m38.8s/12m0s  23.53 iters/s

running (09m39.9s), 003/225 VUs, 13759 complete and 0 interrupted iterations
openloop_spike   [  81% ] 003/225 VUs  09m39.8s/12m0s  23.36 iters/s

running (09m40.9s), 001/225 VUs, 13785 complete and 0 interrupted iterations
openloop_spike   [  81% ] 001/225 VUs  09m40.8s/12m0s  23.19 iters/s

running (09m41.9s), 004/225 VUs, 13805 complete and 0 interrupted iterations
openloop_spike   [  81% ] 004/225 VUs  09m41.8s/12m0s  23.03 iters/s

running (09m42.9s), 003/225 VUs, 13829 complete and 0 interrupted iterations
openloop_spike   [  81% ] 003/225 VUs  09m42.8s/12m0s  22.86 iters/s

running (09m43.9s), 002/225 VUs, 13853 complete and 0 interrupted iterations
openloop_spike   [  81% ] 002/225 VUs  09m43.8s/12m0s  22.69 iters/s

running (09m44.9s), 000/225 VUs, 13877 complete and 0 interrupted iterations
openloop_spike   [  81% ] 000/225 VUs  09m44.8s/12m0s  22.53 iters/s

running (09m45.9s), 004/225 VUs, 13896 complete and 0 interrupted iterations
openloop_spike   [  81% ] 004/225 VUs  09m45.8s/12m0s  22.36 iters/s

running (09m46.9s), 001/225 VUs, 13921 complete and 0 interrupted iterations
openloop_spike   [  82% ] 001/225 VUs  09m46.8s/12m0s  22.19 iters/s

running (09m47.9s), 001/225 VUs, 13943 complete and 0 interrupted iterations
openloop_spike   [  82% ] 001/225 VUs  09m47.8s/12m0s  22.03 iters/s

running (09m48.9s), 001/225 VUs, 13965 complete and 0 interrupted iterations
openloop_spike   [  82% ] 001/225 VUs  09m48.8s/12m0s  21.86 iters/s

running (09m49.9s), 002/225 VUs, 13986 complete and 0 interrupted iterations
openloop_spike   [  82% ] 002/225 VUs  09m49.8s/12m0s  21.69 iters/s

running (09m50.9s), 004/225 VUs, 14005 complete and 0 interrupted iterations
openloop_spike   [  82% ] 004/225 VUs  09m50.8s/12m0s  21.53 iters/s

running (09m51.9s), 000/225 VUs, 14031 complete and 0 interrupted iterations
openloop_spike   [  82% ] 000/225 VUs  09m51.8s/12m0s  21.36 iters/s

running (09m52.9s), 000/225 VUs, 14052 complete and 0 interrupted iterations
openloop_spike   [  82% ] 000/225 VUs  09m52.8s/12m0s  21.19 iters/s

running (09m53.9s), 003/225 VUs, 14070 complete and 0 interrupted iterations
openloop_spike   [  82% ] 003/225 VUs  09m53.8s/12m0s  21.03 iters/s

running (09m54.9s), 004/225 VUs, 14090 complete and 0 interrupted iterations
openloop_spike   [  83% ] 004/225 VUs  09m54.8s/12m0s  20.86 iters/s

running (09m55.9s), 005/225 VUs, 14110 complete and 0 interrupted iterations
openloop_spike   [  83% ] 005/225 VUs  09m55.8s/12m0s  20.69 iters/s

running (09m56.9s), 005/225 VUs, 14131 complete and 0 interrupted iterations
openloop_spike   [  83% ] 005/225 VUs  09m56.8s/12m0s  20.52 iters/s

running (09m57.9s), 002/225 VUs, 14154 complete and 0 interrupted iterations
openloop_spike   [  83% ] 002/225 VUs  09m57.8s/12m0s  20.36 iters/s

running (09m58.9s), 001/225 VUs, 14175 complete and 0 interrupted iterations
openloop_spike   [  83% ] 001/225 VUs  09m58.8s/12m0s  20.19 iters/s

running (09m59.9s), 003/225 VUs, 14193 complete and 0 interrupted iterations
openloop_spike   [  83% ] 003/225 VUs  09m59.8s/12m0s  20.03 iters/s

running (10m00.9s), 001/225 VUs, 14215 complete and 0 interrupted iterations
openloop_spike   [  83% ] 001/225 VUs  10m00.8s/12m0s  19.86 iters/s

running (10m01.9s), 001/225 VUs, 14235 complete and 0 interrupted iterations
openloop_spike   [  84% ] 001/225 VUs  10m01.8s/12m0s  19.69 iters/s

running (10m02.9s), 002/225 VUs, 14254 complete and 0 interrupted iterations
openloop_spike   [  84% ] 002/225 VUs  10m02.8s/12m0s  19.52 iters/s

running (10m03.9s), 004/225 VUs, 14271 complete and 0 interrupted iterations
openloop_spike   [  84% ] 004/225 VUs  10m03.8s/12m0s  19.36 iters/s

running (10m04.9s), 003/225 VUs, 14291 complete and 0 interrupted iterations
openloop_spike   [  84% ] 003/225 VUs  10m04.8s/12m0s  19.20 iters/s

running (10m05.9s), 002/225 VUs, 14311 complete and 0 interrupted iterations
openloop_spike   [  84% ] 002/225 VUs  10m05.8s/12m0s  19.03 iters/s

running (10m06.9s), 000/225 VUs, 14332 complete and 0 interrupted iterations
openloop_spike   [  84% ] 000/225 VUs  10m06.8s/12m0s  18.86 iters/s

running (10m07.9s), 002/225 VUs, 14349 complete and 0 interrupted iterations
openloop_spike   [  84% ] 002/225 VUs  10m07.8s/12m0s  18.69 iters/s

running (10m08.9s), 008/225 VUs, 14362 complete and 0 interrupted iterations
openloop_spike   [  85% ] 008/225 VUs  10m08.8s/12m0s  18.52 iters/s

running (10m09.9s), 006/225 VUs, 14382 complete and 0 interrupted iterations
openloop_spike   [  85% ] 006/225 VUs  10m09.8s/12m0s  18.36 iters/s

running (10m10.9s), 007/225 VUs, 14400 complete and 0 interrupted iterations
openloop_spike   [  85% ] 007/225 VUs  10m10.8s/12m0s  18.19 iters/s

running (10m11.9s), 003/225 VUs, 14422 complete and 0 interrupted iterations
openloop_spike   [  85% ] 003/225 VUs  10m11.8s/12m0s  18.02 iters/s

running (10m12.9s), 004/225 VUs, 14439 complete and 0 interrupted iterations
openloop_spike   [  85% ] 004/225 VUs  10m12.8s/12m0s  17.86 iters/s

running (10m13.9s), 000/225 VUs, 14460 complete and 0 interrupted iterations
openloop_spike   [  85% ] 000/225 VUs  10m13.8s/12m0s  17.70 iters/s

running (10m14.9s), 000/225 VUs, 14478 complete and 0 interrupted iterations
openloop_spike   [  85% ] 000/225 VUs  10m14.8s/12m0s  17.53 iters/s

running (10m15.9s), 001/225 VUs, 14494 complete and 0 interrupted iterations
openloop_spike   [  86% ] 001/225 VUs  10m15.8s/12m0s  17.36 iters/s

running (10m16.9s), 003/225 VUs, 14510 complete and 0 interrupted iterations
openloop_spike   [  86% ] 003/225 VUs  10m16.8s/12m0s  17.19 iters/s

running (10m17.9s), 000/225 VUs, 14530 complete and 0 interrupted iterations
openloop_spike   [  86% ] 000/225 VUs  10m17.8s/12m0s  17.02 iters/s

running (10m18.9s), 003/225 VUs, 14544 complete and 0 interrupted iterations
openloop_spike   [  86% ] 003/225 VUs  10m18.8s/12m0s  16.86 iters/s

running (10m19.9s), 004/225 VUs, 14560 complete and 0 interrupted iterations
openloop_spike   [  86% ] 004/225 VUs  10m19.8s/12m0s  16.69 iters/s

running (10m20.9s), 002/225 VUs, 14578 complete and 0 interrupted iterations
openloop_spike   [  86% ] 002/225 VUs  10m20.8s/12m0s  16.53 iters/s

running (10m21.9s), 002/225 VUs, 14595 complete and 0 interrupted iterations
openloop_spike   [  86% ] 002/225 VUs  10m21.8s/12m0s  16.36 iters/s

running (10m22.9s), 002/225 VUs, 14611 complete and 0 interrupted iterations
openloop_spike   [  87% ] 002/225 VUs  10m22.8s/12m0s  16.19 iters/s

running (10m23.9s), 001/225 VUs, 14628 complete and 0 interrupted iterations
openloop_spike   [  87% ] 001/225 VUs  10m23.8s/12m0s  16.03 iters/s

running (10m24.9s), 000/225 VUs, 14645 complete and 0 interrupted iterations
openloop_spike   [  87% ] 000/225 VUs  10m24.8s/12m0s  15.86 iters/s

running (10m25.9s), 002/225 VUs, 14659 complete and 0 interrupted iterations
openloop_spike   [  87% ] 002/225 VUs  10m25.8s/12m0s  15.69 iters/s

running (10m26.9s), 002/225 VUs, 14674 complete and 0 interrupted iterations
openloop_spike   [  87% ] 002/225 VUs  10m26.8s/12m0s  15.53 iters/s

running (10m27.9s), 003/225 VUs, 14689 complete and 0 interrupted iterations
openloop_spike   [  87% ] 003/225 VUs  10m27.8s/12m0s  15.36 iters/s

running (10m28.9s), 000/225 VUs, 14707 complete and 0 interrupted iterations
openloop_spike   [  87% ] 000/225 VUs  10m28.8s/12m0s  15.19 iters/s

running (10m29.9s), 001/225 VUs, 14721 complete and 0 interrupted iterations
openloop_spike   [  87% ] 001/225 VUs  10m29.8s/12m0s  15.03 iters/s

running (10m30.9s), 003/225 VUs, 14734 complete and 0 interrupted iterations
openloop_spike   [  88% ] 003/225 VUs  10m30.8s/12m0s  14.86 iters/s

running (10m31.9s), 002/225 VUs, 14750 complete and 0 interrupted iterations
openloop_spike   [  88% ] 002/225 VUs  10m31.8s/12m0s  14.69 iters/s

running (10m32.9s), 001/225 VUs, 14765 complete and 0 interrupted iterations
openloop_spike   [  88% ] 001/225 VUs  10m32.8s/12m0s  14.53 iters/s

running (10m33.9s), 002/225 VUs, 14779 complete and 0 interrupted iterations
openloop_spike   [  88% ] 002/225 VUs  10m33.8s/12m0s  14.36 iters/s

running (10m34.9s), 002/225 VUs, 14793 complete and 0 interrupted iterations
openloop_spike   [  88% ] 002/225 VUs  10m34.8s/12m0s  14.20 iters/s

running (10m35.9s), 001/225 VUs, 14808 complete and 0 interrupted iterations
openloop_spike   [  88% ] 001/225 VUs  10m35.8s/12m0s  14.03 iters/s

running (10m36.9s), 000/225 VUs, 14823 complete and 0 interrupted iterations
openloop_spike   [  88% ] 000/225 VUs  10m36.8s/12m0s  13.86 iters/s

running (10m37.9s), 000/225 VUs, 14837 complete and 0 interrupted iterations
openloop_spike   [  89% ] 000/225 VUs  10m37.8s/12m0s  13.69 iters/s

running (10m38.9s), 001/225 VUs, 14850 complete and 0 interrupted iterations
openloop_spike   [  89% ] 001/225 VUs  10m38.8s/12m0s  13.52 iters/s

running (10m39.9s), 001/225 VUs, 14863 complete and 0 interrupted iterations
openloop_spike   [  89% ] 001/225 VUs  10m39.8s/12m0s  13.36 iters/s

running (10m40.9s), 002/225 VUs, 14875 complete and 0 interrupted iterations
openloop_spike   [  89% ] 002/225 VUs  10m40.8s/12m0s  13.20 iters/s

running (10m41.9s), 000/225 VUs, 14890 complete and 0 interrupted iterations
openloop_spike   [  89% ] 000/225 VUs  10m41.8s/12m0s  13.03 iters/s

running (10m42.9s), 000/225 VUs, 14903 complete and 0 interrupted iterations
openloop_spike   [  89% ] 000/225 VUs  10m42.8s/12m0s  12.86 iters/s

running (10m43.9s), 000/225 VUs, 14916 complete and 0 interrupted iterations
openloop_spike   [  89% ] 000/225 VUs  10m43.8s/12m0s  12.70 iters/s

running (10m44.9s), 000/225 VUs, 14929 complete and 0 interrupted iterations
openloop_spike   [  90% ] 000/225 VUs  10m44.8s/12m0s  12.52 iters/s

running (10m45.9s), 001/225 VUs, 14940 complete and 0 interrupted iterations
openloop_spike   [  90% ] 001/225 VUs  10m45.8s/12m0s  12.36 iters/s

running (10m46.9s), 001/225 VUs, 14952 complete and 0 interrupted iterations
openloop_spike   [  90% ] 001/225 VUs  10m46.8s/12m0s  12.20 iters/s

running (10m47.9s), 001/225 VUs, 14965 complete and 0 interrupted iterations
openloop_spike   [  90% ] 001/225 VUs  10m47.8s/12m0s  12.02 iters/s

running (10m48.9s), 001/225 VUs, 14977 complete and 0 interrupted iterations
openloop_spike   [  90% ] 001/225 VUs  10m48.8s/12m0s  11.85 iters/s

running (10m49.9s), 001/225 VUs, 14988 complete and 0 interrupted iterations
openloop_spike   [  90% ] 001/225 VUs  10m49.8s/12m0s  11.70 iters/s

running (10m50.9s), 001/225 VUs, 15000 complete and 0 interrupted iterations
openloop_spike   [  90% ] 001/225 VUs  10m50.8s/12m0s  11.53 iters/s

running (10m51.9s), 002/225 VUs, 15010 complete and 0 interrupted iterations
openloop_spike   [  91% ] 002/225 VUs  10m51.8s/12m0s  11.37 iters/s

running (10m52.9s), 002/225 VUs, 15022 complete and 0 interrupted iterations
openloop_spike   [  91% ] 002/225 VUs  10m52.8s/12m0s  11.19 iters/s

running (10m53.9s), 001/225 VUs, 15034 complete and 0 interrupted iterations
openloop_spike   [  91% ] 001/225 VUs  10m53.8s/12m0s  11.02 iters/s

running (10m54.9s), 002/225 VUs, 15044 complete and 0 interrupted iterations
openloop_spike   [  91% ] 002/225 VUs  10m54.8s/12m0s  10.86 iters/s

running (10m55.9s), 003/225 VUs, 15053 complete and 0 interrupted iterations
openloop_spike   [  91% ] 003/225 VUs  10m55.8s/12m0s  10.70 iters/s

running (10m56.9s), 000/225 VUs, 15067 complete and 0 interrupted iterations
openloop_spike   [  91% ] 000/225 VUs  10m56.8s/12m0s  10.53 iters/s

running (10m57.9s), 001/225 VUs, 15077 complete and 0 interrupted iterations
openloop_spike   [  91% ] 001/225 VUs  10m57.8s/12m0s  10.35 iters/s

running (10m58.9s), 000/225 VUs, 15088 complete and 0 interrupted iterations
openloop_spike   [  92% ] 000/225 VUs  10m58.8s/12m0s  10.19 iters/s

running (10m59.9s), 001/225 VUs, 15097 complete and 0 interrupted iterations
openloop_spike   [  92% ] 001/225 VUs  10m59.8s/12m0s  10.02 iters/s

running (11m00.9s), 002/225 VUs, 15106 complete and 0 interrupted iterations
openloop_spike   [  92% ] 002/225 VUs  11m00.8s/12m0s  09.86 iters/s

running (11m01.9s), 001/225 VUs, 15117 complete and 0 interrupted iterations
openloop_spike   [  92% ] 001/225 VUs  11m01.8s/12m0s  09.69 iters/s

running (11m02.9s), 001/225 VUs, 15126 complete and 0 interrupted iterations
openloop_spike   [  92% ] 001/225 VUs  11m02.8s/12m0s  09.53 iters/s

running (11m03.9s), 000/225 VUs, 15137 complete and 0 interrupted iterations
openloop_spike   [  92% ] 000/225 VUs  11m03.8s/12m0s  09.35 iters/s

running (11m04.9s), 001/225 VUs, 15145 complete and 0 interrupted iterations
openloop_spike   [  92% ] 001/225 VUs  11m04.8s/12m0s  09.19 iters/s

running (11m05.9s), 000/225 VUs, 15155 complete and 0 interrupted iterations
openloop_spike   [  92% ] 000/225 VUs  11m05.8s/12m0s  09.03 iters/s

running (11m06.9s), 001/225 VUs, 15163 complete and 0 interrupted iterations
openloop_spike   [  93% ] 001/225 VUs  11m06.8s/12m0s  08.86 iters/s

running (11m07.9s), 001/225 VUs, 15172 complete and 0 interrupted iterations
openloop_spike   [  93% ] 001/225 VUs  11m07.8s/12m0s  08.69 iters/s

running (11m08.9s), 001/225 VUs, 15180 complete and 0 interrupted iterations
openloop_spike   [  93% ] 001/225 VUs  11m08.8s/12m0s  08.53 iters/s

running (11m09.9s), 001/225 VUs, 15189 complete and 0 interrupted iterations
openloop_spike   [  93% ] 001/225 VUs  11m09.8s/12m0s  08.36 iters/s

running (11m10.9s), 002/225 VUs, 15196 complete and 0 interrupted iterations
openloop_spike   [  93% ] 002/225 VUs  11m10.8s/12m0s  08.20 iters/s

running (11m11.9s), 001/225 VUs, 15205 complete and 0 interrupted iterations
openloop_spike   [  93% ] 001/225 VUs  11m11.8s/12m0s  08.03 iters/s

running (11m12.9s), 000/225 VUs, 15214 complete and 0 interrupted iterations
openloop_spike   [  93% ] 000/225 VUs  11m12.8s/12m0s  07.86 iters/s

running (11m13.9s), 000/225 VUs, 15222 complete and 0 interrupted iterations
openloop_spike   [  94% ] 000/225 VUs  11m13.8s/12m0s  07.69 iters/s

running (11m14.9s), 001/225 VUs, 15229 complete and 0 interrupted iterations
openloop_spike   [  94% ] 001/225 VUs  11m14.8s/12m0s  07.52 iters/s

running (11m15.9s), 000/225 VUs, 15237 complete and 0 interrupted iterations
openloop_spike   [  94% ] 000/225 VUs  11m15.8s/12m0s  07.36 iters/s

running (11m16.9s), 000/225 VUs, 15244 complete and 0 interrupted iterations
openloop_spike   [  94% ] 000/225 VUs  11m16.8s/12m0s  07.20 iters/s

running (11m17.9s), 002/225 VUs, 15249 complete and 0 interrupted iterations
openloop_spike   [  94% ] 002/225 VUs  11m17.8s/12m0s  07.04 iters/s

running (11m18.9s), 000/225 VUs, 15258 complete and 0 interrupted iterations
openloop_spike   [  94% ] 000/225 VUs  11m18.8s/12m0s  06.87 iters/s

running (11m19.9s), 000/225 VUs, 15265 complete and 0 interrupted iterations
openloop_spike   [  94% ] 000/225 VUs  11m19.8s/12m0s  06.70 iters/s

running (11m20.9s), 000/225 VUs, 15272 complete and 0 interrupted iterations
openloop_spike   [  95% ] 000/225 VUs  11m20.8s/12m0s  06.52 iters/s

running (11m21.9s), 000/225 VUs, 15278 complete and 0 interrupted iterations
openloop_spike   [  95% ] 000/225 VUs  11m21.8s/12m0s  06.36 iters/s

running (11m22.9s), 000/225 VUs, 15284 complete and 0 interrupted iterations
openloop_spike   [  95% ] 000/225 VUs  11m22.8s/12m0s  06.20 iters/s

running (11m23.9s), 002/225 VUs, 15289 complete and 0 interrupted iterations
openloop_spike   [  95% ] 002/225 VUs  11m23.8s/12m0s  06.01 iters/s

running (11m24.9s), 000/225 VUs, 15296 complete and 0 interrupted iterations
openloop_spike   [  95% ] 000/225 VUs  11m24.8s/12m0s  05.87 iters/s

running (11m25.9s), 000/225 VUs, 15302 complete and 0 interrupted iterations
openloop_spike   [  95% ] 000/225 VUs  11m25.8s/12m0s  05.70 iters/s

running (11m26.9s), 000/225 VUs, 15308 complete and 0 interrupted iterations
openloop_spike   [  95% ] 000/225 VUs  11m26.8s/12m0s  05.52 iters/s

running (11m27.9s), 001/225 VUs, 15312 complete and 0 interrupted iterations
openloop_spike   [  96% ] 001/225 VUs  11m27.8s/12m0s  05.37 iters/s

running (11m28.9s), 000/225 VUs, 15319 complete and 0 interrupted iterations
openloop_spike   [  96% ] 000/225 VUs  11m28.8s/12m0s  05.18 iters/s

running (11m29.9s), 002/225 VUs, 15322 complete and 0 interrupted iterations
openloop_spike   [  96% ] 002/225 VUs  11m29.8s/12m0s  05.02 iters/s

running (11m30.9s), 000/225 VUs, 15329 complete and 0 interrupted iterations
openloop_spike   [  96% ] 000/225 VUs  11m30.8s/12m0s  04.85 iters/s

running (11m31.9s), 000/225 VUs, 15333 complete and 0 interrupted iterations
openloop_spike   [  96% ] 000/225 VUs  11m31.8s/12m0s  04.71 iters/s

running (11m32.9s), 000/225 VUs, 15338 complete and 0 interrupted iterations
openloop_spike   [  96% ] 000/225 VUs  11m32.8s/12m0s  04.53 iters/s

running (11m33.9s), 000/225 VUs, 15342 complete and 0 interrupted iterations
openloop_spike   [  96% ] 000/225 VUs  11m33.8s/12m0s  04.38 iters/s

running (11m34.9s), 001/225 VUs, 15346 complete and 0 interrupted iterations
openloop_spike   [  97% ] 001/225 VUs  11m34.8s/12m0s  04.18 iters/s

running (11m35.9s), 000/225 VUs, 15351 complete and 0 interrupted iterations
openloop_spike   [  97% ] 000/225 VUs  11m35.8s/12m0s  04.02 iters/s

running (11m36.9s), 000/225 VUs, 15355 complete and 0 interrupted iterations
openloop_spike   [  97% ] 000/225 VUs  11m36.8s/12m0s  03.85 iters/s

running (11m37.9s), 000/225 VUs, 15359 complete and 0 interrupted iterations
openloop_spike   [  97% ] 000/225 VUs  11m37.8s/12m0s  03.67 iters/s

running (11m38.9s), 000/225 VUs, 15362 complete and 0 interrupted iterations
openloop_spike   [  97% ] 000/225 VUs  11m38.8s/12m0s  03.54 iters/s

running (11m39.9s), 000/225 VUs, 15366 complete and 0 interrupted iterations
openloop_spike   [  97% ] 000/225 VUs  11m39.8s/12m0s  03.34 iters/s

running (11m40.9s), 000/225 VUs, 15369 complete and 0 interrupted iterations
openloop_spike   [  97% ] 000/225 VUs  11m40.8s/12m0s  03.19 iters/s

running (11m41.9s), 000/225 VUs, 15372 complete and 0 interrupted iterations
openloop_spike   [  97% ] 000/225 VUs  11m41.8s/12m0s  03.03 iters/s

running (11m42.9s), 000/225 VUs, 15375 complete and 0 interrupted iterations
openloop_spike   [  98% ] 000/225 VUs  11m42.8s/12m0s  02.86 iters/s

running (11m43.9s), 001/225 VUs, 15377 complete and 0 interrupted iterations
openloop_spike   [  98% ] 001/225 VUs  11m43.8s/12m0s  02.68 iters/s

running (11m44.9s), 000/225 VUs, 15380 complete and 0 interrupted iterations
openloop_spike   [  98% ] 000/225 VUs  11m44.8s/12m0s  02.55 iters/s

running (11m45.9s), 000/225 VUs, 15383 complete and 0 interrupted iterations
openloop_spike   [  98% ] 000/225 VUs  11m45.8s/12m0s  02.34 iters/s

running (11m46.9s), 000/225 VUs, 15385 complete and 0 interrupted iterations
openloop_spike   [  98% ] 000/225 VUs  11m46.8s/12m0s  02.20 iters/s

running (11m47.9s), 000/225 VUs, 15387 complete and 0 interrupted iterations
openloop_spike   [  98% ] 000/225 VUs  11m47.8s/12m0s  02.04 iters/s

running (11m48.9s), 000/225 VUs, 15389 complete and 0 interrupted iterations
openloop_spike   [  98% ] 000/225 VUs  11m48.8s/12m0s  01.87 iters/s

running (11m49.9s), 000/225 VUs, 15391 complete and 0 interrupted iterations
openloop_spike   [  99% ] 000/225 VUs  11m49.8s/12m0s  01.68 iters/s

running (11m50.9s), 000/225 VUs, 15393 complete and 0 interrupted iterations
openloop_spike   [  99% ] 000/225 VUs  11m50.8s/12m0s  01.47 iters/s

running (11m51.9s), 000/225 VUs, 15394 complete and 0 interrupted iterations
openloop_spike   [  99% ] 000/225 VUs  11m51.8s/12m0s  01.35 iters/s

running (11m52.9s), 000/225 VUs, 15395 complete and 0 interrupted iterations
openloop_spike   [  99% ] 000/225 VUs  11m52.8s/12m0s  01.22 iters/s

running (11m53.9s), 000/225 VUs, 15396 complete and 0 interrupted iterations
openloop_spike   [  99% ] 000/225 VUs  11m53.8s/12m0s  01.08 iters/s

running (11m54.9s), 000/225 VUs, 15397 complete and 0 interrupted iterations
openloop_spike   [  99% ] 000/225 VUs  11m54.8s/12m0s  00.91 iters/s

running (11m55.9s), 000/225 VUs, 15398 complete and 0 interrupted iterations
openloop_spike   [  99% ] 000/225 VUs  11m55.8s/12m0s  00.70 iters/s

     ✗ me status is 200
      ↳  92% — ✓ 9957 / ✗ 819
     ✗ me returns user data
      ↳  92% — ✓ 9957 / ✗ 819
     ✗ me response time < 500ms
      ↳  92% — ✓ 9965 / ✗ 811
     ✗ login status is 200
      ↳  89% — ✓ 4130 / ✗ 493
     ✗ login returns access token
      ↳  89% — ✓ 4130 / ✗ 493
     ✗ login response time < 1000ms
      ↳  77% — ✓ 3597 / ✗ 1026

     █ setup

     checks.........................: 90.34% ✓ 41736     ✗ 4461 
     data_received..................: 7.6 MB 11 kB/s
     data_sent......................: 7.7 MB 11 kB/s
     http_req_blocked...............: avg=542.91µs min=101.33µs med=227.42µs max=26.87ms  p(90)=1.17ms   p(95)=1.24ms  p(99)=2.54ms 
     http_req_connecting............: avg=489.44µs min=80.05µs  med=168.88µs max=26.82ms  p(90)=1.11ms   p(95)=1.18ms  p(99)=2.45ms 
     http_req_duration..............: avg=358.58ms min=1.83ms   med=16.37ms  max=5s       p(90)=1.04s    p(95)=2.36s   p(99)=4.99s  
       { expected_response:true }...: avg=249.73ms min=3.05ms   med=15.03ms  max=4.99s    p(90)=660.29ms p(95)=1.48s   p(99)=3.85s  
     http_req_failed................: 8.52%  ✓ 1312      ✗ 14087
     http_req_receiving.............: avg=1.85ms   min=0s       med=116.56µs max=507.79ms p(90)=343.59µs p(95)=1.08ms  p(99)=88.24ms
     http_req_sending...............: avg=47.23µs  min=16.27µs  med=46.21µs  max=1.05ms   p(90)=60.74µs  p(95)=66.01µs p(99)=78.92µs
     http_req_tls_handshaking.......: avg=0s       min=0s       med=0s       max=0s       p(90)=0s       p(95)=0s      p(99)=0s     
     http_req_waiting...............: avg=356.67ms min=1.73ms   med=16.13ms  max=5s       p(90)=1.03s    p(95)=2.35s   p(99)=4.99s  
     http_reqs......................: 15399  21.490209/s
     iteration_duration.............: avg=359.32ms min=3.03ms   med=17.07ms  max=5s       p(90)=1.04s    p(95)=2.36s   p(99)=5s     
     iterations.....................: 15399  21.490209/s
     req_e2e_duration...............: avg=359.18ms min=3ms      med=17ms     max=5s       p(90)=1.04s    p(95)=2.36s   p(99)=5s     
     vus............................: 0      min=0       max=119
     vus_max........................: 225    min=225     max=225


running (11m56.6s), 000/225 VUs, 15399 complete and 0 interrupted iterations
openloop_spike ✗ [ 100% ] 000/225 VUs  11m56.5s/12m0s  00.70 iters/s
[openloop-wrapper] k6 exit code 0
