
          /\      |‾‾| /‾‾/   /‾‾/   
     /\  /  \     |  |/  /   /  /    
    /  \/    \    |     (   /   ‾‾\  
   /          \   |  |\  \ |  (‾)  | 
  / __________ \  |__| \__\ \_____/ .io

  execution: local
     script: /scripts/load-test.js
     output: json (/results/results.json.gz)

  scenarios: (100.00%) 1 scenario, 788 max VUs, 12m30s max duration (incl. graceful stop):
           * openloop_oscillating: Up to 105.00 iterations/s for 12m0s over 12 stages (maxVUs: 788, gracefulStop: 30s)

time="2026-10-07T19:18:22Z" level=info msg="OPENLOOP_CONFIG service=shipping-rate-service pattern=oscillating base_rate=10 peak_rate=105 timeout=5s vu_factor=1.5 openloop_oscillating:ramping-arrival-rate:vus=788/788" source=console
time="2026-10-07T19:18:22Z" level=info msg="SCENARIO_START name=openloop_oscillating start_ms=1791400702494" source=console

running (00m00.3s), 002/788 VUs, 0 complete and 0 interrupted iterations
openloop_oscillating   [   0% ] 002/788 VUs  00m00.3s/12m0s  010.00 iters/s

running (00m01.3s), 006/788 VUs, 7 complete and 0 interrupted iterations
openloop_oscillating   [   0% ] 006/788 VUs  00m01.3s/12m0s  010.00 iters/s

running (00m02.3s), 007/788 VUs, 16 complete and 0 interrupted iterations
openloop_oscillating   [   0% ] 007/788 VUs  00m02.3s/12m0s  010.00 iters/s

running (00m03.3s), 007/788 VUs, 26 complete and 0 interrupted iterations
openloop_oscillating   [   0% ] 007/788 VUs  00m03.3s/12m0s  010.00 iters/s

running (00m04.3s), 008/788 VUs, 34 complete and 0 interrupted iterations
openloop_oscillating   [   1% ] 008/788 VUs  00m04.3s/12m0s  010.00 iters/s

running (00m05.3s), 007/788 VUs, 45 complete and 0 interrupted iterations
openloop_oscillating   [   1% ] 007/788 VUs  00m05.3s/12m0s  010.00 iters/s

running (00m06.3s), 006/788 VUs, 56 complete and 0 interrupted iterations
openloop_oscillating   [   1% ] 006/788 VUs  00m06.3s/12m0s  010.00 iters/s

running (00m07.3s), 008/788 VUs, 65 complete and 0 interrupted iterations
openloop_oscillating   [   1% ] 008/788 VUs  00m07.3s/12m0s  010.00 iters/s

running (00m08.3s), 006/788 VUs, 76 complete and 0 interrupted iterations
openloop_oscillating   [   1% ] 006/788 VUs  00m08.3s/12m0s  010.00 iters/s

running (00m09.3s), 007/788 VUs, 85 complete and 0 interrupted iterations
openloop_oscillating   [   1% ] 007/788 VUs  00m09.3s/12m0s  010.00 iters/s

running (00m10.3s), 006/788 VUs, 96 complete and 0 interrupted iterations
openloop_oscillating   [   1% ] 006/788 VUs  00m10.3s/12m0s  010.00 iters/s

running (00m11.3s), 007/788 VUs, 106 complete and 0 interrupted iterations
openloop_oscillating   [   2% ] 007/788 VUs  00m11.3s/12m0s  010.00 iters/s

running (00m12.3s), 006/788 VUs, 116 complete and 0 interrupted iterations
openloop_oscillating   [   2% ] 006/788 VUs  00m12.3s/12m0s  010.00 iters/s

running (00m13.3s), 008/788 VUs, 125 complete and 0 interrupted iterations
openloop_oscillating   [   2% ] 008/788 VUs  00m13.3s/12m0s  010.00 iters/s

running (00m14.3s), 007/788 VUs, 136 complete and 0 interrupted iterations
openloop_oscillating   [   2% ] 007/788 VUs  00m14.3s/12m0s  010.00 iters/s

running (00m15.3s), 007/788 VUs, 145 complete and 0 interrupted iterations
openloop_oscillating   [   2% ] 007/788 VUs  00m15.3s/12m0s  010.00 iters/s

running (00m16.3s), 007/788 VUs, 156 complete and 0 interrupted iterations
openloop_oscillating   [   2% ] 007/788 VUs  00m16.3s/12m0s  010.00 iters/s

running (00m17.3s), 008/788 VUs, 164 complete and 0 interrupted iterations
openloop_oscillating   [   2% ] 008/788 VUs  00m17.3s/12m0s  010.00 iters/s

running (00m18.3s), 008/788 VUs, 174 complete and 0 interrupted iterations
openloop_oscillating   [   3% ] 008/788 VUs  00m18.3s/12m0s  010.00 iters/s

running (00m19.3s), 006/788 VUs, 186 complete and 0 interrupted iterations
openloop_oscillating   [   3% ] 006/788 VUs  00m19.3s/12m0s  010.00 iters/s

running (00m20.3s), 007/788 VUs, 195 complete and 0 interrupted iterations
openloop_oscillating   [   3% ] 007/788 VUs  00m20.3s/12m0s  010.00 iters/s

running (00m21.3s), 007/788 VUs, 205 complete and 0 interrupted iterations
openloop_oscillating   [   3% ] 007/788 VUs  00m21.3s/12m0s  010.00 iters/s

running (00m22.3s), 008/788 VUs, 214 complete and 0 interrupted iterations
openloop_oscillating   [   3% ] 008/788 VUs  00m22.3s/12m0s  010.00 iters/s

running (00m23.3s), 007/788 VUs, 226 complete and 0 interrupted iterations
openloop_oscillating   [   3% ] 007/788 VUs  00m23.3s/12m0s  010.00 iters/s

running (00m24.3s), 007/788 VUs, 236 complete and 0 interrupted iterations
openloop_oscillating   [   3% ] 007/788 VUs  00m24.3s/12m0s  010.00 iters/s

running (00m25.3s), 009/788 VUs, 244 complete and 0 interrupted iterations
openloop_oscillating   [   4% ] 009/788 VUs  00m25.3s/12m0s  010.00 iters/s

running (00m26.3s), 008/788 VUs, 255 complete and 0 interrupted iterations
openloop_oscillating   [   4% ] 008/788 VUs  00m26.3s/12m0s  010.00 iters/s

running (00m27.3s), 007/788 VUs, 265 complete and 0 interrupted iterations
openloop_oscillating   [   4% ] 007/788 VUs  00m27.3s/12m0s  010.00 iters/s

running (00m28.3s), 007/788 VUs, 275 complete and 0 interrupted iterations
openloop_oscillating   [   4% ] 007/788 VUs  00m28.3s/12m0s  010.00 iters/s

running (00m29.3s), 006/788 VUs, 286 complete and 0 interrupted iterations
openloop_oscillating   [   4% ] 006/788 VUs  00m29.3s/12m0s  010.00 iters/s

running (00m30.3s), 007/788 VUs, 296 complete and 0 interrupted iterations
openloop_oscillating   [   4% ] 007/788 VUs  00m30.3s/12m0s  010.00 iters/s

running (00m31.3s), 008/788 VUs, 304 complete and 0 interrupted iterations
openloop_oscillating   [   4% ] 008/788 VUs  00m31.3s/12m0s  010.00 iters/s

running (00m32.3s), 006/788 VUs, 316 complete and 0 interrupted iterations
openloop_oscillating   [   4% ] 006/788 VUs  00m32.3s/12m0s  010.00 iters/s

running (00m33.3s), 006/788 VUs, 326 complete and 0 interrupted iterations
openloop_oscillating   [   5% ] 006/788 VUs  00m33.3s/12m0s  010.00 iters/s

running (00m34.3s), 006/788 VUs, 336 complete and 0 interrupted iterations
openloop_oscillating   [   5% ] 006/788 VUs  00m34.3s/12m0s  010.00 iters/s

running (00m35.3s), 007/788 VUs, 346 complete and 0 interrupted iterations
openloop_oscillating   [   5% ] 007/788 VUs  00m35.3s/12m0s  010.00 iters/s

running (00m36.3s), 007/788 VUs, 355 complete and 0 interrupted iterations
openloop_oscillating   [   5% ] 007/788 VUs  00m36.3s/12m0s  010.00 iters/s

running (00m37.3s), 006/788 VUs, 366 complete and 0 interrupted iterations
openloop_oscillating   [   5% ] 006/788 VUs  00m37.3s/12m0s  010.00 iters/s

running (00m38.3s), 006/788 VUs, 377 complete and 0 interrupted iterations
openloop_oscillating   [   5% ] 006/788 VUs  00m38.3s/12m0s  010.00 iters/s

running (00m39.3s), 008/788 VUs, 384 complete and 0 interrupted iterations
openloop_oscillating   [   5% ] 008/788 VUs  00m39.3s/12m0s  010.00 iters/s

running (00m40.3s), 008/788 VUs, 395 complete and 0 interrupted iterations
openloop_oscillating   [   6% ] 008/788 VUs  00m40.3s/12m0s  010.00 iters/s

running (00m41.3s), 009/788 VUs, 404 complete and 0 interrupted iterations
openloop_oscillating   [   6% ] 009/788 VUs  00m41.3s/12m0s  010.00 iters/s

running (00m42.3s), 007/788 VUs, 416 complete and 0 interrupted iterations
openloop_oscillating   [   6% ] 007/788 VUs  00m42.3s/12m0s  010.00 iters/s

running (00m43.3s), 006/788 VUs, 426 complete and 0 interrupted iterations
openloop_oscillating   [   6% ] 006/788 VUs  00m43.3s/12m0s  010.00 iters/s

running (00m44.3s), 007/788 VUs, 435 complete and 0 interrupted iterations
openloop_oscillating   [   6% ] 007/788 VUs  00m44.3s/12m0s  010.00 iters/s

running (00m45.3s), 007/788 VUs, 445 complete and 0 interrupted iterations
openloop_oscillating   [   6% ] 007/788 VUs  00m45.3s/12m0s  010.00 iters/s

running (00m46.3s), 007/788 VUs, 455 complete and 0 interrupted iterations
openloop_oscillating   [   6% ] 008/788 VUs  00m46.3s/12m0s  010.00 iters/s

running (00m47.3s), 007/788 VUs, 466 complete and 0 interrupted iterations
openloop_oscillating   [   7% ] 007/788 VUs  00m47.3s/12m0s  010.00 iters/s

running (00m48.3s), 008/788 VUs, 475 complete and 0 interrupted iterations
openloop_oscillating   [   7% ] 008/788 VUs  00m48.3s/12m0s  010.00 iters/s

running (00m49.3s), 008/788 VUs, 485 complete and 0 interrupted iterations
openloop_oscillating   [   7% ] 008/788 VUs  00m49.3s/12m0s  010.00 iters/s

running (00m50.3s), 008/788 VUs, 494 complete and 0 interrupted iterations
openloop_oscillating   [   7% ] 008/788 VUs  00m50.3s/12m0s  010.00 iters/s

running (00m51.3s), 008/788 VUs, 505 complete and 0 interrupted iterations
openloop_oscillating   [   7% ] 008/788 VUs  00m51.3s/12m0s  010.00 iters/s

running (00m52.3s), 006/788 VUs, 516 complete and 0 interrupted iterations
openloop_oscillating   [   7% ] 006/788 VUs  00m52.3s/12m0s  010.00 iters/s

running (00m53.3s), 006/788 VUs, 526 complete and 0 interrupted iterations
openloop_oscillating   [   7% ] 006/788 VUs  00m53.3s/12m0s  010.00 iters/s

running (00m54.3s), 007/788 VUs, 536 complete and 0 interrupted iterations
openloop_oscillating   [   8% ] 007/788 VUs  00m54.3s/12m0s  010.00 iters/s

running (00m55.3s), 006/788 VUs, 546 complete and 0 interrupted iterations
openloop_oscillating   [   8% ] 006/788 VUs  00m55.3s/12m0s  010.00 iters/s

running (00m56.3s), 008/788 VUs, 555 complete and 0 interrupted iterations
openloop_oscillating   [   8% ] 008/788 VUs  00m56.3s/12m0s  010.00 iters/s

running (00m57.3s), 006/788 VUs, 566 complete and 0 interrupted iterations
openloop_oscillating   [   8% ] 006/788 VUs  00m57.3s/12m0s  010.00 iters/s

running (00m58.3s), 006/788 VUs, 576 complete and 0 interrupted iterations
openloop_oscillating   [   8% ] 006/788 VUs  00m58.3s/12m0s  010.00 iters/s

running (00m59.3s), 006/788 VUs, 586 complete and 0 interrupted iterations
openloop_oscillating   [   8% ] 006/788 VUs  00m59.3s/12m0s  010.00 iters/s

running (01m00.3s), 008/788 VUs, 594 complete and 0 interrupted iterations
openloop_oscillating   [   8% ] 008/788 VUs  01m00.3s/12m0s  010.00 iters/s

running (01m01.3s), 007/788 VUs, 605 complete and 0 interrupted iterations
openloop_oscillating   [   9% ] 007/788 VUs  01m01.3s/12m0s  010.00 iters/s

running (01m02.3s), 006/788 VUs, 616 complete and 0 interrupted iterations
openloop_oscillating   [   9% ] 006/788 VUs  01m02.3s/12m0s  010.00 iters/s

running (01m03.3s), 006/788 VUs, 626 complete and 0 interrupted iterations
openloop_oscillating   [   9% ] 006/788 VUs  01m03.3s/12m0s  010.00 iters/s

running (01m04.3s), 008/788 VUs, 635 complete and 0 interrupted iterations
openloop_oscillating   [   9% ] 008/788 VUs  01m04.3s/12m0s  010.00 iters/s

running (01m05.3s), 008/788 VUs, 645 complete and 0 interrupted iterations
openloop_oscillating   [   9% ] 008/788 VUs  01m05.3s/12m0s  010.00 iters/s

running (01m06.3s), 007/788 VUs, 655 complete and 0 interrupted iterations
openloop_oscillating   [   9% ] 008/788 VUs  01m06.3s/12m0s  010.00 iters/s

running (01m07.3s), 006/788 VUs, 666 complete and 0 interrupted iterations
openloop_oscillating   [   9% ] 006/788 VUs  01m07.3s/12m0s  010.00 iters/s

running (01m08.3s), 006/788 VUs, 677 complete and 0 interrupted iterations
openloop_oscillating   [   9% ] 006/788 VUs  01m08.3s/12m0s  010.00 iters/s

running (01m09.3s), 009/788 VUs, 684 complete and 0 interrupted iterations
openloop_oscillating   [  10% ] 009/788 VUs  01m09.3s/12m0s  010.00 iters/s

running (01m10.3s), 006/788 VUs, 696 complete and 0 interrupted iterations
openloop_oscillating   [  10% ] 006/788 VUs  01m10.3s/12m0s  010.00 iters/s

running (01m11.3s), 007/788 VUs, 706 complete and 0 interrupted iterations
openloop_oscillating   [  10% ] 007/788 VUs  01m11.3s/12m0s  010.00 iters/s

running (01m12.3s), 008/788 VUs, 715 complete and 0 interrupted iterations
openloop_oscillating   [  10% ] 008/788 VUs  01m12.3s/12m0s  010.00 iters/s

running (01m13.3s), 008/788 VUs, 725 complete and 0 interrupted iterations
openloop_oscillating   [  10% ] 008/788 VUs  01m13.3s/12m0s  010.00 iters/s

running (01m14.3s), 006/788 VUs, 736 complete and 0 interrupted iterations
openloop_oscillating   [  10% ] 006/788 VUs  01m14.3s/12m0s  010.00 iters/s

running (01m15.3s), 007/788 VUs, 746 complete and 0 interrupted iterations
openloop_oscillating   [  10% ] 007/788 VUs  01m15.3s/12m0s  010.00 iters/s

running (01m16.3s), 007/788 VUs, 756 complete and 0 interrupted iterations
openloop_oscillating   [  11% ] 007/788 VUs  01m16.3s/12m0s  010.00 iters/s

running (01m17.3s), 007/788 VUs, 766 complete and 0 interrupted iterations
openloop_oscillating   [  11% ] 007/788 VUs  01m17.3s/12m0s  010.00 iters/s

running (01m18.3s), 008/788 VUs, 774 complete and 0 interrupted iterations
openloop_oscillating   [  11% ] 008/788 VUs  01m18.3s/12m0s  010.00 iters/s

running (01m19.3s), 007/788 VUs, 785 complete and 0 interrupted iterations
openloop_oscillating   [  11% ] 007/788 VUs  01m19.3s/12m0s  010.00 iters/s

running (01m20.3s), 008/788 VUs, 795 complete and 0 interrupted iterations
openloop_oscillating   [  11% ] 008/788 VUs  01m20.3s/12m0s  010.00 iters/s

running (01m21.3s), 007/788 VUs, 805 complete and 0 interrupted iterations
openloop_oscillating   [  11% ] 007/788 VUs  01m21.3s/12m0s  010.00 iters/s

running (01m22.3s), 008/788 VUs, 814 complete and 0 interrupted iterations
openloop_oscillating   [  11% ] 008/788 VUs  01m22.3s/12m0s  010.00 iters/s

running (01m23.3s), 007/788 VUs, 826 complete and 0 interrupted iterations
openloop_oscillating   [  12% ] 007/788 VUs  01m23.3s/12m0s  010.00 iters/s

running (01m24.3s), 006/788 VUs, 836 complete and 0 interrupted iterations
openloop_oscillating   [  12% ] 006/788 VUs  01m24.3s/12m0s  010.00 iters/s

running (01m25.3s), 008/788 VUs, 844 complete and 0 interrupted iterations
openloop_oscillating   [  12% ] 008/788 VUs  01m25.3s/12m0s  010.00 iters/s

running (01m26.3s), 006/788 VUs, 856 complete and 0 interrupted iterations
openloop_oscillating   [  12% ] 006/788 VUs  01m26.3s/12m0s  010.00 iters/s

running (01m27.3s), 007/788 VUs, 865 complete and 0 interrupted iterations
openloop_oscillating   [  12% ] 008/788 VUs  01m27.3s/12m0s  010.00 iters/s

running (01m28.3s), 006/788 VUs, 876 complete and 0 interrupted iterations
openloop_oscillating   [  12% ] 006/788 VUs  01m28.3s/12m0s  010.00 iters/s

running (01m29.3s), 009/788 VUs, 884 complete and 0 interrupted iterations
openloop_oscillating   [  12% ] 009/788 VUs  01m29.3s/12m0s  010.00 iters/s

running (01m30.3s), 006/788 VUs, 896 complete and 0 interrupted iterations
openloop_oscillating   [  13% ] 006/788 VUs  01m30.3s/12m0s  010.00 iters/s

running (01m31.3s), 008/788 VUs, 904 complete and 0 interrupted iterations
openloop_oscillating   [  13% ] 008/788 VUs  01m31.3s/12m0s  010.00 iters/s

running (01m32.3s), 008/788 VUs, 915 complete and 0 interrupted iterations
openloop_oscillating   [  13% ] 008/788 VUs  01m32.3s/12m0s  010.00 iters/s

running (01m33.3s), 008/788 VUs, 925 complete and 0 interrupted iterations
openloop_oscillating   [  13% ] 008/788 VUs  01m33.3s/12m0s  010.00 iters/s

running (01m34.3s), 007/788 VUs, 935 complete and 0 interrupted iterations
openloop_oscillating   [  13% ] 007/788 VUs  01m34.3s/12m0s  010.00 iters/s

running (01m35.3s), 008/788 VUs, 945 complete and 0 interrupted iterations
openloop_oscillating   [  13% ] 008/788 VUs  01m35.3s/12m0s  010.00 iters/s

running (01m36.3s), 007/788 VUs, 955 complete and 0 interrupted iterations
openloop_oscillating   [  13% ] 007/788 VUs  01m36.3s/12m0s  010.00 iters/s

running (01m37.3s), 007/788 VUs, 966 complete and 0 interrupted iterations
openloop_oscillating   [  14% ] 007/788 VUs  01m37.3s/12m0s  010.00 iters/s

running (01m38.3s), 008/788 VUs, 975 complete and 0 interrupted iterations
openloop_oscillating   [  14% ] 008/788 VUs  01m38.3s/12m0s  010.00 iters/s

running (01m39.3s), 007/788 VUs, 985 complete and 0 interrupted iterations
openloop_oscillating   [  14% ] 007/788 VUs  01m39.3s/12m0s  010.00 iters/s

running (01m40.3s), 007/788 VUs, 995 complete and 0 interrupted iterations
openloop_oscillating   [  14% ] 007/788 VUs  01m40.3s/12m0s  010.00 iters/s

running (01m41.3s), 007/788 VUs, 1006 complete and 0 interrupted iterations
openloop_oscillating   [  14% ] 007/788 VUs  01m41.3s/12m0s  010.00 iters/s

running (01m42.3s), 007/788 VUs, 1016 complete and 0 interrupted iterations
openloop_oscillating   [  14% ] 007/788 VUs  01m42.3s/12m0s  010.00 iters/s

running (01m43.3s), 007/788 VUs, 1025 complete and 0 interrupted iterations
openloop_oscillating   [  14% ] 007/788 VUs  01m43.3s/12m0s  010.00 iters/s

running (01m44.3s), 008/788 VUs, 1035 complete and 0 interrupted iterations
openloop_oscillating   [  14% ] 008/788 VUs  01m44.3s/12m0s  010.00 iters/s

running (01m45.3s), 006/788 VUs, 1046 complete and 0 interrupted iterations
openloop_oscillating   [  15% ] 006/788 VUs  01m45.3s/12m0s  010.00 iters/s

running (01m46.3s), 006/788 VUs, 1056 complete and 0 interrupted iterations
openloop_oscillating   [  15% ] 006/788 VUs  01m46.3s/12m0s  010.00 iters/s

running (01m47.3s), 009/788 VUs, 1064 complete and 0 interrupted iterations
openloop_oscillating   [  15% ] 009/788 VUs  01m47.3s/12m0s  010.00 iters/s

running (01m48.3s), 009/788 VUs, 1074 complete and 0 interrupted iterations
openloop_oscillating   [  15% ] 009/788 VUs  01m48.3s/12m0s  010.00 iters/s

running (01m49.3s), 007/788 VUs, 1085 complete and 0 interrupted iterations
openloop_oscillating   [  15% ] 007/788 VUs  01m49.3s/12m0s  010.00 iters/s

running (01m50.3s), 007/788 VUs, 1096 complete and 0 interrupted iterations
openloop_oscillating   [  15% ] 007/788 VUs  01m50.3s/12m0s  010.00 iters/s

running (01m51.3s), 006/788 VUs, 1106 complete and 0 interrupted iterations
openloop_oscillating   [  15% ] 006/788 VUs  01m51.3s/12m0s  010.00 iters/s

running (01m52.3s), 005/788 VUs, 1117 complete and 0 interrupted iterations
openloop_oscillating   [  16% ] 005/788 VUs  01m52.3s/12m0s  010.00 iters/s

running (01m53.3s), 007/788 VUs, 1125 complete and 0 interrupted iterations
openloop_oscillating   [  16% ] 007/788 VUs  01m53.3s/12m0s  010.00 iters/s

running (01m54.3s), 006/788 VUs, 1136 complete and 0 interrupted iterations
openloop_oscillating   [  16% ] 006/788 VUs  01m54.3s/12m0s  010.00 iters/s

running (01m55.3s), 005/788 VUs, 1147 complete and 0 interrupted iterations
openloop_oscillating   [  16% ] 005/788 VUs  01m55.3s/12m0s  010.00 iters/s

running (01m56.3s), 007/788 VUs, 1155 complete and 0 interrupted iterations
openloop_oscillating   [  16% ] 007/788 VUs  01m56.3s/12m0s  010.00 iters/s

running (01m57.3s), 006/788 VUs, 1166 complete and 0 interrupted iterations
openloop_oscillating   [  16% ] 006/788 VUs  01m57.3s/12m0s  010.00 iters/s

running (01m58.3s), 007/788 VUs, 1175 complete and 0 interrupted iterations
openloop_oscillating   [  16% ] 007/788 VUs  01m58.3s/12m0s  010.00 iters/s

running (01m59.3s), 007/788 VUs, 1185 complete and 0 interrupted iterations
openloop_oscillating   [  17% ] 007/788 VUs  01m59.3s/12m0s  010.00 iters/s

running (02m00.3s), 007/788 VUs, 1196 complete and 0 interrupted iterations
openloop_oscillating   [  17% ] 007/788 VUs  02m00.3s/12m0s  012.90 iters/s

running (02m01.3s), 014/788 VUs, 1207 complete and 0 interrupted iterations
openloop_oscillating   [  17% ] 014/788 VUs  02m01.3s/12m0s  022.55 iters/s

running (02m02.3s), 019/788 VUs, 1229 complete and 0 interrupted iterations
openloop_oscillating   [  17% ] 019/788 VUs  02m02.3s/12m0s  031.96 iters/s

running (02m03.3s), 025/788 VUs, 1259 complete and 0 interrupted iterations
openloop_oscillating   [  17% ] 025/788 VUs  02m03.3s/12m0s  041.30 iters/s

running (02m04.3s), 036/788 VUs, 1294 complete and 0 interrupted iterations
openloop_oscillating   [  17% ] 036/788 VUs  02m04.3s/12m0s  050.79 iters/s

running (02m05.3s), 041/788 VUs, 1345 complete and 0 interrupted iterations
openloop_oscillating   [  17% ] 041/788 VUs  02m05.3s/12m0s  060.36 iters/s

running (02m06.3s), 045/788 VUs, 1406 complete and 0 interrupted iterations
openloop_oscillating   [  18% ] 045/788 VUs  02m06.3s/12m0s  069.85 iters/s

running (02m07.3s), 046/788 VUs, 1480 complete and 0 interrupted iterations
openloop_oscillating   [  18% ] 046/788 VUs  02m07.3s/12m0s  079.39 iters/s

running (02m08.3s), 045/788 VUs, 1565 complete and 0 interrupted iterations
openloop_oscillating   [  18% ] 045/788 VUs  02m08.3s/12m0s  088.88 iters/s

running (02m09.3s), 046/788 VUs, 1657 complete and 0 interrupted iterations
openloop_oscillating   [  18% ] 046/788 VUs  02m09.3s/12m0s  098.32 iters/s

running (02m10.3s), 048/788 VUs, 1758 complete and 0 interrupted iterations
openloop_oscillating   [  18% ] 048/788 VUs  02m10.3s/12m0s  105.00 iters/s

running (02m11.3s), 049/788 VUs, 1862 complete and 0 interrupted iterations
openloop_oscillating   [  18% ] 049/788 VUs  02m11.3s/12m0s  105.00 iters/s

running (02m12.3s), 048/788 VUs, 1968 complete and 0 interrupted iterations
openloop_oscillating   [  18% ] 048/788 VUs  02m12.3s/12m0s  105.00 iters/s

running (02m13.3s), 048/788 VUs, 2073 complete and 0 interrupted iterations
openloop_oscillating   [  19% ] 048/788 VUs  02m13.3s/12m0s  105.00 iters/s

running (02m14.3s), 046/788 VUs, 2180 complete and 0 interrupted iterations
openloop_oscillating   [  19% ] 046/788 VUs  02m14.3s/12m0s  105.00 iters/s

running (02m15.3s), 044/788 VUs, 2287 complete and 0 interrupted iterations
openloop_oscillating   [  19% ] 044/788 VUs  02m15.3s/12m0s  105.00 iters/s

running (02m16.3s), 048/788 VUs, 2388 complete and 0 interrupted iterations
openloop_oscillating   [  19% ] 048/788 VUs  02m16.3s/12m0s  105.00 iters/s

running (02m17.3s), 046/788 VUs, 2495 complete and 0 interrupted iterations
openloop_oscillating   [  19% ] 046/788 VUs  02m17.3s/12m0s  105.00 iters/s

running (02m18.3s), 047/788 VUs, 2599 complete and 0 interrupted iterations
openloop_oscillating   [  19% ] 047/788 VUs  02m18.3s/12m0s  105.00 iters/s

running (02m19.3s), 049/788 VUs, 2702 complete and 0 interrupted iterations
openloop_oscillating   [  19% ] 049/788 VUs  02m19.3s/12m0s  105.00 iters/s

running (02m20.3s), 048/788 VUs, 2808 complete and 0 interrupted iterations
openloop_oscillating   [  19% ] 048/788 VUs  02m20.3s/12m0s  105.00 iters/s

running (02m21.3s), 046/788 VUs, 2915 complete and 0 interrupted iterations
openloop_oscillating   [  20% ] 046/788 VUs  02m21.3s/12m0s  105.00 iters/s

running (02m22.3s), 047/788 VUs, 3019 complete and 0 interrupted iterations
openloop_oscillating   [  20% ] 047/788 VUs  02m22.3s/12m0s  105.00 iters/s

running (02m23.3s), 047/788 VUs, 3124 complete and 0 interrupted iterations
openloop_oscillating   [  20% ] 047/788 VUs  02m23.3s/12m0s  105.00 iters/s

running (02m24.3s), 050/788 VUs, 3226 complete and 0 interrupted iterations
openloop_oscillating   [  20% ] 050/788 VUs  02m24.3s/12m0s  105.00 iters/s

running (02m25.3s), 046/788 VUs, 3335 complete and 0 interrupted iterations
openloop_oscillating   [  20% ] 046/788 VUs  02m25.3s/12m0s  105.00 iters/s

running (02m26.3s), 048/788 VUs, 3438 complete and 0 interrupted iterations
openloop_oscillating   [  20% ] 048/788 VUs  02m26.3s/12m0s  105.00 iters/s

running (02m27.3s), 046/788 VUs, 3545 complete and 0 interrupted iterations
openloop_oscillating   [  20% ] 046/788 VUs  02m27.3s/12m0s  105.00 iters/s

running (02m28.3s), 048/788 VUs, 3648 complete and 0 interrupted iterations
openloop_oscillating   [  21% ] 048/788 VUs  02m28.3s/12m0s  105.00 iters/s

running (02m29.3s), 047/788 VUs, 3754 complete and 0 interrupted iterations
openloop_oscillating   [  21% ] 047/788 VUs  02m29.3s/12m0s  105.00 iters/s

running (02m30.3s), 048/788 VUs, 3858 complete and 0 interrupted iterations
openloop_oscillating   [  21% ] 048/788 VUs  02m30.3s/12m0s  105.00 iters/s

running (02m31.3s), 048/788 VUs, 3963 complete and 0 interrupted iterations
openloop_oscillating   [  21% ] 048/788 VUs  02m31.3s/12m0s  105.00 iters/s

running (02m32.3s), 049/788 VUs, 4067 complete and 0 interrupted iterations
openloop_oscillating   [  21% ] 049/788 VUs  02m32.3s/12m0s  105.00 iters/s

running (02m33.3s), 049/788 VUs, 4172 complete and 0 interrupted iterations
openloop_oscillating   [  21% ] 049/788 VUs  02m33.3s/12m0s  105.00 iters/s

running (02m34.3s), 046/788 VUs, 4280 complete and 0 interrupted iterations
openloop_oscillating   [  21% ] 046/788 VUs  02m34.3s/12m0s  105.00 iters/s

running (02m35.3s), 048/788 VUs, 4383 complete and 0 interrupted iterations
openloop_oscillating   [  22% ] 048/788 VUs  02m35.3s/12m0s  105.00 iters/s

running (02m36.3s), 045/788 VUs, 4491 complete and 0 interrupted iterations
openloop_oscillating   [  22% ] 045/788 VUs  02m36.3s/12m0s  105.00 iters/s

running (02m37.3s), 049/788 VUs, 4592 complete and 0 interrupted iterations
openloop_oscillating   [  22% ] 049/788 VUs  02m37.3s/12m0s  105.00 iters/s

running (02m38.3s), 049/788 VUs, 4697 complete and 0 interrupted iterations
openloop_oscillating   [  22% ] 049/788 VUs  02m38.3s/12m0s  105.00 iters/s

running (02m39.3s), 045/788 VUs, 4806 complete and 0 interrupted iterations
openloop_oscillating   [  22% ] 045/788 VUs  02m39.3s/12m0s  105.00 iters/s

running (02m40.3s), 048/788 VUs, 4908 complete and 0 interrupted iterations
openloop_oscillating   [  22% ] 048/788 VUs  02m40.3s/12m0s  105.00 iters/s

running (02m41.3s), 044/788 VUs, 5017 complete and 0 interrupted iterations
openloop_oscillating   [  22% ] 044/788 VUs  02m41.3s/12m0s  105.00 iters/s

running (02m42.3s), 044/788 VUs, 5122 complete and 0 interrupted iterations
openloop_oscillating   [  23% ] 044/788 VUs  02m42.3s/12m0s  105.00 iters/s

running (02m43.3s), 053/788 VUs, 5218 complete and 0 interrupted iterations
openloop_oscillating   [  23% ] 053/788 VUs  02m43.3s/12m0s  105.00 iters/s

running (02m44.3s), 048/788 VUs, 5328 complete and 0 interrupted iterations
openloop_oscillating   [  23% ] 048/788 VUs  02m44.3s/12m0s  105.00 iters/s

running (02m45.3s), 045/788 VUs, 5436 complete and 0 interrupted iterations
openloop_oscillating   [  23% ] 045/788 VUs  02m45.3s/12m0s  105.00 iters/s

running (02m46.3s), 048/788 VUs, 5538 complete and 0 interrupted iterations
openloop_oscillating   [  23% ] 048/788 VUs  02m46.3s/12m0s  105.00 iters/s

running (02m47.3s), 050/788 VUs, 5641 complete and 0 interrupted iterations
openloop_oscillating   [  23% ] 050/788 VUs  02m47.3s/12m0s  105.00 iters/s

running (02m48.3s), 080/788 VUs, 5716 complete and 0 interrupted iterations
openloop_oscillating   [  23% ] 080/788 VUs  02m48.3s/12m0s  105.00 iters/s

running (02m49.3s), 077/788 VUs, 5824 complete and 0 interrupted iterations
openloop_oscillating   [  24% ] 077/788 VUs  02m49.3s/12m0s  105.00 iters/s

running (02m50.3s), 078/788 VUs, 5928 complete and 0 interrupted iterations
openloop_oscillating   [  24% ] 078/788 VUs  02m50.3s/12m0s  105.00 iters/s

running (02m51.3s), 075/788 VUs, 6036 complete and 0 interrupted iterations
openloop_oscillating   [  24% ] 075/788 VUs  02m51.3s/12m0s  105.00 iters/s

running (02m52.3s), 083/788 VUs, 6133 complete and 0 interrupted iterations
openloop_oscillating   [  24% ] 083/788 VUs  02m52.3s/12m0s  105.00 iters/s

running (02m53.3s), 093/788 VUs, 6228 complete and 0 interrupted iterations
openloop_oscillating   [  24% ] 093/788 VUs  02m53.3s/12m0s  105.00 iters/s

running (02m54.3s), 077/788 VUs, 6349 complete and 0 interrupted iterations
openloop_oscillating   [  24% ] 077/788 VUs  02m54.3s/12m0s  105.00 iters/s

running (02m55.3s), 084/788 VUs, 6447 complete and 0 interrupted iterations
openloop_oscillating   [  24% ] 084/788 VUs  02m55.3s/12m0s  105.00 iters/s

running (02m56.3s), 080/788 VUs, 6556 complete and 0 interrupted iterations
openloop_oscillating   [  24% ] 080/788 VUs  02m56.3s/12m0s  105.00 iters/s

running (02m57.3s), 083/788 VUs, 6658 complete and 0 interrupted iterations
openloop_oscillating   [  25% ] 083/788 VUs  02m57.3s/12m0s  105.00 iters/s

running (02m58.3s), 085/788 VUs, 6761 complete and 0 interrupted iterations
openloop_oscillating   [  25% ] 085/788 VUs  02m58.3s/12m0s  105.00 iters/s

running (02m59.3s), 088/788 VUs, 6863 complete and 0 interrupted iterations
openloop_oscillating   [  25% ] 088/788 VUs  02m59.3s/12m0s  105.00 iters/s

running (03m00.3s), 080/788 VUs, 6976 complete and 0 interrupted iterations
openloop_oscillating   [  25% ] 080/788 VUs  03m00.3s/12m0s  105.00 iters/s

running (03m01.3s), 078/788 VUs, 7083 complete and 0 interrupted iterations
openloop_oscillating   [  25% ] 078/788 VUs  03m01.3s/12m0s  105.00 iters/s

running (03m02.3s), 071/788 VUs, 7195 complete and 0 interrupted iterations
openloop_oscillating   [  25% ] 071/788 VUs  03m02.3s/12m0s  105.00 iters/s

running (03m03.3s), 076/788 VUs, 7295 complete and 0 interrupted iterations
openloop_oscillating   [  25% ] 076/788 VUs  03m03.3s/12m0s  105.00 iters/s

running (03m04.3s), 080/788 VUs, 7396 complete and 0 interrupted iterations
openloop_oscillating   [  26% ] 080/788 VUs  03m04.3s/12m0s  105.00 iters/s

running (03m05.3s), 074/788 VUs, 7507 complete and 0 interrupted iterations
openloop_oscillating   [  26% ] 074/788 VUs  03m05.3s/12m0s  105.00 iters/s

running (03m06.3s), 078/788 VUs, 7608 complete and 0 interrupted iterations
openloop_oscillating   [  26% ] 078/788 VUs  03m06.3s/12m0s  105.00 iters/s

running (03m07.3s), 080/788 VUs, 7711 complete and 0 interrupted iterations
openloop_oscillating   [  26% ] 080/788 VUs  03m07.3s/12m0s  105.00 iters/s

running (03m08.3s), 073/788 VUs, 7823 complete and 0 interrupted iterations
openloop_oscillating   [  26% ] 073/788 VUs  03m08.3s/12m0s  105.00 iters/s

running (03m09.3s), 074/788 VUs, 7927 complete and 0 interrupted iterations
openloop_oscillating   [  26% ] 074/788 VUs  03m09.3s/12m0s  105.00 iters/s

running (03m10.3s), 071/788 VUs, 8035 complete and 0 interrupted iterations
openloop_oscillating   [  26% ] 071/788 VUs  03m10.3s/12m0s  105.00 iters/s

running (03m11.3s), 080/788 VUs, 8131 complete and 0 interrupted iterations
openloop_oscillating   [  27% ] 080/788 VUs  03m11.3s/12m0s  105.00 iters/s

running (03m12.3s), 076/788 VUs, 8240 complete and 0 interrupted iterations
openloop_oscillating   [  27% ] 076/788 VUs  03m12.3s/12m0s  105.00 iters/s

running (03m13.3s), 077/788 VUs, 8344 complete and 0 interrupted iterations
openloop_oscillating   [  27% ] 077/788 VUs  03m13.3s/12m0s  105.00 iters/s

running (03m14.3s), 071/788 VUs, 8455 complete and 0 interrupted iterations
openloop_oscillating   [  27% ] 071/788 VUs  03m14.3s/12m0s  105.00 iters/s

running (03m15.3s), 077/788 VUs, 8554 complete and 0 interrupted iterations
openloop_oscillating   [  27% ] 077/788 VUs  03m15.3s/12m0s  105.00 iters/s

running (03m16.3s), 069/788 VUs, 8667 complete and 0 interrupted iterations
openloop_oscillating   [  27% ] 069/788 VUs  03m16.3s/12m0s  105.00 iters/s

running (03m17.3s), 074/788 VUs, 8767 complete and 0 interrupted iterations
openloop_oscillating   [  27% ] 074/788 VUs  03m17.3s/12m0s  105.00 iters/s

running (03m18.3s), 078/788 VUs, 8868 complete and 0 interrupted iterations
openloop_oscillating   [  28% ] 078/788 VUs  03m18.3s/12m0s  105.00 iters/s

running (03m19.3s), 081/788 VUs, 8970 complete and 0 interrupted iterations
openloop_oscillating   [  28% ] 081/788 VUs  03m19.3s/12m0s  105.00 iters/s

running (03m20.3s), 075/788 VUs, 9081 complete and 0 interrupted iterations
openloop_oscillating   [  28% ] 075/788 VUs  03m20.3s/12m0s  105.00 iters/s

running (03m21.3s), 072/788 VUs, 9189 complete and 0 interrupted iterations
openloop_oscillating   [  28% ] 072/788 VUs  03m21.3s/12m0s  105.00 iters/s

running (03m22.3s), 076/788 VUs, 9290 complete and 0 interrupted iterations
openloop_oscillating   [  28% ] 076/788 VUs  03m22.3s/12m0s  105.00 iters/s

running (03m23.3s), 076/788 VUs, 9395 complete and 0 interrupted iterations
openloop_oscillating   [  28% ] 076/788 VUs  03m23.3s/12m0s  105.00 iters/s

running (03m24.3s), 076/788 VUs, 9500 complete and 0 interrupted iterations
openloop_oscillating   [  28% ] 076/788 VUs  03m24.3s/12m0s  105.00 iters/s

running (03m25.3s), 074/788 VUs, 9607 complete and 0 interrupted iterations
openloop_oscillating   [  29% ] 074/788 VUs  03m25.3s/12m0s  105.00 iters/s

running (03m26.3s), 077/788 VUs, 9709 complete and 0 interrupted iterations
openloop_oscillating   [  29% ] 077/788 VUs  03m26.3s/12m0s  105.00 iters/s

running (03m27.3s), 074/788 VUs, 9817 complete and 0 interrupted iterations
openloop_oscillating   [  29% ] 074/788 VUs  03m27.3s/12m0s  105.00 iters/s

running (03m28.3s), 077/788 VUs, 9919 complete and 0 interrupted iterations
openloop_oscillating   [  29% ] 077/788 VUs  03m28.3s/12m0s  105.00 iters/s

running (03m29.3s), 074/788 VUs, 10027 complete and 0 interrupted iterations
openloop_oscillating   [  29% ] 074/788 VUs  03m29.3s/12m0s  105.00 iters/s

running (03m30.3s), 071/788 VUs, 10135 complete and 0 interrupted iterations
openloop_oscillating   [  29% ] 071/788 VUs  03m30.3s/12m0s  102.11 iters/s

running (03m31.3s), 067/788 VUs, 10236 complete and 0 interrupted iterations
openloop_oscillating   [  29% ] 067/788 VUs  03m31.3s/12m0s  092.65 iters/s

running (03m32.3s), 061/788 VUs, 10330 complete and 0 interrupted iterations
openloop_oscillating   [  29% ] 061/788 VUs  03m32.3s/12m0s  083.14 iters/s

running (03m33.3s), 056/788 VUs, 10413 complete and 0 interrupted iterations
openloop_oscillating   [  30% ] 056/788 VUs  03m33.3s/12m0s  073.69 iters/s

running (03m34.3s), 049/788 VUs, 10489 complete and 0 interrupted iterations
openloop_oscillating   [  30% ] 049/788 VUs  03m34.3s/12m0s  064.18 iters/s

running (03m35.3s), 040/788 VUs, 10558 complete and 0 interrupted iterations
openloop_oscillating   [  30% ] 040/788 VUs  03m35.3s/12m0s  054.58 iters/s

running (03m36.3s), 035/788 VUs, 10612 complete and 0 interrupted iterations
openloop_oscillating   [  30% ] 035/788 VUs  03m36.3s/12m0s  045.25 iters/s

running (03m37.3s), 028/788 VUs, 10660 complete and 0 interrupted iterations
openloop_oscillating   [  30% ] 028/788 VUs  03m37.3s/12m0s  035.62 iters/s

running (03m38.3s), 020/788 VUs, 10699 complete and 0 interrupted iterations
openloop_oscillating   [  30% ] 020/788 VUs  03m38.3s/12m0s  026.07 iters/s

running (03m39.3s), 015/788 VUs, 10725 complete and 0 interrupted iterations
openloop_oscillating   [  30% ] 015/788 VUs  03m39.3s/12m0s  016.75 iters/s

running (03m40.3s), 008/788 VUs, 10744 complete and 0 interrupted iterations
openloop_oscillating   [  31% ] 008/788 VUs  03m40.3s/12m0s  010.00 iters/s

running (03m41.3s), 007/788 VUs, 10755 complete and 0 interrupted iterations
openloop_oscillating   [  31% ] 007/788 VUs  03m41.3s/12m0s  010.00 iters/s

running (03m42.3s), 007/788 VUs, 10765 complete and 0 interrupted iterations
openloop_oscillating   [  31% ] 007/788 VUs  03m42.3s/12m0s  010.00 iters/s

running (03m43.3s), 006/788 VUs, 10776 complete and 0 interrupted iterations
openloop_oscillating   [  31% ] 006/788 VUs  03m43.3s/12m0s  010.00 iters/s

running (03m44.3s), 007/788 VUs, 10785 complete and 0 interrupted iterations
openloop_oscillating   [  31% ] 007/788 VUs  03m44.3s/12m0s  010.00 iters/s

running (03m45.3s), 007/788 VUs, 10796 complete and 0 interrupted iterations
openloop_oscillating   [  31% ] 007/788 VUs  03m45.3s/12m0s  010.00 iters/s

running (03m46.3s), 007/788 VUs, 10806 complete and 0 interrupted iterations
openloop_oscillating   [  31% ] 007/788 VUs  03m46.3s/12m0s  010.00 iters/s

running (03m47.3s), 005/788 VUs, 10817 complete and 0 interrupted iterations
openloop_oscillating   [  32% ] 005/788 VUs  03m47.3s/12m0s  010.00 iters/s

running (03m48.3s), 006/788 VUs, 10827 complete and 0 interrupted iterations
openloop_oscillating   [  32% ] 006/788 VUs  03m48.3s/12m0s  010.00 iters/s

running (03m49.3s), 008/788 VUs, 10835 complete and 0 interrupted iterations
openloop_oscillating   [  32% ] 008/788 VUs  03m49.3s/12m0s  010.00 iters/s

running (03m50.3s), 007/788 VUs, 10845 complete and 0 interrupted iterations
openloop_oscillating   [  32% ] 007/788 VUs  03m50.3s/12m0s  010.00 iters/s

running (03m51.3s), 006/788 VUs, 10856 complete and 0 interrupted iterations
openloop_oscillating   [  32% ] 006/788 VUs  03m51.3s/12m0s  010.00 iters/s

running (03m52.3s), 009/788 VUs, 10863 complete and 0 interrupted iterations
openloop_oscillating   [  32% ] 009/788 VUs  03m52.3s/12m0s  010.00 iters/s

running (03m53.3s), 007/788 VUs, 10875 complete and 0 interrupted iterations
openloop_oscillating   [  32% ] 007/788 VUs  03m53.3s/12m0s  010.00 iters/s

running (03m54.3s), 009/788 VUs, 10884 complete and 0 interrupted iterations
openloop_oscillating   [  33% ] 009/788 VUs  03m54.3s/12m0s  010.00 iters/s

running (03m55.3s), 007/788 VUs, 10895 complete and 0 interrupted iterations
openloop_oscillating   [  33% ] 007/788 VUs  03m55.3s/12m0s  010.00 iters/s

running (03m56.3s), 006/788 VUs, 10906 complete and 0 interrupted iterations
openloop_oscillating   [  33% ] 006/788 VUs  03m56.3s/12m0s  010.00 iters/s

running (03m57.3s), 007/788 VUs, 10915 complete and 0 interrupted iterations
openloop_oscillating   [  33% ] 007/788 VUs  03m57.3s/12m0s  010.00 iters/s

running (03m58.3s), 007/788 VUs, 10926 complete and 0 interrupted iterations
openloop_oscillating   [  33% ] 007/788 VUs  03m58.3s/12m0s  010.00 iters/s

running (03m59.3s), 007/788 VUs, 10935 complete and 0 interrupted iterations
openloop_oscillating   [  33% ] 007/788 VUs  03m59.3s/12m0s  010.00 iters/s

running (04m00.3s), 006/788 VUs, 10946 complete and 0 interrupted iterations
openloop_oscillating   [  33% ] 006/788 VUs  04m00.3s/12m0s  010.00 iters/s

running (04m01.3s), 006/788 VUs, 10956 complete and 0 interrupted iterations
openloop_oscillating   [  34% ] 006/788 VUs  04m01.3s/12m0s  010.00 iters/s

running (04m02.3s), 007/788 VUs, 10966 complete and 0 interrupted iterations
openloop_oscillating   [  34% ] 007/788 VUs  04m02.3s/12m0s  010.00 iters/s

running (04m03.3s), 006/788 VUs, 10977 complete and 0 interrupted iterations
openloop_oscillating   [  34% ] 006/788 VUs  04m03.3s/12m0s  010.00 iters/s

running (04m04.3s), 007/788 VUs, 10985 complete and 0 interrupted iterations
openloop_oscillating   [  34% ] 007/788 VUs  04m04.3s/12m0s  010.00 iters/s

running (04m05.3s), 006/788 VUs, 10996 complete and 0 interrupted iterations
openloop_oscillating   [  34% ] 006/788 VUs  04m05.3s/12m0s  010.00 iters/s

running (04m06.3s), 008/788 VUs, 11005 complete and 0 interrupted iterations
openloop_oscillating   [  34% ] 008/788 VUs  04m06.3s/12m0s  010.00 iters/s

running (04m07.3s), 008/788 VUs, 11014 complete and 0 interrupted iterations
openloop_oscillating   [  34% ] 008/788 VUs  04m07.3s/12m0s  010.00 iters/s

running (04m08.3s), 007/788 VUs, 11025 complete and 0 interrupted iterations
openloop_oscillating   [  34% ] 007/788 VUs  04m08.3s/12m0s  010.00 iters/s

running (04m09.3s), 007/788 VUs, 11035 complete and 0 interrupted iterations
openloop_oscillating   [  35% ] 007/788 VUs  04m09.3s/12m0s  010.00 iters/s

running (04m10.3s), 008/788 VUs, 11044 complete and 0 interrupted iterations
openloop_oscillating   [  35% ] 008/788 VUs  04m10.3s/12m0s  010.00 iters/s

running (04m11.3s), 006/788 VUs, 11056 complete and 0 interrupted iterations
openloop_oscillating   [  35% ] 006/788 VUs  04m11.3s/12m0s  010.00 iters/s

running (04m12.3s), 007/788 VUs, 11065 complete and 0 interrupted iterations
openloop_oscillating   [  35% ] 007/788 VUs  04m12.3s/12m0s  010.00 iters/s

running (04m13.3s), 007/788 VUs, 11075 complete and 0 interrupted iterations
openloop_oscillating   [  35% ] 007/788 VUs  04m13.3s/12m0s  010.00 iters/s

running (04m14.3s), 007/788 VUs, 11086 complete and 0 interrupted iterations
openloop_oscillating   [  35% ] 007/788 VUs  04m14.3s/12m0s  010.00 iters/s

running (04m15.3s), 007/788 VUs, 11096 complete and 0 interrupted iterations
openloop_oscillating   [  35% ] 007/788 VUs  04m15.3s/12m0s  010.00 iters/s

running (04m16.3s), 007/788 VUs, 11106 complete and 0 interrupted iterations
openloop_oscillating   [  36% ] 007/788 VUs  04m16.3s/12m0s  010.00 iters/s

running (04m17.3s), 007/788 VUs, 11116 complete and 0 interrupted iterations
openloop_oscillating   [  36% ] 007/788 VUs  04m17.3s/12m0s  010.00 iters/s

running (04m18.3s), 007/788 VUs, 11125 complete and 0 interrupted iterations
openloop_oscillating   [  36% ] 007/788 VUs  04m18.3s/12m0s  010.00 iters/s

running (04m19.3s), 007/788 VUs, 11135 complete and 0 interrupted iterations
openloop_oscillating   [  36% ] 007/788 VUs  04m19.3s/12m0s  010.00 iters/s

running (04m20.3s), 009/788 VUs, 11143 complete and 0 interrupted iterations
openloop_oscillating   [  36% ] 009/788 VUs  04m20.3s/12m0s  010.00 iters/s

running (04m21.3s), 009/788 VUs, 11153 complete and 0 interrupted iterations
openloop_oscillating   [  36% ] 009/788 VUs  04m21.3s/12m0s  010.00 iters/s

running (04m22.3s), 006/788 VUs, 11166 complete and 0 interrupted iterations
openloop_oscillating   [  36% ] 006/788 VUs  04m22.3s/12m0s  010.00 iters/s

running (04m23.3s), 006/788 VUs, 11176 complete and 0 interrupted iterations
openloop_oscillating   [  37% ] 006/788 VUs  04m23.3s/12m0s  010.00 iters/s

running (04m24.3s), 008/788 VUs, 11185 complete and 0 interrupted iterations
openloop_oscillating   [  37% ] 008/788 VUs  04m24.3s/12m0s  010.00 iters/s

running (04m25.3s), 006/788 VUs, 11196 complete and 0 interrupted iterations
openloop_oscillating   [  37% ] 006/788 VUs  04m25.3s/12m0s  010.00 iters/s

running (04m26.3s), 006/788 VUs, 11207 complete and 0 interrupted iterations
openloop_oscillating   [  37% ] 006/788 VUs  04m26.3s/12m0s  010.00 iters/s

running (04m27.3s), 008/788 VUs, 11215 complete and 0 interrupted iterations
openloop_oscillating   [  37% ] 008/788 VUs  04m27.3s/12m0s  010.00 iters/s

running (04m28.3s), 005/788 VUs, 11227 complete and 0 interrupted iterations
openloop_oscillating   [  37% ] 005/788 VUs  04m28.3s/12m0s  010.00 iters/s

running (04m29.3s), 006/788 VUs, 11236 complete and 0 interrupted iterations
openloop_oscillating   [  37% ] 006/788 VUs  04m29.3s/12m0s  010.00 iters/s

running (04m30.3s), 008/788 VUs, 11245 complete and 0 interrupted iterations
openloop_oscillating   [  38% ] 008/788 VUs  04m30.3s/12m0s  010.00 iters/s

running (04m31.3s), 008/788 VUs, 11255 complete and 0 interrupted iterations
openloop_oscillating   [  38% ] 008/788 VUs  04m31.3s/12m0s  010.00 iters/s

running (04m32.3s), 008/788 VUs, 11265 complete and 0 interrupted iterations
openloop_oscillating   [  38% ] 008/788 VUs  04m32.3s/12m0s  010.00 iters/s

running (04m33.3s), 007/788 VUs, 11276 complete and 0 interrupted iterations
openloop_oscillating   [  38% ] 007/788 VUs  04m33.3s/12m0s  010.00 iters/s

running (04m34.3s), 006/788 VUs, 11286 complete and 0 interrupted iterations
openloop_oscillating   [  38% ] 006/788 VUs  04m34.3s/12m0s  010.00 iters/s

running (04m35.3s), 008/788 VUs, 11295 complete and 0 interrupted iterations
openloop_oscillating   [  38% ] 008/788 VUs  04m35.3s/12m0s  010.00 iters/s

running (04m36.3s), 006/788 VUs, 11306 complete and 0 interrupted iterations
openloop_oscillating   [  38% ] 006/788 VUs  04m36.3s/12m0s  010.00 iters/s

running (04m37.3s), 007/788 VUs, 11315 complete and 0 interrupted iterations
openloop_oscillating   [  39% ] 007/788 VUs  04m37.3s/12m0s  010.00 iters/s

running (04m38.3s), 004/788 VUs, 11328 complete and 0 interrupted iterations
openloop_oscillating   [  39% ] 004/788 VUs  04m38.3s/12m0s  010.00 iters/s

running (04m39.3s), 008/788 VUs, 11334 complete and 0 interrupted iterations
openloop_oscillating   [  39% ] 008/788 VUs  04m39.3s/12m0s  010.00 iters/s

running (04m40.3s), 007/788 VUs, 11345 complete and 0 interrupted iterations
openloop_oscillating   [  39% ] 007/788 VUs  04m40.3s/12m0s  010.00 iters/s

running (04m41.3s), 006/788 VUs, 11356 complete and 0 interrupted iterations
openloop_oscillating   [  39% ] 006/788 VUs  04m41.3s/12m0s  010.00 iters/s

running (04m42.3s), 006/788 VUs, 11366 complete and 0 interrupted iterations
openloop_oscillating   [  39% ] 006/788 VUs  04m42.3s/12m0s  010.00 iters/s

running (04m43.3s), 006/788 VUs, 11376 complete and 0 interrupted iterations
openloop_oscillating   [  39% ] 006/788 VUs  04m43.3s/12m0s  010.00 iters/s

running (04m44.3s), 006/788 VUs, 11386 complete and 0 interrupted iterations
openloop_oscillating   [  39% ] 006/788 VUs  04m44.3s/12m0s  010.00 iters/s

running (04m45.3s), 008/788 VUs, 11395 complete and 0 interrupted iterations
openloop_oscillating   [  40% ] 008/788 VUs  04m45.3s/12m0s  010.00 iters/s

running (04m46.3s), 008/788 VUs, 11405 complete and 0 interrupted iterations
openloop_oscillating   [  40% ] 008/788 VUs  04m46.3s/12m0s  010.00 iters/s

running (04m47.3s), 007/788 VUs, 11416 complete and 0 interrupted iterations
openloop_oscillating   [  40% ] 007/788 VUs  04m47.3s/12m0s  010.00 iters/s

running (04m48.3s), 006/788 VUs, 11426 complete and 0 interrupted iterations
openloop_oscillating   [  40% ] 006/788 VUs  04m48.3s/12m0s  010.00 iters/s

running (04m49.3s), 009/788 VUs, 11434 complete and 0 interrupted iterations
openloop_oscillating   [  40% ] 009/788 VUs  04m49.3s/12m0s  010.00 iters/s

running (04m50.3s), 006/788 VUs, 11446 complete and 0 interrupted iterations
openloop_oscillating   [  40% ] 006/788 VUs  04m50.3s/12m0s  010.00 iters/s

running (04m51.3s), 006/788 VUs, 11456 complete and 0 interrupted iterations
openloop_oscillating   [  40% ] 006/788 VUs  04m51.3s/12m0s  010.00 iters/s

running (04m52.3s), 008/788 VUs, 11464 complete and 0 interrupted iterations
openloop_oscillating   [  41% ] 008/788 VUs  04m52.3s/12m0s  010.00 iters/s

running (04m53.3s), 007/788 VUs, 11475 complete and 0 interrupted iterations
openloop_oscillating   [  41% ] 007/788 VUs  04m53.3s/12m0s  010.00 iters/s

running (04m54.3s), 009/788 VUs, 11484 complete and 0 interrupted iterations
openloop_oscillating   [  41% ] 009/788 VUs  04m54.3s/12m0s  010.00 iters/s

running (04m55.3s), 008/788 VUs, 11495 complete and 0 interrupted iterations
openloop_oscillating   [  41% ] 008/788 VUs  04m55.3s/12m0s  010.00 iters/s

running (04m56.3s), 005/788 VUs, 11507 complete and 0 interrupted iterations
openloop_oscillating   [  41% ] 005/788 VUs  04m56.3s/12m0s  010.00 iters/s

running (04m57.3s), 007/788 VUs, 11516 complete and 0 interrupted iterations
openloop_oscillating   [  41% ] 007/788 VUs  04m57.3s/12m0s  010.00 iters/s

running (04m58.3s), 006/788 VUs, 11526 complete and 0 interrupted iterations
openloop_oscillating   [  41% ] 006/788 VUs  04m58.3s/12m0s  010.00 iters/s

running (04m59.3s), 006/788 VUs, 11536 complete and 0 interrupted iterations
openloop_oscillating   [  42% ] 006/788 VUs  04m59.3s/12m0s  010.00 iters/s

running (05m00.3s), 007/788 VUs, 11546 complete and 0 interrupted iterations
openloop_oscillating   [  42% ] 007/788 VUs  05m00.3s/12m0s  012.90 iters/s

running (05m01.3s), 013/788 VUs, 11558 complete and 0 interrupted iterations
openloop_oscillating   [  42% ] 013/788 VUs  05m01.3s/12m0s  022.55 iters/s

running (05m02.3s), 020/788 VUs, 11578 complete and 0 interrupted iterations
openloop_oscillating   [  42% ] 020/788 VUs  05m02.3s/12m0s  031.96 iters/s

running (05m03.3s), 026/788 VUs, 11608 complete and 0 interrupted iterations
openloop_oscillating   [  42% ] 026/788 VUs  05m03.3s/12m0s  041.30 iters/s

running (05m04.3s), 034/788 VUs, 11646 complete and 0 interrupted iterations
openloop_oscillating   [  42% ] 034/788 VUs  05m04.3s/12m0s  050.79 iters/s

running (05m05.3s), 044/788 VUs, 11692 complete and 0 interrupted iterations
openloop_oscillating   [  42% ] 044/788 VUs  05m05.3s/12m0s  060.36 iters/s

running (05m06.3s), 047/788 VUs, 11754 complete and 0 interrupted iterations
openloop_oscillating   [  43% ] 047/788 VUs  05m06.3s/12m0s  069.85 iters/s

running (05m07.3s), 043/788 VUs, 11833 complete and 0 interrupted iterations
openloop_oscillating   [  43% ] 043/788 VUs  05m07.3s/12m0s  079.39 iters/s

running (05m08.3s), 048/788 VUs, 11912 complete and 0 interrupted iterations
openloop_oscillating   [  43% ] 048/788 VUs  05m08.3s/12m0s  088.88 iters/s

running (05m09.3s), 049/788 VUs, 12004 complete and 0 interrupted iterations
openloop_oscillating   [  43% ] 049/788 VUs  05m09.3s/12m0s  098.32 iters/s

running (05m10.3s), 049/788 VUs, 12107 complete and 0 interrupted iterations
openloop_oscillating   [  43% ] 049/788 VUs  05m10.3s/12m0s  105.00 iters/s

running (05m11.3s), 046/788 VUs, 12215 complete and 0 interrupted iterations
openloop_oscillating   [  43% ] 046/788 VUs  05m11.3s/12m0s  105.00 iters/s

running (05m12.3s), 044/788 VUs, 12322 complete and 0 interrupted iterations
openloop_oscillating   [  43% ] 044/788 VUs  05m12.3s/12m0s  105.00 iters/s

running (05m13.3s), 047/788 VUs, 12424 complete and 0 interrupted iterations
openloop_oscillating   [  44% ] 047/788 VUs  05m13.3s/12m0s  105.00 iters/s

running (05m14.3s), 049/788 VUs, 12527 complete and 0 interrupted iterations
openloop_oscillating   [  44% ] 049/788 VUs  05m14.3s/12m0s  105.00 iters/s

running (05m15.3s), 048/788 VUs, 12633 complete and 0 interrupted iterations
openloop_oscillating   [  44% ] 048/788 VUs  05m15.3s/12m0s  105.00 iters/s

running (05m16.3s), 042/788 VUs, 12744 complete and 0 interrupted iterations
openloop_oscillating   [  44% ] 042/788 VUs  05m16.3s/12m0s  105.00 iters/s

running (05m17.3s), 046/788 VUs, 12845 complete and 0 interrupted iterations
openloop_oscillating   [  44% ] 046/788 VUs  05m17.3s/12m0s  105.00 iters/s

running (05m18.3s), 047/788 VUs, 12949 complete and 0 interrupted iterations
openloop_oscillating   [  44% ] 047/788 VUs  05m18.3s/12m0s  105.00 iters/s

running (05m19.3s), 047/788 VUs, 13054 complete and 0 interrupted iterations
openloop_oscillating   [  44% ] 047/788 VUs  05m19.3s/12m0s  105.00 iters/s

running (05m20.3s), 049/788 VUs, 13157 complete and 0 interrupted iterations
openloop_oscillating   [  44% ] 049/788 VUs  05m20.3s/12m0s  105.00 iters/s

running (05m21.3s), 050/788 VUs, 13261 complete and 0 interrupted iterations
openloop_oscillating   [  45% ] 050/788 VUs  05m21.3s/12m0s  105.00 iters/s

running (05m22.3s), 055/788 VUs, 13361 complete and 0 interrupted iterations
openloop_oscillating   [  45% ] 055/788 VUs  05m22.3s/12m0s  105.00 iters/s

running (05m23.3s), 047/788 VUs, 13474 complete and 0 interrupted iterations
openloop_oscillating   [  45% ] 047/788 VUs  05m23.3s/12m0s  105.00 iters/s

running (05m24.3s), 043/788 VUs, 13583 complete and 0 interrupted iterations
openloop_oscillating   [  45% ] 043/788 VUs  05m24.3s/12m0s  105.00 iters/s

running (05m25.3s), 048/788 VUs, 13683 complete and 0 interrupted iterations
openloop_oscillating   [  45% ] 048/788 VUs  05m25.3s/12m0s  105.00 iters/s

running (05m26.3s), 047/788 VUs, 13789 complete and 0 interrupted iterations
openloop_oscillating   [  45% ] 047/788 VUs  05m26.3s/12m0s  105.00 iters/s

running (05m27.3s), 042/788 VUs, 13899 complete and 0 interrupted iterations
openloop_oscillating   [  45% ] 042/788 VUs  05m27.3s/12m0s  105.00 iters/s

running (05m28.3s), 046/788 VUs, 14000 complete and 0 interrupted iterations
openloop_oscillating   [  46% ] 046/788 VUs  05m28.3s/12m0s  105.00 iters/s

running (05m29.3s), 048/788 VUs, 14103 complete and 0 interrupted iterations
openloop_oscillating   [  46% ] 048/788 VUs  05m29.3s/12m0s  105.00 iters/s

running (05m30.3s), 046/788 VUs, 14210 complete and 0 interrupted iterations
openloop_oscillating   [  46% ] 046/788 VUs  05m30.3s/12m0s  105.00 iters/s

running (05m31.3s), 052/788 VUs, 14309 complete and 0 interrupted iterations
openloop_oscillating   [  46% ] 052/788 VUs  05m31.3s/12m0s  105.00 iters/s

running (05m32.3s), 047/788 VUs, 14419 complete and 0 interrupted iterations
openloop_oscillating   [  46% ] 047/788 VUs  05m32.3s/12m0s  105.00 iters/s

running (05m33.3s), 050/788 VUs, 14521 complete and 0 interrupted iterations
openloop_oscillating   [  46% ] 050/788 VUs  05m33.3s/12m0s  105.00 iters/s

running (05m34.3s), 045/788 VUs, 14631 complete and 0 interrupted iterations
openloop_oscillating   [  46% ] 045/788 VUs  05m34.3s/12m0s  105.00 iters/s

running (05m35.3s), 053/788 VUs, 14728 complete and 0 interrupted iterations
openloop_oscillating   [  47% ] 053/788 VUs  05m35.3s/12m0s  105.00 iters/s

running (05m36.3s), 048/788 VUs, 14838 complete and 0 interrupted iterations
openloop_oscillating   [  47% ] 048/788 VUs  05m36.3s/12m0s  105.00 iters/s

running (05m37.3s), 047/788 VUs, 14944 complete and 0 interrupted iterations
openloop_oscillating   [  47% ] 047/788 VUs  05m37.3s/12m0s  105.00 iters/s

running (05m38.3s), 045/788 VUs, 15051 complete and 0 interrupted iterations
openloop_oscillating   [  47% ] 045/788 VUs  05m38.3s/12m0s  105.00 iters/s

running (05m39.3s), 045/788 VUs, 15156 complete and 0 interrupted iterations
openloop_oscillating   [  47% ] 045/788 VUs  05m39.3s/12m0s  105.00 iters/s

running (05m40.3s), 048/788 VUs, 15258 complete and 0 interrupted iterations
openloop_oscillating   [  47% ] 048/788 VUs  05m40.3s/12m0s  105.00 iters/s

running (05m41.3s), 049/788 VUs, 15362 complete and 0 interrupted iterations
openloop_oscillating   [  47% ] 049/788 VUs  05m41.3s/12m0s  105.00 iters/s

running (05m42.3s), 048/788 VUs, 15468 complete and 0 interrupted iterations
openloop_oscillating   [  48% ] 048/788 VUs  05m42.3s/12m0s  105.00 iters/s

running (05m43.3s), 046/788 VUs, 15575 complete and 0 interrupted iterations
openloop_oscillating   [  48% ] 046/788 VUs  05m43.3s/12m0s  105.00 iters/s

running (05m44.3s), 050/788 VUs, 15676 complete and 0 interrupted iterations
openloop_oscillating   [  48% ] 050/788 VUs  05m44.3s/12m0s  105.00 iters/s

running (05m45.3s), 048/788 VUs, 15783 complete and 0 interrupted iterations
openloop_oscillating   [  48% ] 048/788 VUs  05m45.3s/12m0s  105.00 iters/s

running (05m46.3s), 076/788 VUs, 15860 complete and 0 interrupted iterations
openloop_oscillating   [  48% ] 076/788 VUs  05m46.3s/12m0s  105.00 iters/s

running (05m47.3s), 084/788 VUs, 15957 complete and 0 interrupted iterations
openloop_oscillating   [  48% ] 084/788 VUs  05m47.3s/12m0s  105.00 iters/s

running (05m48.3s), 083/788 VUs, 16063 complete and 0 interrupted iterations
openloop_oscillating   [  48% ] 083/788 VUs  05m48.3s/12m0s  105.00 iters/s

running (05m49.3s), 080/788 VUs, 16171 complete and 0 interrupted iterations
openloop_oscillating   [  49% ] 080/788 VUs  05m49.3s/12m0s  105.00 iters/s

running (05m50.3s), 088/788 VUs, 16268 complete and 0 interrupted iterations
openloop_oscillating   [  49% ] 088/788 VUs  05m50.3s/12m0s  105.00 iters/s

running (05m51.3s), 085/788 VUs, 16376 complete and 0 interrupted iterations
openloop_oscillating   [  49% ] 085/788 VUs  05m51.3s/12m0s  105.00 iters/s

running (05m52.3s), 085/788 VUs, 16481 complete and 0 interrupted iterations
openloop_oscillating   [  49% ] 085/788 VUs  05m52.3s/12m0s  105.00 iters/s

running (05m53.3s), 090/788 VUs, 16581 complete and 0 interrupted iterations
openloop_oscillating   [  49% ] 090/788 VUs  05m53.3s/12m0s  105.00 iters/s

running (05m54.3s), 090/788 VUs, 16686 complete and 0 interrupted iterations
openloop_oscillating   [  49% ] 090/788 VUs  05m54.3s/12m0s  105.00 iters/s

running (05m55.3s), 087/788 VUs, 16794 complete and 0 interrupted iterations
openloop_oscillating   [  49% ] 087/788 VUs  05m55.3s/12m0s  105.00 iters/s

running (05m56.3s), 092/788 VUs, 16894 complete and 0 interrupted iterations
openloop_oscillating   [  49% ] 092/788 VUs  05m56.3s/12m0s  105.00 iters/s

running (05m57.3s), 089/788 VUs, 17002 complete and 0 interrupted iterations
openloop_oscillating   [  50% ] 089/788 VUs  05m57.3s/12m0s  105.00 iters/s

running (05m58.3s), 084/788 VUs, 17112 complete and 0 interrupted iterations
openloop_oscillating   [  50% ] 084/788 VUs  05m58.3s/12m0s  105.00 iters/s

running (05m59.3s), 085/788 VUs, 17216 complete and 0 interrupted iterations
openloop_oscillating   [  50% ] 085/788 VUs  05m59.3s/12m0s  105.00 iters/s

running (06m00.3s), 085/788 VUs, 17321 complete and 0 interrupted iterations
openloop_oscillating   [  50% ] 085/788 VUs  06m00.3s/12m0s  105.00 iters/s

running (06m01.3s), 081/788 VUs, 17430 complete and 0 interrupted iterations
openloop_oscillating   [  50% ] 081/788 VUs  06m01.3s/12m0s  105.00 iters/s

running (06m02.3s), 073/788 VUs, 17543 complete and 0 interrupted iterations
openloop_oscillating   [  50% ] 073/788 VUs  06m02.3s/12m0s  105.00 iters/s

running (06m03.3s), 075/788 VUs, 17646 complete and 0 interrupted iterations
openloop_oscillating   [  50% ] 075/788 VUs  06m03.3s/12m0s  105.00 iters/s

running (06m04.3s), 078/788 VUs, 17748 complete and 0 interrupted iterations
openloop_oscillating   [  51% ] 078/788 VUs  06m04.3s/12m0s  105.00 iters/s

running (06m05.3s), 073/788 VUs, 17858 complete and 0 interrupted iterations
openloop_oscillating   [  51% ] 073/788 VUs  06m05.3s/12m0s  105.00 iters/s

running (06m06.3s), 075/788 VUs, 17961 complete and 0 interrupted iterations
openloop_oscillating   [  51% ] 075/788 VUs  06m06.3s/12m0s  105.00 iters/s

running (06m07.3s), 071/788 VUs, 18070 complete and 0 interrupted iterations
openloop_oscillating   [  51% ] 071/788 VUs  06m07.3s/12m0s  105.00 iters/s

running (06m08.3s), 077/788 VUs, 18169 complete and 0 interrupted iterations
openloop_oscillating   [  51% ] 077/788 VUs  06m08.3s/12m0s  105.00 iters/s

running (06m09.3s), 074/788 VUs, 18277 complete and 0 interrupted iterations
openloop_oscillating   [  51% ] 074/788 VUs  06m09.3s/12m0s  105.00 iters/s

running (06m10.3s), 072/788 VUs, 18384 complete and 0 interrupted iterations
openloop_oscillating   [  51% ] 072/788 VUs  06m10.3s/12m0s  105.00 iters/s

running (06m11.3s), 071/788 VUs, 18490 complete and 0 interrupted iterations
openloop_oscillating   [  52% ] 071/788 VUs  06m11.3s/12m0s  105.00 iters/s

running (06m12.3s), 068/788 VUs, 18598 complete and 0 interrupted iterations
openloop_oscillating   [  52% ] 068/788 VUs  06m12.3s/12m0s  105.00 iters/s

running (06m13.3s), 073/788 VUs, 18698 complete and 0 interrupted iterations
openloop_oscillating   [  52% ] 073/788 VUs  06m13.3s/12m0s  105.00 iters/s

running (06m14.3s), 079/788 VUs, 18797 complete and 0 interrupted iterations
openloop_oscillating   [  52% ] 079/788 VUs  06m14.3s/12m0s  105.00 iters/s

running (06m15.3s), 073/788 VUs, 18908 complete and 0 interrupted iterations
openloop_oscillating   [  52% ] 073/788 VUs  06m15.3s/12m0s  105.00 iters/s

running (06m16.3s), 075/788 VUs, 19011 complete and 0 interrupted iterations
openloop_oscillating   [  52% ] 075/788 VUs  06m16.3s/12m0s  105.00 iters/s

running (06m17.3s), 074/788 VUs, 19117 complete and 0 interrupted iterations
openloop_oscillating   [  52% ] 074/788 VUs  06m17.3s/12m0s  105.00 iters/s

running (06m18.3s), 076/788 VUs, 19220 complete and 0 interrupted iterations
openloop_oscillating   [  53% ] 076/788 VUs  06m18.3s/12m0s  105.00 iters/s

running (06m19.3s), 080/788 VUs, 19321 complete and 0 interrupted iterations
openloop_oscillating   [  53% ] 080/788 VUs  06m19.3s/12m0s  105.00 iters/s

running (06m20.3s), 079/788 VUs, 19427 complete and 0 interrupted iterations
openloop_oscillating   [  53% ] 079/788 VUs  06m20.3s/12m0s  105.00 iters/s

running (06m21.3s), 071/788 VUs, 19540 complete and 0 interrupted iterations
openloop_oscillating   [  53% ] 071/788 VUs  06m21.3s/12m0s  105.00 iters/s

running (06m22.3s), 076/788 VUs, 19640 complete and 0 interrupted iterations
openloop_oscillating   [  53% ] 076/788 VUs  06m22.3s/12m0s  105.00 iters/s

running (06m23.3s), 074/788 VUs, 19747 complete and 0 interrupted iterations
openloop_oscillating   [  53% ] 074/788 VUs  06m23.3s/12m0s  105.00 iters/s

running (06m24.3s), 076/788 VUs, 19850 complete and 0 interrupted iterations
openloop_oscillating   [  53% ] 076/788 VUs  06m24.3s/12m0s  105.00 iters/s

running (06m25.3s), 078/788 VUs, 19953 complete and 0 interrupted iterations
openloop_oscillating   [  54% ] 078/788 VUs  06m25.3s/12m0s  105.00 iters/s

running (06m26.3s), 070/788 VUs, 20066 complete and 0 interrupted iterations
openloop_oscillating   [  54% ] 070/788 VUs  06m26.3s/12m0s  105.00 iters/s

running (06m27.3s), 072/788 VUs, 20169 complete and 0 interrupted iterations
openloop_oscillating   [  54% ] 072/788 VUs  06m27.3s/12m0s  105.00 iters/s

running (06m28.3s), 079/788 VUs, 20267 complete and 0 interrupted iterations
openloop_oscillating   [  54% ] 079/788 VUs  06m28.3s/12m0s  105.00 iters/s

running (06m29.3s), 069/788 VUs, 20382 complete and 0 interrupted iterations
openloop_oscillating   [  54% ] 069/788 VUs  06m29.3s/12m0s  105.00 iters/s

running (06m30.3s), 072/788 VUs, 20484 complete and 0 interrupted iterations
openloop_oscillating   [  54% ] 072/788 VUs  06m30.3s/12m0s  102.11 iters/s

running (06m31.3s), 069/788 VUs, 20584 complete and 0 interrupted iterations
openloop_oscillating   [  54% ] 069/788 VUs  06m31.3s/12m0s  092.65 iters/s

running (06m32.3s), 065/788 VUs, 20676 complete and 0 interrupted iterations
openloop_oscillating   [  54% ] 065/788 VUs  06m32.3s/12m0s  083.14 iters/s

running (06m33.3s), 057/788 VUs, 20762 complete and 0 interrupted iterations
openloop_oscillating   [  55% ] 057/788 VUs  06m33.3s/12m0s  073.69 iters/s

running (06m34.3s), 046/788 VUs, 20842 complete and 0 interrupted iterations
openloop_oscillating   [  55% ] 046/788 VUs  06m34.3s/12m0s  064.18 iters/s

running (06m35.3s), 045/788 VUs, 20903 complete and 0 interrupted iterations
openloop_oscillating   [  55% ] 045/788 VUs  06m35.3s/12m0s  054.58 iters/s

running (06m36.3s), 031/788 VUs, 20966 complete and 0 interrupted iterations
openloop_oscillating   [  55% ] 031/788 VUs  06m36.3s/12m0s  045.25 iters/s

running (06m37.3s), 026/788 VUs, 21012 complete and 0 interrupted iterations
openloop_oscillating   [  55% ] 026/788 VUs  06m37.3s/12m0s  035.62 iters/s

running (06m38.3s), 021/788 VUs, 21048 complete and 0 interrupted iterations
openloop_oscillating   [  55% ] 021/788 VUs  06m38.3s/12m0s  026.07 iters/s

running (06m39.3s), 013/788 VUs, 21077 complete and 0 interrupted iterations
openloop_oscillating   [  55% ] 013/788 VUs  06m39.3s/12m0s  016.75 iters/s

running (06m40.3s), 008/788 VUs, 21095 complete and 0 interrupted iterations
openloop_oscillating   [  56% ] 008/788 VUs  06m40.3s/12m0s  010.00 iters/s

running (06m41.3s), 007/788 VUs, 21106 complete and 0 interrupted iterations
openloop_oscillating   [  56% ] 007/788 VUs  06m41.3s/12m0s  010.00 iters/s

running (06m42.3s), 006/788 VUs, 21116 complete and 0 interrupted iterations
openloop_oscillating   [  56% ] 006/788 VUs  06m42.3s/12m0s  010.00 iters/s

running (06m43.3s), 007/788 VUs, 21125 complete and 0 interrupted iterations
openloop_oscillating   [  56% ] 007/788 VUs  06m43.3s/12m0s  010.00 iters/s

running (06m44.3s), 008/788 VUs, 21135 complete and 0 interrupted iterations
openloop_oscillating   [  56% ] 008/788 VUs  06m44.3s/12m0s  010.00 iters/s

running (06m45.3s), 006/788 VUs, 21146 complete and 0 interrupted iterations
openloop_oscillating   [  56% ] 006/788 VUs  06m45.3s/12m0s  010.00 iters/s

running (06m46.3s), 008/788 VUs, 21155 complete and 0 interrupted iterations
openloop_oscillating   [  56% ] 008/788 VUs  06m46.3s/12m0s  010.00 iters/s

running (06m47.3s), 007/788 VUs, 21165 complete and 0 interrupted iterations
openloop_oscillating   [  57% ] 007/788 VUs  06m47.3s/12m0s  010.00 iters/s

running (06m48.3s), 008/788 VUs, 21175 complete and 0 interrupted iterations
openloop_oscillating   [  57% ] 008/788 VUs  06m48.3s/12m0s  010.00 iters/s

running (06m49.3s), 007/788 VUs, 21186 complete and 0 interrupted iterations
openloop_oscillating   [  57% ] 007/788 VUs  06m49.3s/12m0s  010.00 iters/s

running (06m50.3s), 007/788 VUs, 21196 complete and 0 interrupted iterations
openloop_oscillating   [  57% ] 007/788 VUs  06m50.3s/12m0s  010.00 iters/s

running (06m51.3s), 005/788 VUs, 21207 complete and 0 interrupted iterations
openloop_oscillating   [  57% ] 005/788 VUs  06m51.3s/12m0s  010.00 iters/s

running (06m52.3s), 008/788 VUs, 21215 complete and 0 interrupted iterations
openloop_oscillating   [  57% ] 008/788 VUs  06m52.3s/12m0s  010.00 iters/s

running (06m53.3s), 007/788 VUs, 21225 complete and 0 interrupted iterations
openloop_oscillating   [  57% ] 008/788 VUs  06m53.3s/12m0s  010.00 iters/s

running (06m54.3s), 007/788 VUs, 21235 complete and 0 interrupted iterations
openloop_oscillating   [  58% ] 007/788 VUs  06m54.3s/12m0s  010.00 iters/s

running (06m55.3s), 006/788 VUs, 21246 complete and 0 interrupted iterations
openloop_oscillating   [  58% ] 006/788 VUs  06m55.3s/12m0s  010.00 iters/s

running (06m56.3s), 006/788 VUs, 21256 complete and 0 interrupted iterations
openloop_oscillating   [  58% ] 007/788 VUs  06m56.3s/12m0s  010.00 iters/s

running (06m57.3s), 007/788 VUs, 21265 complete and 0 interrupted iterations
openloop_oscillating   [  58% ] 007/788 VUs  06m57.3s/12m0s  010.00 iters/s

running (06m58.3s), 008/788 VUs, 21275 complete and 0 interrupted iterations
openloop_oscillating   [  58% ] 008/788 VUs  06m58.3s/12m0s  010.00 iters/s

running (06m59.3s), 009/788 VUs, 21284 complete and 0 interrupted iterations
openloop_oscillating   [  58% ] 009/788 VUs  06m59.3s/12m0s  010.00 iters/s

running (07m00.3s), 007/788 VUs, 21295 complete and 0 interrupted iterations
openloop_oscillating   [  58% ] 007/788 VUs  07m00.3s/12m0s  010.00 iters/s

running (07m01.3s), 006/788 VUs, 21306 complete and 0 interrupted iterations
openloop_oscillating   [  59% ] 006/788 VUs  07m01.3s/12m0s  010.00 iters/s

running (07m02.3s), 007/788 VUs, 21315 complete and 0 interrupted iterations
openloop_oscillating   [  59% ] 007/788 VUs  07m02.3s/12m0s  010.00 iters/s

running (07m03.3s), 008/788 VUs, 21324 complete and 0 interrupted iterations
openloop_oscillating   [  59% ] 008/788 VUs  07m03.3s/12m0s  010.00 iters/s

running (07m04.3s), 007/788 VUs, 21335 complete and 0 interrupted iterations
openloop_oscillating   [  59% ] 007/788 VUs  07m04.3s/12m0s  010.00 iters/s

running (07m05.3s), 008/788 VUs, 21344 complete and 0 interrupted iterations
openloop_oscillating   [  59% ] 008/788 VUs  07m05.3s/12m0s  010.00 iters/s

running (07m06.3s), 007/788 VUs, 21355 complete and 0 interrupted iterations
openloop_oscillating   [  59% ] 007/788 VUs  07m06.3s/12m0s  010.00 iters/s

running (07m07.3s), 007/788 VUs, 21365 complete and 0 interrupted iterations
openloop_oscillating   [  59% ] 007/788 VUs  07m07.3s/12m0s  010.00 iters/s

running (07m08.3s), 006/788 VUs, 21376 complete and 0 interrupted iterations
openloop_oscillating   [  59% ] 006/788 VUs  07m08.3s/12m0s  010.00 iters/s

running (07m09.3s), 007/788 VUs, 21386 complete and 0 interrupted iterations
openloop_oscillating   [  60% ] 007/788 VUs  07m09.3s/12m0s  010.00 iters/s

running (07m10.3s), 007/788 VUs, 21395 complete and 0 interrupted iterations
openloop_oscillating   [  60% ] 007/788 VUs  07m10.3s/12m0s  010.00 iters/s

running (07m11.3s), 006/788 VUs, 21406 complete and 0 interrupted iterations
openloop_oscillating   [  60% ] 006/788 VUs  07m11.3s/12m0s  010.00 iters/s

running (07m12.3s), 007/788 VUs, 21416 complete and 0 interrupted iterations
openloop_oscillating   [  60% ] 007/788 VUs  07m12.3s/12m0s  010.00 iters/s

running (07m13.3s), 006/788 VUs, 21426 complete and 0 interrupted iterations
openloop_oscillating   [  60% ] 006/788 VUs  07m13.3s/12m0s  010.00 iters/s

running (07m14.3s), 007/788 VUs, 21435 complete and 0 interrupted iterations
openloop_oscillating   [  60% ] 007/788 VUs  07m14.3s/12m0s  010.00 iters/s

running (07m15.3s), 008/788 VUs, 21444 complete and 0 interrupted iterations
openloop_oscillating   [  60% ] 008/788 VUs  07m15.3s/12m0s  010.00 iters/s

running (07m16.3s), 008/788 VUs, 21455 complete and 0 interrupted iterations
openloop_oscillating   [  61% ] 008/788 VUs  07m16.3s/12m0s  010.00 iters/s

running (07m17.3s), 008/788 VUs, 21465 complete and 0 interrupted iterations
openloop_oscillating   [  61% ] 008/788 VUs  07m17.3s/12m0s  010.00 iters/s

running (07m18.3s), 006/788 VUs, 21476 complete and 0 interrupted iterations
openloop_oscillating   [  61% ] 006/788 VUs  07m18.3s/12m0s  010.00 iters/s

running (07m19.3s), 007/788 VUs, 21485 complete and 0 interrupted iterations
openloop_oscillating   [  61% ] 007/788 VUs  07m19.3s/12m0s  010.00 iters/s

running (07m20.3s), 008/788 VUs, 21495 complete and 0 interrupted iterations
openloop_oscillating   [  61% ] 008/788 VUs  07m20.3s/12m0s  010.00 iters/s

running (07m21.3s), 006/788 VUs, 21506 complete and 0 interrupted iterations
openloop_oscillating   [  61% ] 006/788 VUs  07m21.3s/12m0s  010.00 iters/s

running (07m22.3s), 008/788 VUs, 21515 complete and 0 interrupted iterations
openloop_oscillating   [  61% ] 008/788 VUs  07m22.3s/12m0s  010.00 iters/s

running (07m23.3s), 008/788 VUs, 21525 complete and 0 interrupted iterations
openloop_oscillating   [  62% ] 008/788 VUs  07m23.3s/12m0s  010.00 iters/s

running (07m24.3s), 008/788 VUs, 21534 complete and 0 interrupted iterations
openloop_oscillating   [  62% ] 008/788 VUs  07m24.3s/12m0s  010.00 iters/s

running (07m25.3s), 006/788 VUs, 21546 complete and 0 interrupted iterations
openloop_oscillating   [  62% ] 006/788 VUs  07m25.3s/12m0s  010.00 iters/s

running (07m26.3s), 007/788 VUs, 21555 complete and 0 interrupted iterations
openloop_oscillating   [  62% ] 007/788 VUs  07m26.3s/12m0s  010.00 iters/s

running (07m27.3s), 007/788 VUs, 21566 complete and 0 interrupted iterations
openloop_oscillating   [  62% ] 007/788 VUs  07m27.3s/12m0s  010.00 iters/s

running (07m28.3s), 007/788 VUs, 21575 complete and 0 interrupted iterations
openloop_oscillating   [  62% ] 007/788 VUs  07m28.3s/12m0s  010.00 iters/s

running (07m29.3s), 007/788 VUs, 21585 complete and 0 interrupted iterations
openloop_oscillating   [  62% ] 007/788 VUs  07m29.3s/12m0s  010.00 iters/s

running (07m30.3s), 007/788 VUs, 21595 complete and 0 interrupted iterations
openloop_oscillating   [  63% ] 007/788 VUs  07m30.3s/12m0s  010.00 iters/s

running (07m31.3s), 005/788 VUs, 21607 complete and 0 interrupted iterations
openloop_oscillating   [  63% ] 005/788 VUs  07m31.3s/12m0s  010.00 iters/s

running (07m32.3s), 005/788 VUs, 21617 complete and 0 interrupted iterations
openloop_oscillating   [  63% ] 005/788 VUs  07m32.3s/12m0s  010.00 iters/s

running (07m33.3s), 007/788 VUs, 21625 complete and 0 interrupted iterations
openloop_oscillating   [  63% ] 007/788 VUs  07m33.3s/12m0s  010.00 iters/s

running (07m34.3s), 007/788 VUs, 21636 complete and 0 interrupted iterations
openloop_oscillating   [  63% ] 007/788 VUs  07m34.3s/12m0s  010.00 iters/s

running (07m35.3s), 007/788 VUs, 21645 complete and 0 interrupted iterations
openloop_oscillating   [  63% ] 007/788 VUs  07m35.3s/12m0s  010.00 iters/s

running (07m36.3s), 007/788 VUs, 21656 complete and 0 interrupted iterations
openloop_oscillating   [  63% ] 007/788 VUs  07m36.3s/12m0s  010.00 iters/s

running (07m37.3s), 007/788 VUs, 21665 complete and 0 interrupted iterations
openloop_oscillating   [  64% ] 007/788 VUs  07m37.3s/12m0s  010.00 iters/s

running (07m38.3s), 006/788 VUs, 21676 complete and 0 interrupted iterations
openloop_oscillating   [  64% ] 007/788 VUs  07m38.3s/12m0s  010.00 iters/s

running (07m39.3s), 007/788 VUs, 21685 complete and 0 interrupted iterations
openloop_oscillating   [  64% ] 007/788 VUs  07m39.3s/12m0s  010.00 iters/s

running (07m40.3s), 007/788 VUs, 21695 complete and 0 interrupted iterations
openloop_oscillating   [  64% ] 007/788 VUs  07m40.3s/12m0s  010.00 iters/s

running (07m41.3s), 006/788 VUs, 21706 complete and 0 interrupted iterations
openloop_oscillating   [  64% ] 007/788 VUs  07m41.3s/12m0s  010.00 iters/s

running (07m42.3s), 006/788 VUs, 21717 complete and 0 interrupted iterations
openloop_oscillating   [  64% ] 006/788 VUs  07m42.3s/12m0s  010.00 iters/s

running (07m43.3s), 007/788 VUs, 21725 complete and 0 interrupted iterations
openloop_oscillating   [  64% ] 007/788 VUs  07m43.3s/12m0s  010.00 iters/s

running (07m44.3s), 008/788 VUs, 21735 complete and 0 interrupted iterations
openloop_oscillating   [  64% ] 008/788 VUs  07m44.3s/12m0s  010.00 iters/s

running (07m45.3s), 006/788 VUs, 21746 complete and 0 interrupted iterations
openloop_oscillating   [  65% ] 006/788 VUs  07m45.3s/12m0s  010.00 iters/s

running (07m46.3s), 005/788 VUs, 21757 complete and 0 interrupted iterations
openloop_oscillating   [  65% ] 005/788 VUs  07m46.3s/12m0s  010.00 iters/s

running (07m47.3s), 009/788 VUs, 21764 complete and 0 interrupted iterations
openloop_oscillating   [  65% ] 009/788 VUs  07m47.3s/12m0s  010.00 iters/s

running (07m48.3s), 006/788 VUs, 21776 complete and 0 interrupted iterations
openloop_oscillating   [  65% ] 006/788 VUs  07m48.3s/12m0s  010.00 iters/s

running (07m49.3s), 008/788 VUs, 21785 complete and 0 interrupted iterations
openloop_oscillating   [  65% ] 008/788 VUs  07m49.3s/12m0s  010.00 iters/s

running (07m50.3s), 007/788 VUs, 21795 complete and 0 interrupted iterations
openloop_oscillating   [  65% ] 007/788 VUs  07m50.3s/12m0s  010.00 iters/s

running (07m51.3s), 008/788 VUs, 21805 complete and 0 interrupted iterations
openloop_oscillating   [  65% ] 008/788 VUs  07m51.3s/12m0s  010.00 iters/s

running (07m52.3s), 007/788 VUs, 21815 complete and 0 interrupted iterations
openloop_oscillating   [  66% ] 007/788 VUs  07m52.3s/12m0s  010.00 iters/s

running (07m53.3s), 006/788 VUs, 21826 complete and 0 interrupted iterations
openloop_oscillating   [  66% ] 006/788 VUs  07m53.3s/12m0s  010.00 iters/s

running (07m54.3s), 007/788 VUs, 21835 complete and 0 interrupted iterations
openloop_oscillating   [  66% ] 007/788 VUs  07m54.3s/12m0s  010.00 iters/s

running (07m55.3s), 007/788 VUs, 21846 complete and 0 interrupted iterations
openloop_oscillating   [  66% ] 007/788 VUs  07m55.3s/12m0s  010.00 iters/s

running (07m56.3s), 007/788 VUs, 21855 complete and 0 interrupted iterations
openloop_oscillating   [  66% ] 007/788 VUs  07m56.3s/12m0s  010.00 iters/s

running (07m57.3s), 006/788 VUs, 21866 complete and 0 interrupted iterations
openloop_oscillating   [  66% ] 007/788 VUs  07m57.3s/12m0s  010.00 iters/s

running (07m58.3s), 006/788 VUs, 21876 complete and 0 interrupted iterations
openloop_oscillating   [  66% ] 006/788 VUs  07m58.3s/12m0s  010.00 iters/s

running (07m59.3s), 006/788 VUs, 21886 complete and 0 interrupted iterations
openloop_oscillating   [  67% ] 006/788 VUs  07m59.3s/12m0s  010.00 iters/s

running (08m00.3s), 009/788 VUs, 21894 complete and 0 interrupted iterations
openloop_oscillating   [  67% ] 009/788 VUs  08m00.3s/12m0s  012.90 iters/s

running (08m01.3s), 014/788 VUs, 21907 complete and 0 interrupted iterations
openloop_oscillating   [  67% ] 014/788 VUs  08m01.3s/12m0s  022.55 iters/s

running (08m02.3s), 022/788 VUs, 21926 complete and 0 interrupted iterations
openloop_oscillating   [  67% ] 022/788 VUs  08m02.3s/12m0s  031.96 iters/s

running (08m03.3s), 027/788 VUs, 21957 complete and 0 interrupted iterations
openloop_oscillating   [  67% ] 027/788 VUs  08m03.3s/12m0s  041.30 iters/s

running (08m04.3s), 035/788 VUs, 21995 complete and 0 interrupted iterations
openloop_oscillating   [  67% ] 035/788 VUs  08m04.3s/12m0s  050.79 iters/s

running (08m05.3s), 045/788 VUs, 22041 complete and 0 interrupted iterations
openloop_oscillating   [  67% ] 045/788 VUs  08m05.3s/12m0s  060.36 iters/s

running (08m06.3s), 048/788 VUs, 22103 complete and 0 interrupted iterations
openloop_oscillating   [  68% ] 048/788 VUs  08m06.3s/12m0s  069.85 iters/s

running (08m07.3s), 053/788 VUs, 22173 complete and 0 interrupted iterations
openloop_oscillating   [  68% ] 053/788 VUs  08m07.3s/12m0s  079.39 iters/s

running (08m08.3s), 049/788 VUs, 22261 complete and 0 interrupted iterations
openloop_oscillating   [  68% ] 049/788 VUs  08m08.3s/12m0s  088.88 iters/s

running (08m09.3s), 054/788 VUs, 22349 complete and 0 interrupted iterations
openloop_oscillating   [  68% ] 054/788 VUs  08m09.3s/12m0s  098.32 iters/s

running (08m10.3s), 055/788 VUs, 22451 complete and 0 interrupted iterations
openloop_oscillating   [  68% ] 055/788 VUs  08m10.3s/12m0s  105.00 iters/s

running (08m11.3s), 054/788 VUs, 22557 complete and 0 interrupted iterations
openloop_oscillating   [  68% ] 054/788 VUs  08m11.3s/12m0s  105.00 iters/s

running (08m12.3s), 051/788 VUs, 22665 complete and 0 interrupted iterations
openloop_oscillating   [  68% ] 051/788 VUs  08m12.3s/12m0s  105.00 iters/s

running (08m13.3s), 056/788 VUs, 22765 complete and 0 interrupted iterations
openloop_oscillating   [  69% ] 056/788 VUs  08m13.3s/12m0s  105.00 iters/s

running (08m14.3s), 053/788 VUs, 22873 complete and 0 interrupted iterations
openloop_oscillating   [  69% ] 053/788 VUs  08m14.3s/12m0s  105.00 iters/s

running (08m15.3s), 053/788 VUs, 22978 complete and 0 interrupted iterations
openloop_oscillating   [  69% ] 053/788 VUs  08m15.3s/12m0s  105.00 iters/s

running (08m16.3s), 054/788 VUs, 23082 complete and 0 interrupted iterations
openloop_oscillating   [  69% ] 054/788 VUs  08m16.3s/12m0s  105.00 iters/s

running (08m17.3s), 052/788 VUs, 23189 complete and 0 interrupted iterations
openloop_oscillating   [  69% ] 052/788 VUs  08m17.3s/12m0s  105.00 iters/s

running (08m18.3s), 050/788 VUs, 23296 complete and 0 interrupted iterations
openloop_oscillating   [  69% ] 050/788 VUs  08m18.3s/12m0s  105.00 iters/s

running (08m19.3s), 055/788 VUs, 23396 complete and 0 interrupted iterations
openloop_oscillating   [  69% ] 055/788 VUs  08m19.3s/12m0s  105.00 iters/s

running (08m20.3s), 046/788 VUs, 23510 complete and 0 interrupted iterations
openloop_oscillating   [  69% ] 046/788 VUs  08m20.3s/12m0s  105.00 iters/s

running (08m21.3s), 052/788 VUs, 23609 complete and 0 interrupted iterations
openloop_oscillating   [  70% ] 052/788 VUs  08m21.3s/12m0s  105.00 iters/s

running (08m22.3s), 052/788 VUs, 23714 complete and 0 interrupted iterations
openloop_oscillating   [  70% ] 052/788 VUs  08m22.3s/12m0s  105.00 iters/s

running (08m23.3s), 054/788 VUs, 23817 complete and 0 interrupted iterations
openloop_oscillating   [  70% ] 054/788 VUs  08m23.3s/12m0s  105.00 iters/s

running (08m24.3s), 056/788 VUs, 23920 complete and 0 interrupted iterations
openloop_oscillating   [  70% ] 056/788 VUs  08m24.3s/12m0s  105.00 iters/s

running (08m25.3s), 052/788 VUs, 24029 complete and 0 interrupted iterations
openloop_oscillating   [  70% ] 052/788 VUs  08m25.3s/12m0s  105.00 iters/s

running (08m26.3s), 057/788 VUs, 24129 complete and 0 interrupted iterations
openloop_oscillating   [  70% ] 057/788 VUs  08m26.3s/12m0s  105.00 iters/s

running (08m27.3s), 055/788 VUs, 24236 complete and 0 interrupted iterations
openloop_oscillating   [  70% ] 055/788 VUs  08m27.3s/12m0s  105.00 iters/s

running (08m28.3s), 051/788 VUs, 24345 complete and 0 interrupted iterations
openloop_oscillating   [  71% ] 051/788 VUs  08m28.3s/12m0s  105.00 iters/s

running (08m29.3s), 052/788 VUs, 24449 complete and 0 interrupted iterations
openloop_oscillating   [  71% ] 052/788 VUs  08m29.3s/12m0s  105.00 iters/s

running (08m30.3s), 050/788 VUs, 24556 complete and 0 interrupted iterations
openloop_oscillating   [  71% ] 050/788 VUs  08m30.3s/12m0s  105.00 iters/s

running (08m31.3s), 054/788 VUs, 24657 complete and 0 interrupted iterations
openloop_oscillating   [  71% ] 054/788 VUs  08m31.3s/12m0s  105.00 iters/s

running (08m32.3s), 051/788 VUs, 24765 complete and 0 interrupted iterations
openloop_oscillating   [  71% ] 051/788 VUs  08m32.3s/12m0s  105.00 iters/s

running (08m33.3s), 055/788 VUs, 24866 complete and 0 interrupted iterations
openloop_oscillating   [  71% ] 055/788 VUs  08m33.3s/12m0s  105.00 iters/s

running (08m34.3s), 054/788 VUs, 24972 complete and 0 interrupted iterations
openloop_oscillating   [  71% ] 054/788 VUs  08m34.3s/12m0s  105.00 iters/s

running (08m35.3s), 055/788 VUs, 25076 complete and 0 interrupted iterations
openloop_oscillating   [  72% ] 055/788 VUs  08m35.3s/12m0s  105.00 iters/s

running (08m36.3s), 053/788 VUs, 25183 complete and 0 interrupted iterations
openloop_oscillating   [  72% ] 053/788 VUs  08m36.3s/12m0s  105.00 iters/s

running (08m37.3s), 054/788 VUs, 25287 complete and 0 interrupted iterations
openloop_oscillating   [  72% ] 054/788 VUs  08m37.3s/12m0s  105.00 iters/s

running (08m38.3s), 052/788 VUs, 25394 complete and 0 interrupted iterations
openloop_oscillating   [  72% ] 052/788 VUs  08m38.3s/12m0s  105.00 iters/s

running (08m39.3s), 053/788 VUs, 25498 complete and 0 interrupted iterations
openloop_oscillating   [  72% ] 053/788 VUs  08m39.3s/12m0s  105.00 iters/s

running (08m40.3s), 050/788 VUs, 25606 complete and 0 interrupted iterations
openloop_oscillating   [  72% ] 050/788 VUs  08m40.3s/12m0s  105.00 iters/s

running (08m41.3s), 052/788 VUs, 25709 complete and 0 interrupted iterations
openloop_oscillating   [  72% ] 052/788 VUs  08m41.3s/12m0s  105.00 iters/s

running (08m42.3s), 051/788 VUs, 25815 complete and 0 interrupted iterations
openloop_oscillating   [  73% ] 051/788 VUs  08m42.3s/12m0s  105.00 iters/s

running (08m43.3s), 054/788 VUs, 25917 complete and 0 interrupted iterations
openloop_oscillating   [  73% ] 054/788 VUs  08m43.3s/12m0s  105.00 iters/s

running (08m44.3s), 054/788 VUs, 26022 complete and 0 interrupted iterations
openloop_oscillating   [  73% ] 054/788 VUs  08m44.3s/12m0s  105.00 iters/s

running (08m45.3s), 052/788 VUs, 26129 complete and 0 interrupted iterations
openloop_oscillating   [  73% ] 052/788 VUs  08m45.3s/12m0s  105.00 iters/s

running (08m46.3s), 053/788 VUs, 26233 complete and 0 interrupted iterations
openloop_oscillating   [  73% ] 053/788 VUs  08m46.3s/12m0s  105.00 iters/s

running (08m47.3s), 083/788 VUs, 26308 complete and 0 interrupted iterations
openloop_oscillating   [  73% ] 083/788 VUs  08m47.3s/12m0s  105.00 iters/s

running (08m48.3s), 080/788 VUs, 26416 complete and 0 interrupted iterations
openloop_oscillating   [  73% ] 080/788 VUs  08m48.3s/12m0s  105.00 iters/s

running (08m49.3s), 079/788 VUs, 26522 complete and 0 interrupted iterations
openloop_oscillating   [  74% ] 079/788 VUs  08m49.3s/12m0s  105.00 iters/s

running (08m50.3s), 082/788 VUs, 26624 complete and 0 interrupted iterations
openloop_oscillating   [  74% ] 082/788 VUs  08m50.3s/12m0s  105.00 iters/s

running (08m51.3s), 084/788 VUs, 26727 complete and 0 interrupted iterations
openloop_oscillating   [  74% ] 084/788 VUs  08m51.3s/12m0s  105.00 iters/s

running (08m52.3s), 083/788 VUs, 26833 complete and 0 interrupted iterations
openloop_oscillating   [  74% ] 083/788 VUs  08m52.3s/12m0s  105.00 iters/s

running (08m53.3s), 085/788 VUs, 26936 complete and 0 interrupted iterations
openloop_oscillating   [  74% ] 085/788 VUs  08m53.3s/12m0s  105.00 iters/s

running (08m54.3s), 088/788 VUs, 27038 complete and 0 interrupted iterations
openloop_oscillating   [  74% ] 088/788 VUs  08m54.3s/12m0s  105.00 iters/s

running (08m55.3s), 082/788 VUs, 27149 complete and 0 interrupted iterations
openloop_oscillating   [  74% ] 082/788 VUs  08m55.3s/12m0s  105.00 iters/s

running (08m56.3s), 084/788 VUs, 27252 complete and 0 interrupted iterations
openloop_oscillating   [  74% ] 084/788 VUs  08m56.3s/12m0s  105.00 iters/s

running (08m57.3s), 083/788 VUs, 27358 complete and 0 interrupted iterations
openloop_oscillating   [  75% ] 083/788 VUs  08m57.3s/12m0s  105.00 iters/s

running (08m58.3s), 074/788 VUs, 27472 complete and 0 interrupted iterations
openloop_oscillating   [  75% ] 074/788 VUs  08m58.3s/12m0s  105.00 iters/s

running (08m59.3s), 080/788 VUs, 27571 complete and 0 interrupted iterations
openloop_oscillating   [  75% ] 080/788 VUs  08m59.3s/12m0s  105.00 iters/s

running (09m00.3s), 087/788 VUs, 27669 complete and 0 interrupted iterations
openloop_oscillating   [  75% ] 087/788 VUs  09m00.3s/12m0s  104.82 iters/s

running (09m01.3s), 088/788 VUs, 27772 complete and 0 interrupted iterations
openloop_oscillating   [  75% ] 088/788 VUs  09m01.3s/12m0s  104.24 iters/s

running (09m02.3s), 091/788 VUs, 27873 complete and 0 interrupted iterations
openloop_oscillating   [  75% ] 091/788 VUs  09m02.3s/12m0s  103.66 iters/s

running (09m03.3s), 083/788 VUs, 27985 complete and 0 interrupted iterations
openloop_oscillating   [  75% ] 083/788 VUs  09m03.3s/12m0s  103.07 iters/s

running (09m04.3s), 089/788 VUs, 28081 complete and 0 interrupted iterations
openloop_oscillating   [  76% ] 089/788 VUs  09m04.3s/12m0s  102.50 iters/s

running (09m05.3s), 084/788 VUs, 28189 complete and 0 interrupted iterations
openloop_oscillating   [  76% ] 084/788 VUs  09m05.3s/12m0s  101.91 iters/s

running (09m06.3s), 072/788 VUs, 28302 complete and 0 interrupted iterations
openloop_oscillating   [  76% ] 072/788 VUs  09m06.3s/12m0s  101.33 iters/s

running (09m07.3s), 070/788 VUs, 28405 complete and 0 interrupted iterations
openloop_oscillating   [  76% ] 070/788 VUs  09m07.3s/12m0s  100.74 iters/s

running (09m08.3s), 068/788 VUs, 28508 complete and 0 interrupted iterations
openloop_oscillating   [  76% ] 068/788 VUs  09m08.3s/12m0s  100.16 iters/s

running (09m09.3s), 073/788 VUs, 28603 complete and 0 interrupted iterations
openloop_oscillating   [  76% ] 073/788 VUs  09m09.3s/12m0s  099.57 iters/s

running (09m10.3s), 073/788 VUs, 28702 complete and 0 interrupted iterations
openloop_oscillating   [  76% ] 073/788 VUs  09m10.3s/12m0s  098.99 iters/s

running (09m11.3s), 076/788 VUs, 28798 complete and 0 interrupted iterations
openloop_oscillating   [  77% ] 076/788 VUs  09m11.3s/12m0s  098.41 iters/s

running (09m12.3s), 074/788 VUs, 28898 complete and 0 interrupted iterations
openloop_oscillating   [  77% ] 074/788 VUs  09m12.3s/12m0s  097.82 iters/s

running (09m13.3s), 066/788 VUs, 29003 complete and 0 interrupted iterations
openloop_oscillating   [  77% ] 066/788 VUs  09m13.3s/12m0s  097.24 iters/s

running (09m14.3s), 072/788 VUs, 29094 complete and 0 interrupted iterations
openloop_oscillating   [  77% ] 072/788 VUs  09m14.3s/12m0s  096.66 iters/s

running (09m15.3s), 074/788 VUs, 29189 complete and 0 interrupted iterations
openloop_oscillating   [  77% ] 074/788 VUs  09m15.3s/12m0s  096.07 iters/s

running (09m16.3s), 078/788 VUs, 29280 complete and 0 interrupted iterations
openloop_oscillating   [  77% ] 078/788 VUs  09m16.3s/12m0s  095.49 iters/s

running (09m17.3s), 073/788 VUs, 29381 complete and 0 interrupted iterations
openloop_oscillating   [  77% ] 073/788 VUs  09m17.3s/12m0s  094.91 iters/s

running (09m18.3s), 068/788 VUs, 29480 complete and 0 interrupted iterations
openloop_oscillating   [  78% ] 068/788 VUs  09m18.3s/12m0s  094.33 iters/s

running (09m19.3s), 068/788 VUs, 29574 complete and 0 interrupted iterations
openloop_oscillating   [  78% ] 068/788 VUs  09m19.3s/12m0s  093.74 iters/s

running (09m20.3s), 067/788 VUs, 29669 complete and 0 interrupted iterations
openloop_oscillating   [  78% ] 067/788 VUs  09m20.3s/12m0s  093.16 iters/s

running (09m21.3s), 065/788 VUs, 29764 complete and 0 interrupted iterations
openloop_oscillating   [  78% ] 065/788 VUs  09m21.3s/12m0s  092.57 iters/s

running (09m22.3s), 059/788 VUs, 29862 complete and 0 interrupted iterations
openloop_oscillating   [  78% ] 059/788 VUs  09m22.3s/12m0s  091.99 iters/s

running (09m23.3s), 071/788 VUs, 29942 complete and 0 interrupted iterations
openloop_oscillating   [  78% ] 071/788 VUs  09m23.3s/12m0s  091.41 iters/s

running (09m24.3s), 068/788 VUs, 30036 complete and 0 interrupted iterations
openloop_oscillating   [  78% ] 068/788 VUs  09m24.3s/12m0s  090.82 iters/s

running (09m25.3s), 066/788 VUs, 30128 complete and 0 interrupted iterations
openloop_oscillating   [  79% ] 066/788 VUs  09m25.3s/12m0s  090.24 iters/s

running (09m26.3s), 068/788 VUs, 30216 complete and 0 interrupted iterations
openloop_oscillating   [  79% ] 068/788 VUs  09m26.3s/12m0s  089.66 iters/s

running (09m27.3s), 064/788 VUs, 30310 complete and 0 interrupted iterations
openloop_oscillating   [  79% ] 064/788 VUs  09m27.3s/12m0s  089.07 iters/s

running (09m28.3s), 067/788 VUs, 30395 complete and 0 interrupted iterations
openloop_oscillating   [  79% ] 067/788 VUs  09m28.3s/12m0s  088.49 iters/s

running (09m29.3s), 063/788 VUs, 30488 complete and 0 interrupted iterations
openloop_oscillating   [  79% ] 063/788 VUs  09m29.3s/12m0s  087.91 iters/s

running (09m30.3s), 060/788 VUs, 30578 complete and 0 interrupted iterations
openloop_oscillating   [  79% ] 060/788 VUs  09m30.3s/12m0s  087.33 iters/s

running (09m31.3s), 059/788 VUs, 30666 complete and 0 interrupted iterations
openloop_oscillating   [  79% ] 059/788 VUs  09m31.3s/12m0s  086.74 iters/s

running (09m32.3s), 056/788 VUs, 30756 complete and 0 interrupted iterations
openloop_oscillating   [  79% ] 056/788 VUs  09m32.3s/12m0s  086.16 iters/s

running (09m33.3s), 063/788 VUs, 30834 complete and 0 interrupted iterations
openloop_oscillating   [  80% ] 063/788 VUs  09m33.3s/12m0s  085.58 iters/s

running (09m34.3s), 064/788 VUs, 30919 complete and 0 interrupted iterations
openloop_oscillating   [  80% ] 064/788 VUs  09m34.3s/12m0s  084.99 iters/s

running (09m35.3s), 061/788 VUs, 31007 complete and 0 interrupted iterations
openloop_oscillating   [  80% ] 061/788 VUs  09m35.3s/12m0s  084.41 iters/s

running (09m36.3s), 060/788 VUs, 31092 complete and 0 interrupted iterations
openloop_oscillating   [  80% ] 060/788 VUs  09m36.3s/12m0s  083.82 iters/s

running (09m37.3s), 059/788 VUs, 31176 complete and 0 interrupted iterations
openloop_oscillating   [  80% ] 059/788 VUs  09m37.3s/12m0s  083.24 iters/s

running (09m38.3s), 061/788 VUs, 31257 complete and 0 interrupted iterations
openloop_oscillating   [  80% ] 061/788 VUs  09m38.3s/12m0s  082.66 iters/s

running (09m39.3s), 060/788 VUs, 31340 complete and 0 interrupted iterations
openloop_oscillating   [  80% ] 061/788 VUs  09m39.3s/12m0s  082.07 iters/s

running (09m40.3s), 058/788 VUs, 31424 complete and 0 interrupted iterations
openloop_oscillating   [  81% ] 058/788 VUs  09m40.3s/12m0s  081.49 iters/s

running (09m41.3s), 060/788 VUs, 31504 complete and 0 interrupted iterations
openloop_oscillating   [  81% ] 060/788 VUs  09m41.3s/12m0s  080.90 iters/s

running (09m42.3s), 055/788 VUs, 31589 complete and 0 interrupted iterations
openloop_oscillating   [  81% ] 055/788 VUs  09m42.3s/12m0s  080.33 iters/s

running (09m43.3s), 055/788 VUs, 31669 complete and 0 interrupted iterations
openloop_oscillating   [  81% ] 055/788 VUs  09m43.3s/12m0s  079.74 iters/s

running (09m44.3s), 055/788 VUs, 31749 complete and 0 interrupted iterations
openloop_oscillating   [  81% ] 055/788 VUs  09m44.3s/12m0s  079.16 iters/s

running (09m45.3s), 053/788 VUs, 31829 complete and 0 interrupted iterations
openloop_oscillating   [  81% ] 053/788 VUs  09m45.3s/12m0s  078.58 iters/s

running (09m46.3s), 055/788 VUs, 31906 complete and 0 interrupted iterations
openloop_oscillating   [  81% ] 055/788 VUs  09m46.3s/12m0s  077.99 iters/s

running (09m47.3s), 057/788 VUs, 31981 complete and 0 interrupted iterations
openloop_oscillating   [  82% ] 057/788 VUs  09m47.3s/12m0s  077.41 iters/s

running (09m48.3s), 058/788 VUs, 32057 complete and 0 interrupted iterations
openloop_oscillating   [  82% ] 058/788 VUs  09m48.3s/12m0s  076.83 iters/s

running (09m49.3s), 060/788 VUs, 32132 complete and 0 interrupted iterations
openloop_oscillating   [  82% ] 060/788 VUs  09m49.3s/12m0s  076.24 iters/s

running (09m50.3s), 051/788 VUs, 32217 complete and 0 interrupted iterations
openloop_oscillating   [  82% ] 051/788 VUs  09m50.3s/12m0s  075.66 iters/s

running (09m51.3s), 055/788 VUs, 32288 complete and 0 interrupted iterations
openloop_oscillating   [  82% ] 055/788 VUs  09m51.3s/12m0s  075.08 iters/s

running (09m52.3s), 049/788 VUs, 32369 complete and 0 interrupted iterations
openloop_oscillating   [  82% ] 049/788 VUs  09m52.3s/12m0s  074.49 iters/s

running (09m53.3s), 053/788 VUs, 32439 complete and 0 interrupted iterations
openloop_oscillating   [  82% ] 053/788 VUs  09m53.3s/12m0s  073.91 iters/s

running (09m54.3s), 054/788 VUs, 32512 complete and 0 interrupted iterations
openloop_oscillating   [  83% ] 054/788 VUs  09m54.3s/12m0s  073.33 iters/s

running (09m55.3s), 052/788 VUs, 32587 complete and 0 interrupted iterations
openloop_oscillating   [  83% ] 052/788 VUs  09m55.3s/12m0s  072.74 iters/s

running (09m56.3s), 049/788 VUs, 32662 complete and 0 interrupted iterations
openloop_oscillating   [  83% ] 049/788 VUs  09m56.3s/12m0s  072.15 iters/s

running (09m57.3s), 052/788 VUs, 32731 complete and 0 interrupted iterations
openloop_oscillating   [  83% ] 052/788 VUs  09m57.3s/12m0s  071.58 iters/s

running (09m58.3s), 051/788 VUs, 32804 complete and 0 interrupted iterations
openloop_oscillating   [  83% ] 051/788 VUs  09m58.3s/12m0s  070.99 iters/s

running (09m59.3s), 053/788 VUs, 32872 complete and 0 interrupted iterations
openloop_oscillating   [  83% ] 053/788 VUs  09m59.3s/12m0s  070.41 iters/s

running (10m00.3s), 049/788 VUs, 32946 complete and 0 interrupted iterations
openloop_oscillating   [  83% ] 049/788 VUs  10m00.3s/12m0s  069.83 iters/s

running (10m01.3s), 048/788 VUs, 33017 complete and 0 interrupted iterations
openloop_oscillating   [  84% ] 048/788 VUs  10m01.3s/12m0s  069.24 iters/s

running (10m02.3s), 050/788 VUs, 33084 complete and 0 interrupted iterations
openloop_oscillating   [  84% ] 050/788 VUs  10m02.3s/12m0s  068.66 iters/s

running (10m03.3s), 046/788 VUs, 33156 complete and 0 interrupted iterations
openloop_oscillating   [  84% ] 046/788 VUs  10m03.3s/12m0s  068.08 iters/s

running (10m04.3s), 048/788 VUs, 33222 complete and 0 interrupted iterations
openloop_oscillating   [  84% ] 048/788 VUs  10m04.3s/12m0s  067.49 iters/s

running (10m05.3s), 047/788 VUs, 33290 complete and 0 interrupted iterations
openloop_oscillating   [  84% ] 047/788 VUs  10m05.3s/12m0s  066.91 iters/s

running (10m06.3s), 050/788 VUs, 33354 complete and 0 interrupted iterations
openloop_oscillating   [  84% ] 050/788 VUs  10m06.3s/12m0s  066.32 iters/s

running (10m07.3s), 045/788 VUs, 33425 complete and 0 interrupted iterations
openloop_oscillating   [  84% ] 045/788 VUs  10m07.3s/12m0s  065.74 iters/s

running (10m08.3s), 046/788 VUs, 33489 complete and 0 interrupted iterations
openloop_oscillating   [  84% ] 046/788 VUs  10m08.3s/12m0s  065.16 iters/s

running (10m09.3s), 043/788 VUs, 33557 complete and 0 interrupted iterations
openloop_oscillating   [  85% ] 043/788 VUs  10m09.3s/12m0s  064.58 iters/s

running (10m10.3s), 046/788 VUs, 33619 complete and 0 interrupted iterations
openloop_oscillating   [  85% ] 046/788 VUs  10m10.3s/12m0s  063.99 iters/s

running (10m11.3s), 046/788 VUs, 33682 complete and 0 interrupted iterations
openloop_oscillating   [  85% ] 046/788 VUs  10m11.3s/12m0s  063.41 iters/s

running (10m12.3s), 046/788 VUs, 33745 complete and 0 interrupted iterations
openloop_oscillating   [  85% ] 046/788 VUs  10m12.3s/12m0s  062.83 iters/s

running (10m13.3s), 044/788 VUs, 33810 complete and 0 interrupted iterations
openloop_oscillating   [  85% ] 044/788 VUs  10m13.3s/12m0s  062.24 iters/s

running (10m14.3s), 044/788 VUs, 33872 complete and 0 interrupted iterations
openloop_oscillating   [  85% ] 044/788 VUs  10m14.3s/12m0s  061.66 iters/s

running (10m15.3s), 044/788 VUs, 33933 complete and 0 interrupted iterations
openloop_oscillating   [  85% ] 044/788 VUs  10m15.3s/12m0s  061.08 iters/s

running (10m16.3s), 043/788 VUs, 33995 complete and 0 interrupted iterations
openloop_oscillating   [  86% ] 043/788 VUs  10m16.3s/12m0s  060.49 iters/s

running (10m17.3s), 043/788 VUs, 34055 complete and 0 interrupted iterations
openloop_oscillating   [  86% ] 043/788 VUs  10m17.3s/12m0s  059.91 iters/s

running (10m18.3s), 043/788 VUs, 34115 complete and 0 interrupted iterations
openloop_oscillating   [  86% ] 043/788 VUs  10m18.3s/12m0s  059.32 iters/s

running (10m19.3s), 042/788 VUs, 34175 complete and 0 interrupted iterations
openloop_oscillating   [  86% ] 042/788 VUs  10m19.3s/12m0s  058.74 iters/s

running (10m20.3s), 043/788 VUs, 34232 complete and 0 interrupted iterations
openloop_oscillating   [  86% ] 043/788 VUs  10m20.3s/12m0s  058.16 iters/s

running (10m21.3s), 039/788 VUs, 34294 complete and 0 interrupted iterations
openloop_oscillating   [  86% ] 039/788 VUs  10m21.3s/12m0s  057.58 iters/s

running (10m22.3s), 039/788 VUs, 34351 complete and 0 interrupted iterations
openloop_oscillating   [  86% ] 039/788 VUs  10m22.3s/12m0s  057.00 iters/s

running (10m23.3s), 041/788 VUs, 34406 complete and 0 interrupted iterations
openloop_oscillating   [  87% ] 041/788 VUs  10m23.3s/12m0s  056.41 iters/s

running (10m24.3s), 040/788 VUs, 34463 complete and 0 interrupted iterations
openloop_oscillating   [  87% ] 040/788 VUs  10m24.3s/12m0s  055.83 iters/s

running (10m25.3s), 040/788 VUs, 34519 complete and 0 interrupted iterations
openloop_oscillating   [  87% ] 040/788 VUs  10m25.3s/12m0s  055.24 iters/s

running (10m26.3s), 039/788 VUs, 34575 complete and 0 interrupted iterations
openloop_oscillating   [  87% ] 039/788 VUs  10m26.3s/12m0s  054.66 iters/s

running (10m27.3s), 039/788 VUs, 34629 complete and 0 interrupted iterations
openloop_oscillating   [  87% ] 039/788 VUs  10m27.3s/12m0s  054.08 iters/s

running (10m28.3s), 038/788 VUs, 34684 complete and 0 interrupted iterations
openloop_oscillating   [  87% ] 038/788 VUs  10m28.3s/12m0s  053.49 iters/s

running (10m29.3s), 038/788 VUs, 34737 complete and 0 interrupted iterations
openloop_oscillating   [  87% ] 038/788 VUs  10m29.3s/12m0s  052.91 iters/s

running (10m30.3s), 038/788 VUs, 34790 complete and 0 interrupted iterations
openloop_oscillating   [  88% ] 038/788 VUs  10m30.3s/12m0s  052.32 iters/s

running (10m31.3s), 038/788 VUs, 34842 complete and 0 interrupted iterations
openloop_oscillating   [  88% ] 038/788 VUs  10m31.3s/12m0s  051.74 iters/s

running (10m32.3s), 036/788 VUs, 34895 complete and 0 interrupted iterations
openloop_oscillating   [  88% ] 036/788 VUs  10m32.3s/12m0s  051.16 iters/s

running (10m33.3s), 036/788 VUs, 34946 complete and 0 interrupted iterations
openloop_oscillating   [  88% ] 036/788 VUs  10m33.3s/12m0s  050.58 iters/s

running (10m34.3s), 035/788 VUs, 34997 complete and 0 interrupted iterations
openloop_oscillating   [  88% ] 035/788 VUs  10m34.3s/12m0s  050.00 iters/s

running (10m35.3s), 035/788 VUs, 35047 complete and 0 interrupted iterations
openloop_oscillating   [  88% ] 035/788 VUs  10m35.3s/12m0s  049.41 iters/s

running (10m36.3s), 034/788 VUs, 35097 complete and 0 interrupted iterations
openloop_oscillating   [  88% ] 034/788 VUs  10m36.3s/12m0s  048.83 iters/s

running (10m37.3s), 035/788 VUs, 35145 complete and 0 interrupted iterations
openloop_oscillating   [  89% ] 035/788 VUs  10m37.3s/12m0s  048.24 iters/s

running (10m38.3s), 035/788 VUs, 35193 complete and 0 interrupted iterations
openloop_oscillating   [  89% ] 035/788 VUs  10m38.3s/12m0s  047.65 iters/s

running (10m39.3s), 031/788 VUs, 35244 complete and 0 interrupted iterations
openloop_oscillating   [  89% ] 031/788 VUs  10m39.3s/12m0s  047.08 iters/s

running (10m40.3s), 035/788 VUs, 35287 complete and 0 interrupted iterations
openloop_oscillating   [  89% ] 035/788 VUs  10m40.3s/12m0s  046.49 iters/s

running (10m41.3s), 033/788 VUs, 35335 complete and 0 interrupted iterations
openloop_oscillating   [  89% ] 033/788 VUs  10m41.3s/12m0s  045.91 iters/s

running (10m42.3s), 031/788 VUs, 35383 complete and 0 interrupted iterations
openloop_oscillating   [  89% ] 031/788 VUs  10m42.3s/12m0s  045.32 iters/s

running (10m43.3s), 032/788 VUs, 35427 complete and 0 interrupted iterations
openloop_oscillating   [  89% ] 032/788 VUs  10m43.3s/12m0s  044.74 iters/s

running (10m44.3s), 031/788 VUs, 35472 complete and 0 interrupted iterations
openloop_oscillating   [  89% ] 031/788 VUs  10m44.3s/12m0s  044.16 iters/s

running (10m45.3s), 035/788 VUs, 35512 complete and 0 interrupted iterations
openloop_oscillating   [  90% ] 035/788 VUs  10m45.3s/12m0s  043.57 iters/s

running (10m46.3s), 032/788 VUs, 35558 complete and 0 interrupted iterations
openloop_oscillating   [  90% ] 032/788 VUs  10m46.3s/12m0s  043.00 iters/s

running (10m47.3s), 034/788 VUs, 35599 complete and 0 interrupted iterations
openloop_oscillating   [  90% ] 034/788 VUs  10m47.3s/12m0s  042.41 iters/s

running (10m48.3s), 032/788 VUs, 35643 complete and 0 interrupted iterations
openloop_oscillating   [  90% ] 032/788 VUs  10m48.3s/12m0s  041.83 iters/s

running (10m49.3s), 028/788 VUs, 35689 complete and 0 interrupted iterations
openloop_oscillating   [  90% ] 028/788 VUs  10m49.3s/12m0s  041.24 iters/s

running (10m50.3s), 029/788 VUs, 35729 complete and 0 interrupted iterations
openloop_oscillating   [  90% ] 029/788 VUs  10m50.3s/12m0s  040.65 iters/s

running (10m51.3s), 027/788 VUs, 35771 complete and 0 interrupted iterations
openloop_oscillating   [  90% ] 027/788 VUs  10m51.3s/12m0s  040.07 iters/s

running (10m52.3s), 030/788 VUs, 35808 complete and 0 interrupted iterations
openloop_oscillating   [  91% ] 030/788 VUs  10m52.3s/12m0s  039.49 iters/s

running (10m53.3s), 028/788 VUs, 35849 complete and 0 interrupted iterations
openloop_oscillating   [  91% ] 028/788 VUs  10m53.3s/12m0s  038.91 iters/s

running (10m54.3s), 030/788 VUs, 35886 complete and 0 interrupted iterations
openloop_oscillating   [  91% ] 030/788 VUs  10m54.3s/12m0s  038.32 iters/s

running (10m55.3s), 028/788 VUs, 35926 complete and 0 interrupted iterations
openloop_oscillating   [  91% ] 028/788 VUs  10m55.3s/12m0s  037.73 iters/s

running (10m56.3s), 026/788 VUs, 35965 complete and 0 interrupted iterations
openloop_oscillating   [  91% ] 026/788 VUs  10m56.3s/12m0s  037.16 iters/s

running (10m57.3s), 028/788 VUs, 36000 complete and 0 interrupted iterations
openloop_oscillating   [  91% ] 028/788 VUs  10m57.3s/12m0s  036.57 iters/s

running (10m58.3s), 023/788 VUs, 36041 complete and 0 interrupted iterations
openloop_oscillating   [  91% ] 023/788 VUs  10m58.3s/12m0s  035.99 iters/s

running (10m59.3s), 024/788 VUs, 36076 complete and 0 interrupted iterations
openloop_oscillating   [  92% ] 024/788 VUs  10m59.3s/12m0s  035.41 iters/s

running (11m00.3s), 026/788 VUs, 36109 complete and 0 interrupted iterations
openloop_oscillating   [  92% ] 026/788 VUs  11m00.3s/12m0s  034.82 iters/s

running (11m01.3s), 025/788 VUs, 36144 complete and 0 interrupted iterations
openloop_oscillating   [  92% ] 025/788 VUs  11m01.3s/12m0s  034.25 iters/s

running (11m02.3s), 025/788 VUs, 36178 complete and 0 interrupted iterations
openloop_oscillating   [  92% ] 025/788 VUs  11m02.3s/12m0s  033.67 iters/s

running (11m03.3s), 024/788 VUs, 36213 complete and 0 interrupted iterations
openloop_oscillating   [  92% ] 024/788 VUs  11m03.3s/12m0s  033.07 iters/s

running (11m04.3s), 024/788 VUs, 36246 complete and 0 interrupted iterations
openloop_oscillating   [  92% ] 024/788 VUs  11m04.3s/12m0s  032.48 iters/s

running (11m05.3s), 023/788 VUs, 36279 complete and 0 interrupted iterations
openloop_oscillating   [  92% ] 023/788 VUs  11m05.3s/12m0s  031.90 iters/s

running (11m06.3s), 022/788 VUs, 36311 complete and 0 interrupted iterations
openloop_oscillating   [  93% ] 022/788 VUs  11m06.3s/12m0s  031.33 iters/s

running (11m07.3s), 022/788 VUs, 36342 complete and 0 interrupted iterations
openloop_oscillating   [  93% ] 022/788 VUs  11m07.3s/12m0s  030.75 iters/s

running (11m08.3s), 024/788 VUs, 36371 complete and 0 interrupted iterations
openloop_oscillating   [  93% ] 024/788 VUs  11m08.3s/12m0s  030.16 iters/s

running (11m09.3s), 022/788 VUs, 36403 complete and 0 interrupted iterations
openloop_oscillating   [  93% ] 022/788 VUs  11m09.3s/12m0s  029.57 iters/s

running (11m10.3s), 022/788 VUs, 36432 complete and 0 interrupted iterations
openloop_oscillating   [  93% ] 022/788 VUs  11m10.3s/12m0s  028.99 iters/s

running (11m11.3s), 021/788 VUs, 36462 complete and 0 interrupted iterations
openloop_oscillating   [  93% ] 021/788 VUs  11m11.3s/12m0s  028.40 iters/s

running (11m12.3s), 017/788 VUs, 36494 complete and 0 interrupted iterations
openloop_oscillating   [  93% ] 017/788 VUs  11m12.3s/12m0s  027.82 iters/s

running (11m13.3s), 018/788 VUs, 36520 complete and 0 interrupted iterations
openloop_oscillating   [  94% ] 018/788 VUs  11m13.3s/12m0s  027.25 iters/s

running (11m14.3s), 019/788 VUs, 36546 complete and 0 interrupted iterations
openloop_oscillating   [  94% ] 019/788 VUs  11m14.3s/12m0s  026.67 iters/s

running (11m15.3s), 020/788 VUs, 36572 complete and 0 interrupted iterations
openloop_oscillating   [  94% ] 020/788 VUs  11m15.3s/12m0s  026.07 iters/s

running (11m16.3s), 020/788 VUs, 36598 complete and 0 interrupted iterations
openloop_oscillating   [  94% ] 020/788 VUs  11m16.3s/12m0s  025.48 iters/s

running (11m17.3s), 019/788 VUs, 36624 complete and 0 interrupted iterations
openloop_oscillating   [  94% ] 019/788 VUs  11m17.3s/12m0s  024.90 iters/s

running (11m18.3s), 016/788 VUs, 36651 complete and 0 interrupted iterations
openloop_oscillating   [  94% ] 016/788 VUs  11m18.3s/12m0s  024.33 iters/s

running (11m19.3s), 017/788 VUs, 36674 complete and 0 interrupted iterations
openloop_oscillating   [  94% ] 017/788 VUs  11m19.3s/12m0s  023.75 iters/s

running (11m20.3s), 018/788 VUs, 36697 complete and 0 interrupted iterations
openloop_oscillating   [  94% ] 018/788 VUs  11m20.3s/12m0s  023.15 iters/s

running (11m21.3s), 016/788 VUs, 36722 complete and 0 interrupted iterations
openloop_oscillating   [  95% ] 016/788 VUs  11m21.3s/12m0s  022.57 iters/s

running (11m22.3s), 016/788 VUs, 36744 complete and 0 interrupted iterations
openloop_oscillating   [  95% ] 016/788 VUs  11m22.3s/12m0s  021.99 iters/s

running (11m23.3s), 017/788 VUs, 36765 complete and 0 interrupted iterations
openloop_oscillating   [  95% ] 017/788 VUs  11m23.3s/12m0s  021.40 iters/s

running (11m24.3s), 017/788 VUs, 36786 complete and 0 interrupted iterations
openloop_oscillating   [  95% ] 017/788 VUs  11m24.3s/12m0s  020.82 iters/s

running (11m25.3s), 014/788 VUs, 36809 complete and 0 interrupted iterations
openloop_oscillating   [  95% ] 014/788 VUs  11m25.3s/12m0s  020.25 iters/s

running (11m26.3s), 015/788 VUs, 36828 complete and 0 interrupted iterations
openloop_oscillating   [  95% ] 015/788 VUs  11m26.3s/12m0s  019.67 iters/s

running (11m27.3s), 012/788 VUs, 36851 complete and 0 interrupted iterations
openloop_oscillating   [  95% ] 012/788 VUs  11m27.3s/12m0s  019.06 iters/s

running (11m28.3s), 012/788 VUs, 36869 complete and 0 interrupted iterations
openloop_oscillating   [  96% ] 012/788 VUs  11m28.3s/12m0s  018.50 iters/s

running (11m29.3s), 013/788 VUs, 36887 complete and 0 interrupted iterations
openloop_oscillating   [  96% ] 013/788 VUs  11m29.3s/12m0s  017.90 iters/s

running (11m30.3s), 013/788 VUs, 36904 complete and 0 interrupted iterations
openloop_oscillating   [  96% ] 013/788 VUs  11m30.3s/12m0s  017.33 iters/s

running (11m31.3s), 011/788 VUs, 36923 complete and 0 interrupted iterations
openloop_oscillating   [  96% ] 011/788 VUs  11m31.3s/12m0s  016.75 iters/s

running (11m32.3s), 013/788 VUs, 36938 complete and 0 interrupted iterations
openloop_oscillating   [  96% ] 013/788 VUs  11m32.3s/12m0s  016.15 iters/s

running (11m33.3s), 011/788 VUs, 36956 complete and 0 interrupted iterations
openloop_oscillating   [  96% ] 011/788 VUs  11m33.3s/12m0s  015.56 iters/s

running (11m34.3s), 012/788 VUs, 36970 complete and 0 interrupted iterations
openloop_oscillating   [  96% ] 012/788 VUs  11m34.3s/12m0s  014.99 iters/s

running (11m35.3s), 012/788 VUs, 36985 complete and 0 interrupted iterations
openloop_oscillating   [  97% ] 012/788 VUs  11m35.3s/12m0s  014.39 iters/s

running (11m36.3s), 011/788 VUs, 37000 complete and 0 interrupted iterations
openloop_oscillating   [  97% ] 011/788 VUs  11m36.3s/12m0s  013.81 iters/s

running (11m37.3s), 010/788 VUs, 37014 complete and 0 interrupted iterations
openloop_oscillating   [  97% ] 010/788 VUs  11m37.3s/12m0s  013.25 iters/s

running (11m38.3s), 010/788 VUs, 37027 complete and 0 interrupted iterations
openloop_oscillating   [  97% ] 010/788 VUs  11m38.3s/12m0s  012.67 iters/s

running (11m39.3s), 009/788 VUs, 37041 complete and 0 interrupted iterations
openloop_oscillating   [  97% ] 009/788 VUs  11m39.3s/12m0s  012.05 iters/s

running (11m40.3s), 008/788 VUs, 37053 complete and 0 interrupted iterations
openloop_oscillating   [  97% ] 008/788 VUs  11m40.3s/12m0s  011.51 iters/s

running (11m41.3s), 010/788 VUs, 37063 complete and 0 interrupted iterations
openloop_oscillating   [  97% ] 010/788 VUs  11m41.3s/12m0s  010.88 iters/s

running (11m42.3s), 007/788 VUs, 37076 complete and 0 interrupted iterations
openloop_oscillating   [  98% ] 007/788 VUs  11m42.3s/12m0s  010.33 iters/s

running (11m43.3s), 007/788 VUs, 37086 complete and 0 interrupted iterations
openloop_oscillating   [  98% ] 007/788 VUs  11m43.3s/12m0s  009.75 iters/s

running (11m44.3s), 007/788 VUs, 37096 complete and 0 interrupted iterations
openloop_oscillating   [  98% ] 007/788 VUs  11m44.3s/12m0s  009.13 iters/s

running (11m45.3s), 006/788 VUs, 37105 complete and 0 interrupted iterations
openloop_oscillating   [  98% ] 006/788 VUs  11m45.3s/12m0s  008.61 iters/s

running (11m46.3s), 006/788 VUs, 37114 complete and 0 interrupted iterations
openloop_oscillating   [  98% ] 006/788 VUs  11m46.3s/12m0s  007.97 iters/s

running (11m47.3s), 005/788 VUs, 37122 complete and 0 interrupted iterations
openloop_oscillating   [  98% ] 005/788 VUs  11m47.3s/12m0s  007.44 iters/s

running (11m48.3s), 005/788 VUs, 37130 complete and 0 interrupted iterations
openloop_oscillating   [  98% ] 005/788 VUs  11m48.3s/12m0s  006.79 iters/s

running (11m49.3s), 003/788 VUs, 37138 complete and 0 interrupted iterations
openloop_oscillating   [  99% ] 003/788 VUs  11m49.3s/12m0s  006.25 iters/s

running (11m50.3s), 004/788 VUs, 37143 complete and 0 interrupted iterations
openloop_oscillating   [  99% ] 004/788 VUs  11m50.3s/12m0s  005.66 iters/s

running (11m51.3s), 004/788 VUs, 37148 complete and 0 interrupted iterations
openloop_oscillating   [  99% ] 004/788 VUs  11m51.3s/12m0s  005.12 iters/s

running (11m52.3s), 002/788 VUs, 37155 complete and 0 interrupted iterations
openloop_oscillating   [  99% ] 002/788 VUs  11m52.3s/12m0s  004.52 iters/s

running (11m53.3s), 003/788 VUs, 37158 complete and 0 interrupted iterations
openloop_oscillating   [  99% ] 003/788 VUs  11m53.3s/12m0s  003.97 iters/s

running (11m54.3s), 002/788 VUs, 37163 complete and 0 interrupted iterations
openloop_oscillating   [  99% ] 002/788 VUs  11m54.3s/12m0s  003.33 iters/s

running (11m55.3s), 001/788 VUs, 37167 complete and 0 interrupted iterations
openloop_oscillating   [  99% ] 001/788 VUs  11m55.3s/12m0s  002.75 iters/s

running (11m56.3s), 002/788 VUs, 37169 complete and 0 interrupted iterations
openloop_oscillating   [  99% ] 002/788 VUs  11m56.3s/12m0s  002.02 iters/s

running (11m57.3s), 001/788 VUs, 37171 complete and 0 interrupted iterations
openloop_oscillating   [ 100% ] 001/788 VUs  11m57.3s/12m0s  001.70 iters/s

running (11m58.3s), 001/788 VUs, 37173 complete and 0 interrupted iterations
openloop_oscillating   [ 100% ] 001/788 VUs  11m58.3s/12m0s  000.54 iters/s

running (11m59.3s), 000/788 VUs, 37174 complete and 0 interrupted iterations
openloop_oscillating   [ 100% ] 000/788 VUs  11m59.3s/12m0s  000.54 iters/s

     ✗ status is 200
      ↳  79% — ✓ 29392 / ✗ 7782
     ✗ returns quotes
      ↳  79% — ✓ 29392 / ✗ 7782
     ✓ response time <2000ms

     █ setup

     checks.........................: 86.04% ✓ 95958    ✗ 15564
     data_received..................: 24 MB  33 kB/s
     data_sent......................: 17 MB  24 kB/s
     http_req_blocked...............: avg=681.42µs min=102.41µs med=871.19µs max=13.8ms  p(90)=1.11ms  p(95)=1.2ms   p(99)=3.56ms 
     http_req_connecting............: avg=635.87µs min=78.58µs  med=829.61µs max=13.76ms p(90)=1.07ms  p(95)=1.15ms  p(99)=3.5ms  
     http_req_duration..............: avg=646.58ms min=1.49ms   med=718.99ms max=1.52s   p(90)=1.06s   p(95)=1.16s   p(99)=1.3s   
       { expected_response:true }...: avg=807.51ms min=468.93ms med=770.82ms max=1.52s   p(90)=1.09s   p(95)=1.18s   p(99)=1.31s  
     http_req_failed................: 20.93% ✓ 7782     ✗ 29392
     http_req_receiving.............: avg=921.9µs  min=19.16µs  med=131.37µs max=68.02ms p(90)=1.55ms  p(95)=3.15ms  p(99)=8.48ms 
     http_req_sending...............: avg=43.3µs   min=16.64µs  med=41.45µs  max=4.6ms   p(90)=55.06µs p(95)=61.21µs p(99)=78.03µs
     http_req_tls_handshaking.......: avg=0s       min=0s       med=0s       max=0s      p(90)=0s      p(95)=0s      p(99)=0s     
     http_req_waiting...............: avg=645.62ms min=1.4ms    med=718.69ms max=1.51s   p(90)=1.06s   p(95)=1.16s   p(99)=1.29s  
     http_reqs......................: 37174  51.63033/s
     iteration_duration.............: avg=647.51ms min=133.13µs med=719.85ms max=1.52s   p(90)=1.06s   p(95)=1.17s   p(99)=1.3s   
     iterations.....................: 37174  51.63033/s
     req_e2e_duration...............: avg=647.37ms min=2ms      med=720ms    max=1.52s   p(90)=1.06s   p(95)=1.17s   p(99)=1.3s   
     vus............................: 0      min=0      max=93 
     vus_max........................: 788    min=788    max=788


running (12m00.0s), 000/788 VUs, 37174 complete and 0 interrupted iterations
openloop_oscillating ✓ [ 100% ] 000/788 VUs  12m0s  000.54 iters/s
[openloop-wrapper] k6 exit code 0
