
          /\      |‾‾| /‾‾/   /‾‾/   
     /\  /  \     |  |/  /   /  /    
    /  \/    \    |     (   /   ‾‾\  
   /          \   |  |\  \ |  (‾)  | 
  / __________ \  |__| \__\ \_____/ .io

  execution: local
     script: /scripts/load-test.js
     output: json (/results/results.json.gz)

  scenarios: (100.00%) 1 scenario, 225 max VUs, 12m30s max duration (incl. graceful stop):
           * openloop_spike: Up to 30.00 iterations/s for 12m0s over 4 stages (maxVUs: 225, gracefulStop: 30s)

time="2026-10-06T21:46:04Z" level=info msg="OPENLOOP_CONFIG service=auth-service pattern=spike base_rate=2 peak_rate=30 timeout=5s vu_factor=1.5 openloop_spike:ramping-arrival-rate:vus=225/225" source=console
time="2026-10-06T21:46:04Z" level=info msg="PREAUTH_USED tokens=120" source=console
time="2026-10-06T21:46:04Z" level=info msg="SCENARIO_START name=openloop_spike start_ms=1791323164456" source=console

running (00m00.8s), 000/225 VUs, 1 complete and 0 interrupted iterations
openloop_spike   [   0% ] 000/225 VUs  00m00.8s/12m0s  02.00 iters/s

running (00m01.8s), 000/225 VUs, 3 complete and 0 interrupted iterations
openloop_spike   [   0% ] 000/225 VUs  00m01.8s/12m0s  02.00 iters/s

running (00m02.8s), 000/225 VUs, 5 complete and 0 interrupted iterations
openloop_spike   [   0% ] 000/225 VUs  00m02.8s/12m0s  02.00 iters/s

running (00m03.8s), 001/225 VUs, 6 complete and 0 interrupted iterations
openloop_spike   [   1% ] 001/225 VUs  00m03.8s/12m0s  02.00 iters/s

running (00m04.8s), 000/225 VUs, 9 complete and 0 interrupted iterations
openloop_spike   [   1% ] 000/225 VUs  00m04.8s/12m0s  02.00 iters/s

running (00m05.8s), 000/225 VUs, 11 complete and 0 interrupted iterations
openloop_spike   [   1% ] 000/225 VUs  00m05.8s/12m0s  02.00 iters/s

running (00m06.8s), 000/225 VUs, 13 complete and 0 interrupted iterations
openloop_spike   [   1% ] 000/225 VUs  00m06.8s/12m0s  02.00 iters/s

running (00m07.8s), 001/225 VUs, 14 complete and 0 interrupted iterations
openloop_spike   [   1% ] 001/225 VUs  00m07.8s/12m0s  02.00 iters/s

running (00m08.8s), 000/225 VUs, 17 complete and 0 interrupted iterations
openloop_spike   [   1% ] 000/225 VUs  00m08.8s/12m0s  02.00 iters/s

running (00m09.8s), 000/225 VUs, 19 complete and 0 interrupted iterations
openloop_spike   [   1% ] 000/225 VUs  00m09.8s/12m0s  02.00 iters/s

running (00m10.8s), 000/225 VUs, 21 complete and 0 interrupted iterations
openloop_spike   [   2% ] 000/225 VUs  00m10.8s/12m0s  02.00 iters/s

running (00m11.8s), 000/225 VUs, 23 complete and 0 interrupted iterations
openloop_spike   [   2% ] 000/225 VUs  00m11.8s/12m0s  02.00 iters/s

running (00m12.8s), 000/225 VUs, 25 complete and 0 interrupted iterations
openloop_spike   [   2% ] 000/225 VUs  00m12.8s/12m0s  02.00 iters/s

running (00m13.8s), 000/225 VUs, 27 complete and 0 interrupted iterations
openloop_spike   [   2% ] 000/225 VUs  00m13.8s/12m0s  02.00 iters/s

running (00m14.8s), 000/225 VUs, 29 complete and 0 interrupted iterations
openloop_spike   [   2% ] 000/225 VUs  00m14.8s/12m0s  02.00 iters/s

running (00m15.8s), 001/225 VUs, 30 complete and 0 interrupted iterations
openloop_spike   [   2% ] 001/225 VUs  00m15.8s/12m0s  02.00 iters/s

running (00m16.8s), 000/225 VUs, 33 complete and 0 interrupted iterations
openloop_spike   [   2% ] 000/225 VUs  00m16.8s/12m0s  02.00 iters/s

running (00m17.8s), 000/225 VUs, 35 complete and 0 interrupted iterations
openloop_spike   [   2% ] 000/225 VUs  00m17.8s/12m0s  02.00 iters/s

running (00m18.8s), 001/225 VUs, 36 complete and 0 interrupted iterations
openloop_spike   [   3% ] 001/225 VUs  00m18.8s/12m0s  02.00 iters/s

running (00m19.8s), 000/225 VUs, 39 complete and 0 interrupted iterations
openloop_spike   [   3% ] 000/225 VUs  00m19.8s/12m0s  02.00 iters/s

running (00m20.8s), 000/225 VUs, 41 complete and 0 interrupted iterations
openloop_spike   [   3% ] 000/225 VUs  00m20.8s/12m0s  02.00 iters/s

running (00m21.8s), 000/225 VUs, 43 complete and 0 interrupted iterations
openloop_spike   [   3% ] 000/225 VUs  00m21.8s/12m0s  02.00 iters/s

running (00m22.8s), 000/225 VUs, 45 complete and 0 interrupted iterations
openloop_spike   [   3% ] 000/225 VUs  00m22.8s/12m0s  02.00 iters/s

running (00m23.8s), 000/225 VUs, 47 complete and 0 interrupted iterations
openloop_spike   [   3% ] 000/225 VUs  00m23.8s/12m0s  02.00 iters/s

running (00m24.8s), 000/225 VUs, 49 complete and 0 interrupted iterations
openloop_spike   [   3% ] 000/225 VUs  00m24.8s/12m0s  02.00 iters/s

running (00m25.8s), 000/225 VUs, 51 complete and 0 interrupted iterations
openloop_spike   [   4% ] 000/225 VUs  00m25.8s/12m0s  02.00 iters/s

running (00m26.8s), 000/225 VUs, 53 complete and 0 interrupted iterations
openloop_spike   [   4% ] 000/225 VUs  00m26.8s/12m0s  02.00 iters/s

running (00m27.8s), 000/225 VUs, 55 complete and 0 interrupted iterations
openloop_spike   [   4% ] 000/225 VUs  00m27.8s/12m0s  02.00 iters/s

running (00m28.8s), 000/225 VUs, 57 complete and 0 interrupted iterations
openloop_spike   [   4% ] 000/225 VUs  00m28.8s/12m0s  02.00 iters/s

running (00m29.8s), 000/225 VUs, 59 complete and 0 interrupted iterations
openloop_spike   [   4% ] 000/225 VUs  00m29.8s/12m0s  02.00 iters/s

running (00m30.8s), 001/225 VUs, 60 complete and 0 interrupted iterations
openloop_spike   [   4% ] 001/225 VUs  00m30.8s/12m0s  02.00 iters/s

running (00m31.8s), 000/225 VUs, 63 complete and 0 interrupted iterations
openloop_spike   [   4% ] 000/225 VUs  00m31.8s/12m0s  02.00 iters/s

running (00m32.8s), 000/225 VUs, 65 complete and 0 interrupted iterations
openloop_spike   [   5% ] 000/225 VUs  00m32.8s/12m0s  02.00 iters/s

running (00m33.8s), 000/225 VUs, 67 complete and 0 interrupted iterations
openloop_spike   [   5% ] 000/225 VUs  00m33.8s/12m0s  02.00 iters/s

running (00m34.8s), 000/225 VUs, 69 complete and 0 interrupted iterations
openloop_spike   [   5% ] 000/225 VUs  00m34.8s/12m0s  02.00 iters/s

running (00m35.8s), 000/225 VUs, 71 complete and 0 interrupted iterations
openloop_spike   [   5% ] 000/225 VUs  00m35.8s/12m0s  02.00 iters/s

running (00m36.8s), 000/225 VUs, 73 complete and 0 interrupted iterations
openloop_spike   [   5% ] 000/225 VUs  00m36.8s/12m0s  02.00 iters/s

running (00m37.8s), 000/225 VUs, 75 complete and 0 interrupted iterations
openloop_spike   [   5% ] 000/225 VUs  00m37.8s/12m0s  02.00 iters/s

running (00m38.8s), 000/225 VUs, 77 complete and 0 interrupted iterations
openloop_spike   [   5% ] 000/225 VUs  00m38.8s/12m0s  02.00 iters/s

running (00m39.8s), 000/225 VUs, 79 complete and 0 interrupted iterations
openloop_spike   [   6% ] 000/225 VUs  00m39.8s/12m0s  02.00 iters/s

running (00m40.8s), 000/225 VUs, 81 complete and 0 interrupted iterations
openloop_spike   [   6% ] 000/225 VUs  00m40.8s/12m0s  02.00 iters/s

running (00m41.8s), 000/225 VUs, 83 complete and 0 interrupted iterations
openloop_spike   [   6% ] 000/225 VUs  00m41.8s/12m0s  02.00 iters/s

running (00m42.8s), 000/225 VUs, 85 complete and 0 interrupted iterations
openloop_spike   [   6% ] 000/225 VUs  00m42.8s/12m0s  02.00 iters/s

running (00m43.8s), 000/225 VUs, 87 complete and 0 interrupted iterations
openloop_spike   [   6% ] 000/225 VUs  00m43.8s/12m0s  02.00 iters/s

running (00m44.8s), 001/225 VUs, 88 complete and 0 interrupted iterations
openloop_spike   [   6% ] 001/225 VUs  00m44.8s/12m0s  02.00 iters/s

running (00m45.8s), 000/225 VUs, 91 complete and 0 interrupted iterations
openloop_spike   [   6% ] 000/225 VUs  00m45.8s/12m0s  02.00 iters/s

running (00m46.8s), 000/225 VUs, 93 complete and 0 interrupted iterations
openloop_spike   [   7% ] 000/225 VUs  00m46.8s/12m0s  02.00 iters/s

running (00m47.8s), 000/225 VUs, 95 complete and 0 interrupted iterations
openloop_spike   [   7% ] 000/225 VUs  00m47.8s/12m0s  02.00 iters/s

running (00m48.8s), 000/225 VUs, 97 complete and 0 interrupted iterations
openloop_spike   [   7% ] 000/225 VUs  00m48.8s/12m0s  02.00 iters/s

running (00m49.8s), 000/225 VUs, 99 complete and 0 interrupted iterations
openloop_spike   [   7% ] 000/225 VUs  00m49.8s/12m0s  02.00 iters/s

running (00m50.8s), 000/225 VUs, 101 complete and 0 interrupted iterations
openloop_spike   [   7% ] 000/225 VUs  00m50.8s/12m0s  02.00 iters/s

running (00m51.8s), 000/225 VUs, 103 complete and 0 interrupted iterations
openloop_spike   [   7% ] 000/225 VUs  00m51.8s/12m0s  02.00 iters/s

running (00m52.8s), 000/225 VUs, 105 complete and 0 interrupted iterations
openloop_spike   [   7% ] 000/225 VUs  00m52.8s/12m0s  02.00 iters/s

running (00m53.8s), 000/225 VUs, 107 complete and 0 interrupted iterations
openloop_spike   [   7% ] 000/225 VUs  00m53.8s/12m0s  02.00 iters/s

running (00m54.8s), 001/225 VUs, 108 complete and 0 interrupted iterations
openloop_spike   [   8% ] 001/225 VUs  00m54.8s/12m0s  02.00 iters/s

running (00m55.8s), 000/225 VUs, 111 complete and 0 interrupted iterations
openloop_spike   [   8% ] 000/225 VUs  00m55.8s/12m0s  02.00 iters/s

running (00m56.8s), 000/225 VUs, 113 complete and 0 interrupted iterations
openloop_spike   [   8% ] 000/225 VUs  00m56.8s/12m0s  02.00 iters/s

running (00m57.8s), 000/225 VUs, 115 complete and 0 interrupted iterations
openloop_spike   [   8% ] 000/225 VUs  00m57.8s/12m0s  02.00 iters/s

running (00m58.8s), 000/225 VUs, 117 complete and 0 interrupted iterations
openloop_spike   [   8% ] 000/225 VUs  00m58.8s/12m0s  02.00 iters/s

running (00m59.8s), 000/225 VUs, 119 complete and 0 interrupted iterations
openloop_spike   [   8% ] 000/225 VUs  00m59.8s/12m0s  02.00 iters/s

running (01m00.8s), 000/225 VUs, 121 complete and 0 interrupted iterations
openloop_spike   [   8% ] 000/225 VUs  01m00.8s/12m0s  02.00 iters/s

running (01m01.8s), 000/225 VUs, 123 complete and 0 interrupted iterations
openloop_spike   [   9% ] 000/225 VUs  01m01.8s/12m0s  02.00 iters/s

running (01m02.8s), 000/225 VUs, 125 complete and 0 interrupted iterations
openloop_spike   [   9% ] 000/225 VUs  01m02.8s/12m0s  02.00 iters/s

running (01m03.8s), 000/225 VUs, 127 complete and 0 interrupted iterations
openloop_spike   [   9% ] 000/225 VUs  01m03.8s/12m0s  02.00 iters/s

running (01m04.8s), 000/225 VUs, 129 complete and 0 interrupted iterations
openloop_spike   [   9% ] 000/225 VUs  01m04.8s/12m0s  02.00 iters/s

running (01m05.8s), 000/225 VUs, 131 complete and 0 interrupted iterations
openloop_spike   [   9% ] 000/225 VUs  01m05.8s/12m0s  02.00 iters/s

running (01m06.8s), 001/225 VUs, 132 complete and 0 interrupted iterations
openloop_spike   [   9% ] 001/225 VUs  01m06.8s/12m0s  02.00 iters/s

running (01m07.8s), 000/225 VUs, 135 complete and 0 interrupted iterations
openloop_spike   [   9% ] 000/225 VUs  01m07.8s/12m0s  02.00 iters/s

running (01m08.8s), 000/225 VUs, 137 complete and 0 interrupted iterations
openloop_spike   [  10% ] 000/225 VUs  01m08.8s/12m0s  02.00 iters/s

running (01m09.8s), 001/225 VUs, 138 complete and 0 interrupted iterations
openloop_spike   [  10% ] 001/225 VUs  01m09.8s/12m0s  02.00 iters/s

running (01m10.8s), 000/225 VUs, 141 complete and 0 interrupted iterations
openloop_spike   [  10% ] 000/225 VUs  01m10.8s/12m0s  02.00 iters/s

running (01m11.8s), 000/225 VUs, 143 complete and 0 interrupted iterations
openloop_spike   [  10% ] 000/225 VUs  01m11.8s/12m0s  02.00 iters/s

running (01m12.8s), 000/225 VUs, 145 complete and 0 interrupted iterations
openloop_spike   [  10% ] 000/225 VUs  01m12.8s/12m0s  02.00 iters/s

running (01m13.8s), 000/225 VUs, 147 complete and 0 interrupted iterations
openloop_spike   [  10% ] 000/225 VUs  01m13.8s/12m0s  02.00 iters/s

running (01m14.8s), 000/225 VUs, 149 complete and 0 interrupted iterations
openloop_spike   [  10% ] 000/225 VUs  01m14.8s/12m0s  02.00 iters/s

running (01m15.8s), 001/225 VUs, 150 complete and 0 interrupted iterations
openloop_spike   [  11% ] 001/225 VUs  01m15.8s/12m0s  02.00 iters/s

running (01m16.8s), 001/225 VUs, 152 complete and 0 interrupted iterations
openloop_spike   [  11% ] 001/225 VUs  01m16.8s/12m0s  02.00 iters/s

running (01m17.8s), 001/225 VUs, 154 complete and 0 interrupted iterations
openloop_spike   [  11% ] 001/225 VUs  01m17.8s/12m0s  02.00 iters/s

running (01m18.8s), 001/225 VUs, 156 complete and 0 interrupted iterations
openloop_spike   [  11% ] 001/225 VUs  01m18.8s/12m0s  02.00 iters/s

running (01m19.8s), 001/225 VUs, 158 complete and 0 interrupted iterations
openloop_spike   [  11% ] 001/225 VUs  01m19.8s/12m0s  02.00 iters/s

running (01m20.8s), 000/225 VUs, 161 complete and 0 interrupted iterations
openloop_spike   [  11% ] 000/225 VUs  01m20.8s/12m0s  02.00 iters/s

running (01m21.8s), 001/225 VUs, 162 complete and 0 interrupted iterations
openloop_spike   [  11% ] 001/225 VUs  01m21.8s/12m0s  02.00 iters/s

running (01m22.8s), 000/225 VUs, 165 complete and 0 interrupted iterations
openloop_spike   [  12% ] 000/225 VUs  01m22.8s/12m0s  02.00 iters/s

running (01m23.8s), 001/225 VUs, 166 complete and 0 interrupted iterations
openloop_spike   [  12% ] 001/225 VUs  01m23.8s/12m0s  02.00 iters/s

running (01m24.8s), 000/225 VUs, 169 complete and 0 interrupted iterations
openloop_spike   [  12% ] 000/225 VUs  01m24.8s/12m0s  02.00 iters/s

running (01m25.8s), 000/225 VUs, 171 complete and 0 interrupted iterations
openloop_spike   [  12% ] 000/225 VUs  01m25.8s/12m0s  02.00 iters/s

running (01m26.8s), 000/225 VUs, 173 complete and 0 interrupted iterations
openloop_spike   [  12% ] 000/225 VUs  01m26.8s/12m0s  02.00 iters/s

running (01m27.8s), 000/225 VUs, 175 complete and 0 interrupted iterations
openloop_spike   [  12% ] 000/225 VUs  01m27.8s/12m0s  02.00 iters/s

running (01m28.8s), 001/225 VUs, 176 complete and 0 interrupted iterations
openloop_spike   [  12% ] 001/225 VUs  01m28.8s/12m0s  02.00 iters/s

running (01m29.8s), 000/225 VUs, 179 complete and 0 interrupted iterations
openloop_spike   [  12% ] 000/225 VUs  01m29.8s/12m0s  02.00 iters/s

running (01m30.8s), 000/225 VUs, 181 complete and 0 interrupted iterations
openloop_spike   [  13% ] 000/225 VUs  01m30.8s/12m0s  02.00 iters/s

running (01m31.8s), 000/225 VUs, 183 complete and 0 interrupted iterations
openloop_spike   [  13% ] 000/225 VUs  01m31.8s/12m0s  02.00 iters/s

running (01m32.8s), 000/225 VUs, 185 complete and 0 interrupted iterations
openloop_spike   [  13% ] 000/225 VUs  01m32.8s/12m0s  02.00 iters/s

running (01m33.8s), 001/225 VUs, 186 complete and 0 interrupted iterations
openloop_spike   [  13% ] 001/225 VUs  01m33.8s/12m0s  02.00 iters/s

running (01m34.8s), 000/225 VUs, 189 complete and 0 interrupted iterations
openloop_spike   [  13% ] 000/225 VUs  01m34.8s/12m0s  02.00 iters/s

running (01m35.8s), 000/225 VUs, 191 complete and 0 interrupted iterations
openloop_spike   [  13% ] 000/225 VUs  01m35.8s/12m0s  02.00 iters/s

running (01m36.8s), 000/225 VUs, 193 complete and 0 interrupted iterations
openloop_spike   [  13% ] 000/225 VUs  01m36.8s/12m0s  02.00 iters/s

running (01m37.8s), 000/225 VUs, 195 complete and 0 interrupted iterations
openloop_spike   [  14% ] 000/225 VUs  01m37.8s/12m0s  02.00 iters/s

running (01m38.8s), 000/225 VUs, 197 complete and 0 interrupted iterations
openloop_spike   [  14% ] 000/225 VUs  01m38.8s/12m0s  02.00 iters/s

running (01m39.8s), 000/225 VUs, 199 complete and 0 interrupted iterations
openloop_spike   [  14% ] 000/225 VUs  01m39.8s/12m0s  02.00 iters/s

running (01m40.8s), 000/225 VUs, 201 complete and 0 interrupted iterations
openloop_spike   [  14% ] 000/225 VUs  01m40.8s/12m0s  02.00 iters/s

running (01m41.8s), 001/225 VUs, 202 complete and 0 interrupted iterations
openloop_spike   [  14% ] 001/225 VUs  01m41.8s/12m0s  02.00 iters/s

running (01m42.8s), 000/225 VUs, 205 complete and 0 interrupted iterations
openloop_spike   [  14% ] 000/225 VUs  01m42.8s/12m0s  02.00 iters/s

running (01m43.8s), 000/225 VUs, 207 complete and 0 interrupted iterations
openloop_spike   [  14% ] 000/225 VUs  01m43.8s/12m0s  02.00 iters/s

running (01m44.8s), 000/225 VUs, 209 complete and 0 interrupted iterations
openloop_spike   [  15% ] 000/225 VUs  01m44.8s/12m0s  02.00 iters/s

running (01m45.8s), 000/225 VUs, 211 complete and 0 interrupted iterations
openloop_spike   [  15% ] 000/225 VUs  01m45.8s/12m0s  02.00 iters/s

running (01m46.8s), 000/225 VUs, 213 complete and 0 interrupted iterations
openloop_spike   [  15% ] 000/225 VUs  01m46.8s/12m0s  02.00 iters/s

running (01m47.8s), 000/225 VUs, 215 complete and 0 interrupted iterations
openloop_spike   [  15% ] 000/225 VUs  01m47.8s/12m0s  02.00 iters/s

running (01m48.8s), 000/225 VUs, 217 complete and 0 interrupted iterations
openloop_spike   [  15% ] 000/225 VUs  01m48.8s/12m0s  02.00 iters/s

running (01m49.8s), 000/225 VUs, 219 complete and 0 interrupted iterations
openloop_spike   [  15% ] 000/225 VUs  01m49.8s/12m0s  02.00 iters/s

running (01m50.8s), 000/225 VUs, 221 complete and 0 interrupted iterations
openloop_spike   [  15% ] 000/225 VUs  01m50.8s/12m0s  02.00 iters/s

running (01m51.8s), 000/225 VUs, 223 complete and 0 interrupted iterations
openloop_spike   [  16% ] 000/225 VUs  01m51.8s/12m0s  02.00 iters/s

running (01m52.8s), 001/225 VUs, 224 complete and 0 interrupted iterations
openloop_spike   [  16% ] 001/225 VUs  01m52.8s/12m0s  02.00 iters/s

running (01m53.8s), 000/225 VUs, 227 complete and 0 interrupted iterations
openloop_spike   [  16% ] 000/225 VUs  01m53.8s/12m0s  02.00 iters/s

running (01m54.8s), 000/225 VUs, 229 complete and 0 interrupted iterations
openloop_spike   [  16% ] 000/225 VUs  01m54.8s/12m0s  02.00 iters/s

running (01m55.8s), 000/225 VUs, 231 complete and 0 interrupted iterations
openloop_spike   [  16% ] 000/225 VUs  01m55.8s/12m0s  02.00 iters/s

running (01m56.8s), 000/225 VUs, 233 complete and 0 interrupted iterations
openloop_spike   [  16% ] 000/225 VUs  01m56.8s/12m0s  02.00 iters/s

running (01m57.8s), 000/225 VUs, 235 complete and 0 interrupted iterations
openloop_spike   [  16% ] 000/225 VUs  01m57.8s/12m0s  02.00 iters/s

running (01m58.8s), 000/225 VUs, 237 complete and 0 interrupted iterations
openloop_spike   [  17% ] 000/225 VUs  01m58.8s/12m0s  02.00 iters/s

running (01m59.8s), 000/225 VUs, 239 complete and 0 interrupted iterations
openloop_spike   [  17% ] 000/225 VUs  01m59.8s/12m0s  02.00 iters/s

running (02m00.8s), 000/225 VUs, 242 complete and 0 interrupted iterations
openloop_spike   [  17% ] 000/225 VUs  02m00.8s/12m0s  04.23 iters/s

running (02m01.8s), 002/225 VUs, 246 complete and 0 interrupted iterations
openloop_spike   [  17% ] 002/225 VUs  02m01.8s/12m0s  07.18 iters/s

running (02m02.8s), 005/225 VUs, 251 complete and 0 interrupted iterations
openloop_spike   [  17% ] 005/225 VUs  02m02.8s/12m0s  09.82 iters/s

running (02m03.8s), 007/225 VUs, 261 complete and 0 interrupted iterations
openloop_spike   [  17% ] 007/225 VUs  02m03.8s/12m0s  12.79 iters/s

running (02m04.8s), 006/225 VUs, 276 complete and 0 interrupted iterations
openloop_spike   [  17% ] 006/225 VUs  02m04.8s/12m0s  15.56 iters/s

running (02m05.8s), 001/225 VUs, 297 complete and 0 interrupted iterations
openloop_spike   [  17% ] 001/225 VUs  02m05.8s/12m0s  18.21 iters/s

running (02m06.8s), 005/225 VUs, 313 complete and 0 interrupted iterations
openloop_spike   [  18% ] 005/225 VUs  02m06.8s/12m0s  21.06 iters/s

running (02m07.8s), 016/225 VUs, 325 complete and 0 interrupted iterations
openloop_spike   [  18% ] 016/225 VUs  02m07.8s/12m0s  23.92 iters/s

running (02m08.8s), 026/225 VUs, 340 complete and 0 interrupted iterations
openloop_spike   [  18% ] 026/225 VUs  02m08.8s/12m0s  26.69 iters/s

running (02m09.8s), 017/225 VUs, 377 complete and 0 interrupted iterations
openloop_spike   [  18% ] 017/225 VUs  02m09.8s/12m0s  29.48 iters/s

running (02m10.8s), 028/225 VUs, 396 complete and 0 interrupted iterations
openloop_spike   [  18% ] 028/225 VUs  02m10.8s/12m0s  30.00 iters/s

running (02m11.8s), 030/225 VUs, 424 complete and 0 interrupted iterations
openloop_spike   [  18% ] 030/225 VUs  02m11.8s/12m0s  30.00 iters/s

running (02m12.8s), 028/225 VUs, 456 complete and 0 interrupted iterations
openloop_spike   [  18% ] 028/225 VUs  02m12.8s/12m0s  30.00 iters/s

running (02m13.8s), 028/225 VUs, 486 complete and 0 interrupted iterations
openloop_spike   [  19% ] 028/225 VUs  02m13.8s/12m0s  30.00 iters/s

running (02m14.8s), 022/225 VUs, 522 complete and 0 interrupted iterations
openloop_spike   [  19% ] 022/225 VUs  02m14.8s/12m0s  30.00 iters/s

running (02m15.8s), 025/225 VUs, 549 complete and 0 interrupted iterations
openloop_spike   [  19% ] 025/225 VUs  02m15.8s/12m0s  30.00 iters/s

running (02m16.8s), 020/225 VUs, 584 complete and 0 interrupted iterations
openloop_spike   [  19% ] 020/225 VUs  02m16.8s/12m0s  30.00 iters/s
time="2026-10-06T21:48:21Z" level=warning msg="Request Failed" error="Post \"http://auth-service.ecommerce.svc.cluster.local:8001/auth/login\": request timeout"

running (02m17.8s), 023/225 VUs, 611 complete and 0 interrupted iterations
openloop_spike   [  19% ] 023/225 VUs  02m17.8s/12m0s  30.00 iters/s
time="2026-10-06T21:48:22Z" level=warning msg="Request Failed" error="Post \"http://auth-service.ecommerce.svc.cluster.local:8001/auth/login\": request timeout"
time="2026-10-06T21:48:22Z" level=warning msg="Request Failed" error="Post \"http://auth-service.ecommerce.svc.cluster.local:8001/auth/login\": request timeout"
time="2026-10-06T21:48:22Z" level=warning msg="Request Failed" error="Post \"http://auth-service.ecommerce.svc.cluster.local:8001/auth/login\": request timeout"
time="2026-10-06T21:48:22Z" level=warning msg="Request Failed" error="Post \"http://auth-service.ecommerce.svc.cluster.local:8001/auth/login\": request timeout"

running (02m18.8s), 016/225 VUs, 648 complete and 0 interrupted iterations
openloop_spike   [  19% ] 016/225 VUs  02m18.8s/12m0s  30.00 iters/s
time="2026-10-06T21:48:23Z" level=warning msg="Request Failed" error="Post \"http://auth-service.ecommerce.svc.cluster.local:8001/auth/login\": request timeout"
time="2026-10-06T21:48:23Z" level=warning msg="Request Failed" error="Post \"http://auth-service.ecommerce.svc.cluster.local:8001/auth/login\": request timeout"
time="2026-10-06T21:48:24Z" level=warning msg="Request Failed" error="Post \"http://auth-service.ecommerce.svc.cluster.local:8001/auth/login\": request timeout"

running (02m19.8s), 018/225 VUs, 676 complete and 0 interrupted iterations
openloop_spike   [  19% ] 018/225 VUs  02m19.8s/12m0s  30.00 iters/s
time="2026-10-06T21:48:25Z" level=warning msg="Request Failed" error="Post \"http://auth-service.ecommerce.svc.cluster.local:8001/auth/login\": request timeout"

running (02m20.8s), 023/225 VUs, 701 complete and 0 interrupted iterations
openloop_spike   [  20% ] 023/225 VUs  02m20.8s/12m0s  30.00 iters/s
time="2026-10-06T21:48:25Z" level=warning msg="Request Failed" error="Post \"http://auth-service.ecommerce.svc.cluster.local:8001/auth/login\": request timeout"

running (02m21.8s), 052/225 VUs, 702 complete and 0 interrupted iterations
openloop_spike   [  20% ] 052/225 VUs  02m21.8s/12m0s  30.00 iters/s

running (02m22.8s), 047/225 VUs, 737 complete and 0 interrupted iterations
openloop_spike   [  20% ] 047/225 VUs  02m22.8s/12m0s  30.00 iters/s
time="2026-10-06T21:48:27Z" level=warning msg="Request Failed" error="Post \"http://auth-service.ecommerce.svc.cluster.local:8001/auth/login\": request timeout"

running (02m23.8s), 043/225 VUs, 771 complete and 0 interrupted iterations
openloop_spike   [  20% ] 043/225 VUs  02m23.8s/12m0s  30.00 iters/s

running (02m24.8s), 048/225 VUs, 796 complete and 0 interrupted iterations
openloop_spike   [  20% ] 048/225 VUs  02m24.8s/12m0s  30.00 iters/s

running (02m25.8s), 034/225 VUs, 840 complete and 0 interrupted iterations
openloop_spike   [  20% ] 034/225 VUs  02m25.8s/12m0s  30.00 iters/s
time="2026-10-06T21:48:30Z" level=warning msg="Request Failed" error="Post \"http://auth-service.ecommerce.svc.cluster.local:8001/auth/login\": request timeout"
time="2026-10-06T21:48:30Z" level=warning msg="Request Failed" error="Post \"http://auth-service.ecommerce.svc.cluster.local:8001/auth/login\": request timeout"

running (02m26.8s), 024/225 VUs, 880 complete and 0 interrupted iterations
openloop_spike   [  20% ] 024/225 VUs  02m26.8s/12m0s  30.00 iters/s
time="2026-10-06T21:48:31Z" level=warning msg="Request Failed" error="Post \"http://auth-service.ecommerce.svc.cluster.local:8001/auth/login\": request timeout"

running (02m27.8s), 031/225 VUs, 903 complete and 0 interrupted iterations
openloop_spike   [  21% ] 031/225 VUs  02m27.8s/12m0s  30.00 iters/s
time="2026-10-06T21:48:32Z" level=warning msg="Request Failed" error="Post \"http://auth-service.ecommerce.svc.cluster.local:8001/auth/login\": request timeout"
time="2026-10-06T21:48:32Z" level=warning msg="Request Failed" error="Post \"http://auth-service.ecommerce.svc.cluster.local:8001/auth/login\": request timeout"
time="2026-10-06T21:48:32Z" level=warning msg="Request Failed" error="Post \"http://auth-service.ecommerce.svc.cluster.local:8001/auth/login\": request timeout"
time="2026-10-06T21:48:33Z" level=warning msg="Request Failed" error="Post \"http://auth-service.ecommerce.svc.cluster.local:8001/auth/login\": request timeout"

running (02m28.8s), 025/225 VUs, 939 complete and 0 interrupted iterations
openloop_spike   [  21% ] 025/225 VUs  02m28.8s/12m0s  30.00 iters/s
time="2026-10-06T21:48:33Z" level=warning msg="Request Failed" error="Post \"http://auth-service.ecommerce.svc.cluster.local:8001/auth/login\": request timeout"

running (02m29.8s), 034/225 VUs, 960 complete and 0 interrupted iterations
openloop_spike   [  21% ] 034/225 VUs  02m29.8s/12m0s  30.00 iters/s

running (02m30.8s), 028/225 VUs, 996 complete and 0 interrupted iterations
openloop_spike   [  21% ] 028/225 VUs  02m30.8s/12m0s  30.00 iters/s
time="2026-10-06T21:48:36Z" level=warning msg="Request Failed" error="Post \"http://auth-service.ecommerce.svc.cluster.local:8001/auth/login\": request timeout"
time="2026-10-06T21:48:36Z" level=warning msg="Request Failed" error="Post \"http://auth-service.ecommerce.svc.cluster.local:8001/auth/login\": request timeout"

running (02m31.8s), 021/225 VUs, 1033 complete and 0 interrupted iterations
openloop_spike   [  21% ] 021/225 VUs  02m31.8s/12m0s  30.00 iters/s
time="2026-10-06T21:48:36Z" level=warning msg="Request Failed" error="Post \"http://auth-service.ecommerce.svc.cluster.local:8001/auth/login\": request timeout"
time="2026-10-06T21:48:37Z" level=warning msg="Request Failed" error="Post \"http://auth-service.ecommerce.svc.cluster.local:8001/auth/login\": request timeout"

running (02m32.8s), 022/225 VUs, 1062 complete and 0 interrupted iterations
openloop_spike   [  21% ] 022/225 VUs  02m32.8s/12m0s  30.00 iters/s
time="2026-10-06T21:48:37Z" level=warning msg="Request Failed" error="Post \"http://auth-service.ecommerce.svc.cluster.local:8001/auth/login\": request timeout"
time="2026-10-06T21:48:37Z" level=warning msg="Request Failed" error="Post \"http://auth-service.ecommerce.svc.cluster.local:8001/auth/login\": request timeout"

running (02m33.8s), 023/225 VUs, 1091 complete and 0 interrupted iterations
openloop_spike   [  21% ] 023/225 VUs  02m33.8s/12m0s  30.00 iters/s

running (02m34.8s), 022/225 VUs, 1122 complete and 0 interrupted iterations
openloop_spike   [  22% ] 022/225 VUs  02m34.8s/12m0s  30.00 iters/s
time="2026-10-06T21:48:39Z" level=warning msg="Request Failed" error="Post \"http://auth-service.ecommerce.svc.cluster.local:8001/auth/login\": request timeout"
time="2026-10-06T21:48:39Z" level=warning msg="Request Failed" error="Post \"http://auth-service.ecommerce.svc.cluster.local:8001/auth/login\": request timeout"
time="2026-10-06T21:48:39Z" level=warning msg="Request Failed" error="Post \"http://auth-service.ecommerce.svc.cluster.local:8001/auth/login\": request timeout"
time="2026-10-06T21:48:40Z" level=warning msg="Request Failed" error="Post \"http://auth-service.ecommerce.svc.cluster.local:8001/auth/login\": request timeout"

running (02m35.8s), 018/225 VUs, 1156 complete and 0 interrupted iterations
openloop_spike   [  22% ] 018/225 VUs  02m35.8s/12m0s  30.00 iters/s
time="2026-10-06T21:48:40Z" level=warning msg="Request Failed" error="Post \"http://auth-service.ecommerce.svc.cluster.local:8001/auth/login\": request timeout"

running (02m36.8s), 021/225 VUs, 1183 complete and 0 interrupted iterations
openloop_spike   [  22% ] 021/225 VUs  02m36.8s/12m0s  30.00 iters/s
time="2026-10-06T21:48:42Z" level=warning msg="Request Failed" error="Post \"http://auth-service.ecommerce.svc.cluster.local:8001/auth/login\": request timeout"

running (02m37.8s), 021/225 VUs, 1213 complete and 0 interrupted iterations
openloop_spike   [  22% ] 021/225 VUs  02m37.8s/12m0s  30.00 iters/s
time="2026-10-06T21:48:42Z" level=warning msg="Request Failed" error="Post \"http://auth-service.ecommerce.svc.cluster.local:8001/auth/login\": request timeout"
time="2026-10-06T21:48:42Z" level=warning msg="Request Failed" error="Post \"http://auth-service.ecommerce.svc.cluster.local:8001/auth/login\": request timeout"
time="2026-10-06T21:48:42Z" level=warning msg="Request Failed" error="Post \"http://auth-service.ecommerce.svc.cluster.local:8001/auth/login\": request timeout"
time="2026-10-06T21:48:42Z" level=warning msg="Request Failed" error="Post \"http://auth-service.ecommerce.svc.cluster.local:8001/auth/login\": request timeout"

running (02m38.8s), 018/225 VUs, 1246 complete and 0 interrupted iterations
openloop_spike   [  22% ] 018/225 VUs  02m38.8s/12m0s  30.00 iters/s
time="2026-10-06T21:48:44Z" level=warning msg="Request Failed" error="Post \"http://auth-service.ecommerce.svc.cluster.local:8001/auth/login\": request timeout"

running (02m39.8s), 033/225 VUs, 1261 complete and 0 interrupted iterations
openloop_spike   [  22% ] 033/225 VUs  02m39.8s/12m0s  30.00 iters/s
time="2026-10-06T21:48:44Z" level=warning msg="Request Failed" error="Post \"http://auth-service.ecommerce.svc.cluster.local:8001/auth/login\": request timeout"
time="2026-10-06T21:48:44Z" level=warning msg="Request Failed" error="Post \"http://auth-service.ecommerce.svc.cluster.local:8001/auth/login\": request timeout"

running (02m40.8s), 044/225 VUs, 1280 complete and 0 interrupted iterations
openloop_spike   [  22% ] 044/225 VUs  02m40.8s/12m0s  30.00 iters/s

running (02m41.8s), 055/225 VUs, 1299 complete and 0 interrupted iterations
openloop_spike   [  22% ] 055/225 VUs  02m41.8s/12m0s  30.00 iters/s
time="2026-10-06T21:48:46Z" level=warning msg="Request Failed" error="Post \"http://auth-service.ecommerce.svc.cluster.local:8001/auth/login\": request timeout"

running (02m42.8s), 044/225 VUs, 1340 complete and 0 interrupted iterations
openloop_spike   [  23% ] 044/225 VUs  02m42.8s/12m0s  30.00 iters/s

running (02m43.8s), 033/225 VUs, 1381 complete and 0 interrupted iterations
openloop_spike   [  23% ] 033/225 VUs  02m43.8s/12m0s  30.00 iters/s

running (02m44.8s), 038/225 VUs, 1406 complete and 0 interrupted iterations
openloop_spike   [  23% ] 038/225 VUs  02m44.8s/12m0s  30.00 iters/s
time="2026-10-06T21:48:49Z" level=warning msg="Request Failed" error="request timeout"
time="2026-10-06T21:48:50Z" level=warning msg="Request Failed" error="Post \"http://auth-service.ecommerce.svc.cluster.local:8001/auth/login\": request timeout"

running (02m45.8s), 053/225 VUs, 1421 complete and 0 interrupted iterations
openloop_spike   [  23% ] 053/225 VUs  02m45.8s/12m0s  30.00 iters/s
time="2026-10-06T21:48:51Z" level=warning msg="Request Failed" error="Post \"http://auth-service.ecommerce.svc.cluster.local:8001/auth/login\": request timeout"
time="2026-10-06T21:48:51Z" level=warning msg="Request Failed" error="Post \"http://auth-service.ecommerce.svc.cluster.local:8001/auth/login\": request timeout"

running (02m46.8s), 060/225 VUs, 1444 complete and 0 interrupted iterations
openloop_spike   [  23% ] 060/225 VUs  02m46.8s/12m0s  30.00 iters/s
time="2026-10-06T21:48:51Z" level=warning msg="Request Failed" error="Post \"http://auth-service.ecommerce.svc.cluster.local:8001/auth/login\": request timeout"
time="2026-10-06T21:48:52Z" level=warning msg="Request Failed" error="Post \"http://auth-service.ecommerce.svc.cluster.local:8001/auth/login\": request timeout"
time="2026-10-06T21:48:52Z" level=warning msg="Request Failed" error="Post \"http://auth-service.ecommerce.svc.cluster.local:8001/auth/login\": request timeout"

running (02m47.8s), 064/225 VUs, 1470 complete and 0 interrupted iterations
openloop_spike   [  23% ] 064/225 VUs  02m47.8s/12m0s  30.00 iters/s

running (02m48.8s), 065/225 VUs, 1499 complete and 0 interrupted iterations
openloop_spike   [  23% ] 065/225 VUs  02m48.8s/12m0s  30.00 iters/s
time="2026-10-06T21:48:53Z" level=warning msg="Request Failed" error="Post \"http://auth-service.ecommerce.svc.cluster.local:8001/auth/login\": request timeout"

running (02m49.8s), 065/225 VUs, 1529 complete and 0 interrupted iterations
openloop_spike   [  24% ] 065/225 VUs  02m49.8s/12m0s  30.00 iters/s
time="2026-10-06T21:48:54Z" level=warning msg="Request Failed" error="Post \"http://auth-service.ecommerce.svc.cluster.local:8001/auth/login\": request timeout"
time="2026-10-06T21:48:54Z" level=warning msg="Request Failed" error="Post \"http://auth-service.ecommerce.svc.cluster.local:8001/auth/login\": request timeout"

running (02m50.8s), 063/225 VUs, 1561 complete and 0 interrupted iterations
openloop_spike   [  24% ] 063/225 VUs  02m50.8s/12m0s  30.00 iters/s
time="2026-10-06T21:48:55Z" level=warning msg="Request Failed" error="Post \"http://auth-service.ecommerce.svc.cluster.local:8001/auth/login\": request timeout"
time="2026-10-06T21:48:55Z" level=warning msg="Request Failed" error="Post \"http://auth-service.ecommerce.svc.cluster.local:8001/auth/login\": request timeout"

running (02m51.8s), 072/225 VUs, 1582 complete and 0 interrupted iterations
openloop_spike   [  24% ] 072/225 VUs  02m51.8s/12m0s  30.00 iters/s
time="2026-10-06T21:48:57Z" level=warning msg="Request Failed" error="Post \"http://auth-service.ecommerce.svc.cluster.local:8001/auth/login\": request timeout"

running (02m52.8s), 072/225 VUs, 1612 complete and 0 interrupted iterations
openloop_spike   [  24% ] 072/225 VUs  02m52.8s/12m0s  30.00 iters/s
time="2026-10-06T21:48:57Z" level=warning msg="Request Failed" error="Post \"http://auth-service.ecommerce.svc.cluster.local:8001/auth/login\": request timeout"

running (02m53.8s), 076/225 VUs, 1638 complete and 0 interrupted iterations
openloop_spike   [  24% ] 076/225 VUs  02m53.8s/12m0s  30.00 iters/s
time="2026-10-06T21:48:58Z" level=warning msg="Request Failed" error="Post \"http://auth-service.ecommerce.svc.cluster.local:8001/auth/login\": request timeout"
time="2026-10-06T21:48:58Z" level=warning msg="Request Failed" error="Post \"http://auth-service.ecommerce.svc.cluster.local:8001/auth/login\": request timeout"
time="2026-10-06T21:48:58Z" level=warning msg="Request Failed" error="Post \"http://auth-service.ecommerce.svc.cluster.local:8001/auth/login\": request timeout"

running (02m54.8s), 078/225 VUs, 1666 complete and 0 interrupted iterations
openloop_spike   [  24% ] 078/225 VUs  02m54.8s/12m0s  30.00 iters/s
time="2026-10-06T21:48:59Z" level=warning msg="Request Failed" error="Post \"http://auth-service.ecommerce.svc.cluster.local:8001/auth/login\": request timeout"
time="2026-10-06T21:49:00Z" level=warning msg="Request Failed" error="Post \"http://auth-service.ecommerce.svc.cluster.local:8001/auth/login\": request timeout"
time="2026-10-06T21:49:00Z" level=warning msg="Request Failed" error="Post \"http://auth-service.ecommerce.svc.cluster.local:8001/auth/login\": request timeout"

running (02m55.8s), 092/225 VUs, 1682 complete and 0 interrupted iterations
openloop_spike   [  24% ] 092/225 VUs  02m55.8s/12m0s  30.00 iters/s
time="2026-10-06T21:49:00Z" level=warning msg="Request Failed" error="Post \"http://auth-service.ecommerce.svc.cluster.local:8001/auth/login\": request timeout"
time="2026-10-06T21:49:00Z" level=warning msg="Request Failed" error="Post \"http://auth-service.ecommerce.svc.cluster.local:8001/auth/login\": request timeout"

running (02m56.8s), 080/225 VUs, 1724 complete and 0 interrupted iterations
openloop_spike   [  25% ] 080/225 VUs  02m56.8s/12m0s  30.00 iters/s
time="2026-10-06T21:49:01Z" level=warning msg="Request Failed" error="Post \"http://auth-service.ecommerce.svc.cluster.local:8001/auth/login\": request timeout"
time="2026-10-06T21:49:01Z" level=warning msg="Request Failed" error="Post \"http://auth-service.ecommerce.svc.cluster.local:8001/auth/login\": request timeout"

running (02m57.8s), 066/225 VUs, 1768 complete and 0 interrupted iterations
openloop_spike   [  25% ] 066/225 VUs  02m57.8s/12m0s  30.00 iters/s
time="2026-10-06T21:49:02Z" level=warning msg="Request Failed" error="Post \"http://auth-service.ecommerce.svc.cluster.local:8001/auth/login\": request timeout"
time="2026-10-06T21:49:03Z" level=warning msg="Request Failed" error="Post \"http://auth-service.ecommerce.svc.cluster.local:8001/auth/login\": request timeout"

running (02m58.8s), 056/225 VUs, 1808 complete and 0 interrupted iterations
openloop_spike   [  25% ] 056/225 VUs  02m58.8s/12m0s  30.00 iters/s
time="2026-10-06T21:49:03Z" level=warning msg="Request Failed" error="Post \"http://auth-service.ecommerce.svc.cluster.local:8001/auth/login\": request timeout"

running (02m59.8s), 054/225 VUs, 1840 complete and 0 interrupted iterations
openloop_spike   [  25% ] 054/225 VUs  02m59.8s/12m0s  30.00 iters/s
time="2026-10-06T21:49:04Z" level=warning msg="Request Failed" error="Post \"http://auth-service.ecommerce.svc.cluster.local:8001/auth/login\": request timeout"
time="2026-10-06T21:49:04Z" level=warning msg="Request Failed" error="Post \"http://auth-service.ecommerce.svc.cluster.local:8001/auth/login\": request timeout"

running (03m00.8s), 046/225 VUs, 1878 complete and 0 interrupted iterations
openloop_spike   [  25% ] 046/225 VUs  03m00.8s/12m0s  30.00 iters/s

running (03m01.8s), 029/225 VUs, 1925 complete and 0 interrupted iterations
openloop_spike   [  25% ] 029/225 VUs  03m01.8s/12m0s  30.00 iters/s
time="2026-10-06T21:49:06Z" level=warning msg="Request Failed" error="Post \"http://auth-service.ecommerce.svc.cluster.local:8001/auth/login\": request timeout"

running (03m02.8s), 028/225 VUs, 1956 complete and 0 interrupted iterations
openloop_spike   [  25% ] 028/225 VUs  03m02.8s/12m0s  30.00 iters/s
time="2026-10-06T21:49:08Z" level=warning msg="Request Failed" error="Post \"http://auth-service.ecommerce.svc.cluster.local:8001/auth/login\": request timeout"

running (03m03.8s), 044/225 VUs, 1970 complete and 0 interrupted iterations
openloop_spike   [  26% ] 044/225 VUs  03m03.8s/12m0s  30.00 iters/s
time="2026-10-06T21:49:08Z" level=warning msg="Request Failed" error="Post \"http://auth-service.ecommerce.svc.cluster.local:8001/auth/login\": request timeout"
time="2026-10-06T21:49:09Z" level=warning msg="Request Failed" error="Post \"http://auth-service.ecommerce.svc.cluster.local:8001/auth/login\": request timeout"

running (03m04.8s), 010/225 VUs, 2034 complete and 0 interrupted iterations
openloop_spike   [  26% ] 010/225 VUs  03m04.8s/12m0s  30.00 iters/s

running (03m05.8s), 012/225 VUs, 2062 complete and 0 interrupted iterations
openloop_spike   [  26% ] 012/225 VUs  03m05.8s/12m0s  30.00 iters/s

running (03m06.8s), 018/225 VUs, 2086 complete and 0 interrupted iterations
openloop_spike   [  26% ] 018/225 VUs  03m06.8s/12m0s  30.00 iters/s

running (03m07.8s), 017/225 VUs, 2117 complete and 0 interrupted iterations
openloop_spike   [  26% ] 017/225 VUs  03m07.8s/12m0s  30.00 iters/s
time="2026-10-06T21:49:12Z" level=warning msg="Request Failed" error="Post \"http://auth-service.ecommerce.svc.cluster.local:8001/auth/login\": request timeout"

running (03m08.8s), 026/225 VUs, 2138 complete and 0 interrupted iterations
openloop_spike   [  26% ] 026/225 VUs  03m08.8s/12m0s  30.00 iters/s
time="2026-10-06T21:49:13Z" level=warning msg="Request Failed" error="Post \"http://auth-service.ecommerce.svc.cluster.local:8001/auth/login\": request timeout"

running (03m09.8s), 010/225 VUs, 2184 complete and 0 interrupted iterations
openloop_spike   [  26% ] 010/225 VUs  03m09.8s/12m0s  30.00 iters/s

running (03m10.8s), 006/225 VUs, 2218 complete and 0 interrupted iterations
openloop_spike   [  27% ] 006/225 VUs  03m10.8s/12m0s  30.00 iters/s

running (03m11.8s), 008/225 VUs, 2246 complete and 0 interrupted iterations
openloop_spike   [  27% ] 008/225 VUs  03m11.8s/12m0s  30.00 iters/s

running (03m12.8s), 004/225 VUs, 2280 complete and 0 interrupted iterations
openloop_spike   [  27% ] 004/225 VUs  03m12.8s/12m0s  30.00 iters/s

running (03m13.8s), 004/225 VUs, 2310 complete and 0 interrupted iterations
openloop_spike   [  27% ] 004/225 VUs  03m13.8s/12m0s  30.00 iters/s

running (03m14.8s), 001/225 VUs, 2343 complete and 0 interrupted iterations
openloop_spike   [  27% ] 001/225 VUs  03m14.8s/12m0s  30.00 iters/s

running (03m15.8s), 004/225 VUs, 2370 complete and 0 interrupted iterations
openloop_spike   [  27% ] 004/225 VUs  03m15.8s/12m0s  30.00 iters/s

running (03m16.8s), 002/225 VUs, 2402 complete and 0 interrupted iterations
openloop_spike   [  27% ] 002/225 VUs  03m16.8s/12m0s  30.00 iters/s

running (03m17.8s), 001/225 VUs, 2433 complete and 0 interrupted iterations
openloop_spike   [  27% ] 001/225 VUs  03m17.8s/12m0s  30.00 iters/s

running (03m18.8s), 006/225 VUs, 2458 complete and 0 interrupted iterations
openloop_spike   [  28% ] 006/225 VUs  03m18.8s/12m0s  30.00 iters/s

running (03m19.8s), 006/225 VUs, 2488 complete and 0 interrupted iterations
openloop_spike   [  28% ] 006/225 VUs  03m19.8s/12m0s  30.00 iters/s

running (03m20.8s), 010/225 VUs, 2514 complete and 0 interrupted iterations
openloop_spike   [  28% ] 010/225 VUs  03m20.8s/12m0s  30.00 iters/s

running (03m21.8s), 013/225 VUs, 2541 complete and 0 interrupted iterations
openloop_spike   [  28% ] 013/225 VUs  03m21.8s/12m0s  30.00 iters/s

running (03m22.8s), 012/225 VUs, 2572 complete and 0 interrupted iterations
openloop_spike   [  28% ] 012/225 VUs  03m22.8s/12m0s  30.00 iters/s

running (03m23.8s), 010/225 VUs, 2604 complete and 0 interrupted iterations
openloop_spike   [  28% ] 010/225 VUs  03m23.8s/12m0s  30.00 iters/s

running (03m24.8s), 007/225 VUs, 2637 complete and 0 interrupted iterations
openloop_spike   [  28% ] 007/225 VUs  03m24.8s/12m0s  30.00 iters/s

running (03m25.8s), 006/225 VUs, 2668 complete and 0 interrupted iterations
openloop_spike   [  29% ] 006/225 VUs  03m25.8s/12m0s  30.00 iters/s

running (03m26.8s), 010/225 VUs, 2694 complete and 0 interrupted iterations
openloop_spike   [  29% ] 010/225 VUs  03m26.8s/12m0s  30.00 iters/s

running (03m27.8s), 009/225 VUs, 2725 complete and 0 interrupted iterations
openloop_spike   [  29% ] 009/225 VUs  03m27.8s/12m0s  30.00 iters/s

running (03m28.8s), 005/225 VUs, 2759 complete and 0 interrupted iterations
openloop_spike   [  29% ] 005/225 VUs  03m28.8s/12m0s  30.00 iters/s

running (03m29.8s), 006/225 VUs, 2788 complete and 0 interrupted iterations
openloop_spike   [  29% ] 006/225 VUs  03m29.8s/12m0s  30.00 iters/s

running (03m30.8s), 009/225 VUs, 2815 complete and 0 interrupted iterations
openloop_spike   [  29% ] 009/225 VUs  03m30.8s/12m0s  30.00 iters/s

running (03m31.8s), 019/225 VUs, 2835 complete and 0 interrupted iterations
openloop_spike   [  29% ] 019/225 VUs  03m31.8s/12m0s  30.00 iters/s

running (03m32.8s), 023/225 VUs, 2861 complete and 0 interrupted iterations
openloop_spike   [  30% ] 023/225 VUs  03m32.8s/12m0s  30.00 iters/s

running (03m33.8s), 017/225 VUs, 2897 complete and 0 interrupted iterations
openloop_spike   [  30% ] 017/225 VUs  03m33.8s/12m0s  30.00 iters/s

running (03m34.8s), 010/225 VUs, 2934 complete and 0 interrupted iterations
openloop_spike   [  30% ] 010/225 VUs  03m34.8s/12m0s  30.00 iters/s

running (03m35.8s), 006/225 VUs, 2968 complete and 0 interrupted iterations
openloop_spike   [  30% ] 006/225 VUs  03m35.8s/12m0s  30.00 iters/s

running (03m36.8s), 001/225 VUs, 3003 complete and 0 interrupted iterations
openloop_spike   [  30% ] 001/225 VUs  03m36.8s/12m0s  30.00 iters/s

running (03m37.8s), 003/225 VUs, 3031 complete and 0 interrupted iterations
openloop_spike   [  30% ] 003/225 VUs  03m37.8s/12m0s  30.00 iters/s

running (03m38.8s), 009/225 VUs, 3055 complete and 0 interrupted iterations
openloop_spike   [  30% ] 009/225 VUs  03m38.8s/12m0s  30.00 iters/s

running (03m39.8s), 006/225 VUs, 3088 complete and 0 interrupted iterations
openloop_spike   [  31% ] 006/225 VUs  03m39.8s/12m0s  30.00 iters/s

running (03m40.8s), 007/225 VUs, 3117 complete and 0 interrupted iterations
openloop_spike   [  31% ] 007/225 VUs  03m40.8s/12m0s  30.00 iters/s

running (03m41.8s), 008/225 VUs, 3146 complete and 0 interrupted iterations
openloop_spike   [  31% ] 008/225 VUs  03m41.8s/12m0s  30.00 iters/s

running (03m42.8s), 009/225 VUs, 3175 complete and 0 interrupted iterations
openloop_spike   [  31% ] 009/225 VUs  03m42.8s/12m0s  30.00 iters/s

running (03m43.8s), 009/225 VUs, 3205 complete and 0 interrupted iterations
openloop_spike   [  31% ] 009/225 VUs  03m43.8s/12m0s  30.00 iters/s

running (03m44.8s), 011/225 VUs, 3233 complete and 0 interrupted iterations
openloop_spike   [  31% ] 011/225 VUs  03m44.8s/12m0s  30.00 iters/s

running (03m45.8s), 010/225 VUs, 3264 complete and 0 interrupted iterations
openloop_spike   [  31% ] 010/225 VUs  03m45.8s/12m0s  30.00 iters/s

running (03m46.8s), 013/225 VUs, 3291 complete and 0 interrupted iterations
openloop_spike   [  32% ] 013/225 VUs  03m46.8s/12m0s  30.00 iters/s

running (03m47.8s), 012/225 VUs, 3322 complete and 0 interrupted iterations
openloop_spike   [  32% ] 012/225 VUs  03m47.8s/12m0s  30.00 iters/s

running (03m48.8s), 011/225 VUs, 3353 complete and 0 interrupted iterations
openloop_spike   [  32% ] 011/225 VUs  03m48.8s/12m0s  30.00 iters/s

running (03m49.8s), 011/225 VUs, 3383 complete and 0 interrupted iterations
openloop_spike   [  32% ] 011/225 VUs  03m49.8s/12m0s  30.00 iters/s

running (03m50.8s), 007/225 VUs, 3417 complete and 0 interrupted iterations
openloop_spike   [  32% ] 007/225 VUs  03m50.8s/12m0s  30.00 iters/s

running (03m51.8s), 003/225 VUs, 3451 complete and 0 interrupted iterations
openloop_spike   [  32% ] 003/225 VUs  03m51.8s/12m0s  30.00 iters/s

running (03m52.8s), 005/225 VUs, 3479 complete and 0 interrupted iterations
openloop_spike   [  32% ] 005/225 VUs  03m52.8s/12m0s  30.00 iters/s

running (03m53.8s), 007/225 VUs, 3507 complete and 0 interrupted iterations
openloop_spike   [  32% ] 007/225 VUs  03m53.8s/12m0s  30.00 iters/s

running (03m54.8s), 004/225 VUs, 3540 complete and 0 interrupted iterations
openloop_spike   [  33% ] 004/225 VUs  03m54.8s/12m0s  30.00 iters/s

running (03m55.8s), 002/225 VUs, 3572 complete and 0 interrupted iterations
openloop_spike   [  33% ] 002/225 VUs  03m55.8s/12m0s  30.00 iters/s

running (03m56.8s), 001/225 VUs, 3603 complete and 0 interrupted iterations
openloop_spike   [  33% ] 001/225 VUs  03m56.8s/12m0s  30.00 iters/s

running (03m57.8s), 001/225 VUs, 3633 complete and 0 interrupted iterations
openloop_spike   [  33% ] 001/225 VUs  03m57.8s/12m0s  30.00 iters/s

running (03m58.8s), 009/225 VUs, 3655 complete and 0 interrupted iterations
openloop_spike   [  33% ] 009/225 VUs  03m58.8s/12m0s  30.00 iters/s

running (03m59.8s), 010/225 VUs, 3684 complete and 0 interrupted iterations
openloop_spike   [  33% ] 010/225 VUs  03m59.8s/12m0s  30.00 iters/s

running (04m00.8s), 009/225 VUs, 3715 complete and 0 interrupted iterations
openloop_spike   [  33% ] 009/225 VUs  04m00.8s/12m0s  30.00 iters/s

running (04m01.8s), 003/225 VUs, 3751 complete and 0 interrupted iterations
openloop_spike   [  34% ] 003/225 VUs  04m01.8s/12m0s  30.00 iters/s

running (04m02.8s), 003/225 VUs, 3781 complete and 0 interrupted iterations
openloop_spike   [  34% ] 003/225 VUs  04m02.8s/12m0s  30.00 iters/s

running (04m03.8s), 000/225 VUs, 3814 complete and 0 interrupted iterations
openloop_spike   [  34% ] 000/225 VUs  04m03.8s/12m0s  30.00 iters/s

running (04m04.8s), 004/225 VUs, 3840 complete and 0 interrupted iterations
openloop_spike   [  34% ] 004/225 VUs  04m04.8s/12m0s  30.00 iters/s

running (04m05.8s), 006/225 VUs, 3868 complete and 0 interrupted iterations
openloop_spike   [  34% ] 006/225 VUs  04m05.8s/12m0s  30.00 iters/s

running (04m06.8s), 008/225 VUs, 3896 complete and 0 interrupted iterations
openloop_spike   [  34% ] 008/225 VUs  04m06.8s/12m0s  30.00 iters/s

running (04m07.8s), 011/225 VUs, 3923 complete and 0 interrupted iterations
openloop_spike   [  34% ] 011/225 VUs  04m07.8s/12m0s  30.00 iters/s

running (04m08.8s), 018/225 VUs, 3946 complete and 0 interrupted iterations
openloop_spike   [  35% ] 018/225 VUs  04m08.8s/12m0s  30.00 iters/s

running (04m09.8s), 022/225 VUs, 3972 complete and 0 interrupted iterations
openloop_spike   [  35% ] 022/225 VUs  04m09.8s/12m0s  30.00 iters/s
time="2026-10-06T21:50:14Z" level=warning msg="Request Failed" error="Post \"http://auth-service.ecommerce.svc.cluster.local:8001/auth/login\": request timeout"
time="2026-10-06T21:50:15Z" level=warning msg="Request Failed" error="Post \"http://auth-service.ecommerce.svc.cluster.local:8001/auth/login\": request timeout"

running (04m10.8s), 026/225 VUs, 3998 complete and 0 interrupted iterations
openloop_spike   [  35% ] 026/225 VUs  04m10.8s/12m0s  30.00 iters/s
time="2026-10-06T21:50:15Z" level=warning msg="Request Failed" error="Post \"http://auth-service.ecommerce.svc.cluster.local:8001/auth/login\": request timeout"

running (04m11.8s), 001/225 VUs, 4053 complete and 0 interrupted iterations
openloop_spike   [  35% ] 001/225 VUs  04m11.8s/12m0s  30.00 iters/s

running (04m12.8s), 001/225 VUs, 4083 complete and 0 interrupted iterations
openloop_spike   [  35% ] 001/225 VUs  04m12.8s/12m0s  30.00 iters/s

running (04m13.8s), 003/225 VUs, 4111 complete and 0 interrupted iterations
openloop_spike   [  35% ] 003/225 VUs  04m13.8s/12m0s  30.00 iters/s

running (04m14.8s), 004/225 VUs, 4140 complete and 0 interrupted iterations
openloop_spike   [  35% ] 004/225 VUs  04m14.8s/12m0s  30.00 iters/s

running (04m15.8s), 006/225 VUs, 4168 complete and 0 interrupted iterations
openloop_spike   [  36% ] 006/225 VUs  04m15.8s/12m0s  30.00 iters/s

running (04m16.8s), 007/225 VUs, 4197 complete and 0 interrupted iterations
openloop_spike   [  36% ] 007/225 VUs  04m16.8s/12m0s  30.00 iters/s

running (04m17.8s), 010/225 VUs, 4224 complete and 0 interrupted iterations
openloop_spike   [  36% ] 010/225 VUs  04m17.8s/12m0s  30.00 iters/s

running (04m18.8s), 003/225 VUs, 4261 complete and 0 interrupted iterations
openloop_spike   [  36% ] 003/225 VUs  04m18.8s/12m0s  30.00 iters/s

running (04m19.8s), 002/225 VUs, 4292 complete and 0 interrupted iterations
openloop_spike   [  36% ] 002/225 VUs  04m19.8s/12m0s  30.00 iters/s

running (04m20.8s), 001/225 VUs, 4323 complete and 0 interrupted iterations
openloop_spike   [  36% ] 001/225 VUs  04m20.8s/12m0s  30.00 iters/s

running (04m21.8s), 002/225 VUs, 4352 complete and 0 interrupted iterations
openloop_spike   [  36% ] 002/225 VUs  04m21.8s/12m0s  30.00 iters/s

running (04m22.8s), 001/225 VUs, 4383 complete and 0 interrupted iterations
openloop_spike   [  37% ] 001/225 VUs  04m22.8s/12m0s  30.00 iters/s

running (04m23.8s), 003/225 VUs, 4411 complete and 0 interrupted iterations
openloop_spike   [  37% ] 003/225 VUs  04m23.8s/12m0s  30.00 iters/s

running (04m24.8s), 002/225 VUs, 4442 complete and 0 interrupted iterations
openloop_spike   [  37% ] 002/225 VUs  04m24.8s/12m0s  30.00 iters/s

running (04m25.8s), 003/225 VUs, 4471 complete and 0 interrupted iterations
openloop_spike   [  37% ] 003/225 VUs  04m25.8s/12m0s  30.00 iters/s

running (04m26.8s), 007/225 VUs, 4497 complete and 0 interrupted iterations
openloop_spike   [  37% ] 007/225 VUs  04m26.8s/12m0s  30.00 iters/s

running (04m27.8s), 006/225 VUs, 4528 complete and 0 interrupted iterations
openloop_spike   [  37% ] 006/225 VUs  04m27.8s/12m0s  30.00 iters/s

running (04m28.8s), 008/225 VUs, 4556 complete and 0 interrupted iterations
openloop_spike   [  37% ] 008/225 VUs  04m28.8s/12m0s  30.00 iters/s

running (04m29.8s), 003/225 VUs, 4591 complete and 0 interrupted iterations
openloop_spike   [  37% ] 003/225 VUs  04m29.8s/12m0s  30.00 iters/s

running (04m30.8s), 000/225 VUs, 4624 complete and 0 interrupted iterations
openloop_spike   [  38% ] 000/225 VUs  04m30.8s/12m0s  30.00 iters/s

running (04m31.8s), 001/225 VUs, 4653 complete and 0 interrupted iterations
openloop_spike   [  38% ] 001/225 VUs  04m31.8s/12m0s  30.00 iters/s

running (04m32.8s), 002/225 VUs, 4682 complete and 0 interrupted iterations
openloop_spike   [  38% ] 002/225 VUs  04m32.8s/12m0s  30.00 iters/s

running (04m33.8s), 001/225 VUs, 4713 complete and 0 interrupted iterations
openloop_spike   [  38% ] 001/225 VUs  04m33.8s/12m0s  30.00 iters/s

running (04m34.8s), 004/225 VUs, 4740 complete and 0 interrupted iterations
openloop_spike   [  38% ] 004/225 VUs  04m34.8s/12m0s  30.00 iters/s

running (04m35.8s), 005/225 VUs, 4769 complete and 0 interrupted iterations
openloop_spike   [  38% ] 005/225 VUs  04m35.8s/12m0s  30.00 iters/s

running (04m36.8s), 000/225 VUs, 4804 complete and 0 interrupted iterations
openloop_spike   [  38% ] 000/225 VUs  04m36.8s/12m0s  30.00 iters/s

running (04m37.8s), 007/225 VUs, 4827 complete and 0 interrupted iterations
openloop_spike   [  39% ] 007/225 VUs  04m37.8s/12m0s  30.00 iters/s

running (04m38.8s), 004/225 VUs, 4860 complete and 0 interrupted iterations
openloop_spike   [  39% ] 004/225 VUs  04m38.8s/12m0s  30.00 iters/s

running (04m39.8s), 001/225 VUs, 4893 complete and 0 interrupted iterations
openloop_spike   [  39% ] 001/225 VUs  04m39.8s/12m0s  30.00 iters/s

running (04m40.8s), 001/225 VUs, 4923 complete and 0 interrupted iterations
openloop_spike   [  39% ] 001/225 VUs  04m40.8s/12m0s  30.00 iters/s

running (04m41.8s), 003/225 VUs, 4951 complete and 0 interrupted iterations
openloop_spike   [  39% ] 003/225 VUs  04m41.8s/12m0s  30.00 iters/s

running (04m42.8s), 003/225 VUs, 4981 complete and 0 interrupted iterations
openloop_spike   [  39% ] 003/225 VUs  04m42.8s/12m0s  30.00 iters/s

running (04m43.8s), 006/225 VUs, 5008 complete and 0 interrupted iterations
openloop_spike   [  39% ] 006/225 VUs  04m43.8s/12m0s  30.00 iters/s

running (04m44.8s), 006/225 VUs, 5038 complete and 0 interrupted iterations
openloop_spike   [  40% ] 006/225 VUs  04m44.8s/12m0s  30.00 iters/s

running (04m45.8s), 003/225 VUs, 5071 complete and 0 interrupted iterations
openloop_spike   [  40% ] 003/225 VUs  04m45.8s/12m0s  30.00 iters/s

running (04m46.8s), 003/225 VUs, 5101 complete and 0 interrupted iterations
openloop_spike   [  40% ] 003/225 VUs  04m46.8s/12m0s  30.00 iters/s

running (04m47.8s), 002/225 VUs, 5132 complete and 0 interrupted iterations
openloop_spike   [  40% ] 002/225 VUs  04m47.8s/12m0s  30.00 iters/s

running (04m48.8s), 004/225 VUs, 5160 complete and 0 interrupted iterations
openloop_spike   [  40% ] 004/225 VUs  04m48.8s/12m0s  30.00 iters/s

running (04m49.8s), 000/225 VUs, 5194 complete and 0 interrupted iterations
openloop_spike   [  40% ] 000/225 VUs  04m49.8s/12m0s  30.00 iters/s

running (04m50.8s), 003/225 VUs, 5221 complete and 0 interrupted iterations
openloop_spike   [  40% ] 003/225 VUs  04m50.8s/12m0s  30.00 iters/s

running (04m51.8s), 000/225 VUs, 5254 complete and 0 interrupted iterations
openloop_spike   [  41% ] 000/225 VUs  04m51.8s/12m0s  30.00 iters/s

running (04m52.8s), 002/225 VUs, 5282 complete and 0 interrupted iterations
openloop_spike   [  41% ] 002/225 VUs  04m52.8s/12m0s  30.00 iters/s

running (04m53.8s), 004/225 VUs, 5310 complete and 0 interrupted iterations
openloop_spike   [  41% ] 004/225 VUs  04m53.8s/12m0s  30.00 iters/s

running (04m54.8s), 003/225 VUs, 5341 complete and 0 interrupted iterations
openloop_spike   [  41% ] 003/225 VUs  04m54.8s/12m0s  30.00 iters/s

running (04m55.8s), 004/225 VUs, 5370 complete and 0 interrupted iterations
openloop_spike   [  41% ] 004/225 VUs  04m55.8s/12m0s  30.00 iters/s

running (04m56.8s), 006/225 VUs, 5398 complete and 0 interrupted iterations
openloop_spike   [  41% ] 006/225 VUs  04m56.8s/12m0s  30.00 iters/s

running (04m57.8s), 001/225 VUs, 5433 complete and 0 interrupted iterations
openloop_spike   [  41% ] 001/225 VUs  04m57.8s/12m0s  30.00 iters/s

running (04m58.8s), 007/225 VUs, 5457 complete and 0 interrupted iterations
openloop_spike   [  42% ] 007/225 VUs  04m58.8s/12m0s  30.00 iters/s

running (04m59.8s), 007/225 VUs, 5487 complete and 0 interrupted iterations
openloop_spike   [  42% ] 007/225 VUs  04m59.8s/12m0s  30.00 iters/s

running (05m00.8s), 002/225 VUs, 5522 complete and 0 interrupted iterations
openloop_spike   [  42% ] 002/225 VUs  05m00.8s/12m0s  30.00 iters/s

running (05m01.8s), 003/225 VUs, 5551 complete and 0 interrupted iterations
openloop_spike   [  42% ] 003/225 VUs  05m01.8s/12m0s  30.00 iters/s

running (05m02.8s), 001/225 VUs, 5583 complete and 0 interrupted iterations
openloop_spike   [  42% ] 001/225 VUs  05m02.8s/12m0s  30.00 iters/s

running (05m03.8s), 002/225 VUs, 5612 complete and 0 interrupted iterations
openloop_spike   [  42% ] 002/225 VUs  05m03.8s/12m0s  30.00 iters/s

running (05m04.8s), 003/225 VUs, 5641 complete and 0 interrupted iterations
openloop_spike   [  42% ] 003/225 VUs  05m04.8s/12m0s  30.00 iters/s

running (05m05.8s), 005/225 VUs, 5669 complete and 0 interrupted iterations
openloop_spike   [  42% ] 005/225 VUs  05m05.8s/12m0s  30.00 iters/s

running (05m06.8s), 002/225 VUs, 5702 complete and 0 interrupted iterations
openloop_spike   [  43% ] 002/225 VUs  05m06.8s/12m0s  30.00 iters/s

running (05m07.8s), 005/225 VUs, 5729 complete and 0 interrupted iterations
openloop_spike   [  43% ] 005/225 VUs  05m07.8s/12m0s  30.00 iters/s

running (05m08.8s), 006/225 VUs, 5758 complete and 0 interrupted iterations
openloop_spike   [  43% ] 006/225 VUs  05m08.8s/12m0s  30.00 iters/s

running (05m09.8s), 006/225 VUs, 5788 complete and 0 interrupted iterations
openloop_spike   [  43% ] 006/225 VUs  05m09.8s/12m0s  30.00 iters/s

running (05m10.8s), 006/225 VUs, 5818 complete and 0 interrupted iterations
openloop_spike   [  43% ] 006/225 VUs  05m10.8s/12m0s  30.00 iters/s

running (05m11.8s), 003/225 VUs, 5851 complete and 0 interrupted iterations
openloop_spike   [  43% ] 003/225 VUs  05m11.8s/12m0s  30.00 iters/s

running (05m12.8s), 004/225 VUs, 5880 complete and 0 interrupted iterations
openloop_spike   [  43% ] 004/225 VUs  05m12.8s/12m0s  30.00 iters/s

running (05m13.8s), 003/225 VUs, 5911 complete and 0 interrupted iterations
openloop_spike   [  44% ] 003/225 VUs  05m13.8s/12m0s  30.00 iters/s

running (05m14.8s), 004/225 VUs, 5940 complete and 0 interrupted iterations
openloop_spike   [  44% ] 004/225 VUs  05m14.8s/12m0s  30.00 iters/s

running (05m15.8s), 004/225 VUs, 5970 complete and 0 interrupted iterations
openloop_spike   [  44% ] 004/225 VUs  05m15.8s/12m0s  30.00 iters/s

running (05m16.8s), 006/225 VUs, 5998 complete and 0 interrupted iterations
openloop_spike   [  44% ] 006/225 VUs  05m16.8s/12m0s  30.00 iters/s

running (05m17.8s), 001/225 VUs, 6033 complete and 0 interrupted iterations
openloop_spike   [  44% ] 001/225 VUs  05m17.8s/12m0s  30.00 iters/s

running (05m18.8s), 002/225 VUs, 6062 complete and 0 interrupted iterations
openloop_spike   [  44% ] 002/225 VUs  05m18.8s/12m0s  30.00 iters/s

running (05m19.8s), 003/225 VUs, 6091 complete and 0 interrupted iterations
openloop_spike   [  44% ] 003/225 VUs  05m19.8s/12m0s  30.00 iters/s

running (05m20.8s), 005/225 VUs, 6119 complete and 0 interrupted iterations
openloop_spike   [  45% ] 005/225 VUs  05m20.8s/12m0s  30.00 iters/s

running (05m21.8s), 003/225 VUs, 6151 complete and 0 interrupted iterations
openloop_spike   [  45% ] 003/225 VUs  05m21.8s/12m0s  30.00 iters/s

running (05m22.8s), 003/225 VUs, 6181 complete and 0 interrupted iterations
openloop_spike   [  45% ] 003/225 VUs  05m22.8s/12m0s  30.00 iters/s

running (05m23.8s), 003/225 VUs, 6211 complete and 0 interrupted iterations
openloop_spike   [  45% ] 003/225 VUs  05m23.8s/12m0s  30.00 iters/s

running (05m24.8s), 004/225 VUs, 6240 complete and 0 interrupted iterations
openloop_spike   [  45% ] 004/225 VUs  05m24.8s/12m0s  30.00 iters/s

running (05m25.8s), 004/225 VUs, 6270 complete and 0 interrupted iterations
openloop_spike   [  45% ] 004/225 VUs  05m25.8s/12m0s  30.00 iters/s

running (05m26.8s), 003/225 VUs, 6301 complete and 0 interrupted iterations
openloop_spike   [  45% ] 003/225 VUs  05m26.8s/12m0s  30.00 iters/s

running (05m27.8s), 002/225 VUs, 6332 complete and 0 interrupted iterations
openloop_spike   [  46% ] 002/225 VUs  05m27.8s/12m0s  30.00 iters/s

running (05m28.8s), 006/225 VUs, 6358 complete and 0 interrupted iterations
openloop_spike   [  46% ] 006/225 VUs  05m28.8s/12m0s  30.00 iters/s

running (05m29.8s), 008/225 VUs, 6386 complete and 0 interrupted iterations
openloop_spike   [  46% ] 008/225 VUs  05m29.8s/12m0s  30.00 iters/s

running (05m30.8s), 007/225 VUs, 6417 complete and 0 interrupted iterations
openloop_spike   [  46% ] 007/225 VUs  05m30.8s/12m0s  30.00 iters/s

running (05m31.8s), 007/225 VUs, 6447 complete and 0 interrupted iterations
openloop_spike   [  46% ] 007/225 VUs  05m31.8s/12m0s  30.00 iters/s

running (05m32.8s), 008/225 VUs, 6476 complete and 0 interrupted iterations
openloop_spike   [  46% ] 008/225 VUs  05m32.8s/12m0s  30.00 iters/s

running (05m33.8s), 004/225 VUs, 6510 complete and 0 interrupted iterations
openloop_spike   [  46% ] 004/225 VUs  05m33.8s/12m0s  30.00 iters/s

running (05m34.8s), 005/225 VUs, 6539 complete and 0 interrupted iterations
openloop_spike   [  47% ] 005/225 VUs  05m34.8s/12m0s  30.00 iters/s

running (05m35.8s), 004/225 VUs, 6570 complete and 0 interrupted iterations
openloop_spike   [  47% ] 004/225 VUs  05m35.8s/12m0s  30.00 iters/s

running (05m36.8s), 002/225 VUs, 6602 complete and 0 interrupted iterations
openloop_spike   [  47% ] 002/225 VUs  05m36.8s/12m0s  30.00 iters/s

running (05m37.8s), 002/225 VUs, 6632 complete and 0 interrupted iterations
openloop_spike   [  47% ] 002/225 VUs  05m37.8s/12m0s  30.00 iters/s

running (05m38.8s), 004/225 VUs, 6660 complete and 0 interrupted iterations
openloop_spike   [  47% ] 004/225 VUs  05m38.8s/12m0s  30.00 iters/s

running (05m39.8s), 002/225 VUs, 6692 complete and 0 interrupted iterations
openloop_spike   [  47% ] 002/225 VUs  05m39.8s/12m0s  30.00 iters/s

running (05m40.8s), 004/225 VUs, 6720 complete and 0 interrupted iterations
openloop_spike   [  47% ] 004/225 VUs  05m40.8s/12m0s  30.00 iters/s

running (05m41.8s), 001/225 VUs, 6753 complete and 0 interrupted iterations
openloop_spike   [  47% ] 001/225 VUs  05m41.8s/12m0s  30.00 iters/s

running (05m42.8s), 003/225 VUs, 6781 complete and 0 interrupted iterations
openloop_spike   [  48% ] 003/225 VUs  05m42.8s/12m0s  30.00 iters/s

running (05m43.8s), 004/225 VUs, 6810 complete and 0 interrupted iterations
openloop_spike   [  48% ] 004/225 VUs  05m43.8s/12m0s  30.00 iters/s

running (05m44.8s), 007/225 VUs, 6837 complete and 0 interrupted iterations
openloop_spike   [  48% ] 007/225 VUs  05m44.8s/12m0s  30.00 iters/s

running (05m45.8s), 006/225 VUs, 6868 complete and 0 interrupted iterations
openloop_spike   [  48% ] 006/225 VUs  05m45.8s/12m0s  30.00 iters/s

running (05m46.8s), 004/225 VUs, 6900 complete and 0 interrupted iterations
openloop_spike   [  48% ] 004/225 VUs  05m46.8s/12m0s  30.00 iters/s

running (05m47.8s), 002/225 VUs, 6932 complete and 0 interrupted iterations
openloop_spike   [  48% ] 002/225 VUs  05m47.8s/12m0s  30.00 iters/s

running (05m48.8s), 003/225 VUs, 6961 complete and 0 interrupted iterations
openloop_spike   [  48% ] 003/225 VUs  05m48.8s/12m0s  30.00 iters/s

running (05m49.8s), 003/225 VUs, 6991 complete and 0 interrupted iterations
openloop_spike   [  49% ] 003/225 VUs  05m49.8s/12m0s  30.00 iters/s

running (05m50.8s), 000/225 VUs, 7024 complete and 0 interrupted iterations
openloop_spike   [  49% ] 000/225 VUs  05m50.8s/12m0s  30.00 iters/s

running (05m51.8s), 004/225 VUs, 7050 complete and 0 interrupted iterations
openloop_spike   [  49% ] 004/225 VUs  05m51.8s/12m0s  30.00 iters/s

running (05m52.8s), 000/225 VUs, 7084 complete and 0 interrupted iterations
openloop_spike   [  49% ] 000/225 VUs  05m52.8s/12m0s  30.00 iters/s

running (05m53.8s), 002/225 VUs, 7112 complete and 0 interrupted iterations
openloop_spike   [  49% ] 002/225 VUs  05m53.8s/12m0s  30.00 iters/s

running (05m54.8s), 001/225 VUs, 7143 complete and 0 interrupted iterations
openloop_spike   [  49% ] 001/225 VUs  05m54.8s/12m0s  30.00 iters/s

running (05m55.8s), 003/225 VUs, 7171 complete and 0 interrupted iterations
openloop_spike   [  49% ] 003/225 VUs  05m55.8s/12m0s  30.00 iters/s

running (05m56.8s), 004/225 VUs, 7200 complete and 0 interrupted iterations
openloop_spike   [  50% ] 004/225 VUs  05m56.8s/12m0s  30.00 iters/s

running (05m57.8s), 002/225 VUs, 7232 complete and 0 interrupted iterations
openloop_spike   [  50% ] 002/225 VUs  05m57.8s/12m0s  30.00 iters/s

running (05m58.8s), 002/225 VUs, 7262 complete and 0 interrupted iterations
openloop_spike   [  50% ] 002/225 VUs  05m58.8s/12m0s  30.00 iters/s

running (05m59.8s), 008/225 VUs, 7286 complete and 0 interrupted iterations
openloop_spike   [  50% ] 008/225 VUs  05m59.8s/12m0s  30.00 iters/s

running (06m00.8s), 003/225 VUs, 7321 complete and 0 interrupted iterations
openloop_spike   [  50% ] 003/225 VUs  06m00.8s/12m0s  30.00 iters/s

running (06m01.8s), 000/225 VUs, 7354 complete and 0 interrupted iterations
openloop_spike   [  50% ] 000/225 VUs  06m01.8s/12m0s  30.00 iters/s

running (06m02.8s), 005/225 VUs, 7379 complete and 0 interrupted iterations
openloop_spike   [  50% ] 005/225 VUs  06m02.8s/12m0s  30.00 iters/s

running (06m03.8s), 007/225 VUs, 7407 complete and 0 interrupted iterations
openloop_spike   [  51% ] 007/225 VUs  06m03.8s/12m0s  30.00 iters/s

running (06m04.8s), 008/225 VUs, 7436 complete and 0 interrupted iterations
openloop_spike   [  51% ] 008/225 VUs  06m04.8s/12m0s  30.00 iters/s

running (06m05.8s), 004/225 VUs, 7470 complete and 0 interrupted iterations
openloop_spike   [  51% ] 004/225 VUs  06m05.8s/12m0s  30.00 iters/s

running (06m06.8s), 005/225 VUs, 7499 complete and 0 interrupted iterations
openloop_spike   [  51% ] 005/225 VUs  06m06.8s/12m0s  30.00 iters/s

running (06m07.8s), 004/225 VUs, 7530 complete and 0 interrupted iterations
openloop_spike   [  51% ] 004/225 VUs  06m07.8s/12m0s  30.00 iters/s

running (06m08.8s), 005/225 VUs, 7559 complete and 0 interrupted iterations
openloop_spike   [  51% ] 005/225 VUs  06m08.8s/12m0s  30.00 iters/s

running (06m09.8s), 001/225 VUs, 7593 complete and 0 interrupted iterations
openloop_spike   [  51% ] 001/225 VUs  06m09.8s/12m0s  30.00 iters/s

running (06m10.8s), 004/225 VUs, 7620 complete and 0 interrupted iterations
openloop_spike   [  52% ] 004/225 VUs  06m10.8s/12m0s  30.00 iters/s

running (06m11.8s), 007/225 VUs, 7647 complete and 0 interrupted iterations
openloop_spike   [  52% ] 007/225 VUs  06m11.8s/12m0s  30.00 iters/s

running (06m12.8s), 003/225 VUs, 7681 complete and 0 interrupted iterations
openloop_spike   [  52% ] 003/225 VUs  06m12.8s/12m0s  30.00 iters/s

running (06m13.8s), 004/225 VUs, 7710 complete and 0 interrupted iterations
openloop_spike   [  52% ] 004/225 VUs  06m13.8s/12m0s  30.00 iters/s

running (06m14.8s), 005/225 VUs, 7739 complete and 0 interrupted iterations
openloop_spike   [  52% ] 005/225 VUs  06m14.8s/12m0s  30.00 iters/s

running (06m15.8s), 008/225 VUs, 7766 complete and 0 interrupted iterations
openloop_spike   [  52% ] 008/225 VUs  06m15.8s/12m0s  30.00 iters/s

running (06m16.8s), 005/225 VUs, 7799 complete and 0 interrupted iterations
openloop_spike   [  52% ] 005/225 VUs  06m16.8s/12m0s  30.00 iters/s

running (06m17.8s), 005/225 VUs, 7829 complete and 0 interrupted iterations
openloop_spike   [  52% ] 005/225 VUs  06m17.8s/12m0s  30.00 iters/s

running (06m18.8s), 008/225 VUs, 7856 complete and 0 interrupted iterations
openloop_spike   [  53% ] 008/225 VUs  06m18.8s/12m0s  30.00 iters/s

running (06m19.8s), 008/225 VUs, 7886 complete and 0 interrupted iterations
openloop_spike   [  53% ] 008/225 VUs  06m19.8s/12m0s  30.00 iters/s

running (06m20.8s), 005/225 VUs, 7919 complete and 0 interrupted iterations
openloop_spike   [  53% ] 005/225 VUs  06m20.8s/12m0s  30.00 iters/s

running (06m21.8s), 004/225 VUs, 7950 complete and 0 interrupted iterations
openloop_spike   [  53% ] 004/225 VUs  06m21.8s/12m0s  30.00 iters/s

running (06m22.8s), 002/225 VUs, 7982 complete and 0 interrupted iterations
openloop_spike   [  53% ] 002/225 VUs  06m22.8s/12m0s  30.00 iters/s

running (06m23.8s), 001/225 VUs, 8013 complete and 0 interrupted iterations
openloop_spike   [  53% ] 001/225 VUs  06m23.8s/12m0s  30.00 iters/s

running (06m24.8s), 002/225 VUs, 8042 complete and 0 interrupted iterations
openloop_spike   [  53% ] 002/225 VUs  06m24.8s/12m0s  30.00 iters/s

running (06m25.8s), 005/225 VUs, 8069 complete and 0 interrupted iterations
openloop_spike   [  54% ] 005/225 VUs  06m25.8s/12m0s  30.00 iters/s

running (06m26.8s), 004/225 VUs, 8100 complete and 0 interrupted iterations
openloop_spike   [  54% ] 004/225 VUs  06m26.8s/12m0s  30.00 iters/s

running (06m27.8s), 004/225 VUs, 8130 complete and 0 interrupted iterations
openloop_spike   [  54% ] 004/225 VUs  06m27.8s/12m0s  30.00 iters/s

running (06m28.8s), 000/225 VUs, 8164 complete and 0 interrupted iterations
openloop_spike   [  54% ] 000/225 VUs  06m28.8s/12m0s  30.00 iters/s

running (06m29.8s), 002/225 VUs, 8192 complete and 0 interrupted iterations
openloop_spike   [  54% ] 002/225 VUs  06m29.8s/12m0s  30.00 iters/s

running (06m30.8s), 002/225 VUs, 8222 complete and 0 interrupted iterations
openloop_spike   [  54% ] 002/225 VUs  06m30.8s/12m0s  30.00 iters/s

running (06m31.8s), 001/225 VUs, 8253 complete and 0 interrupted iterations
openloop_spike   [  54% ] 001/225 VUs  06m31.8s/12m0s  30.00 iters/s

running (06m32.8s), 003/225 VUs, 8281 complete and 0 interrupted iterations
openloop_spike   [  55% ] 003/225 VUs  06m32.8s/12m0s  30.00 iters/s

running (06m33.8s), 001/225 VUs, 8313 complete and 0 interrupted iterations
openloop_spike   [  55% ] 001/225 VUs  06m33.8s/12m0s  30.00 iters/s

running (06m34.8s), 003/225 VUs, 8341 complete and 0 interrupted iterations
openloop_spike   [  55% ] 003/225 VUs  06m34.8s/12m0s  30.00 iters/s

running (06m35.8s), 005/225 VUs, 8369 complete and 0 interrupted iterations
openloop_spike   [  55% ] 005/225 VUs  06m35.8s/12m0s  30.00 iters/s

running (06m36.8s), 006/225 VUs, 8398 complete and 0 interrupted iterations
openloop_spike   [  55% ] 006/225 VUs  06m36.8s/12m0s  30.00 iters/s

running (06m37.8s), 008/225 VUs, 8426 complete and 0 interrupted iterations
openloop_spike   [  55% ] 008/225 VUs  06m37.8s/12m0s  30.00 iters/s

running (06m38.8s), 005/225 VUs, 8459 complete and 0 interrupted iterations
openloop_spike   [  55% ] 005/225 VUs  06m38.8s/12m0s  30.00 iters/s

running (06m39.8s), 003/225 VUs, 8491 complete and 0 interrupted iterations
openloop_spike   [  56% ] 003/225 VUs  06m39.8s/12m0s  30.00 iters/s

running (06m40.8s), 006/225 VUs, 8518 complete and 0 interrupted iterations
openloop_spike   [  56% ] 006/225 VUs  06m40.8s/12m0s  30.00 iters/s

running (06m41.8s), 006/225 VUs, 8548 complete and 0 interrupted iterations
openloop_spike   [  56% ] 006/225 VUs  06m41.8s/12m0s  30.00 iters/s

running (06m42.8s), 007/225 VUs, 8577 complete and 0 interrupted iterations
openloop_spike   [  56% ] 007/225 VUs  06m42.8s/12m0s  30.00 iters/s

running (06m43.8s), 005/225 VUs, 8609 complete and 0 interrupted iterations
openloop_spike   [  56% ] 005/225 VUs  06m43.8s/12m0s  30.00 iters/s

running (06m44.8s), 004/225 VUs, 8640 complete and 0 interrupted iterations
openloop_spike   [  56% ] 004/225 VUs  06m44.8s/12m0s  30.00 iters/s

running (06m45.8s), 009/225 VUs, 8665 complete and 0 interrupted iterations
openloop_spike   [  56% ] 009/225 VUs  06m45.8s/12m0s  30.00 iters/s

running (06m46.8s), 006/225 VUs, 8698 complete and 0 interrupted iterations
openloop_spike   [  57% ] 006/225 VUs  06m46.8s/12m0s  30.00 iters/s

running (06m47.8s), 002/225 VUs, 8732 complete and 0 interrupted iterations
openloop_spike   [  57% ] 002/225 VUs  06m47.8s/12m0s  30.00 iters/s

running (06m48.8s), 005/225 VUs, 8759 complete and 0 interrupted iterations
openloop_spike   [  57% ] 005/225 VUs  06m48.8s/12m0s  30.00 iters/s

running (06m49.8s), 003/225 VUs, 8791 complete and 0 interrupted iterations
openloop_spike   [  57% ] 003/225 VUs  06m49.8s/12m0s  30.00 iters/s

running (06m50.8s), 008/225 VUs, 8816 complete and 0 interrupted iterations
openloop_spike   [  57% ] 008/225 VUs  06m50.8s/12m0s  30.00 iters/s

running (06m51.8s), 006/225 VUs, 8848 complete and 0 interrupted iterations
openloop_spike   [  57% ] 006/225 VUs  06m51.8s/12m0s  30.00 iters/s

running (06m52.8s), 004/225 VUs, 8880 complete and 0 interrupted iterations
openloop_spike   [  57% ] 004/225 VUs  06m52.8s/12m0s  30.00 iters/s

running (06m53.8s), 002/225 VUs, 8912 complete and 0 interrupted iterations
openloop_spike   [  57% ] 002/225 VUs  06m53.8s/12m0s  30.00 iters/s

running (06m54.8s), 005/225 VUs, 8939 complete and 0 interrupted iterations
openloop_spike   [  58% ] 005/225 VUs  06m54.8s/12m0s  30.00 iters/s

running (06m55.8s), 005/225 VUs, 8969 complete and 0 interrupted iterations
openloop_spike   [  58% ] 005/225 VUs  06m55.8s/12m0s  30.00 iters/s

running (06m56.8s), 005/225 VUs, 8999 complete and 0 interrupted iterations
openloop_spike   [  58% ] 005/225 VUs  06m56.8s/12m0s  30.00 iters/s

running (06m57.8s), 001/225 VUs, 9033 complete and 0 interrupted iterations
openloop_spike   [  58% ] 001/225 VUs  06m57.8s/12m0s  30.00 iters/s

running (06m58.8s), 004/225 VUs, 9060 complete and 0 interrupted iterations
openloop_spike   [  58% ] 004/225 VUs  06m58.8s/12m0s  30.00 iters/s

running (06m59.8s), 008/225 VUs, 9086 complete and 0 interrupted iterations
openloop_spike   [  58% ] 008/225 VUs  06m59.8s/12m0s  30.00 iters/s

running (07m00.8s), 005/225 VUs, 9119 complete and 0 interrupted iterations
openloop_spike   [  58% ] 005/225 VUs  07m00.8s/12m0s  30.00 iters/s

running (07m01.8s), 001/225 VUs, 9153 complete and 0 interrupted iterations
openloop_spike   [  59% ] 001/225 VUs  07m01.8s/12m0s  30.00 iters/s

running (07m02.8s), 003/225 VUs, 9181 complete and 0 interrupted iterations
openloop_spike   [  59% ] 003/225 VUs  07m02.8s/12m0s  30.00 iters/s

running (07m03.8s), 008/225 VUs, 9206 complete and 0 interrupted iterations
openloop_spike   [  59% ] 008/225 VUs  07m03.8s/12m0s  30.00 iters/s

running (07m04.8s), 005/225 VUs, 9239 complete and 0 interrupted iterations
openloop_spike   [  59% ] 005/225 VUs  07m04.8s/12m0s  30.00 iters/s

running (07m05.8s), 004/225 VUs, 9270 complete and 0 interrupted iterations
openloop_spike   [  59% ] 004/225 VUs  07m05.8s/12m0s  30.00 iters/s

running (07m06.8s), 001/225 VUs, 9303 complete and 0 interrupted iterations
openloop_spike   [  59% ] 001/225 VUs  07m06.8s/12m0s  30.00 iters/s

running (07m07.8s), 006/225 VUs, 9328 complete and 0 interrupted iterations
openloop_spike   [  59% ] 006/225 VUs  07m07.8s/12m0s  30.00 iters/s

running (07m08.8s), 002/225 VUs, 9362 complete and 0 interrupted iterations
openloop_spike   [  60% ] 002/225 VUs  07m08.8s/12m0s  30.00 iters/s

running (07m09.8s), 008/225 VUs, 9386 complete and 0 interrupted iterations
openloop_spike   [  60% ] 008/225 VUs  07m09.8s/12m0s  30.00 iters/s

running (07m10.8s), 008/225 VUs, 9416 complete and 0 interrupted iterations
openloop_spike   [  60% ] 008/225 VUs  07m10.8s/12m0s  30.00 iters/s

running (07m11.8s), 010/225 VUs, 9444 complete and 0 interrupted iterations
openloop_spike   [  60% ] 010/225 VUs  07m11.8s/12m0s  30.00 iters/s

running (07m12.8s), 012/225 VUs, 9472 complete and 0 interrupted iterations
openloop_spike   [  60% ] 012/225 VUs  07m12.8s/12m0s  30.00 iters/s

running (07m13.8s), 012/225 VUs, 9502 complete and 0 interrupted iterations
openloop_spike   [  60% ] 012/225 VUs  07m13.8s/12m0s  30.00 iters/s

running (07m14.8s), 015/225 VUs, 9529 complete and 0 interrupted iterations
openloop_spike   [  60% ] 015/225 VUs  07m14.8s/12m0s  30.00 iters/s

running (07m15.8s), 012/225 VUs, 9562 complete and 0 interrupted iterations
openloop_spike   [  61% ] 012/225 VUs  07m15.8s/12m0s  30.00 iters/s

running (07m16.8s), 006/225 VUs, 9598 complete and 0 interrupted iterations
openloop_spike   [  61% ] 006/225 VUs  07m16.8s/12m0s  30.00 iters/s

running (07m17.8s), 004/225 VUs, 9630 complete and 0 interrupted iterations
openloop_spike   [  61% ] 004/225 VUs  07m17.8s/12m0s  30.00 iters/s

running (07m18.8s), 002/225 VUs, 9662 complete and 0 interrupted iterations
openloop_spike   [  61% ] 002/225 VUs  07m18.8s/12m0s  30.00 iters/s

running (07m19.8s), 004/225 VUs, 9690 complete and 0 interrupted iterations
openloop_spike   [  61% ] 004/225 VUs  07m19.8s/12m0s  30.00 iters/s

running (07m20.8s), 002/225 VUs, 9722 complete and 0 interrupted iterations
openloop_spike   [  61% ] 002/225 VUs  07m20.8s/12m0s  30.00 iters/s

running (07m21.8s), 004/225 VUs, 9750 complete and 0 interrupted iterations
openloop_spike   [  61% ] 004/225 VUs  07m21.8s/12m0s  30.00 iters/s

running (07m22.8s), 002/225 VUs, 9782 complete and 0 interrupted iterations
openloop_spike   [  62% ] 002/225 VUs  07m22.8s/12m0s  30.00 iters/s

running (07m23.8s), 002/225 VUs, 9812 complete and 0 interrupted iterations
openloop_spike   [  62% ] 002/225 VUs  07m23.8s/12m0s  30.00 iters/s

running (07m24.8s), 007/225 VUs, 9837 complete and 0 interrupted iterations
openloop_spike   [  62% ] 007/225 VUs  07m24.8s/12m0s  30.00 iters/s

running (07m25.8s), 003/225 VUs, 9871 complete and 0 interrupted iterations
openloop_spike   [  62% ] 003/225 VUs  07m25.8s/12m0s  30.00 iters/s

running (07m26.8s), 004/225 VUs, 9900 complete and 0 interrupted iterations
openloop_spike   [  62% ] 004/225 VUs  07m26.8s/12m0s  30.00 iters/s

running (07m27.8s), 002/225 VUs, 9932 complete and 0 interrupted iterations
openloop_spike   [  62% ] 002/225 VUs  07m27.8s/12m0s  30.00 iters/s

running (07m28.8s), 003/225 VUs, 9961 complete and 0 interrupted iterations
openloop_spike   [  62% ] 003/225 VUs  07m28.8s/12m0s  30.00 iters/s

running (07m29.8s), 001/225 VUs, 9993 complete and 0 interrupted iterations
openloop_spike   [  62% ] 001/225 VUs  07m29.8s/12m0s  30.00 iters/s

running (07m30.8s), 000/225 VUs, 10024 complete and 0 interrupted iterations
openloop_spike   [  63% ] 000/225 VUs  07m30.8s/12m0s  30.00 iters/s

running (07m31.8s), 007/225 VUs, 10047 complete and 0 interrupted iterations
openloop_spike   [  63% ] 007/225 VUs  07m31.8s/12m0s  30.00 iters/s

running (07m32.8s), 007/225 VUs, 10077 complete and 0 interrupted iterations
openloop_spike   [  63% ] 007/225 VUs  07m32.8s/12m0s  30.00 iters/s

running (07m33.8s), 005/225 VUs, 10109 complete and 0 interrupted iterations
openloop_spike   [  63% ] 005/225 VUs  07m33.8s/12m0s  30.00 iters/s

running (07m34.8s), 006/225 VUs, 10138 complete and 0 interrupted iterations
openloop_spike   [  63% ] 006/225 VUs  07m34.8s/12m0s  30.00 iters/s

running (07m35.8s), 000/225 VUs, 10174 complete and 0 interrupted iterations
openloop_spike   [  63% ] 000/225 VUs  07m35.8s/12m0s  30.00 iters/s

running (07m36.8s), 001/225 VUs, 10203 complete and 0 interrupted iterations
openloop_spike   [  63% ] 001/225 VUs  07m36.8s/12m0s  30.00 iters/s

running (07m37.8s), 004/225 VUs, 10230 complete and 0 interrupted iterations
openloop_spike   [  64% ] 004/225 VUs  07m37.8s/12m0s  30.00 iters/s

running (07m38.8s), 007/225 VUs, 10257 complete and 0 interrupted iterations
openloop_spike   [  64% ] 007/225 VUs  07m38.8s/12m0s  30.00 iters/s

running (07m39.8s), 014/225 VUs, 10280 complete and 0 interrupted iterations
openloop_spike   [  64% ] 014/225 VUs  07m39.8s/12m0s  30.00 iters/s

running (07m40.8s), 012/225 VUs, 10312 complete and 0 interrupted iterations
openloop_spike   [  64% ] 012/225 VUs  07m40.8s/12m0s  30.00 iters/s

running (07m41.8s), 006/225 VUs, 10348 complete and 0 interrupted iterations
openloop_spike   [  64% ] 006/225 VUs  07m41.8s/12m0s  30.00 iters/s

running (07m42.8s), 004/225 VUs, 10380 complete and 0 interrupted iterations
openloop_spike   [  64% ] 004/225 VUs  07m42.8s/12m0s  30.00 iters/s

running (07m43.8s), 005/225 VUs, 10409 complete and 0 interrupted iterations
openloop_spike   [  64% ] 005/225 VUs  07m43.8s/12m0s  30.00 iters/s

running (07m44.8s), 002/225 VUs, 10442 complete and 0 interrupted iterations
openloop_spike   [  65% ] 002/225 VUs  07m44.8s/12m0s  30.00 iters/s

running (07m45.8s), 003/225 VUs, 10471 complete and 0 interrupted iterations
openloop_spike   [  65% ] 003/225 VUs  07m45.8s/12m0s  30.00 iters/s

running (07m46.8s), 002/225 VUs, 10502 complete and 0 interrupted iterations
openloop_spike   [  65% ] 002/225 VUs  07m46.8s/12m0s  30.00 iters/s

running (07m47.8s), 003/225 VUs, 10531 complete and 0 interrupted iterations
openloop_spike   [  65% ] 003/225 VUs  07m47.8s/12m0s  30.00 iters/s

running (07m48.8s), 003/225 VUs, 10561 complete and 0 interrupted iterations
openloop_spike   [  65% ] 003/225 VUs  07m48.8s/12m0s  30.00 iters/s

running (07m49.8s), 001/225 VUs, 10593 complete and 0 interrupted iterations
openloop_spike   [  65% ] 001/225 VUs  07m49.8s/12m0s  30.00 iters/s

running (07m50.8s), 001/225 VUs, 10623 complete and 0 interrupted iterations
openloop_spike   [  65% ] 001/225 VUs  07m50.8s/12m0s  30.00 iters/s

running (07m51.8s), 002/225 VUs, 10652 complete and 0 interrupted iterations
openloop_spike   [  66% ] 002/225 VUs  07m51.8s/12m0s  30.00 iters/s

running (07m52.8s), 000/225 VUs, 10684 complete and 0 interrupted iterations
openloop_spike   [  66% ] 000/225 VUs  07m52.8s/12m0s  30.00 iters/s

running (07m53.8s), 002/225 VUs, 10712 complete and 0 interrupted iterations
openloop_spike   [  66% ] 002/225 VUs  07m53.8s/12m0s  30.00 iters/s

running (07m54.8s), 004/225 VUs, 10740 complete and 0 interrupted iterations
openloop_spike   [  66% ] 004/225 VUs  07m54.8s/12m0s  30.00 iters/s

running (07m55.8s), 004/225 VUs, 10770 complete and 0 interrupted iterations
openloop_spike   [  66% ] 004/225 VUs  07m55.8s/12m0s  30.00 iters/s

running (07m56.8s), 000/225 VUs, 10804 complete and 0 interrupted iterations
openloop_spike   [  66% ] 000/225 VUs  07m56.8s/12m0s  30.00 iters/s

running (07m57.8s), 002/225 VUs, 10832 complete and 0 interrupted iterations
openloop_spike   [  66% ] 002/225 VUs  07m57.8s/12m0s  30.00 iters/s

running (07m58.8s), 001/225 VUs, 10863 complete and 0 interrupted iterations
openloop_spike   [  67% ] 001/225 VUs  07m58.8s/12m0s  30.00 iters/s

running (07m59.8s), 005/225 VUs, 10889 complete and 0 interrupted iterations
openloop_spike   [  67% ] 005/225 VUs  07m59.8s/12m0s  30.00 iters/s

running (08m00.8s), 007/225 VUs, 10917 complete and 0 interrupted iterations
openloop_spike   [  67% ] 007/225 VUs  08m00.8s/12m0s  30.00 iters/s

running (08m01.8s), 003/225 VUs, 10951 complete and 0 interrupted iterations
openloop_spike   [  67% ] 003/225 VUs  08m01.8s/12m0s  30.00 iters/s

running (08m02.8s), 005/225 VUs, 10979 complete and 0 interrupted iterations
openloop_spike   [  67% ] 005/225 VUs  08m02.8s/12m0s  30.00 iters/s

running (08m03.8s), 002/225 VUs, 11012 complete and 0 interrupted iterations
openloop_spike   [  67% ] 002/225 VUs  08m03.8s/12m0s  30.00 iters/s

running (08m04.8s), 002/225 VUs, 11042 complete and 0 interrupted iterations
openloop_spike   [  67% ] 002/225 VUs  08m04.8s/12m0s  30.00 iters/s

running (08m05.8s), 005/225 VUs, 11069 complete and 0 interrupted iterations
openloop_spike   [  67% ] 005/225 VUs  08m05.8s/12m0s  30.00 iters/s

running (08m06.8s), 002/225 VUs, 11102 complete and 0 interrupted iterations
openloop_spike   [  68% ] 002/225 VUs  08m06.8s/12m0s  30.00 iters/s

running (08m07.8s), 008/225 VUs, 11126 complete and 0 interrupted iterations
openloop_spike   [  68% ] 008/225 VUs  08m07.8s/12m0s  30.00 iters/s

running (08m08.8s), 005/225 VUs, 11159 complete and 0 interrupted iterations
openloop_spike   [  68% ] 005/225 VUs  08m08.8s/12m0s  30.00 iters/s

running (08m09.8s), 002/225 VUs, 11192 complete and 0 interrupted iterations
openloop_spike   [  68% ] 002/225 VUs  08m09.8s/12m0s  30.00 iters/s

running (08m10.8s), 003/225 VUs, 11221 complete and 0 interrupted iterations
openloop_spike   [  68% ] 003/225 VUs  08m10.8s/12m0s  30.00 iters/s

running (08m11.8s), 004/225 VUs, 11250 complete and 0 interrupted iterations
openloop_spike   [  68% ] 004/225 VUs  08m11.8s/12m0s  30.00 iters/s

running (08m12.8s), 002/225 VUs, 11282 complete and 0 interrupted iterations
openloop_spike   [  68% ] 002/225 VUs  08m12.8s/12m0s  30.00 iters/s

running (08m13.8s), 001/225 VUs, 11313 complete and 0 interrupted iterations
openloop_spike   [  69% ] 001/225 VUs  08m13.8s/12m0s  30.00 iters/s

running (08m14.8s), 003/225 VUs, 11341 complete and 0 interrupted iterations
openloop_spike   [  69% ] 003/225 VUs  08m14.8s/12m0s  30.00 iters/s

running (08m15.8s), 004/225 VUs, 11370 complete and 0 interrupted iterations
openloop_spike   [  69% ] 004/225 VUs  08m15.8s/12m0s  30.00 iters/s

running (08m16.8s), 006/225 VUs, 11398 complete and 0 interrupted iterations
openloop_spike   [  69% ] 006/225 VUs  08m16.8s/12m0s  30.00 iters/s

running (08m17.8s), 003/225 VUs, 11431 complete and 0 interrupted iterations
openloop_spike   [  69% ] 003/225 VUs  08m17.8s/12m0s  30.00 iters/s

running (08m18.8s), 001/225 VUs, 11463 complete and 0 interrupted iterations
openloop_spike   [  69% ] 001/225 VUs  08m18.8s/12m0s  30.00 iters/s

running (08m19.8s), 004/225 VUs, 11490 complete and 0 interrupted iterations
openloop_spike   [  69% ] 004/225 VUs  08m19.8s/12m0s  30.00 iters/s

running (08m20.8s), 005/225 VUs, 11519 complete and 0 interrupted iterations
openloop_spike   [  70% ] 005/225 VUs  08m20.8s/12m0s  30.00 iters/s

running (08m21.8s), 001/225 VUs, 11553 complete and 0 interrupted iterations
openloop_spike   [  70% ] 001/225 VUs  08m21.8s/12m0s  30.00 iters/s

running (08m22.8s), 004/225 VUs, 11580 complete and 0 interrupted iterations
openloop_spike   [  70% ] 004/225 VUs  08m22.8s/12m0s  30.00 iters/s

running (08m23.8s), 006/225 VUs, 11608 complete and 0 interrupted iterations
openloop_spike   [  70% ] 006/225 VUs  08m23.8s/12m0s  30.00 iters/s

running (08m24.8s), 006/225 VUs, 11638 complete and 0 interrupted iterations
openloop_spike   [  70% ] 006/225 VUs  08m24.8s/12m0s  30.00 iters/s

running (08m25.8s), 001/225 VUs, 11673 complete and 0 interrupted iterations
openloop_spike   [  70% ] 001/225 VUs  08m25.8s/12m0s  30.00 iters/s

running (08m26.8s), 001/225 VUs, 11703 complete and 0 interrupted iterations
openloop_spike   [  70% ] 001/225 VUs  08m26.8s/12m0s  30.00 iters/s

running (08m27.8s), 002/225 VUs, 11732 complete and 0 interrupted iterations
openloop_spike   [  71% ] 002/225 VUs  08m27.8s/12m0s  30.00 iters/s

running (08m28.8s), 006/225 VUs, 11758 complete and 0 interrupted iterations
openloop_spike   [  71% ] 006/225 VUs  08m28.8s/12m0s  30.00 iters/s

running (08m29.8s), 001/225 VUs, 11793 complete and 0 interrupted iterations
openloop_spike   [  71% ] 001/225 VUs  08m29.8s/12m0s  30.00 iters/s

running (08m30.8s), 005/225 VUs, 11819 complete and 0 interrupted iterations
openloop_spike   [  71% ] 005/225 VUs  08m30.8s/12m0s  30.00 iters/s

running (08m31.8s), 008/225 VUs, 11846 complete and 0 interrupted iterations
openloop_spike   [  71% ] 008/225 VUs  08m31.8s/12m0s  30.00 iters/s

running (08m32.8s), 007/225 VUs, 11877 complete and 0 interrupted iterations
openloop_spike   [  71% ] 007/225 VUs  08m32.8s/12m0s  30.00 iters/s

running (08m33.8s), 005/225 VUs, 11909 complete and 0 interrupted iterations
openloop_spike   [  71% ] 005/225 VUs  08m33.8s/12m0s  30.00 iters/s

running (08m34.8s), 003/225 VUs, 11941 complete and 0 interrupted iterations
openloop_spike   [  72% ] 003/225 VUs  08m34.8s/12m0s  30.00 iters/s

running (08m35.8s), 001/225 VUs, 11973 complete and 0 interrupted iterations
openloop_spike   [  72% ] 001/225 VUs  08m35.8s/12m0s  30.00 iters/s

running (08m36.8s), 000/225 VUs, 12004 complete and 0 interrupted iterations
openloop_spike   [  72% ] 000/225 VUs  08m36.8s/12m0s  30.00 iters/s

running (08m37.8s), 004/225 VUs, 12030 complete and 0 interrupted iterations
openloop_spike   [  72% ] 004/225 VUs  08m37.8s/12m0s  30.00 iters/s

running (08m38.8s), 006/225 VUs, 12058 complete and 0 interrupted iterations
openloop_spike   [  72% ] 006/225 VUs  08m38.8s/12m0s  30.00 iters/s

running (08m39.8s), 002/225 VUs, 12092 complete and 0 interrupted iterations
openloop_spike   [  72% ] 002/225 VUs  08m39.8s/12m0s  30.00 iters/s

running (08m40.8s), 001/225 VUs, 12123 complete and 0 interrupted iterations
openloop_spike   [  72% ] 001/225 VUs  08m40.8s/12m0s  30.00 iters/s

running (08m41.8s), 002/225 VUs, 12152 complete and 0 interrupted iterations
openloop_spike   [  72% ] 002/225 VUs  08m41.8s/12m0s  30.00 iters/s

running (08m42.8s), 002/225 VUs, 12182 complete and 0 interrupted iterations
openloop_spike   [  73% ] 002/225 VUs  08m42.8s/12m0s  30.00 iters/s

running (08m43.8s), 003/225 VUs, 12211 complete and 0 interrupted iterations
openloop_spike   [  73% ] 003/225 VUs  08m43.8s/12m0s  30.00 iters/s

running (08m44.8s), 005/225 VUs, 12239 complete and 0 interrupted iterations
openloop_spike   [  73% ] 005/225 VUs  08m44.8s/12m0s  30.00 iters/s

running (08m45.8s), 004/225 VUs, 12270 complete and 0 interrupted iterations
openloop_spike   [  73% ] 004/225 VUs  08m45.8s/12m0s  30.00 iters/s

running (08m46.8s), 007/225 VUs, 12297 complete and 0 interrupted iterations
openloop_spike   [  73% ] 007/225 VUs  08m46.8s/12m0s  30.00 iters/s

running (08m47.8s), 007/225 VUs, 12327 complete and 0 interrupted iterations
openloop_spike   [  73% ] 007/225 VUs  08m47.8s/12m0s  30.00 iters/s

running (08m48.8s), 008/225 VUs, 12356 complete and 0 interrupted iterations
openloop_spike   [  73% ] 008/225 VUs  08m48.8s/12m0s  30.00 iters/s

running (08m49.8s), 006/225 VUs, 12388 complete and 0 interrupted iterations
openloop_spike   [  74% ] 006/225 VUs  08m49.8s/12m0s  30.00 iters/s

running (08m50.8s), 005/225 VUs, 12419 complete and 0 interrupted iterations
openloop_spike   [  74% ] 005/225 VUs  08m50.8s/12m0s  30.00 iters/s

running (08m51.8s), 001/225 VUs, 12453 complete and 0 interrupted iterations
openloop_spike   [  74% ] 001/225 VUs  08m51.8s/12m0s  30.00 iters/s

running (08m52.8s), 000/225 VUs, 12484 complete and 0 interrupted iterations
openloop_spike   [  74% ] 000/225 VUs  08m52.8s/12m0s  30.00 iters/s

running (08m53.8s), 002/225 VUs, 12512 complete and 0 interrupted iterations
openloop_spike   [  74% ] 002/225 VUs  08m53.8s/12m0s  30.00 iters/s

running (08m54.8s), 005/225 VUs, 12539 complete and 0 interrupted iterations
openloop_spike   [  74% ] 005/225 VUs  08m54.8s/12m0s  30.00 iters/s

running (08m55.8s), 008/225 VUs, 12566 complete and 0 interrupted iterations
openloop_spike   [  74% ] 008/225 VUs  08m55.8s/12m0s  30.00 iters/s

running (08m56.8s), 002/225 VUs, 12602 complete and 0 interrupted iterations
openloop_spike   [  75% ] 002/225 VUs  08m56.8s/12m0s  30.00 iters/s

running (08m57.8s), 003/225 VUs, 12631 complete and 0 interrupted iterations
openloop_spike   [  75% ] 003/225 VUs  08m57.8s/12m0s  30.00 iters/s

running (08m58.8s), 002/225 VUs, 12662 complete and 0 interrupted iterations
openloop_spike   [  75% ] 002/225 VUs  08m58.8s/12m0s  30.00 iters/s

running (08m59.8s), 005/225 VUs, 12689 complete and 0 interrupted iterations
openloop_spike   [  75% ] 005/225 VUs  08m59.8s/12m0s  30.00 iters/s

running (09m00.8s), 005/225 VUs, 12719 complete and 0 interrupted iterations
openloop_spike   [  75% ] 005/225 VUs  09m00.8s/12m0s  29.86 iters/s

running (09m01.8s), 001/225 VUs, 12753 complete and 0 interrupted iterations
openloop_spike   [  75% ] 001/225 VUs  09m01.8s/12m0s  29.70 iters/s

running (09m02.8s), 003/225 VUs, 12780 complete and 0 interrupted iterations
openloop_spike   [  75% ] 003/225 VUs  09m02.8s/12m0s  29.53 iters/s

running (09m03.8s), 000/225 VUs, 12813 complete and 0 interrupted iterations
openloop_spike   [  76% ] 000/225 VUs  09m03.8s/12m0s  29.36 iters/s

running (09m04.8s), 001/225 VUs, 12841 complete and 0 interrupted iterations
openloop_spike   [  76% ] 001/225 VUs  09m04.8s/12m0s  29.20 iters/s

running (09m05.8s), 004/225 VUs, 12867 complete and 0 interrupted iterations
openloop_spike   [  76% ] 004/225 VUs  09m05.8s/12m0s  29.03 iters/s

running (09m06.8s), 002/225 VUs, 12898 complete and 0 interrupted iterations
openloop_spike   [  76% ] 002/225 VUs  09m06.8s/12m0s  28.86 iters/s

running (09m07.8s), 006/225 VUs, 12923 complete and 0 interrupted iterations
openloop_spike   [  76% ] 006/225 VUs  09m07.8s/12m0s  28.70 iters/s

running (09m08.8s), 002/225 VUs, 12955 complete and 0 interrupted iterations
openloop_spike   [  76% ] 002/225 VUs  09m08.8s/12m0s  28.53 iters/s

running (09m09.8s), 005/225 VUs, 12981 complete and 0 interrupted iterations
openloop_spike   [  76% ] 005/225 VUs  09m09.8s/12m0s  28.36 iters/s

running (09m10.8s), 004/225 VUs, 13010 complete and 0 interrupted iterations
openloop_spike   [  77% ] 004/225 VUs  09m10.8s/12m0s  28.20 iters/s

running (09m11.8s), 003/225 VUs, 13039 complete and 0 interrupted iterations
openloop_spike   [  77% ] 003/225 VUs  09m11.8s/12m0s  28.03 iters/s

running (09m12.8s), 006/225 VUs, 13064 complete and 0 interrupted iterations
openloop_spike   [  77% ] 006/225 VUs  09m12.8s/12m0s  27.87 iters/s

running (09m13.8s), 003/225 VUs, 13095 complete and 0 interrupted iterations
openloop_spike   [  77% ] 003/225 VUs  09m13.8s/12m0s  27.70 iters/s

running (09m14.8s), 006/225 VUs, 13120 complete and 0 interrupted iterations
openloop_spike   [  77% ] 006/225 VUs  09m14.8s/12m0s  27.53 iters/s

running (09m15.8s), 003/225 VUs, 13150 complete and 0 interrupted iterations
openloop_spike   [  77% ] 003/225 VUs  09m15.8s/12m0s  27.36 iters/s

running (09m16.8s), 004/225 VUs, 13176 complete and 0 interrupted iterations
openloop_spike   [  77% ] 004/225 VUs  09m16.8s/12m0s  27.20 iters/s

running (09m17.8s), 001/225 VUs, 13206 complete and 0 interrupted iterations
openloop_spike   [  77% ] 001/225 VUs  09m17.8s/12m0s  27.03 iters/s

running (09m18.8s), 003/225 VUs, 13231 complete and 0 interrupted iterations
openloop_spike   [  78% ] 003/225 VUs  09m18.8s/12m0s  26.87 iters/s

running (09m19.8s), 002/225 VUs, 13259 complete and 0 interrupted iterations
openloop_spike   [  78% ] 002/225 VUs  09m19.8s/12m0s  26.70 iters/s

running (09m20.8s), 005/225 VUs, 13283 complete and 0 interrupted iterations
openloop_spike   [  78% ] 005/225 VUs  09m20.8s/12m0s  26.53 iters/s

running (09m21.8s), 003/225 VUs, 13311 complete and 0 interrupted iterations
openloop_spike   [  78% ] 003/225 VUs  09m21.8s/12m0s  26.37 iters/s

running (09m22.8s), 001/225 VUs, 13340 complete and 0 interrupted iterations
openloop_spike   [  78% ] 001/225 VUs  09m22.8s/12m0s  26.19 iters/s

running (09m23.8s), 002/225 VUs, 13365 complete and 0 interrupted iterations
openloop_spike   [  78% ] 002/225 VUs  09m23.8s/12m0s  26.03 iters/s

running (09m24.8s), 001/225 VUs, 13392 complete and 0 interrupted iterations
openloop_spike   [  78% ] 001/225 VUs  09m24.8s/12m0s  25.86 iters/s

running (09m25.8s), 000/225 VUs, 13418 complete and 0 interrupted iterations
openloop_spike   [  79% ] 000/225 VUs  09m25.8s/12m0s  25.70 iters/s

running (09m26.8s), 003/225 VUs, 13441 complete and 0 interrupted iterations
openloop_spike   [  79% ] 003/225 VUs  09m26.8s/12m0s  25.53 iters/s

running (09m27.8s), 002/225 VUs, 13467 complete and 0 interrupted iterations
openloop_spike   [  79% ] 002/225 VUs  09m27.8s/12m0s  25.37 iters/s

running (09m28.8s), 002/225 VUs, 13493 complete and 0 interrupted iterations
openloop_spike   [  79% ] 002/225 VUs  09m28.8s/12m0s  25.20 iters/s

running (09m29.8s), 003/225 VUs, 13517 complete and 0 interrupted iterations
openloop_spike   [  79% ] 003/225 VUs  09m29.8s/12m0s  25.03 iters/s

running (09m30.8s), 001/225 VUs, 13544 complete and 0 interrupted iterations
openloop_spike   [  79% ] 001/225 VUs  09m30.8s/12m0s  24.86 iters/s

running (09m31.8s), 001/225 VUs, 13569 complete and 0 interrupted iterations
openloop_spike   [  79% ] 001/225 VUs  09m31.8s/12m0s  24.69 iters/s

running (09m32.8s), 000/225 VUs, 13594 complete and 0 interrupted iterations
openloop_spike   [  80% ] 000/225 VUs  09m32.8s/12m0s  24.53 iters/s

running (09m33.8s), 004/225 VUs, 13615 complete and 0 interrupted iterations
openloop_spike   [  80% ] 004/225 VUs  09m33.8s/12m0s  24.36 iters/s

running (09m34.8s), 002/225 VUs, 13641 complete and 0 interrupted iterations
openloop_spike   [  80% ] 002/225 VUs  09m34.8s/12m0s  24.20 iters/s

running (09m35.8s), 003/225 VUs, 13664 complete and 0 interrupted iterations
openloop_spike   [  80% ] 003/225 VUs  09m35.8s/12m0s  24.03 iters/s

running (09m36.8s), 009/225 VUs, 13682 complete and 0 interrupted iterations
openloop_spike   [  80% ] 009/225 VUs  09m36.8s/12m0s  23.86 iters/s

running (09m37.8s), 004/225 VUs, 13711 complete and 0 interrupted iterations
openloop_spike   [  80% ] 004/225 VUs  09m37.8s/12m0s  23.70 iters/s

running (09m38.8s), 002/225 VUs, 13736 complete and 0 interrupted iterations
openloop_spike   [  80% ] 002/225 VUs  09m38.8s/12m0s  23.53 iters/s

running (09m39.8s), 002/225 VUs, 13760 complete and 0 interrupted iterations
openloop_spike   [  81% ] 002/225 VUs  09m39.8s/12m0s  23.36 iters/s

running (09m40.8s), 005/225 VUs, 13780 complete and 0 interrupted iterations
openloop_spike   [  81% ] 005/225 VUs  09m40.8s/12m0s  23.20 iters/s

running (09m41.8s), 005/225 VUs, 13803 complete and 0 interrupted iterations
openloop_spike   [  81% ] 005/225 VUs  09m41.8s/12m0s  23.03 iters/s

running (09m42.8s), 001/225 VUs, 13830 complete and 0 interrupted iterations
openloop_spike   [  81% ] 001/225 VUs  09m42.8s/12m0s  22.87 iters/s

running (09m43.8s), 001/225 VUs, 13853 complete and 0 interrupted iterations
openloop_spike   [  81% ] 001/225 VUs  09m43.8s/12m0s  22.70 iters/s

running (09m44.8s), 002/225 VUs, 13875 complete and 0 interrupted iterations
openloop_spike   [  81% ] 002/225 VUs  09m44.8s/12m0s  22.53 iters/s

running (09m45.8s), 000/225 VUs, 13899 complete and 0 interrupted iterations
openloop_spike   [  81% ] 000/225 VUs  09m45.8s/12m0s  22.36 iters/s

running (09m46.8s), 001/225 VUs, 13920 complete and 0 interrupted iterations
openloop_spike   [  82% ] 001/225 VUs  09m46.8s/12m0s  22.20 iters/s

running (09m47.8s), 002/225 VUs, 13941 complete and 0 interrupted iterations
openloop_spike   [  82% ] 002/225 VUs  09m47.8s/12m0s  22.03 iters/s

running (09m48.8s), 004/225 VUs, 13961 complete and 0 interrupted iterations
openloop_spike   [  82% ] 004/225 VUs  09m48.8s/12m0s  21.87 iters/s

running (09m49.8s), 004/225 VUs, 13983 complete and 0 interrupted iterations
openloop_spike   [  82% ] 004/225 VUs  09m49.8s/12m0s  21.70 iters/s

running (09m50.8s), 003/225 VUs, 14006 complete and 0 interrupted iterations
openloop_spike   [  82% ] 003/225 VUs  09m50.8s/12m0s  21.53 iters/s

running (09m51.8s), 003/225 VUs, 14027 complete and 0 interrupted iterations
openloop_spike   [  82% ] 003/225 VUs  09m51.8s/12m0s  21.37 iters/s

running (09m52.8s), 000/225 VUs, 14051 complete and 0 interrupted iterations
openloop_spike   [  82% ] 000/225 VUs  09m52.8s/12m0s  21.20 iters/s

running (09m53.8s), 005/225 VUs, 14068 complete and 0 interrupted iterations
openloop_spike   [  82% ] 005/225 VUs  09m53.8s/12m0s  21.03 iters/s

running (09m54.8s), 003/225 VUs, 14091 complete and 0 interrupted iterations
openloop_spike   [  83% ] 003/225 VUs  09m54.8s/12m0s  20.86 iters/s

running (09m55.8s), 000/225 VUs, 14114 complete and 0 interrupted iterations
openloop_spike   [  83% ] 000/225 VUs  09m55.8s/12m0s  20.70 iters/s

running (09m56.8s), 000/225 VUs, 14135 complete and 0 interrupted iterations
openloop_spike   [  83% ] 000/225 VUs  09m56.8s/12m0s  20.53 iters/s

running (09m57.8s), 003/225 VUs, 14152 complete and 0 interrupted iterations
openloop_spike   [  83% ] 003/225 VUs  09m57.8s/12m0s  20.37 iters/s

running (09m58.8s), 001/225 VUs, 14175 complete and 0 interrupted iterations
openloop_spike   [  83% ] 001/225 VUs  09m58.8s/12m0s  20.19 iters/s

running (09m59.8s), 001/225 VUs, 14195 complete and 0 interrupted iterations
openloop_spike   [  83% ] 001/225 VUs  09m59.8s/12m0s  20.03 iters/s

running (10m00.8s), 002/225 VUs, 14214 complete and 0 interrupted iterations
openloop_spike   [  83% ] 002/225 VUs  10m00.8s/12m0s  19.86 iters/s

running (10m01.8s), 003/225 VUs, 14233 complete and 0 interrupted iterations
openloop_spike   [  84% ] 003/225 VUs  10m01.8s/12m0s  19.69 iters/s

running (10m02.8s), 000/225 VUs, 14255 complete and 0 interrupted iterations
openloop_spike   [  84% ] 000/225 VUs  10m02.8s/12m0s  19.53 iters/s

running (10m03.8s), 002/225 VUs, 14273 complete and 0 interrupted iterations
openloop_spike   [  84% ] 002/225 VUs  10m03.8s/12m0s  19.36 iters/s

running (10m04.8s), 004/225 VUs, 14290 complete and 0 interrupted iterations
openloop_spike   [  84% ] 004/225 VUs  10m04.8s/12m0s  19.20 iters/s

running (10m05.8s), 005/225 VUs, 14308 complete and 0 interrupted iterations
openloop_spike   [  84% ] 005/225 VUs  10m05.8s/12m0s  19.03 iters/s

running (10m06.8s), 002/225 VUs, 14330 complete and 0 interrupted iterations
openloop_spike   [  84% ] 002/225 VUs  10m06.8s/12m0s  18.86 iters/s

running (10m07.8s), 003/225 VUs, 14348 complete and 0 interrupted iterations
openloop_spike   [  84% ] 003/225 VUs  10m07.8s/12m0s  18.69 iters/s

running (10m08.8s), 001/225 VUs, 14368 complete and 0 interrupted iterations
openloop_spike   [  85% ] 001/225 VUs  10m08.8s/12m0s  18.53 iters/s

running (10m09.8s), 004/225 VUs, 14384 complete and 0 interrupted iterations
openloop_spike   [  85% ] 004/225 VUs  10m09.8s/12m0s  18.36 iters/s

running (10m10.8s), 004/225 VUs, 14402 complete and 0 interrupted iterations
openloop_spike   [  85% ] 004/225 VUs  10m10.8s/12m0s  18.20 iters/s

running (10m11.8s), 004/225 VUs, 14420 complete and 0 interrupted iterations
openloop_spike   [  85% ] 004/225 VUs  10m11.8s/12m0s  18.03 iters/s

running (10m12.8s), 000/225 VUs, 14442 complete and 0 interrupted iterations
openloop_spike   [  85% ] 000/225 VUs  10m12.8s/12m0s  17.87 iters/s

running (10m13.8s), 004/225 VUs, 14456 complete and 0 interrupted iterations
openloop_spike   [  85% ] 004/225 VUs  10m13.8s/12m0s  17.70 iters/s

running (10m14.8s), 001/225 VUs, 14476 complete and 0 interrupted iterations
openloop_spike   [  85% ] 001/225 VUs  10m14.8s/12m0s  17.54 iters/s

running (10m15.8s), 004/225 VUs, 14491 complete and 0 interrupted iterations
openloop_spike   [  86% ] 004/225 VUs  10m15.8s/12m0s  17.36 iters/s

running (10m16.8s), 000/225 VUs, 14512 complete and 0 interrupted iterations
openloop_spike   [  86% ] 000/225 VUs  10m16.8s/12m0s  17.20 iters/s

running (10m17.8s), 003/225 VUs, 14526 complete and 0 interrupted iterations
openloop_spike   [  86% ] 003/225 VUs  10m17.8s/12m0s  17.03 iters/s

running (10m18.8s), 000/225 VUs, 14546 complete and 0 interrupted iterations
openloop_spike   [  86% ] 000/225 VUs  10m18.8s/12m0s  16.87 iters/s

running (10m19.8s), 000/225 VUs, 14563 complete and 0 interrupted iterations
openloop_spike   [  86% ] 000/225 VUs  10m19.8s/12m0s  16.70 iters/s

running (10m20.8s), 001/225 VUs, 14579 complete and 0 interrupted iterations
openloop_spike   [  86% ] 001/225 VUs  10m20.8s/12m0s  16.53 iters/s

running (10m21.8s), 001/225 VUs, 14595 complete and 0 interrupted iterations
openloop_spike   [  86% ] 001/225 VUs  10m21.8s/12m0s  16.37 iters/s

running (10m22.8s), 004/225 VUs, 14608 complete and 0 interrupted iterations
openloop_spike   [  87% ] 004/225 VUs  10m22.8s/12m0s  16.20 iters/s

running (10m23.8s), 003/225 VUs, 14626 complete and 0 interrupted iterations
openloop_spike   [  87% ] 003/225 VUs  10m23.8s/12m0s  16.03 iters/s

running (10m24.8s), 001/225 VUs, 14643 complete and 0 interrupted iterations
openloop_spike   [  87% ] 001/225 VUs  10m24.8s/12m0s  15.87 iters/s

running (10m25.8s), 002/225 VUs, 14658 complete and 0 interrupted iterations
openloop_spike   [  87% ] 002/225 VUs  10m25.8s/12m0s  15.70 iters/s

running (10m26.8s), 000/225 VUs, 14676 complete and 0 interrupted iterations
openloop_spike   [  87% ] 000/225 VUs  10m26.8s/12m0s  15.53 iters/s

running (10m27.8s), 002/225 VUs, 14689 complete and 0 interrupted iterations
openloop_spike   [  87% ] 002/225 VUs  10m27.8s/12m0s  15.37 iters/s

running (10m28.8s), 003/225 VUs, 14704 complete and 0 interrupted iterations
openloop_spike   [  87% ] 003/225 VUs  10m28.8s/12m0s  15.19 iters/s

running (10m29.8s), 000/225 VUs, 14722 complete and 0 interrupted iterations
openloop_spike   [  87% ] 000/225 VUs  10m29.8s/12m0s  15.03 iters/s

running (10m30.8s), 002/225 VUs, 14735 complete and 0 interrupted iterations
openloop_spike   [  88% ] 002/225 VUs  10m30.8s/12m0s  14.86 iters/s

running (10m31.8s), 000/225 VUs, 14751 complete and 0 interrupted iterations
openloop_spike   [  88% ] 000/225 VUs  10m31.8s/12m0s  14.70 iters/s

running (10m32.8s), 000/225 VUs, 14766 complete and 0 interrupted iterations
openloop_spike   [  88% ] 000/225 VUs  10m32.8s/12m0s  14.53 iters/s

running (10m33.8s), 002/225 VUs, 14779 complete and 0 interrupted iterations
openloop_spike   [  88% ] 002/225 VUs  10m33.8s/12m0s  14.36 iters/s

running (10m34.8s), 001/225 VUs, 14794 complete and 0 interrupted iterations
openloop_spike   [  88% ] 001/225 VUs  10m34.8s/12m0s  14.20 iters/s

running (10m35.8s), 000/225 VUs, 14809 complete and 0 interrupted iterations
openloop_spike   [  88% ] 000/225 VUs  10m35.8s/12m0s  14.03 iters/s

running (10m36.8s), 002/225 VUs, 14821 complete and 0 interrupted iterations
openloop_spike   [  88% ] 002/225 VUs  10m36.8s/12m0s  13.86 iters/s

running (10m37.8s), 002/225 VUs, 14835 complete and 0 interrupted iterations
openloop_spike   [  89% ] 002/225 VUs  10m37.8s/12m0s  13.69 iters/s

running (10m38.8s), 002/225 VUs, 14848 complete and 0 interrupted iterations
openloop_spike   [  89% ] 002/225 VUs  10m38.8s/12m0s  13.53 iters/s

running (10m39.8s), 002/225 VUs, 14862 complete and 0 interrupted iterations
openloop_spike   [  89% ] 002/225 VUs  10m39.8s/12m0s  13.36 iters/s

running (10m40.8s), 002/225 VUs, 14875 complete and 0 interrupted iterations
openloop_spike   [  89% ] 002/225 VUs  10m40.8s/12m0s  13.20 iters/s

running (10m41.8s), 000/225 VUs, 14890 complete and 0 interrupted iterations
openloop_spike   [  89% ] 000/225 VUs  10m41.8s/12m0s  13.03 iters/s

running (10m42.8s), 001/225 VUs, 14902 complete and 0 interrupted iterations
openloop_spike   [  89% ] 001/225 VUs  10m42.8s/12m0s  12.86 iters/s

running (10m43.8s), 000/225 VUs, 14916 complete and 0 interrupted iterations
openloop_spike   [  89% ] 000/225 VUs  10m43.8s/12m0s  12.70 iters/s

running (10m44.8s), 000/225 VUs, 14928 complete and 0 interrupted iterations
openloop_spike   [  90% ] 000/225 VUs  10m44.8s/12m0s  12.54 iters/s

running (10m45.8s), 000/225 VUs, 14941 complete and 0 interrupted iterations
openloop_spike   [  90% ] 000/225 VUs  10m45.8s/12m0s  12.36 iters/s

running (10m46.8s), 001/225 VUs, 14952 complete and 0 interrupted iterations
openloop_spike   [  90% ] 001/225 VUs  10m46.8s/12m0s  12.20 iters/s

running (10m47.8s), 000/225 VUs, 14965 complete and 0 interrupted iterations
openloop_spike   [  90% ] 000/225 VUs  10m47.8s/12m0s  12.03 iters/s

running (10m48.8s), 000/225 VUs, 14977 complete and 0 interrupted iterations
openloop_spike   [  90% ] 000/225 VUs  10m48.8s/12m0s  11.87 iters/s

running (10m49.8s), 001/225 VUs, 14988 complete and 0 interrupted iterations
openloop_spike   [  90% ] 001/225 VUs  10m49.8s/12m0s  11.70 iters/s

running (10m50.8s), 001/225 VUs, 15000 complete and 0 interrupted iterations
openloop_spike   [  90% ] 001/225 VUs  10m50.8s/12m0s  11.53 iters/s

running (10m51.8s), 001/225 VUs, 15011 complete and 0 interrupted iterations
openloop_spike   [  91% ] 001/225 VUs  10m51.8s/12m0s  11.37 iters/s

running (10m52.8s), 002/225 VUs, 15021 complete and 0 interrupted iterations
openloop_spike   [  91% ] 002/225 VUs  10m52.8s/12m0s  11.20 iters/s

running (10m53.8s), 002/225 VUs, 15032 complete and 0 interrupted iterations
openloop_spike   [  91% ] 002/225 VUs  10m53.8s/12m0s  11.04 iters/s

running (10m54.8s), 002/225 VUs, 15043 complete and 0 interrupted iterations
openloop_spike   [  91% ] 002/225 VUs  10m54.8s/12m0s  10.87 iters/s

running (10m55.8s), 001/225 VUs, 15055 complete and 0 interrupted iterations
openloop_spike   [  91% ] 001/225 VUs  10m55.8s/12m0s  10.70 iters/s

running (10m56.8s), 000/225 VUs, 15067 complete and 0 interrupted iterations
openloop_spike   [  91% ] 000/225 VUs  10m56.8s/12m0s  10.53 iters/s

running (10m57.8s), 001/225 VUs, 15076 complete and 0 interrupted iterations
openloop_spike   [  91% ] 001/225 VUs  10m57.8s/12m0s  10.37 iters/s

running (10m58.8s), 001/225 VUs, 15087 complete and 0 interrupted iterations
openloop_spike   [  92% ] 001/225 VUs  10m58.8s/12m0s  10.19 iters/s

running (10m59.8s), 001/225 VUs, 15097 complete and 0 interrupted iterations
openloop_spike   [  92% ] 001/225 VUs  10m59.8s/12m0s  10.02 iters/s

running (11m00.8s), 001/225 VUs, 15107 complete and 0 interrupted iterations
openloop_spike   [  92% ] 001/225 VUs  11m00.8s/12m0s  09.86 iters/s

running (11m01.8s), 001/225 VUs, 15116 complete and 0 interrupted iterations
openloop_spike   [  92% ] 001/225 VUs  11m01.8s/12m0s  09.70 iters/s

running (11m02.8s), 000/225 VUs, 15127 complete and 0 interrupted iterations
openloop_spike   [  92% ] 000/225 VUs  11m02.8s/12m0s  09.53 iters/s

running (11m03.8s), 001/225 VUs, 15135 complete and 0 interrupted iterations
openloop_spike   [  92% ] 001/225 VUs  11m03.8s/12m0s  09.37 iters/s

running (11m04.8s), 002/225 VUs, 15144 complete and 0 interrupted iterations
openloop_spike   [  92% ] 002/225 VUs  11m04.8s/12m0s  09.19 iters/s

running (11m05.8s), 002/225 VUs, 15153 complete and 0 interrupted iterations
openloop_spike   [  92% ] 002/225 VUs  11m05.8s/12m0s  09.03 iters/s

running (11m06.8s), 000/225 VUs, 15164 complete and 0 interrupted iterations
openloop_spike   [  93% ] 000/225 VUs  11m06.8s/12m0s  08.86 iters/s

running (11m07.8s), 002/225 VUs, 15171 complete and 0 interrupted iterations
openloop_spike   [  93% ] 002/225 VUs  11m07.8s/12m0s  08.69 iters/s

running (11m08.8s), 001/225 VUs, 15180 complete and 0 interrupted iterations
openloop_spike   [  93% ] 001/225 VUs  11m08.8s/12m0s  08.53 iters/s

running (11m09.8s), 000/225 VUs, 15190 complete and 0 interrupted iterations
openloop_spike   [  93% ] 000/225 VUs  11m09.8s/12m0s  08.36 iters/s

running (11m10.8s), 001/225 VUs, 15197 complete and 0 interrupted iterations
openloop_spike   [  93% ] 001/225 VUs  11m10.8s/12m0s  08.20 iters/s

running (11m11.8s), 000/225 VUs, 15206 complete and 0 interrupted iterations
openloop_spike   [  93% ] 000/225 VUs  11m11.8s/12m0s  08.03 iters/s

running (11m12.8s), 000/225 VUs, 15214 complete and 0 interrupted iterations
openloop_spike   [  93% ] 000/225 VUs  11m12.8s/12m0s  07.86 iters/s

running (11m13.8s), 000/225 VUs, 15222 complete and 0 interrupted iterations
openloop_spike   [  94% ] 000/225 VUs  11m13.8s/12m0s  07.69 iters/s

running (11m14.8s), 000/225 VUs, 15229 complete and 0 interrupted iterations
openloop_spike   [  94% ] 000/225 VUs  11m14.8s/12m0s  07.54 iters/s

running (11m15.8s), 001/225 VUs, 15236 complete and 0 interrupted iterations
openloop_spike   [  94% ] 001/225 VUs  11m15.8s/12m0s  07.36 iters/s

running (11m16.8s), 000/225 VUs, 15244 complete and 0 interrupted iterations
openloop_spike   [  94% ] 000/225 VUs  11m16.8s/12m0s  07.20 iters/s

running (11m17.8s), 000/225 VUs, 15251 complete and 0 interrupted iterations
openloop_spike   [  94% ] 000/225 VUs  11m17.8s/12m0s  07.04 iters/s

running (11m18.8s), 000/225 VUs, 15258 complete and 0 interrupted iterations
openloop_spike   [  94% ] 000/225 VUs  11m18.8s/12m0s  06.87 iters/s

running (11m19.8s), 000/225 VUs, 15265 complete and 0 interrupted iterations
openloop_spike   [  94% ] 000/225 VUs  11m19.8s/12m0s  06.70 iters/s

running (11m20.8s), 001/225 VUs, 15271 complete and 0 interrupted iterations
openloop_spike   [  95% ] 001/225 VUs  11m20.8s/12m0s  06.52 iters/s

running (11m21.8s), 000/225 VUs, 15278 complete and 0 interrupted iterations
openloop_spike   [  95% ] 000/225 VUs  11m21.8s/12m0s  06.36 iters/s

running (11m22.8s), 000/225 VUs, 15284 complete and 0 interrupted iterations
openloop_spike   [  95% ] 000/225 VUs  11m22.8s/12m0s  06.20 iters/s

running (11m23.8s), 001/225 VUs, 15289 complete and 0 interrupted iterations
openloop_spike   [  95% ] 001/225 VUs  11m23.8s/12m0s  06.04 iters/s

running (11m24.8s), 001/225 VUs, 15295 complete and 0 interrupted iterations
openloop_spike   [  95% ] 001/225 VUs  11m24.8s/12m0s  05.87 iters/s

running (11m25.8s), 001/225 VUs, 15301 complete and 0 interrupted iterations
openloop_spike   [  95% ] 001/225 VUs  11m25.8s/12m0s  05.70 iters/s

running (11m26.8s), 000/225 VUs, 15308 complete and 0 interrupted iterations
openloop_spike   [  95% ] 000/225 VUs  11m26.8s/12m0s  05.52 iters/s

running (11m27.8s), 000/225 VUs, 15313 complete and 0 interrupted iterations
openloop_spike   [  96% ] 000/225 VUs  11m27.8s/12m0s  05.37 iters/s

running (11m28.8s), 000/225 VUs, 15318 complete and 0 interrupted iterations
openloop_spike   [  96% ] 000/225 VUs  11m28.8s/12m0s  05.21 iters/s

running (11m29.8s), 000/225 VUs, 15324 complete and 0 interrupted iterations
openloop_spike   [  96% ] 000/225 VUs  11m29.8s/12m0s  05.02 iters/s

running (11m30.8s), 002/225 VUs, 15327 complete and 0 interrupted iterations
openloop_spike   [  96% ] 002/225 VUs  11m30.8s/12m0s  04.85 iters/s

running (11m31.8s), 001/225 VUs, 15332 complete and 0 interrupted iterations
openloop_spike   [  96% ] 001/225 VUs  11m31.8s/12m0s  04.71 iters/s

running (11m32.8s), 000/225 VUs, 15338 complete and 0 interrupted iterations
openloop_spike   [  96% ] 000/225 VUs  11m32.8s/12m0s  04.53 iters/s

running (11m33.8s), 000/225 VUs, 15342 complete and 0 interrupted iterations
openloop_spike   [  96% ] 000/225 VUs  11m33.8s/12m0s  04.38 iters/s

running (11m34.8s), 000/225 VUs, 15347 complete and 0 interrupted iterations
openloop_spike   [  97% ] 000/225 VUs  11m34.8s/12m0s  04.18 iters/s

running (11m35.8s), 001/225 VUs, 15350 complete and 0 interrupted iterations
openloop_spike   [  97% ] 001/225 VUs  11m35.8s/12m0s  04.02 iters/s

running (11m36.8s), 000/225 VUs, 15355 complete and 0 interrupted iterations
openloop_spike   [  97% ] 000/225 VUs  11m36.8s/12m0s  03.85 iters/s

running (11m37.8s), 000/225 VUs, 15358 complete and 0 interrupted iterations
openloop_spike   [  97% ] 000/225 VUs  11m37.8s/12m0s  03.72 iters/s

running (11m38.8s), 000/225 VUs, 15362 complete and 0 interrupted iterations
openloop_spike   [  97% ] 000/225 VUs  11m38.8s/12m0s  03.54 iters/s

running (11m39.8s), 000/225 VUs, 15366 complete and 0 interrupted iterations
openloop_spike   [  97% ] 000/225 VUs  11m39.8s/12m0s  03.34 iters/s

running (11m40.8s), 000/225 VUs, 15369 complete and 0 interrupted iterations
openloop_spike   [  97% ] 000/225 VUs  11m40.8s/12m0s  03.19 iters/s

running (11m41.8s), 000/225 VUs, 15372 complete and 0 interrupted iterations
openloop_spike   [  97% ] 000/225 VUs  11m41.8s/12m0s  03.03 iters/s

running (11m42.8s), 000/225 VUs, 15375 complete and 0 interrupted iterations
openloop_spike   [  98% ] 000/225 VUs  11m42.8s/12m0s  02.86 iters/s

running (11m43.8s), 000/225 VUs, 15378 complete and 0 interrupted iterations
openloop_spike   [  98% ] 000/225 VUs  11m43.8s/12m0s  02.68 iters/s

running (11m44.8s), 000/225 VUs, 15380 complete and 0 interrupted iterations
openloop_spike   [  98% ] 000/225 VUs  11m44.8s/12m0s  02.55 iters/s

running (11m45.8s), 000/225 VUs, 15383 complete and 0 interrupted iterations
openloop_spike   [  98% ] 000/225 VUs  11m45.8s/12m0s  02.34 iters/s

running (11m46.8s), 001/225 VUs, 15384 complete and 0 interrupted iterations
openloop_spike   [  98% ] 001/225 VUs  11m46.8s/12m0s  02.20 iters/s

running (11m47.8s), 000/225 VUs, 15387 complete and 0 interrupted iterations
openloop_spike   [  98% ] 000/225 VUs  11m47.8s/12m0s  02.04 iters/s

running (11m48.8s), 000/225 VUs, 15389 complete and 0 interrupted iterations
openloop_spike   [  98% ] 000/225 VUs  11m48.8s/12m0s  01.87 iters/s

running (11m49.8s), 001/225 VUs, 15390 complete and 0 interrupted iterations
openloop_spike   [  99% ] 001/225 VUs  11m49.8s/12m0s  01.68 iters/s

running (11m50.8s), 000/225 VUs, 15392 complete and 0 interrupted iterations
openloop_spike   [  99% ] 000/225 VUs  11m50.8s/12m0s  01.58 iters/s

running (11m51.8s), 000/225 VUs, 15394 complete and 0 interrupted iterations
openloop_spike   [  99% ] 000/225 VUs  11m51.8s/12m0s  01.35 iters/s

running (11m52.8s), 000/225 VUs, 15395 complete and 0 interrupted iterations
openloop_spike   [  99% ] 000/225 VUs  11m52.8s/12m0s  01.22 iters/s

running (11m53.8s), 000/225 VUs, 15396 complete and 0 interrupted iterations
openloop_spike   [  99% ] 000/225 VUs  11m53.8s/12m0s  01.08 iters/s

running (11m54.8s), 000/225 VUs, 15397 complete and 0 interrupted iterations
openloop_spike   [  99% ] 000/225 VUs  11m54.8s/12m0s  00.91 iters/s

running (11m55.8s), 000/225 VUs, 15398 complete and 0 interrupted iterations
openloop_spike   [  99% ] 000/225 VUs  11m55.8s/12m0s  00.70 iters/s

     ✗ me status is 200
      ↳  94% — ✓ 10172 / ✗ 572
     ✗ me returns user data
      ↳  94% — ✓ 10172 / ✗ 572
     ✗ me response time < 500ms
      ↳  92% — ✓ 9962 / ✗ 782
     ✗ login status is 200
      ↳  92% — ✓ 4296 / ✗ 359
     ✗ login returns access token
      ↳  92% — ✓ 4296 / ✗ 359
     ✗ login response time < 1000ms
      ↳  81% — ✓ 3773 / ✗ 882

     █ setup

     checks.........................: 92.36% ✓ 42671     ✗ 3526 
     data_received..................: 7.8 MB 11 kB/s
     data_sent......................: 7.7 MB 11 kB/s
     http_req_blocked...............: avg=518.23µs min=104.84µs med=223.19µs max=22.61ms  p(90)=1.15ms   p(95)=1.21ms  p(99)=2.2ms  
     http_req_connecting............: avg=464.96µs min=82.61µs  med=165.77µs max=22.54ms  p(90)=1.1ms    p(95)=1.15ms  p(99)=2.13ms 
     http_req_duration..............: avg=282.43ms min=2.99ms   med=15.55ms  max=5s       p(90)=913.83ms p(95)=1.63s   p(99)=3.6s   
       { expected_response:true }...: avg=228.49ms min=2.99ms   med=14.73ms  max=4.98s    p(90)=729.8ms  p(95)=1.34s   p(99)=2.96s  
     http_req_failed................: 6.04%  ✓ 931       ✗ 14468
     http_req_receiving.............: avg=2.22ms   min=0s       med=117.39µs max=901.44ms p(90)=346.43µs p(95)=1.39ms  p(99)=90.52ms
     http_req_sending...............: avg=47.78µs  min=19.81µs  med=46.58µs  max=338.03µs p(90)=60.28µs  p(95)=65.57µs p(99)=79µs   
     http_req_tls_handshaking.......: avg=0s       min=0s       med=0s       max=0s       p(90)=0s       p(95)=0s      p(99)=0s     
     http_req_waiting...............: avg=280.15ms min=2.86ms   med=15.35ms  max=5s       p(90)=901.02ms p(95)=1.62s   p(99)=3.59s  
     http_reqs......................: 15399  21.489926/s
     iteration_duration.............: avg=283.15ms min=3.33ms   med=16.32ms  max=5s       p(90)=914.24ms p(95)=1.63s   p(99)=3.6s   
     iterations.....................: 15399  21.489926/s
     req_e2e_duration...............: avg=283ms    min=3ms      med=16ms     max=5s       p(90)=914ms    p(95)=1.63s   p(99)=3.6s   
     vus............................: 0      min=0       max=92 
     vus_max........................: 225    min=225     max=225


running (11m56.6s), 000/225 VUs, 15399 complete and 0 interrupted iterations
openloop_spike ✗ [ 100% ] 000/225 VUs  11m56.5s/12m0s  00.70 iters/s
[openloop-wrapper] k6 exit code 0
