
          /\      |‾‾| /‾‾/   /‾‾/   
     /\  /  \     |  |/  /   /  /    
    /  \/    \    |     (   /   ‾‾\  
   /          \   |  |\  \ |  (‾)  | 
  / __________ \  |__| \__\ \_____/ .io

  execution: local
     script: /scripts/load-test.js
     output: json (/results/results.json.gz)

  scenarios: (100.00%) 1 scenario, 788 max VUs, 12m30s max duration (incl. graceful stop):
           * openloop_spike: Up to 105.00 iterations/s for 12m0s over 4 stages (maxVUs: 788, gracefulStop: 30s)

time="2026-10-08T21:47:37Z" level=info msg="OPENLOOP_CONFIG service=shipping-rate-service pattern=spike base_rate=10 peak_rate=105 timeout=5s vu_factor=1.5 openloop_spike:ramping-arrival-rate:vus=788/788" source=console
time="2026-10-08T21:47:37Z" level=info msg="SCENARIO_START name=openloop_spike start_ms=1791496057428" source=console

running (00m00.4s), 003/788 VUs, 0 complete and 0 interrupted iterations
openloop_spike   [   0% ] 003/788 VUs  00m00.4s/12m0s  010.00 iters/s

running (00m01.4s), 008/788 VUs, 5 complete and 0 interrupted iterations
openloop_spike   [   0% ] 008/788 VUs  00m01.4s/12m0s  010.00 iters/s

running (00m02.4s), 007/788 VUs, 16 complete and 0 interrupted iterations
openloop_spike   [   0% ] 007/788 VUs  00m02.4s/12m0s  010.00 iters/s

running (00m03.4s), 008/788 VUs, 25 complete and 0 interrupted iterations
openloop_spike   [   0% ] 008/788 VUs  00m03.4s/12m0s  010.00 iters/s

running (00m04.4s), 008/788 VUs, 35 complete and 0 interrupted iterations
openloop_spike   [   1% ] 008/788 VUs  00m04.4s/12m0s  010.00 iters/s

running (00m05.4s), 008/788 VUs, 45 complete and 0 interrupted iterations
openloop_spike   [   1% ] 008/788 VUs  00m05.4s/12m0s  010.00 iters/s

running (00m06.4s), 007/788 VUs, 56 complete and 0 interrupted iterations
openloop_spike   [   1% ] 007/788 VUs  00m06.4s/12m0s  010.00 iters/s

running (00m07.4s), 007/788 VUs, 66 complete and 0 interrupted iterations
openloop_spike   [   1% ] 007/788 VUs  00m07.4s/12m0s  010.00 iters/s

running (00m08.4s), 007/788 VUs, 76 complete and 0 interrupted iterations
openloop_spike   [   1% ] 007/788 VUs  00m08.4s/12m0s  010.00 iters/s

running (00m09.4s), 008/788 VUs, 85 complete and 0 interrupted iterations
openloop_spike   [   1% ] 008/788 VUs  00m09.4s/12m0s  010.00 iters/s

running (00m10.4s), 007/788 VUs, 96 complete and 0 interrupted iterations
openloop_spike   [   1% ] 007/788 VUs  00m10.4s/12m0s  010.00 iters/s

running (00m11.4s), 007/788 VUs, 106 complete and 0 interrupted iterations
openloop_spike   [   2% ] 007/788 VUs  00m11.4s/12m0s  010.00 iters/s

running (00m12.4s), 006/788 VUs, 117 complete and 0 interrupted iterations
openloop_spike   [   2% ] 006/788 VUs  00m12.4s/12m0s  010.00 iters/s

running (00m13.4s), 008/788 VUs, 125 complete and 0 interrupted iterations
openloop_spike   [   2% ] 008/788 VUs  00m13.4s/12m0s  010.00 iters/s

running (00m14.4s), 006/788 VUs, 137 complete and 0 interrupted iterations
openloop_spike   [   2% ] 006/788 VUs  00m14.4s/12m0s  010.00 iters/s

running (00m15.4s), 007/788 VUs, 146 complete and 0 interrupted iterations
openloop_spike   [   2% ] 007/788 VUs  00m15.4s/12m0s  010.00 iters/s

running (00m16.4s), 007/788 VUs, 156 complete and 0 interrupted iterations
openloop_spike   [   2% ] 007/788 VUs  00m16.4s/12m0s  010.00 iters/s

running (00m17.4s), 008/788 VUs, 165 complete and 0 interrupted iterations
openloop_spike   [   2% ] 008/788 VUs  00m17.4s/12m0s  010.00 iters/s

running (00m18.4s), 007/788 VUs, 176 complete and 0 interrupted iterations
openloop_spike   [   3% ] 007/788 VUs  00m18.4s/12m0s  010.00 iters/s

running (00m19.4s), 008/788 VUs, 185 complete and 0 interrupted iterations
openloop_spike   [   3% ] 008/788 VUs  00m19.4s/12m0s  010.00 iters/s

running (00m20.4s), 008/788 VUs, 195 complete and 0 interrupted iterations
openloop_spike   [   3% ] 008/788 VUs  00m20.4s/12m0s  010.00 iters/s

running (00m21.4s), 007/788 VUs, 206 complete and 0 interrupted iterations
openloop_spike   [   3% ] 007/788 VUs  00m21.4s/12m0s  010.00 iters/s

running (00m22.4s), 007/788 VUs, 216 complete and 0 interrupted iterations
openloop_spike   [   3% ] 007/788 VUs  00m22.4s/12m0s  010.00 iters/s

running (00m23.4s), 007/788 VUs, 226 complete and 0 interrupted iterations
openloop_spike   [   3% ] 007/788 VUs  00m23.4s/12m0s  010.00 iters/s

running (00m24.4s), 007/788 VUs, 236 complete and 0 interrupted iterations
openloop_spike   [   3% ] 007/788 VUs  00m24.4s/12m0s  010.00 iters/s

running (00m25.4s), 007/788 VUs, 246 complete and 0 interrupted iterations
openloop_spike   [   4% ] 007/788 VUs  00m25.4s/12m0s  010.00 iters/s

running (00m26.4s), 008/788 VUs, 255 complete and 0 interrupted iterations
openloop_spike   [   4% ] 008/788 VUs  00m26.4s/12m0s  010.00 iters/s

running (00m27.4s), 008/788 VUs, 265 complete and 0 interrupted iterations
openloop_spike   [   4% ] 008/788 VUs  00m27.4s/12m0s  010.00 iters/s

running (00m28.4s), 006/788 VUs, 277 complete and 0 interrupted iterations
openloop_spike   [   4% ] 006/788 VUs  00m28.4s/12m0s  010.00 iters/s

running (00m29.4s), 007/788 VUs, 286 complete and 0 interrupted iterations
openloop_spike   [   4% ] 007/788 VUs  00m29.4s/12m0s  010.00 iters/s

running (00m30.4s), 006/788 VUs, 297 complete and 0 interrupted iterations
openloop_spike   [   4% ] 006/788 VUs  00m30.4s/12m0s  010.00 iters/s

running (00m31.4s), 008/788 VUs, 305 complete and 0 interrupted iterations
openloop_spike   [   4% ] 008/788 VUs  00m31.4s/12m0s  010.00 iters/s

running (00m32.4s), 008/788 VUs, 315 complete and 0 interrupted iterations
openloop_spike   [   4% ] 008/788 VUs  00m32.4s/12m0s  010.00 iters/s

running (00m33.4s), 009/788 VUs, 324 complete and 0 interrupted iterations
openloop_spike   [   5% ] 009/788 VUs  00m33.4s/12m0s  010.00 iters/s

running (00m34.4s), 007/788 VUs, 336 complete and 0 interrupted iterations
openloop_spike   [   5% ] 007/788 VUs  00m34.4s/12m0s  010.00 iters/s

running (00m35.4s), 008/788 VUs, 345 complete and 0 interrupted iterations
openloop_spike   [   5% ] 008/788 VUs  00m35.4s/12m0s  010.00 iters/s

running (00m36.4s), 006/788 VUs, 357 complete and 0 interrupted iterations
openloop_spike   [   5% ] 006/788 VUs  00m36.4s/12m0s  010.00 iters/s

running (00m37.4s), 008/788 VUs, 365 complete and 0 interrupted iterations
openloop_spike   [   5% ] 008/788 VUs  00m37.4s/12m0s  010.00 iters/s

running (00m38.4s), 007/788 VUs, 376 complete and 0 interrupted iterations
openloop_spike   [   5% ] 007/788 VUs  00m38.4s/12m0s  010.00 iters/s

running (00m39.4s), 008/788 VUs, 385 complete and 0 interrupted iterations
openloop_spike   [   5% ] 008/788 VUs  00m39.4s/12m0s  010.00 iters/s

running (00m40.4s), 006/788 VUs, 397 complete and 0 interrupted iterations
openloop_spike   [   6% ] 006/788 VUs  00m40.4s/12m0s  010.00 iters/s

running (00m41.4s), 009/788 VUs, 404 complete and 0 interrupted iterations
openloop_spike   [   6% ] 009/788 VUs  00m41.4s/12m0s  010.00 iters/s

running (00m42.4s), 006/788 VUs, 417 complete and 0 interrupted iterations
openloop_spike   [   6% ] 006/788 VUs  00m42.4s/12m0s  010.00 iters/s

running (00m43.4s), 007/788 VUs, 426 complete and 0 interrupted iterations
openloop_spike   [   6% ] 007/788 VUs  00m43.4s/12m0s  010.00 iters/s

running (00m44.4s), 007/788 VUs, 436 complete and 0 interrupted iterations
openloop_spike   [   6% ] 007/788 VUs  00m44.4s/12m0s  010.00 iters/s

running (00m45.4s), 007/788 VUs, 446 complete and 0 interrupted iterations
openloop_spike   [   6% ] 007/788 VUs  00m45.4s/12m0s  010.00 iters/s

running (00m46.4s), 008/788 VUs, 455 complete and 0 interrupted iterations
openloop_spike   [   6% ] 008/788 VUs  00m46.4s/12m0s  010.00 iters/s

running (00m47.4s), 008/788 VUs, 465 complete and 0 interrupted iterations
openloop_spike   [   7% ] 008/788 VUs  00m47.4s/12m0s  010.00 iters/s

running (00m48.4s), 008/788 VUs, 475 complete and 0 interrupted iterations
openloop_spike   [   7% ] 008/788 VUs  00m48.4s/12m0s  010.00 iters/s

running (00m49.4s), 007/788 VUs, 486 complete and 0 interrupted iterations
openloop_spike   [   7% ] 007/788 VUs  00m49.4s/12m0s  010.00 iters/s

running (00m50.4s), 007/788 VUs, 496 complete and 0 interrupted iterations
openloop_spike   [   7% ] 007/788 VUs  00m50.4s/12m0s  010.00 iters/s

running (00m51.4s), 008/788 VUs, 505 complete and 0 interrupted iterations
openloop_spike   [   7% ] 008/788 VUs  00m51.4s/12m0s  010.00 iters/s

running (00m52.4s), 007/788 VUs, 516 complete and 0 interrupted iterations
openloop_spike   [   7% ] 007/788 VUs  00m52.4s/12m0s  010.00 iters/s

running (00m53.4s), 008/788 VUs, 525 complete and 0 interrupted iterations
openloop_spike   [   7% ] 008/788 VUs  00m53.4s/12m0s  010.00 iters/s

running (00m54.4s), 007/788 VUs, 536 complete and 0 interrupted iterations
openloop_spike   [   8% ] 007/788 VUs  00m54.4s/12m0s  010.00 iters/s

running (00m55.4s), 007/788 VUs, 546 complete and 0 interrupted iterations
openloop_spike   [   8% ] 007/788 VUs  00m55.4s/12m0s  010.00 iters/s

running (00m56.4s), 008/788 VUs, 555 complete and 0 interrupted iterations
openloop_spike   [   8% ] 008/788 VUs  00m56.4s/12m0s  010.00 iters/s

running (00m57.4s), 008/788 VUs, 565 complete and 0 interrupted iterations
openloop_spike   [   8% ] 008/788 VUs  00m57.4s/12m0s  010.00 iters/s

running (00m58.4s), 009/788 VUs, 574 complete and 0 interrupted iterations
openloop_spike   [   8% ] 009/788 VUs  00m58.4s/12m0s  010.00 iters/s

running (00m59.4s), 007/788 VUs, 586 complete and 0 interrupted iterations
openloop_spike   [   8% ] 007/788 VUs  00m59.4s/12m0s  010.00 iters/s

running (01m00.4s), 007/788 VUs, 596 complete and 0 interrupted iterations
openloop_spike   [   8% ] 007/788 VUs  01m00.4s/12m0s  010.00 iters/s

running (01m01.4s), 007/788 VUs, 606 complete and 0 interrupted iterations
openloop_spike   [   9% ] 007/788 VUs  01m01.4s/12m0s  010.00 iters/s

running (01m02.4s), 007/788 VUs, 616 complete and 0 interrupted iterations
openloop_spike   [   9% ] 007/788 VUs  01m02.4s/12m0s  010.00 iters/s

running (01m03.4s), 007/788 VUs, 626 complete and 0 interrupted iterations
openloop_spike   [   9% ] 007/788 VUs  01m03.4s/12m0s  010.00 iters/s

running (01m04.4s), 007/788 VUs, 636 complete and 0 interrupted iterations
openloop_spike   [   9% ] 007/788 VUs  01m04.4s/12m0s  010.00 iters/s

running (01m05.4s), 007/788 VUs, 646 complete and 0 interrupted iterations
openloop_spike   [   9% ] 007/788 VUs  01m05.4s/12m0s  010.00 iters/s

running (01m06.4s), 008/788 VUs, 655 complete and 0 interrupted iterations
openloop_spike   [   9% ] 008/788 VUs  01m06.4s/12m0s  010.00 iters/s

running (01m07.4s), 007/788 VUs, 666 complete and 0 interrupted iterations
openloop_spike   [   9% ] 007/788 VUs  01m07.4s/12m0s  010.00 iters/s

running (01m08.4s), 006/788 VUs, 677 complete and 0 interrupted iterations
openloop_spike   [   9% ] 006/788 VUs  01m08.4s/12m0s  010.00 iters/s

running (01m09.4s), 006/788 VUs, 687 complete and 0 interrupted iterations
openloop_spike   [  10% ] 006/788 VUs  01m09.4s/12m0s  010.00 iters/s

running (01m10.4s), 007/788 VUs, 696 complete and 0 interrupted iterations
openloop_spike   [  10% ] 007/788 VUs  01m10.4s/12m0s  010.00 iters/s

running (01m11.4s), 007/788 VUs, 706 complete and 0 interrupted iterations
openloop_spike   [  10% ] 007/788 VUs  01m11.4s/12m0s  010.00 iters/s

running (01m12.4s), 008/788 VUs, 715 complete and 0 interrupted iterations
openloop_spike   [  10% ] 008/788 VUs  01m12.4s/12m0s  010.00 iters/s

running (01m13.4s), 007/788 VUs, 726 complete and 0 interrupted iterations
openloop_spike   [  10% ] 007/788 VUs  01m13.4s/12m0s  010.00 iters/s

running (01m14.4s), 006/788 VUs, 737 complete and 0 interrupted iterations
openloop_spike   [  10% ] 006/788 VUs  01m14.4s/12m0s  010.00 iters/s

running (01m15.4s), 006/788 VUs, 747 complete and 0 interrupted iterations
openloop_spike   [  10% ] 006/788 VUs  01m15.4s/12m0s  010.00 iters/s

running (01m16.4s), 007/788 VUs, 756 complete and 0 interrupted iterations
openloop_spike   [  11% ] 007/788 VUs  01m16.4s/12m0s  010.00 iters/s

running (01m17.4s), 007/788 VUs, 766 complete and 0 interrupted iterations
openloop_spike   [  11% ] 007/788 VUs  01m17.4s/12m0s  010.00 iters/s

running (01m18.4s), 008/788 VUs, 775 complete and 0 interrupted iterations
openloop_spike   [  11% ] 008/788 VUs  01m18.4s/12m0s  010.00 iters/s

running (01m19.4s), 005/788 VUs, 788 complete and 0 interrupted iterations
openloop_spike   [  11% ] 005/788 VUs  01m19.4s/12m0s  010.00 iters/s

running (01m20.4s), 007/788 VUs, 796 complete and 0 interrupted iterations
openloop_spike   [  11% ] 007/788 VUs  01m20.4s/12m0s  010.00 iters/s

running (01m21.4s), 008/788 VUs, 805 complete and 0 interrupted iterations
openloop_spike   [  11% ] 008/788 VUs  01m21.4s/12m0s  010.00 iters/s

running (01m22.4s), 006/788 VUs, 817 complete and 0 interrupted iterations
openloop_spike   [  11% ] 006/788 VUs  01m22.4s/12m0s  010.00 iters/s

running (01m23.4s), 006/788 VUs, 827 complete and 0 interrupted iterations
openloop_spike   [  12% ] 006/788 VUs  01m23.4s/12m0s  010.00 iters/s

running (01m24.4s), 008/788 VUs, 835 complete and 0 interrupted iterations
openloop_spike   [  12% ] 008/788 VUs  01m24.4s/12m0s  010.00 iters/s

running (01m25.4s), 007/788 VUs, 846 complete and 0 interrupted iterations
openloop_spike   [  12% ] 007/788 VUs  01m25.4s/12m0s  010.00 iters/s

running (01m26.4s), 008/788 VUs, 855 complete and 0 interrupted iterations
openloop_spike   [  12% ] 008/788 VUs  01m26.4s/12m0s  010.00 iters/s

running (01m27.4s), 008/788 VUs, 865 complete and 0 interrupted iterations
openloop_spike   [  12% ] 008/788 VUs  01m27.4s/12m0s  010.00 iters/s

running (01m28.4s), 008/788 VUs, 875 complete and 0 interrupted iterations
openloop_spike   [  12% ] 008/788 VUs  01m28.4s/12m0s  010.00 iters/s

running (01m29.4s), 007/788 VUs, 886 complete and 0 interrupted iterations
openloop_spike   [  12% ] 007/788 VUs  01m29.4s/12m0s  010.00 iters/s

running (01m30.4s), 007/788 VUs, 896 complete and 0 interrupted iterations
openloop_spike   [  13% ] 007/788 VUs  01m30.4s/12m0s  010.00 iters/s

running (01m31.4s), 008/788 VUs, 905 complete and 0 interrupted iterations
openloop_spike   [  13% ] 008/788 VUs  01m31.4s/12m0s  010.00 iters/s

running (01m32.4s), 007/788 VUs, 916 complete and 0 interrupted iterations
openloop_spike   [  13% ] 007/788 VUs  01m32.4s/12m0s  010.00 iters/s

running (01m33.4s), 007/788 VUs, 926 complete and 0 interrupted iterations
openloop_spike   [  13% ] 007/788 VUs  01m33.4s/12m0s  010.00 iters/s

running (01m34.4s), 007/788 VUs, 936 complete and 0 interrupted iterations
openloop_spike   [  13% ] 007/788 VUs  01m34.4s/12m0s  010.00 iters/s

running (01m35.4s), 009/788 VUs, 944 complete and 0 interrupted iterations
openloop_spike   [  13% ] 009/788 VUs  01m35.4s/12m0s  010.00 iters/s

running (01m36.4s), 008/788 VUs, 955 complete and 0 interrupted iterations
openloop_spike   [  13% ] 008/788 VUs  01m36.4s/12m0s  010.00 iters/s

running (01m37.4s), 007/788 VUs, 966 complete and 0 interrupted iterations
openloop_spike   [  14% ] 007/788 VUs  01m37.4s/12m0s  010.00 iters/s

running (01m38.4s), 006/788 VUs, 977 complete and 0 interrupted iterations
openloop_spike   [  14% ] 006/788 VUs  01m38.4s/12m0s  010.00 iters/s

running (01m39.4s), 008/788 VUs, 985 complete and 0 interrupted iterations
openloop_spike   [  14% ] 008/788 VUs  01m39.4s/12m0s  010.00 iters/s

running (01m40.4s), 007/788 VUs, 996 complete and 0 interrupted iterations
openloop_spike   [  14% ] 007/788 VUs  01m40.4s/12m0s  010.00 iters/s

running (01m41.4s), 009/788 VUs, 1004 complete and 0 interrupted iterations
openloop_spike   [  14% ] 009/788 VUs  01m41.4s/12m0s  010.00 iters/s

running (01m42.4s), 006/788 VUs, 1017 complete and 0 interrupted iterations
openloop_spike   [  14% ] 006/788 VUs  01m42.4s/12m0s  010.00 iters/s

running (01m43.4s), 006/788 VUs, 1027 complete and 0 interrupted iterations
openloop_spike   [  14% ] 006/788 VUs  01m43.4s/12m0s  010.00 iters/s

running (01m44.4s), 008/788 VUs, 1035 complete and 0 interrupted iterations
openloop_spike   [  14% ] 008/788 VUs  01m44.4s/12m0s  010.00 iters/s

running (01m45.4s), 008/788 VUs, 1045 complete and 0 interrupted iterations
openloop_spike   [  15% ] 008/788 VUs  01m45.4s/12m0s  010.00 iters/s

running (01m46.4s), 007/788 VUs, 1056 complete and 0 interrupted iterations
openloop_spike   [  15% ] 007/788 VUs  01m46.4s/12m0s  010.00 iters/s

running (01m47.4s), 008/788 VUs, 1065 complete and 0 interrupted iterations
openloop_spike   [  15% ] 008/788 VUs  01m47.4s/12m0s  010.00 iters/s

running (01m48.4s), 008/788 VUs, 1075 complete and 0 interrupted iterations
openloop_spike   [  15% ] 008/788 VUs  01m48.4s/12m0s  010.00 iters/s

running (01m49.4s), 007/788 VUs, 1086 complete and 0 interrupted iterations
openloop_spike   [  15% ] 007/788 VUs  01m49.4s/12m0s  010.00 iters/s

running (01m50.4s), 007/788 VUs, 1096 complete and 0 interrupted iterations
openloop_spike   [  15% ] 007/788 VUs  01m50.4s/12m0s  010.00 iters/s

running (01m51.4s), 007/788 VUs, 1106 complete and 0 interrupted iterations
openloop_spike   [  15% ] 007/788 VUs  01m51.4s/12m0s  010.00 iters/s

running (01m52.4s), 007/788 VUs, 1116 complete and 0 interrupted iterations
openloop_spike   [  16% ] 007/788 VUs  01m52.4s/12m0s  010.00 iters/s

running (01m53.4s), 007/788 VUs, 1126 complete and 0 interrupted iterations
openloop_spike   [  16% ] 007/788 VUs  01m53.4s/12m0s  010.00 iters/s

running (01m54.4s), 008/788 VUs, 1135 complete and 0 interrupted iterations
openloop_spike   [  16% ] 008/788 VUs  01m54.4s/12m0s  010.00 iters/s

running (01m55.4s), 008/788 VUs, 1145 complete and 0 interrupted iterations
openloop_spike   [  16% ] 008/788 VUs  01m55.4s/12m0s  010.00 iters/s

running (01m56.4s), 008/788 VUs, 1155 complete and 0 interrupted iterations
openloop_spike   [  16% ] 008/788 VUs  01m56.4s/12m0s  010.00 iters/s

running (01m57.4s), 007/788 VUs, 1166 complete and 0 interrupted iterations
openloop_spike   [  16% ] 007/788 VUs  01m57.4s/12m0s  010.00 iters/s

running (01m58.4s), 007/788 VUs, 1176 complete and 0 interrupted iterations
openloop_spike   [  16% ] 007/788 VUs  01m58.4s/12m0s  010.00 iters/s

running (01m59.4s), 007/788 VUs, 1186 complete and 0 interrupted iterations
openloop_spike   [  17% ] 007/788 VUs  01m59.4s/12m0s  010.00 iters/s

running (02m00.4s), 006/788 VUs, 1197 complete and 0 interrupted iterations
openloop_spike   [  17% ] 006/788 VUs  02m00.4s/12m0s  012.90 iters/s

running (02m01.4s), 013/788 VUs, 1208 complete and 0 interrupted iterations
openloop_spike   [  17% ] 013/788 VUs  02m01.4s/12m0s  022.55 iters/s

running (02m02.4s), 021/788 VUs, 1228 complete and 0 interrupted iterations
openloop_spike   [  17% ] 021/788 VUs  02m02.4s/12m0s  032.26 iters/s

running (02m03.4s), 028/788 VUs, 1258 complete and 0 interrupted iterations
openloop_spike   [  17% ] 028/788 VUs  02m03.4s/12m0s  041.76 iters/s

running (02m04.4s), 035/788 VUs, 1297 complete and 0 interrupted iterations
openloop_spike   [  17% ] 035/788 VUs  02m04.4s/12m0s  051.16 iters/s

running (02m05.4s), 042/788 VUs, 1346 complete and 0 interrupted iterations
openloop_spike   [  17% ] 042/788 VUs  02m05.4s/12m0s  060.68 iters/s

running (02m06.4s), 046/788 VUs, 1407 complete and 0 interrupted iterations
openloop_spike   [  18% ] 046/788 VUs  02m06.4s/12m0s  070.12 iters/s

running (02m07.4s), 057/788 VUs, 1471 complete and 0 interrupted iterations
openloop_spike   [  18% ] 057/788 VUs  02m07.4s/12m0s  079.63 iters/s

running (02m08.4s), 062/788 VUs, 1551 complete and 0 interrupted iterations
openloop_spike   [  18% ] 062/788 VUs  02m08.4s/12m0s  089.20 iters/s

running (02m09.4s), 071/788 VUs, 1636 complete and 0 interrupted iterations
openloop_spike   [  18% ] 071/788 VUs  02m09.4s/12m0s  098.70 iters/s

running (02m10.4s), 073/788 VUs, 1736 complete and 0 interrupted iterations
openloop_spike   [  18% ] 073/788 VUs  02m10.4s/12m0s  105.00 iters/s

running (02m11.4s), 073/788 VUs, 1841 complete and 0 interrupted iterations
openloop_spike   [  18% ] 073/788 VUs  02m11.4s/12m0s  105.00 iters/s

running (02m12.4s), 075/788 VUs, 1944 complete and 0 interrupted iterations
openloop_spike   [  18% ] 075/788 VUs  02m12.4s/12m0s  105.00 iters/s

running (02m13.4s), 067/788 VUs, 2057 complete and 0 interrupted iterations
openloop_spike   [  19% ] 067/788 VUs  02m13.4s/12m0s  105.00 iters/s

running (02m14.4s), 071/788 VUs, 2158 complete and 0 interrupted iterations
openloop_spike   [  19% ] 071/788 VUs  02m14.4s/12m0s  105.00 iters/s

running (02m15.4s), 073/788 VUs, 2261 complete and 0 interrupted iterations
openloop_spike   [  19% ] 073/788 VUs  02m15.4s/12m0s  105.00 iters/s

running (02m16.4s), 073/788 VUs, 2366 complete and 0 interrupted iterations
openloop_spike   [  19% ] 073/788 VUs  02m16.4s/12m0s  105.00 iters/s

running (02m17.4s), 077/788 VUs, 2467 complete and 0 interrupted iterations
openloop_spike   [  19% ] 077/788 VUs  02m17.4s/12m0s  105.00 iters/s

running (02m18.4s), 075/788 VUs, 2574 complete and 0 interrupted iterations
openloop_spike   [  19% ] 075/788 VUs  02m18.4s/12m0s  105.00 iters/s

running (02m19.4s), 076/788 VUs, 2678 complete and 0 interrupted iterations
openloop_spike   [  19% ] 076/788 VUs  02m19.4s/12m0s  105.00 iters/s

running (02m20.4s), 073/788 VUs, 2786 complete and 0 interrupted iterations
openloop_spike   [  19% ] 073/788 VUs  02m20.4s/12m0s  105.00 iters/s

running (02m21.4s), 075/788 VUs, 2889 complete and 0 interrupted iterations
openloop_spike   [  20% ] 075/788 VUs  02m21.4s/12m0s  105.00 iters/s

running (02m22.4s), 078/788 VUs, 2991 complete and 0 interrupted iterations
openloop_spike   [  20% ] 078/788 VUs  02m22.4s/12m0s  105.00 iters/s

running (02m23.4s), 077/788 VUs, 3097 complete and 0 interrupted iterations
openloop_spike   [  20% ] 077/788 VUs  02m23.4s/12m0s  105.00 iters/s

running (02m24.4s), 071/788 VUs, 3208 complete and 0 interrupted iterations
openloop_spike   [  20% ] 071/788 VUs  02m24.4s/12m0s  105.00 iters/s

running (02m25.4s), 073/788 VUs, 3311 complete and 0 interrupted iterations
openloop_spike   [  20% ] 073/788 VUs  02m25.4s/12m0s  105.00 iters/s

running (02m26.4s), 077/788 VUs, 3412 complete and 0 interrupted iterations
openloop_spike   [  20% ] 077/788 VUs  02m26.4s/12m0s  105.00 iters/s

running (02m27.4s), 073/788 VUs, 3521 complete and 0 interrupted iterations
openloop_spike   [  20% ] 073/788 VUs  02m27.4s/12m0s  105.00 iters/s

running (02m28.4s), 072/788 VUs, 3627 complete and 0 interrupted iterations
openloop_spike   [  21% ] 072/788 VUs  02m28.4s/12m0s  105.00 iters/s

running (02m29.4s), 068/788 VUs, 3736 complete and 0 interrupted iterations
openloop_spike   [  21% ] 068/788 VUs  02m29.4s/12m0s  105.00 iters/s

running (02m30.4s), 072/788 VUs, 3837 complete and 0 interrupted iterations
openloop_spike   [  21% ] 072/788 VUs  02m30.4s/12m0s  105.00 iters/s

running (02m31.4s), 076/788 VUs, 3938 complete and 0 interrupted iterations
openloop_spike   [  21% ] 076/788 VUs  02m31.4s/12m0s  105.00 iters/s

running (02m32.4s), 076/788 VUs, 4043 complete and 0 interrupted iterations
openloop_spike   [  21% ] 076/788 VUs  02m32.4s/12m0s  105.00 iters/s

running (02m33.4s), 075/788 VUs, 4149 complete and 0 interrupted iterations
openloop_spike   [  21% ] 075/788 VUs  02m33.4s/12m0s  105.00 iters/s

running (02m34.4s), 073/788 VUs, 4256 complete and 0 interrupted iterations
openloop_spike   [  21% ] 073/788 VUs  02m34.4s/12m0s  105.00 iters/s

running (02m35.4s), 079/788 VUs, 4355 complete and 0 interrupted iterations
openloop_spike   [  22% ] 079/788 VUs  02m35.4s/12m0s  105.00 iters/s

running (02m36.4s), 074/788 VUs, 4465 complete and 0 interrupted iterations
openloop_spike   [  22% ] 074/788 VUs  02m36.4s/12m0s  105.00 iters/s

running (02m37.4s), 071/788 VUs, 4573 complete and 0 interrupted iterations
openloop_spike   [  22% ] 071/788 VUs  02m37.4s/12m0s  105.00 iters/s

running (02m38.4s), 073/788 VUs, 4676 complete and 0 interrupted iterations
openloop_spike   [  22% ] 073/788 VUs  02m38.4s/12m0s  105.00 iters/s

running (02m39.4s), 078/788 VUs, 4776 complete and 0 interrupted iterations
openloop_spike   [  22% ] 078/788 VUs  02m39.4s/12m0s  105.00 iters/s

running (02m40.4s), 077/788 VUs, 4882 complete and 0 interrupted iterations
openloop_spike   [  22% ] 077/788 VUs  02m40.4s/12m0s  105.00 iters/s

running (02m41.4s), 075/788 VUs, 4989 complete and 0 interrupted iterations
openloop_spike   [  22% ] 075/788 VUs  02m41.4s/12m0s  105.00 iters/s

running (02m42.4s), 073/788 VUs, 5096 complete and 0 interrupted iterations
openloop_spike   [  23% ] 073/788 VUs  02m42.4s/12m0s  105.00 iters/s

running (02m43.4s), 076/788 VUs, 5198 complete and 0 interrupted iterations
openloop_spike   [  23% ] 076/788 VUs  02m43.4s/12m0s  105.00 iters/s

running (02m44.4s), 071/788 VUs, 5308 complete and 0 interrupted iterations
openloop_spike   [  23% ] 071/788 VUs  02m44.4s/12m0s  105.00 iters/s

running (02m45.4s), 074/788 VUs, 5410 complete and 0 interrupted iterations
openloop_spike   [  23% ] 074/788 VUs  02m45.4s/12m0s  105.00 iters/s

running (02m46.4s), 074/788 VUs, 5515 complete and 0 interrupted iterations
openloop_spike   [  23% ] 074/788 VUs  02m46.4s/12m0s  105.00 iters/s

running (02m47.4s), 082/788 VUs, 5612 complete and 0 interrupted iterations
openloop_spike   [  23% ] 082/788 VUs  02m47.4s/12m0s  105.00 iters/s

running (02m48.4s), 069/788 VUs, 5730 complete and 0 interrupted iterations
openloop_spike   [  23% ] 069/788 VUs  02m48.4s/12m0s  105.00 iters/s

running (02m49.4s), 078/788 VUs, 5826 complete and 0 interrupted iterations
openloop_spike   [  24% ] 078/788 VUs  02m49.4s/12m0s  105.00 iters/s

running (02m50.4s), 079/788 VUs, 5930 complete and 0 interrupted iterations
openloop_spike   [  24% ] 079/788 VUs  02m50.4s/12m0s  105.00 iters/s

running (02m51.4s), 076/788 VUs, 6038 complete and 0 interrupted iterations
openloop_spike   [  24% ] 076/788 VUs  02m51.4s/12m0s  105.00 iters/s

running (02m52.4s), 076/788 VUs, 6143 complete and 0 interrupted iterations
openloop_spike   [  24% ] 076/788 VUs  02m52.4s/12m0s  105.00 iters/s

running (02m53.4s), 078/788 VUs, 6246 complete and 0 interrupted iterations
openloop_spike   [  24% ] 078/788 VUs  02m53.4s/12m0s  105.00 iters/s

running (02m54.4s), 072/788 VUs, 6357 complete and 0 interrupted iterations
openloop_spike   [  24% ] 072/788 VUs  02m54.4s/12m0s  105.00 iters/s

running (02m55.4s), 076/788 VUs, 6458 complete and 0 interrupted iterations
openloop_spike   [  24% ] 076/788 VUs  02m55.4s/12m0s  105.00 iters/s

running (02m56.4s), 076/788 VUs, 6563 complete and 0 interrupted iterations
openloop_spike   [  24% ] 076/788 VUs  02m56.4s/12m0s  105.00 iters/s

running (02m57.4s), 077/788 VUs, 6667 complete and 0 interrupted iterations
openloop_spike   [  25% ] 077/788 VUs  02m57.4s/12m0s  105.00 iters/s

running (02m58.4s), 077/788 VUs, 6772 complete and 0 interrupted iterations
openloop_spike   [  25% ] 077/788 VUs  02m58.4s/12m0s  105.00 iters/s

running (02m59.4s), 079/788 VUs, 6875 complete and 0 interrupted iterations
openloop_spike   [  25% ] 079/788 VUs  02m59.4s/12m0s  105.00 iters/s

running (03m00.4s), 073/788 VUs, 6986 complete and 0 interrupted iterations
openloop_spike   [  25% ] 073/788 VUs  03m00.4s/12m0s  105.00 iters/s

running (03m01.4s), 072/788 VUs, 7092 complete and 0 interrupted iterations
openloop_spike   [  25% ] 072/788 VUs  03m01.4s/12m0s  105.00 iters/s

running (03m02.4s), 072/788 VUs, 7197 complete and 0 interrupted iterations
openloop_spike   [  25% ] 072/788 VUs  03m02.4s/12m0s  105.00 iters/s

running (03m03.4s), 078/788 VUs, 7296 complete and 0 interrupted iterations
openloop_spike   [  25% ] 078/788 VUs  03m03.4s/12m0s  105.00 iters/s

running (03m04.4s), 069/788 VUs, 7410 complete and 0 interrupted iterations
openloop_spike   [  26% ] 069/788 VUs  03m04.4s/12m0s  105.00 iters/s

running (03m05.4s), 079/788 VUs, 7505 complete and 0 interrupted iterations
openloop_spike   [  26% ] 079/788 VUs  03m05.4s/12m0s  105.00 iters/s

running (03m06.4s), 072/788 VUs, 7617 complete and 0 interrupted iterations
openloop_spike   [  26% ] 072/788 VUs  03m06.4s/12m0s  105.00 iters/s

running (03m07.4s), 072/788 VUs, 7722 complete and 0 interrupted iterations
openloop_spike   [  26% ] 072/788 VUs  03m07.4s/12m0s  105.00 iters/s

running (03m08.4s), 072/788 VUs, 7827 complete and 0 interrupted iterations
openloop_spike   [  26% ] 072/788 VUs  03m08.4s/12m0s  105.00 iters/s

running (03m09.4s), 078/788 VUs, 7926 complete and 0 interrupted iterations
openloop_spike   [  26% ] 078/788 VUs  03m09.4s/12m0s  105.00 iters/s

running (03m10.4s), 077/788 VUs, 8032 complete and 0 interrupted iterations
openloop_spike   [  26% ] 077/788 VUs  03m10.4s/12m0s  105.00 iters/s

running (03m11.4s), 074/788 VUs, 8140 complete and 0 interrupted iterations
openloop_spike   [  27% ] 074/788 VUs  03m11.4s/12m0s  105.00 iters/s

running (03m12.4s), 073/788 VUs, 8246 complete and 0 interrupted iterations
openloop_spike   [  27% ] 073/788 VUs  03m12.4s/12m0s  105.00 iters/s

running (03m13.4s), 073/788 VUs, 8351 complete and 0 interrupted iterations
openloop_spike   [  27% ] 073/788 VUs  03m13.4s/12m0s  105.00 iters/s

running (03m14.4s), 070/788 VUs, 8459 complete and 0 interrupted iterations
openloop_spike   [  27% ] 070/788 VUs  03m14.4s/12m0s  105.00 iters/s

running (03m15.4s), 073/788 VUs, 8561 complete and 0 interrupted iterations
openloop_spike   [  27% ] 073/788 VUs  03m15.4s/12m0s  105.00 iters/s

running (03m16.4s), 075/788 VUs, 8664 complete and 0 interrupted iterations
openloop_spike   [  27% ] 075/788 VUs  03m16.4s/12m0s  105.00 iters/s

running (03m17.4s), 074/788 VUs, 8770 complete and 0 interrupted iterations
openloop_spike   [  27% ] 074/788 VUs  03m17.4s/12m0s  105.00 iters/s

running (03m18.4s), 073/788 VUs, 8876 complete and 0 interrupted iterations
openloop_spike   [  28% ] 073/788 VUs  03m18.4s/12m0s  105.00 iters/s

running (03m19.4s), 077/788 VUs, 8977 complete and 0 interrupted iterations
openloop_spike   [  28% ] 077/788 VUs  03m19.4s/12m0s  105.00 iters/s

running (03m20.4s), 077/788 VUs, 9082 complete and 0 interrupted iterations
openloop_spike   [  28% ] 077/788 VUs  03m20.4s/12m0s  105.00 iters/s

running (03m21.4s), 076/788 VUs, 9188 complete and 0 interrupted iterations
openloop_spike   [  28% ] 076/788 VUs  03m21.4s/12m0s  105.00 iters/s

running (03m22.4s), 068/788 VUs, 9301 complete and 0 interrupted iterations
openloop_spike   [  28% ] 068/788 VUs  03m22.4s/12m0s  105.00 iters/s

running (03m23.4s), 074/788 VUs, 9400 complete and 0 interrupted iterations
openloop_spike   [  28% ] 074/788 VUs  03m23.4s/12m0s  105.00 iters/s

running (03m24.4s), 075/788 VUs, 9504 complete and 0 interrupted iterations
openloop_spike   [  28% ] 075/788 VUs  03m24.4s/12m0s  105.00 iters/s

running (03m25.4s), 072/788 VUs, 9612 complete and 0 interrupted iterations
openloop_spike   [  29% ] 072/788 VUs  03m25.4s/12m0s  105.00 iters/s

running (03m26.4s), 076/788 VUs, 9713 complete and 0 interrupted iterations
openloop_spike   [  29% ] 076/788 VUs  03m26.4s/12m0s  105.00 iters/s

running (03m27.4s), 075/788 VUs, 9819 complete and 0 interrupted iterations
openloop_spike   [  29% ] 075/788 VUs  03m27.4s/12m0s  105.00 iters/s

running (03m28.4s), 079/788 VUs, 9920 complete and 0 interrupted iterations
openloop_spike   [  29% ] 079/788 VUs  03m28.4s/12m0s  105.00 iters/s

running (03m29.4s), 073/788 VUs, 10031 complete and 0 interrupted iterations
openloop_spike   [  29% ] 073/788 VUs  03m29.4s/12m0s  105.00 iters/s

running (03m30.4s), 075/788 VUs, 10134 complete and 0 interrupted iterations
openloop_spike   [  29% ] 075/788 VUs  03m30.4s/12m0s  105.00 iters/s

running (03m31.4s), 070/788 VUs, 10244 complete and 0 interrupted iterations
openloop_spike   [  29% ] 070/788 VUs  03m31.4s/12m0s  105.00 iters/s

running (03m32.4s), 073/788 VUs, 10346 complete and 0 interrupted iterations
openloop_spike   [  29% ] 073/788 VUs  03m32.4s/12m0s  105.00 iters/s

running (03m33.4s), 076/788 VUs, 10448 complete and 0 interrupted iterations
openloop_spike   [  30% ] 076/788 VUs  03m33.4s/12m0s  105.00 iters/s

running (03m34.4s), 073/788 VUs, 10556 complete and 0 interrupted iterations
openloop_spike   [  30% ] 073/788 VUs  03m34.4s/12m0s  105.00 iters/s

running (03m35.4s), 070/788 VUs, 10664 complete and 0 interrupted iterations
openloop_spike   [  30% ] 070/788 VUs  03m35.4s/12m0s  105.00 iters/s

running (03m36.4s), 087/788 VUs, 10752 complete and 0 interrupted iterations
openloop_spike   [  30% ] 087/788 VUs  03m36.4s/12m0s  105.00 iters/s

running (03m37.4s), 077/788 VUs, 10867 complete and 0 interrupted iterations
openloop_spike   [  30% ] 077/788 VUs  03m37.4s/12m0s  105.00 iters/s

running (03m38.4s), 072/788 VUs, 10977 complete and 0 interrupted iterations
openloop_spike   [  30% ] 072/788 VUs  03m38.4s/12m0s  105.00 iters/s

running (03m39.4s), 073/788 VUs, 11081 complete and 0 interrupted iterations
openloop_spike   [  30% ] 073/788 VUs  03m39.4s/12m0s  105.00 iters/s

running (03m40.4s), 073/788 VUs, 11186 complete and 0 interrupted iterations
openloop_spike   [  31% ] 073/788 VUs  03m40.4s/12m0s  105.00 iters/s

running (03m41.4s), 073/788 VUs, 11291 complete and 0 interrupted iterations
openloop_spike   [  31% ] 073/788 VUs  03m41.4s/12m0s  105.00 iters/s

running (03m42.4s), 078/788 VUs, 11391 complete and 0 interrupted iterations
openloop_spike   [  31% ] 078/788 VUs  03m42.4s/12m0s  105.00 iters/s

running (03m43.4s), 069/788 VUs, 11505 complete and 0 interrupted iterations
openloop_spike   [  31% ] 069/788 VUs  03m43.4s/12m0s  105.00 iters/s

running (03m44.4s), 075/788 VUs, 11604 complete and 0 interrupted iterations
openloop_spike   [  31% ] 075/788 VUs  03m44.4s/12m0s  105.00 iters/s

running (03m45.4s), 074/788 VUs, 11710 complete and 0 interrupted iterations
openloop_spike   [  31% ] 074/788 VUs  03m45.4s/12m0s  105.00 iters/s

running (03m46.4s), 073/788 VUs, 11816 complete and 0 interrupted iterations
openloop_spike   [  31% ] 073/788 VUs  03m46.4s/12m0s  105.00 iters/s

running (03m47.4s), 069/788 VUs, 11925 complete and 0 interrupted iterations
openloop_spike   [  32% ] 069/788 VUs  03m47.4s/12m0s  105.00 iters/s

running (03m48.4s), 075/788 VUs, 12024 complete and 0 interrupted iterations
openloop_spike   [  32% ] 075/788 VUs  03m48.4s/12m0s  105.00 iters/s

running (03m49.4s), 074/788 VUs, 12130 complete and 0 interrupted iterations
openloop_spike   [  32% ] 074/788 VUs  03m49.4s/12m0s  105.00 iters/s

running (03m50.4s), 077/788 VUs, 12232 complete and 0 interrupted iterations
openloop_spike   [  32% ] 077/788 VUs  03m50.4s/12m0s  105.00 iters/s

running (03m51.4s), 072/788 VUs, 12342 complete and 0 interrupted iterations
openloop_spike   [  32% ] 072/788 VUs  03m51.4s/12m0s  105.00 iters/s

running (03m52.4s), 071/788 VUs, 12448 complete and 0 interrupted iterations
openloop_spike   [  32% ] 071/788 VUs  03m52.4s/12m0s  105.00 iters/s

running (03m53.4s), 073/788 VUs, 12551 complete and 0 interrupted iterations
openloop_spike   [  32% ] 073/788 VUs  03m53.4s/12m0s  105.00 iters/s

running (03m54.4s), 073/788 VUs, 12656 complete and 0 interrupted iterations
openloop_spike   [  33% ] 073/788 VUs  03m54.4s/12m0s  105.00 iters/s

running (03m55.4s), 074/788 VUs, 12760 complete and 0 interrupted iterations
openloop_spike   [  33% ] 074/788 VUs  03m55.4s/12m0s  105.00 iters/s

running (03m56.4s), 078/788 VUs, 12861 complete and 0 interrupted iterations
openloop_spike   [  33% ] 078/788 VUs  03m56.4s/12m0s  105.00 iters/s

running (03m57.4s), 074/788 VUs, 12970 complete and 0 interrupted iterations
openloop_spike   [  33% ] 074/788 VUs  03m57.4s/12m0s  105.00 iters/s

running (03m58.4s), 075/788 VUs, 13074 complete and 0 interrupted iterations
openloop_spike   [  33% ] 075/788 VUs  03m58.4s/12m0s  105.00 iters/s

running (03m59.4s), 076/788 VUs, 13178 complete and 0 interrupted iterations
openloop_spike   [  33% ] 076/788 VUs  03m59.4s/12m0s  105.00 iters/s

running (04m00.4s), 071/788 VUs, 13288 complete and 0 interrupted iterations
openloop_spike   [  33% ] 071/788 VUs  04m00.4s/12m0s  105.00 iters/s

running (04m01.4s), 072/788 VUs, 13392 complete and 0 interrupted iterations
openloop_spike   [  34% ] 072/788 VUs  04m01.4s/12m0s  105.00 iters/s

running (04m02.4s), 075/788 VUs, 13494 complete and 0 interrupted iterations
openloop_spike   [  34% ] 075/788 VUs  04m02.4s/12m0s  105.00 iters/s

running (04m03.4s), 076/788 VUs, 13598 complete and 0 interrupted iterations
openloop_spike   [  34% ] 076/788 VUs  04m03.4s/12m0s  105.00 iters/s

running (04m04.4s), 078/788 VUs, 13702 complete and 0 interrupted iterations
openloop_spike   [  34% ] 078/788 VUs  04m04.4s/12m0s  105.00 iters/s

running (04m05.4s), 075/788 VUs, 13809 complete and 0 interrupted iterations
openloop_spike   [  34% ] 075/788 VUs  04m05.4s/12m0s  105.00 iters/s

running (04m06.4s), 070/788 VUs, 13919 complete and 0 interrupted iterations
openloop_spike   [  34% ] 070/788 VUs  04m06.4s/12m0s  105.00 iters/s

running (04m07.4s), 068/788 VUs, 14026 complete and 0 interrupted iterations
openloop_spike   [  34% ] 068/788 VUs  04m07.4s/12m0s  105.00 iters/s

running (04m08.4s), 081/788 VUs, 14118 complete and 0 interrupted iterations
openloop_spike   [  34% ] 081/788 VUs  04m08.4s/12m0s  105.00 iters/s

running (04m09.4s), 074/788 VUs, 14230 complete and 0 interrupted iterations
openloop_spike   [  35% ] 074/788 VUs  04m09.4s/12m0s  105.00 iters/s

running (04m10.4s), 074/788 VUs, 14335 complete and 0 interrupted iterations
openloop_spike   [  35% ] 074/788 VUs  04m10.4s/12m0s  105.00 iters/s

running (04m11.4s), 073/788 VUs, 14441 complete and 0 interrupted iterations
openloop_spike   [  35% ] 073/788 VUs  04m11.4s/12m0s  105.00 iters/s

running (04m12.4s), 073/788 VUs, 14546 complete and 0 interrupted iterations
openloop_spike   [  35% ] 073/788 VUs  04m12.4s/12m0s  105.00 iters/s

running (04m13.4s), 067/788 VUs, 14657 complete and 0 interrupted iterations
openloop_spike   [  35% ] 067/788 VUs  04m13.4s/12m0s  105.00 iters/s

running (04m14.4s), 072/788 VUs, 14757 complete and 0 interrupted iterations
openloop_spike   [  35% ] 072/788 VUs  04m14.4s/12m0s  105.00 iters/s

running (04m15.4s), 072/788 VUs, 14862 complete and 0 interrupted iterations
openloop_spike   [  35% ] 072/788 VUs  04m15.4s/12m0s  105.00 iters/s

running (04m16.4s), 073/788 VUs, 14966 complete and 0 interrupted iterations
openloop_spike   [  36% ] 073/788 VUs  04m16.4s/12m0s  105.00 iters/s

running (04m17.4s), 076/788 VUs, 15068 complete and 0 interrupted iterations
openloop_spike   [  36% ] 076/788 VUs  04m17.4s/12m0s  105.00 iters/s

running (04m18.4s), 069/788 VUs, 15180 complete and 0 interrupted iterations
openloop_spike   [  36% ] 069/788 VUs  04m18.4s/12m0s  105.00 iters/s

running (04m19.4s), 073/788 VUs, 15281 complete and 0 interrupted iterations
openloop_spike   [  36% ] 073/788 VUs  04m19.4s/12m0s  105.00 iters/s

running (04m20.4s), 072/788 VUs, 15387 complete and 0 interrupted iterations
openloop_spike   [  36% ] 072/788 VUs  04m20.4s/12m0s  105.00 iters/s

running (04m21.4s), 069/788 VUs, 15495 complete and 0 interrupted iterations
openloop_spike   [  36% ] 069/788 VUs  04m21.4s/12m0s  105.00 iters/s

running (04m22.4s), 076/788 VUs, 15593 complete and 0 interrupted iterations
openloop_spike   [  36% ] 076/788 VUs  04m22.4s/12m0s  105.00 iters/s

running (04m23.4s), 067/788 VUs, 15707 complete and 0 interrupted iterations
openloop_spike   [  37% ] 067/788 VUs  04m23.4s/12m0s  105.00 iters/s

running (04m24.4s), 075/788 VUs, 15804 complete and 0 interrupted iterations
openloop_spike   [  37% ] 075/788 VUs  04m24.4s/12m0s  105.00 iters/s

running (04m25.4s), 074/788 VUs, 15910 complete and 0 interrupted iterations
openloop_spike   [  37% ] 074/788 VUs  04m25.4s/12m0s  105.00 iters/s

running (04m26.4s), 075/788 VUs, 16014 complete and 0 interrupted iterations
openloop_spike   [  37% ] 075/788 VUs  04m26.4s/12m0s  105.00 iters/s

running (04m27.4s), 071/788 VUs, 16123 complete and 0 interrupted iterations
openloop_spike   [  37% ] 071/788 VUs  04m27.4s/12m0s  105.00 iters/s

running (04m28.4s), 069/788 VUs, 16230 complete and 0 interrupted iterations
openloop_spike   [  37% ] 069/788 VUs  04m28.4s/12m0s  105.00 iters/s

running (04m29.4s), 078/788 VUs, 16326 complete and 0 interrupted iterations
openloop_spike   [  37% ] 078/788 VUs  04m29.4s/12m0s  105.00 iters/s

running (04m30.4s), 074/788 VUs, 16435 complete and 0 interrupted iterations
openloop_spike   [  38% ] 074/788 VUs  04m30.4s/12m0s  105.00 iters/s

running (04m31.4s), 074/788 VUs, 16540 complete and 0 interrupted iterations
openloop_spike   [  38% ] 074/788 VUs  04m31.4s/12m0s  105.00 iters/s

running (04m32.4s), 070/788 VUs, 16649 complete and 0 interrupted iterations
openloop_spike   [  38% ] 070/788 VUs  04m32.4s/12m0s  105.00 iters/s

running (04m33.4s), 075/788 VUs, 16749 complete and 0 interrupted iterations
openloop_spike   [  38% ] 075/788 VUs  04m33.4s/12m0s  105.00 iters/s

running (04m34.4s), 075/788 VUs, 16854 complete and 0 interrupted iterations
openloop_spike   [  38% ] 075/788 VUs  04m34.4s/12m0s  105.00 iters/s

running (04m35.4s), 078/788 VUs, 16956 complete and 0 interrupted iterations
openloop_spike   [  38% ] 078/788 VUs  04m35.4s/12m0s  105.00 iters/s

running (04m36.4s), 079/788 VUs, 17060 complete and 0 interrupted iterations
openloop_spike   [  38% ] 079/788 VUs  04m36.4s/12m0s  105.00 iters/s

running (04m37.4s), 074/788 VUs, 17170 complete and 0 interrupted iterations
openloop_spike   [  39% ] 074/788 VUs  04m37.4s/12m0s  105.00 iters/s

running (04m38.4s), 073/788 VUs, 17276 complete and 0 interrupted iterations
openloop_spike   [  39% ] 073/788 VUs  04m38.4s/12m0s  105.00 iters/s

running (04m39.4s), 073/788 VUs, 17381 complete and 0 interrupted iterations
openloop_spike   [  39% ] 073/788 VUs  04m39.4s/12m0s  105.00 iters/s

running (04m40.4s), 074/788 VUs, 17485 complete and 0 interrupted iterations
openloop_spike   [  39% ] 074/788 VUs  04m40.4s/12m0s  105.00 iters/s

running (04m41.4s), 081/788 VUs, 17583 complete and 0 interrupted iterations
openloop_spike   [  39% ] 081/788 VUs  04m41.4s/12m0s  105.00 iters/s

running (04m42.4s), 077/788 VUs, 17692 complete and 0 interrupted iterations
openloop_spike   [  39% ] 077/788 VUs  04m42.4s/12m0s  105.00 iters/s

running (04m43.4s), 076/788 VUs, 17798 complete and 0 interrupted iterations
openloop_spike   [  39% ] 076/788 VUs  04m43.4s/12m0s  105.00 iters/s

running (04m44.4s), 071/788 VUs, 17908 complete and 0 interrupted iterations
openloop_spike   [  39% ] 071/788 VUs  04m44.4s/12m0s  105.00 iters/s

running (04m45.4s), 077/788 VUs, 18007 complete and 0 interrupted iterations
openloop_spike   [  40% ] 077/788 VUs  04m45.4s/12m0s  105.00 iters/s

running (04m46.4s), 075/788 VUs, 18114 complete and 0 interrupted iterations
openloop_spike   [  40% ] 075/788 VUs  04m46.4s/12m0s  105.00 iters/s

running (04m47.4s), 075/788 VUs, 18219 complete and 0 interrupted iterations
openloop_spike   [  40% ] 075/788 VUs  04m47.4s/12m0s  105.00 iters/s

running (04m48.4s), 071/788 VUs, 18328 complete and 0 interrupted iterations
openloop_spike   [  40% ] 071/788 VUs  04m48.4s/12m0s  105.00 iters/s

running (04m49.4s), 076/788 VUs, 18428 complete and 0 interrupted iterations
openloop_spike   [  40% ] 076/788 VUs  04m49.4s/12m0s  105.00 iters/s

running (04m50.4s), 069/788 VUs, 18540 complete and 0 interrupted iterations
openloop_spike   [  40% ] 069/788 VUs  04m50.4s/12m0s  105.00 iters/s

running (04m51.4s), 075/788 VUs, 18639 complete and 0 interrupted iterations
openloop_spike   [  40% ] 075/788 VUs  04m51.4s/12m0s  105.00 iters/s

running (04m52.4s), 069/788 VUs, 18750 complete and 0 interrupted iterations
openloop_spike   [  41% ] 069/788 VUs  04m52.4s/12m0s  105.00 iters/s

running (04m53.4s), 078/788 VUs, 18846 complete and 0 interrupted iterations
openloop_spike   [  41% ] 078/788 VUs  04m53.4s/12m0s  105.00 iters/s

running (04m54.4s), 073/788 VUs, 18956 complete and 0 interrupted iterations
openloop_spike   [  41% ] 073/788 VUs  04m54.4s/12m0s  105.00 iters/s

running (04m55.4s), 076/788 VUs, 19058 complete and 0 interrupted iterations
openloop_spike   [  41% ] 076/788 VUs  04m55.4s/12m0s  105.00 iters/s

running (04m56.4s), 069/788 VUs, 19170 complete and 0 interrupted iterations
openloop_spike   [  41% ] 069/788 VUs  04m56.4s/12m0s  105.00 iters/s

running (04m57.4s), 067/788 VUs, 19277 complete and 0 interrupted iterations
openloop_spike   [  41% ] 067/788 VUs  04m57.4s/12m0s  105.00 iters/s

running (04m58.4s), 073/788 VUs, 19376 complete and 0 interrupted iterations
openloop_spike   [  41% ] 073/788 VUs  04m58.4s/12m0s  105.00 iters/s

running (04m59.4s), 081/788 VUs, 19473 complete and 0 interrupted iterations
openloop_spike   [  42% ] 081/788 VUs  04m59.4s/12m0s  105.00 iters/s

running (05m00.4s), 074/788 VUs, 19585 complete and 0 interrupted iterations
openloop_spike   [  42% ] 074/788 VUs  05m00.4s/12m0s  105.00 iters/s

running (05m01.4s), 074/788 VUs, 19690 complete and 0 interrupted iterations
openloop_spike   [  42% ] 074/788 VUs  05m01.4s/12m0s  105.00 iters/s

running (05m02.4s), 076/788 VUs, 19793 complete and 0 interrupted iterations
openloop_spike   [  42% ] 076/788 VUs  05m02.4s/12m0s  105.00 iters/s

running (05m03.4s), 073/788 VUs, 19901 complete and 0 interrupted iterations
openloop_spike   [  42% ] 073/788 VUs  05m03.4s/12m0s  105.00 iters/s

running (05m04.4s), 074/788 VUs, 20005 complete and 0 interrupted iterations
openloop_spike   [  42% ] 074/788 VUs  05m04.4s/12m0s  105.00 iters/s

running (05m05.4s), 073/788 VUs, 20111 complete and 0 interrupted iterations
openloop_spike   [  42% ] 073/788 VUs  05m05.4s/12m0s  105.00 iters/s

running (05m06.4s), 076/788 VUs, 20213 complete and 0 interrupted iterations
openloop_spike   [  43% ] 076/788 VUs  05m06.4s/12m0s  105.00 iters/s

running (05m07.4s), 076/788 VUs, 20318 complete and 0 interrupted iterations
openloop_spike   [  43% ] 076/788 VUs  05m07.4s/12m0s  105.00 iters/s

running (05m08.4s), 072/788 VUs, 20427 complete and 0 interrupted iterations
openloop_spike   [  43% ] 072/788 VUs  05m08.4s/12m0s  105.00 iters/s

running (05m09.4s), 082/788 VUs, 20522 complete and 0 interrupted iterations
openloop_spike   [  43% ] 082/788 VUs  05m09.4s/12m0s  105.00 iters/s

running (05m10.4s), 073/788 VUs, 20636 complete and 0 interrupted iterations
openloop_spike   [  43% ] 073/788 VUs  05m10.4s/12m0s  105.00 iters/s

running (05m11.4s), 072/788 VUs, 20742 complete and 0 interrupted iterations
openloop_spike   [  43% ] 072/788 VUs  05m11.4s/12m0s  105.00 iters/s

running (05m12.4s), 075/788 VUs, 20844 complete and 0 interrupted iterations
openloop_spike   [  43% ] 075/788 VUs  05m12.4s/12m0s  105.00 iters/s

running (05m13.4s), 075/788 VUs, 20949 complete and 0 interrupted iterations
openloop_spike   [  44% ] 075/788 VUs  05m13.4s/12m0s  105.00 iters/s

running (05m14.4s), 073/788 VUs, 21056 complete and 0 interrupted iterations
openloop_spike   [  44% ] 073/788 VUs  05m14.4s/12m0s  105.00 iters/s

running (05m15.4s), 073/788 VUs, 21161 complete and 0 interrupted iterations
openloop_spike   [  44% ] 073/788 VUs  05m15.4s/12m0s  105.00 iters/s

running (05m16.4s), 071/788 VUs, 21268 complete and 0 interrupted iterations
openloop_spike   [  44% ] 071/788 VUs  05m16.4s/12m0s  105.00 iters/s

running (05m17.4s), 074/788 VUs, 21370 complete and 0 interrupted iterations
openloop_spike   [  44% ] 074/788 VUs  05m17.4s/12m0s  105.00 iters/s

running (05m18.4s), 076/788 VUs, 21473 complete and 0 interrupted iterations
openloop_spike   [  44% ] 076/788 VUs  05m18.4s/12m0s  105.00 iters/s

running (05m19.4s), 069/788 VUs, 21585 complete and 0 interrupted iterations
openloop_spike   [  44% ] 069/788 VUs  05m19.4s/12m0s  105.00 iters/s

running (05m20.4s), 077/788 VUs, 21682 complete and 0 interrupted iterations
openloop_spike   [  44% ] 077/788 VUs  05m20.4s/12m0s  105.00 iters/s

running (05m21.4s), 074/788 VUs, 21790 complete and 0 interrupted iterations
openloop_spike   [  45% ] 074/788 VUs  05m21.4s/12m0s  105.00 iters/s

running (05m22.4s), 071/788 VUs, 21898 complete and 0 interrupted iterations
openloop_spike   [  45% ] 071/788 VUs  05m22.4s/12m0s  105.00 iters/s

running (05m23.4s), 076/788 VUs, 21998 complete and 0 interrupted iterations
openloop_spike   [  45% ] 076/788 VUs  05m23.4s/12m0s  105.00 iters/s

running (05m24.4s), 076/788 VUs, 22103 complete and 0 interrupted iterations
openloop_spike   [  45% ] 076/788 VUs  05m24.4s/12m0s  105.00 iters/s

running (05m25.4s), 076/788 VUs, 22208 complete and 0 interrupted iterations
openloop_spike   [  45% ] 076/788 VUs  05m25.4s/12m0s  105.00 iters/s

running (05m26.4s), 073/788 VUs, 22316 complete and 0 interrupted iterations
openloop_spike   [  45% ] 073/788 VUs  05m26.4s/12m0s  105.00 iters/s

running (05m27.4s), 074/788 VUs, 22420 complete and 0 interrupted iterations
openloop_spike   [  45% ] 074/788 VUs  05m27.4s/12m0s  105.00 iters/s

running (05m28.4s), 072/788 VUs, 22527 complete and 0 interrupted iterations
openloop_spike   [  46% ] 072/788 VUs  05m28.4s/12m0s  105.00 iters/s

running (05m29.4s), 073/788 VUs, 22631 complete and 0 interrupted iterations
openloop_spike   [  46% ] 073/788 VUs  05m29.4s/12m0s  105.00 iters/s

running (05m30.4s), 076/788 VUs, 22733 complete and 0 interrupted iterations
openloop_spike   [  46% ] 076/788 VUs  05m30.4s/12m0s  105.00 iters/s

running (05m31.4s), 074/788 VUs, 22840 complete and 0 interrupted iterations
openloop_spike   [  46% ] 074/788 VUs  05m31.4s/12m0s  105.00 iters/s

running (05m32.4s), 077/788 VUs, 22942 complete and 0 interrupted iterations
openloop_spike   [  46% ] 077/788 VUs  05m32.4s/12m0s  105.00 iters/s

running (05m33.4s), 075/788 VUs, 23049 complete and 0 interrupted iterations
openloop_spike   [  46% ] 075/788 VUs  05m33.4s/12m0s  105.00 iters/s

running (05m34.4s), 078/788 VUs, 23151 complete and 0 interrupted iterations
openloop_spike   [  46% ] 078/788 VUs  05m34.4s/12m0s  105.00 iters/s

running (05m35.4s), 071/788 VUs, 23263 complete and 0 interrupted iterations
openloop_spike   [  47% ] 071/788 VUs  05m35.4s/12m0s  105.00 iters/s

running (05m36.4s), 072/788 VUs, 23367 complete and 0 interrupted iterations
openloop_spike   [  47% ] 072/788 VUs  05m36.4s/12m0s  105.00 iters/s

running (05m37.4s), 074/788 VUs, 23470 complete and 0 interrupted iterations
openloop_spike   [  47% ] 074/788 VUs  05m37.4s/12m0s  105.00 iters/s

running (05m38.4s), 077/788 VUs, 23572 complete and 0 interrupted iterations
openloop_spike   [  47% ] 077/788 VUs  05m38.4s/12m0s  105.00 iters/s

running (05m39.4s), 076/788 VUs, 23678 complete and 0 interrupted iterations
openloop_spike   [  47% ] 076/788 VUs  05m39.4s/12m0s  105.00 iters/s

running (05m40.4s), 079/788 VUs, 23780 complete and 0 interrupted iterations
openloop_spike   [  47% ] 079/788 VUs  05m40.4s/12m0s  105.00 iters/s

running (05m41.4s), 077/788 VUs, 23887 complete and 0 interrupted iterations
openloop_spike   [  47% ] 077/788 VUs  05m41.4s/12m0s  105.00 iters/s

running (05m42.4s), 081/788 VUs, 23988 complete and 0 interrupted iterations
openloop_spike   [  48% ] 081/788 VUs  05m42.4s/12m0s  105.00 iters/s

running (05m43.4s), 074/788 VUs, 24100 complete and 0 interrupted iterations
openloop_spike   [  48% ] 074/788 VUs  05m43.4s/12m0s  105.00 iters/s

running (05m44.4s), 077/788 VUs, 24202 complete and 0 interrupted iterations
openloop_spike   [  48% ] 077/788 VUs  05m44.4s/12m0s  105.00 iters/s

running (05m45.4s), 075/788 VUs, 24309 complete and 0 interrupted iterations
openloop_spike   [  48% ] 075/788 VUs  05m45.4s/12m0s  105.00 iters/s

running (05m46.4s), 075/788 VUs, 24414 complete and 0 interrupted iterations
openloop_spike   [  48% ] 075/788 VUs  05m46.4s/12m0s  105.00 iters/s

running (05m47.4s), 078/788 VUs, 24516 complete and 0 interrupted iterations
openloop_spike   [  48% ] 078/788 VUs  05m47.4s/12m0s  105.00 iters/s

running (05m48.4s), 073/788 VUs, 24626 complete and 0 interrupted iterations
openloop_spike   [  48% ] 073/788 VUs  05m48.4s/12m0s  105.00 iters/s

running (05m49.4s), 076/788 VUs, 24728 complete and 0 interrupted iterations
openloop_spike   [  49% ] 076/788 VUs  05m49.4s/12m0s  105.00 iters/s

running (05m50.4s), 076/788 VUs, 24833 complete and 0 interrupted iterations
openloop_spike   [  49% ] 076/788 VUs  05m50.4s/12m0s  105.00 iters/s

running (05m51.4s), 077/788 VUs, 24937 complete and 0 interrupted iterations
openloop_spike   [  49% ] 077/788 VUs  05m51.4s/12m0s  105.00 iters/s

running (05m52.4s), 076/788 VUs, 25043 complete and 0 interrupted iterations
openloop_spike   [  49% ] 076/788 VUs  05m52.4s/12m0s  105.00 iters/s

running (05m53.4s), 074/788 VUs, 25150 complete and 0 interrupted iterations
openloop_spike   [  49% ] 074/788 VUs  05m53.4s/12m0s  105.00 iters/s

running (05m54.4s), 076/788 VUs, 25253 complete and 0 interrupted iterations
openloop_spike   [  49% ] 076/788 VUs  05m54.4s/12m0s  105.00 iters/s

running (05m55.4s), 073/788 VUs, 25361 complete and 0 interrupted iterations
openloop_spike   [  49% ] 073/788 VUs  05m55.4s/12m0s  105.00 iters/s

running (05m56.4s), 074/788 VUs, 25465 complete and 0 interrupted iterations
openloop_spike   [  49% ] 074/788 VUs  05m56.4s/12m0s  105.00 iters/s

running (05m57.4s), 073/788 VUs, 25571 complete and 0 interrupted iterations
openloop_spike   [  50% ] 073/788 VUs  05m57.4s/12m0s  105.00 iters/s

running (05m58.4s), 076/788 VUs, 25673 complete and 0 interrupted iterations
openloop_spike   [  50% ] 076/788 VUs  05m58.4s/12m0s  105.00 iters/s

running (05m59.4s), 072/788 VUs, 25782 complete and 0 interrupted iterations
openloop_spike   [  50% ] 072/788 VUs  05m59.4s/12m0s  105.00 iters/s

running (06m00.4s), 073/788 VUs, 25886 complete and 0 interrupted iterations
openloop_spike   [  50% ] 073/788 VUs  06m00.4s/12m0s  105.00 iters/s

running (06m01.4s), 070/788 VUs, 25994 complete and 0 interrupted iterations
openloop_spike   [  50% ] 070/788 VUs  06m01.4s/12m0s  105.00 iters/s

running (06m02.4s), 072/788 VUs, 26097 complete and 0 interrupted iterations
openloop_spike   [  50% ] 072/788 VUs  06m02.4s/12m0s  105.00 iters/s

running (06m03.4s), 077/788 VUs, 26197 complete and 0 interrupted iterations
openloop_spike   [  50% ] 077/788 VUs  06m03.4s/12m0s  105.00 iters/s

running (06m04.4s), 073/788 VUs, 26306 complete and 0 interrupted iterations
openloop_spike   [  51% ] 073/788 VUs  06m04.4s/12m0s  105.00 iters/s

running (06m05.4s), 075/788 VUs, 26409 complete and 0 interrupted iterations
openloop_spike   [  51% ] 075/788 VUs  06m05.4s/12m0s  105.00 iters/s

running (06m06.4s), 071/788 VUs, 26518 complete and 0 interrupted iterations
openloop_spike   [  51% ] 071/788 VUs  06m06.4s/12m0s  105.00 iters/s

running (06m07.4s), 074/788 VUs, 26620 complete and 0 interrupted iterations
openloop_spike   [  51% ] 074/788 VUs  06m07.4s/12m0s  105.00 iters/s

running (06m08.4s), 076/788 VUs, 26723 complete and 0 interrupted iterations
openloop_spike   [  51% ] 076/788 VUs  06m08.4s/12m0s  105.00 iters/s

running (06m09.4s), 072/788 VUs, 26832 complete and 0 interrupted iterations
openloop_spike   [  51% ] 072/788 VUs  06m09.4s/12m0s  105.00 iters/s

running (06m10.4s), 073/788 VUs, 26936 complete and 0 interrupted iterations
openloop_spike   [  51% ] 073/788 VUs  06m10.4s/12m0s  105.00 iters/s

running (06m11.4s), 072/788 VUs, 27042 complete and 0 interrupted iterations
openloop_spike   [  52% ] 072/788 VUs  06m11.4s/12m0s  105.00 iters/s

running (06m12.4s), 072/788 VUs, 27147 complete and 0 interrupted iterations
openloop_spike   [  52% ] 072/788 VUs  06m12.4s/12m0s  105.00 iters/s

running (06m13.4s), 071/788 VUs, 27253 complete and 0 interrupted iterations
openloop_spike   [  52% ] 071/788 VUs  06m13.4s/12m0s  105.00 iters/s

running (06m14.4s), 077/788 VUs, 27352 complete and 0 interrupted iterations
openloop_spike   [  52% ] 077/788 VUs  06m14.4s/12m0s  105.00 iters/s

running (06m15.4s), 072/788 VUs, 27462 complete and 0 interrupted iterations
openloop_spike   [  52% ] 072/788 VUs  06m15.4s/12m0s  105.00 iters/s

running (06m16.4s), 078/788 VUs, 27561 complete and 0 interrupted iterations
openloop_spike   [  52% ] 078/788 VUs  06m16.4s/12m0s  105.00 iters/s

running (06m17.4s), 076/788 VUs, 27668 complete and 0 interrupted iterations
openloop_spike   [  52% ] 076/788 VUs  06m17.4s/12m0s  105.00 iters/s

running (06m18.4s), 074/788 VUs, 27775 complete and 0 interrupted iterations
openloop_spike   [  53% ] 074/788 VUs  06m18.4s/12m0s  105.00 iters/s

running (06m19.4s), 074/788 VUs, 27880 complete and 0 interrupted iterations
openloop_spike   [  53% ] 074/788 VUs  06m19.4s/12m0s  105.00 iters/s

running (06m20.4s), 070/788 VUs, 27989 complete and 0 interrupted iterations
openloop_spike   [  53% ] 070/788 VUs  06m20.4s/12m0s  105.00 iters/s

running (06m21.4s), 077/788 VUs, 28087 complete and 0 interrupted iterations
openloop_spike   [  53% ] 077/788 VUs  06m21.4s/12m0s  105.00 iters/s

running (06m22.4s), 078/788 VUs, 28191 complete and 0 interrupted iterations
openloop_spike   [  53% ] 078/788 VUs  06m22.4s/12m0s  105.00 iters/s

running (06m23.4s), 075/788 VUs, 28299 complete and 0 interrupted iterations
openloop_spike   [  53% ] 075/788 VUs  06m23.4s/12m0s  105.00 iters/s

running (06m24.4s), 078/788 VUs, 28401 complete and 0 interrupted iterations
openloop_spike   [  53% ] 078/788 VUs  06m24.4s/12m0s  105.00 iters/s

running (06m25.4s), 076/788 VUs, 28508 complete and 0 interrupted iterations
openloop_spike   [  54% ] 076/788 VUs  06m25.4s/12m0s  105.00 iters/s

running (06m26.4s), 069/788 VUs, 28620 complete and 0 interrupted iterations
openloop_spike   [  54% ] 069/788 VUs  06m26.4s/12m0s  105.00 iters/s

running (06m27.4s), 073/788 VUs, 28721 complete and 0 interrupted iterations
openloop_spike   [  54% ] 073/788 VUs  06m27.4s/12m0s  105.00 iters/s

running (06m28.4s), 076/788 VUs, 28823 complete and 0 interrupted iterations
openloop_spike   [  54% ] 076/788 VUs  06m28.4s/12m0s  105.00 iters/s

running (06m29.4s), 075/788 VUs, 28929 complete and 0 interrupted iterations
openloop_spike   [  54% ] 075/788 VUs  06m29.4s/12m0s  105.00 iters/s

running (06m30.4s), 069/788 VUs, 29040 complete and 0 interrupted iterations
openloop_spike   [  54% ] 069/788 VUs  06m30.4s/12m0s  105.00 iters/s

running (06m31.4s), 077/788 VUs, 29137 complete and 0 interrupted iterations
openloop_spike   [  54% ] 077/788 VUs  06m31.4s/12m0s  105.00 iters/s

running (06m32.4s), 074/788 VUs, 29245 complete and 0 interrupted iterations
openloop_spike   [  54% ] 074/788 VUs  06m32.4s/12m0s  105.00 iters/s

running (06m33.4s), 075/788 VUs, 29349 complete and 0 interrupted iterations
openloop_spike   [  55% ] 075/788 VUs  06m33.4s/12m0s  105.00 iters/s

running (06m34.4s), 074/788 VUs, 29455 complete and 0 interrupted iterations
openloop_spike   [  55% ] 074/788 VUs  06m34.4s/12m0s  105.00 iters/s

running (06m35.4s), 077/788 VUs, 29557 complete and 0 interrupted iterations
openloop_spike   [  55% ] 077/788 VUs  06m35.4s/12m0s  105.00 iters/s

running (06m36.4s), 078/788 VUs, 29661 complete and 0 interrupted iterations
openloop_spike   [  55% ] 078/788 VUs  06m36.4s/12m0s  105.00 iters/s

running (06m37.4s), 072/788 VUs, 29772 complete and 0 interrupted iterations
openloop_spike   [  55% ] 072/788 VUs  06m37.4s/12m0s  105.00 iters/s

running (06m38.4s), 075/788 VUs, 29874 complete and 0 interrupted iterations
openloop_spike   [  55% ] 075/788 VUs  06m38.4s/12m0s  105.00 iters/s

running (06m39.4s), 073/788 VUs, 29981 complete and 0 interrupted iterations
openloop_spike   [  55% ] 073/788 VUs  06m39.4s/12m0s  105.00 iters/s

running (06m40.4s), 072/788 VUs, 30087 complete and 0 interrupted iterations
openloop_spike   [  56% ] 072/788 VUs  06m40.4s/12m0s  105.00 iters/s

running (06m41.4s), 071/788 VUs, 30193 complete and 0 interrupted iterations
openloop_spike   [  56% ] 071/788 VUs  06m41.4s/12m0s  105.00 iters/s

running (06m42.4s), 074/788 VUs, 30295 complete and 0 interrupted iterations
openloop_spike   [  56% ] 074/788 VUs  06m42.4s/12m0s  105.00 iters/s

running (06m43.4s), 073/788 VUs, 30401 complete and 0 interrupted iterations
openloop_spike   [  56% ] 073/788 VUs  06m43.4s/12m0s  105.00 iters/s

running (06m44.4s), 075/788 VUs, 30504 complete and 0 interrupted iterations
openloop_spike   [  56% ] 075/788 VUs  06m44.4s/12m0s  105.00 iters/s

running (06m45.4s), 072/788 VUs, 30612 complete and 0 interrupted iterations
openloop_spike   [  56% ] 072/788 VUs  06m45.4s/12m0s  105.00 iters/s

running (06m46.4s), 074/788 VUs, 30715 complete and 0 interrupted iterations
openloop_spike   [  56% ] 074/788 VUs  06m46.4s/12m0s  105.00 iters/s

running (06m47.4s), 077/788 VUs, 30817 complete and 0 interrupted iterations
openloop_spike   [  57% ] 077/788 VUs  06m47.4s/12m0s  105.00 iters/s

running (06m48.4s), 075/788 VUs, 30924 complete and 0 interrupted iterations
openloop_spike   [  57% ] 075/788 VUs  06m48.4s/12m0s  105.00 iters/s

running (06m49.4s), 074/788 VUs, 31030 complete and 0 interrupted iterations
openloop_spike   [  57% ] 074/788 VUs  06m49.4s/12m0s  105.00 iters/s

running (06m50.4s), 067/788 VUs, 31142 complete and 0 interrupted iterations
openloop_spike   [  57% ] 067/788 VUs  06m50.4s/12m0s  105.00 iters/s

running (06m51.4s), 076/788 VUs, 31238 complete and 0 interrupted iterations
openloop_spike   [  57% ] 076/788 VUs  06m51.4s/12m0s  105.00 iters/s

running (06m52.4s), 074/788 VUs, 31345 complete and 0 interrupted iterations
openloop_spike   [  57% ] 074/788 VUs  06m52.4s/12m0s  105.00 iters/s

running (06m53.4s), 072/788 VUs, 31452 complete and 0 interrupted iterations
openloop_spike   [  57% ] 072/788 VUs  06m53.4s/12m0s  105.00 iters/s

running (06m54.4s), 077/788 VUs, 31552 complete and 0 interrupted iterations
openloop_spike   [  58% ] 077/788 VUs  06m54.4s/12m0s  105.00 iters/s

running (06m55.4s), 074/788 VUs, 31660 complete and 0 interrupted iterations
openloop_spike   [  58% ] 074/788 VUs  06m55.4s/12m0s  105.00 iters/s

running (06m56.4s), 076/788 VUs, 31763 complete and 0 interrupted iterations
openloop_spike   [  58% ] 076/788 VUs  06m56.4s/12m0s  105.00 iters/s

running (06m57.4s), 075/788 VUs, 31869 complete and 0 interrupted iterations
openloop_spike   [  58% ] 075/788 VUs  06m57.4s/12m0s  105.00 iters/s

running (06m58.4s), 078/788 VUs, 31971 complete and 0 interrupted iterations
openloop_spike   [  58% ] 078/788 VUs  06m58.4s/12m0s  105.00 iters/s

running (06m59.4s), 076/788 VUs, 32078 complete and 0 interrupted iterations
openloop_spike   [  58% ] 076/788 VUs  06m59.4s/12m0s  105.00 iters/s

running (07m00.4s), 075/788 VUs, 32184 complete and 0 interrupted iterations
openloop_spike   [  58% ] 075/788 VUs  07m00.4s/12m0s  105.00 iters/s

running (07m01.4s), 077/788 VUs, 32287 complete and 0 interrupted iterations
openloop_spike   [  59% ] 077/788 VUs  07m01.4s/12m0s  105.00 iters/s

running (07m02.4s), 072/788 VUs, 32397 complete and 0 interrupted iterations
openloop_spike   [  59% ] 072/788 VUs  07m02.4s/12m0s  105.00 iters/s

running (07m03.4s), 070/788 VUs, 32504 complete and 0 interrupted iterations
openloop_spike   [  59% ] 070/788 VUs  07m03.4s/12m0s  105.00 iters/s

running (07m04.4s), 072/788 VUs, 32607 complete and 0 interrupted iterations
openloop_spike   [  59% ] 072/788 VUs  07m04.4s/12m0s  105.00 iters/s

running (07m05.4s), 076/788 VUs, 32708 complete and 0 interrupted iterations
openloop_spike   [  59% ] 076/788 VUs  07m05.4s/12m0s  105.00 iters/s

running (07m06.4s), 073/788 VUs, 32816 complete and 0 interrupted iterations
openloop_spike   [  59% ] 073/788 VUs  07m06.4s/12m0s  105.00 iters/s

running (07m07.4s), 071/788 VUs, 32923 complete and 0 interrupted iterations
openloop_spike   [  59% ] 071/788 VUs  07m07.4s/12m0s  105.00 iters/s

running (07m08.4s), 077/788 VUs, 33022 complete and 0 interrupted iterations
openloop_spike   [  59% ] 077/788 VUs  07m08.4s/12m0s  105.00 iters/s

running (07m09.4s), 075/788 VUs, 33129 complete and 0 interrupted iterations
openloop_spike   [  60% ] 075/788 VUs  07m09.4s/12m0s  105.00 iters/s

running (07m10.4s), 075/788 VUs, 33234 complete and 0 interrupted iterations
openloop_spike   [  60% ] 075/788 VUs  07m10.4s/12m0s  105.00 iters/s

running (07m11.4s), 075/788 VUs, 33339 complete and 0 interrupted iterations
openloop_spike   [  60% ] 075/788 VUs  07m11.4s/12m0s  105.00 iters/s

running (07m12.4s), 078/788 VUs, 33441 complete and 0 interrupted iterations
openloop_spike   [  60% ] 078/788 VUs  07m12.4s/12m0s  105.00 iters/s

running (07m13.4s), 071/788 VUs, 33553 complete and 0 interrupted iterations
openloop_spike   [  60% ] 071/788 VUs  07m13.4s/12m0s  105.00 iters/s

running (07m14.4s), 075/788 VUs, 33654 complete and 0 interrupted iterations
openloop_spike   [  60% ] 075/788 VUs  07m14.4s/12m0s  105.00 iters/s

running (07m15.4s), 076/788 VUs, 33758 complete and 0 interrupted iterations
openloop_spike   [  60% ] 076/788 VUs  07m15.4s/12m0s  105.00 iters/s

running (07m16.4s), 077/788 VUs, 33862 complete and 0 interrupted iterations
openloop_spike   [  61% ] 077/788 VUs  07m16.4s/12m0s  105.00 iters/s

running (07m17.4s), 077/788 VUs, 33967 complete and 0 interrupted iterations
openloop_spike   [  61% ] 077/788 VUs  07m17.4s/12m0s  105.00 iters/s

running (07m18.4s), 072/788 VUs, 34077 complete and 0 interrupted iterations
openloop_spike   [  61% ] 072/788 VUs  07m18.4s/12m0s  105.00 iters/s

running (07m19.4s), 076/788 VUs, 34178 complete and 0 interrupted iterations
openloop_spike   [  61% ] 076/788 VUs  07m19.4s/12m0s  105.00 iters/s

running (07m20.4s), 076/788 VUs, 34283 complete and 0 interrupted iterations
openloop_spike   [  61% ] 076/788 VUs  07m20.4s/12m0s  105.00 iters/s

running (07m21.4s), 074/788 VUs, 34390 complete and 0 interrupted iterations
openloop_spike   [  61% ] 074/788 VUs  07m21.4s/12m0s  105.00 iters/s

running (07m22.4s), 074/788 VUs, 34495 complete and 0 interrupted iterations
openloop_spike   [  61% ] 074/788 VUs  07m22.4s/12m0s  105.00 iters/s

running (07m23.4s), 075/788 VUs, 34599 complete and 0 interrupted iterations
openloop_spike   [  62% ] 075/788 VUs  07m23.4s/12m0s  105.00 iters/s

running (07m24.4s), 070/788 VUs, 34709 complete and 0 interrupted iterations
openloop_spike   [  62% ] 070/788 VUs  07m24.4s/12m0s  105.00 iters/s

running (07m25.4s), 072/788 VUs, 34812 complete and 0 interrupted iterations
openloop_spike   [  62% ] 072/788 VUs  07m25.4s/12m0s  105.00 iters/s

running (07m26.4s), 075/788 VUs, 34914 complete and 0 interrupted iterations
openloop_spike   [  62% ] 075/788 VUs  07m26.4s/12m0s  105.00 iters/s

running (07m27.4s), 076/788 VUs, 35018 complete and 0 interrupted iterations
openloop_spike   [  62% ] 076/788 VUs  07m27.4s/12m0s  105.00 iters/s

running (07m28.4s), 070/788 VUs, 35129 complete and 0 interrupted iterations
openloop_spike   [  62% ] 070/788 VUs  07m28.4s/12m0s  105.00 iters/s

running (07m29.4s), 075/788 VUs, 35229 complete and 0 interrupted iterations
openloop_spike   [  62% ] 075/788 VUs  07m29.4s/12m0s  105.00 iters/s

running (07m30.4s), 075/788 VUs, 35334 complete and 0 interrupted iterations
openloop_spike   [  63% ] 075/788 VUs  07m30.4s/12m0s  105.00 iters/s

running (07m31.4s), 076/788 VUs, 35438 complete and 0 interrupted iterations
openloop_spike   [  63% ] 076/788 VUs  07m31.4s/12m0s  105.00 iters/s

running (07m32.4s), 075/788 VUs, 35544 complete and 0 interrupted iterations
openloop_spike   [  63% ] 075/788 VUs  07m32.4s/12m0s  105.00 iters/s

running (07m33.4s), 074/788 VUs, 35650 complete and 0 interrupted iterations
openloop_spike   [  63% ] 074/788 VUs  07m33.4s/12m0s  105.00 iters/s

running (07m34.4s), 075/788 VUs, 35754 complete and 0 interrupted iterations
openloop_spike   [  63% ] 075/788 VUs  07m34.4s/12m0s  105.00 iters/s

running (07m35.4s), 076/788 VUs, 35858 complete and 0 interrupted iterations
openloop_spike   [  63% ] 076/788 VUs  07m35.4s/12m0s  105.00 iters/s

running (07m36.4s), 073/788 VUs, 35966 complete and 0 interrupted iterations
openloop_spike   [  63% ] 073/788 VUs  07m36.4s/12m0s  105.00 iters/s

running (07m37.4s), 073/788 VUs, 36071 complete and 0 interrupted iterations
openloop_spike   [  64% ] 073/788 VUs  07m37.4s/12m0s  105.00 iters/s

running (07m38.4s), 076/788 VUs, 36173 complete and 0 interrupted iterations
openloop_spike   [  64% ] 076/788 VUs  07m38.4s/12m0s  105.00 iters/s

running (07m39.4s), 072/788 VUs, 36282 complete and 0 interrupted iterations
openloop_spike   [  64% ] 072/788 VUs  07m39.4s/12m0s  105.00 iters/s

running (07m40.4s), 073/788 VUs, 36386 complete and 0 interrupted iterations
openloop_spike   [  64% ] 073/788 VUs  07m40.4s/12m0s  105.00 iters/s

running (07m41.4s), 075/788 VUs, 36489 complete and 0 interrupted iterations
openloop_spike   [  64% ] 075/788 VUs  07m41.4s/12m0s  105.00 iters/s

running (07m42.4s), 070/788 VUs, 36599 complete and 0 interrupted iterations
openloop_spike   [  64% ] 070/788 VUs  07m42.4s/12m0s  105.00 iters/s

running (07m43.4s), 075/788 VUs, 36699 complete and 0 interrupted iterations
openloop_spike   [  64% ] 075/788 VUs  07m43.4s/12m0s  105.00 iters/s

running (07m44.4s), 073/788 VUs, 36806 complete and 0 interrupted iterations
openloop_spike   [  64% ] 073/788 VUs  07m44.4s/12m0s  105.00 iters/s

running (07m45.4s), 070/788 VUs, 36914 complete and 0 interrupted iterations
openloop_spike   [  65% ] 070/788 VUs  07m45.4s/12m0s  105.00 iters/s

running (07m46.4s), 073/788 VUs, 37016 complete and 0 interrupted iterations
openloop_spike   [  65% ] 073/788 VUs  07m46.4s/12m0s  105.00 iters/s

running (07m47.4s), 076/788 VUs, 37118 complete and 0 interrupted iterations
openloop_spike   [  65% ] 076/788 VUs  07m47.4s/12m0s  105.00 iters/s

running (07m48.4s), 074/788 VUs, 37225 complete and 0 interrupted iterations
openloop_spike   [  65% ] 074/788 VUs  07m48.4s/12m0s  105.00 iters/s

running (07m49.4s), 082/788 VUs, 37322 complete and 0 interrupted iterations
openloop_spike   [  65% ] 082/788 VUs  07m49.4s/12m0s  105.00 iters/s

running (07m50.4s), 080/788 VUs, 37429 complete and 0 interrupted iterations
openloop_spike   [  65% ] 080/788 VUs  07m50.4s/12m0s  105.00 iters/s

running (07m51.4s), 076/788 VUs, 37538 complete and 0 interrupted iterations
openloop_spike   [  65% ] 076/788 VUs  07m51.4s/12m0s  105.00 iters/s

running (07m52.4s), 070/788 VUs, 37649 complete and 0 interrupted iterations
openloop_spike   [  66% ] 070/788 VUs  07m52.4s/12m0s  105.00 iters/s

running (07m53.4s), 075/788 VUs, 37749 complete and 0 interrupted iterations
openloop_spike   [  66% ] 075/788 VUs  07m53.4s/12m0s  105.00 iters/s

running (07m54.4s), 074/788 VUs, 37855 complete and 0 interrupted iterations
openloop_spike   [  66% ] 074/788 VUs  07m54.4s/12m0s  105.00 iters/s

running (07m55.4s), 074/788 VUs, 37960 complete and 0 interrupted iterations
openloop_spike   [  66% ] 074/788 VUs  07m55.4s/12m0s  105.00 iters/s

running (07m56.4s), 080/788 VUs, 38059 complete and 0 interrupted iterations
openloop_spike   [  66% ] 080/788 VUs  07m56.4s/12m0s  105.00 iters/s

running (07m57.4s), 072/788 VUs, 38172 complete and 0 interrupted iterations
openloop_spike   [  66% ] 072/788 VUs  07m57.4s/12m0s  105.00 iters/s

running (07m58.4s), 070/788 VUs, 38279 complete and 0 interrupted iterations
openloop_spike   [  66% ] 070/788 VUs  07m58.4s/12m0s  105.00 iters/s

running (07m59.4s), 075/788 VUs, 38379 complete and 0 interrupted iterations
openloop_spike   [  67% ] 075/788 VUs  07m59.4s/12m0s  105.00 iters/s

running (08m00.4s), 075/788 VUs, 38484 complete and 0 interrupted iterations
openloop_spike   [  67% ] 075/788 VUs  08m00.4s/12m0s  105.00 iters/s

running (08m01.4s), 076/788 VUs, 38588 complete and 0 interrupted iterations
openloop_spike   [  67% ] 076/788 VUs  08m01.4s/12m0s  105.00 iters/s

running (08m02.4s), 079/788 VUs, 38690 complete and 0 interrupted iterations
openloop_spike   [  67% ] 079/788 VUs  08m02.4s/12m0s  105.00 iters/s

running (08m03.4s), 073/788 VUs, 38801 complete and 0 interrupted iterations
openloop_spike   [  67% ] 073/788 VUs  08m03.4s/12m0s  105.00 iters/s

running (08m04.4s), 077/788 VUs, 38902 complete and 0 interrupted iterations
openloop_spike   [  67% ] 077/788 VUs  08m04.4s/12m0s  105.00 iters/s

running (08m05.4s), 072/788 VUs, 39012 complete and 0 interrupted iterations
openloop_spike   [  67% ] 072/788 VUs  08m05.4s/12m0s  105.00 iters/s

running (08m06.4s), 078/788 VUs, 39111 complete and 0 interrupted iterations
openloop_spike   [  68% ] 078/788 VUs  08m06.4s/12m0s  105.00 iters/s

running (08m07.4s), 076/788 VUs, 39218 complete and 0 interrupted iterations
openloop_spike   [  68% ] 076/788 VUs  08m07.4s/12m0s  105.00 iters/s

running (08m08.4s), 073/788 VUs, 39326 complete and 0 interrupted iterations
openloop_spike   [  68% ] 073/788 VUs  08m08.4s/12m0s  105.00 iters/s

running (08m09.4s), 074/788 VUs, 39430 complete and 0 interrupted iterations
openloop_spike   [  68% ] 074/788 VUs  08m09.4s/12m0s  105.00 iters/s

running (08m10.4s), 075/788 VUs, 39534 complete and 0 interrupted iterations
openloop_spike   [  68% ] 075/788 VUs  08m10.4s/12m0s  105.00 iters/s

running (08m11.4s), 077/788 VUs, 39637 complete and 0 interrupted iterations
openloop_spike   [  68% ] 077/788 VUs  08m11.4s/12m0s  105.00 iters/s

running (08m12.4s), 070/788 VUs, 39749 complete and 0 interrupted iterations
openloop_spike   [  68% ] 070/788 VUs  08m12.4s/12m0s  105.00 iters/s

running (08m13.4s), 077/788 VUs, 39847 complete and 0 interrupted iterations
openloop_spike   [  69% ] 077/788 VUs  08m13.4s/12m0s  105.00 iters/s

running (08m14.4s), 071/788 VUs, 39958 complete and 0 interrupted iterations
openloop_spike   [  69% ] 071/788 VUs  08m14.4s/12m0s  105.00 iters/s

running (08m15.4s), 072/788 VUs, 40062 complete and 0 interrupted iterations
openloop_spike   [  69% ] 072/788 VUs  08m15.4s/12m0s  105.00 iters/s

running (08m16.4s), 076/788 VUs, 40163 complete and 0 interrupted iterations
openloop_spike   [  69% ] 076/788 VUs  08m16.4s/12m0s  105.00 iters/s

running (08m17.4s), 073/788 VUs, 40271 complete and 0 interrupted iterations
openloop_spike   [  69% ] 073/788 VUs  08m17.4s/12m0s  105.00 iters/s

running (08m18.4s), 076/788 VUs, 40373 complete and 0 interrupted iterations
openloop_spike   [  69% ] 076/788 VUs  08m18.4s/12m0s  105.00 iters/s

running (08m19.4s), 074/788 VUs, 40480 complete and 0 interrupted iterations
openloop_spike   [  69% ] 074/788 VUs  08m19.4s/12m0s  105.00 iters/s

running (08m20.4s), 076/788 VUs, 40583 complete and 0 interrupted iterations
openloop_spike   [  69% ] 076/788 VUs  08m20.4s/12m0s  105.00 iters/s

running (08m21.4s), 080/788 VUs, 40684 complete and 0 interrupted iterations
openloop_spike   [  70% ] 080/788 VUs  08m21.4s/12m0s  105.00 iters/s

running (08m22.4s), 072/788 VUs, 40797 complete and 0 interrupted iterations
openloop_spike   [  70% ] 072/788 VUs  08m22.4s/12m0s  105.00 iters/s

running (08m23.4s), 075/788 VUs, 40899 complete and 0 interrupted iterations
openloop_spike   [  70% ] 075/788 VUs  08m23.4s/12m0s  105.00 iters/s

running (08m24.4s), 077/788 VUs, 41002 complete and 0 interrupted iterations
openloop_spike   [  70% ] 077/788 VUs  08m24.4s/12m0s  105.00 iters/s

running (08m25.4s), 077/788 VUs, 41107 complete and 0 interrupted iterations
openloop_spike   [  70% ] 077/788 VUs  08m25.4s/12m0s  105.00 iters/s

running (08m26.4s), 070/788 VUs, 41219 complete and 0 interrupted iterations
openloop_spike   [  70% ] 070/788 VUs  08m26.4s/12m0s  105.00 iters/s

running (08m27.4s), 074/788 VUs, 41322 complete and 0 interrupted iterations
openloop_spike   [  70% ] 074/788 VUs  08m27.4s/12m0s  105.00 iters/s

running (08m28.4s), 074/788 VUs, 41425 complete and 0 interrupted iterations
openloop_spike   [  71% ] 074/788 VUs  08m28.4s/12m0s  105.00 iters/s

running (08m29.4s), 088/788 VUs, 41516 complete and 0 interrupted iterations
openloop_spike   [  71% ] 088/788 VUs  08m29.4s/12m0s  105.00 iters/s

running (08m30.4s), 099/788 VUs, 41610 complete and 0 interrupted iterations
openloop_spike   [  71% ] 099/788 VUs  08m30.4s/12m0s  105.00 iters/s

running (08m31.4s), 107/788 VUs, 41707 complete and 0 interrupted iterations
openloop_spike   [  71% ] 107/788 VUs  08m31.4s/12m0s  105.00 iters/s

running (08m32.4s), 105/788 VUs, 41814 complete and 0 interrupted iterations
openloop_spike   [  71% ] 105/788 VUs  08m32.4s/12m0s  105.00 iters/s
time="2026-10-08T21:56:10Z" level=warning msg="Request Failed" error="Post \"http://shipping-rate-service.ecommerce.svc.cluster.local:8006/shipping/quotes\": request timeout"
time="2026-10-08T21:56:10Z" level=warning msg="Request Failed" error="Post \"http://shipping-rate-service.ecommerce.svc.cluster.local:8006/shipping/quotes\": request timeout"
time="2026-10-08T21:56:10Z" level=warning msg="Request Failed" error="Post \"http://shipping-rate-service.ecommerce.svc.cluster.local:8006/shipping/quotes\": request timeout"
time="2026-10-08T21:56:10Z" level=warning msg="Request Failed" error="Post \"http://shipping-rate-service.ecommerce.svc.cluster.local:8006/shipping/quotes\": request timeout"
time="2026-10-08T21:56:10Z" level=warning msg="Request Failed" error="Post \"http://shipping-rate-service.ecommerce.svc.cluster.local:8006/shipping/quotes\": request timeout"

running (08m33.4s), 103/788 VUs, 41921 complete and 0 interrupted iterations
openloop_spike   [  71% ] 103/788 VUs  08m33.4s/12m0s  105.00 iters/s
time="2026-10-08T21:56:10Z" level=warning msg="Request Failed" error="Post \"http://shipping-rate-service.ecommerce.svc.cluster.local:8006/shipping/quotes\": request timeout"

running (08m34.4s), 073/788 VUs, 42056 complete and 0 interrupted iterations
openloop_spike   [  71% ] 073/788 VUs  08m34.4s/12m0s  105.00 iters/s

running (08m35.4s), 077/788 VUs, 42157 complete and 0 interrupted iterations
openloop_spike   [  72% ] 077/788 VUs  08m35.4s/12m0s  105.00 iters/s

running (08m36.4s), 073/788 VUs, 42266 complete and 0 interrupted iterations
openloop_spike   [  72% ] 073/788 VUs  08m36.4s/12m0s  105.00 iters/s

running (08m37.4s), 076/788 VUs, 42368 complete and 0 interrupted iterations
openloop_spike   [  72% ] 076/788 VUs  08m37.4s/12m0s  105.00 iters/s

running (08m38.4s), 072/788 VUs, 42477 complete and 0 interrupted iterations
openloop_spike   [  72% ] 072/788 VUs  08m38.4s/12m0s  105.00 iters/s

running (08m39.4s), 072/788 VUs, 42582 complete and 0 interrupted iterations
openloop_spike   [  72% ] 072/788 VUs  08m39.4s/12m0s  105.00 iters/s

running (08m40.4s), 075/788 VUs, 42684 complete and 0 interrupted iterations
openloop_spike   [  72% ] 075/788 VUs  08m40.4s/12m0s  105.00 iters/s

running (08m41.4s), 073/788 VUs, 42791 complete and 0 interrupted iterations
openloop_spike   [  72% ] 073/788 VUs  08m41.4s/12m0s  105.00 iters/s

running (08m42.4s), 076/788 VUs, 42893 complete and 0 interrupted iterations
openloop_spike   [  73% ] 076/788 VUs  08m42.4s/12m0s  105.00 iters/s

running (08m43.4s), 072/788 VUs, 43002 complete and 0 interrupted iterations
openloop_spike   [  73% ] 072/788 VUs  08m43.4s/12m0s  105.00 iters/s

running (08m44.4s), 068/788 VUs, 43111 complete and 0 interrupted iterations
openloop_spike   [  73% ] 068/788 VUs  08m44.4s/12m0s  105.00 iters/s

running (08m45.4s), 072/788 VUs, 43212 complete and 0 interrupted iterations
openloop_spike   [  73% ] 072/788 VUs  08m45.4s/12m0s  105.00 iters/s

running (08m46.4s), 074/788 VUs, 43315 complete and 0 interrupted iterations
openloop_spike   [  73% ] 074/788 VUs  08m46.4s/12m0s  105.00 iters/s

running (08m47.4s), 075/788 VUs, 43419 complete and 0 interrupted iterations
openloop_spike   [  73% ] 075/788 VUs  08m47.4s/12m0s  105.00 iters/s

running (08m48.4s), 069/788 VUs, 43530 complete and 0 interrupted iterations
openloop_spike   [  73% ] 069/788 VUs  08m48.4s/12m0s  105.00 iters/s

running (08m49.4s), 072/788 VUs, 43632 complete and 0 interrupted iterations
openloop_spike   [  74% ] 072/788 VUs  08m49.4s/12m0s  105.00 iters/s

running (08m50.4s), 074/788 VUs, 43735 complete and 0 interrupted iterations
openloop_spike   [  74% ] 074/788 VUs  08m50.4s/12m0s  105.00 iters/s

running (08m51.4s), 075/788 VUs, 43839 complete and 0 interrupted iterations
openloop_spike   [  74% ] 075/788 VUs  08m51.4s/12m0s  105.00 iters/s

running (08m52.4s), 072/788 VUs, 43947 complete and 0 interrupted iterations
openloop_spike   [  74% ] 072/788 VUs  08m52.4s/12m0s  105.00 iters/s

running (08m53.4s), 077/788 VUs, 44047 complete and 0 interrupted iterations
openloop_spike   [  74% ] 077/788 VUs  08m53.4s/12m0s  105.00 iters/s

running (08m54.4s), 072/788 VUs, 44157 complete and 0 interrupted iterations
openloop_spike   [  74% ] 072/788 VUs  08m54.4s/12m0s  105.00 iters/s

running (08m55.4s), 076/788 VUs, 44258 complete and 0 interrupted iterations
openloop_spike   [  74% ] 076/788 VUs  08m55.4s/12m0s  105.00 iters/s

running (08m56.4s), 074/788 VUs, 44365 complete and 0 interrupted iterations
openloop_spike   [  74% ] 074/788 VUs  08m56.4s/12m0s  105.00 iters/s

running (08m57.4s), 078/788 VUs, 44466 complete and 0 interrupted iterations
openloop_spike   [  75% ] 078/788 VUs  08m57.4s/12m0s  105.00 iters/s

running (08m58.4s), 071/788 VUs, 44578 complete and 0 interrupted iterations
openloop_spike   [  75% ] 071/788 VUs  08m58.4s/12m0s  105.00 iters/s

running (08m59.4s), 072/788 VUs, 44682 complete and 0 interrupted iterations
openloop_spike   [  75% ] 072/788 VUs  08m59.4s/12m0s  105.00 iters/s

running (09m00.4s), 071/788 VUs, 44788 complete and 0 interrupted iterations
openloop_spike   [  75% ] 071/788 VUs  09m00.4s/12m0s  104.81 iters/s

running (09m01.4s), 068/788 VUs, 44896 complete and 0 interrupted iterations
openloop_spike   [  75% ] 068/788 VUs  09m01.4s/12m0s  104.22 iters/s

running (09m02.4s), 076/788 VUs, 44992 complete and 0 interrupted iterations
openloop_spike   [  75% ] 076/788 VUs  09m02.4s/12m0s  103.64 iters/s

running (09m03.4s), 077/788 VUs, 45094 complete and 0 interrupted iterations
openloop_spike   [  75% ] 077/788 VUs  09m03.4s/12m0s  103.06 iters/s

running (09m04.4s), 077/788 VUs, 45197 complete and 0 interrupted iterations
openloop_spike   [  76% ] 077/788 VUs  09m04.4s/12m0s  102.47 iters/s

running (09m05.4s), 069/788 VUs, 45307 complete and 0 interrupted iterations
openloop_spike   [  76% ] 069/788 VUs  09m05.4s/12m0s  101.89 iters/s

running (09m06.4s), 074/788 VUs, 45404 complete and 0 interrupted iterations
openloop_spike   [  76% ] 074/788 VUs  09m06.4s/12m0s  101.30 iters/s

running (09m07.4s), 075/788 VUs, 45504 complete and 0 interrupted iterations
openloop_spike   [  76% ] 075/788 VUs  09m07.4s/12m0s  100.72 iters/s

running (09m08.4s), 070/788 VUs, 45609 complete and 0 interrupted iterations
openloop_spike   [  76% ] 070/788 VUs  09m08.4s/12m0s  100.14 iters/s

running (09m09.4s), 073/788 VUs, 45706 complete and 0 interrupted iterations
openloop_spike   [  76% ] 073/788 VUs  09m09.4s/12m0s  099.56 iters/s

running (09m10.4s), 074/788 VUs, 45804 complete and 0 interrupted iterations
openloop_spike   [  76% ] 074/788 VUs  09m10.4s/12m0s  098.97 iters/s

running (09m11.4s), 072/788 VUs, 45905 complete and 0 interrupted iterations
openloop_spike   [  77% ] 072/788 VUs  09m11.4s/12m0s  098.39 iters/s

running (09m12.4s), 073/788 VUs, 46002 complete and 0 interrupted iterations
openloop_spike   [  77% ] 073/788 VUs  09m12.4s/12m0s  097.81 iters/s

running (09m13.4s), 069/788 VUs, 46104 complete and 0 interrupted iterations
openloop_spike   [  77% ] 069/788 VUs  09m13.4s/12m0s  097.22 iters/s

running (09m14.4s), 069/788 VUs, 46200 complete and 0 interrupted iterations
openloop_spike   [  77% ] 069/788 VUs  09m14.4s/12m0s  096.64 iters/s

running (09m15.4s), 069/788 VUs, 46297 complete and 0 interrupted iterations
openloop_spike   [  77% ] 069/788 VUs  09m15.4s/12m0s  096.06 iters/s

running (09m16.4s), 064/788 VUs, 46398 complete and 0 interrupted iterations
openloop_spike   [  77% ] 064/788 VUs  09m16.4s/12m0s  095.47 iters/s

running (09m17.4s), 069/788 VUs, 46488 complete and 0 interrupted iterations
openloop_spike   [  77% ] 069/788 VUs  09m17.4s/12m0s  094.89 iters/s

running (09m18.4s), 065/788 VUs, 46586 complete and 0 interrupted iterations
openloop_spike   [  78% ] 065/788 VUs  09m18.4s/12m0s  094.31 iters/s

running (09m19.4s), 068/788 VUs, 46677 complete and 0 interrupted iterations
openloop_spike   [  78% ] 068/788 VUs  09m19.4s/12m0s  093.73 iters/s

running (09m20.4s), 068/788 VUs, 46771 complete and 0 interrupted iterations
openloop_spike   [  78% ] 068/788 VUs  09m20.4s/12m0s  093.14 iters/s

running (09m21.4s), 072/788 VUs, 46860 complete and 0 interrupted iterations
openloop_spike   [  78% ] 072/788 VUs  09m21.4s/12m0s  092.55 iters/s

running (09m22.4s), 067/788 VUs, 46957 complete and 0 interrupted iterations
openloop_spike   [  78% ] 067/788 VUs  09m22.4s/12m0s  091.97 iters/s

running (09m23.4s), 065/788 VUs, 47051 complete and 0 interrupted iterations
openloop_spike   [  78% ] 065/788 VUs  09m23.4s/12m0s  091.39 iters/s

running (09m24.4s), 065/788 VUs, 47142 complete and 0 interrupted iterations
openloop_spike   [  78% ] 065/788 VUs  09m24.4s/12m0s  090.80 iters/s

running (09m25.4s), 064/788 VUs, 47233 complete and 0 interrupted iterations
openloop_spike   [  79% ] 064/788 VUs  09m25.4s/12m0s  090.22 iters/s

running (09m26.4s), 064/788 VUs, 47323 complete and 0 interrupted iterations
openloop_spike   [  79% ] 064/788 VUs  09m26.4s/12m0s  089.64 iters/s

running (09m27.4s), 062/788 VUs, 47414 complete and 0 interrupted iterations
openloop_spike   [  79% ] 062/788 VUs  09m27.4s/12m0s  089.06 iters/s

running (09m28.4s), 060/788 VUs, 47505 complete and 0 interrupted iterations
openloop_spike   [  79% ] 060/788 VUs  09m28.4s/12m0s  088.47 iters/s

running (09m29.4s), 063/788 VUs, 47590 complete and 0 interrupted iterations
openloop_spike   [  79% ] 063/788 VUs  09m29.4s/12m0s  087.89 iters/s

running (09m30.4s), 061/788 VUs, 47680 complete and 0 interrupted iterations
openloop_spike   [  79% ] 061/788 VUs  09m30.4s/12m0s  087.31 iters/s

running (09m31.4s), 062/788 VUs, 47766 complete and 0 interrupted iterations
openloop_spike   [  79% ] 062/788 VUs  09m31.4s/12m0s  086.72 iters/s

running (09m32.4s), 064/788 VUs, 47851 complete and 0 interrupted iterations
openloop_spike   [  79% ] 064/788 VUs  09m32.4s/12m0s  086.14 iters/s

running (09m33.4s), 063/788 VUs, 47937 complete and 0 interrupted iterations
openloop_spike   [  80% ] 063/788 VUs  09m33.4s/12m0s  085.56 iters/s

running (09m34.4s), 059/788 VUs, 48027 complete and 0 interrupted iterations
openloop_spike   [  80% ] 059/788 VUs  09m34.4s/12m0s  084.97 iters/s

running (09m35.4s), 059/788 VUs, 48111 complete and 0 interrupted iterations
openloop_spike   [  80% ] 059/788 VUs  09m35.4s/12m0s  084.39 iters/s

running (09m36.4s), 056/788 VUs, 48198 complete and 0 interrupted iterations
openloop_spike   [  80% ] 056/788 VUs  09m36.4s/12m0s  083.81 iters/s

running (09m37.4s), 059/788 VUs, 48279 complete and 0 interrupted iterations
openloop_spike   [  80% ] 059/788 VUs  09m37.4s/12m0s  083.22 iters/s

running (09m38.4s), 059/788 VUs, 48362 complete and 0 interrupted iterations
openloop_spike   [  80% ] 059/788 VUs  09m38.4s/12m0s  082.64 iters/s

running (09m39.4s), 057/788 VUs, 48446 complete and 0 interrupted iterations
openloop_spike   [  80% ] 057/788 VUs  09m39.4s/12m0s  082.06 iters/s

running (09m40.4s), 058/788 VUs, 48527 complete and 0 interrupted iterations
openloop_spike   [  81% ] 058/788 VUs  09m40.4s/12m0s  081.47 iters/s

running (09m41.4s), 058/788 VUs, 48608 complete and 0 interrupted iterations
openloop_spike   [  81% ] 058/788 VUs  09m41.4s/12m0s  080.89 iters/s

running (09m42.4s), 060/788 VUs, 48687 complete and 0 interrupted iterations
openloop_spike   [  81% ] 060/788 VUs  09m42.4s/12m0s  080.30 iters/s

running (09m43.4s), 057/788 VUs, 48770 complete and 0 interrupted iterations
openloop_spike   [  81% ] 057/788 VUs  09m43.4s/12m0s  079.72 iters/s

running (09m44.4s), 060/788 VUs, 48846 complete and 0 interrupted iterations
openloop_spike   [  81% ] 060/788 VUs  09m44.4s/12m0s  079.14 iters/s

running (09m45.4s), 054/788 VUs, 48931 complete and 0 interrupted iterations
openloop_spike   [  81% ] 054/788 VUs  09m45.4s/12m0s  078.56 iters/s

running (09m46.4s), 058/788 VUs, 49005 complete and 0 interrupted iterations
openloop_spike   [  81% ] 058/788 VUs  09m46.4s/12m0s  077.97 iters/s

running (09m47.4s), 060/788 VUs, 49081 complete and 0 interrupted iterations
openloop_spike   [  82% ] 060/788 VUs  09m47.4s/12m0s  077.39 iters/s

running (09m48.4s), 053/788 VUs, 49165 complete and 0 interrupted iterations
openloop_spike   [  82% ] 053/788 VUs  09m48.4s/12m0s  076.81 iters/s

running (09m49.4s), 051/788 VUs, 49243 complete and 0 interrupted iterations
openloop_spike   [  82% ] 051/788 VUs  09m49.4s/12m0s  076.23 iters/s

running (09m50.4s), 054/788 VUs, 49317 complete and 0 interrupted iterations
openloop_spike   [  82% ] 054/788 VUs  09m50.4s/12m0s  075.64 iters/s

running (09m51.4s), 054/788 VUs, 49392 complete and 0 interrupted iterations
openloop_spike   [  82% ] 054/788 VUs  09m51.4s/12m0s  075.05 iters/s

running (09m52.4s), 052/788 VUs, 49469 complete and 0 interrupted iterations
openloop_spike   [  82% ] 052/788 VUs  09m52.4s/12m0s  074.47 iters/s

running (09m53.4s), 052/788 VUs, 49543 complete and 0 interrupted iterations
openloop_spike   [  82% ] 052/788 VUs  09m53.4s/12m0s  073.89 iters/s

running (09m54.4s), 050/788 VUs, 49618 complete and 0 interrupted iterations
openloop_spike   [  83% ] 050/788 VUs  09m54.4s/12m0s  073.31 iters/s

running (09m55.4s), 053/788 VUs, 49688 complete and 0 interrupted iterations
openloop_spike   [  83% ] 053/788 VUs  09m55.4s/12m0s  072.73 iters/s

running (09m56.4s), 054/788 VUs, 49760 complete and 0 interrupted iterations
openloop_spike   [  83% ] 054/788 VUs  09m56.4s/12m0s  072.14 iters/s

running (09m57.4s), 050/788 VUs, 49836 complete and 0 interrupted iterations
openloop_spike   [  83% ] 050/788 VUs  09m57.4s/12m0s  071.55 iters/s

running (09m58.4s), 051/788 VUs, 49906 complete and 0 interrupted iterations
openloop_spike   [  83% ] 051/788 VUs  09m58.4s/12m0s  070.97 iters/s

running (09m59.4s), 054/788 VUs, 49974 complete and 0 interrupted iterations
openloop_spike   [  83% ] 054/788 VUs  09m59.4s/12m0s  070.39 iters/s

running (10m00.4s), 051/788 VUs, 50047 complete and 0 interrupted iterations
openloop_spike   [  83% ] 051/788 VUs  10m00.4s/12m0s  069.80 iters/s

running (10m01.4s), 052/788 VUs, 50115 complete and 0 interrupted iterations
openloop_spike   [  84% ] 052/788 VUs  10m01.4s/12m0s  069.22 iters/s

running (10m02.4s), 047/788 VUs, 50189 complete and 0 interrupted iterations
openloop_spike   [  84% ] 047/788 VUs  10m02.4s/12m0s  068.64 iters/s

running (10m03.4s), 047/788 VUs, 50258 complete and 0 interrupted iterations
openloop_spike   [  84% ] 047/788 VUs  10m03.4s/12m0s  068.05 iters/s

running (10m04.4s), 047/788 VUs, 50325 complete and 0 interrupted iterations
openloop_spike   [  84% ] 047/788 VUs  10m04.4s/12m0s  067.48 iters/s

running (10m05.4s), 045/788 VUs, 50394 complete and 0 interrupted iterations
openloop_spike   [  84% ] 045/788 VUs  10m05.4s/12m0s  066.89 iters/s

running (10m06.4s), 046/788 VUs, 50460 complete and 0 interrupted iterations
openloop_spike   [  84% ] 046/788 VUs  10m06.4s/12m0s  066.31 iters/s

running (10m07.4s), 049/788 VUs, 50523 complete and 0 interrupted iterations
openloop_spike   [  84% ] 049/788 VUs  10m07.4s/12m0s  065.72 iters/s

running (10m08.4s), 044/788 VUs, 50593 complete and 0 interrupted iterations
openloop_spike   [  84% ] 044/788 VUs  10m08.4s/12m0s  065.14 iters/s

running (10m09.4s), 044/788 VUs, 50658 complete and 0 interrupted iterations
openloop_spike   [  85% ] 044/788 VUs  10m09.4s/12m0s  064.56 iters/s

running (10m10.4s), 045/788 VUs, 50722 complete and 0 interrupted iterations
openloop_spike   [  85% ] 045/788 VUs  10m10.4s/12m0s  063.97 iters/s

running (10m11.4s), 044/788 VUs, 50786 complete and 0 interrupted iterations
openloop_spike   [  85% ] 044/788 VUs  10m11.4s/12m0s  063.39 iters/s

running (10m12.4s), 041/788 VUs, 50852 complete and 0 interrupted iterations
openloop_spike   [  85% ] 041/788 VUs  10m12.4s/12m0s  062.81 iters/s

running (10m13.4s), 046/788 VUs, 50910 complete and 0 interrupted iterations
openloop_spike   [  85% ] 046/788 VUs  10m13.4s/12m0s  062.22 iters/s

running (10m14.4s), 047/788 VUs, 50971 complete and 0 interrupted iterations
openloop_spike   [  85% ] 047/788 VUs  10m14.4s/12m0s  061.64 iters/s

running (10m15.4s), 047/788 VUs, 51032 complete and 0 interrupted iterations
openloop_spike   [  85% ] 047/788 VUs  10m15.4s/12m0s  061.06 iters/s

running (10m16.4s), 044/788 VUs, 51096 complete and 0 interrupted iterations
openloop_spike   [  86% ] 044/788 VUs  10m16.4s/12m0s  060.47 iters/s

running (10m17.4s), 039/788 VUs, 51161 complete and 0 interrupted iterations
openloop_spike   [  86% ] 039/788 VUs  10m17.4s/12m0s  059.89 iters/s

running (10m18.4s), 043/788 VUs, 51217 complete and 0 interrupted iterations
openloop_spike   [  86% ] 043/788 VUs  10m18.4s/12m0s  059.30 iters/s

running (10m19.4s), 044/788 VUs, 51275 complete and 0 interrupted iterations
openloop_spike   [  86% ] 044/788 VUs  10m19.4s/12m0s  058.72 iters/s

running (10m20.4s), 043/788 VUs, 51334 complete and 0 interrupted iterations
openloop_spike   [  86% ] 043/788 VUs  10m20.4s/12m0s  058.14 iters/s

running (10m21.4s), 041/788 VUs, 51394 complete and 0 interrupted iterations
openloop_spike   [  86% ] 041/788 VUs  10m21.4s/12m0s  057.56 iters/s

running (10m22.4s), 039/788 VUs, 51453 complete and 0 interrupted iterations
openloop_spike   [  86% ] 039/788 VUs  10m22.4s/12m0s  056.98 iters/s

running (10m23.4s), 041/788 VUs, 51508 complete and 0 interrupted iterations
openloop_spike   [  87% ] 041/788 VUs  10m23.4s/12m0s  056.39 iters/s

running (10m24.4s), 038/788 VUs, 51567 complete and 0 interrupted iterations
openloop_spike   [  87% ] 038/788 VUs  10m24.4s/12m0s  055.81 iters/s

running (10m25.4s), 039/788 VUs, 51622 complete and 0 interrupted iterations
openloop_spike   [  87% ] 039/788 VUs  10m25.4s/12m0s  055.22 iters/s

running (10m26.4s), 042/788 VUs, 51674 complete and 0 interrupted iterations
openloop_spike   [  87% ] 042/788 VUs  10m26.4s/12m0s  054.63 iters/s

running (10m27.4s), 040/788 VUs, 51730 complete and 0 interrupted iterations
openloop_spike   [  87% ] 040/788 VUs  10m27.4s/12m0s  054.05 iters/s

running (10m28.4s), 037/788 VUs, 51787 complete and 0 interrupted iterations
openloop_spike   [  87% ] 037/788 VUs  10m28.4s/12m0s  053.47 iters/s

running (10m29.4s), 037/788 VUs, 51840 complete and 0 interrupted iterations
openloop_spike   [  87% ] 037/788 VUs  10m29.4s/12m0s  052.89 iters/s

running (10m30.4s), 034/788 VUs, 51895 complete and 0 interrupted iterations
openloop_spike   [  88% ] 034/788 VUs  10m30.4s/12m0s  052.31 iters/s

running (10m31.4s), 038/788 VUs, 51943 complete and 0 interrupted iterations
openloop_spike   [  88% ] 038/788 VUs  10m31.4s/12m0s  051.73 iters/s

running (10m32.4s), 040/788 VUs, 51993 complete and 0 interrupted iterations
openloop_spike   [  88% ] 040/788 VUs  10m32.4s/12m0s  051.14 iters/s

running (10m33.4s), 040/788 VUs, 52044 complete and 0 interrupted iterations
openloop_spike   [  88% ] 040/788 VUs  10m33.4s/12m0s  050.55 iters/s

running (10m34.4s), 037/788 VUs, 52097 complete and 0 interrupted iterations
openloop_spike   [  88% ] 037/788 VUs  10m34.4s/12m0s  049.97 iters/s

running (10m35.4s), 036/788 VUs, 52148 complete and 0 interrupted iterations
openloop_spike   [  88% ] 036/788 VUs  10m35.4s/12m0s  049.39 iters/s

running (10m36.4s), 035/788 VUs, 52198 complete and 0 interrupted iterations
openloop_spike   [  88% ] 035/788 VUs  10m36.4s/12m0s  048.80 iters/s

running (10m37.4s), 035/788 VUs, 52246 complete and 0 interrupted iterations
openloop_spike   [  89% ] 035/788 VUs  10m37.4s/12m0s  048.23 iters/s

running (10m38.4s), 035/788 VUs, 52294 complete and 0 interrupted iterations
openloop_spike   [  89% ] 035/788 VUs  10m38.4s/12m0s  047.64 iters/s

running (10m39.4s), 034/788 VUs, 52343 complete and 0 interrupted iterations
openloop_spike   [  89% ] 034/788 VUs  10m39.4s/12m0s  047.05 iters/s

running (10m40.4s), 031/788 VUs, 52392 complete and 0 interrupted iterations
openloop_spike   [  89% ] 031/788 VUs  10m40.4s/12m0s  046.48 iters/s

running (10m41.4s), 035/788 VUs, 52434 complete and 0 interrupted iterations
openloop_spike   [  89% ] 035/788 VUs  10m41.4s/12m0s  045.88 iters/s

running (10m42.4s), 030/788 VUs, 52485 complete and 0 interrupted iterations
openloop_spike   [  89% ] 030/788 VUs  10m42.4s/12m0s  045.31 iters/s

running (10m43.4s), 031/788 VUs, 52529 complete and 0 interrupted iterations
openloop_spike   [  89% ] 031/788 VUs  10m43.4s/12m0s  044.72 iters/s

running (10m44.4s), 031/788 VUs, 52574 complete and 0 interrupted iterations
openloop_spike   [  89% ] 031/788 VUs  10m44.4s/12m0s  044.13 iters/s

running (10m45.4s), 033/788 VUs, 52615 complete and 0 interrupted iterations
openloop_spike   [  90% ] 033/788 VUs  10m45.4s/12m0s  043.56 iters/s

running (10m46.4s), 032/788 VUs, 52660 complete and 0 interrupted iterations
openloop_spike   [  90% ] 032/788 VUs  10m46.4s/12m0s  042.97 iters/s

running (10m47.4s), 028/788 VUs, 52706 complete and 0 interrupted iterations
openloop_spike   [  90% ] 028/788 VUs  10m47.4s/12m0s  042.39 iters/s

running (10m48.4s), 032/788 VUs, 52744 complete and 0 interrupted iterations
openloop_spike   [  90% ] 032/788 VUs  10m48.4s/12m0s  041.81 iters/s

running (10m49.4s), 030/788 VUs, 52788 complete and 0 interrupted iterations
openloop_spike   [  90% ] 030/788 VUs  10m49.4s/12m0s  041.22 iters/s

running (10m50.4s), 029/788 VUs, 52830 complete and 0 interrupted iterations
openloop_spike   [  90% ] 029/788 VUs  10m50.4s/12m0s  040.64 iters/s

running (10m51.4s), 029/788 VUs, 52870 complete and 0 interrupted iterations
openloop_spike   [  90% ] 029/788 VUs  10m51.4s/12m0s  040.06 iters/s

running (10m52.4s), 028/788 VUs, 52911 complete and 0 interrupted iterations
openloop_spike   [  91% ] 028/788 VUs  10m52.4s/12m0s  039.47 iters/s

running (10m53.4s), 029/788 VUs, 52949 complete and 0 interrupted iterations
openloop_spike   [  91% ] 029/788 VUs  10m53.4s/12m0s  038.89 iters/s

running (10m54.4s), 028/788 VUs, 52989 complete and 0 interrupted iterations
openloop_spike   [  91% ] 028/788 VUs  10m54.4s/12m0s  038.30 iters/s

running (10m55.4s), 026/788 VUs, 53029 complete and 0 interrupted iterations
openloop_spike   [  91% ] 026/788 VUs  10m55.4s/12m0s  037.72 iters/s

running (10m56.4s), 025/788 VUs, 53067 complete and 0 interrupted iterations
openloop_spike   [  91% ] 025/788 VUs  10m56.4s/12m0s  037.14 iters/s

running (10m57.4s), 028/788 VUs, 53101 complete and 0 interrupted iterations
openloop_spike   [  91% ] 028/788 VUs  10m57.4s/12m0s  036.56 iters/s

running (10m58.4s), 025/788 VUs, 53140 complete and 0 interrupted iterations
openloop_spike   [  91% ] 025/788 VUs  10m58.4s/12m0s  035.98 iters/s

running (10m59.4s), 026/788 VUs, 53175 complete and 0 interrupted iterations
openloop_spike   [  92% ] 026/788 VUs  10m59.4s/12m0s  035.39 iters/s

running (11m00.4s), 027/788 VUs, 53209 complete and 0 interrupted iterations
openloop_spike   [  92% ] 027/788 VUs  11m00.4s/12m0s  034.81 iters/s

running (11m01.4s), 026/788 VUs, 53245 complete and 0 interrupted iterations
openloop_spike   [  92% ] 026/788 VUs  11m01.4s/12m0s  034.22 iters/s

running (11m02.4s), 022/788 VUs, 53283 complete and 0 interrupted iterations
openloop_spike   [  92% ] 022/788 VUs  11m02.4s/12m0s  033.63 iters/s

running (11m03.4s), 025/788 VUs, 53313 complete and 0 interrupted iterations
openloop_spike   [  92% ] 025/788 VUs  11m03.4s/12m0s  033.05 iters/s

running (11m04.4s), 023/788 VUs, 53348 complete and 0 interrupted iterations
openloop_spike   [  92% ] 023/788 VUs  11m04.4s/12m0s  032.47 iters/s

running (11m05.4s), 023/788 VUs, 53380 complete and 0 interrupted iterations
openloop_spike   [  92% ] 023/788 VUs  11m05.4s/12m0s  031.89 iters/s

running (11m06.4s), 022/788 VUs, 53412 complete and 0 interrupted iterations
openloop_spike   [  93% ] 022/788 VUs  11m06.4s/12m0s  031.31 iters/s

running (11m07.4s), 020/788 VUs, 53445 complete and 0 interrupted iterations
openloop_spike   [  93% ] 020/788 VUs  11m07.4s/12m0s  030.73 iters/s

running (11m08.4s), 022/788 VUs, 53474 complete and 0 interrupted iterations
openloop_spike   [  93% ] 022/788 VUs  11m08.4s/12m0s  030.14 iters/s

running (11m09.4s), 021/788 VUs, 53505 complete and 0 interrupted iterations
openloop_spike   [  93% ] 021/788 VUs  11m09.4s/12m0s  029.55 iters/s

running (11m10.4s), 021/788 VUs, 53534 complete and 0 interrupted iterations
openloop_spike   [  93% ] 021/788 VUs  11m10.4s/12m0s  028.97 iters/s

running (11m11.4s), 022/788 VUs, 53562 complete and 0 interrupted iterations
openloop_spike   [  93% ] 022/788 VUs  11m11.4s/12m0s  028.38 iters/s

running (11m12.4s), 020/788 VUs, 53592 complete and 0 interrupted iterations
openloop_spike   [  93% ] 020/788 VUs  11m12.4s/12m0s  027.80 iters/s

running (11m13.4s), 020/788 VUs, 53619 complete and 0 interrupted iterations
openloop_spike   [  94% ] 020/788 VUs  11m13.4s/12m0s  027.23 iters/s

running (11m14.4s), 020/788 VUs, 53646 complete and 0 interrupted iterations
openloop_spike   [  94% ] 020/788 VUs  11m14.4s/12m0s  026.64 iters/s

running (11m15.4s), 018/788 VUs, 53675 complete and 0 interrupted iterations
openloop_spike   [  94% ] 018/788 VUs  11m15.4s/12m0s  026.05 iters/s

running (11m16.4s), 018/788 VUs, 53700 complete and 0 interrupted iterations
openloop_spike   [  94% ] 018/788 VUs  11m16.4s/12m0s  025.48 iters/s

running (11m17.4s), 019/788 VUs, 53724 complete and 0 interrupted iterations
openloop_spike   [  94% ] 019/788 VUs  11m17.4s/12m0s  024.90 iters/s

running (11m18.4s), 015/788 VUs, 53753 complete and 0 interrupted iterations
openloop_spike   [  94% ] 015/788 VUs  11m18.4s/12m0s  024.31 iters/s

running (11m19.4s), 020/788 VUs, 53772 complete and 0 interrupted iterations
openloop_spike   [  94% ] 020/788 VUs  11m19.4s/12m0s  023.73 iters/s

running (11m20.4s), 016/788 VUs, 53800 complete and 0 interrupted iterations
openloop_spike   [  94% ] 016/788 VUs  11m20.4s/12m0s  023.13 iters/s

running (11m21.4s), 014/788 VUs, 53824 complete and 0 interrupted iterations
openloop_spike   [  95% ] 014/788 VUs  11m21.4s/12m0s  022.57 iters/s

running (11m22.4s), 016/788 VUs, 53845 complete and 0 interrupted iterations
openloop_spike   [  95% ] 016/788 VUs  11m22.4s/12m0s  021.96 iters/s

running (11m23.4s), 016/788 VUs, 53866 complete and 0 interrupted iterations
openloop_spike   [  95% ] 016/788 VUs  11m23.4s/12m0s  021.40 iters/s

running (11m24.4s), 014/788 VUs, 53889 complete and 0 interrupted iterations
openloop_spike   [  95% ] 014/788 VUs  11m24.4s/12m0s  020.82 iters/s

running (11m25.4s), 014/788 VUs, 53910 complete and 0 interrupted iterations
openloop_spike   [  95% ] 014/788 VUs  11m25.4s/12m0s  020.22 iters/s

running (11m26.4s), 013/788 VUs, 53931 complete and 0 interrupted iterations
openloop_spike   [  95% ] 013/788 VUs  11m26.4s/12m0s  019.64 iters/s

running (11m27.4s), 015/788 VUs, 53948 complete and 0 interrupted iterations
openloop_spike   [  95% ] 015/788 VUs  11m27.4s/12m0s  019.06 iters/s

running (11m28.4s), 014/788 VUs, 53968 complete and 0 interrupted iterations
openloop_spike   [  96% ] 014/788 VUs  11m28.4s/12m0s  018.47 iters/s

running (11m29.4s), 012/788 VUs, 53988 complete and 0 interrupted iterations
openloop_spike   [  96% ] 012/788 VUs  11m29.4s/12m0s  017.90 iters/s

running (11m30.4s), 012/788 VUs, 54006 complete and 0 interrupted iterations
openloop_spike   [  96% ] 012/788 VUs  11m30.4s/12m0s  017.30 iters/s

running (11m31.4s), 012/788 VUs, 54023 complete and 0 interrupted iterations
openloop_spike   [  96% ] 012/788 VUs  11m31.4s/12m0s  016.72 iters/s

running (11m32.4s), 009/788 VUs, 54042 complete and 0 interrupted iterations
openloop_spike   [  96% ] 009/788 VUs  11m32.4s/12m0s  016.15 iters/s

running (11m33.4s), 011/788 VUs, 54056 complete and 0 interrupted iterations
openloop_spike   [  96% ] 011/788 VUs  11m33.4s/12m0s  015.56 iters/s

running (11m34.4s), 010/788 VUs, 54072 complete and 0 interrupted iterations
openloop_spike   [  96% ] 010/788 VUs  11m34.4s/12m0s  014.99 iters/s

running (11m35.4s), 010/788 VUs, 54087 complete and 0 interrupted iterations
openloop_spike   [  97% ] 010/788 VUs  11m35.4s/12m0s  014.39 iters/s

running (11m36.4s), 009/788 VUs, 54102 complete and 0 interrupted iterations
openloop_spike   [  97% ] 009/788 VUs  11m36.4s/12m0s  013.81 iters/s

running (11m37.4s), 009/788 VUs, 54116 complete and 0 interrupted iterations
openloop_spike   [  97% ] 009/788 VUs  11m37.4s/12m0s  013.21 iters/s

running (11m38.4s), 010/788 VUs, 54128 complete and 0 interrupted iterations
openloop_spike   [  97% ] 010/788 VUs  11m38.4s/12m0s  012.62 iters/s

running (11m39.4s), 010/788 VUs, 54140 complete and 0 interrupted iterations
openloop_spike   [  97% ] 010/788 VUs  11m39.4s/12m0s  012.05 iters/s

running (11m40.4s), 010/788 VUs, 54152 complete and 0 interrupted iterations
openloop_spike   [  97% ] 010/788 VUs  11m40.4s/12m0s  011.46 iters/s

running (11m41.4s), 006/788 VUs, 54167 complete and 0 interrupted iterations
openloop_spike   [  97% ] 006/788 VUs  11m41.4s/12m0s  010.88 iters/s

running (11m42.4s), 008/788 VUs, 54175 complete and 0 interrupted iterations
openloop_spike   [  98% ] 008/788 VUs  11m42.4s/12m0s  010.33 iters/s

running (11m43.4s), 007/788 VUs, 54186 complete and 0 interrupted iterations
openloop_spike   [  98% ] 007/788 VUs  11m43.4s/12m0s  009.75 iters/s

running (11m44.4s), 006/788 VUs, 54197 complete and 0 interrupted iterations
openloop_spike   [  98% ] 006/788 VUs  11m44.4s/12m0s  009.13 iters/s

running (11m45.4s), 005/788 VUs, 54207 complete and 0 interrupted iterations
openloop_spike   [  98% ] 005/788 VUs  11m45.4s/12m0s  008.54 iters/s

running (11m46.4s), 006/788 VUs, 54214 complete and 0 interrupted iterations
openloop_spike   [  98% ] 006/788 VUs  11m46.4s/12m0s  007.97 iters/s

running (11m47.4s), 005/788 VUs, 54223 complete and 0 interrupted iterations
openloop_spike   [  98% ] 005/788 VUs  11m47.4s/12m0s  007.37 iters/s

running (11m48.4s), 005/788 VUs, 54230 complete and 0 interrupted iterations
openloop_spike   [  98% ] 005/788 VUs  11m48.4s/12m0s  006.79 iters/s

running (11m49.4s), 004/788 VUs, 54237 complete and 0 interrupted iterations
openloop_spike   [  99% ] 004/788 VUs  11m49.4s/12m0s  006.25 iters/s

running (11m50.4s), 003/788 VUs, 54244 complete and 0 interrupted iterations
openloop_spike   [  99% ] 003/788 VUs  11m50.4s/12m0s  005.66 iters/s

running (11m51.4s), 004/788 VUs, 54249 complete and 0 interrupted iterations
openloop_spike   [  99% ] 004/788 VUs  11m51.4s/12m0s  005.01 iters/s

running (11m52.4s), 004/788 VUs, 54253 complete and 0 interrupted iterations
openloop_spike   [  99% ] 004/788 VUs  11m52.4s/12m0s  004.52 iters/s

running (11m53.4s), 004/788 VUs, 54258 complete and 0 interrupted iterations
openloop_spike   [  99% ] 004/788 VUs  11m53.4s/12m0s  003.82 iters/s

running (11m54.4s), 002/788 VUs, 54263 complete and 0 interrupted iterations
openloop_spike   [  99% ] 002/788 VUs  11m54.4s/12m0s  003.33 iters/s

running (11m55.4s), 002/788 VUs, 54266 complete and 0 interrupted iterations
openloop_spike   [  99% ] 002/788 VUs  11m55.4s/12m0s  002.75 iters/s

running (11m56.4s), 002/788 VUs, 54269 complete and 0 interrupted iterations
openloop_spike   [  99% ] 002/788 VUs  11m56.4s/12m0s  002.02 iters/s

running (11m57.4s), 001/788 VUs, 54271 complete and 0 interrupted iterations
openloop_spike   [ 100% ] 001/788 VUs  11m57.4s/12m0s  001.70 iters/s

running (11m58.4s), 001/788 VUs, 54273 complete and 0 interrupted iterations
openloop_spike   [ 100% ] 001/788 VUs  11m58.4s/12m0s  000.54 iters/s

running (11m59.4s), 000/788 VUs, 54274 complete and 0 interrupted iterations
openloop_spike   [ 100% ] 000/788 VUs  11m59.4s/12m0s  000.54 iters/s

     ✗ status is 200
      ↳  99% — ✓ 54205 / ✗ 69
     ✗ returns quotes
      ↳  99% — ✓ 54205 / ✗ 69
     ✗ response time <2000ms
      ↳  99% — ✓ 54226 / ✗ 48

     █ setup

     checks.........................: 99.88% ✓ 162636    ✗ 186  
     data_received..................: 41 MB  56 kB/s
     data_sent......................: 25 MB  35 kB/s
     http_req_blocked...............: avg=412.49µs min=109.01µs med=185.98µs max=1.02s  p(90)=1.07ms   p(95)=1.15ms   p(99)=1.73ms  
     http_req_connecting............: avg=366.5µs  min=85.42µs  med=139.71µs max=1.02s  p(90)=1.03ms   p(95)=1.1ms    p(99)=1.68ms  
     http_req_duration..............: avg=711.62ms min=235.02µs med=710.14ms max=5s     p(90)=896.5ms  p(95)=917.33ms p(99)=933.59ms
       { expected_response:true }...: avg=711.97ms min=468.78ms med=710.41ms max=4.79s  p(90)=896.51ms p(95)=917.31ms p(99)=933.55ms
     http_req_failed................: 0.12%  ✓ 69        ✗ 54205
     http_req_receiving.............: avg=161.62µs min=0s       med=145.83µs max=9.33ms p(90)=223.19µs p(95)=275.13µs p(99)=536.33µs
     http_req_sending...............: avg=45.19µs  min=20.42µs  med=42.72µs  max=1.73ms p(90)=57.9µs   p(95)=64.88µs  p(99)=84.12µs 
     http_req_tls_handshaking.......: avg=0s       min=0s       med=0s       max=0s     p(90)=0s       p(95)=0s       p(99)=0s      
     http_req_waiting...............: avg=711.42ms min=156.05µs med=709.94ms max=5s     p(90)=896.27ms p(95)=917.11ms p(99)=933.41ms
     http_reqs......................: 54274  75.380219/s
     iteration_duration.............: avg=712.31ms min=408.47µs med=710.81ms max=5s     p(90)=897.21ms p(95)=918.12ms p(99)=934.22ms
     iterations.....................: 54274  75.380219/s
     req_e2e_duration...............: avg=712.14ms min=0s       med=711ms    max=5s     p(90)=897ms    p(95)=918ms    p(99)=934ms   
     vus............................: 0      min=0       max=107
     vus_max........................: 788    min=788     max=788


running (12m00.0s), 000/788 VUs, 54274 complete and 0 interrupted iterations
openloop_spike ✓ [ 100% ] 000/788 VUs  12m0s  000.54 iters/s
[openloop-wrapper] k6 exit code 0
