
          /\      |‾‾| /‾‾/   /‾‾/   
     /\  /  \     |  |/  /   /  /    
    /  \/    \    |     (   /   ‾‾\  
   /          \   |  |\  \ |  (‾)  | 
  / __________ \  |__| \__\ \_____/ .io

  execution: local
     script: /scripts/load-test.js
     output: json (/results/results.json.gz)

  scenarios: (100.00%) 1 scenario, 225 max VUs, 12m30s max duration (incl. graceful stop):
           * openloop_spike: Up to 30.00 iterations/s for 12m0s over 4 stages (maxVUs: 225, gracefulStop: 30s)

time="2026-10-06T13:03:41Z" level=info msg="OPENLOOP_CONFIG service=auth-service pattern=spike base_rate=2 peak_rate=30 timeout=5s vu_factor=1.5 openloop_spike:ramping-arrival-rate:vus=225/225" source=console
time="2026-10-06T13:03:41Z" level=info msg="PREAUTH_USED tokens=120" source=console
time="2026-10-06T13:03:41Z" level=info msg="SCENARIO_START name=openloop_spike start_ms=1791291821152" source=console

running (00m00.8s), 000/225 VUs, 1 complete and 0 interrupted iterations
openloop_spike   [   0% ] 000/225 VUs  00m00.8s/12m0s  02.00 iters/s

running (00m01.8s), 000/225 VUs, 3 complete and 0 interrupted iterations
openloop_spike   [   0% ] 000/225 VUs  00m01.8s/12m0s  02.00 iters/s

running (00m02.8s), 000/225 VUs, 5 complete and 0 interrupted iterations
openloop_spike   [   0% ] 000/225 VUs  00m02.8s/12m0s  02.00 iters/s

running (00m03.8s), 000/225 VUs, 7 complete and 0 interrupted iterations
openloop_spike   [   1% ] 000/225 VUs  00m03.8s/12m0s  02.00 iters/s

running (00m04.8s), 000/225 VUs, 9 complete and 0 interrupted iterations
openloop_spike   [   1% ] 000/225 VUs  00m04.8s/12m0s  02.00 iters/s

running (00m05.8s), 000/225 VUs, 11 complete and 0 interrupted iterations
openloop_spike   [   1% ] 000/225 VUs  00m05.8s/12m0s  02.00 iters/s

running (00m06.8s), 000/225 VUs, 13 complete and 0 interrupted iterations
openloop_spike   [   1% ] 000/225 VUs  00m06.8s/12m0s  02.00 iters/s

running (00m07.8s), 001/225 VUs, 14 complete and 0 interrupted iterations
openloop_spike   [   1% ] 001/225 VUs  00m07.8s/12m0s  02.00 iters/s

running (00m08.8s), 000/225 VUs, 17 complete and 0 interrupted iterations
openloop_spike   [   1% ] 000/225 VUs  00m08.8s/12m0s  02.00 iters/s

running (00m09.8s), 000/225 VUs, 19 complete and 0 interrupted iterations
openloop_spike   [   1% ] 000/225 VUs  00m09.8s/12m0s  02.00 iters/s

running (00m10.8s), 001/225 VUs, 20 complete and 0 interrupted iterations
openloop_spike   [   2% ] 001/225 VUs  00m10.8s/12m0s  02.00 iters/s

running (00m11.8s), 001/225 VUs, 22 complete and 0 interrupted iterations
openloop_spike   [   2% ] 001/225 VUs  00m11.8s/12m0s  02.00 iters/s

running (00m12.8s), 000/225 VUs, 25 complete and 0 interrupted iterations
openloop_spike   [   2% ] 000/225 VUs  00m12.8s/12m0s  02.00 iters/s

running (00m13.8s), 000/225 VUs, 27 complete and 0 interrupted iterations
openloop_spike   [   2% ] 000/225 VUs  00m13.8s/12m0s  02.00 iters/s

running (00m14.8s), 000/225 VUs, 29 complete and 0 interrupted iterations
openloop_spike   [   2% ] 000/225 VUs  00m14.8s/12m0s  02.00 iters/s

running (00m15.8s), 000/225 VUs, 31 complete and 0 interrupted iterations
openloop_spike   [   2% ] 000/225 VUs  00m15.8s/12m0s  02.00 iters/s

running (00m16.8s), 001/225 VUs, 32 complete and 0 interrupted iterations
openloop_spike   [   2% ] 001/225 VUs  00m16.8s/12m0s  02.00 iters/s

running (00m17.8s), 000/225 VUs, 35 complete and 0 interrupted iterations
openloop_spike   [   2% ] 000/225 VUs  00m17.8s/12m0s  02.00 iters/s

running (00m18.8s), 000/225 VUs, 37 complete and 0 interrupted iterations
openloop_spike   [   3% ] 000/225 VUs  00m18.8s/12m0s  02.00 iters/s

running (00m19.8s), 000/225 VUs, 39 complete and 0 interrupted iterations
openloop_spike   [   3% ] 000/225 VUs  00m19.8s/12m0s  02.00 iters/s

running (00m20.8s), 000/225 VUs, 41 complete and 0 interrupted iterations
openloop_spike   [   3% ] 000/225 VUs  00m20.8s/12m0s  02.00 iters/s

running (00m21.8s), 000/225 VUs, 43 complete and 0 interrupted iterations
openloop_spike   [   3% ] 000/225 VUs  00m21.8s/12m0s  02.00 iters/s

running (00m22.8s), 000/225 VUs, 45 complete and 0 interrupted iterations
openloop_spike   [   3% ] 000/225 VUs  00m22.8s/12m0s  02.00 iters/s

running (00m23.8s), 000/225 VUs, 47 complete and 0 interrupted iterations
openloop_spike   [   3% ] 000/225 VUs  00m23.8s/12m0s  02.00 iters/s

running (00m24.8s), 000/225 VUs, 49 complete and 0 interrupted iterations
openloop_spike   [   3% ] 000/225 VUs  00m24.8s/12m0s  02.00 iters/s

running (00m25.8s), 000/225 VUs, 51 complete and 0 interrupted iterations
openloop_spike   [   4% ] 000/225 VUs  00m25.8s/12m0s  02.00 iters/s

running (00m26.8s), 000/225 VUs, 53 complete and 0 interrupted iterations
openloop_spike   [   4% ] 000/225 VUs  00m26.8s/12m0s  02.00 iters/s

running (00m27.8s), 000/225 VUs, 55 complete and 0 interrupted iterations
openloop_spike   [   4% ] 000/225 VUs  00m27.8s/12m0s  02.00 iters/s

running (00m28.8s), 000/225 VUs, 57 complete and 0 interrupted iterations
openloop_spike   [   4% ] 000/225 VUs  00m28.8s/12m0s  02.00 iters/s

running (00m29.8s), 000/225 VUs, 59 complete and 0 interrupted iterations
openloop_spike   [   4% ] 000/225 VUs  00m29.8s/12m0s  02.00 iters/s

running (00m30.8s), 000/225 VUs, 61 complete and 0 interrupted iterations
openloop_spike   [   4% ] 000/225 VUs  00m30.8s/12m0s  02.00 iters/s

running (00m31.8s), 000/225 VUs, 63 complete and 0 interrupted iterations
openloop_spike   [   4% ] 000/225 VUs  00m31.8s/12m0s  02.00 iters/s

running (00m32.8s), 000/225 VUs, 65 complete and 0 interrupted iterations
openloop_spike   [   5% ] 000/225 VUs  00m32.8s/12m0s  02.00 iters/s

running (00m33.8s), 000/225 VUs, 67 complete and 0 interrupted iterations
openloop_spike   [   5% ] 000/225 VUs  00m33.8s/12m0s  02.00 iters/s

running (00m34.8s), 000/225 VUs, 69 complete and 0 interrupted iterations
openloop_spike   [   5% ] 000/225 VUs  00m34.8s/12m0s  02.00 iters/s

running (00m35.8s), 000/225 VUs, 71 complete and 0 interrupted iterations
openloop_spike   [   5% ] 000/225 VUs  00m35.8s/12m0s  02.00 iters/s

running (00m36.8s), 000/225 VUs, 73 complete and 0 interrupted iterations
openloop_spike   [   5% ] 000/225 VUs  00m36.8s/12m0s  02.00 iters/s

running (00m37.8s), 000/225 VUs, 75 complete and 0 interrupted iterations
openloop_spike   [   5% ] 000/225 VUs  00m37.8s/12m0s  02.00 iters/s

running (00m38.8s), 000/225 VUs, 77 complete and 0 interrupted iterations
openloop_spike   [   5% ] 000/225 VUs  00m38.8s/12m0s  02.00 iters/s

running (00m39.8s), 000/225 VUs, 79 complete and 0 interrupted iterations
openloop_spike   [   6% ] 000/225 VUs  00m39.8s/12m0s  02.00 iters/s

running (00m40.8s), 001/225 VUs, 80 complete and 0 interrupted iterations
openloop_spike   [   6% ] 001/225 VUs  00m40.8s/12m0s  02.00 iters/s

running (00m41.8s), 000/225 VUs, 83 complete and 0 interrupted iterations
openloop_spike   [   6% ] 000/225 VUs  00m41.8s/12m0s  02.00 iters/s

running (00m42.8s), 000/225 VUs, 85 complete and 0 interrupted iterations
openloop_spike   [   6% ] 000/225 VUs  00m42.8s/12m0s  02.00 iters/s

running (00m43.8s), 000/225 VUs, 87 complete and 0 interrupted iterations
openloop_spike   [   6% ] 000/225 VUs  00m43.8s/12m0s  02.00 iters/s

running (00m44.8s), 000/225 VUs, 89 complete and 0 interrupted iterations
openloop_spike   [   6% ] 000/225 VUs  00m44.8s/12m0s  02.00 iters/s

running (00m45.8s), 000/225 VUs, 91 complete and 0 interrupted iterations
openloop_spike   [   6% ] 000/225 VUs  00m45.8s/12m0s  02.00 iters/s

running (00m46.8s), 001/225 VUs, 92 complete and 0 interrupted iterations
openloop_spike   [   7% ] 001/225 VUs  00m46.8s/12m0s  02.00 iters/s

running (00m47.8s), 000/225 VUs, 95 complete and 0 interrupted iterations
openloop_spike   [   7% ] 000/225 VUs  00m47.8s/12m0s  02.00 iters/s

running (00m48.8s), 000/225 VUs, 97 complete and 0 interrupted iterations
openloop_spike   [   7% ] 000/225 VUs  00m48.8s/12m0s  02.00 iters/s

running (00m49.8s), 000/225 VUs, 99 complete and 0 interrupted iterations
openloop_spike   [   7% ] 000/225 VUs  00m49.8s/12m0s  02.00 iters/s

running (00m50.8s), 000/225 VUs, 101 complete and 0 interrupted iterations
openloop_spike   [   7% ] 000/225 VUs  00m50.8s/12m0s  02.00 iters/s

running (00m51.8s), 000/225 VUs, 103 complete and 0 interrupted iterations
openloop_spike   [   7% ] 000/225 VUs  00m51.8s/12m0s  02.00 iters/s

running (00m52.8s), 001/225 VUs, 104 complete and 0 interrupted iterations
openloop_spike   [   7% ] 001/225 VUs  00m52.8s/12m0s  02.00 iters/s

running (00m53.8s), 000/225 VUs, 107 complete and 0 interrupted iterations
openloop_spike   [   7% ] 000/225 VUs  00m53.8s/12m0s  02.00 iters/s

running (00m54.8s), 000/225 VUs, 109 complete and 0 interrupted iterations
openloop_spike   [   8% ] 000/225 VUs  00m54.8s/12m0s  02.00 iters/s

running (00m55.8s), 000/225 VUs, 111 complete and 0 interrupted iterations
openloop_spike   [   8% ] 000/225 VUs  00m55.8s/12m0s  02.00 iters/s

running (00m56.8s), 000/225 VUs, 113 complete and 0 interrupted iterations
openloop_spike   [   8% ] 000/225 VUs  00m56.8s/12m0s  02.00 iters/s

running (00m57.8s), 000/225 VUs, 115 complete and 0 interrupted iterations
openloop_spike   [   8% ] 000/225 VUs  00m57.8s/12m0s  02.00 iters/s

running (00m58.8s), 000/225 VUs, 117 complete and 0 interrupted iterations
openloop_spike   [   8% ] 000/225 VUs  00m58.8s/12m0s  02.00 iters/s

running (00m59.8s), 000/225 VUs, 119 complete and 0 interrupted iterations
openloop_spike   [   8% ] 000/225 VUs  00m59.8s/12m0s  02.00 iters/s

running (01m00.8s), 000/225 VUs, 121 complete and 0 interrupted iterations
openloop_spike   [   8% ] 000/225 VUs  01m00.8s/12m0s  02.00 iters/s

running (01m01.8s), 000/225 VUs, 123 complete and 0 interrupted iterations
openloop_spike   [   9% ] 000/225 VUs  01m01.8s/12m0s  02.00 iters/s

running (01m02.8s), 000/225 VUs, 125 complete and 0 interrupted iterations
openloop_spike   [   9% ] 000/225 VUs  01m02.8s/12m0s  02.00 iters/s

running (01m03.8s), 000/225 VUs, 127 complete and 0 interrupted iterations
openloop_spike   [   9% ] 000/225 VUs  01m03.8s/12m0s  02.00 iters/s

running (01m04.8s), 001/225 VUs, 128 complete and 0 interrupted iterations
openloop_spike   [   9% ] 001/225 VUs  01m04.8s/12m0s  02.00 iters/s

running (01m05.8s), 000/225 VUs, 131 complete and 0 interrupted iterations
openloop_spike   [   9% ] 000/225 VUs  01m05.8s/12m0s  02.00 iters/s

running (01m06.8s), 000/225 VUs, 133 complete and 0 interrupted iterations
openloop_spike   [   9% ] 000/225 VUs  01m06.8s/12m0s  02.00 iters/s

running (01m07.8s), 000/225 VUs, 135 complete and 0 interrupted iterations
openloop_spike   [   9% ] 000/225 VUs  01m07.8s/12m0s  02.00 iters/s

running (01m08.8s), 001/225 VUs, 136 complete and 0 interrupted iterations
openloop_spike   [  10% ] 001/225 VUs  01m08.8s/12m0s  02.00 iters/s

running (01m09.8s), 000/225 VUs, 139 complete and 0 interrupted iterations
openloop_spike   [  10% ] 000/225 VUs  01m09.8s/12m0s  02.00 iters/s

running (01m10.8s), 000/225 VUs, 141 complete and 0 interrupted iterations
openloop_spike   [  10% ] 000/225 VUs  01m10.8s/12m0s  02.00 iters/s

running (01m11.8s), 000/225 VUs, 143 complete and 0 interrupted iterations
openloop_spike   [  10% ] 000/225 VUs  01m11.8s/12m0s  02.00 iters/s

running (01m12.8s), 000/225 VUs, 145 complete and 0 interrupted iterations
openloop_spike   [  10% ] 000/225 VUs  01m12.8s/12m0s  02.00 iters/s

running (01m13.8s), 001/225 VUs, 146 complete and 0 interrupted iterations
openloop_spike   [  10% ] 001/225 VUs  01m13.8s/12m0s  02.00 iters/s

running (01m14.8s), 000/225 VUs, 149 complete and 0 interrupted iterations
openloop_spike   [  10% ] 000/225 VUs  01m14.8s/12m0s  02.00 iters/s

running (01m15.8s), 000/225 VUs, 151 complete and 0 interrupted iterations
openloop_spike   [  11% ] 000/225 VUs  01m15.8s/12m0s  02.00 iters/s

running (01m16.8s), 000/225 VUs, 153 complete and 0 interrupted iterations
openloop_spike   [  11% ] 000/225 VUs  01m16.8s/12m0s  02.00 iters/s

running (01m17.8s), 000/225 VUs, 155 complete and 0 interrupted iterations
openloop_spike   [  11% ] 000/225 VUs  01m17.8s/12m0s  02.00 iters/s

running (01m18.8s), 000/225 VUs, 157 complete and 0 interrupted iterations
openloop_spike   [  11% ] 000/225 VUs  01m18.8s/12m0s  02.00 iters/s

running (01m19.8s), 000/225 VUs, 159 complete and 0 interrupted iterations
openloop_spike   [  11% ] 000/225 VUs  01m19.8s/12m0s  02.00 iters/s

running (01m20.8s), 000/225 VUs, 161 complete and 0 interrupted iterations
openloop_spike   [  11% ] 000/225 VUs  01m20.8s/12m0s  02.00 iters/s

running (01m21.8s), 001/225 VUs, 162 complete and 0 interrupted iterations
openloop_spike   [  11% ] 001/225 VUs  01m21.8s/12m0s  02.00 iters/s

running (01m22.8s), 000/225 VUs, 165 complete and 0 interrupted iterations
openloop_spike   [  12% ] 000/225 VUs  01m22.8s/12m0s  02.00 iters/s

running (01m23.8s), 000/225 VUs, 167 complete and 0 interrupted iterations
openloop_spike   [  12% ] 000/225 VUs  01m23.8s/12m0s  02.00 iters/s

running (01m24.8s), 000/225 VUs, 169 complete and 0 interrupted iterations
openloop_spike   [  12% ] 000/225 VUs  01m24.8s/12m0s  02.00 iters/s

running (01m25.8s), 000/225 VUs, 171 complete and 0 interrupted iterations
openloop_spike   [  12% ] 000/225 VUs  01m25.8s/12m0s  02.00 iters/s

running (01m26.8s), 001/225 VUs, 172 complete and 0 interrupted iterations
openloop_spike   [  12% ] 001/225 VUs  01m26.8s/12m0s  02.00 iters/s

running (01m27.8s), 000/225 VUs, 175 complete and 0 interrupted iterations
openloop_spike   [  12% ] 000/225 VUs  01m27.8s/12m0s  02.00 iters/s

running (01m28.8s), 000/225 VUs, 177 complete and 0 interrupted iterations
openloop_spike   [  12% ] 000/225 VUs  01m28.8s/12m0s  02.00 iters/s

running (01m29.8s), 000/225 VUs, 179 complete and 0 interrupted iterations
openloop_spike   [  12% ] 000/225 VUs  01m29.8s/12m0s  02.00 iters/s

running (01m30.8s), 000/225 VUs, 181 complete and 0 interrupted iterations
openloop_spike   [  13% ] 000/225 VUs  01m30.8s/12m0s  02.00 iters/s

running (01m31.8s), 000/225 VUs, 183 complete and 0 interrupted iterations
openloop_spike   [  13% ] 000/225 VUs  01m31.8s/12m0s  02.00 iters/s

running (01m32.8s), 000/225 VUs, 185 complete and 0 interrupted iterations
openloop_spike   [  13% ] 000/225 VUs  01m32.8s/12m0s  02.00 iters/s

running (01m33.8s), 000/225 VUs, 187 complete and 0 interrupted iterations
openloop_spike   [  13% ] 000/225 VUs  01m33.8s/12m0s  02.00 iters/s

running (01m34.8s), 000/225 VUs, 189 complete and 0 interrupted iterations
openloop_spike   [  13% ] 000/225 VUs  01m34.8s/12m0s  02.00 iters/s

running (01m35.8s), 000/225 VUs, 191 complete and 0 interrupted iterations
openloop_spike   [  13% ] 000/225 VUs  01m35.8s/12m0s  02.00 iters/s

running (01m36.8s), 000/225 VUs, 193 complete and 0 interrupted iterations
openloop_spike   [  13% ] 000/225 VUs  01m36.8s/12m0s  02.00 iters/s

running (01m37.8s), 001/225 VUs, 194 complete and 0 interrupted iterations
openloop_spike   [  14% ] 001/225 VUs  01m37.8s/12m0s  02.00 iters/s

running (01m38.8s), 000/225 VUs, 197 complete and 0 interrupted iterations
openloop_spike   [  14% ] 000/225 VUs  01m38.8s/12m0s  02.00 iters/s

running (01m39.8s), 001/225 VUs, 198 complete and 0 interrupted iterations
openloop_spike   [  14% ] 001/225 VUs  01m39.8s/12m0s  02.00 iters/s

running (01m40.8s), 000/225 VUs, 201 complete and 0 interrupted iterations
openloop_spike   [  14% ] 000/225 VUs  01m40.8s/12m0s  02.00 iters/s

running (01m41.8s), 000/225 VUs, 203 complete and 0 interrupted iterations
openloop_spike   [  14% ] 000/225 VUs  01m41.8s/12m0s  02.00 iters/s

running (01m42.8s), 001/225 VUs, 204 complete and 0 interrupted iterations
openloop_spike   [  14% ] 001/225 VUs  01m42.8s/12m0s  02.00 iters/s

running (01m43.8s), 001/225 VUs, 206 complete and 0 interrupted iterations
openloop_spike   [  14% ] 001/225 VUs  01m43.8s/12m0s  02.00 iters/s

running (01m44.8s), 000/225 VUs, 209 complete and 0 interrupted iterations
openloop_spike   [  15% ] 000/225 VUs  01m44.8s/12m0s  02.00 iters/s

running (01m45.8s), 000/225 VUs, 211 complete and 0 interrupted iterations
openloop_spike   [  15% ] 000/225 VUs  01m45.8s/12m0s  02.00 iters/s

running (01m46.8s), 001/225 VUs, 212 complete and 0 interrupted iterations
openloop_spike   [  15% ] 001/225 VUs  01m46.8s/12m0s  02.00 iters/s

running (01m47.8s), 000/225 VUs, 215 complete and 0 interrupted iterations
openloop_spike   [  15% ] 000/225 VUs  01m47.8s/12m0s  02.00 iters/s

running (01m48.8s), 000/225 VUs, 217 complete and 0 interrupted iterations
openloop_spike   [  15% ] 000/225 VUs  01m48.8s/12m0s  02.00 iters/s

running (01m49.8s), 000/225 VUs, 219 complete and 0 interrupted iterations
openloop_spike   [  15% ] 000/225 VUs  01m49.8s/12m0s  02.00 iters/s

running (01m50.8s), 000/225 VUs, 221 complete and 0 interrupted iterations
openloop_spike   [  15% ] 000/225 VUs  01m50.8s/12m0s  02.00 iters/s

running (01m51.8s), 000/225 VUs, 223 complete and 0 interrupted iterations
openloop_spike   [  16% ] 000/225 VUs  01m51.8s/12m0s  02.00 iters/s

running (01m52.8s), 000/225 VUs, 225 complete and 0 interrupted iterations
openloop_spike   [  16% ] 000/225 VUs  01m52.8s/12m0s  02.00 iters/s

running (01m53.8s), 000/225 VUs, 227 complete and 0 interrupted iterations
openloop_spike   [  16% ] 000/225 VUs  01m53.8s/12m0s  02.00 iters/s

running (01m54.8s), 000/225 VUs, 229 complete and 0 interrupted iterations
openloop_spike   [  16% ] 000/225 VUs  01m54.8s/12m0s  02.00 iters/s

running (01m55.8s), 000/225 VUs, 231 complete and 0 interrupted iterations
openloop_spike   [  16% ] 000/225 VUs  01m55.8s/12m0s  02.00 iters/s

running (01m56.8s), 000/225 VUs, 233 complete and 0 interrupted iterations
openloop_spike   [  16% ] 000/225 VUs  01m56.8s/12m0s  02.00 iters/s

running (01m57.8s), 000/225 VUs, 235 complete and 0 interrupted iterations
openloop_spike   [  16% ] 000/225 VUs  01m57.8s/12m0s  02.00 iters/s

running (01m58.8s), 000/225 VUs, 237 complete and 0 interrupted iterations
openloop_spike   [  17% ] 000/225 VUs  01m58.8s/12m0s  02.00 iters/s

running (01m59.8s), 000/225 VUs, 239 complete and 0 interrupted iterations
openloop_spike   [  17% ] 000/225 VUs  01m59.8s/12m0s  02.00 iters/s

running (02m00.8s), 000/225 VUs, 242 complete and 0 interrupted iterations
openloop_spike   [  17% ] 000/225 VUs  02m00.8s/12m0s  04.23 iters/s

running (02m01.8s), 001/225 VUs, 247 complete and 0 interrupted iterations
openloop_spike   [  17% ] 001/225 VUs  02m01.8s/12m0s  07.18 iters/s

running (02m02.8s), 003/225 VUs, 253 complete and 0 interrupted iterations
openloop_spike   [  17% ] 003/225 VUs  02m02.8s/12m0s  09.82 iters/s

running (02m03.8s), 005/225 VUs, 263 complete and 0 interrupted iterations
openloop_spike   [  17% ] 005/225 VUs  02m03.8s/12m0s  12.79 iters/s

running (02m04.8s), 007/225 VUs, 275 complete and 0 interrupted iterations
openloop_spike   [  17% ] 007/225 VUs  02m04.8s/12m0s  15.56 iters/s

running (02m05.8s), 011/225 VUs, 287 complete and 0 interrupted iterations
openloop_spike   [  17% ] 011/225 VUs  02m05.8s/12m0s  18.21 iters/s

running (02m06.8s), 024/225 VUs, 294 complete and 0 interrupted iterations
openloop_spike   [  18% ] 024/225 VUs  02m06.8s/12m0s  21.06 iters/s

running (02m07.8s), 018/225 VUs, 323 complete and 0 interrupted iterations
openloop_spike   [  18% ] 018/225 VUs  02m07.8s/12m0s  23.92 iters/s

running (02m08.8s), 014/225 VUs, 352 complete and 0 interrupted iterations
openloop_spike   [  18% ] 014/225 VUs  02m08.8s/12m0s  26.69 iters/s

running (02m09.8s), 033/225 VUs, 361 complete and 0 interrupted iterations
openloop_spike   [  18% ] 033/225 VUs  02m09.8s/12m0s  29.48 iters/s
time="2026-10-06T13:05:51Z" level=warning msg="Request Failed" error="Post \"http://auth-service.ecommerce.svc.cluster.local:8001/auth/login\": request timeout"

running (02m10.8s), 040/225 VUs, 384 complete and 0 interrupted iterations
openloop_spike   [  18% ] 040/225 VUs  02m10.8s/12m0s  30.00 iters/s
time="2026-10-06T13:05:52Z" level=warning msg="Request Failed" error="Post \"http://auth-service.ecommerce.svc.cluster.local:8001/auth/login\": request timeout"
time="2026-10-06T13:05:52Z" level=warning msg="Request Failed" error="Post \"http://auth-service.ecommerce.svc.cluster.local:8001/auth/login\": request timeout"

running (02m11.8s), 045/225 VUs, 409 complete and 0 interrupted iterations
openloop_spike   [  18% ] 045/225 VUs  02m11.8s/12m0s  30.00 iters/s

running (02m12.8s), 052/225 VUs, 432 complete and 0 interrupted iterations
openloop_spike   [  18% ] 052/225 VUs  02m12.8s/12m0s  30.00 iters/s

running (02m13.8s), 037/225 VUs, 477 complete and 0 interrupted iterations
openloop_spike   [  19% ] 037/225 VUs  02m13.8s/12m0s  30.00 iters/s

running (02m14.8s), 038/225 VUs, 506 complete and 0 interrupted iterations
openloop_spike   [  19% ] 038/225 VUs  02m14.8s/12m0s  30.00 iters/s
time="2026-10-06T13:05:56Z" level=warning msg="Request Failed" error="Post \"http://auth-service.ecommerce.svc.cluster.local:8001/auth/login\": request timeout"

running (02m15.8s), 033/225 VUs, 541 complete and 0 interrupted iterations
openloop_spike   [  19% ] 033/225 VUs  02m15.8s/12m0s  30.00 iters/s

running (02m16.8s), 033/225 VUs, 571 complete and 0 interrupted iterations
openloop_spike   [  19% ] 033/225 VUs  02m16.8s/12m0s  30.00 iters/s
time="2026-10-06T13:05:58Z" level=warning msg="Request Failed" error="Post \"http://auth-service.ecommerce.svc.cluster.local:8001/auth/login\": request timeout"

running (02m17.8s), 032/225 VUs, 602 complete and 0 interrupted iterations
openloop_spike   [  19% ] 032/225 VUs  02m17.8s/12m0s  30.00 iters/s
time="2026-10-06T13:05:59Z" level=warning msg="Request Failed" error="Post \"http://auth-service.ecommerce.svc.cluster.local:8001/auth/login\": request timeout"
time="2026-10-06T13:05:59Z" level=warning msg="Request Failed" error="Post \"http://auth-service.ecommerce.svc.cluster.local:8001/auth/login\": request timeout"
time="2026-10-06T13:05:59Z" level=warning msg="Request Failed" error="Post \"http://auth-service.ecommerce.svc.cluster.local:8001/auth/login\": request timeout"

running (02m18.8s), 028/225 VUs, 636 complete and 0 interrupted iterations
openloop_spike   [  19% ] 028/225 VUs  02m18.8s/12m0s  30.00 iters/s
time="2026-10-06T13:06:00Z" level=warning msg="Request Failed" error="Post \"http://auth-service.ecommerce.svc.cluster.local:8001/auth/login\": request timeout"

running (02m19.8s), 020/225 VUs, 674 complete and 0 interrupted iterations
openloop_spike   [  19% ] 020/225 VUs  02m19.8s/12m0s  30.00 iters/s
time="2026-10-06T13:06:01Z" level=warning msg="Request Failed" error="Post \"http://auth-service.ecommerce.svc.cluster.local:8001/auth/login\": request timeout"

running (02m20.8s), 018/225 VUs, 706 complete and 0 interrupted iterations
openloop_spike   [  20% ] 018/225 VUs  02m20.8s/12m0s  30.00 iters/s
time="2026-10-06T13:06:02Z" level=warning msg="Request Failed" error="Post \"http://auth-service.ecommerce.svc.cluster.local:8001/auth/login\": request timeout"
time="2026-10-06T13:06:02Z" level=warning msg="Request Failed" error="Post \"http://auth-service.ecommerce.svc.cluster.local:8001/auth/login\": request timeout"

running (02m21.8s), 029/225 VUs, 725 complete and 0 interrupted iterations
openloop_spike   [  20% ] 029/225 VUs  02m21.8s/12m0s  30.00 iters/s
time="2026-10-06T13:06:03Z" level=warning msg="Request Failed" error="Post \"http://auth-service.ecommerce.svc.cluster.local:8001/auth/login\": request timeout"
time="2026-10-06T13:06:03Z" level=warning msg="Request Failed" error="Post \"http://auth-service.ecommerce.svc.cluster.local:8001/auth/login\": request timeout"

running (02m22.8s), 043/225 VUs, 741 complete and 0 interrupted iterations
openloop_spike   [  20% ] 043/225 VUs  02m22.8s/12m0s  30.00 iters/s
time="2026-10-06T13:06:04Z" level=warning msg="Request Failed" error="Post \"http://auth-service.ecommerce.svc.cluster.local:8001/auth/login\": request timeout"

running (02m23.8s), 030/225 VUs, 784 complete and 0 interrupted iterations
openloop_spike   [  20% ] 030/225 VUs  02m23.8s/12m0s  30.00 iters/s
time="2026-10-06T13:06:04Z" level=warning msg="Request Failed" error="Post \"http://auth-service.ecommerce.svc.cluster.local:8001/auth/login\": request timeout"
time="2026-10-06T13:06:05Z" level=warning msg="Request Failed" error="Post \"http://auth-service.ecommerce.svc.cluster.local:8001/auth/login\": request timeout"
time="2026-10-06T13:06:05Z" level=warning msg="Request Failed" error="Post \"http://auth-service.ecommerce.svc.cluster.local:8001/auth/login\": request timeout"

running (02m24.8s), 029/225 VUs, 815 complete and 0 interrupted iterations
openloop_spike   [  20% ] 029/225 VUs  02m24.8s/12m0s  30.00 iters/s
time="2026-10-06T13:06:06Z" level=warning msg="Request Failed" error="Post \"http://auth-service.ecommerce.svc.cluster.local:8001/auth/login\": request timeout"

running (02m25.8s), 021/225 VUs, 853 complete and 0 interrupted iterations
openloop_spike   [  20% ] 021/225 VUs  02m25.8s/12m0s  30.00 iters/s

running (02m26.8s), 028/225 VUs, 876 complete and 0 interrupted iterations
openloop_spike   [  20% ] 028/225 VUs  02m26.8s/12m0s  30.00 iters/s
time="2026-10-06T13:06:08Z" level=warning msg="Request Failed" error="Post \"http://auth-service.ecommerce.svc.cluster.local:8001/auth/login\": request timeout"

running (02m27.8s), 017/225 VUs, 917 complete and 0 interrupted iterations
openloop_spike   [  21% ] 017/225 VUs  02m27.8s/12m0s  30.00 iters/s
time="2026-10-06T13:06:09Z" level=warning msg="Request Failed" error="Post \"http://auth-service.ecommerce.svc.cluster.local:8001/auth/login\": request timeout"
time="2026-10-06T13:06:09Z" level=warning msg="Request Failed" error="Post \"http://auth-service.ecommerce.svc.cluster.local:8001/auth/login\": request timeout"

running (02m28.8s), 019/225 VUs, 945 complete and 0 interrupted iterations
openloop_spike   [  21% ] 019/225 VUs  02m28.8s/12m0s  30.00 iters/s
time="2026-10-06T13:06:10Z" level=warning msg="Request Failed" error="Post \"http://auth-service.ecommerce.svc.cluster.local:8001/auth/login\": request timeout"
time="2026-10-06T13:06:10Z" level=warning msg="Request Failed" error="Post \"http://auth-service.ecommerce.svc.cluster.local:8001/auth/login\": request timeout"

running (02m29.8s), 021/225 VUs, 973 complete and 0 interrupted iterations
openloop_spike   [  21% ] 021/225 VUs  02m29.8s/12m0s  30.00 iters/s
time="2026-10-06T13:06:11Z" level=warning msg="Request Failed" error="Post \"http://auth-service.ecommerce.svc.cluster.local:8001/auth/login\": request timeout"
time="2026-10-06T13:06:11Z" level=warning msg="Request Failed" error="Post \"http://auth-service.ecommerce.svc.cluster.local:8001/auth/login\": request timeout"

running (02m30.8s), 020/225 VUs, 1004 complete and 0 interrupted iterations
openloop_spike   [  21% ] 020/225 VUs  02m30.8s/12m0s  30.00 iters/s
time="2026-10-06T13:06:12Z" level=warning msg="Request Failed" error="Post \"http://auth-service.ecommerce.svc.cluster.local:8001/auth/login\": request timeout"
time="2026-10-06T13:06:12Z" level=warning msg="Request Failed" error="Post \"http://auth-service.ecommerce.svc.cluster.local:8001/auth/login\": request timeout"
time="2026-10-06T13:06:12Z" level=warning msg="Request Failed" error="Post \"http://auth-service.ecommerce.svc.cluster.local:8001/auth/login\": request timeout"
time="2026-10-06T13:06:12Z" level=warning msg="Request Failed" error="Post \"http://auth-service.ecommerce.svc.cluster.local:8001/auth/login\": request timeout"

running (02m31.8s), 019/225 VUs, 1035 complete and 0 interrupted iterations
openloop_spike   [  21% ] 019/225 VUs  02m31.8s/12m0s  30.00 iters/s
time="2026-10-06T13:06:13Z" level=warning msg="Request Failed" error="Post \"http://auth-service.ecommerce.svc.cluster.local:8001/auth/login\": request timeout"

running (02m32.8s), 015/225 VUs, 1069 complete and 0 interrupted iterations
openloop_spike   [  21% ] 015/225 VUs  02m32.8s/12m0s  30.00 iters/s
time="2026-10-06T13:06:14Z" level=warning msg="Request Failed" error="Post \"http://auth-service.ecommerce.svc.cluster.local:8001/auth/login\": request timeout"

running (02m33.8s), 021/225 VUs, 1093 complete and 0 interrupted iterations
openloop_spike   [  21% ] 021/225 VUs  02m33.8s/12m0s  30.00 iters/s
time="2026-10-06T13:06:15Z" level=warning msg="Request Failed" error="Post \"http://auth-service.ecommerce.svc.cluster.local:8001/auth/login\": request timeout"

running (02m34.8s), 026/225 VUs, 1118 complete and 0 interrupted iterations
openloop_spike   [  22% ] 026/225 VUs  02m34.8s/12m0s  30.00 iters/s
time="2026-10-06T13:06:16Z" level=warning msg="Request Failed" error="Post \"http://auth-service.ecommerce.svc.cluster.local:8001/auth/login\": request timeout"

running (02m35.8s), 038/225 VUs, 1136 complete and 0 interrupted iterations
openloop_spike   [  22% ] 038/225 VUs  02m35.8s/12m0s  30.00 iters/s
time="2026-10-06T13:06:17Z" level=warning msg="Request Failed" error="Post \"http://auth-service.ecommerce.svc.cluster.local:8001/auth/login\": request timeout"
time="2026-10-06T13:06:17Z" level=warning msg="Request Failed" error="Post \"http://auth-service.ecommerce.svc.cluster.local:8001/auth/login\": request timeout"
time="2026-10-06T13:06:17Z" level=warning msg="Request Failed" error="Post \"http://auth-service.ecommerce.svc.cluster.local:8001/auth/login\": request timeout"

running (02m36.8s), 049/225 VUs, 1155 complete and 0 interrupted iterations
openloop_spike   [  22% ] 049/225 VUs  02m36.8s/12m0s  30.00 iters/s
time="2026-10-06T13:06:18Z" level=warning msg="Request Failed" error="Post \"http://auth-service.ecommerce.svc.cluster.local:8001/auth/login\": request timeout"

running (02m37.8s), 054/225 VUs, 1180 complete and 0 interrupted iterations
openloop_spike   [  22% ] 054/225 VUs  02m37.8s/12m0s  30.00 iters/s
time="2026-10-06T13:06:19Z" level=warning msg="Request Failed" error="Post \"http://auth-service.ecommerce.svc.cluster.local:8001/auth/login\": request timeout"

running (02m38.8s), 057/225 VUs, 1207 complete and 0 interrupted iterations
openloop_spike   [  22% ] 057/225 VUs  02m38.8s/12m0s  30.00 iters/s

running (02m39.8s), 073/225 VUs, 1221 complete and 0 interrupted iterations
openloop_spike   [  22% ] 073/225 VUs  02m39.8s/12m0s  30.00 iters/s
time="2026-10-06T13:06:21Z" level=warning msg="Request Failed" error="Post \"http://auth-service.ecommerce.svc.cluster.local:8001/auth/login\": request timeout"
time="2026-10-06T13:06:21Z" level=warning msg="Request Failed" error="Post \"http://auth-service.ecommerce.svc.cluster.local:8001/auth/login\": request timeout"

running (02m40.8s), 074/225 VUs, 1250 complete and 0 interrupted iterations
openloop_spike   [  22% ] 074/225 VUs  02m40.8s/12m0s  30.00 iters/s
time="2026-10-06T13:06:22Z" level=warning msg="Request Failed" error="Post \"http://auth-service.ecommerce.svc.cluster.local:8001/auth/login\": request timeout"
time="2026-10-06T13:06:22Z" level=warning msg="Request Failed" error="Post \"http://auth-service.ecommerce.svc.cluster.local:8001/auth/login\": request timeout"

running (02m41.8s), 056/225 VUs, 1298 complete and 0 interrupted iterations
openloop_spike   [  22% ] 056/225 VUs  02m41.8s/12m0s  30.00 iters/s
time="2026-10-06T13:06:23Z" level=warning msg="Request Failed" error="Post \"http://auth-service.ecommerce.svc.cluster.local:8001/auth/login\": request timeout"
time="2026-10-06T13:06:23Z" level=warning msg="Request Failed" error="Post \"http://auth-service.ecommerce.svc.cluster.local:8001/auth/login\": request timeout"
time="2026-10-06T13:06:23Z" level=warning msg="Request Failed" error="Post \"http://auth-service.ecommerce.svc.cluster.local:8001/auth/login\": request timeout"

running (02m42.8s), 019/225 VUs, 1365 complete and 0 interrupted iterations
openloop_spike   [  23% ] 019/225 VUs  02m42.8s/12m0s  30.00 iters/s
time="2026-10-06T13:06:24Z" level=warning msg="Request Failed" error="Post \"http://auth-service.ecommerce.svc.cluster.local:8001/auth/login\": request timeout"
time="2026-10-06T13:06:24Z" level=warning msg="Request Failed" error="Post \"http://auth-service.ecommerce.svc.cluster.local:8001/auth/login\": request timeout"
time="2026-10-06T13:06:24Z" level=warning msg="Request Failed" error="Post \"http://auth-service.ecommerce.svc.cluster.local:8001/auth/login\": request timeout"

running (02m43.8s), 019/225 VUs, 1395 complete and 0 interrupted iterations
openloop_spike   [  23% ] 019/225 VUs  02m43.8s/12m0s  30.00 iters/s
time="2026-10-06T13:06:25Z" level=warning msg="Request Failed" error="Post \"http://auth-service.ecommerce.svc.cluster.local:8001/auth/login\": request timeout"
time="2026-10-06T13:06:25Z" level=warning msg="Request Failed" error="Post \"http://auth-service.ecommerce.svc.cluster.local:8001/auth/login\": request timeout"

running (02m44.8s), 017/225 VUs, 1427 complete and 0 interrupted iterations
openloop_spike   [  23% ] 017/225 VUs  02m44.8s/12m0s  30.00 iters/s
time="2026-10-06T13:06:26Z" level=warning msg="Request Failed" error="Post \"http://auth-service.ecommerce.svc.cluster.local:8001/auth/login\": request timeout"
time="2026-10-06T13:06:26Z" level=warning msg="Request Failed" error="Post \"http://auth-service.ecommerce.svc.cluster.local:8001/auth/login\": request timeout"
time="2026-10-06T13:06:26Z" level=warning msg="Request Failed" error="Post \"http://auth-service.ecommerce.svc.cluster.local:8001/auth/login\": request timeout"

running (02m45.8s), 015/225 VUs, 1459 complete and 0 interrupted iterations
openloop_spike   [  23% ] 015/225 VUs  02m45.8s/12m0s  30.00 iters/s
time="2026-10-06T13:06:27Z" level=warning msg="Request Failed" error="Post \"http://auth-service.ecommerce.svc.cluster.local:8001/auth/login\": request timeout"

running (02m46.8s), 034/225 VUs, 1470 complete and 0 interrupted iterations
openloop_spike   [  23% ] 034/225 VUs  02m46.8s/12m0s  30.00 iters/s
time="2026-10-06T13:06:28Z" level=warning msg="Request Failed" error="Post \"http://auth-service.ecommerce.svc.cluster.local:8001/auth/login\": request timeout"

running (02m47.8s), 063/225 VUs, 1471 complete and 0 interrupted iterations
openloop_spike   [  23% ] 063/225 VUs  02m47.8s/12m0s  30.00 iters/s
time="2026-10-06T13:06:29Z" level=warning msg="Request Failed" error="Post \"http://auth-service.ecommerce.svc.cluster.local:8001/auth/login\": request timeout"
time="2026-10-06T13:06:29Z" level=warning msg="Request Failed" error="Post \"http://auth-service.ecommerce.svc.cluster.local:8001/auth/login\": request timeout"
time="2026-10-06T13:06:29Z" level=warning msg="Request Failed" error="Post \"http://auth-service.ecommerce.svc.cluster.local:8001/auth/login\": request timeout"

running (02m48.8s), 072/225 VUs, 1492 complete and 0 interrupted iterations
openloop_spike   [  23% ] 072/225 VUs  02m48.8s/12m0s  30.00 iters/s
time="2026-10-06T13:06:30Z" level=warning msg="Request Failed" error="Post \"http://auth-service.ecommerce.svc.cluster.local:8001/auth/login\": request timeout"
time="2026-10-06T13:06:30Z" level=warning msg="Request Failed" error="Post \"http://auth-service.ecommerce.svc.cluster.local:8001/auth/login\": request timeout"
time="2026-10-06T13:06:30Z" level=warning msg="Request Failed" error="Post \"http://auth-service.ecommerce.svc.cluster.local:8001/auth/login\": request timeout"
time="2026-10-06T13:06:30Z" level=warning msg="Request Failed" error="Post \"http://auth-service.ecommerce.svc.cluster.local:8001/auth/login\": request timeout"

running (02m49.8s), 096/225 VUs, 1498 complete and 0 interrupted iterations
openloop_spike   [  24% ] 096/225 VUs  02m49.8s/12m0s  30.00 iters/s
time="2026-10-06T13:06:31Z" level=warning msg="Request Failed" error="Post \"http://auth-service.ecommerce.svc.cluster.local:8001/auth/login\": request timeout"
time="2026-10-06T13:06:31Z" level=warning msg="Request Failed" error="Post \"http://auth-service.ecommerce.svc.cluster.local:8001/auth/login\": request timeout"

running (02m50.8s), 116/225 VUs, 1508 complete and 0 interrupted iterations
openloop_spike   [  24% ] 116/225 VUs  02m50.8s/12m0s  30.00 iters/s
time="2026-10-06T13:06:32Z" level=warning msg="Request Failed" error="Post \"http://auth-service.ecommerce.svc.cluster.local:8001/auth/login\": request timeout"
time="2026-10-06T13:06:32Z" level=warning msg="Request Failed" error="Post \"http://auth-service.ecommerce.svc.cluster.local:8001/auth/login\": request timeout"

running (02m51.8s), 070/225 VUs, 1584 complete and 0 interrupted iterations
openloop_spike   [  24% ] 070/225 VUs  02m51.8s/12m0s  30.00 iters/s
time="2026-10-06T13:06:33Z" level=warning msg="Request Failed" error="Post \"http://auth-service.ecommerce.svc.cluster.local:8001/auth/login\": request timeout"

running (02m52.8s), 052/225 VUs, 1632 complete and 0 interrupted iterations
openloop_spike   [  24% ] 052/225 VUs  02m52.8s/12m0s  30.00 iters/s
time="2026-10-06T13:06:34Z" level=warning msg="Request Failed" error="Post \"http://auth-service.ecommerce.svc.cluster.local:8001/auth/login\": request timeout"

running (02m53.8s), 037/225 VUs, 1677 complete and 0 interrupted iterations
openloop_spike   [  24% ] 037/225 VUs  02m53.8s/12m0s  30.00 iters/s
time="2026-10-06T13:06:35Z" level=warning msg="Request Failed" error="Post \"http://auth-service.ecommerce.svc.cluster.local:8001/auth/login\": request timeout"

running (02m54.8s), 014/225 VUs, 1730 complete and 0 interrupted iterations
openloop_spike   [  24% ] 014/225 VUs  02m54.8s/12m0s  30.00 iters/s
time="2026-10-06T13:06:36Z" level=warning msg="Request Failed" error="Post \"http://auth-service.ecommerce.svc.cluster.local:8001/auth/login\": request timeout"

running (02m55.8s), 017/225 VUs, 1757 complete and 0 interrupted iterations
openloop_spike   [  24% ] 017/225 VUs  02m55.8s/12m0s  30.00 iters/s
time="2026-10-06T13:06:37Z" level=warning msg="Request Failed" error="Post \"http://auth-service.ecommerce.svc.cluster.local:8001/auth/login\": request timeout"
time="2026-10-06T13:06:37Z" level=warning msg="Request Failed" error="Post \"http://auth-service.ecommerce.svc.cluster.local:8001/auth/login\": request timeout"

running (02m56.8s), 017/225 VUs, 1787 complete and 0 interrupted iterations
openloop_spike   [  25% ] 017/225 VUs  02m56.8s/12m0s  30.00 iters/s

running (02m57.8s), 025/225 VUs, 1809 complete and 0 interrupted iterations
openloop_spike   [  25% ] 025/225 VUs  02m57.8s/12m0s  30.00 iters/s

running (02m58.8s), 031/225 VUs, 1833 complete and 0 interrupted iterations
openloop_spike   [  25% ] 031/225 VUs  02m58.8s/12m0s  30.00 iters/s
time="2026-10-06T13:06:40Z" level=warning msg="Request Failed" error="Post \"http://auth-service.ecommerce.svc.cluster.local:8001/auth/login\": request timeout"
time="2026-10-06T13:06:40Z" level=warning msg="Request Failed" error="Post \"http://auth-service.ecommerce.svc.cluster.local:8001/auth/login\": request timeout"
time="2026-10-06T13:06:40Z" level=warning msg="Request Failed" error="Post \"http://auth-service.ecommerce.svc.cluster.local:8001/auth/login\": request timeout"

running (02m59.8s), 029/225 VUs, 1865 complete and 0 interrupted iterations
openloop_spike   [  25% ] 029/225 VUs  02m59.8s/12m0s  30.00 iters/s
time="2026-10-06T13:06:40Z" level=warning msg="Request Failed" error="Post \"http://auth-service.ecommerce.svc.cluster.local:8001/auth/login\": request timeout"

running (03m00.8s), 042/225 VUs, 1882 complete and 0 interrupted iterations
openloop_spike   [  25% ] 042/225 VUs  03m00.8s/12m0s  30.00 iters/s

running (03m01.8s), 047/225 VUs, 1907 complete and 0 interrupted iterations
openloop_spike   [  25% ] 047/225 VUs  03m01.8s/12m0s  30.00 iters/s
time="2026-10-06T13:06:43Z" level=warning msg="Request Failed" error="Post \"http://auth-service.ecommerce.svc.cluster.local:8001/auth/login\": request timeout"
time="2026-10-06T13:06:43Z" level=warning msg="Request Failed" error="Post \"http://auth-service.ecommerce.svc.cluster.local:8001/auth/login\": request timeout"
time="2026-10-06T13:06:43Z" level=warning msg="Request Failed" error="Post \"http://auth-service.ecommerce.svc.cluster.local:8001/auth/login\": request timeout"

running (03m02.8s), 058/225 VUs, 1926 complete and 0 interrupted iterations
openloop_spike   [  25% ] 058/225 VUs  03m02.8s/12m0s  30.00 iters/s
time="2026-10-06T13:06:44Z" level=warning msg="Request Failed" error="Post \"http://auth-service.ecommerce.svc.cluster.local:8001/auth/login\": request timeout"

running (03m03.8s), 068/225 VUs, 1946 complete and 0 interrupted iterations
openloop_spike   [  26% ] 068/225 VUs  03m03.8s/12m0s  30.00 iters/s
time="2026-10-06T13:06:45Z" level=warning msg="Request Failed" error="Post \"http://auth-service.ecommerce.svc.cluster.local:8001/auth/login\": request timeout"
time="2026-10-06T13:06:45Z" level=warning msg="Request Failed" error="Post \"http://auth-service.ecommerce.svc.cluster.local:8001/auth/login\": request timeout"
time="2026-10-06T13:06:45Z" level=warning msg="Request Failed" error="Post \"http://auth-service.ecommerce.svc.cluster.local:8001/auth/login\": request timeout"

running (03m04.8s), 079/225 VUs, 1965 complete and 0 interrupted iterations
openloop_spike   [  26% ] 079/225 VUs  03m04.8s/12m0s  30.00 iters/s
time="2026-10-06T13:06:46Z" level=warning msg="Request Failed" error="Post \"http://auth-service.ecommerce.svc.cluster.local:8001/auth/login\": request timeout"
time="2026-10-06T13:06:46Z" level=warning msg="Request Failed" error="Post \"http://auth-service.ecommerce.svc.cluster.local:8001/auth/login\": request timeout"

running (03m05.8s), 083/225 VUs, 1991 complete and 0 interrupted iterations
openloop_spike   [  26% ] 083/225 VUs  03m05.8s/12m0s  30.00 iters/s
time="2026-10-06T13:06:47Z" level=warning msg="Request Failed" error="Post \"http://auth-service.ecommerce.svc.cluster.local:8001/auth/login\": request timeout"

running (03m06.8s), 086/225 VUs, 2018 complete and 0 interrupted iterations
openloop_spike   [  26% ] 086/225 VUs  03m06.8s/12m0s  30.00 iters/s
time="2026-10-06T13:06:48Z" level=warning msg="Request Failed" error="Post \"http://auth-service.ecommerce.svc.cluster.local:8001/auth/login\": request timeout"
time="2026-10-06T13:06:48Z" level=warning msg="Request Failed" error="Post \"http://auth-service.ecommerce.svc.cluster.local:8001/auth/login\": request timeout"

running (03m07.8s), 091/225 VUs, 2043 complete and 0 interrupted iterations
openloop_spike   [  26% ] 091/225 VUs  03m07.8s/12m0s  30.00 iters/s
time="2026-10-06T13:06:49Z" level=warning msg="Request Failed" error="Post \"http://auth-service.ecommerce.svc.cluster.local:8001/auth/login\": request timeout"
time="2026-10-06T13:06:49Z" level=warning msg="Request Failed" error="Post \"http://auth-service.ecommerce.svc.cluster.local:8001/auth/login\": request timeout"

running (03m08.8s), 105/225 VUs, 2059 complete and 0 interrupted iterations
openloop_spike   [  26% ] 105/225 VUs  03m08.8s/12m0s  30.00 iters/s
time="2026-10-06T13:06:50Z" level=warning msg="Request Failed" error="Post \"http://auth-service.ecommerce.svc.cluster.local:8001/auth/login\": request timeout"
time="2026-10-06T13:06:50Z" level=warning msg="Request Failed" error="Post \"http://auth-service.ecommerce.svc.cluster.local:8001/auth/login\": request timeout"

running (03m09.8s), 105/225 VUs, 2089 complete and 0 interrupted iterations
openloop_spike   [  26% ] 105/225 VUs  03m09.8s/12m0s  30.00 iters/s
time="2026-10-06T13:06:51Z" level=warning msg="Request Failed" error="Post \"http://auth-service.ecommerce.svc.cluster.local:8001/auth/login\": request timeout"
time="2026-10-06T13:06:51Z" level=warning msg="Request Failed" error="Post \"http://auth-service.ecommerce.svc.cluster.local:8001/auth/login\": request timeout"

running (03m10.8s), 095/225 VUs, 2129 complete and 0 interrupted iterations
openloop_spike   [  27% ] 095/225 VUs  03m10.8s/12m0s  30.00 iters/s

running (03m11.8s), 092/225 VUs, 2162 complete and 0 interrupted iterations
openloop_spike   [  27% ] 092/225 VUs  03m11.8s/12m0s  30.00 iters/s
time="2026-10-06T13:06:53Z" level=warning msg="Request Failed" error="Post \"http://auth-service.ecommerce.svc.cluster.local:8001/auth/login\": request timeout"
time="2026-10-06T13:06:53Z" level=warning msg="Request Failed" error="Post \"http://auth-service.ecommerce.svc.cluster.local:8001/auth/login\": request timeout"
time="2026-10-06T13:06:53Z" level=warning msg="Request Failed" error="Post \"http://auth-service.ecommerce.svc.cluster.local:8001/auth/login\": request timeout"
time="2026-10-06T13:06:53Z" level=warning msg="Request Failed" error="Post \"http://auth-service.ecommerce.svc.cluster.local:8001/auth/login\": request timeout"

running (03m12.8s), 084/225 VUs, 2200 complete and 0 interrupted iterations
openloop_spike   [  27% ] 084/225 VUs  03m12.8s/12m0s  30.00 iters/s
time="2026-10-06T13:06:54Z" level=warning msg="Request Failed" error="Post \"http://auth-service.ecommerce.svc.cluster.local:8001/auth/login\": request timeout"
time="2026-10-06T13:06:54Z" level=warning msg="Request Failed" error="Post \"http://auth-service.ecommerce.svc.cluster.local:8001/auth/login\": request timeout"

running (03m13.8s), 086/225 VUs, 2228 complete and 0 interrupted iterations
openloop_spike   [  27% ] 086/225 VUs  03m13.8s/12m0s  30.00 iters/s
time="2026-10-06T13:06:55Z" level=warning msg="Request Failed" error="Post \"http://auth-service.ecommerce.svc.cluster.local:8001/auth/login\": request timeout"

running (03m14.8s), 091/225 VUs, 2253 complete and 0 interrupted iterations
openloop_spike   [  27% ] 091/225 VUs  03m14.8s/12m0s  30.00 iters/s
time="2026-10-06T13:06:56Z" level=warning msg="Request Failed" error="Post \"http://auth-service.ecommerce.svc.cluster.local:8001/auth/login\": request timeout"

running (03m15.8s), 089/225 VUs, 2285 complete and 0 interrupted iterations
openloop_spike   [  27% ] 089/225 VUs  03m15.8s/12m0s  30.00 iters/s
time="2026-10-06T13:06:57Z" level=warning msg="Request Failed" error="Post \"http://auth-service.ecommerce.svc.cluster.local:8001/auth/login\": request timeout"

running (03m16.8s), 086/225 VUs, 2318 complete and 0 interrupted iterations
openloop_spike   [  27% ] 086/225 VUs  03m16.8s/12m0s  30.00 iters/s
time="2026-10-06T13:06:58Z" level=warning msg="Request Failed" error="Post \"http://auth-service.ecommerce.svc.cluster.local:8001/auth/login\": request timeout"
time="2026-10-06T13:06:58Z" level=warning msg="Request Failed" error="Post \"http://auth-service.ecommerce.svc.cluster.local:8001/auth/login\": request timeout"

running (03m17.8s), 070/225 VUs, 2364 complete and 0 interrupted iterations
openloop_spike   [  27% ] 070/225 VUs  03m17.8s/12m0s  30.00 iters/s
time="2026-10-06T13:06:59Z" level=warning msg="Request Failed" error="Post \"http://auth-service.ecommerce.svc.cluster.local:8001/auth/login\": request timeout"
time="2026-10-06T13:06:59Z" level=warning msg="Request Failed" error="Post \"http://auth-service.ecommerce.svc.cluster.local:8001/auth/login\": request timeout"

running (03m18.8s), 040/225 VUs, 2424 complete and 0 interrupted iterations
openloop_spike   [  28% ] 040/225 VUs  03m18.8s/12m0s  30.00 iters/s
time="2026-10-06T13:07:00Z" level=warning msg="Request Failed" error="Post \"http://auth-service.ecommerce.svc.cluster.local:8001/auth/login\": request timeout"

running (03m19.8s), 018/225 VUs, 2476 complete and 0 interrupted iterations
openloop_spike   [  28% ] 018/225 VUs  03m19.8s/12m0s  30.00 iters/s
time="2026-10-06T13:07:01Z" level=warning msg="Request Failed" error="Post \"http://auth-service.ecommerce.svc.cluster.local:8001/auth/login\": request timeout"
time="2026-10-06T13:07:01Z" level=warning msg="Request Failed" error="Post \"http://auth-service.ecommerce.svc.cluster.local:8001/auth/login\": request timeout"

running (03m20.8s), 025/225 VUs, 2499 complete and 0 interrupted iterations
openloop_spike   [  28% ] 025/225 VUs  03m20.8s/12m0s  30.00 iters/s

running (03m21.8s), 055/225 VUs, 2499 complete and 0 interrupted iterations
openloop_spike   [  28% ] 055/225 VUs  03m21.8s/12m0s  30.00 iters/s
time="2026-10-06T13:07:03Z" level=warning msg="Request Failed" error="Post \"http://auth-service.ecommerce.svc.cluster.local:8001/auth/login\": request timeout"
time="2026-10-06T13:07:03Z" level=warning msg="Request Failed" error="Post \"http://auth-service.ecommerce.svc.cluster.local:8001/auth/login\": request timeout"
time="2026-10-06T13:07:03Z" level=warning msg="Request Failed" error="Post \"http://auth-service.ecommerce.svc.cluster.local:8001/auth/login\": request timeout"

running (03m22.8s), 076/225 VUs, 2508 complete and 0 interrupted iterations
openloop_spike   [  28% ] 076/225 VUs  03m22.8s/12m0s  30.00 iters/s
time="2026-10-06T13:07:04Z" level=warning msg="Request Failed" error="Post \"http://auth-service.ecommerce.svc.cluster.local:8001/auth/login\": request timeout"
time="2026-10-06T13:07:04Z" level=warning msg="Request Failed" error="Post \"http://auth-service.ecommerce.svc.cluster.local:8001/auth/login\": request timeout"

running (03m23.8s), 097/225 VUs, 2517 complete and 0 interrupted iterations
openloop_spike   [  28% ] 097/225 VUs  03m23.8s/12m0s  30.00 iters/s
time="2026-10-06T13:07:05Z" level=warning msg="Request Failed" error="Post \"http://auth-service.ecommerce.svc.cluster.local:8001/auth/login\": request timeout"
time="2026-10-06T13:07:05Z" level=warning msg="Request Failed" error="Post \"http://auth-service.ecommerce.svc.cluster.local:8001/auth/login\": request timeout"
time="2026-10-06T13:07:05Z" level=warning msg="Request Failed" error="Post \"http://auth-service.ecommerce.svc.cluster.local:8001/auth/login\": request timeout"
time="2026-10-06T13:07:05Z" level=warning msg="Request Failed" error="Post \"http://auth-service.ecommerce.svc.cluster.local:8001/auth/login\": request timeout"
time="2026-10-06T13:07:05Z" level=warning msg="Request Failed" error="Post \"http://auth-service.ecommerce.svc.cluster.local:8001/auth/login\": request timeout"

running (03m24.8s), 107/225 VUs, 2537 complete and 0 interrupted iterations
openloop_spike   [  28% ] 107/225 VUs  03m24.8s/12m0s  30.00 iters/s
time="2026-10-06T13:07:06Z" level=warning msg="Request Failed" error="Post \"http://auth-service.ecommerce.svc.cluster.local:8001/auth/login\": request timeout"

running (03m25.8s), 107/225 VUs, 2567 complete and 0 interrupted iterations
openloop_spike   [  29% ] 107/225 VUs  03m25.8s/12m0s  30.00 iters/s

running (03m26.8s), 112/225 VUs, 2592 complete and 0 interrupted iterations
openloop_spike   [  29% ] 112/225 VUs  03m26.8s/12m0s  30.00 iters/s
time="2026-10-06T13:07:08Z" level=warning msg="Request Failed" error="Post \"http://auth-service.ecommerce.svc.cluster.local:8001/auth/login\": request timeout"
time="2026-10-06T13:07:08Z" level=warning msg="Request Failed" error="Post \"http://auth-service.ecommerce.svc.cluster.local:8001/auth/login\": request timeout"

running (03m27.8s), 097/225 VUs, 2637 complete and 0 interrupted iterations
openloop_spike   [  29% ] 097/225 VUs  03m27.8s/12m0s  30.00 iters/s

running (03m28.8s), 098/225 VUs, 2666 complete and 0 interrupted iterations
openloop_spike   [  29% ] 098/225 VUs  03m28.8s/12m0s  30.00 iters/s
time="2026-10-06T13:07:10Z" level=warning msg="Request Failed" error="Post \"http://auth-service.ecommerce.svc.cluster.local:8001/auth/login\": request timeout"
time="2026-10-06T13:07:10Z" level=warning msg="Request Failed" error="Post \"http://auth-service.ecommerce.svc.cluster.local:8001/auth/login\": request timeout"
time="2026-10-06T13:07:10Z" level=warning msg="Request Failed" error="Post \"http://auth-service.ecommerce.svc.cluster.local:8001/auth/login\": request timeout"

running (03m29.8s), 103/225 VUs, 2691 complete and 0 interrupted iterations
openloop_spike   [  29% ] 103/225 VUs  03m29.8s/12m0s  30.00 iters/s

running (03m30.8s), 091/225 VUs, 2733 complete and 0 interrupted iterations
openloop_spike   [  29% ] 091/225 VUs  03m30.8s/12m0s  30.00 iters/s
time="2026-10-06T13:07:12Z" level=warning msg="Request Failed" error="Post \"http://auth-service.ecommerce.svc.cluster.local:8001/auth/login\": request timeout"
time="2026-10-06T13:07:12Z" level=warning msg="Request Failed" error="Post \"http://auth-service.ecommerce.svc.cluster.local:8001/auth/login\": request timeout"
time="2026-10-06T13:07:12Z" level=warning msg="Request Failed" error="Post \"http://auth-service.ecommerce.svc.cluster.local:8001/auth/login\": request timeout"

running (03m31.8s), 075/225 VUs, 2779 complete and 0 interrupted iterations
openloop_spike   [  29% ] 075/225 VUs  03m31.8s/12m0s  30.00 iters/s
time="2026-10-06T13:07:13Z" level=warning msg="Request Failed" error="Post \"http://auth-service.ecommerce.svc.cluster.local:8001/auth/login\": request timeout"

running (03m32.8s), 064/225 VUs, 2820 complete and 0 interrupted iterations
openloop_spike   [  30% ] 064/225 VUs  03m32.8s/12m0s  30.00 iters/s

running (03m33.8s), 044/225 VUs, 2870 complete and 0 interrupted iterations
openloop_spike   [  30% ] 044/225 VUs  03m33.8s/12m0s  30.00 iters/s
time="2026-10-06T13:07:15Z" level=warning msg="Request Failed" error="Post \"http://auth-service.ecommerce.svc.cluster.local:8001/auth/login\": request timeout"
time="2026-10-06T13:07:15Z" level=warning msg="Request Failed" error="Post \"http://auth-service.ecommerce.svc.cluster.local:8001/auth/login\": request timeout"
time="2026-10-06T13:07:15Z" level=warning msg="Request Failed" error="Post \"http://auth-service.ecommerce.svc.cluster.local:8001/auth/login\": request timeout"
time="2026-10-06T13:07:15Z" level=warning msg="Request Failed" error="Post \"http://auth-service.ecommerce.svc.cluster.local:8001/auth/login\": request timeout"

running (03m34.8s), 015/225 VUs, 2929 complete and 0 interrupted iterations
openloop_spike   [  30% ] 015/225 VUs  03m34.8s/12m0s  30.00 iters/s
time="2026-10-06T13:07:16Z" level=warning msg="Request Failed" error="Post \"http://auth-service.ecommerce.svc.cluster.local:8001/auth/login\": request timeout"
time="2026-10-06T13:07:16Z" level=warning msg="Request Failed" error="Post \"http://auth-service.ecommerce.svc.cluster.local:8001/auth/login\": request timeout"
time="2026-10-06T13:07:16Z" level=warning msg="Request Failed" error="Post \"http://auth-service.ecommerce.svc.cluster.local:8001/auth/login\": request timeout"

running (03m35.8s), 015/225 VUs, 2959 complete and 0 interrupted iterations
openloop_spike   [  30% ] 015/225 VUs  03m35.8s/12m0s  30.00 iters/s
time="2026-10-06T13:07:17Z" level=warning msg="Request Failed" error="Post \"http://auth-service.ecommerce.svc.cluster.local:8001/auth/login\": request timeout"
time="2026-10-06T13:07:17Z" level=warning msg="Request Failed" error="Post \"http://auth-service.ecommerce.svc.cluster.local:8001/auth/login\": request timeout"

running (03m36.8s), 017/225 VUs, 2987 complete and 0 interrupted iterations
openloop_spike   [  30% ] 017/225 VUs  03m36.8s/12m0s  30.00 iters/s
time="2026-10-06T13:07:18Z" level=warning msg="Request Failed" error="Post \"http://auth-service.ecommerce.svc.cluster.local:8001/auth/login\": request timeout"
time="2026-10-06T13:07:18Z" level=warning msg="Request Failed" error="Post \"http://auth-service.ecommerce.svc.cluster.local:8001/auth/login\": request timeout"
time="2026-10-06T13:07:18Z" level=warning msg="Request Failed" error="Post \"http://auth-service.ecommerce.svc.cluster.local:8001/auth/login\": request timeout"

running (03m37.8s), 015/225 VUs, 3019 complete and 0 interrupted iterations
openloop_spike   [  30% ] 015/225 VUs  03m37.8s/12m0s  30.00 iters/s
time="2026-10-06T13:07:19Z" level=warning msg="Request Failed" error="Post \"http://auth-service.ecommerce.svc.cluster.local:8001/auth/login\": request timeout"

running (03m38.8s), 017/225 VUs, 3047 complete and 0 interrupted iterations
openloop_spike   [  30% ] 017/225 VUs  03m38.8s/12m0s  30.00 iters/s
time="2026-10-06T13:07:20Z" level=warning msg="Request Failed" error="Post \"http://auth-service.ecommerce.svc.cluster.local:8001/auth/login\": request timeout"
time="2026-10-06T13:07:20Z" level=warning msg="Request Failed" error="Post \"http://auth-service.ecommerce.svc.cluster.local:8001/auth/login\": request timeout"

running (03m39.8s), 017/225 VUs, 3077 complete and 0 interrupted iterations
openloop_spike   [  31% ] 017/225 VUs  03m39.8s/12m0s  30.00 iters/s
time="2026-10-06T13:07:21Z" level=warning msg="Request Failed" error="Post \"http://auth-service.ecommerce.svc.cluster.local:8001/auth/login\": request timeout"
time="2026-10-06T13:07:21Z" level=warning msg="Request Failed" error="Post \"http://auth-service.ecommerce.svc.cluster.local:8001/auth/login\": request timeout"
time="2026-10-06T13:07:21Z" level=warning msg="Request Failed" error="Post \"http://auth-service.ecommerce.svc.cluster.local:8001/auth/login\": request timeout"
time="2026-10-06T13:07:21Z" level=warning msg="Request Failed" error="Post \"http://auth-service.ecommerce.svc.cluster.local:8001/auth/login\": request timeout"

running (03m40.8s), 014/225 VUs, 3110 complete and 0 interrupted iterations
openloop_spike   [  31% ] 014/225 VUs  03m40.8s/12m0s  30.00 iters/s
time="2026-10-06T13:07:22Z" level=warning msg="Request Failed" error="Post \"http://auth-service.ecommerce.svc.cluster.local:8001/auth/login\": request timeout"
time="2026-10-06T13:07:22Z" level=warning msg="Request Failed" error="Post \"http://auth-service.ecommerce.svc.cluster.local:8001/auth/login\": request timeout"

running (03m41.8s), 009/225 VUs, 3145 complete and 0 interrupted iterations
openloop_spike   [  31% ] 009/225 VUs  03m41.8s/12m0s  30.00 iters/s
time="2026-10-06T13:07:23Z" level=warning msg="Request Failed" error="Post \"http://auth-service.ecommerce.svc.cluster.local:8001/auth/login\": request timeout"

running (03m42.8s), 021/225 VUs, 3163 complete and 0 interrupted iterations
openloop_spike   [  31% ] 021/225 VUs  03m42.8s/12m0s  30.00 iters/s

running (03m43.8s), 024/225 VUs, 3190 complete and 0 interrupted iterations
openloop_spike   [  31% ] 024/225 VUs  03m43.8s/12m0s  30.00 iters/s
time="2026-10-06T13:07:25Z" level=warning msg="Request Failed" error="Post \"http://auth-service.ecommerce.svc.cluster.local:8001/auth/login\": request timeout"
time="2026-10-06T13:07:25Z" level=warning msg="Request Failed" error="Post \"http://auth-service.ecommerce.svc.cluster.local:8001/auth/login\": request timeout"
time="2026-10-06T13:07:25Z" level=warning msg="Request Failed" error="Post \"http://auth-service.ecommerce.svc.cluster.local:8001/auth/login\": request timeout"
time="2026-10-06T13:07:25Z" level=warning msg="Request Failed" error="Post \"http://auth-service.ecommerce.svc.cluster.local:8001/auth/login\": request timeout"

running (03m44.8s), 018/225 VUs, 3226 complete and 0 interrupted iterations
openloop_spike   [  31% ] 018/225 VUs  03m44.8s/12m0s  30.00 iters/s

running (03m45.8s), 022/225 VUs, 3252 complete and 0 interrupted iterations
openloop_spike   [  31% ] 022/225 VUs  03m45.8s/12m0s  30.00 iters/s

running (03m46.8s), 016/225 VUs, 3288 complete and 0 interrupted iterations
openloop_spike   [  32% ] 016/225 VUs  03m46.8s/12m0s  30.00 iters/s
time="2026-10-06T13:07:28Z" level=warning msg="Request Failed" error="Post \"http://auth-service.ecommerce.svc.cluster.local:8001/auth/login\": request timeout"
time="2026-10-06T13:07:28Z" level=warning msg="Request Failed" error="Post \"http://auth-service.ecommerce.svc.cluster.local:8001/auth/login\": request timeout"
time="2026-10-06T13:07:28Z" level=warning msg="Request Failed" error="Post \"http://auth-service.ecommerce.svc.cluster.local:8001/auth/login\": request timeout"
time="2026-10-06T13:07:28Z" level=warning msg="Request Failed" error="Post \"http://auth-service.ecommerce.svc.cluster.local:8001/auth/login\": request timeout"
time="2026-10-06T13:07:28Z" level=warning msg="Request Failed" error="Post \"http://auth-service.ecommerce.svc.cluster.local:8001/auth/login\": request timeout"

running (03m47.8s), 027/225 VUs, 3307 complete and 0 interrupted iterations
openloop_spike   [  32% ] 027/225 VUs  03m47.8s/12m0s  30.00 iters/s
time="2026-10-06T13:07:29Z" level=warning msg="Request Failed" error="request timeout"

running (03m48.8s), 043/225 VUs, 3321 complete and 0 interrupted iterations
openloop_spike   [  32% ] 043/225 VUs  03m48.8s/12m0s  30.00 iters/s
time="2026-10-06T13:07:30Z" level=warning msg="Request Failed" error="Post \"http://auth-service.ecommerce.svc.cluster.local:8001/auth/login\": request timeout"

running (03m49.8s), 039/225 VUs, 3355 complete and 0 interrupted iterations
openloop_spike   [  32% ] 039/225 VUs  03m49.8s/12m0s  30.00 iters/s

running (03m50.8s), 036/225 VUs, 3388 complete and 0 interrupted iterations
openloop_spike   [  32% ] 036/225 VUs  03m50.8s/12m0s  30.00 iters/s
time="2026-10-06T13:07:32Z" level=warning msg="Request Failed" error="Post \"http://auth-service.ecommerce.svc.cluster.local:8001/auth/login\": request timeout"
time="2026-10-06T13:07:32Z" level=warning msg="Request Failed" error="Post \"http://auth-service.ecommerce.svc.cluster.local:8001/auth/login\": request timeout"

running (03m51.8s), 037/225 VUs, 3417 complete and 0 interrupted iterations
openloop_spike   [  32% ] 037/225 VUs  03m51.8s/12m0s  30.00 iters/s
time="2026-10-06T13:07:32Z" level=warning msg="Request Failed" error="Post \"http://auth-service.ecommerce.svc.cluster.local:8001/auth/login\": request timeout"

running (03m52.8s), 044/225 VUs, 3440 complete and 0 interrupted iterations
openloop_spike   [  32% ] 044/225 VUs  03m52.8s/12m0s  30.00 iters/s
time="2026-10-06T13:07:34Z" level=warning msg="Request Failed" error="Post \"http://auth-service.ecommerce.svc.cluster.local:8001/auth/login\": request timeout"

running (03m53.8s), 052/225 VUs, 3462 complete and 0 interrupted iterations
openloop_spike   [  32% ] 052/225 VUs  03m53.8s/12m0s  30.00 iters/s
time="2026-10-06T13:07:35Z" level=warning msg="Request Failed" error="Post \"http://auth-service.ecommerce.svc.cluster.local:8001/auth/login\": request timeout"
time="2026-10-06T13:07:35Z" level=warning msg="Request Failed" error="Post \"http://auth-service.ecommerce.svc.cluster.local:8001/auth/login\": request timeout"

running (03m54.8s), 063/225 VUs, 3481 complete and 0 interrupted iterations
openloop_spike   [  33% ] 063/225 VUs  03m54.8s/12m0s  30.00 iters/s
time="2026-10-06T13:07:35Z" level=warning msg="Request Failed" error="Post \"http://auth-service.ecommerce.svc.cluster.local:8001/auth/login\": request timeout"
time="2026-10-06T13:07:36Z" level=warning msg="Request Failed" error="Post \"http://auth-service.ecommerce.svc.cluster.local:8001/auth/login\": request timeout"
time="2026-10-06T13:07:36Z" level=warning msg="Request Failed" error="Post \"http://auth-service.ecommerce.svc.cluster.local:8001/auth/login\": request timeout"
time="2026-10-06T13:07:36Z" level=warning msg="Request Failed" error="Post \"http://auth-service.ecommerce.svc.cluster.local:8001/auth/login\": request timeout"
time="2026-10-06T13:07:36Z" level=warning msg="Request Failed" error="Post \"http://auth-service.ecommerce.svc.cluster.local:8001/auth/login\": request timeout"

running (03m55.8s), 068/225 VUs, 3506 complete and 0 interrupted iterations
openloop_spike   [  33% ] 068/225 VUs  03m55.8s/12m0s  30.00 iters/s

running (03m56.8s), 077/225 VUs, 3527 complete and 0 interrupted iterations
openloop_spike   [  33% ] 077/225 VUs  03m56.8s/12m0s  30.00 iters/s
time="2026-10-06T13:07:38Z" level=warning msg="Request Failed" error="Post \"http://auth-service.ecommerce.svc.cluster.local:8001/auth/login\": request timeout"

running (03m57.8s), 082/225 VUs, 3552 complete and 0 interrupted iterations
openloop_spike   [  33% ] 082/225 VUs  03m57.8s/12m0s  30.00 iters/s
time="2026-10-06T13:07:39Z" level=warning msg="Request Failed" error="Post \"http://auth-service.ecommerce.svc.cluster.local:8001/auth/login\": request timeout"

running (03m58.8s), 095/225 VUs, 3569 complete and 0 interrupted iterations
openloop_spike   [  33% ] 095/225 VUs  03m58.8s/12m0s  30.00 iters/s
time="2026-10-06T13:07:40Z" level=warning msg="Request Failed" error="Post \"http://auth-service.ecommerce.svc.cluster.local:8001/auth/login\": request timeout"
time="2026-10-06T13:07:40Z" level=warning msg="Request Failed" error="Post \"http://auth-service.ecommerce.svc.cluster.local:8001/auth/login\": request timeout"
time="2026-10-06T13:07:40Z" level=warning msg="Request Failed" error="Post \"http://auth-service.ecommerce.svc.cluster.local:8001/auth/login\": request timeout"

running (03m59.8s), 103/225 VUs, 3591 complete and 0 interrupted iterations
openloop_spike   [  33% ] 103/225 VUs  03m59.8s/12m0s  30.00 iters/s
time="2026-10-06T13:07:41Z" level=warning msg="Request Failed" error="Post \"http://auth-service.ecommerce.svc.cluster.local:8001/auth/login\": request timeout"
time="2026-10-06T13:07:41Z" level=warning msg="Request Failed" error="Post \"http://auth-service.ecommerce.svc.cluster.local:8001/auth/login\": request timeout"

running (04m00.8s), 107/225 VUs, 3617 complete and 0 interrupted iterations
openloop_spike   [  33% ] 107/225 VUs  04m00.8s/12m0s  30.00 iters/s
time="2026-10-06T13:07:42Z" level=warning msg="Request Failed" error="Post \"http://auth-service.ecommerce.svc.cluster.local:8001/auth/login\": request timeout"
time="2026-10-06T13:07:42Z" level=warning msg="Request Failed" error="Post \"http://auth-service.ecommerce.svc.cluster.local:8001/auth/login\": request timeout"

running (04m01.8s), 135/225 VUs, 3619 complete and 0 interrupted iterations
openloop_spike   [  34% ] 135/225 VUs  04m01.8s/12m0s  30.00 iters/s
time="2026-10-06T13:07:43Z" level=warning msg="Request Failed" error="Post \"http://auth-service.ecommerce.svc.cluster.local:8001/auth/login\": request timeout"
time="2026-10-06T13:07:43Z" level=warning msg="Request Failed" error="Post \"http://auth-service.ecommerce.svc.cluster.local:8001/auth/login\": request timeout"
time="2026-10-06T13:07:43Z" level=warning msg="Request Failed" error="Post \"http://auth-service.ecommerce.svc.cluster.local:8001/auth/login\": request timeout"
time="2026-10-06T13:07:43Z" level=warning msg="Request Failed" error="Post \"http://auth-service.ecommerce.svc.cluster.local:8001/auth/login\": request timeout"

running (04m02.8s), 130/225 VUs, 3654 complete and 0 interrupted iterations
openloop_spike   [  34% ] 130/225 VUs  04m02.8s/12m0s  30.00 iters/s
time="2026-10-06T13:07:44Z" level=warning msg="Request Failed" error="Post \"http://auth-service.ecommerce.svc.cluster.local:8001/auth/login\": request timeout"
time="2026-10-06T13:07:44Z" level=warning msg="Request Failed" error="Post \"http://auth-service.ecommerce.svc.cluster.local:8001/auth/login\": request timeout"
time="2026-10-06T13:07:44Z" level=warning msg="Request Failed" error="Post \"http://auth-service.ecommerce.svc.cluster.local:8001/auth/login\": request timeout"
time="2026-10-06T13:07:44Z" level=warning msg="Request Failed" error="Post \"http://auth-service.ecommerce.svc.cluster.local:8001/auth/login\": request timeout"
time="2026-10-06T13:07:44Z" level=warning msg="Request Failed" error="Post \"http://auth-service.ecommerce.svc.cluster.local:8001/auth/login\": request timeout"
time="2026-10-06T13:07:44Z" level=warning msg="Request Failed" error="Post \"http://auth-service.ecommerce.svc.cluster.local:8001/auth/login\": request timeout"
time="2026-10-06T13:07:44Z" level=warning msg="Request Failed" error="Post \"http://auth-service.ecommerce.svc.cluster.local:8001/auth/login\": request timeout"

running (04m03.8s), 129/225 VUs, 3685 complete and 0 interrupted iterations
openloop_spike   [  34% ] 129/225 VUs  04m03.8s/12m0s  30.00 iters/s
time="2026-10-06T13:07:45Z" level=warning msg="Request Failed" error="Post \"http://auth-service.ecommerce.svc.cluster.local:8001/auth/login\": request timeout"
time="2026-10-06T13:07:45Z" level=warning msg="Request Failed" error="Post \"http://auth-service.ecommerce.svc.cluster.local:8001/auth/login\": request timeout"
time="2026-10-06T13:07:45Z" level=warning msg="Request Failed" error="Post \"http://auth-service.ecommerce.svc.cluster.local:8001/auth/login\": request timeout"

running (04m04.8s), 130/225 VUs, 3714 complete and 0 interrupted iterations
openloop_spike   [  34% ] 130/225 VUs  04m04.8s/12m0s  30.00 iters/s
time="2026-10-06T13:07:46Z" level=warning msg="Request Failed" error="Post \"http://auth-service.ecommerce.svc.cluster.local:8001/auth/login\": request timeout"
time="2026-10-06T13:07:46Z" level=warning msg="Request Failed" error="Post \"http://auth-service.ecommerce.svc.cluster.local:8001/auth/login\": request timeout"
time="2026-10-06T13:07:46Z" level=warning msg="Request Failed" error="Post \"http://auth-service.ecommerce.svc.cluster.local:8001/auth/login\": request timeout"
time="2026-10-06T13:07:46Z" level=warning msg="Request Failed" error="Post \"http://auth-service.ecommerce.svc.cluster.local:8001/auth/login\": request timeout"
time="2026-10-06T13:07:46Z" level=warning msg="Request Failed" error="Post \"http://auth-service.ecommerce.svc.cluster.local:8001/auth/login\": request timeout"
time="2026-10-06T13:07:46Z" level=warning msg="Request Failed" error="Post \"http://auth-service.ecommerce.svc.cluster.local:8001/auth/login\": request timeout"

running (04m05.8s), 122/225 VUs, 3752 complete and 0 interrupted iterations
openloop_spike   [  34% ] 122/225 VUs  04m05.8s/12m0s  30.00 iters/s
time="2026-10-06T13:07:47Z" level=warning msg="Request Failed" error="Post \"http://auth-service.ecommerce.svc.cluster.local:8001/auth/login\": request timeout"
time="2026-10-06T13:07:47Z" level=warning msg="Request Failed" error="Post \"http://auth-service.ecommerce.svc.cluster.local:8001/auth/login\": request timeout"
time="2026-10-06T13:07:47Z" level=warning msg="Request Failed" error="Post \"http://auth-service.ecommerce.svc.cluster.local:8001/auth/login\": request timeout"
time="2026-10-06T13:07:47Z" level=warning msg="Request Failed" error="Post \"http://auth-service.ecommerce.svc.cluster.local:8001/auth/login\": request timeout"
time="2026-10-06T13:07:47Z" level=warning msg="Request Failed" error="Post \"http://auth-service.ecommerce.svc.cluster.local:8001/auth/login\": request timeout"

running (04m06.8s), 124/225 VUs, 3780 complete and 0 interrupted iterations
openloop_spike   [  34% ] 124/225 VUs  04m06.8s/12m0s  30.00 iters/s
time="2026-10-06T13:07:48Z" level=warning msg="Request Failed" error="Post \"http://auth-service.ecommerce.svc.cluster.local:8001/auth/login\": request timeout"
time="2026-10-06T13:07:48Z" level=warning msg="Request Failed" error="Post \"http://auth-service.ecommerce.svc.cluster.local:8001/auth/login\": request timeout"
time="2026-10-06T13:07:48Z" level=warning msg="Request Failed" error="Post \"http://auth-service.ecommerce.svc.cluster.local:8001/auth/login\": request timeout"
time="2026-10-06T13:07:48Z" level=warning msg="Request Failed" error="Post \"http://auth-service.ecommerce.svc.cluster.local:8001/auth/login\": request timeout"
time="2026-10-06T13:07:48Z" level=warning msg="Request Failed" error="Post \"http://auth-service.ecommerce.svc.cluster.local:8001/auth/login\": request timeout"

running (04m07.8s), 139/225 VUs, 3795 complete and 0 interrupted iterations
openloop_spike   [  34% ] 139/225 VUs  04m07.8s/12m0s  30.00 iters/s
time="2026-10-06T13:07:49Z" level=warning msg="Request Failed" error="Post \"http://auth-service.ecommerce.svc.cluster.local:8001/auth/login\": request timeout"
time="2026-10-06T13:07:49Z" level=warning msg="Request Failed" error="Post \"http://auth-service.ecommerce.svc.cluster.local:8001/auth/login\": request timeout"
time="2026-10-06T13:07:49Z" level=warning msg="Request Failed" error="Post \"http://auth-service.ecommerce.svc.cluster.local:8001/auth/login\": request timeout"

running (04m08.8s), 129/225 VUs, 3835 complete and 0 interrupted iterations
openloop_spike   [  35% ] 129/225 VUs  04m08.8s/12m0s  30.00 iters/s
time="2026-10-06T13:07:50Z" level=warning msg="Request Failed" error="Post \"http://auth-service.ecommerce.svc.cluster.local:8001/auth/login\": request timeout"
time="2026-10-06T13:07:50Z" level=warning msg="Request Failed" error="Post \"http://auth-service.ecommerce.svc.cluster.local:8001/auth/login\": request timeout"

running (04m09.8s), 098/225 VUs, 3896 complete and 0 interrupted iterations
openloop_spike   [  35% ] 098/225 VUs  04m09.8s/12m0s  30.00 iters/s
time="2026-10-06T13:07:51Z" level=warning msg="Request Failed" error="Post \"http://auth-service.ecommerce.svc.cluster.local:8001/auth/login\": request timeout"

running (04m10.8s), 082/225 VUs, 3942 complete and 0 interrupted iterations
openloop_spike   [  35% ] 082/225 VUs  04m10.8s/12m0s  30.00 iters/s

running (04m11.8s), 040/225 VUs, 4014 complete and 0 interrupted iterations
openloop_spike   [  35% ] 040/225 VUs  04m11.8s/12m0s  30.00 iters/s

running (04m12.8s), 036/225 VUs, 4048 complete and 0 interrupted iterations
openloop_spike   [  35% ] 036/225 VUs  04m12.8s/12m0s  30.00 iters/s
time="2026-10-06T13:07:54Z" level=warning msg="Request Failed" error="Post \"http://auth-service.ecommerce.svc.cluster.local:8001/auth/login\": request timeout"
time="2026-10-06T13:07:54Z" level=warning msg="Request Failed" error="Post \"http://auth-service.ecommerce.svc.cluster.local:8001/auth/login\": request timeout"

running (04m13.8s), 033/225 VUs, 4081 complete and 0 interrupted iterations
openloop_spike   [  35% ] 033/225 VUs  04m13.8s/12m0s  30.00 iters/s
time="2026-10-06T13:07:55Z" level=warning msg="Request Failed" error="Post \"http://auth-service.ecommerce.svc.cluster.local:8001/auth/login\": request timeout"

running (04m14.8s), 019/225 VUs, 4125 complete and 0 interrupted iterations
openloop_spike   [  35% ] 019/225 VUs  04m14.8s/12m0s  30.00 iters/s
time="2026-10-06T13:07:56Z" level=warning msg="Request Failed" error="Post \"http://auth-service.ecommerce.svc.cluster.local:8001/auth/login\": request timeout"
time="2026-10-06T13:07:56Z" level=warning msg="Request Failed" error="Post \"http://auth-service.ecommerce.svc.cluster.local:8001/auth/login\": request timeout"

running (04m15.8s), 030/225 VUs, 4144 complete and 0 interrupted iterations
openloop_spike   [  36% ] 030/225 VUs  04m15.8s/12m0s  30.00 iters/s
time="2026-10-06T13:07:57Z" level=warning msg="Request Failed" error="Post \"http://auth-service.ecommerce.svc.cluster.local:8001/auth/login\": request timeout"
time="2026-10-06T13:07:57Z" level=warning msg="Request Failed" error="Post \"http://auth-service.ecommerce.svc.cluster.local:8001/auth/login\": request timeout"

running (04m16.8s), 032/225 VUs, 4172 complete and 0 interrupted iterations
openloop_spike   [  36% ] 032/225 VUs  04m16.8s/12m0s  30.00 iters/s
time="2026-10-06T13:07:58Z" level=warning msg="Request Failed" error="Post \"http://auth-service.ecommerce.svc.cluster.local:8001/auth/login\": request timeout"

running (04m17.8s), 045/225 VUs, 4189 complete and 0 interrupted iterations
openloop_spike   [  36% ] 045/225 VUs  04m17.8s/12m0s  30.00 iters/s
time="2026-10-06T13:07:59Z" level=warning msg="Request Failed" error="Post \"http://auth-service.ecommerce.svc.cluster.local:8001/auth/login\": request timeout"

running (04m18.8s), 035/225 VUs, 4229 complete and 0 interrupted iterations
openloop_spike   [  36% ] 035/225 VUs  04m18.8s/12m0s  30.00 iters/s
time="2026-10-06T13:08:00Z" level=warning msg="Request Failed" error="Post \"http://auth-service.ecommerce.svc.cluster.local:8001/auth/login\": request timeout"
time="2026-10-06T13:08:00Z" level=warning msg="Request Failed" error="Post \"http://auth-service.ecommerce.svc.cluster.local:8001/auth/login\": request timeout"

running (04m19.8s), 044/225 VUs, 4250 complete and 0 interrupted iterations
openloop_spike   [  36% ] 044/225 VUs  04m19.8s/12m0s  30.00 iters/s
time="2026-10-06T13:08:01Z" level=warning msg="Request Failed" error="Post \"http://auth-service.ecommerce.svc.cluster.local:8001/auth/login\": request timeout"
time="2026-10-06T13:08:01Z" level=warning msg="Request Failed" error="Post \"http://auth-service.ecommerce.svc.cluster.local:8001/auth/login\": request timeout"

running (04m20.8s), 056/225 VUs, 4268 complete and 0 interrupted iterations
openloop_spike   [  36% ] 056/225 VUs  04m20.8s/12m0s  30.00 iters/s
time="2026-10-06T13:08:02Z" level=warning msg="Request Failed" error="Post \"http://auth-service.ecommerce.svc.cluster.local:8001/auth/login\": request timeout"
time="2026-10-06T13:08:02Z" level=warning msg="Request Failed" error="Post \"http://auth-service.ecommerce.svc.cluster.local:8001/auth/login\": request timeout"

running (04m21.8s), 061/225 VUs, 4293 complete and 0 interrupted iterations
openloop_spike   [  36% ] 061/225 VUs  04m21.8s/12m0s  30.00 iters/s
time="2026-10-06T13:08:03Z" level=warning msg="Request Failed" error="Post \"http://auth-service.ecommerce.svc.cluster.local:8001/auth/login\": request timeout"
time="2026-10-06T13:08:03Z" level=warning msg="Request Failed" error="Post \"http://auth-service.ecommerce.svc.cluster.local:8001/auth/login\": request timeout"

running (04m22.8s), 080/225 VUs, 4304 complete and 0 interrupted iterations
openloop_spike   [  37% ] 080/225 VUs  04m22.8s/12m0s  30.00 iters/s
time="2026-10-06T13:08:04Z" level=warning msg="Request Failed" error="Post \"http://auth-service.ecommerce.svc.cluster.local:8001/auth/login\": request timeout"
time="2026-10-06T13:08:04Z" level=warning msg="Request Failed" error="Post \"http://auth-service.ecommerce.svc.cluster.local:8001/auth/login\": request timeout"
time="2026-10-06T13:08:04Z" level=warning msg="Request Failed" error="Post \"http://auth-service.ecommerce.svc.cluster.local:8001/auth/login\": request timeout"
time="2026-10-06T13:08:04Z" level=warning msg="Request Failed" error="Post \"http://auth-service.ecommerce.svc.cluster.local:8001/auth/login\": request timeout"

running (04m23.8s), 087/225 VUs, 4327 complete and 0 interrupted iterations
openloop_spike   [  37% ] 087/225 VUs  04m23.8s/12m0s  30.00 iters/s
time="2026-10-06T13:08:05Z" level=warning msg="Request Failed" error="Post \"http://auth-service.ecommerce.svc.cluster.local:8001/auth/login\": request timeout"

running (04m24.8s), 091/225 VUs, 4353 complete and 0 interrupted iterations
openloop_spike   [  37% ] 091/225 VUs  04m24.8s/12m0s  30.00 iters/s

running (04m25.8s), 099/225 VUs, 4375 complete and 0 interrupted iterations
openloop_spike   [  37% ] 099/225 VUs  04m25.8s/12m0s  30.00 iters/s
time="2026-10-06T13:08:06Z" level=warning msg="Request Failed" error="Post \"http://auth-service.ecommerce.svc.cluster.local:8001/auth/login\": request timeout"
time="2026-10-06T13:08:07Z" level=warning msg="Request Failed" error="Post \"http://auth-service.ecommerce.svc.cluster.local:8001/auth/login\": request timeout"
time="2026-10-06T13:08:07Z" level=warning msg="Request Failed" error="Post \"http://auth-service.ecommerce.svc.cluster.local:8001/auth/login\": request timeout"
time="2026-10-06T13:08:07Z" level=warning msg="Request Failed" error="Post \"http://auth-service.ecommerce.svc.cluster.local:8001/auth/login\": request timeout"

running (04m26.8s), 092/225 VUs, 4412 complete and 0 interrupted iterations
openloop_spike   [  37% ] 092/225 VUs  04m26.8s/12m0s  30.00 iters/s
time="2026-10-06T13:08:08Z" level=warning msg="Request Failed" error="Post \"http://auth-service.ecommerce.svc.cluster.local:8001/auth/login\": request timeout"

running (04m27.8s), 094/225 VUs, 4440 complete and 0 interrupted iterations
openloop_spike   [  37% ] 094/225 VUs  04m27.8s/12m0s  30.00 iters/s
time="2026-10-06T13:08:09Z" level=warning msg="Request Failed" error="Post \"http://auth-service.ecommerce.svc.cluster.local:8001/auth/login\": request timeout"

running (04m28.8s), 084/225 VUs, 4480 complete and 0 interrupted iterations
openloop_spike   [  37% ] 084/225 VUs  04m28.8s/12m0s  30.00 iters/s
time="2026-10-06T13:08:10Z" level=warning msg="Request Failed" error="Post \"http://auth-service.ecommerce.svc.cluster.local:8001/auth/login\": request timeout"
time="2026-10-06T13:08:10Z" level=warning msg="Request Failed" error="Post \"http://auth-service.ecommerce.svc.cluster.local:8001/auth/login\": request timeout"
time="2026-10-06T13:08:10Z" level=warning msg="Request Failed" error="Post \"http://auth-service.ecommerce.svc.cluster.local:8001/auth/login\": request timeout"

running (04m29.8s), 067/225 VUs, 4527 complete and 0 interrupted iterations
openloop_spike   [  37% ] 067/225 VUs  04m29.8s/12m0s  30.00 iters/s

running (04m30.8s), 044/225 VUs, 4580 complete and 0 interrupted iterations
openloop_spike   [  38% ] 044/225 VUs  04m30.8s/12m0s  30.00 iters/s
time="2026-10-06T13:08:11Z" level=warning msg="Request Failed" error="Post \"http://auth-service.ecommerce.svc.cluster.local:8001/auth/login\": request timeout"
time="2026-10-06T13:08:12Z" level=warning msg="Request Failed" error="Post \"http://auth-service.ecommerce.svc.cluster.local:8001/auth/login\": request timeout"

running (04m31.8s), 037/225 VUs, 4617 complete and 0 interrupted iterations
openloop_spike   [  38% ] 037/225 VUs  04m31.8s/12m0s  30.00 iters/s
time="2026-10-06T13:08:13Z" level=warning msg="Request Failed" error="Post \"http://auth-service.ecommerce.svc.cluster.local:8001/auth/login\": request timeout"
time="2026-10-06T13:08:13Z" level=warning msg="Request Failed" error="Post \"http://auth-service.ecommerce.svc.cluster.local:8001/auth/login\": request timeout"
time="2026-10-06T13:08:13Z" level=warning msg="Request Failed" error="Post \"http://auth-service.ecommerce.svc.cluster.local:8001/auth/login\": request timeout"
time="2026-10-06T13:08:13Z" level=warning msg="Request Failed" error="Post \"http://auth-service.ecommerce.svc.cluster.local:8001/auth/login\": request timeout"
time="2026-10-06T13:08:13Z" level=warning msg="Request Failed" error="Post \"http://auth-service.ecommerce.svc.cluster.local:8001/auth/login\": request timeout"

running (04m32.8s), 047/225 VUs, 4637 complete and 0 interrupted iterations
openloop_spike   [  38% ] 047/225 VUs  04m32.8s/12m0s  30.00 iters/s
time="2026-10-06T13:08:14Z" level=warning msg="Request Failed" error="Post \"http://auth-service.ecommerce.svc.cluster.local:8001/auth/login\": request timeout"

running (04m33.8s), 062/225 VUs, 4652 complete and 0 interrupted iterations
openloop_spike   [  38% ] 062/225 VUs  04m33.8s/12m0s  30.00 iters/s
time="2026-10-06T13:08:14Z" level=warning msg="Request Failed" error="Post \"http://auth-service.ecommerce.svc.cluster.local:8001/auth/login\": request timeout"
time="2026-10-06T13:08:15Z" level=warning msg="Request Failed" error="Post \"http://auth-service.ecommerce.svc.cluster.local:8001/auth/login\": request timeout"
time="2026-10-06T13:08:15Z" level=warning msg="Request Failed" error="Post \"http://auth-service.ecommerce.svc.cluster.local:8001/auth/login\": request timeout"

running (04m34.8s), 067/225 VUs, 4677 complete and 0 interrupted iterations
openloop_spike   [  38% ] 067/225 VUs  04m34.8s/12m0s  30.00 iters/s
time="2026-10-06T13:08:16Z" level=warning msg="Request Failed" error="Post \"http://auth-service.ecommerce.svc.cluster.local:8001/auth/login\": request timeout"

running (04m35.8s), 091/225 VUs, 4683 complete and 0 interrupted iterations
openloop_spike   [  38% ] 091/225 VUs  04m35.8s/12m0s  30.00 iters/s
time="2026-10-06T13:08:17Z" level=warning msg="Request Failed" error="Post \"http://auth-service.ecommerce.svc.cluster.local:8001/auth/login\": request timeout"

running (04m36.8s), 103/225 VUs, 4701 complete and 0 interrupted iterations
openloop_spike   [  38% ] 103/225 VUs  04m36.8s/12m0s  30.00 iters/s
time="2026-10-06T13:08:18Z" level=warning msg="Request Failed" error="request timeout"
time="2026-10-06T13:08:18Z" level=warning msg="Request Failed" error="Post \"http://auth-service.ecommerce.svc.cluster.local:8001/auth/login\": request timeout"

running (04m37.8s), 055/225 VUs, 4779 complete and 0 interrupted iterations
openloop_spike   [  39% ] 055/225 VUs  04m37.8s/12m0s  30.00 iters/s
time="2026-10-06T13:08:19Z" level=warning msg="Request Failed" error="Post \"http://auth-service.ecommerce.svc.cluster.local:8001/auth/login\": request timeout"

running (04m38.8s), 051/225 VUs, 4813 complete and 0 interrupted iterations
openloop_spike   [  39% ] 051/225 VUs  04m38.8s/12m0s  30.00 iters/s
time="2026-10-06T13:08:20Z" level=warning msg="Request Failed" error="Post \"http://auth-service.ecommerce.svc.cluster.local:8001/auth/login\": request timeout"

running (04m39.8s), 049/225 VUs, 4845 complete and 0 interrupted iterations
openloop_spike   [  39% ] 049/225 VUs  04m39.8s/12m0s  30.00 iters/s

running (04m40.8s), 035/225 VUs, 4889 complete and 0 interrupted iterations
openloop_spike   [  39% ] 035/225 VUs  04m40.8s/12m0s  30.00 iters/s
time="2026-10-06T13:08:22Z" level=warning msg="Request Failed" error="Post \"http://auth-service.ecommerce.svc.cluster.local:8001/auth/login\": request timeout"

running (04m41.8s), 033/225 VUs, 4921 complete and 0 interrupted iterations
openloop_spike   [  39% ] 033/225 VUs  04m41.8s/12m0s  30.00 iters/s
time="2026-10-06T13:08:23Z" level=warning msg="Request Failed" error="Post \"http://auth-service.ecommerce.svc.cluster.local:8001/auth/login\": request timeout"

running (04m42.8s), 027/225 VUs, 4957 complete and 0 interrupted iterations
openloop_spike   [  39% ] 027/225 VUs  04m42.8s/12m0s  30.00 iters/s
time="2026-10-06T13:08:24Z" level=warning msg="Request Failed" error="Post \"http://auth-service.ecommerce.svc.cluster.local:8001/auth/login\": request timeout"
time="2026-10-06T13:08:24Z" level=warning msg="Request Failed" error="Post \"http://auth-service.ecommerce.svc.cluster.local:8001/auth/login\": request timeout"

running (04m43.8s), 020/225 VUs, 4994 complete and 0 interrupted iterations
openloop_spike   [  39% ] 020/225 VUs  04m43.8s/12m0s  30.00 iters/s

running (04m44.8s), 022/225 VUs, 5022 complete and 0 interrupted iterations
openloop_spike   [  40% ] 022/225 VUs  04m44.8s/12m0s  30.00 iters/s
time="2026-10-06T13:08:26Z" level=warning msg="Request Failed" error="Post \"http://auth-service.ecommerce.svc.cluster.local:8001/auth/login\": request timeout"
time="2026-10-06T13:08:26Z" level=warning msg="Request Failed" error="Post \"http://auth-service.ecommerce.svc.cluster.local:8001/auth/login\": request timeout"
time="2026-10-06T13:08:26Z" level=warning msg="Request Failed" error="Post \"http://auth-service.ecommerce.svc.cluster.local:8001/auth/login\": request timeout"

running (04m45.8s), 023/225 VUs, 5051 complete and 0 interrupted iterations
openloop_spike   [  40% ] 023/225 VUs  04m45.8s/12m0s  30.00 iters/s
time="2026-10-06T13:08:27Z" level=warning msg="Request Failed" error="Post \"http://auth-service.ecommerce.svc.cluster.local:8001/auth/login\": request timeout"

running (04m46.8s), 025/225 VUs, 5079 complete and 0 interrupted iterations
openloop_spike   [  40% ] 025/225 VUs  04m46.8s/12m0s  30.00 iters/s
time="2026-10-06T13:08:28Z" level=warning msg="Request Failed" error="Post \"http://auth-service.ecommerce.svc.cluster.local:8001/auth/login\": request timeout"
time="2026-10-06T13:08:28Z" level=warning msg="Request Failed" error="Post \"http://auth-service.ecommerce.svc.cluster.local:8001/auth/login\": request timeout"
time="2026-10-06T13:08:28Z" level=warning msg="Request Failed" error="Post \"http://auth-service.ecommerce.svc.cluster.local:8001/auth/login\": request timeout"

running (04m47.8s), 032/225 VUs, 5102 complete and 0 interrupted iterations
openloop_spike   [  40% ] 032/225 VUs  04m47.8s/12m0s  30.00 iters/s
time="2026-10-06T13:08:29Z" level=warning msg="Request Failed" error="Post \"http://auth-service.ecommerce.svc.cluster.local:8001/auth/login\": request timeout"
time="2026-10-06T13:08:29Z" level=warning msg="Request Failed" error="Post \"http://auth-service.ecommerce.svc.cluster.local:8001/auth/login\": request timeout"

running (04m48.8s), 049/225 VUs, 5115 complete and 0 interrupted iterations
openloop_spike   [  40% ] 049/225 VUs  04m48.8s/12m0s  30.00 iters/s
time="2026-10-06T13:08:30Z" level=warning msg="Request Failed" error="Post \"http://auth-service.ecommerce.svc.cluster.local:8001/auth/login\": request timeout"

running (04m49.8s), 054/225 VUs, 5140 complete and 0 interrupted iterations
openloop_spike   [  40% ] 054/225 VUs  04m49.8s/12m0s  30.00 iters/s

running (04m50.8s), 052/225 VUs, 5172 complete and 0 interrupted iterations
openloop_spike   [  40% ] 052/225 VUs  04m50.8s/12m0s  30.00 iters/s

running (04m51.8s), 055/225 VUs, 5199 complete and 0 interrupted iterations
openloop_spike   [  41% ] 055/225 VUs  04m51.8s/12m0s  30.00 iters/s
time="2026-10-06T13:08:33Z" level=warning msg="Request Failed" error="Post \"http://auth-service.ecommerce.svc.cluster.local:8001/auth/login\": request timeout"
time="2026-10-06T13:08:33Z" level=warning msg="Request Failed" error="Post \"http://auth-service.ecommerce.svc.cluster.local:8001/auth/login\": request timeout"

running (04m52.8s), 025/225 VUs, 5259 complete and 0 interrupted iterations
openloop_spike   [  41% ] 025/225 VUs  04m52.8s/12m0s  30.00 iters/s
time="2026-10-06T13:08:34Z" level=warning msg="Request Failed" error="Post \"http://auth-service.ecommerce.svc.cluster.local:8001/auth/login\": request timeout"

running (04m53.8s), 021/225 VUs, 5293 complete and 0 interrupted iterations
openloop_spike   [  41% ] 021/225 VUs  04m53.8s/12m0s  30.00 iters/s
time="2026-10-06T13:08:35Z" level=warning msg="Request Failed" error="Post \"http://auth-service.ecommerce.svc.cluster.local:8001/auth/login\": request timeout"
time="2026-10-06T13:08:35Z" level=warning msg="Request Failed" error="Post \"http://auth-service.ecommerce.svc.cluster.local:8001/auth/login\": request timeout"
time="2026-10-06T13:08:35Z" level=warning msg="Request Failed" error="Post \"http://auth-service.ecommerce.svc.cluster.local:8001/auth/login\": request timeout"
time="2026-10-06T13:08:35Z" level=warning msg="Request Failed" error="Post \"http://auth-service.ecommerce.svc.cluster.local:8001/auth/login\": request timeout"
time="2026-10-06T13:08:35Z" level=warning msg="Request Failed" error="Post \"http://auth-service.ecommerce.svc.cluster.local:8001/auth/login\": request timeout"
time="2026-10-06T13:08:35Z" level=warning msg="Request Failed" error="Post \"http://auth-service.ecommerce.svc.cluster.local:8001/auth/login\": request timeout"

running (04m54.8s), 016/225 VUs, 5328 complete and 0 interrupted iterations
openloop_spike   [  41% ] 016/225 VUs  04m54.8s/12m0s  30.00 iters/s
time="2026-10-06T13:08:36Z" level=warning msg="Request Failed" error="Post \"http://auth-service.ecommerce.svc.cluster.local:8001/auth/login\": request timeout"

running (04m55.8s), 016/225 VUs, 5358 complete and 0 interrupted iterations
openloop_spike   [  41% ] 016/225 VUs  04m55.8s/12m0s  30.00 iters/s
time="2026-10-06T13:08:37Z" level=warning msg="Request Failed" error="Post \"http://auth-service.ecommerce.svc.cluster.local:8001/auth/login\": request timeout"

running (04m56.8s), 019/225 VUs, 5385 complete and 0 interrupted iterations
openloop_spike   [  41% ] 019/225 VUs  04m56.8s/12m0s  30.00 iters/s
time="2026-10-06T13:08:38Z" level=warning msg="Request Failed" error="Post \"http://auth-service.ecommerce.svc.cluster.local:8001/auth/login\": request timeout"
time="2026-10-06T13:08:38Z" level=warning msg="Request Failed" error="Post \"http://auth-service.ecommerce.svc.cluster.local:8001/auth/login\": request timeout"
time="2026-10-06T13:08:38Z" level=warning msg="Request Failed" error="Post \"http://auth-service.ecommerce.svc.cluster.local:8001/auth/login\": request timeout"

running (04m57.8s), 028/225 VUs, 5406 complete and 0 interrupted iterations
openloop_spike   [  41% ] 028/225 VUs  04m57.8s/12m0s  30.00 iters/s
time="2026-10-06T13:08:39Z" level=warning msg="Request Failed" error="Post \"http://auth-service.ecommerce.svc.cluster.local:8001/auth/login\": request timeout"

running (04m58.8s), 016/225 VUs, 5448 complete and 0 interrupted iterations
openloop_spike   [  42% ] 016/225 VUs  04m58.8s/12m0s  30.00 iters/s

running (04m59.8s), 017/225 VUs, 5477 complete and 0 interrupted iterations
openloop_spike   [  42% ] 017/225 VUs  04m59.8s/12m0s  30.00 iters/s
time="2026-10-06T13:08:41Z" level=warning msg="Request Failed" error="Post \"http://auth-service.ecommerce.svc.cluster.local:8001/auth/login\": request timeout"
time="2026-10-06T13:08:41Z" level=warning msg="Request Failed" error="Post \"http://auth-service.ecommerce.svc.cluster.local:8001/auth/login\": request timeout"

running (05m00.8s), 022/225 VUs, 5502 complete and 0 interrupted iterations
openloop_spike   [  42% ] 022/225 VUs  05m00.8s/12m0s  30.00 iters/s
time="2026-10-06T13:08:42Z" level=warning msg="Request Failed" error="Post \"http://auth-service.ecommerce.svc.cluster.local:8001/auth/login\": request timeout"

running (05m01.8s), 021/225 VUs, 5533 complete and 0 interrupted iterations
openloop_spike   [  42% ] 021/225 VUs  05m01.8s/12m0s  30.00 iters/s
time="2026-10-06T13:08:43Z" level=warning msg="Request Failed" error="Post \"http://auth-service.ecommerce.svc.cluster.local:8001/auth/login\": request timeout"
time="2026-10-06T13:08:43Z" level=warning msg="Request Failed" error="Post \"http://auth-service.ecommerce.svc.cluster.local:8001/auth/login\": request timeout"

running (05m02.8s), 021/225 VUs, 5563 complete and 0 interrupted iterations
openloop_spike   [  42% ] 021/225 VUs  05m02.8s/12m0s  30.00 iters/s
time="2026-10-06T13:08:44Z" level=warning msg="Request Failed" error="Post \"http://auth-service.ecommerce.svc.cluster.local:8001/auth/login\": request timeout"
time="2026-10-06T13:08:44Z" level=warning msg="Request Failed" error="Post \"http://auth-service.ecommerce.svc.cluster.local:8001/auth/login\": request timeout"

running (05m03.8s), 021/225 VUs, 5593 complete and 0 interrupted iterations
openloop_spike   [  42% ] 021/225 VUs  05m03.8s/12m0s  30.00 iters/s
time="2026-10-06T13:08:45Z" level=warning msg="Request Failed" error="Post \"http://auth-service.ecommerce.svc.cluster.local:8001/auth/login\": request timeout"
time="2026-10-06T13:08:45Z" level=warning msg="Request Failed" error="Post \"http://auth-service.ecommerce.svc.cluster.local:8001/auth/login\": request timeout"

running (05m04.8s), 017/225 VUs, 5627 complete and 0 interrupted iterations
openloop_spike   [  42% ] 017/225 VUs  05m04.8s/12m0s  30.00 iters/s

running (05m05.8s), 024/225 VUs, 5650 complete and 0 interrupted iterations
openloop_spike   [  42% ] 024/225 VUs  05m05.8s/12m0s  30.00 iters/s

running (05m06.8s), 034/225 VUs, 5670 complete and 0 interrupted iterations
openloop_spike   [  43% ] 034/225 VUs  05m06.8s/12m0s  30.00 iters/s
time="2026-10-06T13:08:48Z" level=warning msg="Request Failed" error="Post \"http://auth-service.ecommerce.svc.cluster.local:8001/auth/login\": request timeout"

running (05m07.8s), 036/225 VUs, 5698 complete and 0 interrupted iterations
openloop_spike   [  43% ] 036/225 VUs  05m07.8s/12m0s  30.00 iters/s
time="2026-10-06T13:08:48Z" level=warning msg="Request Failed" error="Post \"http://auth-service.ecommerce.svc.cluster.local:8001/auth/login\": request timeout"

running (05m08.8s), 036/225 VUs, 5728 complete and 0 interrupted iterations
openloop_spike   [  43% ] 036/225 VUs  05m08.8s/12m0s  30.00 iters/s
time="2026-10-06T13:08:50Z" level=warning msg="Request Failed" error="Post \"http://auth-service.ecommerce.svc.cluster.local:8001/auth/login\": request timeout"
time="2026-10-06T13:08:50Z" level=warning msg="Request Failed" error="Post \"http://auth-service.ecommerce.svc.cluster.local:8001/auth/login\": request timeout"

running (05m09.8s), 040/225 VUs, 5754 complete and 0 interrupted iterations
openloop_spike   [  43% ] 040/225 VUs  05m09.8s/12m0s  30.00 iters/s
time="2026-10-06T13:08:51Z" level=warning msg="Request Failed" error="Post \"http://auth-service.ecommerce.svc.cluster.local:8001/auth/login\": request timeout"
time="2026-10-06T13:08:51Z" level=warning msg="Request Failed" error="Post \"http://auth-service.ecommerce.svc.cluster.local:8001/auth/login\": request timeout"
time="2026-10-06T13:08:51Z" level=warning msg="Request Failed" error="Post \"http://auth-service.ecommerce.svc.cluster.local:8001/auth/login\": request timeout"

running (05m10.8s), 036/225 VUs, 5788 complete and 0 interrupted iterations
openloop_spike   [  43% ] 036/225 VUs  05m10.8s/12m0s  30.00 iters/s
time="2026-10-06T13:08:52Z" level=warning msg="Request Failed" error="Post \"http://auth-service.ecommerce.svc.cluster.local:8001/auth/login\": request timeout"

running (05m11.8s), 030/225 VUs, 5824 complete and 0 interrupted iterations
openloop_spike   [  43% ] 030/225 VUs  05m11.8s/12m0s  30.00 iters/s
time="2026-10-06T13:08:53Z" level=warning msg="Request Failed" error="Post \"http://auth-service.ecommerce.svc.cluster.local:8001/auth/login\": request timeout"

running (05m12.8s), 038/225 VUs, 5846 complete and 0 interrupted iterations
openloop_spike   [  43% ] 038/225 VUs  05m12.8s/12m0s  30.00 iters/s
time="2026-10-06T13:08:54Z" level=warning msg="Request Failed" error="Post \"http://auth-service.ecommerce.svc.cluster.local:8001/auth/login\": request timeout"

running (05m13.8s), 060/225 VUs, 5854 complete and 0 interrupted iterations
openloop_spike   [  44% ] 060/225 VUs  05m13.8s/12m0s  30.00 iters/s
time="2026-10-06T13:08:55Z" level=warning msg="Request Failed" error="Post \"http://auth-service.ecommerce.svc.cluster.local:8001/auth/login\": request timeout"

running (05m14.8s), 060/225 VUs, 5884 complete and 0 interrupted iterations
openloop_spike   [  44% ] 060/225 VUs  05m14.8s/12m0s  30.00 iters/s

running (05m15.8s), 068/225 VUs, 5906 complete and 0 interrupted iterations
openloop_spike   [  44% ] 068/225 VUs  05m15.8s/12m0s  30.00 iters/s

running (05m16.8s), 033/225 VUs, 5971 complete and 0 interrupted iterations
openloop_spike   [  44% ] 033/225 VUs  05m16.8s/12m0s  30.00 iters/s
time="2026-10-06T13:08:58Z" level=warning msg="Request Failed" error="Post \"http://auth-service.ecommerce.svc.cluster.local:8001/auth/login\": request timeout"
time="2026-10-06T13:08:58Z" level=warning msg="Request Failed" error="Post \"http://auth-service.ecommerce.svc.cluster.local:8001/auth/login\": request timeout"

running (05m17.8s), 024/225 VUs, 6010 complete and 0 interrupted iterations
openloop_spike   [  44% ] 024/225 VUs  05m17.8s/12m0s  30.00 iters/s
time="2026-10-06T13:08:59Z" level=warning msg="Request Failed" error="Post \"http://auth-service.ecommerce.svc.cluster.local:8001/auth/login\": request timeout"

running (05m18.8s), 021/225 VUs, 6043 complete and 0 interrupted iterations
openloop_spike   [  44% ] 021/225 VUs  05m18.8s/12m0s  30.00 iters/s
time="2026-10-06T13:09:00Z" level=warning msg="Request Failed" error="Post \"http://auth-service.ecommerce.svc.cluster.local:8001/auth/login\": request timeout"
time="2026-10-06T13:09:00Z" level=warning msg="Request Failed" error="Post \"http://auth-service.ecommerce.svc.cluster.local:8001/auth/login\": request timeout"

running (05m19.8s), 021/225 VUs, 6073 complete and 0 interrupted iterations
openloop_spike   [  44% ] 021/225 VUs  05m19.8s/12m0s  30.00 iters/s
time="2026-10-06T13:09:01Z" level=warning msg="Request Failed" error="Post \"http://auth-service.ecommerce.svc.cluster.local:8001/auth/login\": request timeout"

running (05m20.8s), 024/225 VUs, 6100 complete and 0 interrupted iterations
openloop_spike   [  45% ] 024/225 VUs  05m20.8s/12m0s  30.00 iters/s
time="2026-10-06T13:09:02Z" level=warning msg="Request Failed" error="Post \"http://auth-service.ecommerce.svc.cluster.local:8001/auth/login\": request timeout"
time="2026-10-06T13:09:02Z" level=warning msg="Request Failed" error="Post \"http://auth-service.ecommerce.svc.cluster.local:8001/auth/login\": request timeout"

running (05m21.8s), 026/225 VUs, 6128 complete and 0 interrupted iterations
openloop_spike   [  45% ] 026/225 VUs  05m21.8s/12m0s  30.00 iters/s
time="2026-10-06T13:09:03Z" level=warning msg="Request Failed" error="Post \"http://auth-service.ecommerce.svc.cluster.local:8001/auth/login\": request timeout"
time="2026-10-06T13:09:03Z" level=warning msg="Request Failed" error="Post \"http://auth-service.ecommerce.svc.cluster.local:8001/auth/login\": request timeout"

running (05m22.8s), 022/225 VUs, 6162 complete and 0 interrupted iterations
openloop_spike   [  45% ] 022/225 VUs  05m22.8s/12m0s  30.00 iters/s
time="2026-10-06T13:09:03Z" level=warning msg="Request Failed" error="Post \"http://auth-service.ecommerce.svc.cluster.local:8001/auth/login\": request timeout"
time="2026-10-06T13:09:04Z" level=warning msg="Request Failed" error="Post \"http://auth-service.ecommerce.svc.cluster.local:8001/auth/login\": request timeout"
time="2026-10-06T13:09:04Z" level=warning msg="Request Failed" error="Post \"http://auth-service.ecommerce.svc.cluster.local:8001/auth/login\": request timeout"
time="2026-10-06T13:09:04Z" level=warning msg="Request Failed" error="Post \"http://auth-service.ecommerce.svc.cluster.local:8001/auth/login\": request timeout"
time="2026-10-06T13:09:04Z" level=warning msg="Request Failed" error="Post \"http://auth-service.ecommerce.svc.cluster.local:8001/auth/login\": request timeout"
time="2026-10-06T13:09:04Z" level=warning msg="Request Failed" error="Post \"http://auth-service.ecommerce.svc.cluster.local:8001/auth/login\": request timeout"

running (05m23.8s), 015/225 VUs, 6199 complete and 0 interrupted iterations
openloop_spike   [  45% ] 015/225 VUs  05m23.8s/12m0s  30.00 iters/s
time="2026-10-06T13:09:05Z" level=warning msg="Request Failed" error="Post \"http://auth-service.ecommerce.svc.cluster.local:8001/auth/login\": request timeout"

running (05m24.8s), 017/225 VUs, 6227 complete and 0 interrupted iterations
openloop_spike   [  45% ] 017/225 VUs  05m24.8s/12m0s  30.00 iters/s
time="2026-10-06T13:09:06Z" level=warning msg="Request Failed" error="Post \"http://auth-service.ecommerce.svc.cluster.local:8001/auth/login\": request timeout"

running (05m25.8s), 023/225 VUs, 6251 complete and 0 interrupted iterations
openloop_spike   [  45% ] 023/225 VUs  05m25.8s/12m0s  30.00 iters/s

running (05m26.8s), 023/225 VUs, 6281 complete and 0 interrupted iterations
openloop_spike   [  45% ] 023/225 VUs  05m26.8s/12m0s  30.00 iters/s

running (05m27.8s), 034/225 VUs, 6300 complete and 0 interrupted iterations
openloop_spike   [  46% ] 034/225 VUs  05m27.8s/12m0s  30.00 iters/s
time="2026-10-06T13:09:09Z" level=warning msg="Request Failed" error="Post \"http://auth-service.ecommerce.svc.cluster.local:8001/auth/login\": request timeout"
time="2026-10-06T13:09:09Z" level=warning msg="Request Failed" error="Post \"http://auth-service.ecommerce.svc.cluster.local:8001/auth/login\": request timeout"

running (05m28.8s), 045/225 VUs, 6319 complete and 0 interrupted iterations
openloop_spike   [  46% ] 045/225 VUs  05m28.8s/12m0s  30.00 iters/s
time="2026-10-06T13:09:10Z" level=warning msg="Request Failed" error="Post \"http://auth-service.ecommerce.svc.cluster.local:8001/auth/login\": request timeout"

running (05m29.8s), 067/225 VUs, 6327 complete and 0 interrupted iterations
openloop_spike   [  46% ] 067/225 VUs  05m29.8s/12m0s  30.00 iters/s
time="2026-10-06T13:09:11Z" level=warning msg="Request Failed" error="request timeout"

running (05m30.8s), 064/225 VUs, 6360 complete and 0 interrupted iterations
openloop_spike   [  46% ] 064/225 VUs  05m30.8s/12m0s  30.00 iters/s

running (05m31.8s), 063/225 VUs, 6391 complete and 0 interrupted iterations
openloop_spike   [  46% ] 063/225 VUs  05m31.8s/12m0s  30.00 iters/s

running (05m32.8s), 057/225 VUs, 6427 complete and 0 interrupted iterations
openloop_spike   [  46% ] 057/225 VUs  05m32.8s/12m0s  30.00 iters/s
time="2026-10-06T13:09:14Z" level=warning msg="Request Failed" error="Post \"http://auth-service.ecommerce.svc.cluster.local:8001/auth/login\": request timeout"
time="2026-10-06T13:09:14Z" level=warning msg="Request Failed" error="Post \"http://auth-service.ecommerce.svc.cluster.local:8001/auth/login\": request timeout"
time="2026-10-06T13:09:14Z" level=warning msg="Request Failed" error="Post \"http://auth-service.ecommerce.svc.cluster.local:8001/auth/login\": request timeout"
time="2026-10-06T13:09:14Z" level=warning msg="Request Failed" error="Post \"http://auth-service.ecommerce.svc.cluster.local:8001/auth/login\": request timeout"

running (05m33.8s), 059/225 VUs, 6455 complete and 0 interrupted iterations
openloop_spike   [  46% ] 059/225 VUs  05m33.8s/12m0s  30.00 iters/s
time="2026-10-06T13:09:15Z" level=warning msg="Request Failed" error="Post \"http://auth-service.ecommerce.svc.cluster.local:8001/auth/login\": request timeout"
time="2026-10-06T13:09:15Z" level=warning msg="Request Failed" error="Post \"http://auth-service.ecommerce.svc.cluster.local:8001/auth/login\": request timeout"
time="2026-10-06T13:09:15Z" level=warning msg="Request Failed" error="Post \"http://auth-service.ecommerce.svc.cluster.local:8001/auth/login\": request timeout"

running (05m34.8s), 059/225 VUs, 6485 complete and 0 interrupted iterations
openloop_spike   [  47% ] 059/225 VUs  05m34.8s/12m0s  30.00 iters/s
time="2026-10-06T13:09:16Z" level=warning msg="Request Failed" error="Post \"http://auth-service.ecommerce.svc.cluster.local:8001/auth/login\": request timeout"
time="2026-10-06T13:09:16Z" level=warning msg="Request Failed" error="Post \"http://auth-service.ecommerce.svc.cluster.local:8001/auth/login\": request timeout"

running (05m35.8s), 050/225 VUs, 6524 complete and 0 interrupted iterations
openloop_spike   [  47% ] 050/225 VUs  05m35.8s/12m0s  30.00 iters/s
time="2026-10-06T13:09:17Z" level=warning msg="Request Failed" error="Post \"http://auth-service.ecommerce.svc.cluster.local:8001/auth/login\": request timeout"
time="2026-10-06T13:09:17Z" level=warning msg="Request Failed" error="Post \"http://auth-service.ecommerce.svc.cluster.local:8001/auth/login\": request timeout"
time="2026-10-06T13:09:17Z" level=warning msg="Request Failed" error="Post \"http://auth-service.ecommerce.svc.cluster.local:8001/auth/login\": request timeout"

running (05m36.8s), 039/225 VUs, 6565 complete and 0 interrupted iterations
openloop_spike   [  47% ] 039/225 VUs  05m36.8s/12m0s  30.00 iters/s
time="2026-10-06T13:09:18Z" level=warning msg="Request Failed" error="Post \"http://auth-service.ecommerce.svc.cluster.local:8001/auth/login\": request timeout"
time="2026-10-06T13:09:18Z" level=warning msg="Request Failed" error="Post \"http://auth-service.ecommerce.svc.cluster.local:8001/auth/login\": request timeout"
time="2026-10-06T13:09:18Z" level=warning msg="Request Failed" error="Post \"http://auth-service.ecommerce.svc.cluster.local:8001/auth/login\": request timeout"

running (05m37.8s), 047/225 VUs, 6587 complete and 0 interrupted iterations
openloop_spike   [  47% ] 047/225 VUs  05m37.8s/12m0s  30.00 iters/s
time="2026-10-06T13:09:19Z" level=warning msg="Request Failed" error="Post \"http://auth-service.ecommerce.svc.cluster.local:8001/auth/login\": request timeout"
time="2026-10-06T13:09:19Z" level=warning msg="Request Failed" error="Post \"http://auth-service.ecommerce.svc.cluster.local:8001/auth/login\": request timeout"
time="2026-10-06T13:09:19Z" level=warning msg="Request Failed" error="Post \"http://auth-service.ecommerce.svc.cluster.local:8001/auth/login\": request timeout"

running (05m38.8s), 059/225 VUs, 6605 complete and 0 interrupted iterations
openloop_spike   [  47% ] 059/225 VUs  05m38.8s/12m0s  30.00 iters/s
time="2026-10-06T13:09:20Z" level=warning msg="Request Failed" error="Post \"http://auth-service.ecommerce.svc.cluster.local:8001/auth/login\": request timeout"

running (05m39.8s), 081/225 VUs, 6613 complete and 0 interrupted iterations
openloop_spike   [  47% ] 081/225 VUs  05m39.8s/12m0s  30.00 iters/s

running (05m40.8s), 103/225 VUs, 6621 complete and 0 interrupted iterations
openloop_spike   [  47% ] 103/225 VUs  05m40.8s/12m0s  30.00 iters/s
time="2026-10-06T13:09:22Z" level=warning msg="Request Failed" error="Post \"http://auth-service.ecommerce.svc.cluster.local:8001/auth/login\": request timeout"
time="2026-10-06T13:09:22Z" level=warning msg="Request Failed" error="Post \"http://auth-service.ecommerce.svc.cluster.local:8001/auth/login\": request timeout"
time="2026-10-06T13:09:22Z" level=warning msg="Request Failed" error="Post \"http://auth-service.ecommerce.svc.cluster.local:8001/auth/login\": request timeout"
time="2026-10-06T13:09:22Z" level=warning msg="Request Failed" error="Post \"http://auth-service.ecommerce.svc.cluster.local:8001/auth/login\": request timeout"

running (05m41.8s), 092/225 VUs, 6662 complete and 0 interrupted iterations
openloop_spike   [  47% ] 092/225 VUs  05m41.8s/12m0s  30.00 iters/s
time="2026-10-06T13:09:23Z" level=warning msg="Request Failed" error="Post \"http://auth-service.ecommerce.svc.cluster.local:8001/auth/login\": request timeout"
time="2026-10-06T13:09:23Z" level=warning msg="Request Failed" error="Post \"http://auth-service.ecommerce.svc.cluster.local:8001/auth/login\": request timeout"

running (05m42.8s), 104/225 VUs, 6680 complete and 0 interrupted iterations
openloop_spike   [  48% ] 104/225 VUs  05m42.8s/12m0s  30.00 iters/s
time="2026-10-06T13:09:24Z" level=warning msg="Request Failed" error="Post \"http://auth-service.ecommerce.svc.cluster.local:8001/auth/login\": request timeout"
time="2026-10-06T13:09:24Z" level=warning msg="Request Failed" error="Post \"http://auth-service.ecommerce.svc.cluster.local:8001/auth/login\": request timeout"
time="2026-10-06T13:09:24Z" level=warning msg="Request Failed" error="Post \"http://auth-service.ecommerce.svc.cluster.local:8001/auth/login\": request timeout"
time="2026-10-06T13:09:24Z" level=warning msg="Request Failed" error="Post \"http://auth-service.ecommerce.svc.cluster.local:8001/auth/login\": request timeout"

running (05m43.8s), 111/225 VUs, 6703 complete and 0 interrupted iterations
openloop_spike   [  48% ] 111/225 VUs  05m43.8s/12m0s  30.00 iters/s
time="2026-10-06T13:09:24Z" level=warning msg="Request Failed" error="Post \"http://auth-service.ecommerce.svc.cluster.local:8001/auth/login\": request timeout"
time="2026-10-06T13:09:25Z" level=warning msg="Request Failed" error="Post \"http://auth-service.ecommerce.svc.cluster.local:8001/auth/login\": request timeout"
time="2026-10-06T13:09:25Z" level=warning msg="Request Failed" error="Post \"http://auth-service.ecommerce.svc.cluster.local:8001/auth/login\": request timeout"
time="2026-10-06T13:09:25Z" level=warning msg="Request Failed" error="Post \"http://auth-service.ecommerce.svc.cluster.local:8001/auth/login\": request timeout"
time="2026-10-06T13:09:25Z" level=warning msg="Request Failed" error="Post \"http://auth-service.ecommerce.svc.cluster.local:8001/auth/login\": request timeout"

running (05m44.8s), 090/225 VUs, 6754 complete and 0 interrupted iterations
openloop_spike   [  48% ] 090/225 VUs  05m44.8s/12m0s  30.00 iters/s
time="2026-10-06T13:09:26Z" level=warning msg="Request Failed" error="Post \"http://auth-service.ecommerce.svc.cluster.local:8001/auth/login\": request timeout"
time="2026-10-06T13:09:26Z" level=warning msg="Request Failed" error="Post \"http://auth-service.ecommerce.svc.cluster.local:8001/auth/login\": request timeout"
time="2026-10-06T13:09:26Z" level=warning msg="Request Failed" error="Post \"http://auth-service.ecommerce.svc.cluster.local:8001/auth/login\": request timeout"

running (05m45.8s), 060/225 VUs, 6814 complete and 0 interrupted iterations
openloop_spike   [  48% ] 060/225 VUs  05m45.8s/12m0s  30.00 iters/s
time="2026-10-06T13:09:27Z" level=warning msg="Request Failed" error="Post \"http://auth-service.ecommerce.svc.cluster.local:8001/auth/login\": request timeout"
time="2026-10-06T13:09:27Z" level=warning msg="Request Failed" error="Post \"http://auth-service.ecommerce.svc.cluster.local:8001/auth/login\": request timeout"
time="2026-10-06T13:09:27Z" level=warning msg="Request Failed" error="Post \"http://auth-service.ecommerce.svc.cluster.local:8001/auth/login\": request timeout"
time="2026-10-06T13:09:27Z" level=warning msg="Request Failed" error="Post \"http://auth-service.ecommerce.svc.cluster.local:8001/auth/login\": request timeout"
time="2026-10-06T13:09:27Z" level=warning msg="Request Failed" error="Post \"http://auth-service.ecommerce.svc.cluster.local:8001/auth/login\": request timeout"
time="2026-10-06T13:09:27Z" level=warning msg="Request Failed" error="Post \"http://auth-service.ecommerce.svc.cluster.local:8001/auth/login\": request timeout"
time="2026-10-06T13:09:27Z" level=warning msg="Request Failed" error="Post \"http://auth-service.ecommerce.svc.cluster.local:8001/auth/login\": request timeout"

running (05m46.8s), 057/225 VUs, 6847 complete and 0 interrupted iterations
openloop_spike   [  48% ] 057/225 VUs  05m46.8s/12m0s  30.00 iters/s

running (05m47.8s), 060/225 VUs, 6874 complete and 0 interrupted iterations
openloop_spike   [  48% ] 060/225 VUs  05m47.8s/12m0s  30.00 iters/s
time="2026-10-06T13:09:28Z" level=warning msg="Request Failed" error="Post \"http://auth-service.ecommerce.svc.cluster.local:8001/auth/login\": request timeout"
time="2026-10-06T13:09:29Z" level=warning msg="Request Failed" error="Post \"http://auth-service.ecommerce.svc.cluster.local:8001/auth/login\": request timeout"

running (05m48.8s), 061/225 VUs, 6903 complete and 0 interrupted iterations
openloop_spike   [  48% ] 061/225 VUs  05m48.8s/12m0s  30.00 iters/s

running (05m49.8s), 073/225 VUs, 6921 complete and 0 interrupted iterations
openloop_spike   [  49% ] 073/225 VUs  05m49.8s/12m0s  30.00 iters/s
time="2026-10-06T13:09:31Z" level=warning msg="Request Failed" error="Post \"http://auth-service.ecommerce.svc.cluster.local:8001/auth/login\": request timeout"
time="2026-10-06T13:09:31Z" level=warning msg="Request Failed" error="Post \"http://auth-service.ecommerce.svc.cluster.local:8001/auth/login\": request timeout"
time="2026-10-06T13:09:31Z" level=warning msg="Request Failed" error="Post \"http://auth-service.ecommerce.svc.cluster.local:8001/auth/login\": request timeout"
time="2026-10-06T13:09:31Z" level=warning msg="Request Failed" error="Post \"http://auth-service.ecommerce.svc.cluster.local:8001/auth/login\": request timeout"

running (05m50.8s), 079/225 VUs, 6945 complete and 0 interrupted iterations
openloop_spike   [  49% ] 079/225 VUs  05m50.8s/12m0s  30.00 iters/s

running (05m51.8s), 086/225 VUs, 6968 complete and 0 interrupted iterations
openloop_spike   [  49% ] 086/225 VUs  05m51.8s/12m0s  30.00 iters/s
time="2026-10-06T13:09:33Z" level=warning msg="Request Failed" error="Post \"http://auth-service.ecommerce.svc.cluster.local:8001/auth/login\": request timeout"
time="2026-10-06T13:09:33Z" level=warning msg="Request Failed" error="Post \"http://auth-service.ecommerce.svc.cluster.local:8001/auth/login\": request timeout"

running (05m52.8s), 092/225 VUs, 6992 complete and 0 interrupted iterations
openloop_spike   [  49% ] 092/225 VUs  05m52.8s/12m0s  30.00 iters/s
time="2026-10-06T13:09:34Z" level=warning msg="Request Failed" error="Post \"http://auth-service.ecommerce.svc.cluster.local:8001/auth/login\": request timeout"
time="2026-10-06T13:09:34Z" level=warning msg="Request Failed" error="Post \"http://auth-service.ecommerce.svc.cluster.local:8001/auth/login\": request timeout"

running (05m53.8s), 093/225 VUs, 7021 complete and 0 interrupted iterations
openloop_spike   [  49% ] 093/225 VUs  05m53.8s/12m0s  30.00 iters/s

running (05m54.8s), 075/225 VUs, 7069 complete and 0 interrupted iterations
openloop_spike   [  49% ] 075/225 VUs  05m54.8s/12m0s  30.00 iters/s

running (05m55.8s), 083/225 VUs, 7091 complete and 0 interrupted iterations
openloop_spike   [  49% ] 083/225 VUs  05m55.8s/12m0s  30.00 iters/s
time="2026-10-06T13:09:37Z" level=warning msg="Request Failed" error="Post \"http://auth-service.ecommerce.svc.cluster.local:8001/auth/login\": request timeout"

running (05m56.8s), 087/225 VUs, 7117 complete and 0 interrupted iterations
openloop_spike   [  50% ] 087/225 VUs  05m56.8s/12m0s  30.00 iters/s
time="2026-10-06T13:09:38Z" level=warning msg="Request Failed" error="Post \"http://auth-service.ecommerce.svc.cluster.local:8001/auth/login\": request timeout"
time="2026-10-06T13:09:38Z" level=warning msg="Request Failed" error="Post \"http://auth-service.ecommerce.svc.cluster.local:8001/auth/login\": request timeout"
time="2026-10-06T13:09:38Z" level=warning msg="Request Failed" error="Post \"http://auth-service.ecommerce.svc.cluster.local:8001/auth/login\": request timeout"

running (05m57.8s), 110/225 VUs, 7124 complete and 0 interrupted iterations
openloop_spike   [  50% ] 110/225 VUs  05m57.8s/12m0s  30.00 iters/s
time="2026-10-06T13:09:39Z" level=warning msg="Request Failed" error="Post \"http://auth-service.ecommerce.svc.cluster.local:8001/auth/login\": request timeout"

running (05m58.8s), 105/225 VUs, 7159 complete and 0 interrupted iterations
openloop_spike   [  50% ] 105/225 VUs  05m58.8s/12m0s  30.00 iters/s
time="2026-10-06T13:09:40Z" level=warning msg="Request Failed" error="Post \"http://auth-service.ecommerce.svc.cluster.local:8001/auth/login\": request timeout"
time="2026-10-06T13:09:40Z" level=warning msg="Request Failed" error="Post \"http://auth-service.ecommerce.svc.cluster.local:8001/auth/login\": request timeout"
time="2026-10-06T13:09:40Z" level=warning msg="Request Failed" error="Post \"http://auth-service.ecommerce.svc.cluster.local:8001/auth/login\": request timeout"

running (05m59.8s), 102/225 VUs, 7192 complete and 0 interrupted iterations
openloop_spike   [  50% ] 102/225 VUs  05m59.8s/12m0s  30.00 iters/s
time="2026-10-06T13:09:41Z" level=warning msg="Request Failed" error="Post \"http://auth-service.ecommerce.svc.cluster.local:8001/auth/login\": request timeout"

running (06m00.8s), 103/225 VUs, 7221 complete and 0 interrupted iterations
openloop_spike   [  50% ] 103/225 VUs  06m00.8s/12m0s  30.00 iters/s

running (06m01.8s), 083/225 VUs, 7271 complete and 0 interrupted iterations
openloop_spike   [  50% ] 083/225 VUs  06m01.8s/12m0s  30.00 iters/s
time="2026-10-06T13:09:43Z" level=warning msg="Request Failed" error="Post \"http://auth-service.ecommerce.svc.cluster.local:8001/auth/login\": request timeout"

running (06m02.8s), 088/225 VUs, 7296 complete and 0 interrupted iterations
openloop_spike   [  50% ] 088/225 VUs  06m02.8s/12m0s  30.00 iters/s
time="2026-10-06T13:09:44Z" level=warning msg="Request Failed" error="Post \"http://auth-service.ecommerce.svc.cluster.local:8001/auth/login\": request timeout"
time="2026-10-06T13:09:44Z" level=warning msg="Request Failed" error="Post \"http://auth-service.ecommerce.svc.cluster.local:8001/auth/login\": request timeout"
time="2026-10-06T13:09:44Z" level=warning msg="Request Failed" error="Post \"http://auth-service.ecommerce.svc.cluster.local:8001/auth/login\": request timeout"

running (06m03.8s), 086/225 VUs, 7328 complete and 0 interrupted iterations
openloop_spike   [  51% ] 086/225 VUs  06m03.8s/12m0s  30.00 iters/s
time="2026-10-06T13:09:45Z" level=warning msg="Request Failed" error="Post \"http://auth-service.ecommerce.svc.cluster.local:8001/auth/login\": request timeout"
time="2026-10-06T13:09:45Z" level=warning msg="Request Failed" error="Post \"http://auth-service.ecommerce.svc.cluster.local:8001/auth/login\": request timeout"

running (06m04.8s), 080/225 VUs, 7364 complete and 0 interrupted iterations
openloop_spike   [  51% ] 080/225 VUs  06m04.8s/12m0s  30.00 iters/s
time="2026-10-06T13:09:46Z" level=warning msg="Request Failed" error="Post \"http://auth-service.ecommerce.svc.cluster.local:8001/auth/login\": request timeout"

running (06m05.8s), 073/225 VUs, 7401 complete and 0 interrupted iterations
openloop_spike   [  51% ] 073/225 VUs  06m05.8s/12m0s  30.00 iters/s

running (06m06.8s), 064/225 VUs, 7440 complete and 0 interrupted iterations
openloop_spike   [  51% ] 064/225 VUs  06m06.8s/12m0s  30.00 iters/s
time="2026-10-06T13:09:48Z" level=warning msg="Request Failed" error="Post \"http://auth-service.ecommerce.svc.cluster.local:8001/auth/login\": request timeout"
time="2026-10-06T13:09:48Z" level=warning msg="Request Failed" error="Post \"http://auth-service.ecommerce.svc.cluster.local:8001/auth/login\": request timeout"
time="2026-10-06T13:09:48Z" level=warning msg="Request Failed" error="Post \"http://auth-service.ecommerce.svc.cluster.local:8001/auth/login\": request timeout"
time="2026-10-06T13:09:48Z" level=warning msg="Request Failed" error="Post \"http://auth-service.ecommerce.svc.cluster.local:8001/auth/login\": request timeout"

running (06m07.8s), 064/225 VUs, 7470 complete and 0 interrupted iterations
openloop_spike   [  51% ] 064/225 VUs  06m07.8s/12m0s  30.00 iters/s

running (06m08.8s), 069/225 VUs, 7495 complete and 0 interrupted iterations
openloop_spike   [  51% ] 069/225 VUs  06m08.8s/12m0s  30.00 iters/s
time="2026-10-06T13:09:50Z" level=warning msg="Request Failed" error="Post \"http://auth-service.ecommerce.svc.cluster.local:8001/auth/login\": request timeout"

running (06m09.8s), 070/225 VUs, 7524 complete and 0 interrupted iterations
openloop_spike   [  51% ] 070/225 VUs  06m09.8s/12m0s  30.00 iters/s
time="2026-10-06T13:09:51Z" level=warning msg="Request Failed" error="Post \"http://auth-service.ecommerce.svc.cluster.local:8001/auth/login\": request timeout"

running (06m10.8s), 060/225 VUs, 7564 complete and 0 interrupted iterations
openloop_spike   [  52% ] 060/225 VUs  06m10.8s/12m0s  30.00 iters/s
time="2026-10-06T13:09:51Z" level=warning msg="Request Failed" error="Post \"http://auth-service.ecommerce.svc.cluster.local:8001/auth/login\": request timeout"

running (06m11.8s), 061/225 VUs, 7593 complete and 0 interrupted iterations
openloop_spike   [  52% ] 061/225 VUs  06m11.8s/12m0s  30.00 iters/s
time="2026-10-06T13:09:53Z" level=warning msg="Request Failed" error="Post \"http://auth-service.ecommerce.svc.cluster.local:8001/auth/login\": request timeout"

running (06m12.8s), 076/225 VUs, 7608 complete and 0 interrupted iterations
openloop_spike   [  52% ] 076/225 VUs  06m12.8s/12m0s  30.00 iters/s
time="2026-10-06T13:09:54Z" level=warning msg="Request Failed" error="Post \"http://auth-service.ecommerce.svc.cluster.local:8001/auth/login\": request timeout"
time="2026-10-06T13:09:54Z" level=warning msg="Request Failed" error="Post \"http://auth-service.ecommerce.svc.cluster.local:8001/auth/login\": request timeout"

running (06m13.8s), 088/225 VUs, 7626 complete and 0 interrupted iterations
openloop_spike   [  52% ] 088/225 VUs  06m13.8s/12m0s  30.00 iters/s
time="2026-10-06T13:09:55Z" level=warning msg="Request Failed" error="Post \"http://auth-service.ecommerce.svc.cluster.local:8001/auth/login\": request timeout"
time="2026-10-06T13:09:55Z" level=warning msg="Request Failed" error="Post \"http://auth-service.ecommerce.svc.cluster.local:8001/auth/login\": request timeout"
time="2026-10-06T13:09:55Z" level=warning msg="Request Failed" error="Post \"http://auth-service.ecommerce.svc.cluster.local:8001/auth/login\": request timeout"
time="2026-10-06T13:09:55Z" level=warning msg="Request Failed" error="Post \"http://auth-service.ecommerce.svc.cluster.local:8001/auth/login\": request timeout"

running (06m14.8s), 096/225 VUs, 7648 complete and 0 interrupted iterations
openloop_spike   [  52% ] 096/225 VUs  06m14.8s/12m0s  30.00 iters/s
time="2026-10-06T13:09:56Z" level=warning msg="Request Failed" error="Post \"http://auth-service.ecommerce.svc.cluster.local:8001/auth/login\": request timeout"

running (06m15.8s), 093/225 VUs, 7681 complete and 0 interrupted iterations
openloop_spike   [  52% ] 093/225 VUs  06m15.8s/12m0s  30.00 iters/s
time="2026-10-06T13:09:57Z" level=warning msg="Request Failed" error="Post \"http://auth-service.ecommerce.svc.cluster.local:8001/auth/login\": request timeout"
time="2026-10-06T13:09:57Z" level=warning msg="Request Failed" error="Post \"http://auth-service.ecommerce.svc.cluster.local:8001/auth/login\": request timeout"

running (06m16.8s), 109/225 VUs, 7695 complete and 0 interrupted iterations
openloop_spike   [  52% ] 109/225 VUs  06m16.8s/12m0s  30.00 iters/s
time="2026-10-06T13:09:58Z" level=warning msg="Request Failed" error="Post \"http://auth-service.ecommerce.svc.cluster.local:8001/auth/login\": request timeout"
time="2026-10-06T13:09:58Z" level=warning msg="Request Failed" error="Post \"http://auth-service.ecommerce.svc.cluster.local:8001/auth/login\": request timeout"

running (06m17.8s), 136/225 VUs, 7698 complete and 0 interrupted iterations
openloop_spike   [  52% ] 136/225 VUs  06m17.8s/12m0s  30.00 iters/s
time="2026-10-06T13:09:58Z" level=warning msg="Request Failed" error="Post \"http://auth-service.ecommerce.svc.cluster.local:8001/auth/login\": request timeout"
time="2026-10-06T13:09:59Z" level=warning msg="Request Failed" error="Post \"http://auth-service.ecommerce.svc.cluster.local:8001/auth/login\": request timeout"
time="2026-10-06T13:09:59Z" level=warning msg="Request Failed" error="Post \"http://auth-service.ecommerce.svc.cluster.local:8001/auth/login\": request timeout"
time="2026-10-06T13:09:59Z" level=warning msg="Request Failed" error="Post \"http://auth-service.ecommerce.svc.cluster.local:8001/auth/login\": request timeout"
time="2026-10-06T13:09:59Z" level=warning msg="Request Failed" error="Post \"http://auth-service.ecommerce.svc.cluster.local:8001/auth/login\": request timeout"
time="2026-10-06T13:09:59Z" level=warning msg="Request Failed" error="Post \"http://auth-service.ecommerce.svc.cluster.local:8001/auth/login\": request timeout"
time="2026-10-06T13:09:59Z" level=warning msg="Request Failed" error="Post \"http://auth-service.ecommerce.svc.cluster.local:8001/auth/login\": request timeout"
time="2026-10-06T13:09:59Z" level=warning msg="Request Failed" error="Get \"http://auth-service.ecommerce.svc.cluster.local:8001/auth/me\": request timeout"
time="2026-10-06T13:09:59Z" level=warning msg="Request Failed" error="Get \"http://auth-service.ecommerce.svc.cluster.local:8001/auth/me\": request timeout"
time="2026-10-06T13:09:59Z" level=warning msg="Request Failed" error="Get \"http://auth-service.ecommerce.svc.cluster.local:8001/auth/me\": request timeout"

running (06m18.8s), 139/225 VUs, 7725 complete and 0 interrupted iterations
openloop_spike   [  53% ] 139/225 VUs  06m18.8s/12m0s  30.00 iters/s
time="2026-10-06T13:09:59Z" level=warning msg="Request Failed" error="Get \"http://auth-service.ecommerce.svc.cluster.local:8001/auth/me\": request timeout"
time="2026-10-06T13:10:00Z" level=warning msg="Request Failed" error="Post \"http://auth-service.ecommerce.svc.cluster.local:8001/auth/login\": request timeout"
time="2026-10-06T13:10:00Z" level=warning msg="Request Failed" error="Post \"http://auth-service.ecommerce.svc.cluster.local:8001/auth/login\": request timeout"
time="2026-10-06T13:10:00Z" level=warning msg="Request Failed" error="Post \"http://auth-service.ecommerce.svc.cluster.local:8001/auth/login\": request timeout"
time="2026-10-06T13:10:00Z" level=warning msg="Request Failed" error="Post \"http://auth-service.ecommerce.svc.cluster.local:8001/auth/login\": request timeout"
time="2026-10-06T13:10:00Z" level=warning msg="Request Failed" error="Post \"http://auth-service.ecommerce.svc.cluster.local:8001/auth/login\": request timeout"
time="2026-10-06T13:10:00Z" level=warning msg="Request Failed" error="Post \"http://auth-service.ecommerce.svc.cluster.local:8001/auth/login\": request timeout"
time="2026-10-06T13:10:00Z" level=warning msg="Request Failed" error="Post \"http://auth-service.ecommerce.svc.cluster.local:8001/auth/login\": request timeout"
time="2026-10-06T13:10:00Z" level=warning msg="Request Failed" error="Post \"http://auth-service.ecommerce.svc.cluster.local:8001/auth/login\": request timeout"

running (06m19.8s), 131/225 VUs, 7763 complete and 0 interrupted iterations
openloop_spike   [  53% ] 131/225 VUs  06m19.8s/12m0s  30.00 iters/s
time="2026-10-06T13:10:01Z" level=warning msg="Request Failed" error="Post \"http://auth-service.ecommerce.svc.cluster.local:8001/auth/login\": request timeout"
time="2026-10-06T13:10:01Z" level=warning msg="Request Failed" error="Post \"http://auth-service.ecommerce.svc.cluster.local:8001/auth/login\": request timeout"
time="2026-10-06T13:10:01Z" level=warning msg="Request Failed" error="Post \"http://auth-service.ecommerce.svc.cluster.local:8001/auth/login\": request timeout"
time="2026-10-06T13:10:01Z" level=warning msg="Request Failed" error="Post \"http://auth-service.ecommerce.svc.cluster.local:8001/auth/login\": request timeout"
time="2026-10-06T13:10:01Z" level=warning msg="Request Failed" error="Get \"http://auth-service.ecommerce.svc.cluster.local:8001/auth/me\": request timeout"
time="2026-10-06T13:10:01Z" level=warning msg="Request Failed" error="Get \"http://auth-service.ecommerce.svc.cluster.local:8001/auth/me\": request timeout"
time="2026-10-06T13:10:01Z" level=warning msg="Request Failed" error="Get \"http://auth-service.ecommerce.svc.cluster.local:8001/auth/me\": request timeout"

running (06m20.8s), 144/225 VUs, 7780 complete and 0 interrupted iterations
openloop_spike   [  53% ] 144/225 VUs  06m20.8s/12m0s  30.00 iters/s
time="2026-10-06T13:10:02Z" level=warning msg="Request Failed" error="Get \"http://auth-service.ecommerce.svc.cluster.local:8001/auth/me\": request timeout"
time="2026-10-06T13:10:02Z" level=warning msg="Request Failed" error="Get \"http://auth-service.ecommerce.svc.cluster.local:8001/auth/me\": request timeout"
time="2026-10-06T13:10:02Z" level=warning msg="Request Failed" error="Get \"http://auth-service.ecommerce.svc.cluster.local:8001/auth/me\": request timeout"
time="2026-10-06T13:10:02Z" level=warning msg="Request Failed" error="Get \"http://auth-service.ecommerce.svc.cluster.local:8001/auth/me\": request timeout"
time="2026-10-06T13:10:02Z" level=warning msg="Request Failed" error="Get \"http://auth-service.ecommerce.svc.cluster.local:8001/auth/me\": request timeout"
time="2026-10-06T13:10:02Z" level=warning msg="Request Failed" error="Get \"http://auth-service.ecommerce.svc.cluster.local:8001/auth/me\": request timeout"
time="2026-10-06T13:10:02Z" level=warning msg="Request Failed" error="Post \"http://auth-service.ecommerce.svc.cluster.local:8001/auth/login\": request timeout"
time="2026-10-06T13:10:02Z" level=warning msg="Request Failed" error="Get \"http://auth-service.ecommerce.svc.cluster.local:8001/auth/me\": request timeout"
time="2026-10-06T13:10:02Z" level=warning msg="Request Failed" error="Get \"http://auth-service.ecommerce.svc.cluster.local:8001/auth/me\": request timeout"
time="2026-10-06T13:10:02Z" level=warning msg="Request Failed" error="Get \"http://auth-service.ecommerce.svc.cluster.local:8001/auth/me\": request timeout"
time="2026-10-06T13:10:02Z" level=warning msg="Request Failed" error="Get \"http://auth-service.ecommerce.svc.cluster.local:8001/auth/me\": request timeout"
time="2026-10-06T13:10:02Z" level=warning msg="Request Failed" error="Get \"http://auth-service.ecommerce.svc.cluster.local:8001/auth/me\": request timeout"
time="2026-10-06T13:10:02Z" level=warning msg="Request Failed" error="Get \"http://auth-service.ecommerce.svc.cluster.local:8001/auth/me\": request timeout"
time="2026-10-06T13:10:02Z" level=warning msg="Request Failed" error="Post \"http://auth-service.ecommerce.svc.cluster.local:8001/auth/login\": request timeout"
time="2026-10-06T13:10:02Z" level=warning msg="Request Failed" error="Get \"http://auth-service.ecommerce.svc.cluster.local:8001/auth/me\": request timeout"

running (06m21.8s), 148/225 VUs, 7806 complete and 0 interrupted iterations
openloop_spike   [  53% ] 148/225 VUs  06m21.8s/12m0s  30.00 iters/s
time="2026-10-06T13:10:03Z" level=warning msg="Request Failed" error="Post \"http://auth-service.ecommerce.svc.cluster.local:8001/auth/login\": request timeout"
time="2026-10-06T13:10:03Z" level=warning msg="Request Failed" error="Post \"http://auth-service.ecommerce.svc.cluster.local:8001/auth/login\": request timeout"
time="2026-10-06T13:10:03Z" level=warning msg="Request Failed" error="Post \"http://auth-service.ecommerce.svc.cluster.local:8001/auth/login\": request timeout"
time="2026-10-06T13:10:03Z" level=warning msg="Request Failed" error="Get \"http://auth-service.ecommerce.svc.cluster.local:8001/auth/me\": request timeout"
time="2026-10-06T13:10:03Z" level=warning msg="Request Failed" error="Get \"http://auth-service.ecommerce.svc.cluster.local:8001/auth/me\": request timeout"
time="2026-10-06T13:10:03Z" level=warning msg="Request Failed" error="Get \"http://auth-service.ecommerce.svc.cluster.local:8001/auth/me\": request timeout"
time="2026-10-06T13:10:03Z" level=warning msg="Request Failed" error="Post \"http://auth-service.ecommerce.svc.cluster.local:8001/auth/login\": request timeout"
time="2026-10-06T13:10:03Z" level=warning msg="Request Failed" error="Post \"http://auth-service.ecommerce.svc.cluster.local:8001/auth/login\": request timeout"
time="2026-10-06T13:10:03Z" level=warning msg="Request Failed" error="Post \"http://auth-service.ecommerce.svc.cluster.local:8001/auth/login\": request timeout"
time="2026-10-06T13:10:03Z" level=warning msg="Request Failed" error="Get \"http://auth-service.ecommerce.svc.cluster.local:8001/auth/me\": request timeout"
time="2026-10-06T13:10:03Z" level=warning msg="Request Failed" error="Post \"http://auth-service.ecommerce.svc.cluster.local:8001/auth/login\": request timeout"
time="2026-10-06T13:10:03Z" level=warning msg="Request Failed" error="Post \"http://auth-service.ecommerce.svc.cluster.local:8001/auth/login\": request timeout"
time="2026-10-06T13:10:03Z" level=warning msg="Request Failed" error="Get \"http://auth-service.ecommerce.svc.cluster.local:8001/auth/me\": request timeout"
time="2026-10-06T13:10:03Z" level=warning msg="Request Failed" error="Get \"http://auth-service.ecommerce.svc.cluster.local:8001/auth/me\": request timeout"
time="2026-10-06T13:10:03Z" level=warning msg="Request Failed" error="Post \"http://auth-service.ecommerce.svc.cluster.local:8001/auth/login\": request timeout"
time="2026-10-06T13:10:03Z" level=warning msg="Request Failed" error="Get \"http://auth-service.ecommerce.svc.cluster.local:8001/auth/me\": request timeout"
time="2026-10-06T13:10:03Z" level=warning msg="Request Failed" error="Get \"http://auth-service.ecommerce.svc.cluster.local:8001/auth/me\": request timeout"
time="2026-10-06T13:10:03Z" level=warning msg="Request Failed" error="Post \"http://auth-service.ecommerce.svc.cluster.local:8001/auth/login\": request timeout"
time="2026-10-06T13:10:03Z" level=warning msg="Request Failed" error="Get \"http://auth-service.ecommerce.svc.cluster.local:8001/auth/me\": request timeout"

running (06m22.8s), 150/225 VUs, 7834 complete and 0 interrupted iterations
openloop_spike   [  53% ] 150/225 VUs  06m22.8s/12m0s  30.00 iters/s
time="2026-10-06T13:10:03Z" level=warning msg="Request Failed" error="Post \"http://auth-service.ecommerce.svc.cluster.local:8001/auth/login\": request timeout"
time="2026-10-06T13:10:04Z" level=warning msg="Request Failed" error="Post \"http://auth-service.ecommerce.svc.cluster.local:8001/auth/login\": request timeout"
time="2026-10-06T13:10:04Z" level=warning msg="Request Failed" error="Get \"http://auth-service.ecommerce.svc.cluster.local:8001/auth/me\": request timeout"
time="2026-10-06T13:10:04Z" level=warning msg="Request Failed" error="Get \"http://auth-service.ecommerce.svc.cluster.local:8001/auth/me\": request timeout"
time="2026-10-06T13:10:04Z" level=warning msg="Request Failed" error="Get \"http://auth-service.ecommerce.svc.cluster.local:8001/auth/me\": request timeout"
time="2026-10-06T13:10:04Z" level=warning msg="Request Failed" error="Post \"http://auth-service.ecommerce.svc.cluster.local:8001/auth/login\": request timeout"
time="2026-10-06T13:10:04Z" level=warning msg="Request Failed" error="Get \"http://auth-service.ecommerce.svc.cluster.local:8001/auth/me\": request timeout"
time="2026-10-06T13:10:04Z" level=warning msg="Request Failed" error="Get \"http://auth-service.ecommerce.svc.cluster.local:8001/auth/me\": request timeout"
time="2026-10-06T13:10:04Z" level=warning msg="Request Failed" error="Get \"http://auth-service.ecommerce.svc.cluster.local:8001/auth/me\": request timeout"
time="2026-10-06T13:10:04Z" level=warning msg="Request Failed" error="Post \"http://auth-service.ecommerce.svc.cluster.local:8001/auth/login\": request timeout"
time="2026-10-06T13:10:04Z" level=warning msg="Request Failed" error="Post \"http://auth-service.ecommerce.svc.cluster.local:8001/auth/login\": request timeout"
time="2026-10-06T13:10:04Z" level=warning msg="Request Failed" error="Post \"http://auth-service.ecommerce.svc.cluster.local:8001/auth/login\": request timeout"
time="2026-10-06T13:10:04Z" level=warning msg="Request Failed" error="Get \"http://auth-service.ecommerce.svc.cluster.local:8001/auth/me\": request timeout"
time="2026-10-06T13:10:04Z" level=warning msg="Request Failed" error="Post \"http://auth-service.ecommerce.svc.cluster.local:8001/auth/login\": request timeout"
time="2026-10-06T13:10:04Z" level=warning msg="Request Failed" error="Post \"http://auth-service.ecommerce.svc.cluster.local:8001/auth/login\": request timeout"
time="2026-10-06T13:10:04Z" level=warning msg="Request Failed" error="Get \"http://auth-service.ecommerce.svc.cluster.local:8001/auth/me\": request timeout"
time="2026-10-06T13:10:04Z" level=warning msg="Request Failed" error="Get \"http://auth-service.ecommerce.svc.cluster.local:8001/auth/me\": request timeout"
time="2026-10-06T13:10:04Z" level=warning msg="Request Failed" error="Post \"http://auth-service.ecommerce.svc.cluster.local:8001/auth/login\": request timeout"
time="2026-10-06T13:10:04Z" level=warning msg="Request Failed" error="Get \"http://auth-service.ecommerce.svc.cluster.local:8001/auth/me\": request timeout"
time="2026-10-06T13:10:04Z" level=warning msg="Request Failed" error="Get \"http://auth-service.ecommerce.svc.cluster.local:8001/auth/me\": request timeout"
time="2026-10-06T13:10:04Z" level=warning msg="Request Failed" error="Get \"http://auth-service.ecommerce.svc.cluster.local:8001/auth/me\": request timeout"
time="2026-10-06T13:10:04Z" level=warning msg="Request Failed" error="Post \"http://auth-service.ecommerce.svc.cluster.local:8001/auth/login\": request timeout"
time="2026-10-06T13:10:04Z" level=warning msg="Request Failed" error="Get \"http://auth-service.ecommerce.svc.cluster.local:8001/auth/me\": request timeout"
time="2026-10-06T13:10:04Z" level=warning msg="Request Failed" error="Get \"http://auth-service.ecommerce.svc.cluster.local:8001/auth/me\": request timeout"
time="2026-10-06T13:10:04Z" level=warning msg="Request Failed" error="Get \"http://auth-service.ecommerce.svc.cluster.local:8001/auth/me\": request timeout"
time="2026-10-06T13:10:04Z" level=warning msg="Request Failed" error="Get \"http://auth-service.ecommerce.svc.cluster.local:8001/auth/me\": request timeout"
time="2026-10-06T13:10:04Z" level=warning msg="Request Failed" error="Get \"http://auth-service.ecommerce.svc.cluster.local:8001/auth/me\": request timeout"
time="2026-10-06T13:10:04Z" level=warning msg="Request Failed" error="Post \"http://auth-service.ecommerce.svc.cluster.local:8001/auth/login\": request timeout"
time="2026-10-06T13:10:04Z" level=warning msg="Request Failed" error="Get \"http://auth-service.ecommerce.svc.cluster.local:8001/auth/me\": request timeout"

running (06m23.8s), 146/225 VUs, 7868 complete and 0 interrupted iterations
openloop_spike   [  53% ] 146/225 VUs  06m23.8s/12m0s  30.00 iters/s
time="2026-10-06T13:10:04Z" level=warning msg="Request Failed" error="Get \"http://auth-service.ecommerce.svc.cluster.local:8001/auth/me\": request timeout"
time="2026-10-06T13:10:05Z" level=warning msg="Request Failed" error="Get \"http://auth-service.ecommerce.svc.cluster.local:8001/auth/me\": request timeout"
time="2026-10-06T13:10:05Z" level=warning msg="Request Failed" error="Get \"http://auth-service.ecommerce.svc.cluster.local:8001/auth/me\": request timeout"
time="2026-10-06T13:10:05Z" level=warning msg="Request Failed" error="Get \"http://auth-service.ecommerce.svc.cluster.local:8001/auth/me\": request timeout"
time="2026-10-06T13:10:05Z" level=warning msg="Request Failed" error="Post \"http://auth-service.ecommerce.svc.cluster.local:8001/auth/login\": request timeout"
time="2026-10-06T13:10:05Z" level=warning msg="Request Failed" error="Post \"http://auth-service.ecommerce.svc.cluster.local:8001/auth/login\": request timeout"
time="2026-10-06T13:10:05Z" level=warning msg="Request Failed" error="Post \"http://auth-service.ecommerce.svc.cluster.local:8001/auth/login\": request timeout"
time="2026-10-06T13:10:05Z" level=warning msg="Request Failed" error="Post \"http://auth-service.ecommerce.svc.cluster.local:8001/auth/login\": request timeout"
time="2026-10-06T13:10:05Z" level=warning msg="Request Failed" error="request timeout"
time="2026-10-06T13:10:05Z" level=warning msg="Request Failed" error="request timeout"
time="2026-10-06T13:10:05Z" level=warning msg="Request Failed" error="Get \"http://auth-service.ecommerce.svc.cluster.local:8001/auth/me\": request timeout"
time="2026-10-06T13:10:05Z" level=warning msg="Request Failed" error="request timeout"
time="2026-10-06T13:10:05Z" level=warning msg="Request Failed" error="Post \"http://auth-service.ecommerce.svc.cluster.local:8001/auth/login\": request timeout"
time="2026-10-06T13:10:05Z" level=warning msg="Request Failed" error="Post \"http://auth-service.ecommerce.svc.cluster.local:8001/auth/login\": request timeout"
time="2026-10-06T13:10:05Z" level=warning msg="Request Failed" error="Post \"http://auth-service.ecommerce.svc.cluster.local:8001/auth/login\": request timeout"
time="2026-10-06T13:10:05Z" level=warning msg="Request Failed" error="Get \"http://auth-service.ecommerce.svc.cluster.local:8001/auth/me\": request timeout"

running (06m24.8s), 141/225 VUs, 7903 complete and 0 interrupted iterations
openloop_spike   [  53% ] 141/225 VUs  06m24.8s/12m0s  30.00 iters/s
time="2026-10-06T13:10:05Z" level=warning msg="Request Failed" error="Get \"http://auth-service.ecommerce.svc.cluster.local:8001/auth/me\": request timeout"
time="2026-10-06T13:10:06Z" level=warning msg="Request Failed" error="Post \"http://auth-service.ecommerce.svc.cluster.local:8001/auth/login\": request timeout"
time="2026-10-06T13:10:06Z" level=warning msg="Request Failed" error="Post \"http://auth-service.ecommerce.svc.cluster.local:8001/auth/login\": request timeout"
time="2026-10-06T13:10:06Z" level=warning msg="Request Failed" error="Get \"http://auth-service.ecommerce.svc.cluster.local:8001/auth/me\": request timeout"
time="2026-10-06T13:10:06Z" level=warning msg="Request Failed" error="Get \"http://auth-service.ecommerce.svc.cluster.local:8001/auth/me\": request timeout"
time="2026-10-06T13:10:06Z" level=warning msg="Request Failed" error="Get \"http://auth-service.ecommerce.svc.cluster.local:8001/auth/me\": request timeout"
time="2026-10-06T13:10:06Z" level=warning msg="Request Failed" error="Get \"http://auth-service.ecommerce.svc.cluster.local:8001/auth/me\": request timeout"
time="2026-10-06T13:10:06Z" level=warning msg="Request Failed" error="Post \"http://auth-service.ecommerce.svc.cluster.local:8001/auth/login\": request timeout"
time="2026-10-06T13:10:06Z" level=warning msg="Request Failed" error="Get \"http://auth-service.ecommerce.svc.cluster.local:8001/auth/me\": request timeout"
time="2026-10-06T13:10:06Z" level=warning msg="Request Failed" error="Post \"http://auth-service.ecommerce.svc.cluster.local:8001/auth/login\": request timeout"
time="2026-10-06T13:10:06Z" level=warning msg="Request Failed" error="Get \"http://auth-service.ecommerce.svc.cluster.local:8001/auth/me\": request timeout"
time="2026-10-06T13:10:06Z" level=warning msg="Request Failed" error="Get \"http://auth-service.ecommerce.svc.cluster.local:8001/auth/me\": request timeout"
time="2026-10-06T13:10:06Z" level=warning msg="Request Failed" error="Get \"http://auth-service.ecommerce.svc.cluster.local:8001/auth/me\": request timeout"
time="2026-10-06T13:10:06Z" level=warning msg="Request Failed" error="Get \"http://auth-service.ecommerce.svc.cluster.local:8001/auth/me\": request timeout"
time="2026-10-06T13:10:06Z" level=warning msg="Request Failed" error="Post \"http://auth-service.ecommerce.svc.cluster.local:8001/auth/login\": request timeout"

running (06m25.8s), 147/225 VUs, 7927 complete and 0 interrupted iterations
openloop_spike   [  54% ] 147/225 VUs  06m25.8s/12m0s  30.00 iters/s
time="2026-10-06T13:10:07Z" level=warning msg="Request Failed" error="Get \"http://auth-service.ecommerce.svc.cluster.local:8001/auth/me\": request timeout"
time="2026-10-06T13:10:07Z" level=warning msg="Request Failed" error="Get \"http://auth-service.ecommerce.svc.cluster.local:8001/auth/me\": request timeout"
time="2026-10-06T13:10:07Z" level=warning msg="Request Failed" error="Get \"http://auth-service.ecommerce.svc.cluster.local:8001/auth/me\": request timeout"
time="2026-10-06T13:10:07Z" level=warning msg="Request Failed" error="Post \"http://auth-service.ecommerce.svc.cluster.local:8001/auth/login\": request timeout"
time="2026-10-06T13:10:07Z" level=warning msg="Request Failed" error="Get \"http://auth-service.ecommerce.svc.cluster.local:8001/auth/me\": request timeout"
time="2026-10-06T13:10:07Z" level=warning msg="Request Failed" error="Post \"http://auth-service.ecommerce.svc.cluster.local:8001/auth/login\": request timeout"
time="2026-10-06T13:10:07Z" level=warning msg="Request Failed" error="Get \"http://auth-service.ecommerce.svc.cluster.local:8001/auth/me\": request timeout"
time="2026-10-06T13:10:07Z" level=warning msg="Request Failed" error="Post \"http://auth-service.ecommerce.svc.cluster.local:8001/auth/login\": request timeout"
time="2026-10-06T13:10:07Z" level=warning msg="Request Failed" error="Get \"http://auth-service.ecommerce.svc.cluster.local:8001/auth/me\": request timeout"
time="2026-10-06T13:10:07Z" level=warning msg="Request Failed" error="Post \"http://auth-service.ecommerce.svc.cluster.local:8001/auth/login\": request timeout"
time="2026-10-06T13:10:07Z" level=warning msg="Request Failed" error="Post \"http://auth-service.ecommerce.svc.cluster.local:8001/auth/login\": request timeout"
time="2026-10-06T13:10:07Z" level=warning msg="Request Failed" error="Post \"http://auth-service.ecommerce.svc.cluster.local:8001/auth/login\": request timeout"
time="2026-10-06T13:10:07Z" level=warning msg="Request Failed" error="Get \"http://auth-service.ecommerce.svc.cluster.local:8001/auth/me\": request timeout"
time="2026-10-06T13:10:07Z" level=warning msg="Request Failed" error="Get \"http://auth-service.ecommerce.svc.cluster.local:8001/auth/me\": request timeout"
time="2026-10-06T13:10:07Z" level=warning msg="Request Failed" error="Get \"http://auth-service.ecommerce.svc.cluster.local:8001/auth/me\": request timeout"

running (06m26.8s), 150/225 VUs, 7954 complete and 0 interrupted iterations
openloop_spike   [  54% ] 150/225 VUs  06m26.8s/12m0s  30.00 iters/s
time="2026-10-06T13:10:07Z" level=warning msg="Request Failed" error="Post \"http://auth-service.ecommerce.svc.cluster.local:8001/auth/login\": request timeout"
time="2026-10-06T13:10:08Z" level=warning msg="Request Failed" error="Post \"http://auth-service.ecommerce.svc.cluster.local:8001/auth/login\": request timeout"
time="2026-10-06T13:10:08Z" level=warning msg="Request Failed" error="Get \"http://auth-service.ecommerce.svc.cluster.local:8001/auth/me\": request timeout"
time="2026-10-06T13:10:08Z" level=warning msg="Request Failed" error="Post \"http://auth-service.ecommerce.svc.cluster.local:8001/auth/login\": request timeout"
time="2026-10-06T13:10:08Z" level=warning msg="Request Failed" error="Post \"http://auth-service.ecommerce.svc.cluster.local:8001/auth/login\": request timeout"
time="2026-10-06T13:10:08Z" level=warning msg="Request Failed" error="Get \"http://auth-service.ecommerce.svc.cluster.local:8001/auth/me\": request timeout"
time="2026-10-06T13:10:08Z" level=warning msg="Request Failed" error="Get \"http://auth-service.ecommerce.svc.cluster.local:8001/auth/me\": request timeout"
time="2026-10-06T13:10:08Z" level=warning msg="Request Failed" error="Get \"http://auth-service.ecommerce.svc.cluster.local:8001/auth/me\": request timeout"
time="2026-10-06T13:10:08Z" level=warning msg="Request Failed" error="Get \"http://auth-service.ecommerce.svc.cluster.local:8001/auth/me\": request timeout"
time="2026-10-06T13:10:08Z" level=warning msg="Request Failed" error="Get \"http://auth-service.ecommerce.svc.cluster.local:8001/auth/me\": request timeout"
time="2026-10-06T13:10:08Z" level=warning msg="Request Failed" error="Post \"http://auth-service.ecommerce.svc.cluster.local:8001/auth/login\": request timeout"
time="2026-10-06T13:10:08Z" level=warning msg="Request Failed" error="Post \"http://auth-service.ecommerce.svc.cluster.local:8001/auth/login\": request timeout"
time="2026-10-06T13:10:08Z" level=warning msg="Request Failed" error="Post \"http://auth-service.ecommerce.svc.cluster.local:8001/auth/login\": request timeout"
time="2026-10-06T13:10:08Z" level=warning msg="Request Failed" error="Get \"http://auth-service.ecommerce.svc.cluster.local:8001/auth/me\": request timeout"
time="2026-10-06T13:10:08Z" level=warning msg="Request Failed" error="Get \"http://auth-service.ecommerce.svc.cluster.local:8001/auth/me\": request timeout"
time="2026-10-06T13:10:08Z" level=warning msg="Request Failed" error="Get \"http://auth-service.ecommerce.svc.cluster.local:8001/auth/me\": request timeout"
time="2026-10-06T13:10:08Z" level=warning msg="Request Failed" error="Get \"http://auth-service.ecommerce.svc.cluster.local:8001/auth/me\": request timeout"
time="2026-10-06T13:10:08Z" level=warning msg="Request Failed" error="Post \"http://auth-service.ecommerce.svc.cluster.local:8001/auth/login\": request timeout"
time="2026-10-06T13:10:08Z" level=warning msg="Request Failed" error="Post \"http://auth-service.ecommerce.svc.cluster.local:8001/auth/login\": request timeout"
time="2026-10-06T13:10:08Z" level=warning msg="Request Failed" error="Get \"http://auth-service.ecommerce.svc.cluster.local:8001/auth/me\": request timeout"
time="2026-10-06T13:10:08Z" level=warning msg="Request Failed" error="Get \"http://auth-service.ecommerce.svc.cluster.local:8001/auth/me\": request timeout"
time="2026-10-06T13:10:08Z" level=warning msg="Request Failed" error="Get \"http://auth-service.ecommerce.svc.cluster.local:8001/auth/me\": request timeout"
time="2026-10-06T13:10:08Z" level=warning msg="Request Failed" error="Get \"http://auth-service.ecommerce.svc.cluster.local:8001/auth/me\": request timeout"
time="2026-10-06T13:10:08Z" level=warning msg="Request Failed" error="Get \"http://auth-service.ecommerce.svc.cluster.local:8001/auth/me\": request timeout"
time="2026-10-06T13:10:08Z" level=warning msg="Request Failed" error="Get \"http://auth-service.ecommerce.svc.cluster.local:8001/auth/me\": request timeout"
time="2026-10-06T13:10:08Z" level=warning msg="Request Failed" error="Post \"http://auth-service.ecommerce.svc.cluster.local:8001/auth/login\": request timeout"

running (06m27.8s), 150/225 VUs, 7984 complete and 0 interrupted iterations
openloop_spike   [  54% ] 150/225 VUs  06m27.8s/12m0s  30.00 iters/s
time="2026-10-06T13:10:08Z" level=warning msg="Request Failed" error="Get \"http://auth-service.ecommerce.svc.cluster.local:8001/auth/me\": request timeout"
time="2026-10-06T13:10:09Z" level=warning msg="Request Failed" error="Get \"http://auth-service.ecommerce.svc.cluster.local:8001/auth/me\": request timeout"
time="2026-10-06T13:10:09Z" level=warning msg="Request Failed" error="Get \"http://auth-service.ecommerce.svc.cluster.local:8001/auth/me\": request timeout"
time="2026-10-06T13:10:09Z" level=warning msg="Request Failed" error="Get \"http://auth-service.ecommerce.svc.cluster.local:8001/auth/me\": request timeout"
time="2026-10-06T13:10:09Z" level=warning msg="Request Failed" error="Get \"http://auth-service.ecommerce.svc.cluster.local:8001/auth/me\": request timeout"
time="2026-10-06T13:10:09Z" level=warning msg="Request Failed" error="Get \"http://auth-service.ecommerce.svc.cluster.local:8001/auth/me\": request timeout"
time="2026-10-06T13:10:09Z" level=warning msg="Request Failed" error="Get \"http://auth-service.ecommerce.svc.cluster.local:8001/auth/me\": request timeout"
time="2026-10-06T13:10:09Z" level=warning msg="Request Failed" error="Post \"http://auth-service.ecommerce.svc.cluster.local:8001/auth/login\": request timeout"
time="2026-10-06T13:10:09Z" level=warning msg="Request Failed" error="Get \"http://auth-service.ecommerce.svc.cluster.local:8001/auth/me\": request timeout"
time="2026-10-06T13:10:09Z" level=warning msg="Request Failed" error="Post \"http://auth-service.ecommerce.svc.cluster.local:8001/auth/login\": request timeout"
time="2026-10-06T13:10:09Z" level=warning msg="Request Failed" error="Post \"http://auth-service.ecommerce.svc.cluster.local:8001/auth/login\": request timeout"
time="2026-10-06T13:10:09Z" level=warning msg="Request Failed" error="Get \"http://auth-service.ecommerce.svc.cluster.local:8001/auth/me\": request timeout"
time="2026-10-06T13:10:09Z" level=warning msg="Request Failed" error="Get \"http://auth-service.ecommerce.svc.cluster.local:8001/auth/me\": request timeout"
time="2026-10-06T13:10:09Z" level=warning msg="Request Failed" error="Get \"http://auth-service.ecommerce.svc.cluster.local:8001/auth/me\": request timeout"
time="2026-10-06T13:10:09Z" level=warning msg="Request Failed" error="Get \"http://auth-service.ecommerce.svc.cluster.local:8001/auth/me\": request timeout"
time="2026-10-06T13:10:09Z" level=warning msg="Request Failed" error="Get \"http://auth-service.ecommerce.svc.cluster.local:8001/auth/me\": request timeout"
time="2026-10-06T13:10:09Z" level=warning msg="Request Failed" error="Get \"http://auth-service.ecommerce.svc.cluster.local:8001/auth/me\": request timeout"
time="2026-10-06T13:10:09Z" level=warning msg="Request Failed" error="Get \"http://auth-service.ecommerce.svc.cluster.local:8001/auth/me\": request timeout"
time="2026-10-06T13:10:09Z" level=warning msg="Request Failed" error="Get \"http://auth-service.ecommerce.svc.cluster.local:8001/auth/me\": request timeout"
time="2026-10-06T13:10:09Z" level=warning msg="Request Failed" error="Post \"http://auth-service.ecommerce.svc.cluster.local:8001/auth/login\": request timeout"
time="2026-10-06T13:10:09Z" level=warning msg="Request Failed" error="Get \"http://auth-service.ecommerce.svc.cluster.local:8001/auth/me\": request timeout"
time="2026-10-06T13:10:09Z" level=warning msg="Request Failed" error="Get \"http://auth-service.ecommerce.svc.cluster.local:8001/auth/me\": request timeout"
time="2026-10-06T13:10:09Z" level=warning msg="Request Failed" error="Get \"http://auth-service.ecommerce.svc.cluster.local:8001/auth/me\": request timeout"
time="2026-10-06T13:10:09Z" level=warning msg="Request Failed" error="Post \"http://auth-service.ecommerce.svc.cluster.local:8001/auth/login\": request timeout"
time="2026-10-06T13:10:09Z" level=warning msg="Request Failed" error="Get \"http://auth-service.ecommerce.svc.cluster.local:8001/auth/me\": request timeout"
time="2026-10-06T13:10:09Z" level=warning msg="Request Failed" error="Get \"http://auth-service.ecommerce.svc.cluster.local:8001/auth/me\": request timeout"
time="2026-10-06T13:10:09Z" level=warning msg="Request Failed" error="Get \"http://auth-service.ecommerce.svc.cluster.local:8001/auth/me\": request timeout"
time="2026-10-06T13:10:09Z" level=warning msg="Request Failed" error="Post \"http://auth-service.ecommerce.svc.cluster.local:8001/auth/login\": request timeout"
time="2026-10-06T13:10:09Z" level=warning msg="Request Failed" error="Get \"http://auth-service.ecommerce.svc.cluster.local:8001/auth/me\": request timeout"
time="2026-10-06T13:10:09Z" level=warning msg="Request Failed" error="Get \"http://auth-service.ecommerce.svc.cluster.local:8001/auth/me\": request timeout"

running (06m28.8s), 150/225 VUs, 8014 complete and 0 interrupted iterations
openloop_spike   [  54% ] 150/225 VUs  06m28.8s/12m0s  30.00 iters/s
time="2026-10-06T13:10:09Z" level=warning msg="Request Failed" error="Get \"http://auth-service.ecommerce.svc.cluster.local:8001/auth/me\": request timeout"
time="2026-10-06T13:10:10Z" level=warning msg="Request Failed" error="Get \"http://auth-service.ecommerce.svc.cluster.local:8001/auth/me\": request timeout"
time="2026-10-06T13:10:10Z" level=warning msg="Request Failed" error="Post \"http://auth-service.ecommerce.svc.cluster.local:8001/auth/login\": request timeout"
time="2026-10-06T13:10:10Z" level=warning msg="Request Failed" error="Post \"http://auth-service.ecommerce.svc.cluster.local:8001/auth/login\": request timeout"
time="2026-10-06T13:10:10Z" level=warning msg="Request Failed" error="Post \"http://auth-service.ecommerce.svc.cluster.local:8001/auth/login\": request timeout"
time="2026-10-06T13:10:10Z" level=warning msg="Request Failed" error="Get \"http://auth-service.ecommerce.svc.cluster.local:8001/auth/me\": request timeout"
time="2026-10-06T13:10:10Z" level=warning msg="Request Failed" error="Get \"http://auth-service.ecommerce.svc.cluster.local:8001/auth/me\": request timeout"
time="2026-10-06T13:10:10Z" level=warning msg="Request Failed" error="Post \"http://auth-service.ecommerce.svc.cluster.local:8001/auth/login\": request timeout"
time="2026-10-06T13:10:10Z" level=warning msg="Request Failed" error="Get \"http://auth-service.ecommerce.svc.cluster.local:8001/auth/me\": request timeout"
time="2026-10-06T13:10:10Z" level=warning msg="Request Failed" error="Get \"http://auth-service.ecommerce.svc.cluster.local:8001/auth/me\": request timeout"
time="2026-10-06T13:10:10Z" level=warning msg="Request Failed" error="Get \"http://auth-service.ecommerce.svc.cluster.local:8001/auth/me\": request timeout"
time="2026-10-06T13:10:10Z" level=warning msg="Request Failed" error="Get \"http://auth-service.ecommerce.svc.cluster.local:8001/auth/me\": request timeout"
time="2026-10-06T13:10:10Z" level=warning msg="Request Failed" error="Get \"http://auth-service.ecommerce.svc.cluster.local:8001/auth/me\": request timeout"
time="2026-10-06T13:10:10Z" level=warning msg="Request Failed" error="Get \"http://auth-service.ecommerce.svc.cluster.local:8001/auth/me\": request timeout"
time="2026-10-06T13:10:10Z" level=warning msg="Request Failed" error="Get \"http://auth-service.ecommerce.svc.cluster.local:8001/auth/me\": request timeout"
time="2026-10-06T13:10:10Z" level=warning msg="Request Failed" error="Post \"http://auth-service.ecommerce.svc.cluster.local:8001/auth/login\": request timeout"
time="2026-10-06T13:10:10Z" level=warning msg="Request Failed" error="Get \"http://auth-service.ecommerce.svc.cluster.local:8001/auth/me\": request timeout"
time="2026-10-06T13:10:10Z" level=warning msg="Request Failed" error="Get \"http://auth-service.ecommerce.svc.cluster.local:8001/auth/me\": request timeout"
time="2026-10-06T13:10:10Z" level=warning msg="Request Failed" error="Post \"http://auth-service.ecommerce.svc.cluster.local:8001/auth/login\": request timeout"
time="2026-10-06T13:10:10Z" level=warning msg="Request Failed" error="Post \"http://auth-service.ecommerce.svc.cluster.local:8001/auth/login\": request timeout"
time="2026-10-06T13:10:10Z" level=warning msg="Request Failed" error="Get \"http://auth-service.ecommerce.svc.cluster.local:8001/auth/me\": request timeout"
time="2026-10-06T13:10:10Z" level=warning msg="Request Failed" error="Post \"http://auth-service.ecommerce.svc.cluster.local:8001/auth/login\": request timeout"
time="2026-10-06T13:10:10Z" level=warning msg="Request Failed" error="Get \"http://auth-service.ecommerce.svc.cluster.local:8001/auth/me\": request timeout"
time="2026-10-06T13:10:10Z" level=warning msg="Request Failed" error="Get \"http://auth-service.ecommerce.svc.cluster.local:8001/auth/me\": request timeout"
time="2026-10-06T13:10:10Z" level=warning msg="Request Failed" error="Get \"http://auth-service.ecommerce.svc.cluster.local:8001/auth/me\": request timeout"
time="2026-10-06T13:10:10Z" level=warning msg="Request Failed" error="Post \"http://auth-service.ecommerce.svc.cluster.local:8001/auth/login\": request timeout"
time="2026-10-06T13:10:10Z" level=warning msg="Request Failed" error="Get \"http://auth-service.ecommerce.svc.cluster.local:8001/auth/me\": request timeout"
time="2026-10-06T13:10:10Z" level=warning msg="Request Failed" error="Post \"http://auth-service.ecommerce.svc.cluster.local:8001/auth/login\": request timeout"
time="2026-10-06T13:10:10Z" level=warning msg="Request Failed" error="Post \"http://auth-service.ecommerce.svc.cluster.local:8001/auth/login\": request timeout"
time="2026-10-06T13:10:10Z" level=warning msg="Request Failed" error="Post \"http://auth-service.ecommerce.svc.cluster.local:8001/auth/login\": request timeout"

running (06m29.8s), 150/225 VUs, 8044 complete and 0 interrupted iterations
openloop_spike   [  54% ] 150/225 VUs  06m29.8s/12m0s  30.00 iters/s
time="2026-10-06T13:10:10Z" level=warning msg="Request Failed" error="Post \"http://auth-service.ecommerce.svc.cluster.local:8001/auth/login\": request timeout"
time="2026-10-06T13:10:11Z" level=warning msg="Request Failed" error="Post \"http://auth-service.ecommerce.svc.cluster.local:8001/auth/login\": request timeout"
time="2026-10-06T13:10:11Z" level=warning msg="Request Failed" error="Get \"http://auth-service.ecommerce.svc.cluster.local:8001/auth/me\": request timeout"
time="2026-10-06T13:10:11Z" level=warning msg="Request Failed" error="Post \"http://auth-service.ecommerce.svc.cluster.local:8001/auth/login\": request timeout"
time="2026-10-06T13:10:11Z" level=warning msg="Request Failed" error="Get \"http://auth-service.ecommerce.svc.cluster.local:8001/auth/me\": request timeout"
time="2026-10-06T13:10:11Z" level=warning msg="Request Failed" error="Get \"http://auth-service.ecommerce.svc.cluster.local:8001/auth/me\": request timeout"
time="2026-10-06T13:10:11Z" level=warning msg="Request Failed" error="Post \"http://auth-service.ecommerce.svc.cluster.local:8001/auth/login\": request timeout"
time="2026-10-06T13:10:11Z" level=warning msg="Request Failed" error="Post \"http://auth-service.ecommerce.svc.cluster.local:8001/auth/login\": request timeout"
time="2026-10-06T13:10:11Z" level=warning msg="Request Failed" error="Get \"http://auth-service.ecommerce.svc.cluster.local:8001/auth/me\": request timeout"
time="2026-10-06T13:10:11Z" level=warning msg="Request Failed" error="Post \"http://auth-service.ecommerce.svc.cluster.local:8001/auth/login\": request timeout"
time="2026-10-06T13:10:11Z" level=warning msg="Request Failed" error="Post \"http://auth-service.ecommerce.svc.cluster.local:8001/auth/login\": request timeout"
time="2026-10-06T13:10:11Z" level=warning msg="Request Failed" error="Post \"http://auth-service.ecommerce.svc.cluster.local:8001/auth/login\": request timeout"
time="2026-10-06T13:10:11Z" level=warning msg="Request Failed" error="Get \"http://auth-service.ecommerce.svc.cluster.local:8001/auth/me\": request timeout"
time="2026-10-06T13:10:11Z" level=warning msg="Request Failed" error="Get \"http://auth-service.ecommerce.svc.cluster.local:8001/auth/me\": request timeout"
time="2026-10-06T13:10:11Z" level=warning msg="Request Failed" error="Get \"http://auth-service.ecommerce.svc.cluster.local:8001/auth/me\": request timeout"
time="2026-10-06T13:10:11Z" level=warning msg="Request Failed" error="Get \"http://auth-service.ecommerce.svc.cluster.local:8001/auth/me\": request timeout"
time="2026-10-06T13:10:11Z" level=warning msg="Request Failed" error="Get \"http://auth-service.ecommerce.svc.cluster.local:8001/auth/me\": request timeout"
time="2026-10-06T13:10:11Z" level=warning msg="Request Failed" error="Get \"http://auth-service.ecommerce.svc.cluster.local:8001/auth/me\": request timeout"
time="2026-10-06T13:10:11Z" level=warning msg="Request Failed" error="Get \"http://auth-service.ecommerce.svc.cluster.local:8001/auth/me\": request timeout"
time="2026-10-06T13:10:11Z" level=warning msg="Request Failed" error="Get \"http://auth-service.ecommerce.svc.cluster.local:8001/auth/me\": request timeout"
time="2026-10-06T13:10:11Z" level=warning msg="Request Failed" error="Get \"http://auth-service.ecommerce.svc.cluster.local:8001/auth/me\": request timeout"
time="2026-10-06T13:10:11Z" level=warning msg="Request Failed" error="Get \"http://auth-service.ecommerce.svc.cluster.local:8001/auth/me\": request timeout"
time="2026-10-06T13:10:11Z" level=warning msg="Request Failed" error="Get \"http://auth-service.ecommerce.svc.cluster.local:8001/auth/me\": request timeout"
time="2026-10-06T13:10:11Z" level=warning msg="Request Failed" error="Get \"http://auth-service.ecommerce.svc.cluster.local:8001/auth/me\": request timeout"
time="2026-10-06T13:10:11Z" level=warning msg="Request Failed" error="Get \"http://auth-service.ecommerce.svc.cluster.local:8001/auth/me\": request timeout"
time="2026-10-06T13:10:11Z" level=warning msg="Request Failed" error="Get \"http://auth-service.ecommerce.svc.cluster.local:8001/auth/me\": request timeout"
time="2026-10-06T13:10:11Z" level=warning msg="Request Failed" error="Get \"http://auth-service.ecommerce.svc.cluster.local:8001/auth/me\": request timeout"
time="2026-10-06T13:10:11Z" level=warning msg="Request Failed" error="Get \"http://auth-service.ecommerce.svc.cluster.local:8001/auth/me\": request timeout"
time="2026-10-06T13:10:11Z" level=warning msg="Request Failed" error="Post \"http://auth-service.ecommerce.svc.cluster.local:8001/auth/login\": request timeout"
time="2026-10-06T13:10:11Z" level=warning msg="Request Failed" error="Get \"http://auth-service.ecommerce.svc.cluster.local:8001/auth/me\": request timeout"

running (06m30.8s), 150/225 VUs, 8074 complete and 0 interrupted iterations
openloop_spike   [  54% ] 150/225 VUs  06m30.8s/12m0s  30.00 iters/s
time="2026-10-06T13:10:11Z" level=warning msg="Request Failed" error="Post \"http://auth-service.ecommerce.svc.cluster.local:8001/auth/login\": request timeout"
time="2026-10-06T13:10:12Z" level=warning msg="Request Failed" error="Get \"http://auth-service.ecommerce.svc.cluster.local:8001/auth/me\": request timeout"
time="2026-10-06T13:10:12Z" level=warning msg="Request Failed" error="Get \"http://auth-service.ecommerce.svc.cluster.local:8001/auth/me\": request timeout"
time="2026-10-06T13:10:12Z" level=warning msg="Request Failed" error="Get \"http://auth-service.ecommerce.svc.cluster.local:8001/auth/me\": request timeout"
time="2026-10-06T13:10:12Z" level=warning msg="Request Failed" error="Get \"http://auth-service.ecommerce.svc.cluster.local:8001/auth/me\": request timeout"
time="2026-10-06T13:10:12Z" level=warning msg="Request Failed" error="Post \"http://auth-service.ecommerce.svc.cluster.local:8001/auth/login\": request timeout"
time="2026-10-06T13:10:12Z" level=warning msg="Request Failed" error="Get \"http://auth-service.ecommerce.svc.cluster.local:8001/auth/me\": request timeout"
time="2026-10-06T13:10:12Z" level=warning msg="Request Failed" error="Post \"http://auth-service.ecommerce.svc.cluster.local:8001/auth/login\": request timeout"
time="2026-10-06T13:10:12Z" level=warning msg="Request Failed" error="Post \"http://auth-service.ecommerce.svc.cluster.local:8001/auth/login\": request timeout"
time="2026-10-06T13:10:12Z" level=warning msg="Request Failed" error="Get \"http://auth-service.ecommerce.svc.cluster.local:8001/auth/me\": request timeout"
time="2026-10-06T13:10:12Z" level=warning msg="Request Failed" error="Post \"http://auth-service.ecommerce.svc.cluster.local:8001/auth/login\": request timeout"
time="2026-10-06T13:10:12Z" level=warning msg="Request Failed" error="Get \"http://auth-service.ecommerce.svc.cluster.local:8001/auth/me\": request timeout"
time="2026-10-06T13:10:12Z" level=warning msg="Request Failed" error="Post \"http://auth-service.ecommerce.svc.cluster.local:8001/auth/login\": request timeout"
time="2026-10-06T13:10:12Z" level=warning msg="Request Failed" error="Get \"http://auth-service.ecommerce.svc.cluster.local:8001/auth/me\": request timeout"
time="2026-10-06T13:10:12Z" level=warning msg="Request Failed" error="Get \"http://auth-service.ecommerce.svc.cluster.local:8001/auth/me\": request timeout"
time="2026-10-06T13:10:12Z" level=warning msg="Request Failed" error="Post \"http://auth-service.ecommerce.svc.cluster.local:8001/auth/login\": request timeout"
time="2026-10-06T13:10:12Z" level=warning msg="Request Failed" error="Post \"http://auth-service.ecommerce.svc.cluster.local:8001/auth/login\": request timeout"
time="2026-10-06T13:10:12Z" level=warning msg="Request Failed" error="Get \"http://auth-service.ecommerce.svc.cluster.local:8001/auth/me\": request timeout"
time="2026-10-06T13:10:12Z" level=warning msg="Request Failed" error="Post \"http://auth-service.ecommerce.svc.cluster.local:8001/auth/login\": request timeout"
time="2026-10-06T13:10:12Z" level=warning msg="Request Failed" error="Get \"http://auth-service.ecommerce.svc.cluster.local:8001/auth/me\": request timeout"
time="2026-10-06T13:10:12Z" level=warning msg="Request Failed" error="Post \"http://auth-service.ecommerce.svc.cluster.local:8001/auth/login\": request timeout"
time="2026-10-06T13:10:12Z" level=warning msg="Request Failed" error="Get \"http://auth-service.ecommerce.svc.cluster.local:8001/auth/me\": request timeout"
time="2026-10-06T13:10:12Z" level=warning msg="Request Failed" error="Get \"http://auth-service.ecommerce.svc.cluster.local:8001/auth/me\": request timeout"
time="2026-10-06T13:10:12Z" level=warning msg="Request Failed" error="Get \"http://auth-service.ecommerce.svc.cluster.local:8001/auth/me\": request timeout"
time="2026-10-06T13:10:12Z" level=warning msg="Request Failed" error="Get \"http://auth-service.ecommerce.svc.cluster.local:8001/auth/me\": request timeout"
time="2026-10-06T13:10:12Z" level=warning msg="Request Failed" error="Get \"http://auth-service.ecommerce.svc.cluster.local:8001/auth/me\": request timeout"
time="2026-10-06T13:10:12Z" level=warning msg="Request Failed" error="Get \"http://auth-service.ecommerce.svc.cluster.local:8001/auth/me\": request timeout"
time="2026-10-06T13:10:12Z" level=warning msg="Request Failed" error="Get \"http://auth-service.ecommerce.svc.cluster.local:8001/auth/me\": request timeout"
time="2026-10-06T13:10:12Z" level=warning msg="Request Failed" error="Get \"http://auth-service.ecommerce.svc.cluster.local:8001/auth/me\": request timeout"
time="2026-10-06T13:10:12Z" level=warning msg="Request Failed" error="Get \"http://auth-service.ecommerce.svc.cluster.local:8001/auth/me\": request timeout"

running (06m31.8s), 150/225 VUs, 8104 complete and 0 interrupted iterations
openloop_spike   [  54% ] 150/225 VUs  06m31.8s/12m0s  30.00 iters/s
time="2026-10-06T13:10:12Z" level=warning msg="Request Failed" error="Get \"http://auth-service.ecommerce.svc.cluster.local:8001/auth/me\": request timeout"
time="2026-10-06T13:10:13Z" level=warning msg="Request Failed" error="Post \"http://auth-service.ecommerce.svc.cluster.local:8001/auth/login\": request timeout"
time="2026-10-06T13:10:13Z" level=warning msg="Request Failed" error="Get \"http://auth-service.ecommerce.svc.cluster.local:8001/auth/me\": request timeout"
time="2026-10-06T13:10:13Z" level=warning msg="Request Failed" error="Get \"http://auth-service.ecommerce.svc.cluster.local:8001/auth/me\": request timeout"
time="2026-10-06T13:10:13Z" level=warning msg="Request Failed" error="Get \"http://auth-service.ecommerce.svc.cluster.local:8001/auth/me\": request timeout"
time="2026-10-06T13:10:13Z" level=warning msg="Request Failed" error="Post \"http://auth-service.ecommerce.svc.cluster.local:8001/auth/login\": request timeout"
time="2026-10-06T13:10:13Z" level=warning msg="Request Failed" error="Post \"http://auth-service.ecommerce.svc.cluster.local:8001/auth/login\": request timeout"
time="2026-10-06T13:10:13Z" level=warning msg="Request Failed" error="Get \"http://auth-service.ecommerce.svc.cluster.local:8001/auth/me\": request timeout"
time="2026-10-06T13:10:13Z" level=warning msg="Request Failed" error="Get \"http://auth-service.ecommerce.svc.cluster.local:8001/auth/me\": request timeout"
time="2026-10-06T13:10:13Z" level=warning msg="Request Failed" error="Get \"http://auth-service.ecommerce.svc.cluster.local:8001/auth/me\": request timeout"
time="2026-10-06T13:10:13Z" level=warning msg="Request Failed" error="Get \"http://auth-service.ecommerce.svc.cluster.local:8001/auth/me\": request timeout"
time="2026-10-06T13:10:13Z" level=warning msg="Request Failed" error="Get \"http://auth-service.ecommerce.svc.cluster.local:8001/auth/me\": request timeout"
time="2026-10-06T13:10:13Z" level=warning msg="Request Failed" error="Post \"http://auth-service.ecommerce.svc.cluster.local:8001/auth/login\": request timeout"
time="2026-10-06T13:10:13Z" level=warning msg="Request Failed" error="Get \"http://auth-service.ecommerce.svc.cluster.local:8001/auth/me\": request timeout"
time="2026-10-06T13:10:13Z" level=warning msg="Request Failed" error="Post \"http://auth-service.ecommerce.svc.cluster.local:8001/auth/login\": request timeout"
time="2026-10-06T13:10:13Z" level=warning msg="Request Failed" error="Post \"http://auth-service.ecommerce.svc.cluster.local:8001/auth/login\": request timeout"
time="2026-10-06T13:10:13Z" level=warning msg="Request Failed" error="Get \"http://auth-service.ecommerce.svc.cluster.local:8001/auth/me\": request timeout"
time="2026-10-06T13:10:13Z" level=warning msg="Request Failed" error="Get \"http://auth-service.ecommerce.svc.cluster.local:8001/auth/me\": request timeout"
time="2026-10-06T13:10:13Z" level=warning msg="Request Failed" error="Get \"http://auth-service.ecommerce.svc.cluster.local:8001/auth/me\": request timeout"
time="2026-10-06T13:10:13Z" level=warning msg="Request Failed" error="Get \"http://auth-service.ecommerce.svc.cluster.local:8001/auth/me\": request timeout"
time="2026-10-06T13:10:13Z" level=warning msg="Request Failed" error="Get \"http://auth-service.ecommerce.svc.cluster.local:8001/auth/me\": request timeout"
time="2026-10-06T13:10:13Z" level=warning msg="Request Failed" error="Get \"http://auth-service.ecommerce.svc.cluster.local:8001/auth/me\": request timeout"
time="2026-10-06T13:10:13Z" level=warning msg="Request Failed" error="Get \"http://auth-service.ecommerce.svc.cluster.local:8001/auth/me\": request timeout"
time="2026-10-06T13:10:13Z" level=warning msg="Request Failed" error="Get \"http://auth-service.ecommerce.svc.cluster.local:8001/auth/me\": request timeout"
time="2026-10-06T13:10:13Z" level=warning msg="Request Failed" error="Get \"http://auth-service.ecommerce.svc.cluster.local:8001/auth/me\": request timeout"
time="2026-10-06T13:10:13Z" level=warning msg="Request Failed" error="Get \"http://auth-service.ecommerce.svc.cluster.local:8001/auth/me\": request timeout"
time="2026-10-06T13:10:13Z" level=warning msg="Request Failed" error="Get \"http://auth-service.ecommerce.svc.cluster.local:8001/auth/me\": request timeout"
time="2026-10-06T13:10:13Z" level=warning msg="Request Failed" error="Get \"http://auth-service.ecommerce.svc.cluster.local:8001/auth/me\": request timeout"
time="2026-10-06T13:10:13Z" level=warning msg="Request Failed" error="Get \"http://auth-service.ecommerce.svc.cluster.local:8001/auth/me\": request timeout"
time="2026-10-06T13:10:13Z" level=warning msg="Request Failed" error="Get \"http://auth-service.ecommerce.svc.cluster.local:8001/auth/me\": request timeout"

running (06m32.8s), 150/225 VUs, 8134 complete and 0 interrupted iterations
openloop_spike   [  55% ] 150/225 VUs  06m32.8s/12m0s  30.00 iters/s
time="2026-10-06T13:10:13Z" level=warning msg="Request Failed" error="Post \"http://auth-service.ecommerce.svc.cluster.local:8001/auth/login\": request timeout"
time="2026-10-06T13:10:14Z" level=warning msg="Request Failed" error="Post \"http://auth-service.ecommerce.svc.cluster.local:8001/auth/login\": request timeout"
time="2026-10-06T13:10:14Z" level=warning msg="Request Failed" error="Get \"http://auth-service.ecommerce.svc.cluster.local:8001/auth/me\": request timeout"
time="2026-10-06T13:10:14Z" level=warning msg="Request Failed" error="Get \"http://auth-service.ecommerce.svc.cluster.local:8001/auth/me\": request timeout"
time="2026-10-06T13:10:14Z" level=warning msg="Request Failed" error="Post \"http://auth-service.ecommerce.svc.cluster.local:8001/auth/login\": request timeout"
time="2026-10-06T13:10:14Z" level=warning msg="Request Failed" error="Post \"http://auth-service.ecommerce.svc.cluster.local:8001/auth/login\": request timeout"
time="2026-10-06T13:10:14Z" level=warning msg="Request Failed" error="Post \"http://auth-service.ecommerce.svc.cluster.local:8001/auth/login\": request timeout"
time="2026-10-06T13:10:14Z" level=warning msg="Request Failed" error="Get \"http://auth-service.ecommerce.svc.cluster.local:8001/auth/me\": request timeout"
time="2026-10-06T13:10:14Z" level=warning msg="Request Failed" error="Get \"http://auth-service.ecommerce.svc.cluster.local:8001/auth/me\": request timeout"
time="2026-10-06T13:10:14Z" level=warning msg="Request Failed" error="Get \"http://auth-service.ecommerce.svc.cluster.local:8001/auth/me\": request timeout"
time="2026-10-06T13:10:14Z" level=warning msg="Request Failed" error="Post \"http://auth-service.ecommerce.svc.cluster.local:8001/auth/login\": request timeout"
time="2026-10-06T13:10:14Z" level=warning msg="Request Failed" error="Get \"http://auth-service.ecommerce.svc.cluster.local:8001/auth/me\": request timeout"
time="2026-10-06T13:10:14Z" level=warning msg="Request Failed" error="Post \"http://auth-service.ecommerce.svc.cluster.local:8001/auth/login\": request timeout"
time="2026-10-06T13:10:14Z" level=warning msg="Request Failed" error="Get \"http://auth-service.ecommerce.svc.cluster.local:8001/auth/me\": request timeout"
time="2026-10-06T13:10:14Z" level=warning msg="Request Failed" error="Get \"http://auth-service.ecommerce.svc.cluster.local:8001/auth/me\": request timeout"
time="2026-10-06T13:10:14Z" level=warning msg="Request Failed" error="Get \"http://auth-service.ecommerce.svc.cluster.local:8001/auth/me\": request timeout"
time="2026-10-06T13:10:14Z" level=warning msg="Request Failed" error="request timeout"
time="2026-10-06T13:10:14Z" level=warning msg="Request Failed" error="Post \"http://auth-service.ecommerce.svc.cluster.local:8001/auth/login\": request timeout"
time="2026-10-06T13:10:14Z" level=warning msg="Request Failed" error="Post \"http://auth-service.ecommerce.svc.cluster.local:8001/auth/login\": request timeout"
time="2026-10-06T13:10:14Z" level=warning msg="Request Failed" error="Post \"http://auth-service.ecommerce.svc.cluster.local:8001/auth/login\": request timeout"
time="2026-10-06T13:10:14Z" level=warning msg="Request Failed" error="Post \"http://auth-service.ecommerce.svc.cluster.local:8001/auth/login\": request timeout"

running (06m33.8s), 127/225 VUs, 8187 complete and 0 interrupted iterations
openloop_spike   [  55% ] 127/225 VUs  06m33.8s/12m0s  30.00 iters/s
time="2026-10-06T13:10:15Z" level=warning msg="Request Failed" error="Post \"http://auth-service.ecommerce.svc.cluster.local:8001/auth/login\": request timeout"
time="2026-10-06T13:10:15Z" level=warning msg="Request Failed" error="request timeout"

running (06m34.8s), 124/225 VUs, 8220 complete and 0 interrupted iterations
openloop_spike   [  55% ] 124/225 VUs  06m34.8s/12m0s  30.00 iters/s
time="2026-10-06T13:10:16Z" level=warning msg="Request Failed" error="Post \"http://auth-service.ecommerce.svc.cluster.local:8001/auth/login\": request timeout"
time="2026-10-06T13:10:16Z" level=warning msg="Request Failed" error="Post \"http://auth-service.ecommerce.svc.cluster.local:8001/auth/login\": request timeout"
time="2026-10-06T13:10:16Z" level=warning msg="Request Failed" error="Post \"http://auth-service.ecommerce.svc.cluster.local:8001/auth/login\": request timeout"

running (06m35.8s), 126/225 VUs, 8248 complete and 0 interrupted iterations
openloop_spike   [  55% ] 126/225 VUs  06m35.8s/12m0s  30.00 iters/s
time="2026-10-06T13:10:17Z" level=warning msg="Request Failed" error="Post \"http://auth-service.ecommerce.svc.cluster.local:8001/auth/login\": request timeout"

running (06m36.8s), 126/225 VUs, 8278 complete and 0 interrupted iterations
openloop_spike   [  55% ] 126/225 VUs  06m36.8s/12m0s  30.00 iters/s
time="2026-10-06T13:10:18Z" level=warning msg="Request Failed" error="Post \"http://auth-service.ecommerce.svc.cluster.local:8001/auth/login\": request timeout"
time="2026-10-06T13:10:18Z" level=warning msg="Request Failed" error="Post \"http://auth-service.ecommerce.svc.cluster.local:8001/auth/login\": request timeout"
time="2026-10-06T13:10:18Z" level=warning msg="Request Failed" error="Post \"http://auth-service.ecommerce.svc.cluster.local:8001/auth/login\": request timeout"
time="2026-10-06T13:10:18Z" level=warning msg="Request Failed" error="Post \"http://auth-service.ecommerce.svc.cluster.local:8001/auth/login\": request timeout"

running (06m37.8s), 125/225 VUs, 8309 complete and 0 interrupted iterations
openloop_spike   [  55% ] 125/225 VUs  06m37.8s/12m0s  30.00 iters/s
time="2026-10-06T13:10:19Z" level=warning msg="Request Failed" error="Post \"http://auth-service.ecommerce.svc.cluster.local:8001/auth/login\": request timeout"
time="2026-10-06T13:10:19Z" level=warning msg="Request Failed" error="Post \"http://auth-service.ecommerce.svc.cluster.local:8001/auth/login\": request timeout"
time="2026-10-06T13:10:19Z" level=warning msg="Request Failed" error="Post \"http://auth-service.ecommerce.svc.cluster.local:8001/auth/login\": request timeout"

running (06m38.8s), 130/225 VUs, 8334 complete and 0 interrupted iterations
openloop_spike   [  55% ] 130/225 VUs  06m38.8s/12m0s  30.00 iters/s
time="2026-10-06T13:10:20Z" level=warning msg="Request Failed" error="Post \"http://auth-service.ecommerce.svc.cluster.local:8001/auth/login\": request timeout"
time="2026-10-06T13:10:20Z" level=warning msg="Request Failed" error="Post \"http://auth-service.ecommerce.svc.cluster.local:8001/auth/login\": request timeout"
time="2026-10-06T13:10:20Z" level=warning msg="Request Failed" error="Post \"http://auth-service.ecommerce.svc.cluster.local:8001/auth/login\": request timeout"
time="2026-10-06T13:10:20Z" level=warning msg="Request Failed" error="Post \"http://auth-service.ecommerce.svc.cluster.local:8001/auth/login\": request timeout"
time="2026-10-06T13:10:20Z" level=warning msg="Request Failed" error="Post \"http://auth-service.ecommerce.svc.cluster.local:8001/auth/login\": request timeout"
time="2026-10-06T13:10:20Z" level=warning msg="Request Failed" error="Post \"http://auth-service.ecommerce.svc.cluster.local:8001/auth/login\": request timeout"
time="2026-10-06T13:10:20Z" level=warning msg="Request Failed" error="Post \"http://auth-service.ecommerce.svc.cluster.local:8001/auth/login\": request timeout"

running (06m39.8s), 127/225 VUs, 8367 complete and 0 interrupted iterations
openloop_spike   [  56% ] 127/225 VUs  06m39.8s/12m0s  30.00 iters/s
time="2026-10-06T13:10:21Z" level=warning msg="Request Failed" error="Post \"http://auth-service.ecommerce.svc.cluster.local:8001/auth/login\": request timeout"
time="2026-10-06T13:10:21Z" level=warning msg="Request Failed" error="Post \"http://auth-service.ecommerce.svc.cluster.local:8001/auth/login\": request timeout"
time="2026-10-06T13:10:21Z" level=warning msg="Request Failed" error="Post \"http://auth-service.ecommerce.svc.cluster.local:8001/auth/login\": request timeout"

running (06m40.8s), 127/225 VUs, 8397 complete and 0 interrupted iterations
openloop_spike   [  56% ] 127/225 VUs  06m40.8s/12m0s  30.00 iters/s
time="2026-10-06T13:10:22Z" level=warning msg="Request Failed" error="Post \"http://auth-service.ecommerce.svc.cluster.local:8001/auth/login\": request timeout"
time="2026-10-06T13:10:22Z" level=warning msg="Request Failed" error="request timeout"
time="2026-10-06T13:10:22Z" level=warning msg="Request Failed" error="request timeout"

running (06m41.8s), 121/225 VUs, 8433 complete and 0 interrupted iterations
openloop_spike   [  56% ] 121/225 VUs  06m41.8s/12m0s  30.00 iters/s
time="2026-10-06T13:10:23Z" level=warning msg="Request Failed" error="Post \"http://auth-service.ecommerce.svc.cluster.local:8001/auth/login\": request timeout"
time="2026-10-06T13:10:23Z" level=warning msg="Request Failed" error="Post \"http://auth-service.ecommerce.svc.cluster.local:8001/auth/login\": request timeout"

running (06m42.8s), 122/225 VUs, 8462 complete and 0 interrupted iterations
openloop_spike   [  56% ] 122/225 VUs  06m42.8s/12m0s  30.00 iters/s
time="2026-10-06T13:10:24Z" level=warning msg="Request Failed" error="Post \"http://auth-service.ecommerce.svc.cluster.local:8001/auth/login\": request timeout"
time="2026-10-06T13:10:24Z" level=warning msg="Request Failed" error="Post \"http://auth-service.ecommerce.svc.cluster.local:8001/auth/login\": request timeout"
time="2026-10-06T13:10:24Z" level=warning msg="Request Failed" error="Post \"http://auth-service.ecommerce.svc.cluster.local:8001/auth/login\": request timeout"
time="2026-10-06T13:10:24Z" level=warning msg="Request Failed" error="Post \"http://auth-service.ecommerce.svc.cluster.local:8001/auth/login\": request timeout"

running (06m43.8s), 137/225 VUs, 8477 complete and 0 interrupted iterations
openloop_spike   [  56% ] 137/225 VUs  06m43.8s/12m0s  30.00 iters/s
time="2026-10-06T13:10:24Z" level=warning msg="Request Failed" error="Post \"http://auth-service.ecommerce.svc.cluster.local:8001/auth/login\": request timeout"
time="2026-10-06T13:10:25Z" level=warning msg="Request Failed" error="Post \"http://auth-service.ecommerce.svc.cluster.local:8001/auth/login\": request timeout"
time="2026-10-06T13:10:25Z" level=warning msg="Request Failed" error="Post \"http://auth-service.ecommerce.svc.cluster.local:8001/auth/login\": request timeout"
time="2026-10-06T13:10:25Z" level=warning msg="Request Failed" error="Post \"http://auth-service.ecommerce.svc.cluster.local:8001/auth/login\": request timeout"
time="2026-10-06T13:10:25Z" level=warning msg="Request Failed" error="Get \"http://auth-service.ecommerce.svc.cluster.local:8001/auth/me\": request timeout"
time="2026-10-06T13:10:25Z" level=warning msg="Request Failed" error="Post \"http://auth-service.ecommerce.svc.cluster.local:8001/auth/login\": request timeout"
time="2026-10-06T13:10:25Z" level=warning msg="Request Failed" error="Post \"http://auth-service.ecommerce.svc.cluster.local:8001/auth/login\": request timeout"
time="2026-10-06T13:10:25Z" level=warning msg="Request Failed" error="Get \"http://auth-service.ecommerce.svc.cluster.local:8001/auth/me\": request timeout"
time="2026-10-06T13:10:25Z" level=warning msg="Request Failed" error="Get \"http://auth-service.ecommerce.svc.cluster.local:8001/auth/me\": request timeout"
time="2026-10-06T13:10:25Z" level=warning msg="Request Failed" error="Get \"http://auth-service.ecommerce.svc.cluster.local:8001/auth/me\": request timeout"

running (06m44.8s), 144/225 VUs, 8500 complete and 0 interrupted iterations
openloop_spike   [  56% ] 144/225 VUs  06m44.8s/12m0s  30.00 iters/s
time="2026-10-06T13:10:26Z" level=warning msg="Request Failed" error="Get \"http://auth-service.ecommerce.svc.cluster.local:8001/auth/me\": request timeout"
time="2026-10-06T13:10:26Z" level=warning msg="Request Failed" error="Get \"http://auth-service.ecommerce.svc.cluster.local:8001/auth/me\": request timeout"
time="2026-10-06T13:10:26Z" level=warning msg="Request Failed" error="Post \"http://auth-service.ecommerce.svc.cluster.local:8001/auth/login\": request timeout"
time="2026-10-06T13:10:26Z" level=warning msg="Request Failed" error="Post \"http://auth-service.ecommerce.svc.cluster.local:8001/auth/login\": request timeout"
time="2026-10-06T13:10:26Z" level=warning msg="Request Failed" error="Get \"http://auth-service.ecommerce.svc.cluster.local:8001/auth/me\": request timeout"
time="2026-10-06T13:10:26Z" level=warning msg="Request Failed" error="Get \"http://auth-service.ecommerce.svc.cluster.local:8001/auth/me\": request timeout"
time="2026-10-06T13:10:26Z" level=warning msg="Request Failed" error="Post \"http://auth-service.ecommerce.svc.cluster.local:8001/auth/login\": request timeout"
time="2026-10-06T13:10:26Z" level=warning msg="Request Failed" error="Get \"http://auth-service.ecommerce.svc.cluster.local:8001/auth/me\": request timeout"
time="2026-10-06T13:10:26Z" level=warning msg="Request Failed" error="Get \"http://auth-service.ecommerce.svc.cluster.local:8001/auth/me\": request timeout"
time="2026-10-06T13:10:26Z" level=warning msg="Request Failed" error="Get \"http://auth-service.ecommerce.svc.cluster.local:8001/auth/me\": request timeout"
time="2026-10-06T13:10:26Z" level=warning msg="Request Failed" error="Post \"http://auth-service.ecommerce.svc.cluster.local:8001/auth/login\": request timeout"
time="2026-10-06T13:10:26Z" level=warning msg="Request Failed" error="Get \"http://auth-service.ecommerce.svc.cluster.local:8001/auth/me\": request timeout"
time="2026-10-06T13:10:26Z" level=warning msg="Request Failed" error="Get \"http://auth-service.ecommerce.svc.cluster.local:8001/auth/me\": request timeout"
time="2026-10-06T13:10:26Z" level=warning msg="Request Failed" error="Get \"http://auth-service.ecommerce.svc.cluster.local:8001/auth/me\": request timeout"

running (06m45.8s), 148/225 VUs, 8526 complete and 0 interrupted iterations
openloop_spike   [  56% ] 148/225 VUs  06m45.8s/12m0s  30.00 iters/s
time="2026-10-06T13:10:27Z" level=warning msg="Request Failed" error="Get \"http://auth-service.ecommerce.svc.cluster.local:8001/auth/me\": request timeout"
time="2026-10-06T13:10:27Z" level=warning msg="Request Failed" error="Get \"http://auth-service.ecommerce.svc.cluster.local:8001/auth/me\": request timeout"
time="2026-10-06T13:10:27Z" level=warning msg="Request Failed" error="Post \"http://auth-service.ecommerce.svc.cluster.local:8001/auth/login\": request timeout"
time="2026-10-06T13:10:27Z" level=warning msg="Request Failed" error="Post \"http://auth-service.ecommerce.svc.cluster.local:8001/auth/login\": request timeout"
time="2026-10-06T13:10:27Z" level=warning msg="Request Failed" error="Get \"http://auth-service.ecommerce.svc.cluster.local:8001/auth/me\": request timeout"
time="2026-10-06T13:10:27Z" level=warning msg="Request Failed" error="Post \"http://auth-service.ecommerce.svc.cluster.local:8001/auth/login\": request timeout"
time="2026-10-06T13:10:27Z" level=warning msg="Request Failed" error="Post \"http://auth-service.ecommerce.svc.cluster.local:8001/auth/login\": request timeout"
time="2026-10-06T13:10:27Z" level=warning msg="Request Failed" error="Get \"http://auth-service.ecommerce.svc.cluster.local:8001/auth/me\": request timeout"
time="2026-10-06T13:10:27Z" level=warning msg="Request Failed" error="Get \"http://auth-service.ecommerce.svc.cluster.local:8001/auth/me\": request timeout"
time="2026-10-06T13:10:27Z" level=warning msg="Request Failed" error="Get \"http://auth-service.ecommerce.svc.cluster.local:8001/auth/me\": request timeout"
time="2026-10-06T13:10:27Z" level=warning msg="Request Failed" error="Post \"http://auth-service.ecommerce.svc.cluster.local:8001/auth/login\": request timeout"
time="2026-10-06T13:10:27Z" level=warning msg="Request Failed" error="Get \"http://auth-service.ecommerce.svc.cluster.local:8001/auth/me\": request timeout"
time="2026-10-06T13:10:27Z" level=warning msg="Request Failed" error="Get \"http://auth-service.ecommerce.svc.cluster.local:8001/auth/me\": request timeout"
time="2026-10-06T13:10:27Z" level=warning msg="Request Failed" error="Post \"http://auth-service.ecommerce.svc.cluster.local:8001/auth/login\": request timeout"
time="2026-10-06T13:10:27Z" level=warning msg="Request Failed" error="Get \"http://auth-service.ecommerce.svc.cluster.local:8001/auth/me\": request timeout"
time="2026-10-06T13:10:27Z" level=warning msg="Request Failed" error="Post \"http://auth-service.ecommerce.svc.cluster.local:8001/auth/login\": request timeout"
time="2026-10-06T13:10:27Z" level=warning msg="Request Failed" error="Get \"http://auth-service.ecommerce.svc.cluster.local:8001/auth/me\": request timeout"
time="2026-10-06T13:10:27Z" level=warning msg="Request Failed" error="Get \"http://auth-service.ecommerce.svc.cluster.local:8001/auth/me\": request timeout"
time="2026-10-06T13:10:27Z" level=warning msg="Request Failed" error="Get \"http://auth-service.ecommerce.svc.cluster.local:8001/auth/me\": request timeout"
time="2026-10-06T13:10:27Z" level=warning msg="Request Failed" error="Post \"http://auth-service.ecommerce.svc.cluster.local:8001/auth/login\": request timeout"
time="2026-10-06T13:10:27Z" level=warning msg="Request Failed" error="Post \"http://auth-service.ecommerce.svc.cluster.local:8001/auth/login\": request timeout"
time="2026-10-06T13:10:27Z" level=warning msg="Request Failed" error="Post \"http://auth-service.ecommerce.svc.cluster.local:8001/auth/login\": request timeout"
time="2026-10-06T13:10:27Z" level=warning msg="Request Failed" error="Get \"http://auth-service.ecommerce.svc.cluster.local:8001/auth/me\": request timeout"
time="2026-10-06T13:10:27Z" level=warning msg="Request Failed" error="Get \"http://auth-service.ecommerce.svc.cluster.local:8001/auth/me\": request timeout"

running (06m46.8s), 150/225 VUs, 8554 complete and 0 interrupted iterations
openloop_spike   [  57% ] 150/225 VUs  06m46.8s/12m0s  30.00 iters/s
time="2026-10-06T13:10:27Z" level=warning msg="Request Failed" error="Post \"http://auth-service.ecommerce.svc.cluster.local:8001/auth/login\": request timeout"
time="2026-10-06T13:10:28Z" level=warning msg="Request Failed" error="Post \"http://auth-service.ecommerce.svc.cluster.local:8001/auth/login\": request timeout"
time="2026-10-06T13:10:28Z" level=warning msg="Request Failed" error="Post \"http://auth-service.ecommerce.svc.cluster.local:8001/auth/login\": request timeout"
time="2026-10-06T13:10:28Z" level=warning msg="Request Failed" error="Post \"http://auth-service.ecommerce.svc.cluster.local:8001/auth/login\": request timeout"
time="2026-10-06T13:10:28Z" level=warning msg="Request Failed" error="Post \"http://auth-service.ecommerce.svc.cluster.local:8001/auth/login\": request timeout"
time="2026-10-06T13:10:28Z" level=warning msg="Request Failed" error="Get \"http://auth-service.ecommerce.svc.cluster.local:8001/auth/me\": request timeout"
time="2026-10-06T13:10:28Z" level=warning msg="Request Failed" error="Post \"http://auth-service.ecommerce.svc.cluster.local:8001/auth/login\": request timeout"
time="2026-10-06T13:10:28Z" level=warning msg="Request Failed" error="Get \"http://auth-service.ecommerce.svc.cluster.local:8001/auth/me\": request timeout"
time="2026-10-06T13:10:28Z" level=warning msg="Request Failed" error="Get \"http://auth-service.ecommerce.svc.cluster.local:8001/auth/me\": request timeout"
time="2026-10-06T13:10:28Z" level=warning msg="Request Failed" error="Post \"http://auth-service.ecommerce.svc.cluster.local:8001/auth/login\": request timeout"
time="2026-10-06T13:10:28Z" level=warning msg="Request Failed" error="Get \"http://auth-service.ecommerce.svc.cluster.local:8001/auth/me\": request timeout"
time="2026-10-06T13:10:28Z" level=warning msg="Request Failed" error="Get \"http://auth-service.ecommerce.svc.cluster.local:8001/auth/me\": request timeout"
time="2026-10-06T13:10:28Z" level=warning msg="Request Failed" error="Get \"http://auth-service.ecommerce.svc.cluster.local:8001/auth/me\": request timeout"
time="2026-10-06T13:10:28Z" level=warning msg="Request Failed" error="Get \"http://auth-service.ecommerce.svc.cluster.local:8001/auth/me\": request timeout"
time="2026-10-06T13:10:28Z" level=warning msg="Request Failed" error="Get \"http://auth-service.ecommerce.svc.cluster.local:8001/auth/me\": request timeout"
time="2026-10-06T13:10:28Z" level=warning msg="Request Failed" error="Get \"http://auth-service.ecommerce.svc.cluster.local:8001/auth/me\": request timeout"
time="2026-10-06T13:10:28Z" level=warning msg="Request Failed" error="Get \"http://auth-service.ecommerce.svc.cluster.local:8001/auth/me\": request timeout"
time="2026-10-06T13:10:28Z" level=warning msg="Request Failed" error="Get \"http://auth-service.ecommerce.svc.cluster.local:8001/auth/me\": request timeout"
time="2026-10-06T13:10:28Z" level=warning msg="Request Failed" error="Post \"http://auth-service.ecommerce.svc.cluster.local:8001/auth/login\": request timeout"
time="2026-10-06T13:10:28Z" level=warning msg="Request Failed" error="Get \"http://auth-service.ecommerce.svc.cluster.local:8001/auth/me\": request timeout"
time="2026-10-06T13:10:28Z" level=warning msg="Request Failed" error="Post \"http://auth-service.ecommerce.svc.cluster.local:8001/auth/login\": request timeout"
time="2026-10-06T13:10:28Z" level=warning msg="Request Failed" error="Get \"http://auth-service.ecommerce.svc.cluster.local:8001/auth/me\": request timeout"
time="2026-10-06T13:10:28Z" level=warning msg="Request Failed" error="Get \"http://auth-service.ecommerce.svc.cluster.local:8001/auth/me\": request timeout"
time="2026-10-06T13:10:28Z" level=warning msg="Request Failed" error="Post \"http://auth-service.ecommerce.svc.cluster.local:8001/auth/login\": request timeout"

running (06m47.8s), 150/225 VUs, 8584 complete and 0 interrupted iterations
openloop_spike   [  57% ] 150/225 VUs  06m47.8s/12m0s  30.00 iters/s
time="2026-10-06T13:10:28Z" level=warning msg="Request Failed" error="Post \"http://auth-service.ecommerce.svc.cluster.local:8001/auth/login\": request timeout"
time="2026-10-06T13:10:29Z" level=warning msg="Request Failed" error="Post \"http://auth-service.ecommerce.svc.cluster.local:8001/auth/login\": request timeout"
time="2026-10-06T13:10:29Z" level=warning msg="Request Failed" error="Get \"http://auth-service.ecommerce.svc.cluster.local:8001/auth/me\": request timeout"
time="2026-10-06T13:10:29Z" level=warning msg="Request Failed" error="Get \"http://auth-service.ecommerce.svc.cluster.local:8001/auth/me\": request timeout"
time="2026-10-06T13:10:29Z" level=warning msg="Request Failed" error="Get \"http://auth-service.ecommerce.svc.cluster.local:8001/auth/me\": request timeout"
time="2026-10-06T13:10:29Z" level=warning msg="Request Failed" error="Post \"http://auth-service.ecommerce.svc.cluster.local:8001/auth/login\": request timeout"
time="2026-10-06T13:10:29Z" level=warning msg="Request Failed" error="Post \"http://auth-service.ecommerce.svc.cluster.local:8001/auth/login\": request timeout"
time="2026-10-06T13:10:29Z" level=warning msg="Request Failed" error="Get \"http://auth-service.ecommerce.svc.cluster.local:8001/auth/me\": request timeout"
time="2026-10-06T13:10:29Z" level=warning msg="Request Failed" error="Get \"http://auth-service.ecommerce.svc.cluster.local:8001/auth/me\": request timeout"
time="2026-10-06T13:10:29Z" level=warning msg="Request Failed" error="Get \"http://auth-service.ecommerce.svc.cluster.local:8001/auth/me\": request timeout"
time="2026-10-06T13:10:29Z" level=warning msg="Request Failed" error="Get \"http://auth-service.ecommerce.svc.cluster.local:8001/auth/me\": request timeout"
time="2026-10-06T13:10:29Z" level=warning msg="Request Failed" error="Post \"http://auth-service.ecommerce.svc.cluster.local:8001/auth/login\": request timeout"
time="2026-10-06T13:10:29Z" level=warning msg="Request Failed" error="Get \"http://auth-service.ecommerce.svc.cluster.local:8001/auth/me\": request timeout"
time="2026-10-06T13:10:29Z" level=warning msg="Request Failed" error="Get \"http://auth-service.ecommerce.svc.cluster.local:8001/auth/me\": request timeout"
time="2026-10-06T13:10:29Z" level=warning msg="Request Failed" error="Post \"http://auth-service.ecommerce.svc.cluster.local:8001/auth/login\": request timeout"
time="2026-10-06T13:10:29Z" level=warning msg="Request Failed" error="Get \"http://auth-service.ecommerce.svc.cluster.local:8001/auth/me\": request timeout"
time="2026-10-06T13:10:29Z" level=warning msg="Request Failed" error="Post \"http://auth-service.ecommerce.svc.cluster.local:8001/auth/login\": request timeout"
time="2026-10-06T13:10:29Z" level=warning msg="Request Failed" error="Get \"http://auth-service.ecommerce.svc.cluster.local:8001/auth/me\": request timeout"
time="2026-10-06T13:10:29Z" level=warning msg="Request Failed" error="Get \"http://auth-service.ecommerce.svc.cluster.local:8001/auth/me\": request timeout"
time="2026-10-06T13:10:29Z" level=warning msg="Request Failed" error="Get \"http://auth-service.ecommerce.svc.cluster.local:8001/auth/me\": request timeout"
time="2026-10-06T13:10:29Z" level=warning msg="Request Failed" error="Get \"http://auth-service.ecommerce.svc.cluster.local:8001/auth/me\": request timeout"
time="2026-10-06T13:10:29Z" level=warning msg="Request Failed" error="Get \"http://auth-service.ecommerce.svc.cluster.local:8001/auth/me\": request timeout"
time="2026-10-06T13:10:29Z" level=warning msg="Request Failed" error="Get \"http://auth-service.ecommerce.svc.cluster.local:8001/auth/me\": request timeout"
time="2026-10-06T13:10:29Z" level=warning msg="Request Failed" error="Get \"http://auth-service.ecommerce.svc.cluster.local:8001/auth/me\": request timeout"
time="2026-10-06T13:10:29Z" level=warning msg="Request Failed" error="Get \"http://auth-service.ecommerce.svc.cluster.local:8001/auth/me\": request timeout"

running (06m48.8s), 150/225 VUs, 8614 complete and 0 interrupted iterations
openloop_spike   [  57% ] 150/225 VUs  06m48.8s/12m0s  30.00 iters/s
time="2026-10-06T13:10:29Z" level=warning msg="Request Failed" error="Get \"http://auth-service.ecommerce.svc.cluster.local:8001/auth/me\": request timeout"
time="2026-10-06T13:10:30Z" level=warning msg="Request Failed" error="Post \"http://auth-service.ecommerce.svc.cluster.local:8001/auth/login\": request timeout"
time="2026-10-06T13:10:30Z" level=warning msg="Request Failed" error="Get \"http://auth-service.ecommerce.svc.cluster.local:8001/auth/me\": request timeout"
time="2026-10-06T13:10:30Z" level=warning msg="Request Failed" error="Get \"http://auth-service.ecommerce.svc.cluster.local:8001/auth/me\": request timeout"
time="2026-10-06T13:10:30Z" level=warning msg="Request Failed" error="Get \"http://auth-service.ecommerce.svc.cluster.local:8001/auth/me\": request timeout"
time="2026-10-06T13:10:30Z" level=warning msg="Request Failed" error="Post \"http://auth-service.ecommerce.svc.cluster.local:8001/auth/login\": request timeout"
time="2026-10-06T13:10:30Z" level=warning msg="Request Failed" error="Get \"http://auth-service.ecommerce.svc.cluster.local:8001/auth/me\": request timeout"
time="2026-10-06T13:10:30Z" level=warning msg="Request Failed" error="Get \"http://auth-service.ecommerce.svc.cluster.local:8001/auth/me\": request timeout"
time="2026-10-06T13:10:30Z" level=warning msg="Request Failed" error="Post \"http://auth-service.ecommerce.svc.cluster.local:8001/auth/login\": request timeout"
time="2026-10-06T13:10:30Z" level=warning msg="Request Failed" error="Get \"http://auth-service.ecommerce.svc.cluster.local:8001/auth/me\": request timeout"
time="2026-10-06T13:10:30Z" level=warning msg="Request Failed" error="Get \"http://auth-service.ecommerce.svc.cluster.local:8001/auth/me\": request timeout"
time="2026-10-06T13:10:30Z" level=warning msg="Request Failed" error="Post \"http://auth-service.ecommerce.svc.cluster.local:8001/auth/login\": request timeout"
time="2026-10-06T13:10:30Z" level=warning msg="Request Failed" error="Post \"http://auth-service.ecommerce.svc.cluster.local:8001/auth/login\": request timeout"
time="2026-10-06T13:10:30Z" level=warning msg="Request Failed" error="Post \"http://auth-service.ecommerce.svc.cluster.local:8001/auth/login\": request timeout"
time="2026-10-06T13:10:30Z" level=warning msg="Request Failed" error="Get \"http://auth-service.ecommerce.svc.cluster.local:8001/auth/me\": request timeout"
time="2026-10-06T13:10:30Z" level=warning msg="Request Failed" error="Post \"http://auth-service.ecommerce.svc.cluster.local:8001/auth/login\": request timeout"
time="2026-10-06T13:10:30Z" level=warning msg="Request Failed" error="Post \"http://auth-service.ecommerce.svc.cluster.local:8001/auth/login\": request timeout"
time="2026-10-06T13:10:30Z" level=warning msg="Request Failed" error="Get \"http://auth-service.ecommerce.svc.cluster.local:8001/auth/me\": request timeout"
time="2026-10-06T13:10:30Z" level=warning msg="Request Failed" error="Get \"http://auth-service.ecommerce.svc.cluster.local:8001/auth/me\": request timeout"
time="2026-10-06T13:10:30Z" level=warning msg="Request Failed" error="Get \"http://auth-service.ecommerce.svc.cluster.local:8001/auth/me\": request timeout"
time="2026-10-06T13:10:30Z" level=warning msg="Request Failed" error="Get \"http://auth-service.ecommerce.svc.cluster.local:8001/auth/me\": request timeout"
time="2026-10-06T13:10:30Z" level=warning msg="Request Failed" error="Get \"http://auth-service.ecommerce.svc.cluster.local:8001/auth/me\": request timeout"
time="2026-10-06T13:10:30Z" level=warning msg="Request Failed" error="Post \"http://auth-service.ecommerce.svc.cluster.local:8001/auth/login\": request timeout"
time="2026-10-06T13:10:30Z" level=warning msg="Request Failed" error="Get \"http://auth-service.ecommerce.svc.cluster.local:8001/auth/me\": request timeout"
time="2026-10-06T13:10:30Z" level=warning msg="Request Failed" error="Get \"http://auth-service.ecommerce.svc.cluster.local:8001/auth/me\": request timeout"
time="2026-10-06T13:10:30Z" level=warning msg="Request Failed" error="Post \"http://auth-service.ecommerce.svc.cluster.local:8001/auth/login\": request timeout"
time="2026-10-06T13:10:30Z" level=warning msg="Request Failed" error="Get \"http://auth-service.ecommerce.svc.cluster.local:8001/auth/me\": request timeout"
time="2026-10-06T13:10:30Z" level=warning msg="Request Failed" error="Get \"http://auth-service.ecommerce.svc.cluster.local:8001/auth/me\": request timeout"
time="2026-10-06T13:10:30Z" level=warning msg="Request Failed" error="Post \"http://auth-service.ecommerce.svc.cluster.local:8001/auth/login\": request timeout"
time="2026-10-06T13:10:30Z" level=warning msg="Request Failed" error="Post \"http://auth-service.ecommerce.svc.cluster.local:8001/auth/login\": request timeout"

running (06m49.8s), 150/225 VUs, 8644 complete and 0 interrupted iterations
openloop_spike   [  57% ] 150/225 VUs  06m49.8s/12m0s  30.00 iters/s
time="2026-10-06T13:10:30Z" level=warning msg="Request Failed" error="Get \"http://auth-service.ecommerce.svc.cluster.local:8001/auth/me\": request timeout"
time="2026-10-06T13:10:31Z" level=warning msg="Request Failed" error="Get \"http://auth-service.ecommerce.svc.cluster.local:8001/auth/me\": request timeout"
time="2026-10-06T13:10:31Z" level=warning msg="Request Failed" error="Get \"http://auth-service.ecommerce.svc.cluster.local:8001/auth/me\": request timeout"
time="2026-10-06T13:10:31Z" level=warning msg="Request Failed" error="Post \"http://auth-service.ecommerce.svc.cluster.local:8001/auth/login\": request timeout"
time="2026-10-06T13:10:31Z" level=warning msg="Request Failed" error="Get \"http://auth-service.ecommerce.svc.cluster.local:8001/auth/me\": request timeout"
time="2026-10-06T13:10:31Z" level=warning msg="Request Failed" error="Get \"http://auth-service.ecommerce.svc.cluster.local:8001/auth/me\": request timeout"
time="2026-10-06T13:10:31Z" level=warning msg="Request Failed" error="Get \"http://auth-service.ecommerce.svc.cluster.local:8001/auth/me\": request timeout"
time="2026-10-06T13:10:31Z" level=warning msg="Request Failed" error="Get \"http://auth-service.ecommerce.svc.cluster.local:8001/auth/me\": request timeout"
time="2026-10-06T13:10:31Z" level=warning msg="Request Failed" error="Get \"http://auth-service.ecommerce.svc.cluster.local:8001/auth/me\": request timeout"
time="2026-10-06T13:10:31Z" level=warning msg="Request Failed" error="Post \"http://auth-service.ecommerce.svc.cluster.local:8001/auth/login\": request timeout"
time="2026-10-06T13:10:31Z" level=warning msg="Request Failed" error="Post \"http://auth-service.ecommerce.svc.cluster.local:8001/auth/login\": request timeout"
time="2026-10-06T13:10:31Z" level=warning msg="Request Failed" error="Get \"http://auth-service.ecommerce.svc.cluster.local:8001/auth/me\": request timeout"
time="2026-10-06T13:10:31Z" level=warning msg="Request Failed" error="Get \"http://auth-service.ecommerce.svc.cluster.local:8001/auth/me\": request timeout"
time="2026-10-06T13:10:31Z" level=warning msg="Request Failed" error="Post \"http://auth-service.ecommerce.svc.cluster.local:8001/auth/login\": request timeout"
time="2026-10-06T13:10:31Z" level=warning msg="Request Failed" error="Get \"http://auth-service.ecommerce.svc.cluster.local:8001/auth/me\": request timeout"
time="2026-10-06T13:10:31Z" level=warning msg="Request Failed" error="Get \"http://auth-service.ecommerce.svc.cluster.local:8001/auth/me\": request timeout"
time="2026-10-06T13:10:31Z" level=warning msg="Request Failed" error="Post \"http://auth-service.ecommerce.svc.cluster.local:8001/auth/login\": request timeout"
time="2026-10-06T13:10:31Z" level=warning msg="Request Failed" error="Post \"http://auth-service.ecommerce.svc.cluster.local:8001/auth/login\": request timeout"
time="2026-10-06T13:10:31Z" level=warning msg="Request Failed" error="Get \"http://auth-service.ecommerce.svc.cluster.local:8001/auth/me\": request timeout"
time="2026-10-06T13:10:31Z" level=warning msg="Request Failed" error="Post \"http://auth-service.ecommerce.svc.cluster.local:8001/auth/login\": request timeout"
time="2026-10-06T13:10:31Z" level=warning msg="Request Failed" error="Get \"http://auth-service.ecommerce.svc.cluster.local:8001/auth/me\": request timeout"
time="2026-10-06T13:10:31Z" level=warning msg="Request Failed" error="Get \"http://auth-service.ecommerce.svc.cluster.local:8001/auth/me\": request timeout"
time="2026-10-06T13:10:31Z" level=warning msg="Request Failed" error="Get \"http://auth-service.ecommerce.svc.cluster.local:8001/auth/me\": request timeout"
time="2026-10-06T13:10:31Z" level=warning msg="Request Failed" error="Post \"http://auth-service.ecommerce.svc.cluster.local:8001/auth/login\": request timeout"
time="2026-10-06T13:10:31Z" level=warning msg="Request Failed" error="Post \"http://auth-service.ecommerce.svc.cluster.local:8001/auth/login\": request timeout"
time="2026-10-06T13:10:31Z" level=warning msg="Request Failed" error="Get \"http://auth-service.ecommerce.svc.cluster.local:8001/auth/me\": request timeout"
time="2026-10-06T13:10:31Z" level=warning msg="Request Failed" error="Get \"http://auth-service.ecommerce.svc.cluster.local:8001/auth/me\": request timeout"
time="2026-10-06T13:10:31Z" level=warning msg="Request Failed" error="Post \"http://auth-service.ecommerce.svc.cluster.local:8001/auth/login\": request timeout"

running (06m50.8s), 148/225 VUs, 8676 complete and 0 interrupted iterations
openloop_spike   [  57% ] 148/225 VUs  06m50.8s/12m0s  30.00 iters/s
time="2026-10-06T13:10:31Z" level=warning msg="Request Failed" error="Post \"http://auth-service.ecommerce.svc.cluster.local:8001/auth/login\": request timeout"
time="2026-10-06T13:10:32Z" level=warning msg="Request Failed" error="Get \"http://auth-service.ecommerce.svc.cluster.local:8001/auth/me\": request timeout"
time="2026-10-06T13:10:32Z" level=warning msg="Request Failed" error="Get \"http://auth-service.ecommerce.svc.cluster.local:8001/auth/me\": request timeout"
time="2026-10-06T13:10:32Z" level=warning msg="Request Failed" error="Post \"http://auth-service.ecommerce.svc.cluster.local:8001/auth/login\": request timeout"
time="2026-10-06T13:10:32Z" level=warning msg="Request Failed" error="Get \"http://auth-service.ecommerce.svc.cluster.local:8001/auth/me\": request timeout"
time="2026-10-06T13:10:32Z" level=warning msg="Request Failed" error="Get \"http://auth-service.ecommerce.svc.cluster.local:8001/auth/me\": request timeout"
time="2026-10-06T13:10:32Z" level=warning msg="Request Failed" error="Post \"http://auth-service.ecommerce.svc.cluster.local:8001/auth/login\": request timeout"
time="2026-10-06T13:10:32Z" level=warning msg="Request Failed" error="Get \"http://auth-service.ecommerce.svc.cluster.local:8001/auth/me\": request timeout"
time="2026-10-06T13:10:32Z" level=warning msg="Request Failed" error="Post \"http://auth-service.ecommerce.svc.cluster.local:8001/auth/login\": request timeout"
time="2026-10-06T13:10:32Z" level=warning msg="Request Failed" error="Get \"http://auth-service.ecommerce.svc.cluster.local:8001/auth/me\": request timeout"
time="2026-10-06T13:10:32Z" level=warning msg="Request Failed" error="Post \"http://auth-service.ecommerce.svc.cluster.local:8001/auth/login\": request timeout"
time="2026-10-06T13:10:32Z" level=warning msg="Request Failed" error="Post \"http://auth-service.ecommerce.svc.cluster.local:8001/auth/login\": request timeout"
time="2026-10-06T13:10:32Z" level=warning msg="Request Failed" error="request timeout"
time="2026-10-06T13:10:32Z" level=warning msg="Request Failed" error="Get \"http://auth-service.ecommerce.svc.cluster.local:8001/auth/me\": request timeout"
time="2026-10-06T13:10:32Z" level=warning msg="Request Failed" error="Get \"http://auth-service.ecommerce.svc.cluster.local:8001/auth/me\": request timeout"
time="2026-10-06T13:10:32Z" level=warning msg="Request Failed" error="Get \"http://auth-service.ecommerce.svc.cluster.local:8001/auth/me\": request timeout"
time="2026-10-06T13:10:32Z" level=warning msg="Request Failed" error="Get \"http://auth-service.ecommerce.svc.cluster.local:8001/auth/me\": request timeout"
time="2026-10-06T13:10:32Z" level=warning msg="Request Failed" error="Get \"http://auth-service.ecommerce.svc.cluster.local:8001/auth/me\": request timeout"

running (06m51.8s), 146/225 VUs, 8708 complete and 0 interrupted iterations
openloop_spike   [  57% ] 146/225 VUs  06m51.8s/12m0s  30.00 iters/s
time="2026-10-06T13:10:33Z" level=warning msg="Request Failed" error="Get \"http://auth-service.ecommerce.svc.cluster.local:8001/auth/me\": request timeout"
time="2026-10-06T13:10:33Z" level=warning msg="Request Failed" error="Get \"http://auth-service.ecommerce.svc.cluster.local:8001/auth/me\": request timeout"
time="2026-10-06T13:10:33Z" level=warning msg="Request Failed" error="Post \"http://auth-service.ecommerce.svc.cluster.local:8001/auth/login\": request timeout"
time="2026-10-06T13:10:33Z" level=warning msg="Request Failed" error="Post \"http://auth-service.ecommerce.svc.cluster.local:8001/auth/login\": request timeout"
time="2026-10-06T13:10:33Z" level=warning msg="Request Failed" error="Get \"http://auth-service.ecommerce.svc.cluster.local:8001/auth/me\": request timeout"
time="2026-10-06T13:10:33Z" level=warning msg="Request Failed" error="Get \"http://auth-service.ecommerce.svc.cluster.local:8001/auth/me\": request timeout"
time="2026-10-06T13:10:33Z" level=warning msg="Request Failed" error="Get \"http://auth-service.ecommerce.svc.cluster.local:8001/auth/me\": request timeout"
time="2026-10-06T13:10:33Z" level=warning msg="Request Failed" error="Post \"http://auth-service.ecommerce.svc.cluster.local:8001/auth/login\": request timeout"
time="2026-10-06T13:10:33Z" level=warning msg="Request Failed" error="Get \"http://auth-service.ecommerce.svc.cluster.local:8001/auth/me\": request timeout"
time="2026-10-06T13:10:33Z" level=warning msg="Request Failed" error="Get \"http://auth-service.ecommerce.svc.cluster.local:8001/auth/me\": request timeout"
time="2026-10-06T13:10:33Z" level=warning msg="Request Failed" error="Post \"http://auth-service.ecommerce.svc.cluster.local:8001/auth/login\": request timeout"
time="2026-10-06T13:10:33Z" level=warning msg="Request Failed" error="Get \"http://auth-service.ecommerce.svc.cluster.local:8001/auth/me\": request timeout"
time="2026-10-06T13:10:33Z" level=warning msg="Request Failed" error="Get \"http://auth-service.ecommerce.svc.cluster.local:8001/auth/me\": request timeout"
time="2026-10-06T13:10:33Z" level=warning msg="Request Failed" error="Get \"http://auth-service.ecommerce.svc.cluster.local:8001/auth/me\": request timeout"
time="2026-10-06T13:10:33Z" level=warning msg="Request Failed" error="Get \"http://auth-service.ecommerce.svc.cluster.local:8001/auth/me\": request timeout"
time="2026-10-06T13:10:33Z" level=warning msg="Request Failed" error="Get \"http://auth-service.ecommerce.svc.cluster.local:8001/auth/me\": request timeout"
time="2026-10-06T13:10:33Z" level=warning msg="Request Failed" error="Get \"http://auth-service.ecommerce.svc.cluster.local:8001/auth/me\": request timeout"
time="2026-10-06T13:10:33Z" level=warning msg="Request Failed" error="Get \"http://auth-service.ecommerce.svc.cluster.local:8001/auth/me\": request timeout"

running (06m52.8s), 144/225 VUs, 8740 complete and 0 interrupted iterations
openloop_spike   [  57% ] 144/225 VUs  06m52.8s/12m0s  30.00 iters/s
time="2026-10-06T13:10:33Z" level=warning msg="Request Failed" error="Get \"http://auth-service.ecommerce.svc.cluster.local:8001/auth/me\": request timeout"
time="2026-10-06T13:10:34Z" level=warning msg="Request Failed" error="Get \"http://auth-service.ecommerce.svc.cluster.local:8001/auth/me\": request timeout"
time="2026-10-06T13:10:34Z" level=warning msg="Request Failed" error="Get \"http://auth-service.ecommerce.svc.cluster.local:8001/auth/me\": request timeout"
time="2026-10-06T13:10:34Z" level=warning msg="Request Failed" error="Post \"http://auth-service.ecommerce.svc.cluster.local:8001/auth/login\": request timeout"
time="2026-10-06T13:10:34Z" level=warning msg="Request Failed" error="Get \"http://auth-service.ecommerce.svc.cluster.local:8001/auth/me\": request timeout"
time="2026-10-06T13:10:34Z" level=warning msg="Request Failed" error="Get \"http://auth-service.ecommerce.svc.cluster.local:8001/auth/me\": request timeout"
time="2026-10-06T13:10:34Z" level=warning msg="Request Failed" error="Get \"http://auth-service.ecommerce.svc.cluster.local:8001/auth/me\": request timeout"
time="2026-10-06T13:10:34Z" level=warning msg="Request Failed" error="Get \"http://auth-service.ecommerce.svc.cluster.local:8001/auth/me\": request timeout"
time="2026-10-06T13:10:34Z" level=warning msg="Request Failed" error="Post \"http://auth-service.ecommerce.svc.cluster.local:8001/auth/login\": request timeout"
time="2026-10-06T13:10:34Z" level=warning msg="Request Failed" error="Post \"http://auth-service.ecommerce.svc.cluster.local:8001/auth/login\": request timeout"
time="2026-10-06T13:10:34Z" level=warning msg="Request Failed" error="Get \"http://auth-service.ecommerce.svc.cluster.local:8001/auth/me\": request timeout"
time="2026-10-06T13:10:34Z" level=warning msg="Request Failed" error="Get \"http://auth-service.ecommerce.svc.cluster.local:8001/auth/me\": request timeout"
time="2026-10-06T13:10:34Z" level=warning msg="Request Failed" error="Get \"http://auth-service.ecommerce.svc.cluster.local:8001/auth/me\": request timeout"
time="2026-10-06T13:10:34Z" level=warning msg="Request Failed" error="Post \"http://auth-service.ecommerce.svc.cluster.local:8001/auth/login\": request timeout"
time="2026-10-06T13:10:34Z" level=warning msg="Request Failed" error="Get \"http://auth-service.ecommerce.svc.cluster.local:8001/auth/me\": request timeout"
time="2026-10-06T13:10:34Z" level=warning msg="Request Failed" error="Get \"http://auth-service.ecommerce.svc.cluster.local:8001/auth/me\": request timeout"
time="2026-10-06T13:10:34Z" level=warning msg="Request Failed" error="Get \"http://auth-service.ecommerce.svc.cluster.local:8001/auth/me\": request timeout"
time="2026-10-06T13:10:34Z" level=warning msg="Request Failed" error="Get \"http://auth-service.ecommerce.svc.cluster.local:8001/auth/me\": request timeout"

running (06m53.8s), 149/225 VUs, 8765 complete and 0 interrupted iterations
openloop_spike   [  57% ] 149/225 VUs  06m53.8s/12m0s  30.00 iters/s
time="2026-10-06T13:10:34Z" level=warning msg="Request Failed" error="Get \"http://auth-service.ecommerce.svc.cluster.local:8001/auth/me\": request timeout"
time="2026-10-06T13:10:35Z" level=warning msg="Request Failed" error="Get \"http://auth-service.ecommerce.svc.cluster.local:8001/auth/me\": request timeout"
time="2026-10-06T13:10:35Z" level=warning msg="Request Failed" error="Get \"http://auth-service.ecommerce.svc.cluster.local:8001/auth/me\": request timeout"
time="2026-10-06T13:10:35Z" level=warning msg="Request Failed" error="Get \"http://auth-service.ecommerce.svc.cluster.local:8001/auth/me\": request timeout"
time="2026-10-06T13:10:35Z" level=warning msg="Request Failed" error="Post \"http://auth-service.ecommerce.svc.cluster.local:8001/auth/login\": request timeout"
time="2026-10-06T13:10:35Z" level=warning msg="Request Failed" error="Post \"http://auth-service.ecommerce.svc.cluster.local:8001/auth/login\": request timeout"
time="2026-10-06T13:10:35Z" level=warning msg="Request Failed" error="Get \"http://auth-service.ecommerce.svc.cluster.local:8001/auth/me\": request timeout"
time="2026-10-06T13:10:35Z" level=warning msg="Request Failed" error="Get \"http://auth-service.ecommerce.svc.cluster.local:8001/auth/me\": request timeout"
time="2026-10-06T13:10:35Z" level=warning msg="Request Failed" error="Post \"http://auth-service.ecommerce.svc.cluster.local:8001/auth/login\": request timeout"
time="2026-10-06T13:10:35Z" level=warning msg="Request Failed" error="Get \"http://auth-service.ecommerce.svc.cluster.local:8001/auth/me\": request timeout"
time="2026-10-06T13:10:35Z" level=warning msg="Request Failed" error="Get \"http://auth-service.ecommerce.svc.cluster.local:8001/auth/me\": request timeout"
time="2026-10-06T13:10:35Z" level=warning msg="Request Failed" error="Post \"http://auth-service.ecommerce.svc.cluster.local:8001/auth/login\": request timeout"
time="2026-10-06T13:10:35Z" level=warning msg="Request Failed" error="Get \"http://auth-service.ecommerce.svc.cluster.local:8001/auth/me\": request timeout"
time="2026-10-06T13:10:35Z" level=warning msg="Request Failed" error="Post \"http://auth-service.ecommerce.svc.cluster.local:8001/auth/login\": request timeout"
time="2026-10-06T13:10:35Z" level=warning msg="Request Failed" error="Get \"http://auth-service.ecommerce.svc.cluster.local:8001/auth/me\": request timeout"
time="2026-10-06T13:10:35Z" level=warning msg="Request Failed" error="Get \"http://auth-service.ecommerce.svc.cluster.local:8001/auth/me\": request timeout"
time="2026-10-06T13:10:35Z" level=warning msg="Request Failed" error="Get \"http://auth-service.ecommerce.svc.cluster.local:8001/auth/me\": request timeout"
time="2026-10-06T13:10:35Z" level=warning msg="Request Failed" error="Get \"http://auth-service.ecommerce.svc.cluster.local:8001/auth/me\": request timeout"
time="2026-10-06T13:10:35Z" level=warning msg="Request Failed" error="Post \"http://auth-service.ecommerce.svc.cluster.local:8001/auth/login\": request timeout"
time="2026-10-06T13:10:35Z" level=warning msg="Request Failed" error="Get \"http://auth-service.ecommerce.svc.cluster.local:8001/auth/me\": request timeout"
time="2026-10-06T13:10:35Z" level=warning msg="Request Failed" error="Post \"http://auth-service.ecommerce.svc.cluster.local:8001/auth/login\": request timeout"
time="2026-10-06T13:10:35Z" level=warning msg="Request Failed" error="Get \"http://auth-service.ecommerce.svc.cluster.local:8001/auth/me\": request timeout"
time="2026-10-06T13:10:35Z" level=warning msg="Request Failed" error="Post \"http://auth-service.ecommerce.svc.cluster.local:8001/auth/login\": request timeout"
time="2026-10-06T13:10:35Z" level=warning msg="Request Failed" error="Get \"http://auth-service.ecommerce.svc.cluster.local:8001/auth/me\": request timeout"
time="2026-10-06T13:10:35Z" level=warning msg="Request Failed" error="Get \"http://auth-service.ecommerce.svc.cluster.local:8001/auth/me\": request timeout"
time="2026-10-06T13:10:35Z" level=warning msg="Request Failed" error="Post \"http://auth-service.ecommerce.svc.cluster.local:8001/auth/login\": request timeout"
time="2026-10-06T13:10:35Z" level=warning msg="Request Failed" error="Get \"http://auth-service.ecommerce.svc.cluster.local:8001/auth/me\": request timeout"

running (06m54.8s), 150/225 VUs, 8794 complete and 0 interrupted iterations
openloop_spike   [  58% ] 150/225 VUs  06m54.8s/12m0s  30.00 iters/s
time="2026-10-06T13:10:35Z" level=warning msg="Request Failed" error="Post \"http://auth-service.ecommerce.svc.cluster.local:8001/auth/login\": request timeout"
time="2026-10-06T13:10:36Z" level=warning msg="Request Failed" error="Post \"http://auth-service.ecommerce.svc.cluster.local:8001/auth/login\": request timeout"
time="2026-10-06T13:10:36Z" level=warning msg="Request Failed" error="Post \"http://auth-service.ecommerce.svc.cluster.local:8001/auth/login\": request timeout"
time="2026-10-06T13:10:36Z" level=warning msg="Request Failed" error="Post \"http://auth-service.ecommerce.svc.cluster.local:8001/auth/login\": request timeout"
time="2026-10-06T13:10:36Z" level=warning msg="Request Failed" error="Get \"http://auth-service.ecommerce.svc.cluster.local:8001/auth/me\": request timeout"
time="2026-10-06T13:10:36Z" level=warning msg="Request Failed" error="Get \"http://auth-service.ecommerce.svc.cluster.local:8001/auth/me\": request timeout"
time="2026-10-06T13:10:36Z" level=warning msg="Request Failed" error="Get \"http://auth-service.ecommerce.svc.cluster.local:8001/auth/me\": request timeout"
time="2026-10-06T13:10:36Z" level=warning msg="Request Failed" error="Get \"http://auth-service.ecommerce.svc.cluster.local:8001/auth/me\": request timeout"
time="2026-10-06T13:10:36Z" level=warning msg="Request Failed" error="Post \"http://auth-service.ecommerce.svc.cluster.local:8001/auth/login\": request timeout"
time="2026-10-06T13:10:36Z" level=warning msg="Request Failed" error="Get \"http://auth-service.ecommerce.svc.cluster.local:8001/auth/me\": request timeout"
time="2026-10-06T13:10:36Z" level=warning msg="Request Failed" error="Get \"http://auth-service.ecommerce.svc.cluster.local:8001/auth/me\": request timeout"
time="2026-10-06T13:10:36Z" level=warning msg="Request Failed" error="Post \"http://auth-service.ecommerce.svc.cluster.local:8001/auth/login\": request timeout"
time="2026-10-06T13:10:36Z" level=warning msg="Request Failed" error="Get \"http://auth-service.ecommerce.svc.cluster.local:8001/auth/me\": request timeout"
time="2026-10-06T13:10:36Z" level=warning msg="Request Failed" error="Get \"http://auth-service.ecommerce.svc.cluster.local:8001/auth/me\": request timeout"
time="2026-10-06T13:10:36Z" level=warning msg="Request Failed" error="Get \"http://auth-service.ecommerce.svc.cluster.local:8001/auth/me\": request timeout"
time="2026-10-06T13:10:36Z" level=warning msg="Request Failed" error="Get \"http://auth-service.ecommerce.svc.cluster.local:8001/auth/me\": request timeout"
time="2026-10-06T13:10:36Z" level=warning msg="Request Failed" error="Post \"http://auth-service.ecommerce.svc.cluster.local:8001/auth/login\": request timeout"

running (06m55.8s), 143/225 VUs, 8831 complete and 0 interrupted iterations
openloop_spike   [  58% ] 143/225 VUs  06m55.8s/12m0s  30.00 iters/s
time="2026-10-06T13:10:37Z" level=warning msg="Request Failed" error="Post \"http://auth-service.ecommerce.svc.cluster.local:8001/auth/login\": request timeout"
time="2026-10-06T13:10:37Z" level=warning msg="Request Failed" error="Post \"http://auth-service.ecommerce.svc.cluster.local:8001/auth/login\": request timeout"
time="2026-10-06T13:10:37Z" level=warning msg="Request Failed" error="request timeout"
time="2026-10-06T13:10:37Z" level=warning msg="Request Failed" error="Post \"http://auth-service.ecommerce.svc.cluster.local:8001/auth/login\": request timeout"
time="2026-10-06T13:10:37Z" level=warning msg="Request Failed" error="Get \"http://auth-service.ecommerce.svc.cluster.local:8001/auth/me\": request timeout"
time="2026-10-06T13:10:37Z" level=warning msg="Request Failed" error="Get \"http://auth-service.ecommerce.svc.cluster.local:8001/auth/me\": request timeout"
time="2026-10-06T13:10:37Z" level=warning msg="Request Failed" error="Post \"http://auth-service.ecommerce.svc.cluster.local:8001/auth/login\": request timeout"
time="2026-10-06T13:10:37Z" level=warning msg="Request Failed" error="Get \"http://auth-service.ecommerce.svc.cluster.local:8001/auth/me\": request timeout"
time="2026-10-06T13:10:37Z" level=warning msg="Request Failed" error="Get \"http://auth-service.ecommerce.svc.cluster.local:8001/auth/me\": request timeout"
time="2026-10-06T13:10:37Z" level=warning msg="Request Failed" error="Post \"http://auth-service.ecommerce.svc.cluster.local:8001/auth/login\": request timeout"
time="2026-10-06T13:10:37Z" level=warning msg="Request Failed" error="Get \"http://auth-service.ecommerce.svc.cluster.local:8001/auth/me\": request timeout"
time="2026-10-06T13:10:37Z" level=warning msg="Request Failed" error="Get \"http://auth-service.ecommerce.svc.cluster.local:8001/auth/me\": request timeout"
time="2026-10-06T13:10:37Z" level=warning msg="Request Failed" error="Get \"http://auth-service.ecommerce.svc.cluster.local:8001/auth/me\": request timeout"
time="2026-10-06T13:10:37Z" level=warning msg="Request Failed" error="Get \"http://auth-service.ecommerce.svc.cluster.local:8001/auth/me\": request timeout"

running (06m56.8s), 148/225 VUs, 8856 complete and 0 interrupted iterations
openloop_spike   [  58% ] 148/225 VUs  06m56.8s/12m0s  30.00 iters/s
time="2026-10-06T13:10:37Z" level=warning msg="Request Failed" error="Get \"http://auth-service.ecommerce.svc.cluster.local:8001/auth/me\": request timeout"
time="2026-10-06T13:10:38Z" level=warning msg="Request Failed" error="Get \"http://auth-service.ecommerce.svc.cluster.local:8001/auth/me\": request timeout"
time="2026-10-06T13:10:38Z" level=warning msg="Request Failed" error="Get \"http://auth-service.ecommerce.svc.cluster.local:8001/auth/me\": request timeout"
time="2026-10-06T13:10:38Z" level=warning msg="Request Failed" error="Get \"http://auth-service.ecommerce.svc.cluster.local:8001/auth/me\": request timeout"
time="2026-10-06T13:10:38Z" level=warning msg="Request Failed" error="Get \"http://auth-service.ecommerce.svc.cluster.local:8001/auth/me\": request timeout"
time="2026-10-06T13:10:38Z" level=warning msg="Request Failed" error="Get \"http://auth-service.ecommerce.svc.cluster.local:8001/auth/me\": request timeout"
time="2026-10-06T13:10:38Z" level=warning msg="Request Failed" error="Get \"http://auth-service.ecommerce.svc.cluster.local:8001/auth/me\": request timeout"
time="2026-10-06T13:10:38Z" level=warning msg="Request Failed" error="Get \"http://auth-service.ecommerce.svc.cluster.local:8001/auth/me\": request timeout"
time="2026-10-06T13:10:38Z" level=warning msg="Request Failed" error="Get \"http://auth-service.ecommerce.svc.cluster.local:8001/auth/me\": request timeout"
time="2026-10-06T13:10:38Z" level=warning msg="Request Failed" error="Post \"http://auth-service.ecommerce.svc.cluster.local:8001/auth/login\": request timeout"
time="2026-10-06T13:10:38Z" level=warning msg="Request Failed" error="Post \"http://auth-service.ecommerce.svc.cluster.local:8001/auth/login\": request timeout"
time="2026-10-06T13:10:38Z" level=warning msg="Request Failed" error="Get \"http://auth-service.ecommerce.svc.cluster.local:8001/auth/me\": request timeout"
time="2026-10-06T13:10:38Z" level=warning msg="Request Failed" error="Get \"http://auth-service.ecommerce.svc.cluster.local:8001/auth/me\": request timeout"
time="2026-10-06T13:10:38Z" level=warning msg="Request Failed" error="Get \"http://auth-service.ecommerce.svc.cluster.local:8001/auth/me\": request timeout"
time="2026-10-06T13:10:38Z" level=warning msg="Request Failed" error="Get \"http://auth-service.ecommerce.svc.cluster.local:8001/auth/me\": request timeout"
time="2026-10-06T13:10:38Z" level=warning msg="Request Failed" error="Post \"http://auth-service.ecommerce.svc.cluster.local:8001/auth/login\": request timeout"
time="2026-10-06T13:10:38Z" level=warning msg="Request Failed" error="Get \"http://auth-service.ecommerce.svc.cluster.local:8001/auth/me\": request timeout"
time="2026-10-06T13:10:38Z" level=warning msg="Request Failed" error="Get \"http://auth-service.ecommerce.svc.cluster.local:8001/auth/me\": request timeout"
time="2026-10-06T13:10:38Z" level=warning msg="Request Failed" error="Get \"http://auth-service.ecommerce.svc.cluster.local:8001/auth/me\": request timeout"

running (06m57.8s), 148/225 VUs, 8886 complete and 0 interrupted iterations
openloop_spike   [  58% ] 148/225 VUs  06m57.8s/12m0s  30.00 iters/s
time="2026-10-06T13:10:39Z" level=warning msg="Request Failed" error="Get \"http://auth-service.ecommerce.svc.cluster.local:8001/auth/me\": request timeout"
time="2026-10-06T13:10:39Z" level=warning msg="Request Failed" error="Get \"http://auth-service.ecommerce.svc.cluster.local:8001/auth/me\": request timeout"
time="2026-10-06T13:10:39Z" level=warning msg="Request Failed" error="Post \"http://auth-service.ecommerce.svc.cluster.local:8001/auth/login\": request timeout"
time="2026-10-06T13:10:39Z" level=warning msg="Request Failed" error="Get \"http://auth-service.ecommerce.svc.cluster.local:8001/auth/me\": request timeout"
time="2026-10-06T13:10:39Z" level=warning msg="Request Failed" error="Get \"http://auth-service.ecommerce.svc.cluster.local:8001/auth/me\": request timeout"
time="2026-10-06T13:10:39Z" level=warning msg="Request Failed" error="Get \"http://auth-service.ecommerce.svc.cluster.local:8001/auth/me\": request timeout"
time="2026-10-06T13:10:39Z" level=warning msg="Request Failed" error="Get \"http://auth-service.ecommerce.svc.cluster.local:8001/auth/me\": request timeout"
time="2026-10-06T13:10:39Z" level=warning msg="Request Failed" error="Get \"http://auth-service.ecommerce.svc.cluster.local:8001/auth/me\": request timeout"
time="2026-10-06T13:10:39Z" level=warning msg="Request Failed" error="Post \"http://auth-service.ecommerce.svc.cluster.local:8001/auth/login\": request timeout"
time="2026-10-06T13:10:39Z" level=warning msg="Request Failed" error="Get \"http://auth-service.ecommerce.svc.cluster.local:8001/auth/me\": request timeout"
time="2026-10-06T13:10:39Z" level=warning msg="Request Failed" error="Get \"http://auth-service.ecommerce.svc.cluster.local:8001/auth/me\": request timeout"
time="2026-10-06T13:10:39Z" level=warning msg="Request Failed" error="Post \"http://auth-service.ecommerce.svc.cluster.local:8001/auth/login\": request timeout"
time="2026-10-06T13:10:39Z" level=warning msg="Request Failed" error="Get \"http://auth-service.ecommerce.svc.cluster.local:8001/auth/me\": request timeout"
time="2026-10-06T13:10:39Z" level=warning msg="Request Failed" error="Get \"http://auth-service.ecommerce.svc.cluster.local:8001/auth/me\": request timeout"
time="2026-10-06T13:10:39Z" level=warning msg="Request Failed" error="Get \"http://auth-service.ecommerce.svc.cluster.local:8001/auth/me\": request timeout"
time="2026-10-06T13:10:39Z" level=warning msg="Request Failed" error="Get \"http://auth-service.ecommerce.svc.cluster.local:8001/auth/me\": request timeout"
time="2026-10-06T13:10:39Z" level=warning msg="Request Failed" error="Get \"http://auth-service.ecommerce.svc.cluster.local:8001/auth/me\": request timeout"
time="2026-10-06T13:10:39Z" level=warning msg="Request Failed" error="Get \"http://auth-service.ecommerce.svc.cluster.local:8001/auth/me\": request timeout"
time="2026-10-06T13:10:39Z" level=warning msg="Request Failed" error="Get \"http://auth-service.ecommerce.svc.cluster.local:8001/auth/me\": request timeout"
time="2026-10-06T13:10:39Z" level=warning msg="Request Failed" error="Get \"http://auth-service.ecommerce.svc.cluster.local:8001/auth/me\": request timeout"
time="2026-10-06T13:10:39Z" level=warning msg="Request Failed" error="Post \"http://auth-service.ecommerce.svc.cluster.local:8001/auth/login\": request timeout"
time="2026-10-06T13:10:39Z" level=warning msg="Request Failed" error="Get \"http://auth-service.ecommerce.svc.cluster.local:8001/auth/me\": request timeout"
time="2026-10-06T13:10:39Z" level=warning msg="Request Failed" error="Post \"http://auth-service.ecommerce.svc.cluster.local:8001/auth/login\": request timeout"
time="2026-10-06T13:10:39Z" level=warning msg="Request Failed" error="Get \"http://auth-service.ecommerce.svc.cluster.local:8001/auth/me\": request timeout"
time="2026-10-06T13:10:39Z" level=warning msg="Request Failed" error="Get \"http://auth-service.ecommerce.svc.cluster.local:8001/auth/me\": request timeout"
time="2026-10-06T13:10:39Z" level=warning msg="Request Failed" error="Get \"http://auth-service.ecommerce.svc.cluster.local:8001/auth/me\": request timeout"
time="2026-10-06T13:10:39Z" level=warning msg="Request Failed" error="Get \"http://auth-service.ecommerce.svc.cluster.local:8001/auth/me\": request timeout"

running (06m58.8s), 150/225 VUs, 8914 complete and 0 interrupted iterations
openloop_spike   [  58% ] 150/225 VUs  06m58.8s/12m0s  30.00 iters/s
time="2026-10-06T13:10:39Z" level=warning msg="Request Failed" error="Post \"http://auth-service.ecommerce.svc.cluster.local:8001/auth/login\": request timeout"
time="2026-10-06T13:10:40Z" level=warning msg="Request Failed" error="Post \"http://auth-service.ecommerce.svc.cluster.local:8001/auth/login\": request timeout"
time="2026-10-06T13:10:40Z" level=warning msg="Request Failed" error="Get \"http://auth-service.ecommerce.svc.cluster.local:8001/auth/me\": request timeout"
time="2026-10-06T13:10:40Z" level=warning msg="Request Failed" error="Get \"http://auth-service.ecommerce.svc.cluster.local:8001/auth/me\": request timeout"
time="2026-10-06T13:10:40Z" level=warning msg="Request Failed" error="Get \"http://auth-service.ecommerce.svc.cluster.local:8001/auth/me\": request timeout"
time="2026-10-06T13:10:40Z" level=warning msg="Request Failed" error="Get \"http://auth-service.ecommerce.svc.cluster.local:8001/auth/me\": request timeout"
time="2026-10-06T13:10:40Z" level=warning msg="Request Failed" error="Get \"http://auth-service.ecommerce.svc.cluster.local:8001/auth/me\": request timeout"
time="2026-10-06T13:10:40Z" level=warning msg="Request Failed" error="Get \"http://auth-service.ecommerce.svc.cluster.local:8001/auth/me\": request timeout"
time="2026-10-06T13:10:40Z" level=warning msg="Request Failed" error="Get \"http://auth-service.ecommerce.svc.cluster.local:8001/auth/me\": request timeout"
time="2026-10-06T13:10:40Z" level=warning msg="Request Failed" error="Post \"http://auth-service.ecommerce.svc.cluster.local:8001/auth/login\": request timeout"
time="2026-10-06T13:10:40Z" level=warning msg="Request Failed" error="Get \"http://auth-service.ecommerce.svc.cluster.local:8001/auth/me\": request timeout"
time="2026-10-06T13:10:40Z" level=warning msg="Request Failed" error="Get \"http://auth-service.ecommerce.svc.cluster.local:8001/auth/me\": request timeout"
time="2026-10-06T13:10:40Z" level=warning msg="Request Failed" error="Post \"http://auth-service.ecommerce.svc.cluster.local:8001/auth/login\": request timeout"
time="2026-10-06T13:10:40Z" level=warning msg="Request Failed" error="Get \"http://auth-service.ecommerce.svc.cluster.local:8001/auth/me\": request timeout"
time="2026-10-06T13:10:40Z" level=warning msg="Request Failed" error="Post \"http://auth-service.ecommerce.svc.cluster.local:8001/auth/login\": request timeout"
time="2026-10-06T13:10:40Z" level=warning msg="Request Failed" error="Get \"http://auth-service.ecommerce.svc.cluster.local:8001/auth/me\": request timeout"
time="2026-10-06T13:10:40Z" level=warning msg="Request Failed" error="Get \"http://auth-service.ecommerce.svc.cluster.local:8001/auth/me\": request timeout"
time="2026-10-06T13:10:40Z" level=warning msg="Request Failed" error="Get \"http://auth-service.ecommerce.svc.cluster.local:8001/auth/me\": request timeout"
time="2026-10-06T13:10:40Z" level=warning msg="Request Failed" error="Post \"http://auth-service.ecommerce.svc.cluster.local:8001/auth/login\": request timeout"
time="2026-10-06T13:10:40Z" level=warning msg="Request Failed" error="Post \"http://auth-service.ecommerce.svc.cluster.local:8001/auth/login\": request timeout"
time="2026-10-06T13:10:40Z" level=warning msg="Request Failed" error="Get \"http://auth-service.ecommerce.svc.cluster.local:8001/auth/me\": request timeout"
time="2026-10-06T13:10:40Z" level=warning msg="Request Failed" error="Get \"http://auth-service.ecommerce.svc.cluster.local:8001/auth/me\": request timeout"
time="2026-10-06T13:10:40Z" level=warning msg="Request Failed" error="Get \"http://auth-service.ecommerce.svc.cluster.local:8001/auth/me\": request timeout"
time="2026-10-06T13:10:40Z" level=warning msg="Request Failed" error="Post \"http://auth-service.ecommerce.svc.cluster.local:8001/auth/login\": request timeout"
time="2026-10-06T13:10:40Z" level=warning msg="Request Failed" error="Get \"http://auth-service.ecommerce.svc.cluster.local:8001/auth/me\": request timeout"
time="2026-10-06T13:10:40Z" level=warning msg="Request Failed" error="Get \"http://auth-service.ecommerce.svc.cluster.local:8001/auth/me\": request timeout"

running (06m59.8s), 149/225 VUs, 8945 complete and 0 interrupted iterations
openloop_spike   [  58% ] 149/225 VUs  06m59.8s/12m0s  30.00 iters/s
time="2026-10-06T13:10:40Z" level=warning msg="Request Failed" error="Post \"http://auth-service.ecommerce.svc.cluster.local:8001/auth/login\": request timeout"
time="2026-10-06T13:10:41Z" level=warning msg="Request Failed" error="Get \"http://auth-service.ecommerce.svc.cluster.local:8001/auth/me\": request timeout"
time="2026-10-06T13:10:41Z" level=warning msg="Request Failed" error="Post \"http://auth-service.ecommerce.svc.cluster.local:8001/auth/login\": request timeout"
time="2026-10-06T13:10:41Z" level=warning msg="Request Failed" error="Get \"http://auth-service.ecommerce.svc.cluster.local:8001/auth/me\": request timeout"
time="2026-10-06T13:10:41Z" level=warning msg="Request Failed" error="Get \"http://auth-service.ecommerce.svc.cluster.local:8001/auth/me\": request timeout"
time="2026-10-06T13:10:41Z" level=warning msg="Request Failed" error="Get \"http://auth-service.ecommerce.svc.cluster.local:8001/auth/me\": request timeout"
time="2026-10-06T13:10:41Z" level=warning msg="Request Failed" error="Post \"http://auth-service.ecommerce.svc.cluster.local:8001/auth/login\": request timeout"
time="2026-10-06T13:10:41Z" level=warning msg="Request Failed" error="Post \"http://auth-service.ecommerce.svc.cluster.local:8001/auth/login\": request timeout"
time="2026-10-06T13:10:41Z" level=warning msg="Request Failed" error="Post \"http://auth-service.ecommerce.svc.cluster.local:8001/auth/login\": request timeout"
time="2026-10-06T13:10:41Z" level=warning msg="Request Failed" error="Get \"http://auth-service.ecommerce.svc.cluster.local:8001/auth/me\": request timeout"
time="2026-10-06T13:10:41Z" level=warning msg="Request Failed" error="Get \"http://auth-service.ecommerce.svc.cluster.local:8001/auth/me\": request timeout"
time="2026-10-06T13:10:41Z" level=warning msg="Request Failed" error="Post \"http://auth-service.ecommerce.svc.cluster.local:8001/auth/login\": request timeout"
time="2026-10-06T13:10:41Z" level=warning msg="Request Failed" error="Get \"http://auth-service.ecommerce.svc.cluster.local:8001/auth/me\": request timeout"
time="2026-10-06T13:10:41Z" level=warning msg="Request Failed" error="Post \"http://auth-service.ecommerce.svc.cluster.local:8001/auth/login\": request timeout"
time="2026-10-06T13:10:41Z" level=warning msg="Request Failed" error="Post \"http://auth-service.ecommerce.svc.cluster.local:8001/auth/login\": request timeout"
time="2026-10-06T13:10:41Z" level=warning msg="Request Failed" error="Get \"http://auth-service.ecommerce.svc.cluster.local:8001/auth/me\": request timeout"
time="2026-10-06T13:10:41Z" level=warning msg="Request Failed" error="Get \"http://auth-service.ecommerce.svc.cluster.local:8001/auth/me\": request timeout"
time="2026-10-06T13:10:41Z" level=warning msg="Request Failed" error="Get \"http://auth-service.ecommerce.svc.cluster.local:8001/auth/me\": request timeout"

running (07m00.8s), 147/225 VUs, 8977 complete and 0 interrupted iterations
openloop_spike   [  58% ] 147/225 VUs  07m00.8s/12m0s  30.00 iters/s
time="2026-10-06T13:10:41Z" level=warning msg="Request Failed" error="Post \"http://auth-service.ecommerce.svc.cluster.local:8001/auth/login\": request timeout"
time="2026-10-06T13:10:42Z" level=warning msg="Request Failed" error="Post \"http://auth-service.ecommerce.svc.cluster.local:8001/auth/login\": request timeout"
time="2026-10-06T13:10:42Z" level=warning msg="Request Failed" error="Post \"http://auth-service.ecommerce.svc.cluster.local:8001/auth/login\": request timeout"
time="2026-10-06T13:10:42Z" level=warning msg="Request Failed" error="Get \"http://auth-service.ecommerce.svc.cluster.local:8001/auth/me\": request timeout"
time="2026-10-06T13:10:42Z" level=warning msg="Request Failed" error="Post \"http://auth-service.ecommerce.svc.cluster.local:8001/auth/login\": request timeout"
time="2026-10-06T13:10:42Z" level=warning msg="Request Failed" error="Post \"http://auth-service.ecommerce.svc.cluster.local:8001/auth/login\": request timeout"
time="2026-10-06T13:10:42Z" level=warning msg="Request Failed" error="Post \"http://auth-service.ecommerce.svc.cluster.local:8001/auth/login\": request timeout"
time="2026-10-06T13:10:42Z" level=warning msg="Request Failed" error="Post \"http://auth-service.ecommerce.svc.cluster.local:8001/auth/login\": request timeout"
time="2026-10-06T13:10:42Z" level=warning msg="Request Failed" error="Post \"http://auth-service.ecommerce.svc.cluster.local:8001/auth/login\": request timeout"
time="2026-10-06T13:10:42Z" level=warning msg="Request Failed" error="Get \"http://auth-service.ecommerce.svc.cluster.local:8001/auth/me\": request timeout"
time="2026-10-06T13:10:42Z" level=warning msg="Request Failed" error="Get \"http://auth-service.ecommerce.svc.cluster.local:8001/auth/me\": request timeout"
time="2026-10-06T13:10:42Z" level=warning msg="Request Failed" error="Get \"http://auth-service.ecommerce.svc.cluster.local:8001/auth/me\": request timeout"
time="2026-10-06T13:10:42Z" level=warning msg="Request Failed" error="Post \"http://auth-service.ecommerce.svc.cluster.local:8001/auth/login\": request timeout"
time="2026-10-06T13:10:42Z" level=warning msg="Request Failed" error="Get \"http://auth-service.ecommerce.svc.cluster.local:8001/auth/me\": request timeout"
time="2026-10-06T13:10:42Z" level=warning msg="Request Failed" error="Get \"http://auth-service.ecommerce.svc.cluster.local:8001/auth/me\": request timeout"
time="2026-10-06T13:10:42Z" level=warning msg="Request Failed" error="Get \"http://auth-service.ecommerce.svc.cluster.local:8001/auth/me\": request timeout"
time="2026-10-06T13:10:42Z" level=warning msg="Request Failed" error="Get \"http://auth-service.ecommerce.svc.cluster.local:8001/auth/me\": request timeout"
time="2026-10-06T13:10:42Z" level=warning msg="Request Failed" error="Get \"http://auth-service.ecommerce.svc.cluster.local:8001/auth/me\": request timeout"

running (07m01.8s), 143/225 VUs, 9011 complete and 0 interrupted iterations
openloop_spike   [  59% ] 143/225 VUs  07m01.8s/12m0s  30.00 iters/s
time="2026-10-06T13:10:43Z" level=warning msg="Request Failed" error="Get \"http://auth-service.ecommerce.svc.cluster.local:8001/auth/me\": request timeout"
time="2026-10-06T13:10:43Z" level=warning msg="Request Failed" error="Post \"http://auth-service.ecommerce.svc.cluster.local:8001/auth/login\": request timeout"
time="2026-10-06T13:10:43Z" level=warning msg="Request Failed" error="Get \"http://auth-service.ecommerce.svc.cluster.local:8001/auth/me\": request timeout"
time="2026-10-06T13:10:43Z" level=warning msg="Request Failed" error="Get \"http://auth-service.ecommerce.svc.cluster.local:8001/auth/me\": request timeout"
time="2026-10-06T13:10:43Z" level=warning msg="Request Failed" error="Get \"http://auth-service.ecommerce.svc.cluster.local:8001/auth/me\": request timeout"
time="2026-10-06T13:10:43Z" level=warning msg="Request Failed" error="Get \"http://auth-service.ecommerce.svc.cluster.local:8001/auth/me\": request timeout"
time="2026-10-06T13:10:43Z" level=warning msg="Request Failed" error="Get \"http://auth-service.ecommerce.svc.cluster.local:8001/auth/me\": request timeout"
time="2026-10-06T13:10:43Z" level=warning msg="Request Failed" error="Get \"http://auth-service.ecommerce.svc.cluster.local:8001/auth/me\": request timeout"
time="2026-10-06T13:10:43Z" level=warning msg="Request Failed" error="Post \"http://auth-service.ecommerce.svc.cluster.local:8001/auth/login\": request timeout"
time="2026-10-06T13:10:43Z" level=warning msg="Request Failed" error="Get \"http://auth-service.ecommerce.svc.cluster.local:8001/auth/me\": request timeout"

running (07m02.8s), 150/225 VUs, 9034 complete and 0 interrupted iterations
openloop_spike   [  59% ] 150/225 VUs  07m02.8s/12m0s  30.00 iters/s
time="2026-10-06T13:10:43Z" level=warning msg="Request Failed" error="Post \"http://auth-service.ecommerce.svc.cluster.local:8001/auth/login\": request timeout"
time="2026-10-06T13:10:44Z" level=warning msg="Request Failed" error="Get \"http://auth-service.ecommerce.svc.cluster.local:8001/auth/me\": request timeout"
time="2026-10-06T13:10:44Z" level=warning msg="Request Failed" error="Get \"http://auth-service.ecommerce.svc.cluster.local:8001/auth/me\": request timeout"
time="2026-10-06T13:10:44Z" level=warning msg="Request Failed" error="Get \"http://auth-service.ecommerce.svc.cluster.local:8001/auth/me\": request timeout"
time="2026-10-06T13:10:44Z" level=warning msg="Request Failed" error="Get \"http://auth-service.ecommerce.svc.cluster.local:8001/auth/me\": request timeout"
time="2026-10-06T13:10:44Z" level=warning msg="Request Failed" error="Post \"http://auth-service.ecommerce.svc.cluster.local:8001/auth/login\": request timeout"
time="2026-10-06T13:10:44Z" level=warning msg="Request Failed" error="Get \"http://auth-service.ecommerce.svc.cluster.local:8001/auth/me\": request timeout"
time="2026-10-06T13:10:44Z" level=warning msg="Request Failed" error="Get \"http://auth-service.ecommerce.svc.cluster.local:8001/auth/me\": request timeout"
time="2026-10-06T13:10:44Z" level=warning msg="Request Failed" error="Post \"http://auth-service.ecommerce.svc.cluster.local:8001/auth/login\": request timeout"
time="2026-10-06T13:10:44Z" level=warning msg="Request Failed" error="Get \"http://auth-service.ecommerce.svc.cluster.local:8001/auth/me\": request timeout"
time="2026-10-06T13:10:44Z" level=warning msg="Request Failed" error="Get \"http://auth-service.ecommerce.svc.cluster.local:8001/auth/me\": request timeout"
time="2026-10-06T13:10:44Z" level=warning msg="Request Failed" error="Get \"http://auth-service.ecommerce.svc.cluster.local:8001/auth/me\": request timeout"
time="2026-10-06T13:10:44Z" level=warning msg="Request Failed" error="Post \"http://auth-service.ecommerce.svc.cluster.local:8001/auth/login\": request timeout"
time="2026-10-06T13:10:44Z" level=warning msg="Request Failed" error="Post \"http://auth-service.ecommerce.svc.cluster.local:8001/auth/login\": request timeout"
time="2026-10-06T13:10:44Z" level=warning msg="Request Failed" error="Get \"http://auth-service.ecommerce.svc.cluster.local:8001/auth/me\": request timeout"
time="2026-10-06T13:10:44Z" level=warning msg="Request Failed" error="Get \"http://auth-service.ecommerce.svc.cluster.local:8001/auth/me\": request timeout"
time="2026-10-06T13:10:44Z" level=warning msg="Request Failed" error="Get \"http://auth-service.ecommerce.svc.cluster.local:8001/auth/me\": request timeout"
time="2026-10-06T13:10:44Z" level=warning msg="Request Failed" error="Post \"http://auth-service.ecommerce.svc.cluster.local:8001/auth/login\": request timeout"
time="2026-10-06T13:10:44Z" level=warning msg="Request Failed" error="Get \"http://auth-service.ecommerce.svc.cluster.local:8001/auth/me\": request timeout"
time="2026-10-06T13:10:44Z" level=warning msg="Request Failed" error="Get \"http://auth-service.ecommerce.svc.cluster.local:8001/auth/me\": request timeout"
time="2026-10-06T13:10:44Z" level=warning msg="Request Failed" error="Get \"http://auth-service.ecommerce.svc.cluster.local:8001/auth/me\": request timeout"
time="2026-10-06T13:10:44Z" level=warning msg="Request Failed" error="Get \"http://auth-service.ecommerce.svc.cluster.local:8001/auth/me\": request timeout"
time="2026-10-06T13:10:44Z" level=warning msg="Request Failed" error="Get \"http://auth-service.ecommerce.svc.cluster.local:8001/auth/me\": request timeout"
time="2026-10-06T13:10:44Z" level=warning msg="Request Failed" error="Post \"http://auth-service.ecommerce.svc.cluster.local:8001/auth/login\": request timeout"
time="2026-10-06T13:10:44Z" level=warning msg="Request Failed" error="Get \"http://auth-service.ecommerce.svc.cluster.local:8001/auth/me\": request timeout"
time="2026-10-06T13:10:44Z" level=warning msg="Request Failed" error="Get \"http://auth-service.ecommerce.svc.cluster.local:8001/auth/me\": request timeout"

running (07m03.8s), 150/225 VUs, 9064 complete and 0 interrupted iterations
openloop_spike   [  59% ] 150/225 VUs  07m03.8s/12m0s  30.00 iters/s
time="2026-10-06T13:10:44Z" level=warning msg="Request Failed" error="Get \"http://auth-service.ecommerce.svc.cluster.local:8001/auth/me\": request timeout"
time="2026-10-06T13:10:45Z" level=warning msg="Request Failed" error="Get \"http://auth-service.ecommerce.svc.cluster.local:8001/auth/me\": request timeout"
time="2026-10-06T13:10:45Z" level=warning msg="Request Failed" error="Get \"http://auth-service.ecommerce.svc.cluster.local:8001/auth/me\": request timeout"
time="2026-10-06T13:10:45Z" level=warning msg="Request Failed" error="Post \"http://auth-service.ecommerce.svc.cluster.local:8001/auth/login\": request timeout"
time="2026-10-06T13:10:45Z" level=warning msg="Request Failed" error="Post \"http://auth-service.ecommerce.svc.cluster.local:8001/auth/login\": request timeout"
time="2026-10-06T13:10:45Z" level=warning msg="Request Failed" error="Get \"http://auth-service.ecommerce.svc.cluster.local:8001/auth/me\": request timeout"
time="2026-10-06T13:10:45Z" level=warning msg="Request Failed" error="Get \"http://auth-service.ecommerce.svc.cluster.local:8001/auth/me\": request timeout"
time="2026-10-06T13:10:45Z" level=warning msg="Request Failed" error="Post \"http://auth-service.ecommerce.svc.cluster.local:8001/auth/login\": request timeout"
time="2026-10-06T13:10:45Z" level=warning msg="Request Failed" error="Get \"http://auth-service.ecommerce.svc.cluster.local:8001/auth/me\": request timeout"
time="2026-10-06T13:10:45Z" level=warning msg="Request Failed" error="Get \"http://auth-service.ecommerce.svc.cluster.local:8001/auth/me\": request timeout"
time="2026-10-06T13:10:45Z" level=warning msg="Request Failed" error="Post \"http://auth-service.ecommerce.svc.cluster.local:8001/auth/login\": request timeout"
time="2026-10-06T13:10:45Z" level=warning msg="Request Failed" error="Get \"http://auth-service.ecommerce.svc.cluster.local:8001/auth/me\": request timeout"
time="2026-10-06T13:10:45Z" level=warning msg="Request Failed" error="Post \"http://auth-service.ecommerce.svc.cluster.local:8001/auth/login\": request timeout"
time="2026-10-06T13:10:45Z" level=warning msg="Request Failed" error="Get \"http://auth-service.ecommerce.svc.cluster.local:8001/auth/me\": request timeout"
time="2026-10-06T13:10:45Z" level=warning msg="Request Failed" error="Post \"http://auth-service.ecommerce.svc.cluster.local:8001/auth/login\": request timeout"
time="2026-10-06T13:10:45Z" level=warning msg="Request Failed" error="Get \"http://auth-service.ecommerce.svc.cluster.local:8001/auth/me\": request timeout"
time="2026-10-06T13:10:45Z" level=warning msg="Request Failed" error="Get \"http://auth-service.ecommerce.svc.cluster.local:8001/auth/me\": request timeout"
time="2026-10-06T13:10:45Z" level=warning msg="Request Failed" error="Get \"http://auth-service.ecommerce.svc.cluster.local:8001/auth/me\": request timeout"
time="2026-10-06T13:10:45Z" level=warning msg="Request Failed" error="Get \"http://auth-service.ecommerce.svc.cluster.local:8001/auth/me\": request timeout"
time="2026-10-06T13:10:45Z" level=warning msg="Request Failed" error="Post \"http://auth-service.ecommerce.svc.cluster.local:8001/auth/login\": request timeout"
time="2026-10-06T13:10:45Z" level=warning msg="Request Failed" error="Get \"http://auth-service.ecommerce.svc.cluster.local:8001/auth/me\": request timeout"
time="2026-10-06T13:10:45Z" level=warning msg="Request Failed" error="Get \"http://auth-service.ecommerce.svc.cluster.local:8001/auth/me\": request timeout"
time="2026-10-06T13:10:45Z" level=warning msg="Request Failed" error="Post \"http://auth-service.ecommerce.svc.cluster.local:8001/auth/login\": request timeout"
time="2026-10-06T13:10:45Z" level=warning msg="Request Failed" error="Get \"http://auth-service.ecommerce.svc.cluster.local:8001/auth/me\": request timeout"
time="2026-10-06T13:10:45Z" level=warning msg="Request Failed" error="Post \"http://auth-service.ecommerce.svc.cluster.local:8001/auth/login\": request timeout"
time="2026-10-06T13:10:45Z" level=warning msg="Request Failed" error="Post \"http://auth-service.ecommerce.svc.cluster.local:8001/auth/login\": request timeout"
time="2026-10-06T13:10:45Z" level=warning msg="Request Failed" error="Get \"http://auth-service.ecommerce.svc.cluster.local:8001/auth/me\": request timeout"
time="2026-10-06T13:10:45Z" level=warning msg="Request Failed" error="Post \"http://auth-service.ecommerce.svc.cluster.local:8001/auth/login\": request timeout"
time="2026-10-06T13:10:45Z" level=warning msg="Request Failed" error="Get \"http://auth-service.ecommerce.svc.cluster.local:8001/auth/me\": request timeout"
time="2026-10-06T13:10:45Z" level=warning msg="Request Failed" error="Post \"http://auth-service.ecommerce.svc.cluster.local:8001/auth/login\": request timeout"

running (07m04.8s), 150/225 VUs, 9094 complete and 0 interrupted iterations
openloop_spike   [  59% ] 150/225 VUs  07m04.8s/12m0s  30.00 iters/s
time="2026-10-06T13:10:45Z" level=warning msg="Request Failed" error="Get \"http://auth-service.ecommerce.svc.cluster.local:8001/auth/me\": request timeout"
time="2026-10-06T13:10:46Z" level=warning msg="Request Failed" error="Get \"http://auth-service.ecommerce.svc.cluster.local:8001/auth/me\": request timeout"
time="2026-10-06T13:10:46Z" level=warning msg="Request Failed" error="Post \"http://auth-service.ecommerce.svc.cluster.local:8001/auth/login\": request timeout"
time="2026-10-06T13:10:46Z" level=warning msg="Request Failed" error="Get \"http://auth-service.ecommerce.svc.cluster.local:8001/auth/me\": request timeout"
time="2026-10-06T13:10:46Z" level=warning msg="Request Failed" error="Get \"http://auth-service.ecommerce.svc.cluster.local:8001/auth/me\": request timeout"
time="2026-10-06T13:10:46Z" level=warning msg="Request Failed" error="Get \"http://auth-service.ecommerce.svc.cluster.local:8001/auth/me\": request timeout"
time="2026-10-06T13:10:46Z" level=warning msg="Request Failed" error="Get \"http://auth-service.ecommerce.svc.cluster.local:8001/auth/me\": request timeout"
time="2026-10-06T13:10:46Z" level=warning msg="Request Failed" error="Post \"http://auth-service.ecommerce.svc.cluster.local:8001/auth/login\": request timeout"
time="2026-10-06T13:10:46Z" level=warning msg="Request Failed" error="Get \"http://auth-service.ecommerce.svc.cluster.local:8001/auth/me\": request timeout"
time="2026-10-06T13:10:46Z" level=warning msg="Request Failed" error="Get \"http://auth-service.ecommerce.svc.cluster.local:8001/auth/me\": request timeout"
time="2026-10-06T13:10:46Z" level=warning msg="Request Failed" error="Get \"http://auth-service.ecommerce.svc.cluster.local:8001/auth/me\": request timeout"
time="2026-10-06T13:10:46Z" level=warning msg="Request Failed" error="Get \"http://auth-service.ecommerce.svc.cluster.local:8001/auth/me\": request timeout"
time="2026-10-06T13:10:46Z" level=warning msg="Request Failed" error="Get \"http://auth-service.ecommerce.svc.cluster.local:8001/auth/me\": request timeout"
time="2026-10-06T13:10:46Z" level=warning msg="Request Failed" error="Post \"http://auth-service.ecommerce.svc.cluster.local:8001/auth/login\": request timeout"
time="2026-10-06T13:10:46Z" level=warning msg="Request Failed" error="Post \"http://auth-service.ecommerce.svc.cluster.local:8001/auth/login\": request timeout"
time="2026-10-06T13:10:46Z" level=warning msg="Request Failed" error="Post \"http://auth-service.ecommerce.svc.cluster.local:8001/auth/login\": request timeout"
time="2026-10-06T13:10:46Z" level=warning msg="Request Failed" error="Get \"http://auth-service.ecommerce.svc.cluster.local:8001/auth/me\": request timeout"
time="2026-10-06T13:10:46Z" level=warning msg="Request Failed" error="Post \"http://auth-service.ecommerce.svc.cluster.local:8001/auth/login\": request timeout"
time="2026-10-06T13:10:46Z" level=warning msg="Request Failed" error="Get \"http://auth-service.ecommerce.svc.cluster.local:8001/auth/me\": request timeout"
time="2026-10-06T13:10:46Z" level=warning msg="Request Failed" error="Post \"http://auth-service.ecommerce.svc.cluster.local:8001/auth/login\": request timeout"
time="2026-10-06T13:10:46Z" level=warning msg="Request Failed" error="Post \"http://auth-service.ecommerce.svc.cluster.local:8001/auth/login\": request timeout"
time="2026-10-06T13:10:46Z" level=warning msg="Request Failed" error="Get \"http://auth-service.ecommerce.svc.cluster.local:8001/auth/me\": request timeout"
time="2026-10-06T13:10:46Z" level=warning msg="Request Failed" error="Get \"http://auth-service.ecommerce.svc.cluster.local:8001/auth/me\": request timeout"
time="2026-10-06T13:10:46Z" level=warning msg="Request Failed" error="Post \"http://auth-service.ecommerce.svc.cluster.local:8001/auth/login\": request timeout"
time="2026-10-06T13:10:46Z" level=warning msg="Request Failed" error="Post \"http://auth-service.ecommerce.svc.cluster.local:8001/auth/login\": request timeout"
time="2026-10-06T13:10:46Z" level=warning msg="Request Failed" error="Get \"http://auth-service.ecommerce.svc.cluster.local:8001/auth/me\": request timeout"
time="2026-10-06T13:10:46Z" level=warning msg="Request Failed" error="Post \"http://auth-service.ecommerce.svc.cluster.local:8001/auth/login\": request timeout"

running (07m05.8s), 147/225 VUs, 9127 complete and 0 interrupted iterations
openloop_spike   [  59% ] 147/225 VUs  07m05.8s/12m0s  30.00 iters/s
time="2026-10-06T13:10:46Z" level=warning msg="Request Failed" error="Get \"http://auth-service.ecommerce.svc.cluster.local:8001/auth/me\": request timeout"
time="2026-10-06T13:10:47Z" level=warning msg="Request Failed" error="Get \"http://auth-service.ecommerce.svc.cluster.local:8001/auth/me\": request timeout"
time="2026-10-06T13:10:47Z" level=warning msg="Request Failed" error="Get \"http://auth-service.ecommerce.svc.cluster.local:8001/auth/me\": request timeout"
time="2026-10-06T13:10:47Z" level=warning msg="Request Failed" error="Post \"http://auth-service.ecommerce.svc.cluster.local:8001/auth/login\": request timeout"
time="2026-10-06T13:10:47Z" level=warning msg="Request Failed" error="Get \"http://auth-service.ecommerce.svc.cluster.local:8001/auth/me\": request timeout"
time="2026-10-06T13:10:47Z" level=warning msg="Request Failed" error="Get \"http://auth-service.ecommerce.svc.cluster.local:8001/auth/me\": request timeout"
time="2026-10-06T13:10:47Z" level=warning msg="Request Failed" error="Get \"http://auth-service.ecommerce.svc.cluster.local:8001/auth/me\": request timeout"
time="2026-10-06T13:10:47Z" level=warning msg="Request Failed" error="Post \"http://auth-service.ecommerce.svc.cluster.local:8001/auth/login\": request timeout"
time="2026-10-06T13:10:47Z" level=warning msg="Request Failed" error="Get \"http://auth-service.ecommerce.svc.cluster.local:8001/auth/me\": request timeout"
time="2026-10-06T13:10:47Z" level=warning msg="Request Failed" error="Post \"http://auth-service.ecommerce.svc.cluster.local:8001/auth/login\": request timeout"
time="2026-10-06T13:10:47Z" level=warning msg="Request Failed" error="Get \"http://auth-service.ecommerce.svc.cluster.local:8001/auth/me\": request timeout"
time="2026-10-06T13:10:47Z" level=warning msg="Request Failed" error="Post \"http://auth-service.ecommerce.svc.cluster.local:8001/auth/login\": request timeout"
time="2026-10-06T13:10:47Z" level=warning msg="Request Failed" error="Post \"http://auth-service.ecommerce.svc.cluster.local:8001/auth/login\": request timeout"

running (07m06.8s), 140/225 VUs, 9164 complete and 0 interrupted iterations
openloop_spike   [  59% ] 140/225 VUs  07m06.8s/12m0s  30.00 iters/s
time="2026-10-06T13:10:48Z" level=warning msg="Request Failed" error="Post \"http://auth-service.ecommerce.svc.cluster.local:8001/auth/login\": request timeout"
time="2026-10-06T13:10:48Z" level=warning msg="Request Failed" error="Post \"http://auth-service.ecommerce.svc.cluster.local:8001/auth/login\": request timeout"
time="2026-10-06T13:10:48Z" level=warning msg="Request Failed" error="request timeout"
time="2026-10-06T13:10:48Z" level=warning msg="Request Failed" error="Post \"http://auth-service.ecommerce.svc.cluster.local:8001/auth/login\": request timeout"
time="2026-10-06T13:10:48Z" level=warning msg="Request Failed" error="Post \"http://auth-service.ecommerce.svc.cluster.local:8001/auth/login\": request timeout"

running (07m07.8s), 142/225 VUs, 9192 complete and 0 interrupted iterations
openloop_spike   [  59% ] 142/225 VUs  07m07.8s/12m0s  30.00 iters/s
time="2026-10-06T13:10:48Z" level=warning msg="Request Failed" error="request timeout"
time="2026-10-06T13:10:49Z" level=warning msg="Request Failed" error="Post \"http://auth-service.ecommerce.svc.cluster.local:8001/auth/login\": request timeout"
time="2026-10-06T13:10:49Z" level=warning msg="Request Failed" error="Post \"http://auth-service.ecommerce.svc.cluster.local:8001/auth/login\": request timeout"
time="2026-10-06T13:10:49Z" level=warning msg="Request Failed" error="Post \"http://auth-service.ecommerce.svc.cluster.local:8001/auth/login\": request timeout"
time="2026-10-06T13:10:49Z" level=warning msg="Request Failed" error="Post \"http://auth-service.ecommerce.svc.cluster.local:8001/auth/login\": request timeout"
time="2026-10-06T13:10:49Z" level=warning msg="Request Failed" error="Get \"http://auth-service.ecommerce.svc.cluster.local:8001/auth/me\": request timeout"
time="2026-10-06T13:10:49Z" level=warning msg="Request Failed" error="Get \"http://auth-service.ecommerce.svc.cluster.local:8001/auth/me\": request timeout"
time="2026-10-06T13:10:49Z" level=warning msg="Request Failed" error="Get \"http://auth-service.ecommerce.svc.cluster.local:8001/auth/me\": request timeout"
time="2026-10-06T13:10:49Z" level=warning msg="Request Failed" error="Post \"http://auth-service.ecommerce.svc.cluster.local:8001/auth/login\": request timeout"
time="2026-10-06T13:10:49Z" level=warning msg="Request Failed" error="Get \"http://auth-service.ecommerce.svc.cluster.local:8001/auth/me\": request timeout"
time="2026-10-06T13:10:49Z" level=warning msg="Request Failed" error="Get \"http://auth-service.ecommerce.svc.cluster.local:8001/auth/me\": request timeout"
time="2026-10-06T13:10:49Z" level=warning msg="Request Failed" error="Get \"http://auth-service.ecommerce.svc.cluster.local:8001/auth/me\": request timeout"
time="2026-10-06T13:10:49Z" level=warning msg="Request Failed" error="Get \"http://auth-service.ecommerce.svc.cluster.local:8001/auth/me\": request timeout"

running (07m08.8s), 141/225 VUs, 9223 complete and 0 interrupted iterations
openloop_spike   [  60% ] 141/225 VUs  07m08.8s/12m0s  30.00 iters/s
time="2026-10-06T13:10:49Z" level=warning msg="Request Failed" error="Get \"http://auth-service.ecommerce.svc.cluster.local:8001/auth/me\": request timeout"
time="2026-10-06T13:10:50Z" level=warning msg="Request Failed" error="Get \"http://auth-service.ecommerce.svc.cluster.local:8001/auth/me\": request timeout"
time="2026-10-06T13:10:50Z" level=warning msg="Request Failed" error="Get \"http://auth-service.ecommerce.svc.cluster.local:8001/auth/me\": request timeout"
time="2026-10-06T13:10:50Z" level=warning msg="Request Failed" error="Get \"http://auth-service.ecommerce.svc.cluster.local:8001/auth/me\": request timeout"
time="2026-10-06T13:10:50Z" level=warning msg="Request Failed" error="Get \"http://auth-service.ecommerce.svc.cluster.local:8001/auth/me\": request timeout"
time="2026-10-06T13:10:50Z" level=warning msg="Request Failed" error="Get \"http://auth-service.ecommerce.svc.cluster.local:8001/auth/me\": request timeout"
time="2026-10-06T13:10:50Z" level=warning msg="Request Failed" error="Get \"http://auth-service.ecommerce.svc.cluster.local:8001/auth/me\": request timeout"
time="2026-10-06T13:10:50Z" level=warning msg="Request Failed" error="Get \"http://auth-service.ecommerce.svc.cluster.local:8001/auth/me\": request timeout"
time="2026-10-06T13:10:50Z" level=warning msg="Request Failed" error="Post \"http://auth-service.ecommerce.svc.cluster.local:8001/auth/login\": request timeout"
time="2026-10-06T13:10:50Z" level=warning msg="Request Failed" error="Get \"http://auth-service.ecommerce.svc.cluster.local:8001/auth/me\": request timeout"
time="2026-10-06T13:10:50Z" level=warning msg="Request Failed" error="Get \"http://auth-service.ecommerce.svc.cluster.local:8001/auth/me\": request timeout"
time="2026-10-06T13:10:50Z" level=warning msg="Request Failed" error="Get \"http://auth-service.ecommerce.svc.cluster.local:8001/auth/me\": request timeout"
time="2026-10-06T13:10:50Z" level=warning msg="Request Failed" error="Post \"http://auth-service.ecommerce.svc.cluster.local:8001/auth/login\": request timeout"
time="2026-10-06T13:10:50Z" level=warning msg="Request Failed" error="Post \"http://auth-service.ecommerce.svc.cluster.local:8001/auth/login\": request timeout"

running (07m09.8s), 134/225 VUs, 9260 complete and 0 interrupted iterations
openloop_spike   [  60% ] 134/225 VUs  07m09.8s/12m0s  30.00 iters/s
time="2026-10-06T13:10:51Z" level=warning msg="Request Failed" error="Post \"http://auth-service.ecommerce.svc.cluster.local:8001/auth/login\": request timeout"
time="2026-10-06T13:10:51Z" level=warning msg="Request Failed" error="Post \"http://auth-service.ecommerce.svc.cluster.local:8001/auth/login\": request timeout"

running (07m10.8s), 115/225 VUs, 9309 complete and 0 interrupted iterations
openloop_spike   [  60% ] 115/225 VUs  07m10.8s/12m0s  30.00 iters/s
time="2026-10-06T13:10:52Z" level=warning msg="Request Failed" error="Post \"http://auth-service.ecommerce.svc.cluster.local:8001/auth/login\": request timeout"
time="2026-10-06T13:10:52Z" level=warning msg="Request Failed" error="Post \"http://auth-service.ecommerce.svc.cluster.local:8001/auth/login\": request timeout"

running (07m11.8s), 122/225 VUs, 9332 complete and 0 interrupted iterations
openloop_spike   [  60% ] 122/225 VUs  07m11.8s/12m0s  30.00 iters/s
time="2026-10-06T13:10:53Z" level=warning msg="Request Failed" error="Post \"http://auth-service.ecommerce.svc.cluster.local:8001/auth/login\": request timeout"
time="2026-10-06T13:10:53Z" level=warning msg="Request Failed" error="Post \"http://auth-service.ecommerce.svc.cluster.local:8001/auth/login\": request timeout"
time="2026-10-06T13:10:53Z" level=warning msg="Request Failed" error="Post \"http://auth-service.ecommerce.svc.cluster.local:8001/auth/login\": request timeout"
time="2026-10-06T13:10:53Z" level=warning msg="Request Failed" error="Post \"http://auth-service.ecommerce.svc.cluster.local:8001/auth/login\": request timeout"
time="2026-10-06T13:10:53Z" level=warning msg="Request Failed" error="Post \"http://auth-service.ecommerce.svc.cluster.local:8001/auth/login\": request timeout"
time="2026-10-06T13:10:53Z" level=warning msg="Request Failed" error="Post \"http://auth-service.ecommerce.svc.cluster.local:8001/auth/login\": request timeout"
time="2026-10-06T13:10:53Z" level=warning msg="Request Failed" error="Post \"http://auth-service.ecommerce.svc.cluster.local:8001/auth/login\": request timeout"

running (07m12.8s), 131/225 VUs, 9353 complete and 0 interrupted iterations
openloop_spike   [  60% ] 131/225 VUs  07m12.8s/12m0s  30.00 iters/s
time="2026-10-06T13:10:54Z" level=warning msg="Request Failed" error="Post \"http://auth-service.ecommerce.svc.cluster.local:8001/auth/login\": request timeout"
time="2026-10-06T13:10:54Z" level=warning msg="Request Failed" error="Post \"http://auth-service.ecommerce.svc.cluster.local:8001/auth/login\": request timeout"
time="2026-10-06T13:10:54Z" level=warning msg="Request Failed" error="Post \"http://auth-service.ecommerce.svc.cluster.local:8001/auth/login\": request timeout"
time="2026-10-06T13:10:54Z" level=warning msg="Request Failed" error="Post \"http://auth-service.ecommerce.svc.cluster.local:8001/auth/login\": request timeout"

running (07m13.8s), 126/225 VUs, 9388 complete and 0 interrupted iterations
openloop_spike   [  60% ] 126/225 VUs  07m13.8s/12m0s  30.00 iters/s
time="2026-10-06T13:10:55Z" level=warning msg="Request Failed" error="Post \"http://auth-service.ecommerce.svc.cluster.local:8001/auth/login\": request timeout"
time="2026-10-06T13:10:55Z" level=warning msg="Request Failed" error="Post \"http://auth-service.ecommerce.svc.cluster.local:8001/auth/login\": request timeout"
time="2026-10-06T13:10:55Z" level=warning msg="Request Failed" error="Post \"http://auth-service.ecommerce.svc.cluster.local:8001/auth/login\": request timeout"
time="2026-10-06T13:10:55Z" level=warning msg="Request Failed" error="Post \"http://auth-service.ecommerce.svc.cluster.local:8001/auth/login\": request timeout"

running (07m14.8s), 081/225 VUs, 9463 complete and 0 interrupted iterations
openloop_spike   [  60% ] 081/225 VUs  07m14.8s/12m0s  30.00 iters/s
time="2026-10-06T13:10:56Z" level=warning msg="Request Failed" error="Post \"http://auth-service.ecommerce.svc.cluster.local:8001/auth/login\": request timeout"
time="2026-10-06T13:10:56Z" level=warning msg="Request Failed" error="Post \"http://auth-service.ecommerce.svc.cluster.local:8001/auth/login\": request timeout"
time="2026-10-06T13:10:56Z" level=warning msg="Request Failed" error="Post \"http://auth-service.ecommerce.svc.cluster.local:8001/auth/login\": request timeout"
time="2026-10-06T13:10:56Z" level=warning msg="Request Failed" error="Post \"http://auth-service.ecommerce.svc.cluster.local:8001/auth/login\": request timeout"

running (07m15.8s), 014/225 VUs, 9560 complete and 0 interrupted iterations
openloop_spike   [  61% ] 014/225 VUs  07m15.8s/12m0s  30.00 iters/s
time="2026-10-06T13:10:57Z" level=warning msg="Request Failed" error="Post \"http://auth-service.ecommerce.svc.cluster.local:8001/auth/login\": request timeout"
time="2026-10-06T13:10:57Z" level=warning msg="Request Failed" error="Post \"http://auth-service.ecommerce.svc.cluster.local:8001/auth/login\": request timeout"

running (07m16.8s), 013/225 VUs, 9591 complete and 0 interrupted iterations
openloop_spike   [  61% ] 013/225 VUs  07m16.8s/12m0s  30.00 iters/s

running (07m17.8s), 014/225 VUs, 9620 complete and 0 interrupted iterations
openloop_spike   [  61% ] 014/225 VUs  07m17.8s/12m0s  30.00 iters/s
time="2026-10-06T13:10:59Z" level=warning msg="Request Failed" error="Post \"http://auth-service.ecommerce.svc.cluster.local:8001/auth/login\": request timeout"

running (07m18.8s), 043/225 VUs, 9621 complete and 0 interrupted iterations
openloop_spike   [  61% ] 043/225 VUs  07m18.8s/12m0s  30.00 iters/s
time="2026-10-06T13:11:00Z" level=warning msg="Request Failed" error="Post \"http://auth-service.ecommerce.svc.cluster.local:8001/auth/login\": request timeout"
time="2026-10-06T13:11:00Z" level=warning msg="Request Failed" error="Post \"http://auth-service.ecommerce.svc.cluster.local:8001/auth/login\": request timeout"
time="2026-10-06T13:11:00Z" level=warning msg="Request Failed" error="Post \"http://auth-service.ecommerce.svc.cluster.local:8001/auth/login\": request timeout"

running (07m19.8s), 061/225 VUs, 9633 complete and 0 interrupted iterations
openloop_spike   [  61% ] 061/225 VUs  07m19.8s/12m0s  30.00 iters/s
time="2026-10-06T13:11:01Z" level=warning msg="Request Failed" error="Post \"http://auth-service.ecommerce.svc.cluster.local:8001/auth/login\": request timeout"

running (07m20.8s), 090/225 VUs, 9634 complete and 0 interrupted iterations
openloop_spike   [  61% ] 090/225 VUs  07m20.8s/12m0s  30.00 iters/s
time="2026-10-06T13:11:02Z" level=warning msg="Request Failed" error="Post \"http://auth-service.ecommerce.svc.cluster.local:8001/auth/login\": request timeout"
time="2026-10-06T13:11:02Z" level=warning msg="Request Failed" error="Post \"http://auth-service.ecommerce.svc.cluster.local:8001/auth/login\": request timeout"

running (07m21.8s), 103/225 VUs, 9651 complete and 0 interrupted iterations
openloop_spike   [  61% ] 103/225 VUs  07m21.8s/12m0s  30.00 iters/s
time="2026-10-06T13:11:03Z" level=warning msg="Request Failed" error="Post \"http://auth-service.ecommerce.svc.cluster.local:8001/auth/login\": request timeout"
time="2026-10-06T13:11:03Z" level=warning msg="Request Failed" error="Post \"http://auth-service.ecommerce.svc.cluster.local:8001/auth/login\": request timeout"

running (07m22.8s), 077/225 VUs, 9707 complete and 0 interrupted iterations
openloop_spike   [  62% ] 077/225 VUs  07m22.8s/12m0s  30.00 iters/s
time="2026-10-06T13:11:04Z" level=warning msg="Request Failed" error="Post \"http://auth-service.ecommerce.svc.cluster.local:8001/auth/login\": request timeout"

running (07m23.8s), 058/225 VUs, 9756 complete and 0 interrupted iterations
openloop_spike   [  62% ] 058/225 VUs  07m23.8s/12m0s  30.00 iters/s

running (07m24.8s), 059/225 VUs, 9785 complete and 0 interrupted iterations
openloop_spike   [  62% ] 059/225 VUs  07m24.8s/12m0s  30.00 iters/s
time="2026-10-06T13:11:06Z" level=warning msg="Request Failed" error="Post \"http://auth-service.ecommerce.svc.cluster.local:8001/auth/login\": request timeout"

running (07m25.8s), 059/225 VUs, 9815 complete and 0 interrupted iterations
openloop_spike   [  62% ] 059/225 VUs  07m25.8s/12m0s  30.00 iters/s
time="2026-10-06T13:11:06Z" level=warning msg="Request Failed" error="Post \"http://auth-service.ecommerce.svc.cluster.local:8001/auth/login\": request timeout"
time="2026-10-06T13:11:07Z" level=warning msg="Request Failed" error="Post \"http://auth-service.ecommerce.svc.cluster.local:8001/auth/login\": request timeout"
time="2026-10-06T13:11:07Z" level=warning msg="Request Failed" error="Post \"http://auth-service.ecommerce.svc.cluster.local:8001/auth/login\": request timeout"

running (07m26.8s), 073/225 VUs, 9831 complete and 0 interrupted iterations
openloop_spike   [  62% ] 073/225 VUs  07m26.8s/12m0s  30.00 iters/s
time="2026-10-06T13:11:08Z" level=warning msg="Request Failed" error="Post \"http://auth-service.ecommerce.svc.cluster.local:8001/auth/login\": request timeout"
time="2026-10-06T13:11:08Z" level=warning msg="Request Failed" error="Post \"http://auth-service.ecommerce.svc.cluster.local:8001/auth/login\": request timeout"

running (07m27.8s), 061/225 VUs, 9873 complete and 0 interrupted iterations
openloop_spike   [  62% ] 061/225 VUs  07m27.8s/12m0s  30.00 iters/s
time="2026-10-06T13:11:09Z" level=warning msg="Request Failed" error="Post \"http://auth-service.ecommerce.svc.cluster.local:8001/auth/login\": request timeout"
time="2026-10-06T13:11:09Z" level=warning msg="Request Failed" error="Post \"http://auth-service.ecommerce.svc.cluster.local:8001/auth/login\": request timeout"

running (07m28.8s), 035/225 VUs, 9929 complete and 0 interrupted iterations
openloop_spike   [  62% ] 035/225 VUs  07m28.8s/12m0s  30.00 iters/s

running (07m29.8s), 023/225 VUs, 9971 complete and 0 interrupted iterations
openloop_spike   [  62% ] 023/225 VUs  07m29.8s/12m0s  30.00 iters/s

running (07m30.8s), 023/225 VUs, 10001 complete and 0 interrupted iterations
openloop_spike   [  63% ] 023/225 VUs  07m30.8s/12m0s  30.00 iters/s
time="2026-10-06T13:11:12Z" level=warning msg="Request Failed" error="Post \"http://auth-service.ecommerce.svc.cluster.local:8001/auth/login\": request timeout"
time="2026-10-06T13:11:12Z" level=warning msg="Request Failed" error="Post \"http://auth-service.ecommerce.svc.cluster.local:8001/auth/login\": request timeout"
time="2026-10-06T13:11:12Z" level=warning msg="Request Failed" error="Post \"http://auth-service.ecommerce.svc.cluster.local:8001/auth/login\": request timeout"

running (07m31.8s), 021/225 VUs, 10033 complete and 0 interrupted iterations
openloop_spike   [  63% ] 021/225 VUs  07m31.8s/12m0s  30.00 iters/s
time="2026-10-06T13:11:13Z" level=warning msg="Request Failed" error="Post \"http://auth-service.ecommerce.svc.cluster.local:8001/auth/login\": request timeout"

running (07m32.8s), 020/225 VUs, 10064 complete and 0 interrupted iterations
openloop_spike   [  63% ] 020/225 VUs  07m32.8s/12m0s  30.00 iters/s
time="2026-10-06T13:11:14Z" level=warning msg="Request Failed" error="Post \"http://auth-service.ecommerce.svc.cluster.local:8001/auth/login\": request timeout"
time="2026-10-06T13:11:14Z" level=warning msg="Request Failed" error="Post \"http://auth-service.ecommerce.svc.cluster.local:8001/auth/login\": request timeout"

running (07m33.8s), 018/225 VUs, 10096 complete and 0 interrupted iterations
openloop_spike   [  63% ] 018/225 VUs  07m33.8s/12m0s  30.00 iters/s
time="2026-10-06T13:11:15Z" level=warning msg="Request Failed" error="Post \"http://auth-service.ecommerce.svc.cluster.local:8001/auth/login\": request timeout"
time="2026-10-06T13:11:15Z" level=warning msg="Request Failed" error="Post \"http://auth-service.ecommerce.svc.cluster.local:8001/auth/login\": request timeout"
time="2026-10-06T13:11:15Z" level=warning msg="Request Failed" error="Post \"http://auth-service.ecommerce.svc.cluster.local:8001/auth/login\": request timeout"
time="2026-10-06T13:11:15Z" level=warning msg="Request Failed" error="Post \"http://auth-service.ecommerce.svc.cluster.local:8001/auth/login\": request timeout"

running (07m34.8s), 013/225 VUs, 10131 complete and 0 interrupted iterations
openloop_spike   [  63% ] 013/225 VUs  07m34.8s/12m0s  30.00 iters/s
time="2026-10-06T13:11:16Z" level=warning msg="Request Failed" error="Post \"http://auth-service.ecommerce.svc.cluster.local:8001/auth/login\": request timeout"
time="2026-10-06T13:11:16Z" level=warning msg="Request Failed" error="Post \"http://auth-service.ecommerce.svc.cluster.local:8001/auth/login\": request timeout"
time="2026-10-06T13:11:16Z" level=warning msg="Request Failed" error="Post \"http://auth-service.ecommerce.svc.cluster.local:8001/auth/login\": request timeout"
time="2026-10-06T13:11:16Z" level=warning msg="Request Failed" error="Post \"http://auth-service.ecommerce.svc.cluster.local:8001/auth/login\": request timeout"

running (07m35.8s), 031/225 VUs, 10143 complete and 0 interrupted iterations
openloop_spike   [  63% ] 031/225 VUs  07m35.8s/12m0s  30.00 iters/s
time="2026-10-06T13:11:17Z" level=warning msg="Request Failed" error="Post \"http://auth-service.ecommerce.svc.cluster.local:8001/auth/login\": request timeout"

running (07m36.8s), 060/225 VUs, 10144 complete and 0 interrupted iterations
openloop_spike   [  63% ] 060/225 VUs  07m36.8s/12m0s  30.00 iters/s
time="2026-10-06T13:11:18Z" level=warning msg="Request Failed" error="Post \"http://auth-service.ecommerce.svc.cluster.local:8001/auth/login\": request timeout"
time="2026-10-06T13:11:18Z" level=warning msg="Request Failed" error="Post \"http://auth-service.ecommerce.svc.cluster.local:8001/auth/login\": request timeout"

running (07m37.8s), 076/225 VUs, 10158 complete and 0 interrupted iterations
openloop_spike   [  64% ] 076/225 VUs  07m37.8s/12m0s  30.00 iters/s

running (07m38.8s), 067/225 VUs, 10197 complete and 0 interrupted iterations
openloop_spike   [  64% ] 067/225 VUs  07m38.8s/12m0s  30.00 iters/s

running (07m39.8s), 048/225 VUs, 10246 complete and 0 interrupted iterations
openloop_spike   [  64% ] 048/225 VUs  07m39.8s/12m0s  30.00 iters/s
time="2026-10-06T13:11:20Z" level=warning msg="Request Failed" error="Post \"http://auth-service.ecommerce.svc.cluster.local:8001/auth/login\": request timeout"
time="2026-10-06T13:11:21Z" level=warning msg="Request Failed" error="Post \"http://auth-service.ecommerce.svc.cluster.local:8001/auth/login\": request timeout"
time="2026-10-06T13:11:21Z" level=warning msg="Request Failed" error="Post \"http://auth-service.ecommerce.svc.cluster.local:8001/auth/login\": request timeout"

running (07m40.8s), 055/225 VUs, 10269 complete and 0 interrupted iterations
openloop_spike   [  64% ] 055/225 VUs  07m40.8s/12m0s  30.00 iters/s
time="2026-10-06T13:11:22Z" level=warning msg="Request Failed" error="Post \"http://auth-service.ecommerce.svc.cluster.local:8001/auth/login\": request timeout"
time="2026-10-06T13:11:22Z" level=warning msg="Request Failed" error="Post \"http://auth-service.ecommerce.svc.cluster.local:8001/auth/login\": request timeout"

running (07m41.8s), 066/225 VUs, 10288 complete and 0 interrupted iterations
openloop_spike   [  64% ] 066/225 VUs  07m41.8s/12m0s  30.00 iters/s

running (07m42.8s), 072/225 VUs, 10312 complete and 0 interrupted iterations
openloop_spike   [  64% ] 072/225 VUs  07m42.8s/12m0s  30.00 iters/s
time="2026-10-06T13:11:24Z" level=warning msg="Request Failed" error="Post \"http://auth-service.ecommerce.svc.cluster.local:8001/auth/login\": request timeout"
time="2026-10-06T13:11:24Z" level=warning msg="Request Failed" error="Post \"http://auth-service.ecommerce.svc.cluster.local:8001/auth/login\": request timeout"
time="2026-10-06T13:11:24Z" level=warning msg="Request Failed" error="Post \"http://auth-service.ecommerce.svc.cluster.local:8001/auth/login\": request timeout"

running (07m43.8s), 065/225 VUs, 10349 complete and 0 interrupted iterations
openloop_spike   [  64% ] 065/225 VUs  07m43.8s/12m0s  30.00 iters/s

running (07m44.8s), 069/225 VUs, 10375 complete and 0 interrupted iterations
openloop_spike   [  65% ] 069/225 VUs  07m44.8s/12m0s  30.00 iters/s
time="2026-10-06T13:11:26Z" level=warning msg="Request Failed" error="Post \"http://auth-service.ecommerce.svc.cluster.local:8001/auth/login\": request timeout"
time="2026-10-06T13:11:26Z" level=warning msg="Request Failed" error="Post \"http://auth-service.ecommerce.svc.cluster.local:8001/auth/login\": request timeout"
time="2026-10-06T13:11:26Z" level=warning msg="Request Failed" error="Post \"http://auth-service.ecommerce.svc.cluster.local:8001/auth/login\": request timeout"

running (07m45.8s), 072/225 VUs, 10402 complete and 0 interrupted iterations
openloop_spike   [  65% ] 072/225 VUs  07m45.8s/12m0s  30.00 iters/s
time="2026-10-06T13:11:27Z" level=warning msg="Request Failed" error="Post \"http://auth-service.ecommerce.svc.cluster.local:8001/auth/login\": request timeout"

running (07m46.8s), 070/225 VUs, 10434 complete and 0 interrupted iterations
openloop_spike   [  65% ] 070/225 VUs  07m46.8s/12m0s  30.00 iters/s
time="2026-10-06T13:11:28Z" level=warning msg="Request Failed" error="Post \"http://auth-service.ecommerce.svc.cluster.local:8001/auth/login\": request timeout"
time="2026-10-06T13:11:28Z" level=warning msg="Request Failed" error="Post \"http://auth-service.ecommerce.svc.cluster.local:8001/auth/login\": request timeout"
time="2026-10-06T13:11:28Z" level=warning msg="Request Failed" error="Post \"http://auth-service.ecommerce.svc.cluster.local:8001/auth/login\": request timeout"

running (07m47.8s), 073/225 VUs, 10461 complete and 0 interrupted iterations
openloop_spike   [  65% ] 073/225 VUs  07m47.8s/12m0s  30.00 iters/s
time="2026-10-06T13:11:29Z" level=warning msg="Request Failed" error="Post \"http://auth-service.ecommerce.svc.cluster.local:8001/auth/login\": request timeout"
time="2026-10-06T13:11:29Z" level=warning msg="Request Failed" error="Post \"http://auth-service.ecommerce.svc.cluster.local:8001/auth/login\": request timeout"
time="2026-10-06T13:11:29Z" level=warning msg="Request Failed" error="Post \"http://auth-service.ecommerce.svc.cluster.local:8001/auth/login\": request timeout"

running (07m48.8s), 070/225 VUs, 10494 complete and 0 interrupted iterations
openloop_spike   [  65% ] 070/225 VUs  07m48.8s/12m0s  30.00 iters/s
time="2026-10-06T13:11:30Z" level=warning msg="Request Failed" error="Post \"http://auth-service.ecommerce.svc.cluster.local:8001/auth/login\": request timeout"

running (07m49.8s), 083/225 VUs, 10511 complete and 0 interrupted iterations
openloop_spike   [  65% ] 083/225 VUs  07m49.8s/12m0s  30.00 iters/s
time="2026-10-06T13:11:31Z" level=warning msg="Request Failed" error="Post \"http://auth-service.ecommerce.svc.cluster.local:8001/auth/login\": request timeout"

running (07m50.8s), 093/225 VUs, 10531 complete and 0 interrupted iterations
openloop_spike   [  65% ] 093/225 VUs  07m50.8s/12m0s  30.00 iters/s

running (07m51.8s), 047/225 VUs, 10607 complete and 0 interrupted iterations
openloop_spike   [  66% ] 047/225 VUs  07m51.8s/12m0s  30.00 iters/s

running (07m52.8s), 055/225 VUs, 10629 complete and 0 interrupted iterations
openloop_spike   [  66% ] 055/225 VUs  07m52.8s/12m0s  30.00 iters/s
time="2026-10-06T13:11:34Z" level=warning msg="Request Failed" error="Post \"http://auth-service.ecommerce.svc.cluster.local:8001/auth/login\": request timeout"

running (07m53.8s), 059/225 VUs, 10655 complete and 0 interrupted iterations
openloop_spike   [  66% ] 059/225 VUs  07m53.8s/12m0s  30.00 iters/s
time="2026-10-06T13:11:35Z" level=warning msg="Request Failed" error="Post \"http://auth-service.ecommerce.svc.cluster.local:8001/auth/login\": request timeout"
time="2026-10-06T13:11:35Z" level=warning msg="Request Failed" error="Post \"http://auth-service.ecommerce.svc.cluster.local:8001/auth/login\": request timeout"

running (07m54.8s), 065/225 VUs, 10679 complete and 0 interrupted iterations
openloop_spike   [  66% ] 065/225 VUs  07m54.8s/12m0s  30.00 iters/s
time="2026-10-06T13:11:36Z" level=warning msg="Request Failed" error="Post \"http://auth-service.ecommerce.svc.cluster.local:8001/auth/login\": request timeout"
time="2026-10-06T13:11:36Z" level=warning msg="Request Failed" error="Post \"http://auth-service.ecommerce.svc.cluster.local:8001/auth/login\": request timeout"

running (07m55.8s), 065/225 VUs, 10709 complete and 0 interrupted iterations
openloop_spike   [  66% ] 065/225 VUs  07m55.8s/12m0s  30.00 iters/s
time="2026-10-06T13:11:36Z" level=warning msg="Request Failed" error="Post \"http://auth-service.ecommerce.svc.cluster.local:8001/auth/login\": request timeout"
time="2026-10-06T13:11:37Z" level=warning msg="Request Failed" error="Post \"http://auth-service.ecommerce.svc.cluster.local:8001/auth/login\": request timeout"

running (07m56.8s), 061/225 VUs, 10743 complete and 0 interrupted iterations
openloop_spike   [  66% ] 061/225 VUs  07m56.8s/12m0s  30.00 iters/s
time="2026-10-06T13:11:38Z" level=warning msg="Request Failed" error="Post \"http://auth-service.ecommerce.svc.cluster.local:8001/auth/login\": request timeout"

running (07m57.8s), 063/225 VUs, 10771 complete and 0 interrupted iterations
openloop_spike   [  66% ] 063/225 VUs  07m57.8s/12m0s  30.00 iters/s
time="2026-10-06T13:11:39Z" level=warning msg="Request Failed" error="Post \"http://auth-service.ecommerce.svc.cluster.local:8001/auth/login\": request timeout"
time="2026-10-06T13:11:39Z" level=warning msg="Request Failed" error="Post \"http://auth-service.ecommerce.svc.cluster.local:8001/auth/login\": request timeout"

running (07m58.8s), 062/225 VUs, 10802 complete and 0 interrupted iterations
openloop_spike   [  67% ] 062/225 VUs  07m58.8s/12m0s  30.00 iters/s

running (07m59.8s), 084/225 VUs, 10810 complete and 0 interrupted iterations
openloop_spike   [  67% ] 084/225 VUs  07m59.8s/12m0s  30.00 iters/s
time="2026-10-06T13:11:41Z" level=warning msg="Request Failed" error="Post \"http://auth-service.ecommerce.svc.cluster.local:8001/auth/login\": request timeout"
time="2026-10-06T13:11:41Z" level=warning msg="Request Failed" error="Post \"http://auth-service.ecommerce.svc.cluster.local:8001/auth/login\": request timeout"
time="2026-10-06T13:11:41Z" level=warning msg="Request Failed" error="Post \"http://auth-service.ecommerce.svc.cluster.local:8001/auth/login\": request timeout"
time="2026-10-06T13:11:41Z" level=warning msg="Request Failed" error="Post \"http://auth-service.ecommerce.svc.cluster.local:8001/auth/login\": request timeout"

running (08m00.8s), 088/225 VUs, 10836 complete and 0 interrupted iterations
openloop_spike   [  67% ] 088/225 VUs  08m00.8s/12m0s  30.00 iters/s
time="2026-10-06T13:11:42Z" level=warning msg="Request Failed" error="Post \"http://auth-service.ecommerce.svc.cluster.local:8001/auth/login\": request timeout"

running (08m01.8s), 079/225 VUs, 10875 complete and 0 interrupted iterations
openloop_spike   [  67% ] 079/225 VUs  08m01.8s/12m0s  30.00 iters/s
time="2026-10-06T13:11:43Z" level=warning msg="Request Failed" error="Post \"http://auth-service.ecommerce.svc.cluster.local:8001/auth/login\": request timeout"
time="2026-10-06T13:11:43Z" level=warning msg="Request Failed" error="Post \"http://auth-service.ecommerce.svc.cluster.local:8001/auth/login\": request timeout"

running (08m02.8s), 072/225 VUs, 10912 complete and 0 interrupted iterations
openloop_spike   [  67% ] 072/225 VUs  08m02.8s/12m0s  30.00 iters/s
time="2026-10-06T13:11:44Z" level=warning msg="Request Failed" error="Post \"http://auth-service.ecommerce.svc.cluster.local:8001/auth/login\": request timeout"

running (08m03.8s), 071/225 VUs, 10943 complete and 0 interrupted iterations
openloop_spike   [  67% ] 071/225 VUs  08m03.8s/12m0s  30.00 iters/s
time="2026-10-06T13:11:45Z" level=warning msg="Request Failed" error="Post \"http://auth-service.ecommerce.svc.cluster.local:8001/auth/login\": request timeout"
time="2026-10-06T13:11:45Z" level=warning msg="Request Failed" error="Post \"http://auth-service.ecommerce.svc.cluster.local:8001/auth/login\": request timeout"
time="2026-10-06T13:11:45Z" level=warning msg="Request Failed" error="Post \"http://auth-service.ecommerce.svc.cluster.local:8001/auth/login\": request timeout"
time="2026-10-06T13:11:45Z" level=warning msg="Request Failed" error="Post \"http://auth-service.ecommerce.svc.cluster.local:8001/auth/login\": request timeout"

running (08m04.8s), 069/225 VUs, 10975 complete and 0 interrupted iterations
openloop_spike   [  67% ] 069/225 VUs  08m04.8s/12m0s  30.00 iters/s
time="2026-10-06T13:11:45Z" level=warning msg="Request Failed" error="Post \"http://auth-service.ecommerce.svc.cluster.local:8001/auth/login\": request timeout"

running (08m05.8s), 071/225 VUs, 11003 complete and 0 interrupted iterations
openloop_spike   [  67% ] 071/225 VUs  08m05.8s/12m0s  30.00 iters/s
time="2026-10-06T13:11:47Z" level=warning msg="Request Failed" error="Post \"http://auth-service.ecommerce.svc.cluster.local:8001/auth/login\": request timeout"

running (08m06.8s), 080/225 VUs, 11024 complete and 0 interrupted iterations
openloop_spike   [  68% ] 080/225 VUs  08m06.8s/12m0s  30.00 iters/s

running (08m07.8s), 093/225 VUs, 11041 complete and 0 interrupted iterations
openloop_spike   [  68% ] 093/225 VUs  08m07.8s/12m0s  30.00 iters/s
time="2026-10-06T13:11:49Z" level=warning msg="Request Failed" error="Post \"http://auth-service.ecommerce.svc.cluster.local:8001/auth/login\": request timeout"
time="2026-10-06T13:11:49Z" level=warning msg="Request Failed" error="Post \"http://auth-service.ecommerce.svc.cluster.local:8001/auth/login\": request timeout"
time="2026-10-06T13:11:49Z" level=warning msg="Request Failed" error="Post \"http://auth-service.ecommerce.svc.cluster.local:8001/auth/login\": request timeout"

running (08m08.8s), 105/225 VUs, 11059 complete and 0 interrupted iterations
openloop_spike   [  68% ] 105/225 VUs  08m08.8s/12m0s  30.00 iters/s
time="2026-10-06T13:11:50Z" level=warning msg="Request Failed" error="Post \"http://auth-service.ecommerce.svc.cluster.local:8001/auth/login\": request timeout"
time="2026-10-06T13:11:50Z" level=warning msg="Request Failed" error="Post \"http://auth-service.ecommerce.svc.cluster.local:8001/auth/login\": request timeout"

running (08m09.8s), 111/225 VUs, 11083 complete and 0 interrupted iterations
openloop_spike   [  68% ] 111/225 VUs  08m09.8s/12m0s  30.00 iters/s
time="2026-10-06T13:11:51Z" level=warning msg="Request Failed" error="Post \"http://auth-service.ecommerce.svc.cluster.local:8001/auth/login\": request timeout"

running (08m10.8s), 083/225 VUs, 11141 complete and 0 interrupted iterations
openloop_spike   [  68% ] 083/225 VUs  08m10.8s/12m0s  30.00 iters/s
time="2026-10-06T13:11:52Z" level=warning msg="Request Failed" error="Post \"http://auth-service.ecommerce.svc.cluster.local:8001/auth/login\": request timeout"

running (08m11.8s), 077/225 VUs, 11177 complete and 0 interrupted iterations
openloop_spike   [  68% ] 077/225 VUs  08m11.8s/12m0s  30.00 iters/s
time="2026-10-06T13:11:53Z" level=warning msg="Request Failed" error="Post \"http://auth-service.ecommerce.svc.cluster.local:8001/auth/login\": request timeout"

running (08m12.8s), 091/225 VUs, 11193 complete and 0 interrupted iterations
openloop_spike   [  68% ] 091/225 VUs  08m12.8s/12m0s  30.00 iters/s
time="2026-10-06T13:11:54Z" level=warning msg="Request Failed" error="Post \"http://auth-service.ecommerce.svc.cluster.local:8001/auth/login\": request timeout"
time="2026-10-06T13:11:54Z" level=warning msg="Request Failed" error="Post \"http://auth-service.ecommerce.svc.cluster.local:8001/auth/login\": request timeout"
time="2026-10-06T13:11:54Z" level=warning msg="Request Failed" error="Post \"http://auth-service.ecommerce.svc.cluster.local:8001/auth/login\": request timeout"
time="2026-10-06T13:11:54Z" level=warning msg="Request Failed" error="Post \"http://auth-service.ecommerce.svc.cluster.local:8001/auth/login\": request timeout"
time="2026-10-06T13:11:54Z" level=warning msg="Request Failed" error="Post \"http://auth-service.ecommerce.svc.cluster.local:8001/auth/login\": request timeout"

running (08m13.8s), 101/225 VUs, 11213 complete and 0 interrupted iterations
openloop_spike   [  69% ] 101/225 VUs  08m13.8s/12m0s  30.00 iters/s
time="2026-10-06T13:11:55Z" level=warning msg="Request Failed" error="Post \"http://auth-service.ecommerce.svc.cluster.local:8001/auth/login\": request timeout"
time="2026-10-06T13:11:55Z" level=warning msg="Request Failed" error="Post \"http://auth-service.ecommerce.svc.cluster.local:8001/auth/login\": request timeout"

running (08m14.8s), 109/225 VUs, 11235 complete and 0 interrupted iterations
openloop_spike   [  69% ] 109/225 VUs  08m14.8s/12m0s  30.00 iters/s
time="2026-10-06T13:11:56Z" level=warning msg="Request Failed" error="Post \"http://auth-service.ecommerce.svc.cluster.local:8001/auth/login\": request timeout"

running (08m15.8s), 114/225 VUs, 11260 complete and 0 interrupted iterations
openloop_spike   [  69% ] 114/225 VUs  08m15.8s/12m0s  30.00 iters/s
time="2026-10-06T13:11:57Z" level=warning msg="Request Failed" error="Post \"http://auth-service.ecommerce.svc.cluster.local:8001/auth/login\": request timeout"
time="2026-10-06T13:11:57Z" level=warning msg="Request Failed" error="Post \"http://auth-service.ecommerce.svc.cluster.local:8001/auth/login\": request timeout"

running (08m16.8s), 111/225 VUs, 11293 complete and 0 interrupted iterations
openloop_spike   [  69% ] 111/225 VUs  08m16.8s/12m0s  30.00 iters/s

running (08m17.8s), 083/225 VUs, 11351 complete and 0 interrupted iterations
openloop_spike   [  69% ] 083/225 VUs  08m17.8s/12m0s  30.00 iters/s

running (08m18.8s), 046/225 VUs, 11418 complete and 0 interrupted iterations
openloop_spike   [  69% ] 046/225 VUs  08m18.8s/12m0s  30.00 iters/s
time="2026-10-06T13:12:00Z" level=warning msg="Request Failed" error="Post \"http://auth-service.ecommerce.svc.cluster.local:8001/auth/login\": request timeout"

running (08m19.8s), 035/225 VUs, 11459 complete and 0 interrupted iterations
openloop_spike   [  69% ] 035/225 VUs  08m19.8s/12m0s  30.00 iters/s

running (08m20.8s), 016/225 VUs, 11508 complete and 0 interrupted iterations
openloop_spike   [  70% ] 016/225 VUs  08m20.8s/12m0s  30.00 iters/s
time="2026-10-06T13:12:02Z" level=warning msg="Request Failed" error="Post \"http://auth-service.ecommerce.svc.cluster.local:8001/auth/login\": request timeout"

running (08m21.8s), 026/225 VUs, 11528 complete and 0 interrupted iterations
openloop_spike   [  70% ] 026/225 VUs  08m21.8s/12m0s  30.00 iters/s
time="2026-10-06T13:12:03Z" level=warning msg="Request Failed" error="Post \"http://auth-service.ecommerce.svc.cluster.local:8001/auth/login\": request timeout"
time="2026-10-06T13:12:03Z" level=warning msg="Request Failed" error="Post \"http://auth-service.ecommerce.svc.cluster.local:8001/auth/login\": request timeout"

running (08m22.8s), 023/225 VUs, 11561 complete and 0 interrupted iterations
openloop_spike   [  70% ] 023/225 VUs  08m22.8s/12m0s  30.00 iters/s
time="2026-10-06T13:12:04Z" level=warning msg="Request Failed" error="Post \"http://auth-service.ecommerce.svc.cluster.local:8001/auth/login\": request timeout"
time="2026-10-06T13:12:04Z" level=warning msg="Request Failed" error="Post \"http://auth-service.ecommerce.svc.cluster.local:8001/auth/login\": request timeout"

running (08m23.8s), 023/225 VUs, 11591 complete and 0 interrupted iterations
openloop_spike   [  70% ] 023/225 VUs  08m23.8s/12m0s  30.00 iters/s

running (08m24.8s), 013/225 VUs, 11631 complete and 0 interrupted iterations
openloop_spike   [  70% ] 013/225 VUs  08m24.8s/12m0s  30.00 iters/s

running (08m25.8s), 018/225 VUs, 11656 complete and 0 interrupted iterations
openloop_spike   [  70% ] 018/225 VUs  08m25.8s/12m0s  30.00 iters/s

running (08m26.8s), 028/225 VUs, 11676 complete and 0 interrupted iterations
openloop_spike   [  70% ] 028/225 VUs  08m26.8s/12m0s  30.00 iters/s

running (08m27.8s), 035/225 VUs, 11699 complete and 0 interrupted iterations
openloop_spike   [  71% ] 035/225 VUs  08m27.8s/12m0s  30.00 iters/s

running (08m28.8s), 040/225 VUs, 11724 complete and 0 interrupted iterations
openloop_spike   [  71% ] 040/225 VUs  08m28.8s/12m0s  30.00 iters/s

running (08m29.8s), 020/225 VUs, 11774 complete and 0 interrupted iterations
openloop_spike   [  71% ] 020/225 VUs  08m29.8s/12m0s  30.00 iters/s

running (08m30.8s), 022/225 VUs, 11802 complete and 0 interrupted iterations
openloop_spike   [  71% ] 022/225 VUs  08m30.8s/12m0s  30.00 iters/s

running (08m31.8s), 026/225 VUs, 11828 complete and 0 interrupted iterations
openloop_spike   [  71% ] 026/225 VUs  08m31.8s/12m0s  30.00 iters/s
time="2026-10-06T13:12:13Z" level=warning msg="Request Failed" error="Post \"http://auth-service.ecommerce.svc.cluster.local:8001/auth/login\": request timeout"
time="2026-10-06T13:12:13Z" level=warning msg="Request Failed" error="Post \"http://auth-service.ecommerce.svc.cluster.local:8001/auth/login\": request timeout"
time="2026-10-06T13:12:13Z" level=warning msg="Request Failed" error="Post \"http://auth-service.ecommerce.svc.cluster.local:8001/auth/login\": request timeout"

running (08m32.8s), 020/225 VUs, 11864 complete and 0 interrupted iterations
openloop_spike   [  71% ] 020/225 VUs  08m32.8s/12m0s  30.00 iters/s
time="2026-10-06T13:12:14Z" level=warning msg="Request Failed" error="Post \"http://auth-service.ecommerce.svc.cluster.local:8001/auth/login\": request timeout"
time="2026-10-06T13:12:14Z" level=warning msg="Request Failed" error="Post \"http://auth-service.ecommerce.svc.cluster.local:8001/auth/login\": request timeout"

running (08m33.8s), 020/225 VUs, 11894 complete and 0 interrupted iterations
openloop_spike   [  71% ] 020/225 VUs  08m33.8s/12m0s  30.00 iters/s

running (08m34.8s), 020/225 VUs, 11924 complete and 0 interrupted iterations
openloop_spike   [  72% ] 020/225 VUs  08m34.8s/12m0s  30.00 iters/s
time="2026-10-06T13:12:16Z" level=warning msg="Request Failed" error="Post \"http://auth-service.ecommerce.svc.cluster.local:8001/auth/login\": request timeout"
time="2026-10-06T13:12:16Z" level=warning msg="Request Failed" error="Post \"http://auth-service.ecommerce.svc.cluster.local:8001/auth/login\": request timeout"
time="2026-10-06T13:12:16Z" level=warning msg="Request Failed" error="Post \"http://auth-service.ecommerce.svc.cluster.local:8001/auth/login\": request timeout"

running (08m35.8s), 018/225 VUs, 11956 complete and 0 interrupted iterations
openloop_spike   [  72% ] 018/225 VUs  08m35.8s/12m0s  30.00 iters/s
time="2026-10-06T13:12:17Z" level=warning msg="Request Failed" error="Post \"http://auth-service.ecommerce.svc.cluster.local:8001/auth/login\": request timeout"
time="2026-10-06T13:12:17Z" level=warning msg="Request Failed" error="Post \"http://auth-service.ecommerce.svc.cluster.local:8001/auth/login\": request timeout"
time="2026-10-06T13:12:17Z" level=warning msg="Request Failed" error="Post \"http://auth-service.ecommerce.svc.cluster.local:8001/auth/login\": request timeout"

running (08m36.8s), 017/225 VUs, 11987 complete and 0 interrupted iterations
openloop_spike   [  72% ] 017/225 VUs  08m36.8s/12m0s  30.00 iters/s
time="2026-10-06T13:12:18Z" level=warning msg="Request Failed" error="Post \"http://auth-service.ecommerce.svc.cluster.local:8001/auth/login\": request timeout"
time="2026-10-06T13:12:18Z" level=warning msg="Request Failed" error="Post \"http://auth-service.ecommerce.svc.cluster.local:8001/auth/login\": request timeout"

running (08m37.8s), 024/225 VUs, 12010 complete and 0 interrupted iterations
openloop_spike   [  72% ] 024/225 VUs  08m37.8s/12m0s  30.00 iters/s
time="2026-10-06T13:12:19Z" level=warning msg="Request Failed" error="Post \"http://auth-service.ecommerce.svc.cluster.local:8001/auth/login\": request timeout"

running (08m38.8s), 037/225 VUs, 12027 complete and 0 interrupted iterations
openloop_spike   [  72% ] 037/225 VUs  08m38.8s/12m0s  30.00 iters/s
time="2026-10-06T13:12:20Z" level=warning msg="Request Failed" error="Post \"http://auth-service.ecommerce.svc.cluster.local:8001/auth/login\": request timeout"

running (08m39.8s), 022/225 VUs, 12072 complete and 0 interrupted iterations
openloop_spike   [  72% ] 022/225 VUs  08m39.8s/12m0s  30.00 iters/s
time="2026-10-06T13:12:21Z" level=warning msg="Request Failed" error="Post \"http://auth-service.ecommerce.svc.cluster.local:8001/auth/login\": request timeout"

running (08m40.8s), 026/225 VUs, 12098 complete and 0 interrupted iterations
openloop_spike   [  72% ] 026/225 VUs  08m40.8s/12m0s  30.00 iters/s

running (08m41.8s), 041/225 VUs, 12113 complete and 0 interrupted iterations
openloop_spike   [  72% ] 041/225 VUs  08m41.8s/12m0s  30.00 iters/s
time="2026-10-06T13:12:23Z" level=warning msg="Request Failed" error="Post \"http://auth-service.ecommerce.svc.cluster.local:8001/auth/login\": request timeout"
time="2026-10-06T13:12:23Z" level=warning msg="Request Failed" error="Post \"http://auth-service.ecommerce.svc.cluster.local:8001/auth/login\": request timeout"

running (08m42.8s), 063/225 VUs, 12121 complete and 0 interrupted iterations
openloop_spike   [  73% ] 063/225 VUs  08m42.8s/12m0s  30.00 iters/s
time="2026-10-06T13:12:24Z" level=warning msg="Request Failed" error="Post \"http://auth-service.ecommerce.svc.cluster.local:8001/auth/login\": request timeout"
time="2026-10-06T13:12:24Z" level=warning msg="Request Failed" error="Post \"http://auth-service.ecommerce.svc.cluster.local:8001/auth/login\": request timeout"

running (08m43.8s), 082/225 VUs, 12132 complete and 0 interrupted iterations
openloop_spike   [  73% ] 082/225 VUs  08m43.8s/12m0s  30.00 iters/s
time="2026-10-06T13:12:25Z" level=warning msg="Request Failed" error="Post \"http://auth-service.ecommerce.svc.cluster.local:8001/auth/login\": request timeout"
time="2026-10-06T13:12:25Z" level=warning msg="Request Failed" error="Post \"http://auth-service.ecommerce.svc.cluster.local:8001/auth/login\": request timeout"

running (08m44.8s), 080/225 VUs, 12164 complete and 0 interrupted iterations
openloop_spike   [  73% ] 080/225 VUs  08m44.8s/12m0s  30.00 iters/s
time="2026-10-06T13:12:26Z" level=warning msg="Request Failed" error="Post \"http://auth-service.ecommerce.svc.cluster.local:8001/auth/login\": request timeout"

running (08m45.8s), 084/225 VUs, 12190 complete and 0 interrupted iterations
openloop_spike   [  73% ] 084/225 VUs  08m45.8s/12m0s  30.00 iters/s
time="2026-10-06T13:12:27Z" level=warning msg="Request Failed" error="Post \"http://auth-service.ecommerce.svc.cluster.local:8001/auth/login\": request timeout"
time="2026-10-06T13:12:27Z" level=warning msg="Request Failed" error="Post \"http://auth-service.ecommerce.svc.cluster.local:8001/auth/login\": request timeout"

running (08m46.8s), 067/225 VUs, 12237 complete and 0 interrupted iterations
openloop_spike   [  73% ] 067/225 VUs  08m46.8s/12m0s  30.00 iters/s

running (08m47.8s), 053/225 VUs, 12281 complete and 0 interrupted iterations
openloop_spike   [  73% ] 053/225 VUs  08m47.8s/12m0s  30.00 iters/s
time="2026-10-06T13:12:29Z" level=warning msg="Request Failed" error="Post \"http://auth-service.ecommerce.svc.cluster.local:8001/auth/login\": request timeout"

running (08m48.8s), 053/225 VUs, 12311 complete and 0 interrupted iterations
openloop_spike   [  73% ] 053/225 VUs  08m48.8s/12m0s  30.00 iters/s
time="2026-10-06T13:12:30Z" level=warning msg="Request Failed" error="Post \"http://auth-service.ecommerce.svc.cluster.local:8001/auth/login\": request timeout"

running (08m49.8s), 047/225 VUs, 12347 complete and 0 interrupted iterations
openloop_spike   [  74% ] 047/225 VUs  08m49.8s/12m0s  30.00 iters/s
time="2026-10-06T13:12:31Z" level=warning msg="Request Failed" error="Post \"http://auth-service.ecommerce.svc.cluster.local:8001/auth/login\": request timeout"
time="2026-10-06T13:12:31Z" level=warning msg="Request Failed" error="Post \"http://auth-service.ecommerce.svc.cluster.local:8001/auth/login\": request timeout"

running (08m50.8s), 047/225 VUs, 12377 complete and 0 interrupted iterations
openloop_spike   [  74% ] 047/225 VUs  08m50.8s/12m0s  30.00 iters/s
time="2026-10-06T13:12:32Z" level=warning msg="Request Failed" error="Post \"http://auth-service.ecommerce.svc.cluster.local:8001/auth/login\": request timeout"
time="2026-10-06T13:12:32Z" level=warning msg="Request Failed" error="Post \"http://auth-service.ecommerce.svc.cluster.local:8001/auth/login\": request timeout"

running (08m51.8s), 050/225 VUs, 12404 complete and 0 interrupted iterations
openloop_spike   [  74% ] 050/225 VUs  08m51.8s/12m0s  30.00 iters/s
time="2026-10-06T13:12:33Z" level=warning msg="Request Failed" error="Post \"http://auth-service.ecommerce.svc.cluster.local:8001/auth/login\": request timeout"

running (08m52.8s), 062/225 VUs, 12422 complete and 0 interrupted iterations
openloop_spike   [  74% ] 062/225 VUs  08m52.8s/12m0s  30.00 iters/s
time="2026-10-06T13:12:34Z" level=warning msg="Request Failed" error="Post \"http://auth-service.ecommerce.svc.cluster.local:8001/auth/login\": request timeout"

running (08m53.8s), 079/225 VUs, 12435 complete and 0 interrupted iterations
openloop_spike   [  74% ] 079/225 VUs  08m53.8s/12m0s  30.00 iters/s
time="2026-10-06T13:12:35Z" level=warning msg="Request Failed" error="Post \"http://auth-service.ecommerce.svc.cluster.local:8001/auth/login\": request timeout"
time="2026-10-06T13:12:35Z" level=warning msg="Request Failed" error="Post \"http://auth-service.ecommerce.svc.cluster.local:8001/auth/login\": request timeout"
time="2026-10-06T13:12:35Z" level=warning msg="Request Failed" error="Post \"http://auth-service.ecommerce.svc.cluster.local:8001/auth/login\": request timeout"
time="2026-10-06T13:12:35Z" level=warning msg="Request Failed" error="Post \"http://auth-service.ecommerce.svc.cluster.local:8001/auth/login\": request timeout"

running (08m54.8s), 093/225 VUs, 12451 complete and 0 interrupted iterations
openloop_spike   [  74% ] 093/225 VUs  08m54.8s/12m0s  30.00 iters/s
time="2026-10-06T13:12:36Z" level=warning msg="Request Failed" error="Post \"http://auth-service.ecommerce.svc.cluster.local:8001/auth/login\": request timeout"

running (08m55.8s), 089/225 VUs, 12485 complete and 0 interrupted iterations
openloop_spike   [  74% ] 089/225 VUs  08m55.8s/12m0s  30.00 iters/s

running (08m56.8s), 069/225 VUs, 12535 complete and 0 interrupted iterations
openloop_spike   [  75% ] 069/225 VUs  08m56.8s/12m0s  30.00 iters/s
time="2026-10-06T13:12:38Z" level=warning msg="Request Failed" error="Post \"http://auth-service.ecommerce.svc.cluster.local:8001/auth/login\": request timeout"
time="2026-10-06T13:12:38Z" level=warning msg="Request Failed" error="Post \"http://auth-service.ecommerce.svc.cluster.local:8001/auth/login\": request timeout"

running (08m57.8s), 062/225 VUs, 12572 complete and 0 interrupted iterations
openloop_spike   [  75% ] 062/225 VUs  08m57.8s/12m0s  30.00 iters/s
time="2026-10-06T13:12:39Z" level=warning msg="Request Failed" error="Post \"http://auth-service.ecommerce.svc.cluster.local:8001/auth/login\": request timeout"

running (08m58.8s), 046/225 VUs, 12618 complete and 0 interrupted iterations
openloop_spike   [  75% ] 046/225 VUs  08m58.8s/12m0s  30.00 iters/s
time="2026-10-06T13:12:40Z" level=warning msg="Request Failed" error="Post \"http://auth-service.ecommerce.svc.cluster.local:8001/auth/login\": request timeout"

running (08m59.8s), 047/225 VUs, 12647 complete and 0 interrupted iterations
openloop_spike   [  75% ] 047/225 VUs  08m59.8s/12m0s  30.00 iters/s
time="2026-10-06T13:12:40Z" level=warning msg="Request Failed" error="Post \"http://auth-service.ecommerce.svc.cluster.local:8001/auth/login\": request timeout"
time="2026-10-06T13:12:41Z" level=warning msg="Request Failed" error="Post \"http://auth-service.ecommerce.svc.cluster.local:8001/auth/login\": request timeout"

running (09m00.8s), 044/225 VUs, 12680 complete and 0 interrupted iterations
openloop_spike   [  75% ] 044/225 VUs  09m00.8s/12m0s  29.86 iters/s
time="2026-10-06T13:12:42Z" level=warning msg="Request Failed" error="Post \"http://auth-service.ecommerce.svc.cluster.local:8001/auth/login\": request timeout"

running (09m01.8s), 047/225 VUs, 12707 complete and 0 interrupted iterations
openloop_spike   [  75% ] 047/225 VUs  09m01.8s/12m0s  29.70 iters/s

running (09m02.8s), 052/225 VUs, 12731 complete and 0 interrupted iterations
openloop_spike   [  75% ] 052/225 VUs  09m02.8s/12m0s  29.53 iters/s
time="2026-10-06T13:12:44Z" level=warning msg="Request Failed" error="Post \"http://auth-service.ecommerce.svc.cluster.local:8001/auth/login\": request timeout"

running (09m03.8s), 018/225 VUs, 12795 complete and 0 interrupted iterations
openloop_spike   [  76% ] 018/225 VUs  09m03.8s/12m0s  29.36 iters/s

running (09m04.8s), 025/225 VUs, 12817 complete and 0 interrupted iterations
openloop_spike   [  76% ] 025/225 VUs  09m04.8s/12m0s  29.20 iters/s

running (09m05.8s), 018/225 VUs, 12853 complete and 0 interrupted iterations
openloop_spike   [  76% ] 018/225 VUs  09m05.8s/12m0s  29.03 iters/s
time="2026-10-06T13:12:47Z" level=warning msg="Request Failed" error="Post \"http://auth-service.ecommerce.svc.cluster.local:8001/auth/login\": request timeout"

running (09m06.8s), 021/225 VUs, 12879 complete and 0 interrupted iterations
openloop_spike   [  76% ] 021/225 VUs  09m06.8s/12m0s  28.86 iters/s
time="2026-10-06T13:12:48Z" level=warning msg="Request Failed" error="Post \"http://auth-service.ecommerce.svc.cluster.local:8001/auth/login\": request timeout"

running (09m07.8s), 023/225 VUs, 12906 complete and 0 interrupted iterations
openloop_spike   [  76% ] 023/225 VUs  09m07.8s/12m0s  28.70 iters/s

running (09m08.8s), 022/225 VUs, 12935 complete and 0 interrupted iterations
openloop_spike   [  76% ] 022/225 VUs  09m08.8s/12m0s  28.53 iters/s
time="2026-10-06T13:12:50Z" level=warning msg="Request Failed" error="Post \"http://auth-service.ecommerce.svc.cluster.local:8001/auth/login\": request timeout"
time="2026-10-06T13:12:50Z" level=warning msg="Request Failed" error="Post \"http://auth-service.ecommerce.svc.cluster.local:8001/auth/login\": request timeout"
time="2026-10-06T13:12:50Z" level=warning msg="Request Failed" error="Post \"http://auth-service.ecommerce.svc.cluster.local:8001/auth/login\": request timeout"
time="2026-10-06T13:12:50Z" level=warning msg="Request Failed" error="Post \"http://auth-service.ecommerce.svc.cluster.local:8001/auth/login\": request timeout"

running (09m09.8s), 019/225 VUs, 12967 complete and 0 interrupted iterations
openloop_spike   [  76% ] 019/225 VUs  09m09.8s/12m0s  28.36 iters/s
time="2026-10-06T13:12:51Z" level=warning msg="Request Failed" error="Post \"http://auth-service.ecommerce.svc.cluster.local:8001/auth/login\": request timeout"
time="2026-10-06T13:12:51Z" level=warning msg="Request Failed" error="Post \"http://auth-service.ecommerce.svc.cluster.local:8001/auth/login\": request timeout"

running (09m10.8s), 019/225 VUs, 12995 complete and 0 interrupted iterations
openloop_spike   [  77% ] 019/225 VUs  09m10.8s/12m0s  28.20 iters/s
time="2026-10-06T13:12:52Z" level=warning msg="Request Failed" error="Post \"http://auth-service.ecommerce.svc.cluster.local:8001/auth/login\": request timeout"
time="2026-10-06T13:12:52Z" level=warning msg="Request Failed" error="Post \"http://auth-service.ecommerce.svc.cluster.local:8001/auth/login\": request timeout"
time="2026-10-06T13:12:52Z" level=warning msg="Request Failed" error="Post \"http://auth-service.ecommerce.svc.cluster.local:8001/auth/login\": request timeout"

running (09m11.8s), 017/225 VUs, 13025 complete and 0 interrupted iterations
openloop_spike   [  77% ] 017/225 VUs  09m11.8s/12m0s  28.03 iters/s
time="2026-10-06T13:12:53Z" level=warning msg="Request Failed" error="Post \"http://auth-service.ecommerce.svc.cluster.local:8001/auth/login\": request timeout"
time="2026-10-06T13:12:53Z" level=warning msg="Request Failed" error="Post \"http://auth-service.ecommerce.svc.cluster.local:8001/auth/login\": request timeout"

running (09m12.8s), 019/225 VUs, 13051 complete and 0 interrupted iterations
openloop_spike   [  77% ] 019/225 VUs  09m12.8s/12m0s  27.87 iters/s
time="2026-10-06T13:12:54Z" level=warning msg="Request Failed" error="Post \"http://auth-service.ecommerce.svc.cluster.local:8001/auth/login\": request timeout"
time="2026-10-06T13:12:54Z" level=warning msg="Request Failed" error="Post \"http://auth-service.ecommerce.svc.cluster.local:8001/auth/login\": request timeout"
time="2026-10-06T13:12:54Z" level=warning msg="Request Failed" error="Post \"http://auth-service.ecommerce.svc.cluster.local:8001/auth/login\": request timeout"
time="2026-10-06T13:12:54Z" level=warning msg="Request Failed" error="Post \"http://auth-service.ecommerce.svc.cluster.local:8001/auth/login\": request timeout"

running (09m13.8s), 014/225 VUs, 13084 complete and 0 interrupted iterations
openloop_spike   [  77% ] 014/225 VUs  09m13.8s/12m0s  27.70 iters/s
time="2026-10-06T13:12:55Z" level=warning msg="Request Failed" error="Post \"http://auth-service.ecommerce.svc.cluster.local:8001/auth/login\": request timeout"

running (09m14.8s), 019/225 VUs, 13107 complete and 0 interrupted iterations
openloop_spike   [  77% ] 019/225 VUs  09m14.8s/12m0s  27.53 iters/s
time="2026-10-06T13:12:56Z" level=warning msg="Request Failed" error="Post \"http://auth-service.ecommerce.svc.cluster.local:8001/auth/login\": request timeout"

running (09m15.8s), 019/225 VUs, 13134 complete and 0 interrupted iterations
openloop_spike   [  77% ] 019/225 VUs  09m15.8s/12m0s  27.36 iters/s
time="2026-10-06T13:12:57Z" level=warning msg="Request Failed" error="Post \"http://auth-service.ecommerce.svc.cluster.local:8001/auth/login\": request timeout"

running (09m16.8s), 030/225 VUs, 13150 complete and 0 interrupted iterations
openloop_spike   [  77% ] 030/225 VUs  09m16.8s/12m0s  27.20 iters/s
time="2026-10-06T13:12:58Z" level=warning msg="Request Failed" error="Post \"http://auth-service.ecommerce.svc.cluster.local:8001/auth/login\": request timeout"

running (09m17.8s), 053/225 VUs, 13154 complete and 0 interrupted iterations
openloop_spike   [  77% ] 053/225 VUs  09m17.8s/12m0s  27.03 iters/s
time="2026-10-06T13:12:59Z" level=warning msg="Request Failed" error="Post \"http://auth-service.ecommerce.svc.cluster.local:8001/auth/login\": request timeout"

running (09m18.8s), 061/225 VUs, 13173 complete and 0 interrupted iterations
openloop_spike   [  78% ] 061/225 VUs  09m18.8s/12m0s  26.87 iters/s

running (09m19.8s), 020/225 VUs, 13241 complete and 0 interrupted iterations
openloop_spike   [  78% ] 020/225 VUs  09m19.8s/12m0s  26.70 iters/s

running (09m20.8s), 017/225 VUs, 13271 complete and 0 interrupted iterations
openloop_spike   [  78% ] 017/225 VUs  09m20.8s/12m0s  26.53 iters/s

running (09m21.8s), 030/225 VUs, 13284 complete and 0 interrupted iterations
openloop_spike   [  78% ] 030/225 VUs  09m21.8s/12m0s  26.37 iters/s

running (09m22.8s), 031/225 VUs, 13310 complete and 0 interrupted iterations
openloop_spike   [  78% ] 031/225 VUs  09m22.8s/12m0s  26.19 iters/s
time="2026-10-06T13:13:04Z" level=warning msg="Request Failed" error="Post \"http://auth-service.ecommerce.svc.cluster.local:8001/auth/login\": request timeout"

running (09m23.8s), 036/225 VUs, 13331 complete and 0 interrupted iterations
openloop_spike   [  78% ] 036/225 VUs  09m23.8s/12m0s  26.03 iters/s
time="2026-10-06T13:13:05Z" level=warning msg="Request Failed" error="Post \"http://auth-service.ecommerce.svc.cluster.local:8001/auth/login\": request timeout"
time="2026-10-06T13:13:05Z" level=warning msg="Request Failed" error="Post \"http://auth-service.ecommerce.svc.cluster.local:8001/auth/login\": request timeout"
time="2026-10-06T13:13:05Z" level=warning msg="Request Failed" error="Post \"http://auth-service.ecommerce.svc.cluster.local:8001/auth/login\": request timeout"

running (09m24.8s), 035/225 VUs, 13358 complete and 0 interrupted iterations
openloop_spike   [  78% ] 035/225 VUs  09m24.8s/12m0s  25.86 iters/s
time="2026-10-06T13:13:06Z" level=warning msg="Request Failed" error="Post \"http://auth-service.ecommerce.svc.cluster.local:8001/auth/login\": request timeout"
time="2026-10-06T13:13:06Z" level=warning msg="Request Failed" error="Post \"http://auth-service.ecommerce.svc.cluster.local:8001/auth/login\": request timeout"
time="2026-10-06T13:13:06Z" level=warning msg="Request Failed" error="Post \"http://auth-service.ecommerce.svc.cluster.local:8001/auth/login\": request timeout"

running (09m25.8s), 039/225 VUs, 13379 complete and 0 interrupted iterations
openloop_spike   [  79% ] 039/225 VUs  09m25.8s/12m0s  25.70 iters/s
time="2026-10-06T13:13:06Z" level=warning msg="Request Failed" error="Post \"http://auth-service.ecommerce.svc.cluster.local:8001/auth/login\": request timeout"
time="2026-10-06T13:13:07Z" level=warning msg="Request Failed" error="Post \"http://auth-service.ecommerce.svc.cluster.local:8001/auth/login\": request timeout"
time="2026-10-06T13:13:07Z" level=warning msg="Request Failed" error="Post \"http://auth-service.ecommerce.svc.cluster.local:8001/auth/login\": request timeout"
time="2026-10-06T13:13:07Z" level=warning msg="Request Failed" error="Post \"http://auth-service.ecommerce.svc.cluster.local:8001/auth/login\": request timeout"

running (09m26.8s), 043/225 VUs, 13401 complete and 0 interrupted iterations
openloop_spike   [  79% ] 043/225 VUs  09m26.8s/12m0s  25.53 iters/s
time="2026-10-06T13:13:08Z" level=warning msg="Request Failed" error="Post \"http://auth-service.ecommerce.svc.cluster.local:8001/auth/login\": request timeout"

running (09m27.8s), 044/225 VUs, 13425 complete and 0 interrupted iterations
openloop_spike   [  79% ] 044/225 VUs  09m27.8s/12m0s  25.37 iters/s

running (09m28.8s), 055/225 VUs, 13440 complete and 0 interrupted iterations
openloop_spike   [  79% ] 055/225 VUs  09m28.8s/12m0s  25.20 iters/s
time="2026-10-06T13:13:10Z" level=warning msg="Request Failed" error="Post \"http://auth-service.ecommerce.svc.cluster.local:8001/auth/login\": request timeout"

running (09m29.8s), 046/225 VUs, 13474 complete and 0 interrupted iterations
openloop_spike   [  79% ] 046/225 VUs  09m29.8s/12m0s  25.03 iters/s
time="2026-10-06T13:13:11Z" level=warning msg="Request Failed" error="Post \"http://auth-service.ecommerce.svc.cluster.local:8001/auth/login\": request timeout"
time="2026-10-06T13:13:11Z" level=warning msg="Request Failed" error="Post \"http://auth-service.ecommerce.svc.cluster.local:8001/auth/login\": request timeout"
time="2026-10-06T13:13:11Z" level=warning msg="Request Failed" error="Post \"http://auth-service.ecommerce.svc.cluster.local:8001/auth/login\": request timeout"

running (09m30.8s), 054/225 VUs, 13491 complete and 0 interrupted iterations
openloop_spike   [  79% ] 054/225 VUs  09m30.8s/12m0s  24.86 iters/s
time="2026-10-06T13:13:12Z" level=warning msg="Request Failed" error="Post \"http://auth-service.ecommerce.svc.cluster.local:8001/auth/login\": request timeout"
time="2026-10-06T13:13:12Z" level=warning msg="Request Failed" error="Post \"http://auth-service.ecommerce.svc.cluster.local:8001/auth/login\": request timeout"

running (09m31.8s), 048/225 VUs, 13522 complete and 0 interrupted iterations
openloop_spike   [  79% ] 048/225 VUs  09m31.8s/12m0s  24.69 iters/s
time="2026-10-06T13:13:13Z" level=warning msg="Request Failed" error="Post \"http://auth-service.ecommerce.svc.cluster.local:8001/auth/login\": request timeout"

running (09m32.8s), 050/225 VUs, 13544 complete and 0 interrupted iterations
openloop_spike   [  80% ] 050/225 VUs  09m32.8s/12m0s  24.53 iters/s
time="2026-10-06T13:13:14Z" level=warning msg="Request Failed" error="Post \"http://auth-service.ecommerce.svc.cluster.local:8001/auth/login\": request timeout"
time="2026-10-06T13:13:14Z" level=warning msg="Request Failed" error="Post \"http://auth-service.ecommerce.svc.cluster.local:8001/auth/login\": request timeout"
time="2026-10-06T13:13:14Z" level=warning msg="Request Failed" error="Post \"http://auth-service.ecommerce.svc.cluster.local:8001/auth/login\": request timeout"

running (09m33.8s), 047/225 VUs, 13572 complete and 0 interrupted iterations
openloop_spike   [  80% ] 047/225 VUs  09m33.8s/12m0s  24.36 iters/s
time="2026-10-06T13:13:15Z" level=warning msg="Request Failed" error="Post \"http://auth-service.ecommerce.svc.cluster.local:8001/auth/login\": request timeout"

running (09m34.8s), 051/225 VUs, 13592 complete and 0 interrupted iterations
openloop_spike   [  80% ] 051/225 VUs  09m34.8s/12m0s  24.20 iters/s

running (09m35.8s), 040/225 VUs, 13627 complete and 0 interrupted iterations
openloop_spike   [  80% ] 040/225 VUs  09m35.8s/12m0s  24.03 iters/s

running (09m36.8s), 016/225 VUs, 13675 complete and 0 interrupted iterations
openloop_spike   [  80% ] 016/225 VUs  09m36.8s/12m0s  23.86 iters/s

running (09m37.8s), 014/225 VUs, 13701 complete and 0 interrupted iterations
openloop_spike   [  80% ] 014/225 VUs  09m37.8s/12m0s  23.70 iters/s

running (09m38.8s), 019/225 VUs, 13719 complete and 0 interrupted iterations
openloop_spike   [  80% ] 019/225 VUs  09m38.8s/12m0s  23.53 iters/s
time="2026-10-06T13:13:20Z" level=warning msg="Request Failed" error="Post \"http://auth-service.ecommerce.svc.cluster.local:8001/auth/login\": request timeout"
time="2026-10-06T13:13:20Z" level=warning msg="Request Failed" error="Post \"http://auth-service.ecommerce.svc.cluster.local:8001/auth/login\": request timeout"

running (09m39.8s), 016/225 VUs, 13746 complete and 0 interrupted iterations
openloop_spike   [  81% ] 016/225 VUs  09m39.8s/12m0s  23.36 iters/s

running (09m40.8s), 021/225 VUs, 13764 complete and 0 interrupted iterations
openloop_spike   [  81% ] 021/225 VUs  09m40.8s/12m0s  23.20 iters/s

running (09m41.8s), 014/225 VUs, 13794 complete and 0 interrupted iterations
openloop_spike   [  81% ] 014/225 VUs  09m41.8s/12m0s  23.03 iters/s
time="2026-10-06T13:13:22Z" level=warning msg="Request Failed" error="Post \"http://auth-service.ecommerce.svc.cluster.local:8001/auth/login\": request timeout"
time="2026-10-06T13:13:23Z" level=warning msg="Request Failed" error="Post \"http://auth-service.ecommerce.svc.cluster.local:8001/auth/login\": request timeout"
time="2026-10-06T13:13:23Z" level=warning msg="Request Failed" error="Post \"http://auth-service.ecommerce.svc.cluster.local:8001/auth/login\": request timeout"

running (09m42.8s), 019/225 VUs, 13812 complete and 0 interrupted iterations
openloop_spike   [  81% ] 019/225 VUs  09m42.8s/12m0s  22.87 iters/s
time="2026-10-06T13:13:24Z" level=warning msg="Request Failed" error="Post \"http://auth-service.ecommerce.svc.cluster.local:8001/auth/login\": request timeout"

running (09m43.8s), 020/225 VUs, 13834 complete and 0 interrupted iterations
openloop_spike   [  81% ] 020/225 VUs  09m43.8s/12m0s  22.70 iters/s
time="2026-10-06T13:13:25Z" level=warning msg="Request Failed" error="Post \"http://auth-service.ecommerce.svc.cluster.local:8001/auth/login\": request timeout"
time="2026-10-06T13:13:25Z" level=warning msg="Request Failed" error="Post \"http://auth-service.ecommerce.svc.cluster.local:8001/auth/login\": request timeout"

running (09m44.8s), 021/225 VUs, 13856 complete and 0 interrupted iterations
openloop_spike   [  81% ] 021/225 VUs  09m44.8s/12m0s  22.53 iters/s
time="2026-10-06T13:13:26Z" level=warning msg="Request Failed" error="Post \"http://auth-service.ecommerce.svc.cluster.local:8001/auth/login\": request timeout"
time="2026-10-06T13:13:26Z" level=warning msg="Request Failed" error="Post \"http://auth-service.ecommerce.svc.cluster.local:8001/auth/login\": request timeout"
time="2026-10-06T13:13:26Z" level=warning msg="Request Failed" error="Post \"http://auth-service.ecommerce.svc.cluster.local:8001/auth/login\": request timeout"

running (09m45.8s), 032/225 VUs, 13867 complete and 0 interrupted iterations
openloop_spike   [  81% ] 032/225 VUs  09m45.8s/12m0s  22.36 iters/s

running (09m46.8s), 035/225 VUs, 13886 complete and 0 interrupted iterations
openloop_spike   [  82% ] 035/225 VUs  09m46.8s/12m0s  22.20 iters/s
time="2026-10-06T13:13:27Z" level=warning msg="Request Failed" error="Post \"http://auth-service.ecommerce.svc.cluster.local:8001/auth/login\": request timeout"
time="2026-10-06T13:13:28Z" level=warning msg="Request Failed" error="Post \"http://auth-service.ecommerce.svc.cluster.local:8001/auth/login\": request timeout"
time="2026-10-06T13:13:28Z" level=warning msg="Request Failed" error="Post \"http://auth-service.ecommerce.svc.cluster.local:8001/auth/login\": request timeout"

running (09m47.8s), 028/225 VUs, 13915 complete and 0 interrupted iterations
openloop_spike   [  82% ] 028/225 VUs  09m47.8s/12m0s  22.03 iters/s
time="2026-10-06T13:13:29Z" level=warning msg="Request Failed" error="Post \"http://auth-service.ecommerce.svc.cluster.local:8001/auth/login\": request timeout"

running (09m48.8s), 032/225 VUs, 13933 complete and 0 interrupted iterations
openloop_spike   [  82% ] 032/225 VUs  09m48.8s/12m0s  21.87 iters/s
time="2026-10-06T13:13:30Z" level=warning msg="Request Failed" error="Post \"http://auth-service.ecommerce.svc.cluster.local:8001/auth/login\": request timeout"

running (09m49.8s), 015/225 VUs, 13972 complete and 0 interrupted iterations
openloop_spike   [  82% ] 015/225 VUs  09m49.8s/12m0s  21.70 iters/s

running (09m50.8s), 020/225 VUs, 13989 complete and 0 interrupted iterations
openloop_spike   [  82% ] 020/225 VUs  09m50.8s/12m0s  21.53 iters/s
time="2026-10-06T13:13:31Z" level=warning msg="Request Failed" error="Post \"http://auth-service.ecommerce.svc.cluster.local:8001/auth/login\": request timeout"

running (09m51.8s), 021/225 VUs, 14009 complete and 0 interrupted iterations
openloop_spike   [  82% ] 021/225 VUs  09m51.8s/12m0s  21.37 iters/s
time="2026-10-06T13:13:33Z" level=warning msg="Request Failed" error="Post \"http://auth-service.ecommerce.svc.cluster.local:8001/auth/login\": request timeout"
time="2026-10-06T13:13:33Z" level=warning msg="Request Failed" error="Post \"http://auth-service.ecommerce.svc.cluster.local:8001/auth/login\": request timeout"
time="2026-10-06T13:13:33Z" level=warning msg="Request Failed" error="Post \"http://auth-service.ecommerce.svc.cluster.local:8001/auth/login\": request timeout"
time="2026-10-06T13:13:33Z" level=warning msg="Request Failed" error="Post \"http://auth-service.ecommerce.svc.cluster.local:8001/auth/login\": request timeout"

running (09m52.8s), 020/225 VUs, 14031 complete and 0 interrupted iterations
openloop_spike   [  82% ] 020/225 VUs  09m52.8s/12m0s  21.20 iters/s
time="2026-10-06T13:13:34Z" level=warning msg="Request Failed" error="Post \"http://auth-service.ecommerce.svc.cluster.local:8001/auth/login\": request timeout"

running (09m53.8s), 017/225 VUs, 14056 complete and 0 interrupted iterations
openloop_spike   [  82% ] 017/225 VUs  09m53.8s/12m0s  21.03 iters/s
time="2026-10-06T13:13:35Z" level=warning msg="Request Failed" error="Post \"http://auth-service.ecommerce.svc.cluster.local:8001/auth/login\": request timeout"

running (09m54.8s), 013/225 VUs, 14081 complete and 0 interrupted iterations
openloop_spike   [  83% ] 013/225 VUs  09m54.8s/12m0s  20.86 iters/s
time="2026-10-06T13:13:36Z" level=warning msg="Request Failed" error="Post \"http://auth-service.ecommerce.svc.cluster.local:8001/auth/login\": request timeout"
time="2026-10-06T13:13:36Z" level=warning msg="Request Failed" error="Post \"http://auth-service.ecommerce.svc.cluster.local:8001/auth/login\": request timeout"
time="2026-10-06T13:13:36Z" level=warning msg="Request Failed" error="Post \"http://auth-service.ecommerce.svc.cluster.local:8001/auth/login\": request timeout"

running (09m55.8s), 015/225 VUs, 14099 complete and 0 interrupted iterations
openloop_spike   [  83% ] 015/225 VUs  09m55.8s/12m0s  20.70 iters/s
time="2026-10-06T13:13:37Z" level=warning msg="Request Failed" error="Post \"http://auth-service.ecommerce.svc.cluster.local:8001/auth/login\": request timeout"

running (09m56.8s), 017/225 VUs, 14118 complete and 0 interrupted iterations
openloop_spike   [  83% ] 017/225 VUs  09m56.8s/12m0s  20.53 iters/s
time="2026-10-06T13:13:38Z" level=warning msg="Request Failed" error="Post \"http://auth-service.ecommerce.svc.cluster.local:8001/auth/login\": request timeout"
time="2026-10-06T13:13:38Z" level=warning msg="Request Failed" error="Post \"http://auth-service.ecommerce.svc.cluster.local:8001/auth/login\": request timeout"

running (09m57.8s), 018/225 VUs, 14137 complete and 0 interrupted iterations
openloop_spike   [  83% ] 018/225 VUs  09m57.8s/12m0s  20.37 iters/s
time="2026-10-06T13:13:39Z" level=warning msg="Request Failed" error="Post \"http://auth-service.ecommerce.svc.cluster.local:8001/auth/login\": request timeout"

running (09m58.8s), 019/225 VUs, 14157 complete and 0 interrupted iterations
openloop_spike   [  83% ] 019/225 VUs  09m58.8s/12m0s  20.19 iters/s
time="2026-10-06T13:13:40Z" level=warning msg="Request Failed" error="Post \"http://auth-service.ecommerce.svc.cluster.local:8001/auth/login\": request timeout"
time="2026-10-06T13:13:40Z" level=warning msg="Request Failed" error="Post \"http://auth-service.ecommerce.svc.cluster.local:8001/auth/login\": request timeout"
time="2026-10-06T13:13:40Z" level=warning msg="Request Failed" error="Post \"http://auth-service.ecommerce.svc.cluster.local:8001/auth/login\": request timeout"
time="2026-10-06T13:13:40Z" level=warning msg="Request Failed" error="Post \"http://auth-service.ecommerce.svc.cluster.local:8001/auth/login\": request timeout"

running (09m59.8s), 016/225 VUs, 14180 complete and 0 interrupted iterations
openloop_spike   [  83% ] 016/225 VUs  09m59.8s/12m0s  20.03 iters/s
time="2026-10-06T13:13:41Z" level=warning msg="Request Failed" error="Post \"http://auth-service.ecommerce.svc.cluster.local:8001/auth/login\": request timeout"
time="2026-10-06T13:13:41Z" level=warning msg="Request Failed" error="Post \"http://auth-service.ecommerce.svc.cluster.local:8001/auth/login\": request timeout"
time="2026-10-06T13:13:41Z" level=warning msg="Request Failed" error="Post \"http://auth-service.ecommerce.svc.cluster.local:8001/auth/login\": request timeout"
time="2026-10-06T13:13:41Z" level=warning msg="Request Failed" error="Post \"http://auth-service.ecommerce.svc.cluster.local:8001/auth/login\": request timeout"
time="2026-10-06T13:13:41Z" level=warning msg="Request Failed" error="Post \"http://auth-service.ecommerce.svc.cluster.local:8001/auth/login\": request timeout"
time="2026-10-06T13:13:41Z" level=warning msg="Request Failed" error="Post \"http://auth-service.ecommerce.svc.cluster.local:8001/auth/login\": request timeout"

running (10m00.8s), 015/225 VUs, 14201 complete and 0 interrupted iterations
openloop_spike   [  83% ] 015/225 VUs  10m00.8s/12m0s  19.86 iters/s
time="2026-10-06T13:13:42Z" level=warning msg="Request Failed" error="Post \"http://auth-service.ecommerce.svc.cluster.local:8001/auth/login\": request timeout"
time="2026-10-06T13:13:42Z" level=warning msg="Request Failed" error="Post \"http://auth-service.ecommerce.svc.cluster.local:8001/auth/login\": request timeout"

running (10m01.8s), 024/225 VUs, 14212 complete and 0 interrupted iterations
openloop_spike   [  84% ] 024/225 VUs  10m01.8s/12m0s  19.69 iters/s
time="2026-10-06T13:13:43Z" level=warning msg="Request Failed" error="Post \"http://auth-service.ecommerce.svc.cluster.local:8001/auth/login\": request timeout"
time="2026-10-06T13:13:43Z" level=warning msg="Request Failed" error="Post \"http://auth-service.ecommerce.svc.cluster.local:8001/auth/login\": request timeout"

running (10m02.8s), 027/225 VUs, 14228 complete and 0 interrupted iterations
openloop_spike   [  84% ] 027/225 VUs  10m02.8s/12m0s  19.53 iters/s
time="2026-10-06T13:13:44Z" level=warning msg="Request Failed" error="Post \"http://auth-service.ecommerce.svc.cluster.local:8001/auth/login\": request timeout"
time="2026-10-06T13:13:44Z" level=warning msg="Request Failed" error="Post \"http://auth-service.ecommerce.svc.cluster.local:8001/auth/login\": request timeout"

running (10m03.8s), 025/225 VUs, 14250 complete and 0 interrupted iterations
openloop_spike   [  84% ] 025/225 VUs  10m03.8s/12m0s  19.36 iters/s

running (10m04.8s), 011/225 VUs, 14283 complete and 0 interrupted iterations
openloop_spike   [  84% ] 011/225 VUs  10m04.8s/12m0s  19.20 iters/s

running (10m05.8s), 005/225 VUs, 14308 complete and 0 interrupted iterations
openloop_spike   [  84% ] 005/225 VUs  10m05.8s/12m0s  19.03 iters/s

running (10m06.8s), 018/225 VUs, 14314 complete and 0 interrupted iterations
openloop_spike   [  84% ] 018/225 VUs  10m06.8s/12m0s  18.86 iters/s

running (10m07.8s), 036/225 VUs, 14315 complete and 0 interrupted iterations
openloop_spike   [  84% ] 036/225 VUs  10m07.8s/12m0s  18.69 iters/s
time="2026-10-06T13:13:49Z" level=warning msg="Request Failed" error="Post \"http://auth-service.ecommerce.svc.cluster.local:8001/auth/login\": request timeout"

running (10m08.8s), 044/225 VUs, 14325 complete and 0 interrupted iterations
openloop_spike   [  85% ] 044/225 VUs  10m08.8s/12m0s  18.53 iters/s
time="2026-10-06T13:13:50Z" level=warning msg="Request Failed" error="Post \"http://auth-service.ecommerce.svc.cluster.local:8001/auth/login\": request timeout"

running (10m09.8s), 011/225 VUs, 14377 complete and 0 interrupted iterations
openloop_spike   [  85% ] 011/225 VUs  10m09.8s/12m0s  18.36 iters/s

running (10m10.8s), 006/225 VUs, 14400 complete and 0 interrupted iterations
openloop_spike   [  85% ] 006/225 VUs  10m10.8s/12m0s  18.20 iters/s
time="2026-10-06T13:13:52Z" level=warning msg="Request Failed" error="Post \"http://auth-service.ecommerce.svc.cluster.local:8001/auth/login\": request timeout"

running (10m11.8s), 010/225 VUs, 14414 complete and 0 interrupted iterations
openloop_spike   [  85% ] 010/225 VUs  10m11.8s/12m0s  18.03 iters/s

running (10m12.8s), 019/225 VUs, 14423 complete and 0 interrupted iterations
openloop_spike   [  85% ] 019/225 VUs  10m12.8s/12m0s  17.87 iters/s

running (10m13.8s), 005/225 VUs, 14455 complete and 0 interrupted iterations
openloop_spike   [  85% ] 005/225 VUs  10m13.8s/12m0s  17.70 iters/s

running (10m14.8s), 012/225 VUs, 14465 complete and 0 interrupted iterations
openloop_spike   [  85% ] 012/225 VUs  10m14.8s/12m0s  17.54 iters/s

running (10m15.8s), 022/225 VUs, 14473 complete and 0 interrupted iterations
openloop_spike   [  86% ] 022/225 VUs  10m15.8s/12m0s  17.36 iters/s

running (10m16.8s), 016/225 VUs, 14496 complete and 0 interrupted iterations
openloop_spike   [  86% ] 016/225 VUs  10m16.8s/12m0s  17.20 iters/s

running (10m17.8s), 019/225 VUs, 14510 complete and 0 interrupted iterations
openloop_spike   [  86% ] 019/225 VUs  10m17.8s/12m0s  17.03 iters/s

running (10m18.8s), 024/225 VUs, 14522 complete and 0 interrupted iterations
openloop_spike   [  86% ] 024/225 VUs  10m18.8s/12m0s  16.87 iters/s
time="2026-10-06T13:14:00Z" level=warning msg="Request Failed" error="Post \"http://auth-service.ecommerce.svc.cluster.local:8001/auth/login\": request timeout"
time="2026-10-06T13:14:00Z" level=warning msg="Request Failed" error="Post \"http://auth-service.ecommerce.svc.cluster.local:8001/auth/login\": request timeout"
time="2026-10-06T13:14:00Z" level=warning msg="Request Failed" error="Post \"http://auth-service.ecommerce.svc.cluster.local:8001/auth/login\": request timeout"

running (10m19.8s), 014/225 VUs, 14549 complete and 0 interrupted iterations
openloop_spike   [  86% ] 014/225 VUs  10m19.8s/12m0s  16.70 iters/s

running (10m20.8s), 026/225 VUs, 14554 complete and 0 interrupted iterations
openloop_spike   [  86% ] 026/225 VUs  10m20.8s/12m0s  16.53 iters/s

running (10m21.8s), 006/225 VUs, 14590 complete and 0 interrupted iterations
openloop_spike   [  86% ] 006/225 VUs  10m21.8s/12m0s  16.37 iters/s

running (10m22.8s), 012/225 VUs, 14600 complete and 0 interrupted iterations
openloop_spike   [  87% ] 012/225 VUs  10m22.8s/12m0s  16.20 iters/s
time="2026-10-06T13:14:04Z" level=warning msg="Request Failed" error="Post \"http://auth-service.ecommerce.svc.cluster.local:8001/auth/login\": request timeout"
time="2026-10-06T13:14:04Z" level=warning msg="Request Failed" error="Post \"http://auth-service.ecommerce.svc.cluster.local:8001/auth/login\": request timeout"

running (10m23.8s), 023/225 VUs, 14606 complete and 0 interrupted iterations
openloop_spike   [  87% ] 023/225 VUs  10m23.8s/12m0s  16.03 iters/s

running (10m24.8s), 020/225 VUs, 14624 complete and 0 interrupted iterations
openloop_spike   [  87% ] 020/225 VUs  10m24.8s/12m0s  15.87 iters/s
time="2026-10-06T13:14:05Z" level=warning msg="Request Failed" error="Post \"http://auth-service.ecommerce.svc.cluster.local:8001/auth/login\": request timeout"
time="2026-10-06T13:14:06Z" level=warning msg="Request Failed" error="Post \"http://auth-service.ecommerce.svc.cluster.local:8001/auth/login\": request timeout"

running (10m25.8s), 026/225 VUs, 14634 complete and 0 interrupted iterations
openloop_spike   [  87% ] 026/225 VUs  10m25.8s/12m0s  15.70 iters/s

running (10m26.8s), 042/225 VUs, 14634 complete and 0 interrupted iterations
openloop_spike   [  87% ] 042/225 VUs  10m26.8s/12m0s  15.53 iters/s
time="2026-10-06T13:14:08Z" level=warning msg="Request Failed" error="Post \"http://auth-service.ecommerce.svc.cluster.local:8001/auth/login\": request timeout"
time="2026-10-06T13:14:08Z" level=warning msg="Request Failed" error="Post \"http://auth-service.ecommerce.svc.cluster.local:8001/auth/login\": request timeout"
time="2026-10-06T13:14:08Z" level=warning msg="Request Failed" error="Post \"http://auth-service.ecommerce.svc.cluster.local:8001/auth/login\": request timeout"

running (10m27.8s), 022/225 VUs, 14669 complete and 0 interrupted iterations
openloop_spike   [  87% ] 022/225 VUs  10m27.8s/12m0s  15.37 iters/s
time="2026-10-06T13:14:09Z" level=warning msg="Request Failed" error="Post \"http://auth-service.ecommerce.svc.cluster.local:8001/auth/login\": request timeout"

running (10m28.8s), 004/225 VUs, 14703 complete and 0 interrupted iterations
openloop_spike   [  87% ] 004/225 VUs  10m28.8s/12m0s  15.19 iters/s

running (10m29.8s), 007/225 VUs, 14715 complete and 0 interrupted iterations
openloop_spike   [  87% ] 007/225 VUs  10m29.8s/12m0s  15.03 iters/s

running (10m30.8s), 005/225 VUs, 14732 complete and 0 interrupted iterations
openloop_spike   [  88% ] 005/225 VUs  10m30.8s/12m0s  14.86 iters/s

running (10m31.8s), 004/225 VUs, 14747 complete and 0 interrupted iterations
openloop_spike   [  88% ] 004/225 VUs  10m31.8s/12m0s  14.70 iters/s

running (10m32.8s), 003/225 VUs, 14763 complete and 0 interrupted iterations
openloop_spike   [  88% ] 003/225 VUs  10m32.8s/12m0s  14.53 iters/s

running (10m33.8s), 004/225 VUs, 14777 complete and 0 interrupted iterations
openloop_spike   [  88% ] 004/225 VUs  10m33.8s/12m0s  14.36 iters/s

running (10m34.8s), 007/225 VUs, 14788 complete and 0 interrupted iterations
openloop_spike   [  88% ] 007/225 VUs  10m34.8s/12m0s  14.20 iters/s

running (10m35.8s), 005/225 VUs, 14804 complete and 0 interrupted iterations
openloop_spike   [  88% ] 005/225 VUs  10m35.8s/12m0s  14.03 iters/s

running (10m36.8s), 012/225 VUs, 14811 complete and 0 interrupted iterations
openloop_spike   [  88% ] 012/225 VUs  10m36.8s/12m0s  13.86 iters/s

running (10m37.8s), 022/225 VUs, 14815 complete and 0 interrupted iterations
openloop_spike   [  89% ] 022/225 VUs  10m37.8s/12m0s  13.69 iters/s

running (10m38.8s), 034/225 VUs, 14816 complete and 0 interrupted iterations
openloop_spike   [  89% ] 034/225 VUs  10m38.8s/12m0s  13.53 iters/s
time="2026-10-06T13:14:20Z" level=warning msg="Request Failed" error="Post \"http://auth-service.ecommerce.svc.cluster.local:8001/auth/login\": request timeout"

running (10m39.8s), 020/225 VUs, 14844 complete and 0 interrupted iterations
openloop_spike   [  89% ] 020/225 VUs  10m39.8s/12m0s  13.36 iters/s

running (10m40.8s), 017/225 VUs, 14860 complete and 0 interrupted iterations
openloop_spike   [  89% ] 017/225 VUs  10m40.8s/12m0s  13.20 iters/s

running (10m41.8s), 013/225 VUs, 14877 complete and 0 interrupted iterations
openloop_spike   [  89% ] 013/225 VUs  10m41.8s/12m0s  13.03 iters/s

running (10m42.8s), 009/225 VUs, 14894 complete and 0 interrupted iterations
openloop_spike   [  89% ] 009/225 VUs  10m42.8s/12m0s  12.86 iters/s

running (10m43.8s), 013/225 VUs, 14903 complete and 0 interrupted iterations
openloop_spike   [  89% ] 013/225 VUs  10m43.8s/12m0s  12.70 iters/s
time="2026-10-06T13:14:25Z" level=warning msg="Request Failed" error="Post \"http://auth-service.ecommerce.svc.cluster.local:8001/auth/login\": request timeout"

running (10m44.8s), 014/225 VUs, 14914 complete and 0 interrupted iterations
openloop_spike   [  90% ] 014/225 VUs  10m44.8s/12m0s  12.54 iters/s
time="2026-10-06T13:14:26Z" level=warning msg="Request Failed" error="Post \"http://auth-service.ecommerce.svc.cluster.local:8001/auth/login\": request timeout"

running (10m45.8s), 015/225 VUs, 14926 complete and 0 interrupted iterations
openloop_spike   [  90% ] 015/225 VUs  10m45.8s/12m0s  12.36 iters/s

running (10m46.8s), 019/225 VUs, 14934 complete and 0 interrupted iterations
openloop_spike   [  90% ] 019/225 VUs  10m46.8s/12m0s  12.20 iters/s
time="2026-10-06T13:14:28Z" level=warning msg="Request Failed" error="Post \"http://auth-service.ecommerce.svc.cluster.local:8001/auth/login\": request timeout"
time="2026-10-06T13:14:28Z" level=warning msg="Request Failed" error="Post \"http://auth-service.ecommerce.svc.cluster.local:8001/auth/login\": request timeout"
time="2026-10-06T13:14:28Z" level=warning msg="Request Failed" error="Post \"http://auth-service.ecommerce.svc.cluster.local:8001/auth/login\": request timeout"
time="2026-10-06T13:14:28Z" level=warning msg="Request Failed" error="Post \"http://auth-service.ecommerce.svc.cluster.local:8001/auth/login\": request timeout"

running (10m47.8s), 016/225 VUs, 14949 complete and 0 interrupted iterations
openloop_spike   [  90% ] 016/225 VUs  10m47.8s/12m0s  12.03 iters/s
time="2026-10-06T13:14:29Z" level=warning msg="Request Failed" error="Post \"http://auth-service.ecommerce.svc.cluster.local:8001/auth/login\": request timeout"
time="2026-10-06T13:14:29Z" level=warning msg="Request Failed" error="Post \"http://auth-service.ecommerce.svc.cluster.local:8001/auth/login\": request timeout"

running (10m48.8s), 013/225 VUs, 14964 complete and 0 interrupted iterations
openloop_spike   [  90% ] 013/225 VUs  10m48.8s/12m0s  11.87 iters/s
time="2026-10-06T13:14:30Z" level=warning msg="Request Failed" error="Post \"http://auth-service.ecommerce.svc.cluster.local:8001/auth/login\": request timeout"

running (10m49.8s), 020/225 VUs, 14969 complete and 0 interrupted iterations
openloop_spike   [  90% ] 020/225 VUs  10m49.8s/12m0s  11.70 iters/s
time="2026-10-06T13:14:31Z" level=warning msg="Request Failed" error="Post \"http://auth-service.ecommerce.svc.cluster.local:8001/auth/login\": request timeout"

running (10m50.8s), 030/225 VUs, 14971 complete and 0 interrupted iterations
openloop_spike   [  90% ] 030/225 VUs  10m50.8s/12m0s  11.53 iters/s
time="2026-10-06T13:14:32Z" level=warning msg="Request Failed" error="Post \"http://auth-service.ecommerce.svc.cluster.local:8001/auth/login\": request timeout"
time="2026-10-06T13:14:32Z" level=warning msg="Request Failed" error="Post \"http://auth-service.ecommerce.svc.cluster.local:8001/auth/login\": request timeout"
time="2026-10-06T13:14:32Z" level=warning msg="Request Failed" error="Post \"http://auth-service.ecommerce.svc.cluster.local:8001/auth/login\": request timeout"

running (10m51.8s), 021/225 VUs, 14991 complete and 0 interrupted iterations
openloop_spike   [  91% ] 021/225 VUs  10m51.8s/12m0s  11.37 iters/s
time="2026-10-06T13:14:33Z" level=warning msg="Request Failed" error="Post \"http://auth-service.ecommerce.svc.cluster.local:8001/auth/login\": request timeout"

running (10m52.8s), 015/225 VUs, 15008 complete and 0 interrupted iterations
openloop_spike   [  91% ] 015/225 VUs  10m52.8s/12m0s  11.20 iters/s

running (10m53.8s), 001/225 VUs, 15033 complete and 0 interrupted iterations
openloop_spike   [  91% ] 001/225 VUs  10m53.8s/12m0s  11.04 iters/s

running (10m54.8s), 001/225 VUs, 15044 complete and 0 interrupted iterations
openloop_spike   [  91% ] 001/225 VUs  10m54.8s/12m0s  10.87 iters/s

running (10m55.8s), 002/225 VUs, 15054 complete and 0 interrupted iterations
openloop_spike   [  91% ] 002/225 VUs  10m55.8s/12m0s  10.70 iters/s

running (10m56.8s), 005/225 VUs, 15062 complete and 0 interrupted iterations
openloop_spike   [  91% ] 005/225 VUs  10m56.8s/12m0s  10.53 iters/s

running (10m57.8s), 006/225 VUs, 15071 complete and 0 interrupted iterations
openloop_spike   [  91% ] 006/225 VUs  10m57.8s/12m0s  10.37 iters/s

running (10m58.8s), 002/225 VUs, 15086 complete and 0 interrupted iterations
openloop_spike   [  92% ] 002/225 VUs  10m58.8s/12m0s  10.19 iters/s

running (10m59.8s), 002/225 VUs, 15096 complete and 0 interrupted iterations
openloop_spike   [  92% ] 002/225 VUs  10m59.8s/12m0s  10.02 iters/s

running (11m00.8s), 001/225 VUs, 15107 complete and 0 interrupted iterations
openloop_spike   [  92% ] 001/225 VUs  11m00.8s/12m0s  09.86 iters/s

running (11m01.8s), 000/225 VUs, 15117 complete and 0 interrupted iterations
openloop_spike   [  92% ] 000/225 VUs  11m01.8s/12m0s  09.70 iters/s

running (11m02.8s), 000/225 VUs, 15127 complete and 0 interrupted iterations
openloop_spike   [  92% ] 000/225 VUs  11m02.8s/12m0s  09.53 iters/s

running (11m03.8s), 001/225 VUs, 15135 complete and 0 interrupted iterations
openloop_spike   [  92% ] 001/225 VUs  11m03.8s/12m0s  09.37 iters/s

running (11m04.8s), 000/225 VUs, 15146 complete and 0 interrupted iterations
openloop_spike   [  92% ] 000/225 VUs  11m04.8s/12m0s  09.19 iters/s

running (11m05.8s), 000/225 VUs, 15155 complete and 0 interrupted iterations
openloop_spike   [  92% ] 000/225 VUs  11m05.8s/12m0s  09.03 iters/s

running (11m06.8s), 003/225 VUs, 15161 complete and 0 interrupted iterations
openloop_spike   [  93% ] 003/225 VUs  11m06.8s/12m0s  08.86 iters/s

running (11m07.8s), 004/225 VUs, 15169 complete and 0 interrupted iterations
openloop_spike   [  93% ] 004/225 VUs  11m07.8s/12m0s  08.69 iters/s

running (11m08.8s), 000/225 VUs, 15181 complete and 0 interrupted iterations
openloop_spike   [  93% ] 000/225 VUs  11m08.8s/12m0s  08.53 iters/s

running (11m09.8s), 000/225 VUs, 15190 complete and 0 interrupted iterations
openloop_spike   [  93% ] 000/225 VUs  11m09.8s/12m0s  08.36 iters/s

running (11m10.8s), 001/225 VUs, 15197 complete and 0 interrupted iterations
openloop_spike   [  93% ] 001/225 VUs  11m10.8s/12m0s  08.20 iters/s

running (11m11.8s), 002/225 VUs, 15204 complete and 0 interrupted iterations
openloop_spike   [  93% ] 002/225 VUs  11m11.8s/12m0s  08.03 iters/s

running (11m12.8s), 002/225 VUs, 15212 complete and 0 interrupted iterations
openloop_spike   [  93% ] 002/225 VUs  11m12.8s/12m0s  07.86 iters/s

running (11m13.8s), 001/225 VUs, 15221 complete and 0 interrupted iterations
openloop_spike   [  94% ] 001/225 VUs  11m13.8s/12m0s  07.69 iters/s

running (11m14.8s), 004/225 VUs, 15225 complete and 0 interrupted iterations
openloop_spike   [  94% ] 004/225 VUs  11m14.8s/12m0s  07.54 iters/s

running (11m15.8s), 003/225 VUs, 15234 complete and 0 interrupted iterations
openloop_spike   [  94% ] 003/225 VUs  11m15.8s/12m0s  07.36 iters/s

running (11m16.8s), 000/225 VUs, 15244 complete and 0 interrupted iterations
openloop_spike   [  94% ] 000/225 VUs  11m16.8s/12m0s  07.20 iters/s

running (11m17.8s), 001/225 VUs, 15250 complete and 0 interrupted iterations
openloop_spike   [  94% ] 001/225 VUs  11m17.8s/12m0s  07.04 iters/s

running (11m18.8s), 000/225 VUs, 15258 complete and 0 interrupted iterations
openloop_spike   [  94% ] 000/225 VUs  11m18.8s/12m0s  06.87 iters/s

running (11m19.8s), 001/225 VUs, 15264 complete and 0 interrupted iterations
openloop_spike   [  94% ] 001/225 VUs  11m19.8s/12m0s  06.70 iters/s

running (11m20.8s), 001/225 VUs, 15271 complete and 0 interrupted iterations
openloop_spike   [  95% ] 001/225 VUs  11m20.8s/12m0s  06.52 iters/s

running (11m21.8s), 001/225 VUs, 15277 complete and 0 interrupted iterations
openloop_spike   [  95% ] 001/225 VUs  11m21.8s/12m0s  06.36 iters/s

running (11m22.8s), 000/225 VUs, 15284 complete and 0 interrupted iterations
openloop_spike   [  95% ] 000/225 VUs  11m22.8s/12m0s  06.20 iters/s

running (11m23.8s), 001/225 VUs, 15289 complete and 0 interrupted iterations
openloop_spike   [  95% ] 001/225 VUs  11m23.8s/12m0s  06.04 iters/s

running (11m24.8s), 000/225 VUs, 15296 complete and 0 interrupted iterations
openloop_spike   [  95% ] 000/225 VUs  11m24.8s/12m0s  05.87 iters/s

running (11m25.8s), 001/225 VUs, 15301 complete and 0 interrupted iterations
openloop_spike   [  95% ] 001/225 VUs  11m25.8s/12m0s  05.70 iters/s

running (11m26.8s), 000/225 VUs, 15308 complete and 0 interrupted iterations
openloop_spike   [  95% ] 000/225 VUs  11m26.8s/12m0s  05.52 iters/s

running (11m27.8s), 001/225 VUs, 15312 complete and 0 interrupted iterations
openloop_spike   [  96% ] 001/225 VUs  11m27.8s/12m0s  05.37 iters/s

running (11m28.8s), 002/225 VUs, 15316 complete and 0 interrupted iterations
openloop_spike   [  96% ] 002/225 VUs  11m28.8s/12m0s  05.21 iters/s

running (11m29.8s), 001/225 VUs, 15323 complete and 0 interrupted iterations
openloop_spike   [  96% ] 001/225 VUs  11m29.8s/12m0s  05.02 iters/s

running (11m30.8s), 001/225 VUs, 15328 complete and 0 interrupted iterations
openloop_spike   [  96% ] 001/225 VUs  11m30.8s/12m0s  04.85 iters/s

running (11m31.8s), 001/225 VUs, 15332 complete and 0 interrupted iterations
openloop_spike   [  96% ] 001/225 VUs  11m31.8s/12m0s  04.71 iters/s

running (11m32.8s), 000/225 VUs, 15338 complete and 0 interrupted iterations
openloop_spike   [  96% ] 000/225 VUs  11m32.8s/12m0s  04.53 iters/s

running (11m33.8s), 000/225 VUs, 15342 complete and 0 interrupted iterations
openloop_spike   [  96% ] 000/225 VUs  11m33.8s/12m0s  04.38 iters/s

running (11m34.8s), 000/225 VUs, 15347 complete and 0 interrupted iterations
openloop_spike   [  97% ] 000/225 VUs  11m34.8s/12m0s  04.18 iters/s

running (11m35.8s), 000/225 VUs, 15351 complete and 0 interrupted iterations
openloop_spike   [  97% ] 000/225 VUs  11m35.8s/12m0s  04.02 iters/s

running (11m36.8s), 000/225 VUs, 15355 complete and 0 interrupted iterations
openloop_spike   [  97% ] 000/225 VUs  11m36.8s/12m0s  03.85 iters/s

running (11m37.8s), 001/225 VUs, 15357 complete and 0 interrupted iterations
openloop_spike   [  97% ] 001/225 VUs  11m37.8s/12m0s  03.72 iters/s

running (11m38.8s), 001/225 VUs, 15361 complete and 0 interrupted iterations
openloop_spike   [  97% ] 001/225 VUs  11m38.8s/12m0s  03.54 iters/s

running (11m39.8s), 000/225 VUs, 15366 complete and 0 interrupted iterations
openloop_spike   [  97% ] 000/225 VUs  11m39.8s/12m0s  03.34 iters/s

running (11m40.8s), 000/225 VUs, 15369 complete and 0 interrupted iterations
openloop_spike   [  97% ] 000/225 VUs  11m40.8s/12m0s  03.19 iters/s

running (11m41.8s), 000/225 VUs, 15372 complete and 0 interrupted iterations
openloop_spike   [  97% ] 000/225 VUs  11m41.8s/12m0s  03.03 iters/s

running (11m42.8s), 000/225 VUs, 15375 complete and 0 interrupted iterations
openloop_spike   [  98% ] 000/225 VUs  11m42.8s/12m0s  02.86 iters/s

running (11m43.8s), 000/225 VUs, 15378 complete and 0 interrupted iterations
openloop_spike   [  98% ] 000/225 VUs  11m43.8s/12m0s  02.68 iters/s

running (11m44.8s), 000/225 VUs, 15380 complete and 0 interrupted iterations
openloop_spike   [  98% ] 000/225 VUs  11m44.8s/12m0s  02.55 iters/s

running (11m45.8s), 000/225 VUs, 15383 complete and 0 interrupted iterations
openloop_spike   [  98% ] 000/225 VUs  11m45.8s/12m0s  02.34 iters/s

running (11m46.8s), 000/225 VUs, 15385 complete and 0 interrupted iterations
openloop_spike   [  98% ] 000/225 VUs  11m46.8s/12m0s  02.20 iters/s

running (11m47.8s), 000/225 VUs, 15387 complete and 0 interrupted iterations
openloop_spike   [  98% ] 000/225 VUs  11m47.8s/12m0s  02.04 iters/s

running (11m48.8s), 001/225 VUs, 15388 complete and 0 interrupted iterations
openloop_spike   [  98% ] 001/225 VUs  11m48.8s/12m0s  01.87 iters/s

running (11m49.8s), 000/225 VUs, 15391 complete and 0 interrupted iterations
openloop_spike   [  99% ] 000/225 VUs  11m49.8s/12m0s  01.68 iters/s

running (11m50.8s), 000/225 VUs, 15392 complete and 0 interrupted iterations
openloop_spike   [  99% ] 000/225 VUs  11m50.8s/12m0s  01.58 iters/s

running (11m51.8s), 000/225 VUs, 15394 complete and 0 interrupted iterations
openloop_spike   [  99% ] 000/225 VUs  11m51.8s/12m0s  01.35 iters/s

running (11m52.8s), 000/225 VUs, 15395 complete and 0 interrupted iterations
openloop_spike   [  99% ] 000/225 VUs  11m52.8s/12m0s  01.22 iters/s

running (11m53.8s), 000/225 VUs, 15396 complete and 0 interrupted iterations
openloop_spike   [  99% ] 000/225 VUs  11m53.8s/12m0s  01.08 iters/s

running (11m54.8s), 000/225 VUs, 15397 complete and 0 interrupted iterations
openloop_spike   [  99% ] 000/225 VUs  11m54.8s/12m0s  00.91 iters/s

running (11m55.8s), 000/225 VUs, 15398 complete and 0 interrupted iterations
openloop_spike   [  99% ] 000/225 VUs  11m55.8s/12m0s  00.70 iters/s

     ✗ me status is 200
      ↳  43% — ✓ 4675 / ✗ 6085
     ✗ me returns user data
      ↳  43% — ✓ 4675 / ✗ 6085
     ✗ me response time < 500ms
      ↳  28% — ✓ 3118 / ✗ 7642
     ✗ login status is 200
      ↳  27% — ✓ 1254 / ✗ 3385
     ✗ login returns access token
      ↳  27% — ✓ 1254 / ✗ 3385
     ✗ login response time < 1000ms
      ↳  27% — ✓ 1286 / ✗ 3353

     █ setup

     checks.........................: 35.20% ✓ 16262     ✗ 29935
     data_received..................: 4.6 MB 6.4 kB/s
     data_sent......................: 7.7 MB 11 kB/s
     http_req_blocked...............: avg=1.18ms  min=838.85µs med=1.09ms  max=27.02ms  p(90)=1.25ms  p(95)=1.57ms  p(99)=3.61ms  
     http_req_connecting............: avg=1.13ms  min=802.34µs med=1.04ms  max=26.97ms  p(90)=1.19ms  p(95)=1.51ms  p(99)=3.54ms  
     http_req_duration..............: avg=1.97s   min=745.11µs med=1.66s   max=5s       p(90)=4.99s   p(95)=4.99s   p(99)=4.99s   
       { expected_response:true }...: avg=1.86s   min=3.6ms    med=1.76s   max=4.99s    p(90)=3.99s   p(95)=4.42s   p(99)=4.92s   
     http_req_failed................: 61.49% ✓ 9470      ✗ 5929 
     http_req_receiving.............: avg=8.37ms  min=0s       med=75.92µs max=1.19s    p(90)=2.84ms  p(95)=90.44ms p(99)=184.44ms
     http_req_sending...............: avg=41.76µs min=14.25µs  med=40.8µs  max=264.29µs p(90)=55.26µs p(95)=60.21µs p(99)=71.31µs 
     http_req_tls_handshaking.......: avg=0s      min=0s       med=0s      max=0s       p(90)=0s      p(95)=0s      p(99)=0s      
     http_req_waiting...............: avg=1.96s   min=670.96µs med=1.65s   max=5s       p(90)=4.99s   p(95)=4.99s   p(99)=4.99s   
     http_reqs......................: 15399  21.490157/s
     iteration_duration.............: avg=1.97s   min=1.92ms   med=1.66s   max=5s       p(90)=5s      p(95)=5s      p(99)=5s      
     iterations.....................: 15399  21.490157/s
     req_e2e_duration...............: avg=1.97s   min=2ms      med=1.66s   max=5s       p(90)=5s      p(95)=5s      p(99)=5s      
     vus............................: 0      min=0       max=150
     vus_max........................: 225    min=225     max=225


running (11m56.6s), 000/225 VUs, 15399 complete and 0 interrupted iterations
openloop_spike ✗ [ 100% ] 000/225 VUs  11m56.5s/12m0s  00.70 iters/s
[openloop-wrapper] k6 exit code 0
