
          /\      |‾‾| /‾‾/   /‾‾/   
     /\  /  \     |  |/  /   /  /    
    /  \/    \    |     (   /   ‾‾\  
   /          \   |  |\  \ |  (‾)  | 
  / __________ \  |__| \__\ \_____/ .io

  execution: local
     script: /scripts/load-test.js
     output: json (/results/results.json.gz)

  scenarios: (100.00%) 1 scenario, 788 max VUs, 12m30s max duration (incl. graceful stop):
           * openloop_oscillating: Up to 105.00 iterations/s for 12m0s over 12 stages (maxVUs: 788, gracefulStop: 30s)

time="2026-10-08T13:25:42Z" level=info msg="OPENLOOP_CONFIG service=shipping-rate-service pattern=oscillating base_rate=10 peak_rate=105 timeout=5s vu_factor=1.5 openloop_oscillating:ramping-arrival-rate:vus=788/788" source=console
time="2026-10-08T13:25:42Z" level=info msg="SCENARIO_START name=openloop_oscillating start_ms=1791465942614" source=console

running (00m00.4s), 003/788 VUs, 0 complete and 0 interrupted iterations
openloop_oscillating   [   0% ] 003/788 VUs  00m00.4s/12m0s  010.00 iters/s

running (00m01.4s), 006/788 VUs, 7 complete and 0 interrupted iterations
openloop_oscillating   [   0% ] 006/788 VUs  00m01.4s/12m0s  010.00 iters/s

running (00m02.4s), 007/788 VUs, 16 complete and 0 interrupted iterations
openloop_oscillating   [   0% ] 007/788 VUs  00m02.4s/12m0s  010.00 iters/s

running (00m03.4s), 007/788 VUs, 26 complete and 0 interrupted iterations
openloop_oscillating   [   0% ] 007/788 VUs  00m03.4s/12m0s  010.00 iters/s

running (00m04.4s), 005/788 VUs, 38 complete and 0 interrupted iterations
openloop_oscillating   [   1% ] 005/788 VUs  00m04.4s/12m0s  010.00 iters/s

running (00m05.4s), 007/788 VUs, 46 complete and 0 interrupted iterations
openloop_oscillating   [   1% ] 007/788 VUs  00m05.4s/12m0s  010.00 iters/s

running (00m06.4s), 007/788 VUs, 56 complete and 0 interrupted iterations
openloop_oscillating   [   1% ] 007/788 VUs  00m06.4s/12m0s  010.00 iters/s

running (00m07.4s), 006/788 VUs, 67 complete and 0 interrupted iterations
openloop_oscillating   [   1% ] 006/788 VUs  00m07.4s/12m0s  010.00 iters/s

running (00m08.4s), 005/788 VUs, 78 complete and 0 interrupted iterations
openloop_oscillating   [   1% ] 005/788 VUs  00m08.4s/12m0s  010.00 iters/s

running (00m09.4s), 005/788 VUs, 88 complete and 0 interrupted iterations
openloop_oscillating   [   1% ] 005/788 VUs  00m09.4s/12m0s  010.00 iters/s

running (00m10.4s), 007/788 VUs, 96 complete and 0 interrupted iterations
openloop_oscillating   [   1% ] 007/788 VUs  00m10.4s/12m0s  010.00 iters/s

running (00m11.4s), 005/788 VUs, 108 complete and 0 interrupted iterations
openloop_oscillating   [   2% ] 005/788 VUs  00m11.4s/12m0s  010.00 iters/s

running (00m12.4s), 006/788 VUs, 117 complete and 0 interrupted iterations
openloop_oscillating   [   2% ] 006/788 VUs  00m12.4s/12m0s  010.00 iters/s

running (00m13.4s), 006/788 VUs, 127 complete and 0 interrupted iterations
openloop_oscillating   [   2% ] 006/788 VUs  00m13.4s/12m0s  010.00 iters/s

running (00m14.4s), 006/788 VUs, 137 complete and 0 interrupted iterations
openloop_oscillating   [   2% ] 006/788 VUs  00m14.4s/12m0s  010.00 iters/s

running (00m15.4s), 007/788 VUs, 146 complete and 0 interrupted iterations
openloop_oscillating   [   2% ] 007/788 VUs  00m15.4s/12m0s  010.00 iters/s

running (00m16.4s), 008/788 VUs, 155 complete and 0 interrupted iterations
openloop_oscillating   [   2% ] 008/788 VUs  00m16.4s/12m0s  010.00 iters/s

running (00m17.4s), 007/788 VUs, 166 complete and 0 interrupted iterations
openloop_oscillating   [   2% ] 007/788 VUs  00m17.4s/12m0s  010.00 iters/s

running (00m18.4s), 005/788 VUs, 178 complete and 0 interrupted iterations
openloop_oscillating   [   3% ] 005/788 VUs  00m18.4s/12m0s  010.00 iters/s

running (00m19.4s), 005/788 VUs, 188 complete and 0 interrupted iterations
openloop_oscillating   [   3% ] 005/788 VUs  00m19.4s/12m0s  010.00 iters/s

running (00m20.4s), 007/788 VUs, 196 complete and 0 interrupted iterations
openloop_oscillating   [   3% ] 007/788 VUs  00m20.4s/12m0s  010.00 iters/s

running (00m21.4s), 005/788 VUs, 208 complete and 0 interrupted iterations
openloop_oscillating   [   3% ] 005/788 VUs  00m21.4s/12m0s  010.00 iters/s

running (00m22.4s), 006/788 VUs, 217 complete and 0 interrupted iterations
openloop_oscillating   [   3% ] 006/788 VUs  00m22.4s/12m0s  010.00 iters/s

running (00m23.4s), 006/788 VUs, 227 complete and 0 interrupted iterations
openloop_oscillating   [   3% ] 006/788 VUs  00m23.4s/12m0s  010.00 iters/s

running (00m24.4s), 006/788 VUs, 237 complete and 0 interrupted iterations
openloop_oscillating   [   3% ] 006/788 VUs  00m24.4s/12m0s  010.00 iters/s

running (00m25.4s), 006/788 VUs, 247 complete and 0 interrupted iterations
openloop_oscillating   [   4% ] 006/788 VUs  00m25.4s/12m0s  010.00 iters/s

running (00m26.4s), 007/788 VUs, 256 complete and 0 interrupted iterations
openloop_oscillating   [   4% ] 007/788 VUs  00m26.4s/12m0s  010.00 iters/s

running (00m27.4s), 006/788 VUs, 267 complete and 0 interrupted iterations
openloop_oscillating   [   4% ] 006/788 VUs  00m27.4s/12m0s  010.00 iters/s

running (00m28.4s), 007/788 VUs, 276 complete and 0 interrupted iterations
openloop_oscillating   [   4% ] 007/788 VUs  00m28.4s/12m0s  010.00 iters/s

running (00m29.4s), 006/788 VUs, 287 complete and 0 interrupted iterations
openloop_oscillating   [   4% ] 006/788 VUs  00m29.4s/12m0s  010.00 iters/s

running (00m30.4s), 007/788 VUs, 296 complete and 0 interrupted iterations
openloop_oscillating   [   4% ] 007/788 VUs  00m30.4s/12m0s  010.00 iters/s

running (00m31.4s), 006/788 VUs, 307 complete and 0 interrupted iterations
openloop_oscillating   [   4% ] 006/788 VUs  00m31.4s/12m0s  010.00 iters/s

running (00m32.4s), 008/788 VUs, 315 complete and 0 interrupted iterations
openloop_oscillating   [   5% ] 008/788 VUs  00m32.4s/12m0s  010.00 iters/s

running (00m33.4s), 007/788 VUs, 326 complete and 0 interrupted iterations
openloop_oscillating   [   5% ] 007/788 VUs  00m33.4s/12m0s  010.00 iters/s

running (00m34.4s), 007/788 VUs, 336 complete and 0 interrupted iterations
openloop_oscillating   [   5% ] 007/788 VUs  00m34.4s/12m0s  010.00 iters/s

running (00m35.4s), 007/788 VUs, 346 complete and 0 interrupted iterations
openloop_oscillating   [   5% ] 007/788 VUs  00m35.4s/12m0s  010.00 iters/s

running (00m36.4s), 006/788 VUs, 357 complete and 0 interrupted iterations
openloop_oscillating   [   5% ] 006/788 VUs  00m36.4s/12m0s  010.00 iters/s

running (00m37.4s), 007/788 VUs, 366 complete and 0 interrupted iterations
openloop_oscillating   [   5% ] 007/788 VUs  00m37.4s/12m0s  010.00 iters/s

running (00m38.4s), 006/788 VUs, 377 complete and 0 interrupted iterations
openloop_oscillating   [   5% ] 006/788 VUs  00m38.4s/12m0s  010.00 iters/s

running (00m39.4s), 006/788 VUs, 387 complete and 0 interrupted iterations
openloop_oscillating   [   5% ] 006/788 VUs  00m39.4s/12m0s  010.00 iters/s

running (00m40.4s), 005/788 VUs, 398 complete and 0 interrupted iterations
openloop_oscillating   [   6% ] 005/788 VUs  00m40.4s/12m0s  010.00 iters/s

running (00m41.4s), 006/788 VUs, 407 complete and 0 interrupted iterations
openloop_oscillating   [   6% ] 006/788 VUs  00m41.4s/12m0s  010.00 iters/s

running (00m42.4s), 007/788 VUs, 416 complete and 0 interrupted iterations
openloop_oscillating   [   6% ] 007/788 VUs  00m42.4s/12m0s  010.00 iters/s

running (00m43.4s), 007/788 VUs, 426 complete and 0 interrupted iterations
openloop_oscillating   [   6% ] 007/788 VUs  00m43.4s/12m0s  010.00 iters/s

running (00m44.4s), 007/788 VUs, 436 complete and 0 interrupted iterations
openloop_oscillating   [   6% ] 007/788 VUs  00m44.4s/12m0s  010.00 iters/s

running (00m45.4s), 007/788 VUs, 446 complete and 0 interrupted iterations
openloop_oscillating   [   6% ] 007/788 VUs  00m45.4s/12m0s  010.00 iters/s

running (00m46.4s), 006/788 VUs, 457 complete and 0 interrupted iterations
openloop_oscillating   [   6% ] 006/788 VUs  00m46.4s/12m0s  010.00 iters/s

running (00m47.4s), 007/788 VUs, 466 complete and 0 interrupted iterations
openloop_oscillating   [   7% ] 007/788 VUs  00m47.4s/12m0s  010.00 iters/s

running (00m48.4s), 005/788 VUs, 478 complete and 0 interrupted iterations
openloop_oscillating   [   7% ] 005/788 VUs  00m48.4s/12m0s  010.00 iters/s

running (00m49.4s), 007/788 VUs, 486 complete and 0 interrupted iterations
openloop_oscillating   [   7% ] 007/788 VUs  00m49.4s/12m0s  010.00 iters/s

running (00m50.4s), 008/788 VUs, 495 complete and 0 interrupted iterations
openloop_oscillating   [   7% ] 008/788 VUs  00m50.4s/12m0s  010.00 iters/s

running (00m51.4s), 007/788 VUs, 506 complete and 0 interrupted iterations
openloop_oscillating   [   7% ] 007/788 VUs  00m51.4s/12m0s  010.00 iters/s

running (00m52.4s), 007/788 VUs, 516 complete and 0 interrupted iterations
openloop_oscillating   [   7% ] 007/788 VUs  00m52.4s/12m0s  010.00 iters/s

running (00m53.4s), 007/788 VUs, 526 complete and 0 interrupted iterations
openloop_oscillating   [   7% ] 007/788 VUs  00m53.4s/12m0s  010.00 iters/s

running (00m54.4s), 008/788 VUs, 535 complete and 0 interrupted iterations
openloop_oscillating   [   8% ] 008/788 VUs  00m54.4s/12m0s  010.00 iters/s

running (00m55.4s), 006/788 VUs, 547 complete and 0 interrupted iterations
openloop_oscillating   [   8% ] 006/788 VUs  00m55.4s/12m0s  010.00 iters/s

running (00m56.4s), 007/788 VUs, 556 complete and 0 interrupted iterations
openloop_oscillating   [   8% ] 007/788 VUs  00m56.4s/12m0s  010.00 iters/s

running (00m57.4s), 008/788 VUs, 565 complete and 0 interrupted iterations
openloop_oscillating   [   8% ] 008/788 VUs  00m57.4s/12m0s  010.00 iters/s

running (00m58.4s), 006/788 VUs, 577 complete and 0 interrupted iterations
openloop_oscillating   [   8% ] 006/788 VUs  00m58.4s/12m0s  010.00 iters/s

running (00m59.4s), 007/788 VUs, 586 complete and 0 interrupted iterations
openloop_oscillating   [   8% ] 007/788 VUs  00m59.4s/12m0s  010.00 iters/s

running (01m00.4s), 005/788 VUs, 598 complete and 0 interrupted iterations
openloop_oscillating   [   8% ] 005/788 VUs  01m00.4s/12m0s  010.00 iters/s

running (01m01.4s), 007/788 VUs, 606 complete and 0 interrupted iterations
openloop_oscillating   [   9% ] 007/788 VUs  01m01.4s/12m0s  010.00 iters/s

running (01m02.4s), 007/788 VUs, 616 complete and 0 interrupted iterations
openloop_oscillating   [   9% ] 007/788 VUs  01m02.4s/12m0s  010.00 iters/s

running (01m03.4s), 006/788 VUs, 627 complete and 0 interrupted iterations
openloop_oscillating   [   9% ] 006/788 VUs  01m03.4s/12m0s  010.00 iters/s

running (01m04.4s), 007/788 VUs, 636 complete and 0 interrupted iterations
openloop_oscillating   [   9% ] 007/788 VUs  01m04.4s/12m0s  010.00 iters/s

running (01m05.4s), 007/788 VUs, 646 complete and 0 interrupted iterations
openloop_oscillating   [   9% ] 007/788 VUs  01m05.4s/12m0s  010.00 iters/s

running (01m06.4s), 006/788 VUs, 657 complete and 0 interrupted iterations
openloop_oscillating   [   9% ] 006/788 VUs  01m06.4s/12m0s  010.00 iters/s

running (01m07.4s), 006/788 VUs, 667 complete and 0 interrupted iterations
openloop_oscillating   [   9% ] 006/788 VUs  01m07.4s/12m0s  010.00 iters/s

running (01m08.4s), 006/788 VUs, 677 complete and 0 interrupted iterations
openloop_oscillating   [  10% ] 006/788 VUs  01m08.4s/12m0s  010.00 iters/s

running (01m09.4s), 007/788 VUs, 686 complete and 0 interrupted iterations
openloop_oscillating   [  10% ] 007/788 VUs  01m09.4s/12m0s  010.00 iters/s

running (01m10.4s), 007/788 VUs, 696 complete and 0 interrupted iterations
openloop_oscillating   [  10% ] 007/788 VUs  01m10.4s/12m0s  010.00 iters/s

running (01m11.4s), 006/788 VUs, 707 complete and 0 interrupted iterations
openloop_oscillating   [  10% ] 006/788 VUs  01m11.4s/12m0s  010.00 iters/s

running (01m12.4s), 008/788 VUs, 715 complete and 0 interrupted iterations
openloop_oscillating   [  10% ] 008/788 VUs  01m12.4s/12m0s  010.00 iters/s

running (01m13.4s), 006/788 VUs, 727 complete and 0 interrupted iterations
openloop_oscillating   [  10% ] 006/788 VUs  01m13.4s/12m0s  010.00 iters/s

running (01m14.4s), 006/788 VUs, 737 complete and 0 interrupted iterations
openloop_oscillating   [  10% ] 006/788 VUs  01m14.4s/12m0s  010.00 iters/s

running (01m15.4s), 007/788 VUs, 746 complete and 0 interrupted iterations
openloop_oscillating   [  10% ] 007/788 VUs  01m15.4s/12m0s  010.00 iters/s

running (01m16.4s), 009/788 VUs, 754 complete and 0 interrupted iterations
openloop_oscillating   [  11% ] 009/788 VUs  01m16.4s/12m0s  010.00 iters/s

running (01m17.4s), 007/788 VUs, 766 complete and 0 interrupted iterations
openloop_oscillating   [  11% ] 007/788 VUs  01m17.4s/12m0s  010.00 iters/s

running (01m18.4s), 006/788 VUs, 777 complete and 0 interrupted iterations
openloop_oscillating   [  11% ] 006/788 VUs  01m18.4s/12m0s  010.00 iters/s

running (01m19.4s), 007/788 VUs, 786 complete and 0 interrupted iterations
openloop_oscillating   [  11% ] 007/788 VUs  01m19.4s/12m0s  010.00 iters/s

running (01m20.4s), 008/788 VUs, 795 complete and 0 interrupted iterations
openloop_oscillating   [  11% ] 008/788 VUs  01m20.4s/12m0s  010.00 iters/s

running (01m21.4s), 007/788 VUs, 806 complete and 0 interrupted iterations
openloop_oscillating   [  11% ] 007/788 VUs  01m21.4s/12m0s  010.00 iters/s

running (01m22.4s), 006/788 VUs, 817 complete and 0 interrupted iterations
openloop_oscillating   [  11% ] 006/788 VUs  01m22.4s/12m0s  010.00 iters/s

running (01m23.4s), 007/788 VUs, 826 complete and 0 interrupted iterations
openloop_oscillating   [  12% ] 007/788 VUs  01m23.4s/12m0s  010.00 iters/s

running (01m24.4s), 007/788 VUs, 836 complete and 0 interrupted iterations
openloop_oscillating   [  12% ] 007/788 VUs  01m24.4s/12m0s  010.00 iters/s

running (01m25.4s), 007/788 VUs, 846 complete and 0 interrupted iterations
openloop_oscillating   [  12% ] 007/788 VUs  01m25.4s/12m0s  010.00 iters/s

running (01m26.4s), 007/788 VUs, 856 complete and 0 interrupted iterations
openloop_oscillating   [  12% ] 007/788 VUs  01m26.4s/12m0s  010.00 iters/s

running (01m27.4s), 007/788 VUs, 866 complete and 0 interrupted iterations
openloop_oscillating   [  12% ] 007/788 VUs  01m27.4s/12m0s  010.00 iters/s

running (01m28.4s), 006/788 VUs, 877 complete and 0 interrupted iterations
openloop_oscillating   [  12% ] 006/788 VUs  01m28.4s/12m0s  010.00 iters/s

running (01m29.4s), 007/788 VUs, 886 complete and 0 interrupted iterations
openloop_oscillating   [  12% ] 007/788 VUs  01m29.4s/12m0s  010.00 iters/s

running (01m30.4s), 008/788 VUs, 895 complete and 0 interrupted iterations
openloop_oscillating   [  13% ] 008/788 VUs  01m30.4s/12m0s  010.00 iters/s

running (01m31.4s), 007/788 VUs, 906 complete and 0 interrupted iterations
openloop_oscillating   [  13% ] 007/788 VUs  01m31.4s/12m0s  010.00 iters/s

running (01m32.4s), 006/788 VUs, 917 complete and 0 interrupted iterations
openloop_oscillating   [  13% ] 006/788 VUs  01m32.4s/12m0s  010.00 iters/s

running (01m33.4s), 005/788 VUs, 928 complete and 0 interrupted iterations
openloop_oscillating   [  13% ] 005/788 VUs  01m33.4s/12m0s  010.00 iters/s

running (01m34.4s), 008/788 VUs, 935 complete and 0 interrupted iterations
openloop_oscillating   [  13% ] 008/788 VUs  01m34.4s/12m0s  010.00 iters/s

running (01m35.4s), 006/788 VUs, 947 complete and 0 interrupted iterations
openloop_oscillating   [  13% ] 006/788 VUs  01m35.4s/12m0s  010.00 iters/s

running (01m36.4s), 006/788 VUs, 957 complete and 0 interrupted iterations
openloop_oscillating   [  13% ] 006/788 VUs  01m36.4s/12m0s  010.00 iters/s

running (01m37.4s), 006/788 VUs, 967 complete and 0 interrupted iterations
openloop_oscillating   [  14% ] 006/788 VUs  01m37.4s/12m0s  010.00 iters/s

running (01m38.4s), 007/788 VUs, 976 complete and 0 interrupted iterations
openloop_oscillating   [  14% ] 007/788 VUs  01m38.4s/12m0s  010.00 iters/s

running (01m39.4s), 006/788 VUs, 987 complete and 0 interrupted iterations
openloop_oscillating   [  14% ] 006/788 VUs  01m39.4s/12m0s  010.00 iters/s

running (01m40.4s), 007/788 VUs, 996 complete and 0 interrupted iterations
openloop_oscillating   [  14% ] 007/788 VUs  01m40.4s/12m0s  010.00 iters/s

running (01m41.4s), 008/788 VUs, 1005 complete and 0 interrupted iterations
openloop_oscillating   [  14% ] 008/788 VUs  01m41.4s/12m0s  010.00 iters/s

running (01m42.4s), 007/788 VUs, 1016 complete and 0 interrupted iterations
openloop_oscillating   [  14% ] 007/788 VUs  01m42.4s/12m0s  010.00 iters/s

running (01m43.4s), 006/788 VUs, 1027 complete and 0 interrupted iterations
openloop_oscillating   [  14% ] 006/788 VUs  01m43.4s/12m0s  010.00 iters/s

running (01m44.4s), 007/788 VUs, 1036 complete and 0 interrupted iterations
openloop_oscillating   [  15% ] 007/788 VUs  01m44.4s/12m0s  010.00 iters/s

running (01m45.4s), 007/788 VUs, 1046 complete and 0 interrupted iterations
openloop_oscillating   [  15% ] 007/788 VUs  01m45.4s/12m0s  010.00 iters/s

running (01m46.4s), 006/788 VUs, 1057 complete and 0 interrupted iterations
openloop_oscillating   [  15% ] 006/788 VUs  01m46.4s/12m0s  010.00 iters/s

running (01m47.4s), 007/788 VUs, 1066 complete and 0 interrupted iterations
openloop_oscillating   [  15% ] 007/788 VUs  01m47.4s/12m0s  010.00 iters/s

running (01m48.4s), 006/788 VUs, 1077 complete and 0 interrupted iterations
openloop_oscillating   [  15% ] 006/788 VUs  01m48.4s/12m0s  010.00 iters/s

running (01m49.4s), 006/788 VUs, 1087 complete and 0 interrupted iterations
openloop_oscillating   [  15% ] 006/788 VUs  01m49.4s/12m0s  010.00 iters/s

running (01m50.4s), 007/788 VUs, 1096 complete and 0 interrupted iterations
openloop_oscillating   [  15% ] 007/788 VUs  01m50.4s/12m0s  010.00 iters/s

running (01m51.4s), 005/788 VUs, 1108 complete and 0 interrupted iterations
openloop_oscillating   [  15% ] 005/788 VUs  01m51.4s/12m0s  010.00 iters/s

running (01m52.4s), 007/788 VUs, 1116 complete and 0 interrupted iterations
openloop_oscillating   [  16% ] 007/788 VUs  01m52.4s/12m0s  010.00 iters/s

running (01m53.4s), 008/788 VUs, 1125 complete and 0 interrupted iterations
openloop_oscillating   [  16% ] 008/788 VUs  01m53.4s/12m0s  010.00 iters/s

running (01m54.4s), 007/788 VUs, 1136 complete and 0 interrupted iterations
openloop_oscillating   [  16% ] 007/788 VUs  01m54.4s/12m0s  010.00 iters/s

running (01m55.4s), 006/788 VUs, 1147 complete and 0 interrupted iterations
openloop_oscillating   [  16% ] 006/788 VUs  01m55.4s/12m0s  010.00 iters/s

running (01m56.4s), 007/788 VUs, 1156 complete and 0 interrupted iterations
openloop_oscillating   [  16% ] 007/788 VUs  01m56.4s/12m0s  010.00 iters/s

running (01m57.4s), 005/788 VUs, 1168 complete and 0 interrupted iterations
openloop_oscillating   [  16% ] 005/788 VUs  01m57.4s/12m0s  010.00 iters/s

running (01m58.4s), 007/788 VUs, 1176 complete and 0 interrupted iterations
openloop_oscillating   [  16% ] 007/788 VUs  01m58.4s/12m0s  010.00 iters/s

running (01m59.4s), 007/788 VUs, 1186 complete and 0 interrupted iterations
openloop_oscillating   [  17% ] 007/788 VUs  01m59.4s/12m0s  010.00 iters/s

running (02m00.4s), 007/788 VUs, 1197 complete and 0 interrupted iterations
openloop_oscillating   [  17% ] 007/788 VUs  02m00.4s/12m0s  013.62 iters/s

running (02m01.4s), 014/788 VUs, 1209 complete and 0 interrupted iterations
openloop_oscillating   [  17% ] 014/788 VUs  02m01.4s/12m0s  023.38 iters/s

running (02m02.4s), 019/788 VUs, 1232 complete and 0 interrupted iterations
openloop_oscillating   [  17% ] 019/788 VUs  02m02.4s/12m0s  032.84 iters/s

running (02m03.4s), 027/788 VUs, 1261 complete and 0 interrupted iterations
openloop_oscillating   [  17% ] 027/788 VUs  02m03.4s/12m0s  042.21 iters/s

running (02m04.4s), 036/788 VUs, 1299 complete and 0 interrupted iterations
openloop_oscillating   [  17% ] 036/788 VUs  02m04.4s/12m0s  051.72 iters/s

running (02m05.4s), 042/788 VUs, 1350 complete and 0 interrupted iterations
openloop_oscillating   [  17% ] 042/788 VUs  02m05.4s/12m0s  061.30 iters/s

running (02m06.4s), 048/788 VUs, 1410 complete and 0 interrupted iterations
openloop_oscillating   [  18% ] 048/788 VUs  02m06.4s/12m0s  070.79 iters/s

running (02m07.4s), 047/788 VUs, 1486 complete and 0 interrupted iterations
openloop_oscillating   [  18% ] 047/788 VUs  02m07.4s/12m0s  080.23 iters/s

running (02m08.4s), 048/788 VUs, 1570 complete and 0 interrupted iterations
openloop_oscillating   [  18% ] 048/788 VUs  02m08.4s/12m0s  089.73 iters/s

running (02m09.4s), 047/788 VUs, 1666 complete and 0 interrupted iterations
openloop_oscillating   [  18% ] 047/788 VUs  02m09.4s/12m0s  099.28 iters/s

running (02m10.4s), 049/788 VUs, 1767 complete and 0 interrupted iterations
openloop_oscillating   [  18% ] 049/788 VUs  02m10.4s/12m0s  105.00 iters/s

running (02m11.4s), 049/788 VUs, 1872 complete and 0 interrupted iterations
openloop_oscillating   [  18% ] 049/788 VUs  02m11.4s/12m0s  105.00 iters/s

running (02m12.4s), 047/788 VUs, 1979 complete and 0 interrupted iterations
openloop_oscillating   [  18% ] 047/788 VUs  02m12.4s/12m0s  105.00 iters/s

running (02m13.4s), 049/788 VUs, 2082 complete and 0 interrupted iterations
openloop_oscillating   [  19% ] 049/788 VUs  02m13.4s/12m0s  105.00 iters/s

running (02m14.4s), 050/788 VUs, 2186 complete and 0 interrupted iterations
openloop_oscillating   [  19% ] 050/788 VUs  02m14.4s/12m0s  105.00 iters/s

running (02m15.4s), 047/788 VUs, 2294 complete and 0 interrupted iterations
openloop_oscillating   [  19% ] 047/788 VUs  02m15.4s/12m0s  105.00 iters/s

running (02m16.4s), 050/788 VUs, 2396 complete and 0 interrupted iterations
openloop_oscillating   [  19% ] 050/788 VUs  02m16.4s/12m0s  105.00 iters/s

running (02m17.4s), 047/788 VUs, 2504 complete and 0 interrupted iterations
openloop_oscillating   [  19% ] 047/788 VUs  02m17.4s/12m0s  105.00 iters/s

running (02m18.4s), 049/788 VUs, 2607 complete and 0 interrupted iterations
openloop_oscillating   [  19% ] 049/788 VUs  02m18.4s/12m0s  105.00 iters/s

running (02m19.4s), 048/788 VUs, 2713 complete and 0 interrupted iterations
openloop_oscillating   [  19% ] 048/788 VUs  02m19.4s/12m0s  105.00 iters/s

running (02m20.4s), 046/788 VUs, 2820 complete and 0 interrupted iterations
openloop_oscillating   [  20% ] 046/788 VUs  02m20.4s/12m0s  105.00 iters/s

running (02m21.4s), 049/788 VUs, 2922 complete and 0 interrupted iterations
openloop_oscillating   [  20% ] 049/788 VUs  02m21.4s/12m0s  105.00 iters/s

running (02m22.4s), 052/788 VUs, 3024 complete and 0 interrupted iterations
openloop_oscillating   [  20% ] 052/788 VUs  02m22.4s/12m0s  105.00 iters/s

running (02m23.4s), 047/788 VUs, 3134 complete and 0 interrupted iterations
openloop_oscillating   [  20% ] 047/788 VUs  02m23.4s/12m0s  105.00 iters/s

running (02m24.4s), 050/788 VUs, 3236 complete and 0 interrupted iterations
openloop_oscillating   [  20% ] 050/788 VUs  02m24.4s/12m0s  105.00 iters/s

running (02m25.4s), 048/788 VUs, 3343 complete and 0 interrupted iterations
openloop_oscillating   [  20% ] 048/788 VUs  02m25.4s/12m0s  105.00 iters/s

running (02m26.4s), 050/788 VUs, 3446 complete and 0 interrupted iterations
openloop_oscillating   [  20% ] 050/788 VUs  02m26.4s/12m0s  105.00 iters/s

running (02m27.4s), 051/788 VUs, 3550 complete and 0 interrupted iterations
openloop_oscillating   [  20% ] 051/788 VUs  02m27.4s/12m0s  105.00 iters/s

running (02m28.4s), 048/788 VUs, 3658 complete and 0 interrupted iterations
openloop_oscillating   [  21% ] 048/788 VUs  02m28.4s/12m0s  105.00 iters/s

running (02m29.4s), 052/788 VUs, 3759 complete and 0 interrupted iterations
openloop_oscillating   [  21% ] 052/788 VUs  02m29.4s/12m0s  105.00 iters/s

running (02m30.4s), 047/788 VUs, 3869 complete and 0 interrupted iterations
openloop_oscillating   [  21% ] 047/788 VUs  02m30.4s/12m0s  105.00 iters/s

running (02m31.4s), 050/788 VUs, 3971 complete and 0 interrupted iterations
openloop_oscillating   [  21% ] 050/788 VUs  02m31.4s/12m0s  105.00 iters/s

running (02m32.4s), 052/788 VUs, 4074 complete and 0 interrupted iterations
openloop_oscillating   [  21% ] 052/788 VUs  02m32.4s/12m0s  105.00 iters/s

running (02m33.4s), 048/788 VUs, 4183 complete and 0 interrupted iterations
openloop_oscillating   [  21% ] 048/788 VUs  02m33.4s/12m0s  105.00 iters/s

running (02m34.4s), 047/788 VUs, 4289 complete and 0 interrupted iterations
openloop_oscillating   [  21% ] 047/788 VUs  02m34.4s/12m0s  105.00 iters/s

running (02m35.4s), 050/788 VUs, 4391 complete and 0 interrupted iterations
openloop_oscillating   [  22% ] 050/788 VUs  02m35.4s/12m0s  105.00 iters/s

running (02m36.4s), 046/788 VUs, 4500 complete and 0 interrupted iterations
openloop_oscillating   [  22% ] 046/788 VUs  02m36.4s/12m0s  105.00 iters/s

running (02m37.4s), 048/788 VUs, 4603 complete and 0 interrupted iterations
openloop_oscillating   [  22% ] 048/788 VUs  02m37.4s/12m0s  105.00 iters/s

running (02m38.4s), 047/788 VUs, 4709 complete and 0 interrupted iterations
openloop_oscillating   [  22% ] 047/788 VUs  02m38.4s/12m0s  105.00 iters/s

running (02m39.4s), 047/788 VUs, 4814 complete and 0 interrupted iterations
openloop_oscillating   [  22% ] 047/788 VUs  02m39.4s/12m0s  105.00 iters/s

running (02m40.4s), 048/788 VUs, 4918 complete and 0 interrupted iterations
openloop_oscillating   [  22% ] 048/788 VUs  02m40.4s/12m0s  105.00 iters/s

running (02m41.4s), 047/788 VUs, 5024 complete and 0 interrupted iterations
openloop_oscillating   [  22% ] 047/788 VUs  02m41.4s/12m0s  105.00 iters/s

running (02m42.4s), 049/788 VUs, 5127 complete and 0 interrupted iterations
openloop_oscillating   [  23% ] 049/788 VUs  02m42.4s/12m0s  105.00 iters/s

running (02m43.4s), 048/788 VUs, 5233 complete and 0 interrupted iterations
openloop_oscillating   [  23% ] 048/788 VUs  02m43.4s/12m0s  105.00 iters/s

running (02m44.4s), 051/788 VUs, 5335 complete and 0 interrupted iterations
openloop_oscillating   [  23% ] 051/788 VUs  02m44.4s/12m0s  105.00 iters/s

running (02m45.4s), 049/788 VUs, 5442 complete and 0 interrupted iterations
openloop_oscillating   [  23% ] 049/788 VUs  02m45.4s/12m0s  105.00 iters/s

running (02m46.4s), 051/788 VUs, 5545 complete and 0 interrupted iterations
openloop_oscillating   [  23% ] 051/788 VUs  02m46.4s/12m0s  105.00 iters/s

running (02m47.4s), 051/788 VUs, 5650 complete and 0 interrupted iterations
openloop_oscillating   [  23% ] 051/788 VUs  02m47.4s/12m0s  105.00 iters/s

running (02m48.4s), 049/788 VUs, 5757 complete and 0 interrupted iterations
openloop_oscillating   [  23% ] 049/788 VUs  02m48.4s/12m0s  105.00 iters/s

running (02m49.4s), 053/788 VUs, 5858 complete and 0 interrupted iterations
openloop_oscillating   [  24% ] 053/788 VUs  02m49.4s/12m0s  105.00 iters/s

running (02m50.4s), 050/788 VUs, 5966 complete and 0 interrupted iterations
openloop_oscillating   [  24% ] 050/788 VUs  02m50.4s/12m0s  105.00 iters/s

running (02m51.4s), 050/788 VUs, 6071 complete and 0 interrupted iterations
openloop_oscillating   [  24% ] 050/788 VUs  02m51.4s/12m0s  105.00 iters/s

running (02m52.4s), 049/788 VUs, 6177 complete and 0 interrupted iterations
openloop_oscillating   [  24% ] 049/788 VUs  02m52.4s/12m0s  105.00 iters/s

running (02m53.4s), 049/788 VUs, 6282 complete and 0 interrupted iterations
openloop_oscillating   [  24% ] 049/788 VUs  02m53.4s/12m0s  105.00 iters/s

running (02m54.4s), 040/788 VUs, 6396 complete and 0 interrupted iterations
openloop_oscillating   [  24% ] 040/788 VUs  02m54.4s/12m0s  105.00 iters/s

running (02m55.4s), 045/788 VUs, 6496 complete and 0 interrupted iterations
openloop_oscillating   [  24% ] 045/788 VUs  02m55.4s/12m0s  105.00 iters/s

running (02m56.4s), 049/788 VUs, 6597 complete and 0 interrupted iterations
openloop_oscillating   [  25% ] 049/788 VUs  02m56.4s/12m0s  105.00 iters/s

running (02m57.4s), 050/788 VUs, 6701 complete and 0 interrupted iterations
openloop_oscillating   [  25% ] 050/788 VUs  02m57.4s/12m0s  105.00 iters/s

running (02m58.4s), 048/788 VUs, 6808 complete and 0 interrupted iterations
openloop_oscillating   [  25% ] 048/788 VUs  02m58.4s/12m0s  105.00 iters/s

running (02m59.4s), 049/788 VUs, 6912 complete and 0 interrupted iterations
openloop_oscillating   [  25% ] 049/788 VUs  02m59.4s/12m0s  105.00 iters/s

running (03m00.4s), 049/788 VUs, 7017 complete and 0 interrupted iterations
openloop_oscillating   [  25% ] 049/788 VUs  03m00.4s/12m0s  105.00 iters/s

running (03m01.4s), 052/788 VUs, 7119 complete and 0 interrupted iterations
openloop_oscillating   [  25% ] 052/788 VUs  03m01.4s/12m0s  105.00 iters/s

running (03m02.4s), 049/788 VUs, 7227 complete and 0 interrupted iterations
openloop_oscillating   [  25% ] 049/788 VUs  03m02.4s/12m0s  105.00 iters/s

running (03m03.4s), 047/788 VUs, 7334 complete and 0 interrupted iterations
openloop_oscillating   [  25% ] 047/788 VUs  03m03.4s/12m0s  105.00 iters/s

running (03m04.4s), 047/788 VUs, 7439 complete and 0 interrupted iterations
openloop_oscillating   [  26% ] 047/788 VUs  03m04.4s/12m0s  105.00 iters/s

running (03m05.4s), 051/788 VUs, 7540 complete and 0 interrupted iterations
openloop_oscillating   [  26% ] 051/788 VUs  03m05.4s/12m0s  105.00 iters/s

running (03m06.4s), 046/788 VUs, 7650 complete and 0 interrupted iterations
openloop_oscillating   [  26% ] 046/788 VUs  03m06.4s/12m0s  105.00 iters/s

running (03m07.4s), 048/788 VUs, 7753 complete and 0 interrupted iterations
openloop_oscillating   [  26% ] 048/788 VUs  03m07.4s/12m0s  105.00 iters/s

running (03m08.4s), 047/788 VUs, 7859 complete and 0 interrupted iterations
openloop_oscillating   [  26% ] 047/788 VUs  03m08.4s/12m0s  105.00 iters/s

running (03m09.4s), 049/788 VUs, 7962 complete and 0 interrupted iterations
openloop_oscillating   [  26% ] 049/788 VUs  03m09.4s/12m0s  105.00 iters/s

running (03m10.4s), 048/788 VUs, 8068 complete and 0 interrupted iterations
openloop_oscillating   [  26% ] 048/788 VUs  03m10.4s/12m0s  105.00 iters/s

running (03m11.4s), 042/788 VUs, 8179 complete and 0 interrupted iterations
openloop_oscillating   [  27% ] 042/788 VUs  03m11.4s/12m0s  105.00 iters/s

running (03m12.4s), 050/788 VUs, 8276 complete and 0 interrupted iterations
openloop_oscillating   [  27% ] 050/788 VUs  03m12.4s/12m0s  105.00 iters/s

running (03m13.4s), 052/788 VUs, 8379 complete and 0 interrupted iterations
openloop_oscillating   [  27% ] 052/788 VUs  03m13.4s/12m0s  105.00 iters/s

running (03m14.4s), 051/788 VUs, 8485 complete and 0 interrupted iterations
openloop_oscillating   [  27% ] 051/788 VUs  03m14.4s/12m0s  105.00 iters/s

running (03m15.4s), 051/788 VUs, 8590 complete and 0 interrupted iterations
openloop_oscillating   [  27% ] 051/788 VUs  03m15.4s/12m0s  105.00 iters/s

running (03m16.4s), 050/788 VUs, 8696 complete and 0 interrupted iterations
openloop_oscillating   [  27% ] 050/788 VUs  03m16.4s/12m0s  105.00 iters/s

running (03m17.4s), 048/788 VUs, 8803 complete and 0 interrupted iterations
openloop_oscillating   [  27% ] 048/788 VUs  03m17.4s/12m0s  105.00 iters/s

running (03m18.4s), 054/788 VUs, 8902 complete and 0 interrupted iterations
openloop_oscillating   [  28% ] 054/788 VUs  03m18.4s/12m0s  105.00 iters/s

running (03m19.4s), 051/788 VUs, 9010 complete and 0 interrupted iterations
openloop_oscillating   [  28% ] 051/788 VUs  03m19.4s/12m0s  105.00 iters/s

running (03m20.4s), 048/788 VUs, 9118 complete and 0 interrupted iterations
openloop_oscillating   [  28% ] 048/788 VUs  03m20.4s/12m0s  105.00 iters/s

running (03m21.4s), 051/788 VUs, 9220 complete and 0 interrupted iterations
openloop_oscillating   [  28% ] 051/788 VUs  03m21.4s/12m0s  105.00 iters/s

running (03m22.4s), 048/788 VUs, 9328 complete and 0 interrupted iterations
openloop_oscillating   [  28% ] 048/788 VUs  03m22.4s/12m0s  105.00 iters/s

running (03m23.4s), 047/788 VUs, 9434 complete and 0 interrupted iterations
openloop_oscillating   [  28% ] 047/788 VUs  03m23.4s/12m0s  105.00 iters/s

running (03m24.4s), 047/788 VUs, 9539 complete and 0 interrupted iterations
openloop_oscillating   [  28% ] 047/788 VUs  03m24.4s/12m0s  105.00 iters/s

running (03m25.4s), 049/788 VUs, 9642 complete and 0 interrupted iterations
openloop_oscillating   [  29% ] 049/788 VUs  03m25.4s/12m0s  105.00 iters/s

running (03m26.4s), 049/788 VUs, 9747 complete and 0 interrupted iterations
openloop_oscillating   [  29% ] 049/788 VUs  03m26.4s/12m0s  105.00 iters/s

running (03m27.4s), 052/788 VUs, 9849 complete and 0 interrupted iterations
openloop_oscillating   [  29% ] 052/788 VUs  03m27.4s/12m0s  105.00 iters/s

running (03m28.4s), 048/788 VUs, 9958 complete and 0 interrupted iterations
openloop_oscillating   [  29% ] 048/788 VUs  03m28.4s/12m0s  105.00 iters/s

running (03m29.4s), 048/788 VUs, 10063 complete and 0 interrupted iterations
openloop_oscillating   [  29% ] 048/788 VUs  03m29.4s/12m0s  105.00 iters/s

running (03m30.4s), 050/788 VUs, 10165 complete and 0 interrupted iterations
openloop_oscillating   [  29% ] 050/788 VUs  03m30.4s/12m0s  101.27 iters/s

running (03m31.4s), 048/788 VUs, 10264 complete and 0 interrupted iterations
openloop_oscillating   [  29% ] 048/788 VUs  03m31.4s/12m0s  091.72 iters/s

running (03m32.4s), 046/788 VUs, 10353 complete and 0 interrupted iterations
openloop_oscillating   [  30% ] 046/788 VUs  03m32.4s/12m0s  082.22 iters/s

running (03m33.4s), 045/788 VUs, 10431 complete and 0 interrupted iterations
openloop_oscillating   [  30% ] 045/788 VUs  03m33.4s/12m0s  072.78 iters/s

running (03m34.4s), 045/788 VUs, 10499 complete and 0 interrupted iterations
openloop_oscillating   [  30% ] 045/788 VUs  03m34.4s/12m0s  063.28 iters/s

running (03m35.4s), 041/788 VUs, 10562 complete and 0 interrupted iterations
openloop_oscillating   [  30% ] 041/788 VUs  03m35.4s/12m0s  053.70 iters/s

running (03m36.4s), 044/788 VUs, 10608 complete and 0 interrupted iterations
openloop_oscillating   [  30% ] 044/788 VUs  03m36.4s/12m0s  044.19 iters/s

running (03m37.4s), 036/788 VUs, 10655 complete and 0 interrupted iterations
openloop_oscillating   [  30% ] 036/788 VUs  03m37.4s/12m0s  034.81 iters/s

running (03m38.4s), 021/788 VUs, 10700 complete and 0 interrupted iterations
openloop_oscillating   [  30% ] 021/788 VUs  03m38.4s/12m0s  025.33 iters/s

running (03m39.4s), 014/788 VUs, 10728 complete and 0 interrupted iterations
openloop_oscillating   [  30% ] 014/788 VUs  03m39.4s/12m0s  015.57 iters/s

running (03m40.4s), 008/788 VUs, 10745 complete and 0 interrupted iterations
openloop_oscillating   [  31% ] 008/788 VUs  03m40.4s/12m0s  010.00 iters/s

running (03m41.4s), 006/788 VUs, 10757 complete and 0 interrupted iterations
openloop_oscillating   [  31% ] 006/788 VUs  03m41.4s/12m0s  010.00 iters/s

running (03m42.4s), 006/788 VUs, 10767 complete and 0 interrupted iterations
openloop_oscillating   [  31% ] 006/788 VUs  03m42.4s/12m0s  010.00 iters/s

running (03m43.4s), 006/788 VUs, 10777 complete and 0 interrupted iterations
openloop_oscillating   [  31% ] 006/788 VUs  03m43.4s/12m0s  010.00 iters/s

running (03m44.4s), 007/788 VUs, 10786 complete and 0 interrupted iterations
openloop_oscillating   [  31% ] 007/788 VUs  03m44.4s/12m0s  010.00 iters/s

running (03m45.4s), 007/788 VUs, 10796 complete and 0 interrupted iterations
openloop_oscillating   [  31% ] 007/788 VUs  03m45.4s/12m0s  010.00 iters/s

running (03m46.4s), 006/788 VUs, 10807 complete and 0 interrupted iterations
openloop_oscillating   [  31% ] 006/788 VUs  03m46.4s/12m0s  010.00 iters/s

running (03m47.4s), 006/788 VUs, 10817 complete and 0 interrupted iterations
openloop_oscillating   [  32% ] 006/788 VUs  03m47.4s/12m0s  010.00 iters/s

running (03m48.4s), 006/788 VUs, 10827 complete and 0 interrupted iterations
openloop_oscillating   [  32% ] 006/788 VUs  03m48.4s/12m0s  010.00 iters/s

running (03m49.4s), 006/788 VUs, 10837 complete and 0 interrupted iterations
openloop_oscillating   [  32% ] 006/788 VUs  03m49.4s/12m0s  010.00 iters/s

running (03m50.4s), 008/788 VUs, 10845 complete and 0 interrupted iterations
openloop_oscillating   [  32% ] 008/788 VUs  03m50.4s/12m0s  010.00 iters/s

running (03m51.4s), 008/788 VUs, 10855 complete and 0 interrupted iterations
openloop_oscillating   [  32% ] 008/788 VUs  03m51.4s/12m0s  010.00 iters/s

running (03m52.4s), 006/788 VUs, 10867 complete and 0 interrupted iterations
openloop_oscillating   [  32% ] 006/788 VUs  03m52.4s/12m0s  010.00 iters/s

running (03m53.4s), 007/788 VUs, 10876 complete and 0 interrupted iterations
openloop_oscillating   [  32% ] 007/788 VUs  03m53.4s/12m0s  010.00 iters/s

running (03m54.4s), 008/788 VUs, 10885 complete and 0 interrupted iterations
openloop_oscillating   [  33% ] 008/788 VUs  03m54.4s/12m0s  010.00 iters/s

running (03m55.4s), 007/788 VUs, 10896 complete and 0 interrupted iterations
openloop_oscillating   [  33% ] 007/788 VUs  03m55.4s/12m0s  010.00 iters/s

running (03m56.4s), 007/788 VUs, 10906 complete and 0 interrupted iterations
openloop_oscillating   [  33% ] 007/788 VUs  03m56.4s/12m0s  010.00 iters/s

running (03m57.4s), 008/788 VUs, 10915 complete and 0 interrupted iterations
openloop_oscillating   [  33% ] 008/788 VUs  03m57.4s/12m0s  010.00 iters/s

running (03m58.4s), 006/788 VUs, 10927 complete and 0 interrupted iterations
openloop_oscillating   [  33% ] 006/788 VUs  03m58.4s/12m0s  010.00 iters/s

running (03m59.4s), 005/788 VUs, 10938 complete and 0 interrupted iterations
openloop_oscillating   [  33% ] 005/788 VUs  03m59.4s/12m0s  010.00 iters/s

running (04m00.4s), 007/788 VUs, 10946 complete and 0 interrupted iterations
openloop_oscillating   [  33% ] 007/788 VUs  04m00.4s/12m0s  010.00 iters/s

running (04m01.4s), 007/788 VUs, 10956 complete and 0 interrupted iterations
openloop_oscillating   [  34% ] 007/788 VUs  04m01.4s/12m0s  010.00 iters/s

running (04m02.4s), 006/788 VUs, 10967 complete and 0 interrupted iterations
openloop_oscillating   [  34% ] 006/788 VUs  04m02.4s/12m0s  010.00 iters/s

running (04m03.4s), 008/788 VUs, 10975 complete and 0 interrupted iterations
openloop_oscillating   [  34% ] 008/788 VUs  04m03.4s/12m0s  010.00 iters/s

running (04m04.4s), 006/788 VUs, 10987 complete and 0 interrupted iterations
openloop_oscillating   [  34% ] 006/788 VUs  04m04.4s/12m0s  010.00 iters/s

running (04m05.4s), 006/788 VUs, 10997 complete and 0 interrupted iterations
openloop_oscillating   [  34% ] 006/788 VUs  04m05.4s/12m0s  010.00 iters/s

running (04m06.4s), 006/788 VUs, 11007 complete and 0 interrupted iterations
openloop_oscillating   [  34% ] 006/788 VUs  04m06.4s/12m0s  010.00 iters/s

running (04m07.4s), 008/788 VUs, 11015 complete and 0 interrupted iterations
openloop_oscillating   [  34% ] 008/788 VUs  04m07.4s/12m0s  010.00 iters/s

running (04m08.4s), 008/788 VUs, 11025 complete and 0 interrupted iterations
openloop_oscillating   [  35% ] 008/788 VUs  04m08.4s/12m0s  010.00 iters/s

running (04m09.4s), 006/788 VUs, 11037 complete and 0 interrupted iterations
openloop_oscillating   [  35% ] 006/788 VUs  04m09.4s/12m0s  010.00 iters/s

running (04m10.4s), 007/788 VUs, 11046 complete and 0 interrupted iterations
openloop_oscillating   [  35% ] 007/788 VUs  04m10.4s/12m0s  010.00 iters/s

running (04m11.4s), 006/788 VUs, 11057 complete and 0 interrupted iterations
openloop_oscillating   [  35% ] 006/788 VUs  04m11.4s/12m0s  010.00 iters/s

running (04m12.4s), 006/788 VUs, 11067 complete and 0 interrupted iterations
openloop_oscillating   [  35% ] 006/788 VUs  04m12.4s/12m0s  010.00 iters/s

running (04m13.4s), 008/788 VUs, 11075 complete and 0 interrupted iterations
openloop_oscillating   [  35% ] 008/788 VUs  04m13.4s/12m0s  010.00 iters/s

running (04m14.4s), 008/788 VUs, 11085 complete and 0 interrupted iterations
openloop_oscillating   [  35% ] 008/788 VUs  04m14.4s/12m0s  010.00 iters/s

running (04m15.4s), 007/788 VUs, 11096 complete and 0 interrupted iterations
openloop_oscillating   [  35% ] 007/788 VUs  04m15.4s/12m0s  010.00 iters/s

running (04m16.4s), 006/788 VUs, 11107 complete and 0 interrupted iterations
openloop_oscillating   [  36% ] 006/788 VUs  04m16.4s/12m0s  010.00 iters/s

running (04m17.4s), 007/788 VUs, 11116 complete and 0 interrupted iterations
openloop_oscillating   [  36% ] 007/788 VUs  04m17.4s/12m0s  010.00 iters/s

running (04m18.4s), 006/788 VUs, 11127 complete and 0 interrupted iterations
openloop_oscillating   [  36% ] 006/788 VUs  04m18.4s/12m0s  010.00 iters/s

running (04m19.4s), 008/788 VUs, 11135 complete and 0 interrupted iterations
openloop_oscillating   [  36% ] 008/788 VUs  04m19.4s/12m0s  010.00 iters/s

running (04m20.4s), 007/788 VUs, 11146 complete and 0 interrupted iterations
openloop_oscillating   [  36% ] 007/788 VUs  04m20.4s/12m0s  010.00 iters/s

running (04m21.4s), 006/788 VUs, 11157 complete and 0 interrupted iterations
openloop_oscillating   [  36% ] 006/788 VUs  04m21.4s/12m0s  010.00 iters/s

running (04m22.4s), 006/788 VUs, 11167 complete and 0 interrupted iterations
openloop_oscillating   [  36% ] 006/788 VUs  04m22.4s/12m0s  010.00 iters/s

running (04m23.4s), 008/788 VUs, 11175 complete and 0 interrupted iterations
openloop_oscillating   [  37% ] 008/788 VUs  04m23.4s/12m0s  010.00 iters/s

running (04m24.4s), 006/788 VUs, 11187 complete and 0 interrupted iterations
openloop_oscillating   [  37% ] 006/788 VUs  04m24.4s/12m0s  010.00 iters/s

running (04m25.4s), 006/788 VUs, 11197 complete and 0 interrupted iterations
openloop_oscillating   [  37% ] 006/788 VUs  04m25.4s/12m0s  010.00 iters/s

running (04m26.4s), 006/788 VUs, 11207 complete and 0 interrupted iterations
openloop_oscillating   [  37% ] 006/788 VUs  04m26.4s/12m0s  010.00 iters/s

running (04m27.4s), 006/788 VUs, 11217 complete and 0 interrupted iterations
openloop_oscillating   [  37% ] 006/788 VUs  04m27.4s/12m0s  010.00 iters/s

running (04m28.4s), 007/788 VUs, 11226 complete and 0 interrupted iterations
openloop_oscillating   [  37% ] 007/788 VUs  04m28.4s/12m0s  010.00 iters/s

running (04m29.4s), 006/788 VUs, 11237 complete and 0 interrupted iterations
openloop_oscillating   [  37% ] 006/788 VUs  04m29.4s/12m0s  010.00 iters/s

running (04m30.4s), 007/788 VUs, 11246 complete and 0 interrupted iterations
openloop_oscillating   [  38% ] 007/788 VUs  04m30.4s/12m0s  010.00 iters/s

running (04m31.4s), 008/788 VUs, 11255 complete and 0 interrupted iterations
openloop_oscillating   [  38% ] 008/788 VUs  04m31.4s/12m0s  010.00 iters/s

running (04m32.4s), 007/788 VUs, 11266 complete and 0 interrupted iterations
openloop_oscillating   [  38% ] 007/788 VUs  04m32.4s/12m0s  010.00 iters/s

running (04m33.4s), 006/788 VUs, 11277 complete and 0 interrupted iterations
openloop_oscillating   [  38% ] 006/788 VUs  04m33.4s/12m0s  010.00 iters/s

running (04m34.4s), 007/788 VUs, 11286 complete and 0 interrupted iterations
openloop_oscillating   [  38% ] 007/788 VUs  04m34.4s/12m0s  010.00 iters/s

running (04m35.4s), 007/788 VUs, 11296 complete and 0 interrupted iterations
openloop_oscillating   [  38% ] 007/788 VUs  04m35.4s/12m0s  010.00 iters/s

running (04m36.4s), 007/788 VUs, 11306 complete and 0 interrupted iterations
openloop_oscillating   [  38% ] 007/788 VUs  04m36.4s/12m0s  010.00 iters/s

running (04m37.4s), 006/788 VUs, 11317 complete and 0 interrupted iterations
openloop_oscillating   [  39% ] 006/788 VUs  04m37.4s/12m0s  010.00 iters/s

running (04m38.4s), 005/788 VUs, 11328 complete and 0 interrupted iterations
openloop_oscillating   [  39% ] 005/788 VUs  04m38.4s/12m0s  010.00 iters/s

running (04m39.4s), 007/788 VUs, 11336 complete and 0 interrupted iterations
openloop_oscillating   [  39% ] 007/788 VUs  04m39.4s/12m0s  010.00 iters/s

running (04m40.4s), 007/788 VUs, 11346 complete and 0 interrupted iterations
openloop_oscillating   [  39% ] 007/788 VUs  04m40.4s/12m0s  010.00 iters/s

running (04m41.4s), 008/788 VUs, 11355 complete and 0 interrupted iterations
openloop_oscillating   [  39% ] 008/788 VUs  04m41.4s/12m0s  010.00 iters/s

running (04m42.4s), 007/788 VUs, 11366 complete and 0 interrupted iterations
openloop_oscillating   [  39% ] 007/788 VUs  04m42.4s/12m0s  010.00 iters/s

running (04m43.4s), 007/788 VUs, 11376 complete and 0 interrupted iterations
openloop_oscillating   [  39% ] 007/788 VUs  04m43.4s/12m0s  010.00 iters/s

running (04m44.4s), 006/788 VUs, 11387 complete and 0 interrupted iterations
openloop_oscillating   [  40% ] 006/788 VUs  04m44.4s/12m0s  010.00 iters/s

running (04m45.4s), 007/788 VUs, 11396 complete and 0 interrupted iterations
openloop_oscillating   [  40% ] 007/788 VUs  04m45.4s/12m0s  010.00 iters/s

running (04m46.4s), 007/788 VUs, 11406 complete and 0 interrupted iterations
openloop_oscillating   [  40% ] 007/788 VUs  04m46.4s/12m0s  010.00 iters/s

running (04m47.4s), 006/788 VUs, 11417 complete and 0 interrupted iterations
openloop_oscillating   [  40% ] 006/788 VUs  04m47.4s/12m0s  010.00 iters/s

running (04m48.4s), 008/788 VUs, 11425 complete and 0 interrupted iterations
openloop_oscillating   [  40% ] 008/788 VUs  04m48.4s/12m0s  010.00 iters/s

running (04m49.4s), 005/788 VUs, 11438 complete and 0 interrupted iterations
openloop_oscillating   [  40% ] 005/788 VUs  04m49.4s/12m0s  010.00 iters/s

running (04m50.4s), 008/788 VUs, 11445 complete and 0 interrupted iterations
openloop_oscillating   [  40% ] 008/788 VUs  04m50.4s/12m0s  010.00 iters/s

running (04m51.4s), 006/788 VUs, 11457 complete and 0 interrupted iterations
openloop_oscillating   [  40% ] 006/788 VUs  04m51.4s/12m0s  010.00 iters/s

running (04m52.4s), 006/788 VUs, 11467 complete and 0 interrupted iterations
openloop_oscillating   [  41% ] 006/788 VUs  04m52.4s/12m0s  010.00 iters/s

running (04m53.4s), 006/788 VUs, 11477 complete and 0 interrupted iterations
openloop_oscillating   [  41% ] 006/788 VUs  04m53.4s/12m0s  010.00 iters/s

running (04m54.4s), 007/788 VUs, 11486 complete and 0 interrupted iterations
openloop_oscillating   [  41% ] 007/788 VUs  04m54.4s/12m0s  010.00 iters/s

running (04m55.4s), 006/788 VUs, 11497 complete and 0 interrupted iterations
openloop_oscillating   [  41% ] 006/788 VUs  04m55.4s/12m0s  010.00 iters/s

running (04m56.4s), 007/788 VUs, 11506 complete and 0 interrupted iterations
openloop_oscillating   [  41% ] 007/788 VUs  04m56.4s/12m0s  010.00 iters/s

running (04m57.4s), 007/788 VUs, 11516 complete and 0 interrupted iterations
openloop_oscillating   [  41% ] 007/788 VUs  04m57.4s/12m0s  010.00 iters/s

running (04m58.4s), 007/788 VUs, 11526 complete and 0 interrupted iterations
openloop_oscillating   [  41% ] 007/788 VUs  04m58.4s/12m0s  010.00 iters/s

running (04m59.4s), 007/788 VUs, 11536 complete and 0 interrupted iterations
openloop_oscillating   [  42% ] 007/788 VUs  04m59.4s/12m0s  010.00 iters/s

running (05m00.4s), 007/788 VUs, 11547 complete and 0 interrupted iterations
openloop_oscillating   [  42% ] 007/788 VUs  05m00.4s/12m0s  013.62 iters/s

running (05m01.4s), 016/788 VUs, 11557 complete and 0 interrupted iterations
openloop_oscillating   [  42% ] 016/788 VUs  05m01.4s/12m0s  023.38 iters/s

running (05m02.4s), 019/788 VUs, 11582 complete and 0 interrupted iterations
openloop_oscillating   [  42% ] 019/788 VUs  05m02.4s/12m0s  032.84 iters/s

running (05m03.4s), 026/788 VUs, 11612 complete and 0 interrupted iterations
openloop_oscillating   [  42% ] 026/788 VUs  05m03.4s/12m0s  042.21 iters/s

running (05m04.4s), 037/788 VUs, 11648 complete and 0 interrupted iterations
openloop_oscillating   [  42% ] 037/788 VUs  05m04.4s/12m0s  051.72 iters/s

running (05m05.4s), 040/788 VUs, 11702 complete and 0 interrupted iterations
openloop_oscillating   [  42% ] 040/788 VUs  05m05.4s/12m0s  061.30 iters/s

running (05m06.4s), 047/788 VUs, 11761 complete and 0 interrupted iterations
openloop_oscillating   [  43% ] 047/788 VUs  05m06.4s/12m0s  070.79 iters/s

running (05m07.4s), 050/788 VUs, 11833 complete and 0 interrupted iterations
openloop_oscillating   [  43% ] 050/788 VUs  05m07.4s/12m0s  080.23 iters/s

running (05m08.4s), 049/788 VUs, 11919 complete and 0 interrupted iterations
openloop_oscillating   [  43% ] 049/788 VUs  05m08.4s/12m0s  089.73 iters/s

running (05m09.4s), 048/788 VUs, 12015 complete and 0 interrupted iterations
openloop_oscillating   [  43% ] 048/788 VUs  05m09.4s/12m0s  099.28 iters/s

running (05m10.4s), 048/788 VUs, 12118 complete and 0 interrupted iterations
openloop_oscillating   [  43% ] 048/788 VUs  05m10.4s/12m0s  105.00 iters/s

running (05m11.4s), 051/788 VUs, 12220 complete and 0 interrupted iterations
openloop_oscillating   [  43% ] 051/788 VUs  05m11.4s/12m0s  105.00 iters/s

running (05m12.4s), 048/788 VUs, 12328 complete and 0 interrupted iterations
openloop_oscillating   [  43% ] 048/788 VUs  05m12.4s/12m0s  105.00 iters/s

running (05m13.4s), 047/788 VUs, 12434 complete and 0 interrupted iterations
openloop_oscillating   [  44% ] 047/788 VUs  05m13.4s/12m0s  105.00 iters/s

running (05m14.4s), 049/788 VUs, 12537 complete and 0 interrupted iterations
openloop_oscillating   [  44% ] 049/788 VUs  05m14.4s/12m0s  105.00 iters/s

running (05m15.4s), 052/788 VUs, 12639 complete and 0 interrupted iterations
openloop_oscillating   [  44% ] 052/788 VUs  05m15.4s/12m0s  105.00 iters/s

running (05m16.4s), 058/788 VUs, 12738 complete and 0 interrupted iterations
openloop_oscillating   [  44% ] 058/788 VUs  05m16.4s/12m0s  105.00 iters/s

running (05m17.4s), 045/788 VUs, 12856 complete and 0 interrupted iterations
openloop_oscillating   [  44% ] 045/788 VUs  05m17.4s/12m0s  105.00 iters/s

running (05m18.4s), 051/788 VUs, 12955 complete and 0 interrupted iterations
openloop_oscillating   [  44% ] 051/788 VUs  05m18.4s/12m0s  105.00 iters/s

running (05m19.4s), 047/788 VUs, 13064 complete and 0 interrupted iterations
openloop_oscillating   [  44% ] 047/788 VUs  05m19.4s/12m0s  105.00 iters/s

running (05m20.4s), 050/788 VUs, 13166 complete and 0 interrupted iterations
openloop_oscillating   [  45% ] 050/788 VUs  05m20.4s/12m0s  105.00 iters/s

running (05m21.4s), 047/788 VUs, 13274 complete and 0 interrupted iterations
openloop_oscillating   [  45% ] 047/788 VUs  05m21.4s/12m0s  105.00 iters/s

running (05m22.4s), 048/788 VUs, 13378 complete and 0 interrupted iterations
openloop_oscillating   [  45% ] 048/788 VUs  05m22.4s/12m0s  105.00 iters/s

running (05m23.4s), 049/788 VUs, 13482 complete and 0 interrupted iterations
openloop_oscillating   [  45% ] 049/788 VUs  05m23.4s/12m0s  105.00 iters/s

running (05m24.4s), 049/788 VUs, 13587 complete and 0 interrupted iterations
openloop_oscillating   [  45% ] 049/788 VUs  05m24.4s/12m0s  105.00 iters/s

running (05m25.4s), 051/788 VUs, 13690 complete and 0 interrupted iterations
openloop_oscillating   [  45% ] 051/788 VUs  05m25.4s/12m0s  105.00 iters/s

running (05m26.4s), 050/788 VUs, 13796 complete and 0 interrupted iterations
openloop_oscillating   [  45% ] 050/788 VUs  05m26.4s/12m0s  105.00 iters/s

running (05m27.4s), 049/788 VUs, 13902 complete and 0 interrupted iterations
openloop_oscillating   [  45% ] 049/788 VUs  05m27.4s/12m0s  105.00 iters/s

running (05m28.4s), 048/788 VUs, 14008 complete and 0 interrupted iterations
openloop_oscillating   [  46% ] 048/788 VUs  05m28.4s/12m0s  105.00 iters/s

running (05m29.4s), 051/788 VUs, 14110 complete and 0 interrupted iterations
openloop_oscillating   [  46% ] 051/788 VUs  05m29.4s/12m0s  105.00 iters/s

running (05m30.4s), 046/788 VUs, 14220 complete and 0 interrupted iterations
openloop_oscillating   [  46% ] 046/788 VUs  05m30.4s/12m0s  105.00 iters/s

running (05m31.4s), 045/788 VUs, 14326 complete and 0 interrupted iterations
openloop_oscillating   [  46% ] 045/788 VUs  05m31.4s/12m0s  105.00 iters/s

running (05m32.4s), 052/788 VUs, 14424 complete and 0 interrupted iterations
openloop_oscillating   [  46% ] 052/788 VUs  05m32.4s/12m0s  105.00 iters/s

running (05m33.4s), 049/788 VUs, 14532 complete and 0 interrupted iterations
openloop_oscillating   [  46% ] 049/788 VUs  05m33.4s/12m0s  105.00 iters/s

running (05m34.4s), 048/788 VUs, 14638 complete and 0 interrupted iterations
openloop_oscillating   [  46% ] 048/788 VUs  05m34.4s/12m0s  105.00 iters/s

running (05m35.4s), 049/788 VUs, 14742 complete and 0 interrupted iterations
openloop_oscillating   [  47% ] 049/788 VUs  05m35.4s/12m0s  105.00 iters/s

running (05m36.4s), 050/788 VUs, 14846 complete and 0 interrupted iterations
openloop_oscillating   [  47% ] 050/788 VUs  05m36.4s/12m0s  105.00 iters/s

running (05m37.4s), 049/788 VUs, 14952 complete and 0 interrupted iterations
openloop_oscillating   [  47% ] 049/788 VUs  05m37.4s/12m0s  105.00 iters/s

running (05m38.4s), 044/788 VUs, 15062 complete and 0 interrupted iterations
openloop_oscillating   [  47% ] 044/788 VUs  05m38.4s/12m0s  105.00 iters/s

running (05m39.4s), 048/788 VUs, 15163 complete and 0 interrupted iterations
openloop_oscillating   [  47% ] 048/788 VUs  05m39.4s/12m0s  105.00 iters/s

running (05m40.4s), 051/788 VUs, 15265 complete and 0 interrupted iterations
openloop_oscillating   [  47% ] 051/788 VUs  05m40.4s/12m0s  105.00 iters/s

running (05m41.4s), 048/788 VUs, 15373 complete and 0 interrupted iterations
openloop_oscillating   [  47% ] 048/788 VUs  05m41.4s/12m0s  105.00 iters/s

running (05m42.4s), 051/788 VUs, 15475 complete and 0 interrupted iterations
openloop_oscillating   [  48% ] 051/788 VUs  05m42.4s/12m0s  105.00 iters/s

running (05m43.4s), 048/788 VUs, 15583 complete and 0 interrupted iterations
openloop_oscillating   [  48% ] 048/788 VUs  05m43.4s/12m0s  105.00 iters/s

running (05m44.4s), 050/788 VUs, 15686 complete and 0 interrupted iterations
openloop_oscillating   [  48% ] 050/788 VUs  05m44.4s/12m0s  105.00 iters/s

running (05m45.4s), 049/788 VUs, 15792 complete and 0 interrupted iterations
openloop_oscillating   [  48% ] 049/788 VUs  05m45.4s/12m0s  105.00 iters/s

running (05m46.4s), 048/788 VUs, 15898 complete and 0 interrupted iterations
openloop_oscillating   [  48% ] 048/788 VUs  05m46.4s/12m0s  105.00 iters/s

running (05m47.4s), 048/788 VUs, 16003 complete and 0 interrupted iterations
openloop_oscillating   [  48% ] 048/788 VUs  05m47.4s/12m0s  105.00 iters/s

running (05m48.4s), 050/788 VUs, 16106 complete and 0 interrupted iterations
openloop_oscillating   [  48% ] 050/788 VUs  05m48.4s/12m0s  105.00 iters/s

running (05m49.4s), 048/788 VUs, 16213 complete and 0 interrupted iterations
openloop_oscillating   [  49% ] 048/788 VUs  05m49.4s/12m0s  105.00 iters/s

running (05m50.4s), 049/788 VUs, 16317 complete and 0 interrupted iterations
openloop_oscillating   [  49% ] 049/788 VUs  05m50.4s/12m0s  105.00 iters/s

running (05m51.4s), 052/788 VUs, 16419 complete and 0 interrupted iterations
openloop_oscillating   [  49% ] 052/788 VUs  05m51.4s/12m0s  105.00 iters/s

running (05m52.4s), 048/788 VUs, 16528 complete and 0 interrupted iterations
openloop_oscillating   [  49% ] 048/788 VUs  05m52.4s/12m0s  105.00 iters/s

running (05m53.4s), 051/788 VUs, 16630 complete and 0 interrupted iterations
openloop_oscillating   [  49% ] 051/788 VUs  05m53.4s/12m0s  105.00 iters/s

running (05m54.4s), 050/788 VUs, 16736 complete and 0 interrupted iterations
openloop_oscillating   [  49% ] 050/788 VUs  05m54.4s/12m0s  105.00 iters/s

running (05m55.4s), 059/788 VUs, 16832 complete and 0 interrupted iterations
openloop_oscillating   [  49% ] 059/788 VUs  05m55.4s/12m0s  105.00 iters/s

running (05m56.4s), 050/788 VUs, 16946 complete and 0 interrupted iterations
openloop_oscillating   [  50% ] 050/788 VUs  05m56.4s/12m0s  105.00 iters/s

running (05m57.4s), 048/788 VUs, 17053 complete and 0 interrupted iterations
openloop_oscillating   [  50% ] 048/788 VUs  05m57.4s/12m0s  105.00 iters/s

running (05m58.4s), 050/788 VUs, 17156 complete and 0 interrupted iterations
openloop_oscillating   [  50% ] 050/788 VUs  05m58.4s/12m0s  105.00 iters/s

running (05m59.4s), 051/788 VUs, 17260 complete and 0 interrupted iterations
openloop_oscillating   [  50% ] 051/788 VUs  05m59.4s/12m0s  105.00 iters/s

running (06m00.4s), 049/788 VUs, 17367 complete and 0 interrupted iterations
openloop_oscillating   [  50% ] 049/788 VUs  06m00.4s/12m0s  105.00 iters/s

running (06m01.4s), 050/788 VUs, 17471 complete and 0 interrupted iterations
openloop_oscillating   [  50% ] 050/788 VUs  06m01.4s/12m0s  105.00 iters/s

running (06m02.4s), 046/788 VUs, 17580 complete and 0 interrupted iterations
openloop_oscillating   [  50% ] 046/788 VUs  06m02.4s/12m0s  105.00 iters/s

running (06m03.4s), 048/788 VUs, 17683 complete and 0 interrupted iterations
openloop_oscillating   [  50% ] 048/788 VUs  06m03.4s/12m0s  105.00 iters/s

running (06m04.4s), 049/788 VUs, 17787 complete and 0 interrupted iterations
openloop_oscillating   [  51% ] 049/788 VUs  06m04.4s/12m0s  105.00 iters/s

running (06m05.4s), 049/788 VUs, 17892 complete and 0 interrupted iterations
openloop_oscillating   [  51% ] 049/788 VUs  06m05.4s/12m0s  105.00 iters/s

running (06m06.4s), 051/788 VUs, 17995 complete and 0 interrupted iterations
openloop_oscillating   [  51% ] 051/788 VUs  06m06.4s/12m0s  105.00 iters/s

running (06m07.4s), 049/788 VUs, 18102 complete and 0 interrupted iterations
openloop_oscillating   [  51% ] 049/788 VUs  06m07.4s/12m0s  105.00 iters/s

running (06m08.4s), 051/788 VUs, 18205 complete and 0 interrupted iterations
openloop_oscillating   [  51% ] 051/788 VUs  06m08.4s/12m0s  105.00 iters/s

running (06m09.4s), 049/788 VUs, 18312 complete and 0 interrupted iterations
openloop_oscillating   [  51% ] 049/788 VUs  06m09.4s/12m0s  105.00 iters/s

running (06m10.4s), 051/788 VUs, 18415 complete and 0 interrupted iterations
openloop_oscillating   [  51% ] 051/788 VUs  06m10.4s/12m0s  105.00 iters/s

running (06m11.4s), 047/788 VUs, 18524 complete and 0 interrupted iterations
openloop_oscillating   [  52% ] 047/788 VUs  06m11.4s/12m0s  105.00 iters/s

running (06m12.4s), 049/788 VUs, 18627 complete and 0 interrupted iterations
openloop_oscillating   [  52% ] 049/788 VUs  06m12.4s/12m0s  105.00 iters/s

running (06m13.4s), 044/788 VUs, 18737 complete and 0 interrupted iterations
openloop_oscillating   [  52% ] 044/788 VUs  06m13.4s/12m0s  105.00 iters/s

running (06m14.4s), 047/788 VUs, 18839 complete and 0 interrupted iterations
openloop_oscillating   [  52% ] 047/788 VUs  06m14.4s/12m0s  105.00 iters/s

running (06m15.4s), 051/788 VUs, 18940 complete and 0 interrupted iterations
openloop_oscillating   [  52% ] 051/788 VUs  06m15.4s/12m0s  105.00 iters/s

running (06m16.4s), 049/788 VUs, 19047 complete and 0 interrupted iterations
openloop_oscillating   [  52% ] 049/788 VUs  06m16.4s/12m0s  105.00 iters/s

running (06m17.4s), 043/788 VUs, 19158 complete and 0 interrupted iterations
openloop_oscillating   [  52% ] 043/788 VUs  06m17.4s/12m0s  105.00 iters/s

running (06m18.4s), 049/788 VUs, 19257 complete and 0 interrupted iterations
openloop_oscillating   [  53% ] 049/788 VUs  06m18.4s/12m0s  105.00 iters/s

running (06m19.4s), 050/788 VUs, 19361 complete and 0 interrupted iterations
openloop_oscillating   [  53% ] 050/788 VUs  06m19.4s/12m0s  105.00 iters/s

running (06m20.4s), 050/788 VUs, 19466 complete and 0 interrupted iterations
openloop_oscillating   [  53% ] 050/788 VUs  06m20.4s/12m0s  105.00 iters/s

running (06m21.4s), 047/788 VUs, 19574 complete and 0 interrupted iterations
openloop_oscillating   [  53% ] 047/788 VUs  06m21.4s/12m0s  105.00 iters/s

running (06m22.4s), 052/788 VUs, 19674 complete and 0 interrupted iterations
openloop_oscillating   [  53% ] 052/788 VUs  06m22.4s/12m0s  105.00 iters/s

running (06m23.4s), 049/788 VUs, 19782 complete and 0 interrupted iterations
openloop_oscillating   [  53% ] 049/788 VUs  06m23.4s/12m0s  105.00 iters/s

running (06m24.4s), 048/788 VUs, 19888 complete and 0 interrupted iterations
openloop_oscillating   [  53% ] 048/788 VUs  06m24.4s/12m0s  105.00 iters/s

running (06m25.4s), 051/788 VUs, 19990 complete and 0 interrupted iterations
openloop_oscillating   [  54% ] 051/788 VUs  06m25.4s/12m0s  105.00 iters/s

running (06m26.4s), 051/788 VUs, 20095 complete and 0 interrupted iterations
openloop_oscillating   [  54% ] 051/788 VUs  06m26.4s/12m0s  105.00 iters/s

running (06m27.4s), 051/788 VUs, 20200 complete and 0 interrupted iterations
openloop_oscillating   [  54% ] 051/788 VUs  06m27.4s/12m0s  105.00 iters/s

running (06m28.4s), 047/788 VUs, 20309 complete and 0 interrupted iterations
openloop_oscillating   [  54% ] 047/788 VUs  06m28.4s/12m0s  105.00 iters/s

running (06m29.4s), 050/788 VUs, 20411 complete and 0 interrupted iterations
openloop_oscillating   [  54% ] 050/788 VUs  06m29.4s/12m0s  105.00 iters/s

running (06m30.4s), 045/788 VUs, 20520 complete and 0 interrupted iterations
openloop_oscillating   [  54% ] 045/788 VUs  06m30.4s/12m0s  101.27 iters/s

running (06m31.4s), 045/788 VUs, 20617 complete and 0 interrupted iterations
openloop_oscillating   [  54% ] 045/788 VUs  06m31.4s/12m0s  091.72 iters/s

running (06m32.4s), 044/788 VUs, 20705 complete and 0 interrupted iterations
openloop_oscillating   [  55% ] 044/788 VUs  06m32.4s/12m0s  082.22 iters/s

running (06m33.4s), 049/788 VUs, 20777 complete and 0 interrupted iterations
openloop_oscillating   [  55% ] 049/788 VUs  06m33.4s/12m0s  072.78 iters/s

running (06m34.4s), 048/788 VUs, 20846 complete and 0 interrupted iterations
openloop_oscillating   [  55% ] 048/788 VUs  06m34.4s/12m0s  063.28 iters/s

running (06m35.4s), 046/788 VUs, 20907 complete and 0 interrupted iterations
openloop_oscillating   [  55% ] 046/788 VUs  06m35.4s/12m0s  053.70 iters/s

running (06m36.4s), 043/788 VUs, 20959 complete and 0 interrupted iterations
openloop_oscillating   [  55% ] 043/788 VUs  06m36.4s/12m0s  044.19 iters/s

running (06m37.4s), 032/788 VUs, 21009 complete and 0 interrupted iterations
openloop_oscillating   [  55% ] 032/788 VUs  06m37.4s/12m0s  034.81 iters/s

running (06m38.4s), 020/788 VUs, 21051 complete and 0 interrupted iterations
openloop_oscillating   [  55% ] 020/788 VUs  06m38.4s/12m0s  025.33 iters/s

running (06m39.4s), 012/788 VUs, 21080 complete and 0 interrupted iterations
openloop_oscillating   [  55% ] 012/788 VUs  06m39.4s/12m0s  015.57 iters/s

running (06m40.4s), 008/788 VUs, 21095 complete and 0 interrupted iterations
openloop_oscillating   [  56% ] 008/788 VUs  06m40.4s/12m0s  010.00 iters/s

running (06m41.4s), 006/788 VUs, 21107 complete and 0 interrupted iterations
openloop_oscillating   [  56% ] 006/788 VUs  06m41.4s/12m0s  010.00 iters/s

running (06m42.4s), 006/788 VUs, 21117 complete and 0 interrupted iterations
openloop_oscillating   [  56% ] 006/788 VUs  06m42.4s/12m0s  010.00 iters/s

running (06m43.4s), 008/788 VUs, 21125 complete and 0 interrupted iterations
openloop_oscillating   [  56% ] 008/788 VUs  06m43.4s/12m0s  010.00 iters/s

running (06m44.4s), 008/788 VUs, 21135 complete and 0 interrupted iterations
openloop_oscillating   [  56% ] 008/788 VUs  06m44.4s/12m0s  010.00 iters/s

running (06m45.4s), 007/788 VUs, 21146 complete and 0 interrupted iterations
openloop_oscillating   [  56% ] 007/788 VUs  06m45.4s/12m0s  010.00 iters/s

running (06m46.4s), 006/788 VUs, 21157 complete and 0 interrupted iterations
openloop_oscillating   [  56% ] 006/788 VUs  06m46.4s/12m0s  010.00 iters/s

running (06m47.4s), 007/788 VUs, 21166 complete and 0 interrupted iterations
openloop_oscillating   [  57% ] 007/788 VUs  06m47.4s/12m0s  010.00 iters/s

running (06m48.4s), 006/788 VUs, 21177 complete and 0 interrupted iterations
openloop_oscillating   [  57% ] 006/788 VUs  06m48.4s/12m0s  010.00 iters/s

running (06m49.4s), 007/788 VUs, 21186 complete and 0 interrupted iterations
openloop_oscillating   [  57% ] 007/788 VUs  06m49.4s/12m0s  010.00 iters/s

running (06m50.4s), 007/788 VUs, 21196 complete and 0 interrupted iterations
openloop_oscillating   [  57% ] 007/788 VUs  06m50.4s/12m0s  010.00 iters/s

running (06m51.4s), 007/788 VUs, 21206 complete and 0 interrupted iterations
openloop_oscillating   [  57% ] 007/788 VUs  06m51.4s/12m0s  010.00 iters/s

running (06m52.4s), 008/788 VUs, 21215 complete and 0 interrupted iterations
openloop_oscillating   [  57% ] 008/788 VUs  06m52.4s/12m0s  010.00 iters/s

running (06m53.4s), 006/788 VUs, 21227 complete and 0 interrupted iterations
openloop_oscillating   [  57% ] 006/788 VUs  06m53.4s/12m0s  010.00 iters/s

running (06m54.4s), 007/788 VUs, 21236 complete and 0 interrupted iterations
openloop_oscillating   [  58% ] 007/788 VUs  06m54.4s/12m0s  010.00 iters/s

running (06m55.4s), 008/788 VUs, 21245 complete and 0 interrupted iterations
openloop_oscillating   [  58% ] 008/788 VUs  06m55.4s/12m0s  010.00 iters/s

running (06m56.4s), 005/788 VUs, 21258 complete and 0 interrupted iterations
openloop_oscillating   [  58% ] 005/788 VUs  06m56.4s/12m0s  010.00 iters/s

running (06m57.4s), 007/788 VUs, 21266 complete and 0 interrupted iterations
openloop_oscillating   [  58% ] 007/788 VUs  06m57.4s/12m0s  010.00 iters/s

running (06m58.4s), 006/788 VUs, 21277 complete and 0 interrupted iterations
openloop_oscillating   [  58% ] 006/788 VUs  06m58.4s/12m0s  010.00 iters/s

running (06m59.4s), 007/788 VUs, 21286 complete and 0 interrupted iterations
openloop_oscillating   [  58% ] 007/788 VUs  06m59.4s/12m0s  010.00 iters/s

running (07m00.4s), 007/788 VUs, 21296 complete and 0 interrupted iterations
openloop_oscillating   [  58% ] 007/788 VUs  07m00.4s/12m0s  010.00 iters/s

running (07m01.4s), 006/788 VUs, 21307 complete and 0 interrupted iterations
openloop_oscillating   [  59% ] 006/788 VUs  07m01.4s/12m0s  010.00 iters/s

running (07m02.4s), 006/788 VUs, 21317 complete and 0 interrupted iterations
openloop_oscillating   [  59% ] 006/788 VUs  07m02.4s/12m0s  010.00 iters/s

running (07m03.4s), 006/788 VUs, 21327 complete and 0 interrupted iterations
openloop_oscillating   [  59% ] 006/788 VUs  07m03.4s/12m0s  010.00 iters/s

running (07m04.4s), 007/788 VUs, 21336 complete and 0 interrupted iterations
openloop_oscillating   [  59% ] 007/788 VUs  07m04.4s/12m0s  010.00 iters/s

running (07m05.4s), 008/788 VUs, 21345 complete and 0 interrupted iterations
openloop_oscillating   [  59% ] 008/788 VUs  07m05.4s/12m0s  010.00 iters/s

running (07m06.4s), 007/788 VUs, 21356 complete and 0 interrupted iterations
openloop_oscillating   [  59% ] 007/788 VUs  07m06.4s/12m0s  010.00 iters/s

running (07m07.4s), 007/788 VUs, 21366 complete and 0 interrupted iterations
openloop_oscillating   [  59% ] 007/788 VUs  07m07.4s/12m0s  010.00 iters/s

running (07m08.4s), 007/788 VUs, 21376 complete and 0 interrupted iterations
openloop_oscillating   [  60% ] 007/788 VUs  07m08.4s/12m0s  010.00 iters/s

running (07m09.4s), 006/788 VUs, 21387 complete and 0 interrupted iterations
openloop_oscillating   [  60% ] 006/788 VUs  07m09.4s/12m0s  010.00 iters/s

running (07m10.4s), 008/788 VUs, 21395 complete and 0 interrupted iterations
openloop_oscillating   [  60% ] 008/788 VUs  07m10.4s/12m0s  010.00 iters/s

running (07m11.4s), 006/788 VUs, 21407 complete and 0 interrupted iterations
openloop_oscillating   [  60% ] 006/788 VUs  07m11.4s/12m0s  010.00 iters/s

running (07m12.4s), 007/788 VUs, 21416 complete and 0 interrupted iterations
openloop_oscillating   [  60% ] 007/788 VUs  07m12.4s/12m0s  010.00 iters/s

running (07m13.4s), 006/788 VUs, 21427 complete and 0 interrupted iterations
openloop_oscillating   [  60% ] 006/788 VUs  07m13.4s/12m0s  010.00 iters/s

running (07m14.4s), 006/788 VUs, 21437 complete and 0 interrupted iterations
openloop_oscillating   [  60% ] 006/788 VUs  07m14.4s/12m0s  010.00 iters/s

running (07m15.4s), 006/788 VUs, 21447 complete and 0 interrupted iterations
openloop_oscillating   [  60% ] 006/788 VUs  07m15.4s/12m0s  010.00 iters/s

running (07m16.4s), 006/788 VUs, 21457 complete and 0 interrupted iterations
openloop_oscillating   [  61% ] 006/788 VUs  07m16.4s/12m0s  010.00 iters/s

running (07m17.4s), 008/788 VUs, 21465 complete and 0 interrupted iterations
openloop_oscillating   [  61% ] 008/788 VUs  07m17.4s/12m0s  010.00 iters/s

running (07m18.4s), 007/788 VUs, 21476 complete and 0 interrupted iterations
openloop_oscillating   [  61% ] 007/788 VUs  07m18.4s/12m0s  010.00 iters/s

running (07m19.4s), 008/788 VUs, 21485 complete and 0 interrupted iterations
openloop_oscillating   [  61% ] 008/788 VUs  07m19.4s/12m0s  010.00 iters/s

running (07m20.4s), 007/788 VUs, 21496 complete and 0 interrupted iterations
openloop_oscillating   [  61% ] 007/788 VUs  07m20.4s/12m0s  010.00 iters/s

running (07m21.4s), 006/788 VUs, 21507 complete and 0 interrupted iterations
openloop_oscillating   [  61% ] 006/788 VUs  07m21.4s/12m0s  010.00 iters/s

running (07m22.4s), 007/788 VUs, 21516 complete and 0 interrupted iterations
openloop_oscillating   [  61% ] 007/788 VUs  07m22.4s/12m0s  010.00 iters/s

running (07m23.4s), 007/788 VUs, 21526 complete and 0 interrupted iterations
openloop_oscillating   [  62% ] 007/788 VUs  07m23.4s/12m0s  010.00 iters/s

running (07m24.4s), 005/788 VUs, 21538 complete and 0 interrupted iterations
openloop_oscillating   [  62% ] 005/788 VUs  07m24.4s/12m0s  010.00 iters/s

running (07m25.4s), 006/788 VUs, 21547 complete and 0 interrupted iterations
openloop_oscillating   [  62% ] 006/788 VUs  07m25.4s/12m0s  010.00 iters/s

running (07m26.4s), 006/788 VUs, 21557 complete and 0 interrupted iterations
openloop_oscillating   [  62% ] 006/788 VUs  07m26.4s/12m0s  010.00 iters/s

running (07m27.4s), 007/788 VUs, 21566 complete and 0 interrupted iterations
openloop_oscillating   [  62% ] 007/788 VUs  07m27.4s/12m0s  010.00 iters/s

running (07m28.4s), 007/788 VUs, 21576 complete and 0 interrupted iterations
openloop_oscillating   [  62% ] 007/788 VUs  07m28.4s/12m0s  010.00 iters/s

running (07m29.4s), 007/788 VUs, 21586 complete and 0 interrupted iterations
openloop_oscillating   [  62% ] 007/788 VUs  07m29.4s/12m0s  010.00 iters/s

running (07m30.4s), 008/788 VUs, 21595 complete and 0 interrupted iterations
openloop_oscillating   [  63% ] 008/788 VUs  07m30.4s/12m0s  010.00 iters/s

running (07m31.4s), 007/788 VUs, 21606 complete and 0 interrupted iterations
openloop_oscillating   [  63% ] 007/788 VUs  07m31.4s/12m0s  010.00 iters/s

running (07m32.4s), 006/788 VUs, 21617 complete and 0 interrupted iterations
openloop_oscillating   [  63% ] 006/788 VUs  07m32.4s/12m0s  010.00 iters/s

running (07m33.4s), 006/788 VUs, 21627 complete and 0 interrupted iterations
openloop_oscillating   [  63% ] 006/788 VUs  07m33.4s/12m0s  010.00 iters/s

running (07m34.4s), 007/788 VUs, 21636 complete and 0 interrupted iterations
openloop_oscillating   [  63% ] 007/788 VUs  07m34.4s/12m0s  010.00 iters/s

running (07m35.4s), 007/788 VUs, 21646 complete and 0 interrupted iterations
openloop_oscillating   [  63% ] 007/788 VUs  07m35.4s/12m0s  010.00 iters/s

running (07m36.4s), 007/788 VUs, 21656 complete and 0 interrupted iterations
openloop_oscillating   [  63% ] 007/788 VUs  07m36.4s/12m0s  010.00 iters/s

running (07m37.4s), 005/788 VUs, 21668 complete and 0 interrupted iterations
openloop_oscillating   [  64% ] 005/788 VUs  07m37.4s/12m0s  010.00 iters/s

running (07m38.4s), 007/788 VUs, 21676 complete and 0 interrupted iterations
openloop_oscillating   [  64% ] 007/788 VUs  07m38.4s/12m0s  010.00 iters/s

running (07m39.4s), 008/788 VUs, 21685 complete and 0 interrupted iterations
openloop_oscillating   [  64% ] 008/788 VUs  07m39.4s/12m0s  010.00 iters/s

running (07m40.4s), 008/788 VUs, 21695 complete and 0 interrupted iterations
openloop_oscillating   [  64% ] 008/788 VUs  07m40.4s/12m0s  010.00 iters/s

running (07m41.4s), 006/788 VUs, 21707 complete and 0 interrupted iterations
openloop_oscillating   [  64% ] 006/788 VUs  07m41.4s/12m0s  010.00 iters/s

running (07m42.4s), 008/788 VUs, 21715 complete and 0 interrupted iterations
openloop_oscillating   [  64% ] 008/788 VUs  07m42.4s/12m0s  010.00 iters/s

running (07m43.4s), 006/788 VUs, 21727 complete and 0 interrupted iterations
openloop_oscillating   [  64% ] 006/788 VUs  07m43.4s/12m0s  010.00 iters/s

running (07m44.4s), 007/788 VUs, 21736 complete and 0 interrupted iterations
openloop_oscillating   [  65% ] 007/788 VUs  07m44.4s/12m0s  010.00 iters/s

running (07m45.4s), 007/788 VUs, 21746 complete and 0 interrupted iterations
openloop_oscillating   [  65% ] 007/788 VUs  07m45.4s/12m0s  010.00 iters/s

running (07m46.4s), 008/788 VUs, 21755 complete and 0 interrupted iterations
openloop_oscillating   [  65% ] 008/788 VUs  07m46.4s/12m0s  010.00 iters/s

running (07m47.4s), 006/788 VUs, 21767 complete and 0 interrupted iterations
openloop_oscillating   [  65% ] 006/788 VUs  07m47.4s/12m0s  010.00 iters/s

running (07m48.4s), 007/788 VUs, 21776 complete and 0 interrupted iterations
openloop_oscillating   [  65% ] 007/788 VUs  07m48.4s/12m0s  010.00 iters/s

running (07m49.4s), 006/788 VUs, 21787 complete and 0 interrupted iterations
openloop_oscillating   [  65% ] 006/788 VUs  07m49.4s/12m0s  010.00 iters/s

running (07m50.4s), 006/788 VUs, 21797 complete and 0 interrupted iterations
openloop_oscillating   [  65% ] 006/788 VUs  07m50.4s/12m0s  010.00 iters/s

running (07m51.4s), 007/788 VUs, 21806 complete and 0 interrupted iterations
openloop_oscillating   [  65% ] 007/788 VUs  07m51.4s/12m0s  010.00 iters/s

running (07m52.4s), 005/788 VUs, 21818 complete and 0 interrupted iterations
openloop_oscillating   [  66% ] 005/788 VUs  07m52.4s/12m0s  010.00 iters/s

running (07m53.4s), 006/788 VUs, 21827 complete and 0 interrupted iterations
openloop_oscillating   [  66% ] 006/788 VUs  07m53.4s/12m0s  010.00 iters/s

running (07m54.4s), 007/788 VUs, 21836 complete and 0 interrupted iterations
openloop_oscillating   [  66% ] 007/788 VUs  07m54.4s/12m0s  010.00 iters/s

running (07m55.4s), 007/788 VUs, 21846 complete and 0 interrupted iterations
openloop_oscillating   [  66% ] 007/788 VUs  07m55.4s/12m0s  010.00 iters/s

running (07m56.4s), 008/788 VUs, 21855 complete and 0 interrupted iterations
openloop_oscillating   [  66% ] 008/788 VUs  07m56.4s/12m0s  010.00 iters/s

running (07m57.4s), 008/788 VUs, 21865 complete and 0 interrupted iterations
openloop_oscillating   [  66% ] 008/788 VUs  07m57.4s/12m0s  010.00 iters/s

running (07m58.4s), 006/788 VUs, 21877 complete and 0 interrupted iterations
openloop_oscillating   [  66% ] 006/788 VUs  07m58.4s/12m0s  010.00 iters/s

running (07m59.4s), 007/788 VUs, 21886 complete and 0 interrupted iterations
openloop_oscillating   [  67% ] 007/788 VUs  07m59.4s/12m0s  010.00 iters/s

running (08m00.4s), 008/788 VUs, 21896 complete and 0 interrupted iterations
openloop_oscillating   [  67% ] 008/788 VUs  08m00.4s/12m0s  013.62 iters/s

running (08m01.4s), 015/788 VUs, 21908 complete and 0 interrupted iterations
openloop_oscillating   [  67% ] 015/788 VUs  08m01.4s/12m0s  023.38 iters/s

running (08m02.4s), 020/788 VUs, 21931 complete and 0 interrupted iterations
openloop_oscillating   [  67% ] 020/788 VUs  08m02.4s/12m0s  032.84 iters/s

running (08m03.4s), 028/788 VUs, 21960 complete and 0 interrupted iterations
openloop_oscillating   [  67% ] 028/788 VUs  08m03.4s/12m0s  042.21 iters/s

running (08m04.4s), 035/788 VUs, 22000 complete and 0 interrupted iterations
openloop_oscillating   [  67% ] 035/788 VUs  08m04.4s/12m0s  051.72 iters/s

running (08m05.4s), 045/788 VUs, 22047 complete and 0 interrupted iterations
openloop_oscillating   [  67% ] 045/788 VUs  08m05.4s/12m0s  061.30 iters/s

running (08m06.4s), 048/788 VUs, 22110 complete and 0 interrupted iterations
openloop_oscillating   [  68% ] 048/788 VUs  08m06.4s/12m0s  070.79 iters/s

running (08m07.4s), 048/788 VUs, 22185 complete and 0 interrupted iterations
openloop_oscillating   [  68% ] 048/788 VUs  08m07.4s/12m0s  080.23 iters/s

running (08m08.4s), 049/788 VUs, 22269 complete and 0 interrupted iterations
openloop_oscillating   [  68% ] 049/788 VUs  08m08.4s/12m0s  089.73 iters/s

running (08m09.4s), 049/788 VUs, 22364 complete and 0 interrupted iterations
openloop_oscillating   [  68% ] 049/788 VUs  08m09.4s/12m0s  099.28 iters/s

running (08m10.4s), 049/788 VUs, 22467 complete and 0 interrupted iterations
openloop_oscillating   [  68% ] 049/788 VUs  08m10.4s/12m0s  105.00 iters/s

running (08m11.4s), 049/788 VUs, 22572 complete and 0 interrupted iterations
openloop_oscillating   [  68% ] 049/788 VUs  08m11.4s/12m0s  105.00 iters/s

running (08m12.4s), 050/788 VUs, 22676 complete and 0 interrupted iterations
openloop_oscillating   [  68% ] 050/788 VUs  08m12.4s/12m0s  105.00 iters/s

running (08m13.4s), 045/788 VUs, 22786 complete and 0 interrupted iterations
openloop_oscillating   [  69% ] 045/788 VUs  08m13.4s/12m0s  105.00 iters/s

running (08m14.4s), 046/788 VUs, 22890 complete and 0 interrupted iterations
openloop_oscillating   [  69% ] 046/788 VUs  08m14.4s/12m0s  105.00 iters/s

running (08m15.4s), 046/788 VUs, 22995 complete and 0 interrupted iterations
openloop_oscillating   [  69% ] 046/788 VUs  08m15.4s/12m0s  105.00 iters/s

running (08m16.4s), 054/788 VUs, 23092 complete and 0 interrupted iterations
openloop_oscillating   [  69% ] 054/788 VUs  08m16.4s/12m0s  105.00 iters/s

running (08m17.4s), 050/788 VUs, 23201 complete and 0 interrupted iterations
openloop_oscillating   [  69% ] 050/788 VUs  08m17.4s/12m0s  105.00 iters/s

running (08m18.4s), 043/788 VUs, 23313 complete and 0 interrupted iterations
openloop_oscillating   [  69% ] 043/788 VUs  08m18.4s/12m0s  105.00 iters/s

running (08m19.4s), 050/788 VUs, 23411 complete and 0 interrupted iterations
openloop_oscillating   [  69% ] 050/788 VUs  08m19.4s/12m0s  105.00 iters/s

running (08m20.4s), 051/788 VUs, 23515 complete and 0 interrupted iterations
openloop_oscillating   [  70% ] 051/788 VUs  08m20.4s/12m0s  105.00 iters/s

running (08m21.4s), 049/788 VUs, 23622 complete and 0 interrupted iterations
openloop_oscillating   [  70% ] 049/788 VUs  08m21.4s/12m0s  105.00 iters/s

running (08m22.4s), 054/788 VUs, 23722 complete and 0 interrupted iterations
openloop_oscillating   [  70% ] 054/788 VUs  08m22.4s/12m0s  105.00 iters/s

running (08m23.4s), 046/788 VUs, 23835 complete and 0 interrupted iterations
openloop_oscillating   [  70% ] 046/788 VUs  08m23.4s/12m0s  105.00 iters/s

running (08m24.4s), 053/788 VUs, 23933 complete and 0 interrupted iterations
openloop_oscillating   [  70% ] 053/788 VUs  08m24.4s/12m0s  105.00 iters/s

running (08m25.4s), 049/788 VUs, 24042 complete and 0 interrupted iterations
openloop_oscillating   [  70% ] 049/788 VUs  08m25.4s/12m0s  105.00 iters/s

running (08m26.4s), 049/788 VUs, 24147 complete and 0 interrupted iterations
openloop_oscillating   [  70% ] 049/788 VUs  08m26.4s/12m0s  105.00 iters/s

running (08m27.4s), 047/788 VUs, 24254 complete and 0 interrupted iterations
openloop_oscillating   [  70% ] 047/788 VUs  08m27.4s/12m0s  105.00 iters/s

running (08m28.4s), 049/788 VUs, 24357 complete and 0 interrupted iterations
openloop_oscillating   [  71% ] 049/788 VUs  08m28.4s/12m0s  105.00 iters/s

running (08m29.4s), 048/788 VUs, 24463 complete and 0 interrupted iterations
openloop_oscillating   [  71% ] 048/788 VUs  08m29.4s/12m0s  105.00 iters/s

running (08m30.4s), 050/788 VUs, 24566 complete and 0 interrupted iterations
openloop_oscillating   [  71% ] 050/788 VUs  08m30.4s/12m0s  105.00 iters/s

running (08m31.4s), 048/788 VUs, 24673 complete and 0 interrupted iterations
openloop_oscillating   [  71% ] 048/788 VUs  08m31.4s/12m0s  105.00 iters/s

running (08m32.4s), 049/788 VUs, 24777 complete and 0 interrupted iterations
openloop_oscillating   [  71% ] 049/788 VUs  08m32.4s/12m0s  105.00 iters/s

running (08m33.4s), 051/788 VUs, 24880 complete and 0 interrupted iterations
openloop_oscillating   [  71% ] 051/788 VUs  08m33.4s/12m0s  105.00 iters/s

running (08m34.4s), 049/788 VUs, 24987 complete and 0 interrupted iterations
openloop_oscillating   [  71% ] 049/788 VUs  08m34.4s/12m0s  105.00 iters/s

running (08m35.4s), 048/788 VUs, 25093 complete and 0 interrupted iterations
openloop_oscillating   [  72% ] 048/788 VUs  08m35.4s/12m0s  105.00 iters/s

running (08m36.4s), 054/788 VUs, 25192 complete and 0 interrupted iterations
openloop_oscillating   [  72% ] 054/788 VUs  08m36.4s/12m0s  105.00 iters/s

running (08m37.4s), 063/788 VUs, 25288 complete and 0 interrupted iterations
openloop_oscillating   [  72% ] 063/788 VUs  08m37.4s/12m0s  105.00 iters/s

running (08m38.4s), 048/788 VUs, 25408 complete and 0 interrupted iterations
openloop_oscillating   [  72% ] 048/788 VUs  08m38.4s/12m0s  105.00 iters/s

running (08m39.4s), 048/788 VUs, 25513 complete and 0 interrupted iterations
openloop_oscillating   [  72% ] 048/788 VUs  08m39.4s/12m0s  105.00 iters/s

running (08m40.4s), 051/788 VUs, 25615 complete and 0 interrupted iterations
openloop_oscillating   [  72% ] 051/788 VUs  08m40.4s/12m0s  105.00 iters/s

running (08m41.4s), 045/788 VUs, 25726 complete and 0 interrupted iterations
openloop_oscillating   [  72% ] 045/788 VUs  08m41.4s/12m0s  105.00 iters/s

running (08m42.4s), 047/788 VUs, 25829 complete and 0 interrupted iterations
openloop_oscillating   [  73% ] 047/788 VUs  08m42.4s/12m0s  105.00 iters/s

running (08m43.4s), 051/788 VUs, 25930 complete and 0 interrupted iterations
openloop_oscillating   [  73% ] 051/788 VUs  08m43.4s/12m0s  105.00 iters/s

running (08m44.4s), 050/788 VUs, 26036 complete and 0 interrupted iterations
openloop_oscillating   [  73% ] 050/788 VUs  08m44.4s/12m0s  105.00 iters/s

running (08m45.4s), 049/788 VUs, 26142 complete and 0 interrupted iterations
openloop_oscillating   [  73% ] 049/788 VUs  08m45.4s/12m0s  105.00 iters/s

running (08m46.4s), 048/788 VUs, 26248 complete and 0 interrupted iterations
openloop_oscillating   [  73% ] 048/788 VUs  08m46.4s/12m0s  105.00 iters/s

running (08m47.4s), 050/788 VUs, 26351 complete and 0 interrupted iterations
openloop_oscillating   [  73% ] 050/788 VUs  08m47.4s/12m0s  105.00 iters/s

running (08m48.4s), 049/788 VUs, 26457 complete and 0 interrupted iterations
openloop_oscillating   [  73% ] 049/788 VUs  08m48.4s/12m0s  105.00 iters/s

running (08m49.4s), 048/788 VUs, 26563 complete and 0 interrupted iterations
openloop_oscillating   [  74% ] 048/788 VUs  08m49.4s/12m0s  105.00 iters/s

running (08m50.4s), 048/788 VUs, 26668 complete and 0 interrupted iterations
openloop_oscillating   [  74% ] 048/788 VUs  08m50.4s/12m0s  105.00 iters/s

running (08m51.4s), 047/788 VUs, 26774 complete and 0 interrupted iterations
openloop_oscillating   [  74% ] 047/788 VUs  08m51.4s/12m0s  105.00 iters/s

running (08m52.4s), 050/788 VUs, 26876 complete and 0 interrupted iterations
openloop_oscillating   [  74% ] 050/788 VUs  08m52.4s/12m0s  105.00 iters/s

running (08m53.4s), 048/788 VUs, 26983 complete and 0 interrupted iterations
openloop_oscillating   [  74% ] 048/788 VUs  08m53.4s/12m0s  105.00 iters/s

running (08m54.4s), 046/788 VUs, 27090 complete and 0 interrupted iterations
openloop_oscillating   [  74% ] 046/788 VUs  08m54.4s/12m0s  105.00 iters/s

running (08m55.4s), 050/788 VUs, 27191 complete and 0 interrupted iterations
openloop_oscillating   [  74% ] 050/788 VUs  08m55.4s/12m0s  105.00 iters/s

running (08m56.4s), 049/788 VUs, 27297 complete and 0 interrupted iterations
openloop_oscillating   [  75% ] 049/788 VUs  08m56.4s/12m0s  105.00 iters/s

running (08m57.4s), 048/788 VUs, 27403 complete and 0 interrupted iterations
openloop_oscillating   [  75% ] 048/788 VUs  08m57.4s/12m0s  105.00 iters/s

running (08m58.4s), 051/788 VUs, 27505 complete and 0 interrupted iterations
openloop_oscillating   [  75% ] 051/788 VUs  08m58.4s/12m0s  105.00 iters/s

running (08m59.4s), 048/788 VUs, 27613 complete and 0 interrupted iterations
openloop_oscillating   [  75% ] 048/788 VUs  08m59.4s/12m0s  105.00 iters/s

running (09m00.4s), 049/788 VUs, 27717 complete and 0 interrupted iterations
openloop_oscillating   [  75% ] 049/788 VUs  09m00.4s/12m0s  104.77 iters/s

running (09m01.4s), 053/788 VUs, 27818 complete and 0 interrupted iterations
openloop_oscillating   [  75% ] 053/788 VUs  09m01.4s/12m0s  104.18 iters/s

running (09m02.4s), 048/788 VUs, 27926 complete and 0 interrupted iterations
openloop_oscillating   [  75% ] 048/788 VUs  09m02.4s/12m0s  103.60 iters/s

running (09m03.4s), 049/788 VUs, 28029 complete and 0 interrupted iterations
openloop_oscillating   [  75% ] 049/788 VUs  09m03.4s/12m0s  103.02 iters/s

running (09m04.4s), 050/788 VUs, 28130 complete and 0 interrupted iterations
openloop_oscillating   [  76% ] 050/788 VUs  09m04.4s/12m0s  102.44 iters/s

running (09m05.4s), 047/788 VUs, 28236 complete and 0 interrupted iterations
openloop_oscillating   [  76% ] 047/788 VUs  09m05.4s/12m0s  101.85 iters/s

running (09m06.4s), 048/788 VUs, 28336 complete and 0 interrupted iterations
openloop_oscillating   [  76% ] 048/788 VUs  09m06.4s/12m0s  101.27 iters/s

running (09m07.4s), 048/788 VUs, 28437 complete and 0 interrupted iterations
openloop_oscillating   [  76% ] 048/788 VUs  09m07.4s/12m0s  100.69 iters/s

running (09m08.4s), 050/788 VUs, 28536 complete and 0 interrupted iterations
openloop_oscillating   [  76% ] 050/788 VUs  09m08.4s/12m0s  100.10 iters/s

running (09m09.4s), 048/788 VUs, 28637 complete and 0 interrupted iterations
openloop_oscillating   [  76% ] 048/788 VUs  09m09.4s/12m0s  099.52 iters/s

running (09m10.4s), 045/788 VUs, 28740 complete and 0 interrupted iterations
openloop_oscillating   [  76% ] 045/788 VUs  09m10.4s/12m0s  098.93 iters/s

running (09m11.4s), 048/788 VUs, 28835 complete and 0 interrupted iterations
openloop_oscillating   [  77% ] 048/788 VUs  09m11.4s/12m0s  098.35 iters/s

running (09m12.4s), 044/788 VUs, 28937 complete and 0 interrupted iterations
openloop_oscillating   [  77% ] 044/788 VUs  09m12.4s/12m0s  097.77 iters/s

running (09m13.4s), 052/788 VUs, 29027 complete and 0 interrupted iterations
openloop_oscillating   [  77% ] 052/788 VUs  09m13.4s/12m0s  097.18 iters/s

running (09m14.4s), 049/788 VUs, 29127 complete and 0 interrupted iterations
openloop_oscillating   [  77% ] 049/788 VUs  09m14.4s/12m0s  096.60 iters/s

running (09m15.4s), 046/788 VUs, 29226 complete and 0 interrupted iterations
openloop_oscillating   [  77% ] 046/788 VUs  09m15.4s/12m0s  096.02 iters/s

running (09m16.4s), 042/788 VUs, 29326 complete and 0 interrupted iterations
openloop_oscillating   [  77% ] 042/788 VUs  09m16.4s/12m0s  095.43 iters/s

running (09m17.4s), 051/788 VUs, 29412 complete and 0 interrupted iterations
openloop_oscillating   [  77% ] 051/788 VUs  09m17.4s/12m0s  094.85 iters/s

running (09m18.4s), 047/788 VUs, 29510 complete and 0 interrupted iterations
openloop_oscillating   [  78% ] 047/788 VUs  09m18.4s/12m0s  094.27 iters/s

running (09m19.4s), 047/788 VUs, 29604 complete and 0 interrupted iterations
openloop_oscillating   [  78% ] 047/788 VUs  09m19.4s/12m0s  093.69 iters/s

running (09m20.4s), 049/788 VUs, 29696 complete and 0 interrupted iterations
openloop_oscillating   [  78% ] 049/788 VUs  09m20.4s/12m0s  093.10 iters/s

running (09m21.4s), 048/788 VUs, 29790 complete and 0 interrupted iterations
openloop_oscillating   [  78% ] 048/788 VUs  09m21.4s/12m0s  092.52 iters/s

running (09m22.4s), 045/788 VUs, 29885 complete and 0 interrupted iterations
openloop_oscillating   [  78% ] 045/788 VUs  09m22.4s/12m0s  091.93 iters/s

running (09m23.4s), 051/788 VUs, 29971 complete and 0 interrupted iterations
openloop_oscillating   [  78% ] 051/788 VUs  09m23.4s/12m0s  091.35 iters/s

running (09m24.4s), 047/788 VUs, 30065 complete and 0 interrupted iterations
openloop_oscillating   [  78% ] 047/788 VUs  09m24.4s/12m0s  090.77 iters/s

running (09m25.4s), 051/788 VUs, 30152 complete and 0 interrupted iterations
openloop_oscillating   [  79% ] 051/788 VUs  09m25.4s/12m0s  090.19 iters/s

running (09m26.4s), 048/788 VUs, 30245 complete and 0 interrupted iterations
openloop_oscillating   [  79% ] 048/788 VUs  09m26.4s/12m0s  089.60 iters/s

running (09m27.4s), 047/788 VUs, 30335 complete and 0 interrupted iterations
openloop_oscillating   [  79% ] 047/788 VUs  09m27.4s/12m0s  089.02 iters/s

running (09m28.4s), 050/788 VUs, 30421 complete and 0 interrupted iterations
openloop_oscillating   [  79% ] 050/788 VUs  09m28.4s/12m0s  088.44 iters/s

running (09m29.4s), 048/788 VUs, 30511 complete and 0 interrupted iterations
openloop_oscillating   [  79% ] 048/788 VUs  09m29.4s/12m0s  087.85 iters/s

running (09m30.4s), 048/788 VUs, 30599 complete and 0 interrupted iterations
openloop_oscillating   [  79% ] 048/788 VUs  09m30.4s/12m0s  087.27 iters/s

running (09m31.4s), 045/788 VUs, 30689 complete and 0 interrupted iterations
openloop_oscillating   [  79% ] 045/788 VUs  09m31.4s/12m0s  086.68 iters/s

running (09m32.4s), 048/788 VUs, 30772 complete and 0 interrupted iterations
openloop_oscillating   [  80% ] 048/788 VUs  09m32.4s/12m0s  086.10 iters/s

running (09m33.4s), 047/788 VUs, 30859 complete and 0 interrupted iterations
openloop_oscillating   [  80% ] 047/788 VUs  09m33.4s/12m0s  085.52 iters/s

running (09m34.4s), 047/788 VUs, 30944 complete and 0 interrupted iterations
openloop_oscillating   [  80% ] 047/788 VUs  09m34.4s/12m0s  084.94 iters/s

running (09m35.4s), 050/788 VUs, 31026 complete and 0 interrupted iterations
openloop_oscillating   [  80% ] 050/788 VUs  09m35.4s/12m0s  084.35 iters/s

running (09m36.4s), 048/788 VUs, 31112 complete and 0 interrupted iterations
openloop_oscillating   [  80% ] 048/788 VUs  09m36.4s/12m0s  083.77 iters/s

running (09m37.4s), 048/788 VUs, 31195 complete and 0 interrupted iterations
openloop_oscillating   [  80% ] 048/788 VUs  09m37.4s/12m0s  083.19 iters/s

running (09m38.4s), 046/788 VUs, 31280 complete and 0 interrupted iterations
openloop_oscillating   [  80% ] 046/788 VUs  09m38.4s/12m0s  082.60 iters/s

running (09m39.4s), 049/788 VUs, 31359 complete and 0 interrupted iterations
openloop_oscillating   [  80% ] 049/788 VUs  09m39.4s/12m0s  082.02 iters/s

running (09m40.4s), 049/788 VUs, 31441 complete and 0 interrupted iterations
openloop_oscillating   [  81% ] 049/788 VUs  09m40.4s/12m0s  081.44 iters/s

running (09m41.4s), 049/788 VUs, 31522 complete and 0 interrupted iterations
openloop_oscillating   [  81% ] 049/788 VUs  09m41.4s/12m0s  080.85 iters/s

running (09m42.4s), 050/788 VUs, 31602 complete and 0 interrupted iterations
openloop_oscillating   [  81% ] 050/788 VUs  09m42.4s/12m0s  080.27 iters/s

running (09m43.4s), 050/788 VUs, 31682 complete and 0 interrupted iterations
openloop_oscillating   [  81% ] 050/788 VUs  09m43.4s/12m0s  079.68 iters/s

running (09m44.4s), 046/788 VUs, 31765 complete and 0 interrupted iterations
openloop_oscillating   [  81% ] 046/788 VUs  09m44.4s/12m0s  079.10 iters/s

running (09m45.4s), 046/788 VUs, 31844 complete and 0 interrupted iterations
openloop_oscillating   [  81% ] 046/788 VUs  09m45.4s/12m0s  078.52 iters/s

running (09m46.4s), 049/788 VUs, 31919 complete and 0 interrupted iterations
openloop_oscillating   [  81% ] 049/788 VUs  09m46.4s/12m0s  077.94 iters/s

running (09m47.4s), 047/788 VUs, 31999 complete and 0 interrupted iterations
openloop_oscillating   [  82% ] 047/788 VUs  09m47.4s/12m0s  077.35 iters/s

running (09m48.4s), 046/788 VUs, 32077 complete and 0 interrupted iterations
openloop_oscillating   [  82% ] 046/788 VUs  09m48.4s/12m0s  076.77 iters/s

running (09m49.4s), 046/788 VUs, 32153 complete and 0 interrupted iterations
openloop_oscillating   [  82% ] 046/788 VUs  09m49.4s/12m0s  076.19 iters/s

running (09m50.4s), 049/788 VUs, 32226 complete and 0 interrupted iterations
openloop_oscillating   [  82% ] 049/788 VUs  09m50.4s/12m0s  075.60 iters/s

running (09m51.4s), 046/788 VUs, 32305 complete and 0 interrupted iterations
openloop_oscillating   [  82% ] 046/788 VUs  09m51.4s/12m0s  075.02 iters/s

running (09m52.4s), 047/788 VUs, 32378 complete and 0 interrupted iterations
openloop_oscillating   [  82% ] 047/788 VUs  09m52.4s/12m0s  074.44 iters/s

running (09m53.4s), 048/788 VUs, 32451 complete and 0 interrupted iterations
openloop_oscillating   [  82% ] 048/788 VUs  09m53.4s/12m0s  073.86 iters/s

running (09m54.4s), 048/788 VUs, 32525 complete and 0 interrupted iterations
openloop_oscillating   [  83% ] 048/788 VUs  09m54.4s/12m0s  073.27 iters/s

running (09m55.4s), 042/788 VUs, 32604 complete and 0 interrupted iterations
openloop_oscillating   [  83% ] 042/788 VUs  09m55.4s/12m0s  072.69 iters/s

running (09m56.4s), 049/788 VUs, 32669 complete and 0 interrupted iterations
openloop_oscillating   [  83% ] 049/788 VUs  09m56.4s/12m0s  072.11 iters/s

running (09m57.4s), 049/788 VUs, 32741 complete and 0 interrupted iterations
openloop_oscillating   [  83% ] 049/788 VUs  09m57.4s/12m0s  071.52 iters/s

running (09m58.4s), 045/788 VUs, 32816 complete and 0 interrupted iterations
openloop_oscillating   [  83% ] 045/788 VUs  09m58.4s/12m0s  070.94 iters/s

running (09m59.4s), 046/788 VUs, 32886 complete and 0 interrupted iterations
openloop_oscillating   [  83% ] 046/788 VUs  09m59.4s/12m0s  070.35 iters/s

running (10m00.4s), 045/788 VUs, 32957 complete and 0 interrupted iterations
openloop_oscillating   [  83% ] 045/788 VUs  10m00.4s/12m0s  069.77 iters/s

running (10m01.4s), 046/788 VUs, 33026 complete and 0 interrupted iterations
openloop_oscillating   [  84% ] 046/788 VUs  10m01.4s/12m0s  069.18 iters/s

running (10m02.4s), 047/788 VUs, 33094 complete and 0 interrupted iterations
openloop_oscillating   [  84% ] 047/788 VUs  10m02.4s/12m0s  068.60 iters/s

running (10m03.4s), 047/788 VUs, 33162 complete and 0 interrupted iterations
openloop_oscillating   [  84% ] 047/788 VUs  10m03.4s/12m0s  068.02 iters/s

running (10m04.4s), 050/788 VUs, 33227 complete and 0 interrupted iterations
openloop_oscillating   [  84% ] 050/788 VUs  10m04.4s/12m0s  067.43 iters/s

running (10m05.4s), 048/788 VUs, 33296 complete and 0 interrupted iterations
openloop_oscillating   [  84% ] 048/788 VUs  10m05.4s/12m0s  066.85 iters/s

running (10m06.4s), 050/788 VUs, 33360 complete and 0 interrupted iterations
openloop_oscillating   [  84% ] 050/788 VUs  10m06.4s/12m0s  066.27 iters/s

running (10m07.4s), 041/788 VUs, 33435 complete and 0 interrupted iterations
openloop_oscillating   [  84% ] 041/788 VUs  10m07.4s/12m0s  065.69 iters/s

running (10m08.4s), 044/788 VUs, 33498 complete and 0 interrupted iterations
openloop_oscillating   [  85% ] 044/788 VUs  10m08.4s/12m0s  065.10 iters/s

running (10m09.4s), 045/788 VUs, 33562 complete and 0 interrupted iterations
openloop_oscillating   [  85% ] 045/788 VUs  10m09.4s/12m0s  064.51 iters/s

running (10m10.4s), 049/788 VUs, 33622 complete and 0 interrupted iterations
openloop_oscillating   [  85% ] 049/788 VUs  10m10.4s/12m0s  063.93 iters/s

running (10m11.4s), 046/788 VUs, 33688 complete and 0 interrupted iterations
openloop_oscillating   [  85% ] 046/788 VUs  10m11.4s/12m0s  063.36 iters/s

running (10m12.4s), 045/788 VUs, 33752 complete and 0 interrupted iterations
openloop_oscillating   [  85% ] 045/788 VUs  10m12.4s/12m0s  062.77 iters/s

running (10m13.4s), 047/788 VUs, 33813 complete and 0 interrupted iterations
openloop_oscillating   [  85% ] 047/788 VUs  10m13.4s/12m0s  062.18 iters/s

running (10m14.4s), 047/788 VUs, 33875 complete and 0 interrupted iterations
openloop_oscillating   [  85% ] 047/788 VUs  10m14.4s/12m0s  061.60 iters/s

running (10m15.4s), 048/788 VUs, 33935 complete and 0 interrupted iterations
openloop_oscillating   [  85% ] 048/788 VUs  10m15.4s/12m0s  061.02 iters/s

running (10m16.4s), 049/788 VUs, 33995 complete and 0 interrupted iterations
openloop_oscillating   [  86% ] 049/788 VUs  10m16.4s/12m0s  060.43 iters/s

running (10m17.4s), 048/788 VUs, 34056 complete and 0 interrupted iterations
openloop_oscillating   [  86% ] 048/788 VUs  10m17.4s/12m0s  059.85 iters/s

running (10m18.4s), 048/788 VUs, 34116 complete and 0 interrupted iterations
openloop_oscillating   [  86% ] 048/788 VUs  10m18.4s/12m0s  059.26 iters/s

running (10m19.4s), 047/788 VUs, 34175 complete and 0 interrupted iterations
openloop_oscillating   [  86% ] 047/788 VUs  10m19.4s/12m0s  058.69 iters/s

running (10m20.4s), 047/788 VUs, 34234 complete and 0 interrupted iterations
openloop_oscillating   [  86% ] 047/788 VUs  10m20.4s/12m0s  058.10 iters/s

running (10m21.4s), 048/788 VUs, 34291 complete and 0 interrupted iterations
openloop_oscillating   [  86% ] 048/788 VUs  10m21.4s/12m0s  057.52 iters/s

running (10m22.4s), 042/788 VUs, 34354 complete and 0 interrupted iterations
openloop_oscillating   [  86% ] 042/788 VUs  10m22.4s/12m0s  056.93 iters/s

running (10m23.4s), 042/788 VUs, 34411 complete and 0 interrupted iterations
openloop_oscillating   [  87% ] 042/788 VUs  10m23.4s/12m0s  056.35 iters/s

running (10m24.4s), 048/788 VUs, 34461 complete and 0 interrupted iterations
openloop_oscillating   [  87% ] 048/788 VUs  10m24.4s/12m0s  055.77 iters/s

running (10m25.4s), 043/788 VUs, 34521 complete and 0 interrupted iterations
openloop_oscillating   [  87% ] 043/788 VUs  10m25.4s/12m0s  055.19 iters/s

running (10m26.4s), 046/788 VUs, 34573 complete and 0 interrupted iterations
openloop_oscillating   [  87% ] 046/788 VUs  10m26.4s/12m0s  054.60 iters/s

running (10m27.4s), 043/788 VUs, 34630 complete and 0 interrupted iterations
openloop_oscillating   [  87% ] 043/788 VUs  10m27.4s/12m0s  054.02 iters/s

running (10m28.4s), 046/788 VUs, 34681 complete and 0 interrupted iterations
openloop_oscillating   [  87% ] 046/788 VUs  10m28.4s/12m0s  053.44 iters/s

running (10m29.4s), 047/788 VUs, 34733 complete and 0 interrupted iterations
openloop_oscillating   [  87% ] 047/788 VUs  10m29.4s/12m0s  052.85 iters/s

running (10m30.4s), 043/788 VUs, 34790 complete and 0 interrupted iterations
openloop_oscillating   [  88% ] 043/788 VUs  10m30.4s/12m0s  052.27 iters/s

running (10m31.4s), 044/788 VUs, 34841 complete and 0 interrupted iterations
openloop_oscillating   [  88% ] 044/788 VUs  10m31.4s/12m0s  051.68 iters/s

running (10m32.4s), 041/788 VUs, 34895 complete and 0 interrupted iterations
openloop_oscillating   [  88% ] 041/788 VUs  10m32.4s/12m0s  051.10 iters/s

running (10m33.4s), 043/788 VUs, 34944 complete and 0 interrupted iterations
openloop_oscillating   [  88% ] 043/788 VUs  10m33.4s/12m0s  050.52 iters/s

running (10m34.4s), 048/788 VUs, 34989 complete and 0 interrupted iterations
openloop_oscillating   [  88% ] 048/788 VUs  10m34.4s/12m0s  049.94 iters/s

running (10m35.4s), 043/788 VUs, 35044 complete and 0 interrupted iterations
openloop_oscillating   [  88% ] 043/788 VUs  10m35.4s/12m0s  049.35 iters/s

running (10m36.4s), 046/788 VUs, 35090 complete and 0 interrupted iterations
openloop_oscillating   [  88% ] 046/788 VUs  10m36.4s/12m0s  048.77 iters/s

running (10m37.4s), 043/788 VUs, 35141 complete and 0 interrupted iterations
openloop_oscillating   [  89% ] 043/788 VUs  10m37.4s/12m0s  048.19 iters/s

running (10m38.4s), 039/788 VUs, 35193 complete and 0 interrupted iterations
openloop_oscillating   [  89% ] 039/788 VUs  10m38.4s/12m0s  047.61 iters/s

running (10m39.4s), 036/788 VUs, 35244 complete and 0 interrupted iterations
openloop_oscillating   [  89% ] 036/788 VUs  10m39.4s/12m0s  047.01 iters/s

running (10m40.4s), 035/788 VUs, 35291 complete and 0 interrupted iterations
openloop_oscillating   [  89% ] 035/788 VUs  10m40.4s/12m0s  046.44 iters/s

running (10m41.4s), 034/788 VUs, 35338 complete and 0 interrupted iterations
openloop_oscillating   [  89% ] 034/788 VUs  10m41.4s/12m0s  045.86 iters/s

running (10m42.4s), 032/788 VUs, 35386 complete and 0 interrupted iterations
openloop_oscillating   [  89% ] 032/788 VUs  10m42.4s/12m0s  045.27 iters/s

running (10m43.4s), 033/788 VUs, 35430 complete and 0 interrupted iterations
openloop_oscillating   [  89% ] 033/788 VUs  10m43.4s/12m0s  044.69 iters/s

running (10m44.4s), 032/788 VUs, 35475 complete and 0 interrupted iterations
openloop_oscillating   [  90% ] 032/788 VUs  10m44.4s/12m0s  044.11 iters/s

running (10m45.4s), 028/788 VUs, 35523 complete and 0 interrupted iterations
openloop_oscillating   [  90% ] 028/788 VUs  10m45.4s/12m0s  043.52 iters/s

running (10m46.4s), 031/788 VUs, 35563 complete and 0 interrupted iterations
openloop_oscillating   [  90% ] 031/788 VUs  10m46.4s/12m0s  042.94 iters/s

running (10m47.4s), 034/788 VUs, 35603 complete and 0 interrupted iterations
openloop_oscillating   [  90% ] 034/788 VUs  10m47.4s/12m0s  042.35 iters/s

running (10m48.4s), 032/788 VUs, 35647 complete and 0 interrupted iterations
openloop_oscillating   [  90% ] 032/788 VUs  10m48.4s/12m0s  041.77 iters/s

running (10m49.4s), 032/788 VUs, 35689 complete and 0 interrupted iterations
openloop_oscillating   [  90% ] 032/788 VUs  10m49.4s/12m0s  041.18 iters/s

running (10m50.4s), 029/788 VUs, 35732 complete and 0 interrupted iterations
openloop_oscillating   [  90% ] 029/788 VUs  10m50.4s/12m0s  040.61 iters/s

running (10m51.4s), 032/788 VUs, 35770 complete and 0 interrupted iterations
openloop_oscillating   [  90% ] 032/788 VUs  10m51.4s/12m0s  040.02 iters/s

running (10m52.4s), 027/788 VUs, 35815 complete and 0 interrupted iterations
openloop_oscillating   [  91% ] 027/788 VUs  10m52.4s/12m0s  039.43 iters/s

running (10m53.4s), 028/788 VUs, 35853 complete and 0 interrupted iterations
openloop_oscillating   [  91% ] 028/788 VUs  10m53.4s/12m0s  038.85 iters/s

running (10m54.4s), 027/788 VUs, 35892 complete and 0 interrupted iterations
openloop_oscillating   [  91% ] 027/788 VUs  10m54.4s/12m0s  038.27 iters/s

running (10m55.4s), 028/788 VUs, 35929 complete and 0 interrupted iterations
openloop_oscillating   [  91% ] 028/788 VUs  10m55.4s/12m0s  037.69 iters/s

running (10m56.4s), 028/788 VUs, 35967 complete and 0 interrupted iterations
openloop_oscillating   [  91% ] 028/788 VUs  10m56.4s/12m0s  037.10 iters/s

running (10m57.4s), 026/788 VUs, 36005 complete and 0 interrupted iterations
openloop_oscillating   [  91% ] 026/788 VUs  10m57.4s/12m0s  036.53 iters/s

running (10m58.4s), 028/788 VUs, 36040 complete and 0 interrupted iterations
openloop_oscillating   [  91% ] 028/788 VUs  10m58.4s/12m0s  035.93 iters/s

running (10m59.4s), 025/788 VUs, 36078 complete and 0 interrupted iterations
openloop_oscillating   [  92% ] 025/788 VUs  10m59.4s/12m0s  035.36 iters/s

running (11m00.4s), 025/788 VUs, 36113 complete and 0 interrupted iterations
openloop_oscillating   [  92% ] 025/788 VUs  11m00.4s/12m0s  034.77 iters/s

running (11m01.4s), 024/788 VUs, 36149 complete and 0 interrupted iterations
openloop_oscillating   [  92% ] 024/788 VUs  11m01.4s/12m0s  034.18 iters/s

running (11m02.4s), 026/788 VUs, 36181 complete and 0 interrupted iterations
openloop_oscillating   [  92% ] 026/788 VUs  11m02.4s/12m0s  033.60 iters/s

running (11m03.4s), 025/788 VUs, 36215 complete and 0 interrupted iterations
openloop_oscillating   [  92% ] 025/788 VUs  11m03.4s/12m0s  033.02 iters/s

running (11m04.4s), 022/788 VUs, 36251 complete and 0 interrupted iterations
openloop_oscillating   [  92% ] 022/788 VUs  11m04.4s/12m0s  032.43 iters/s

running (11m05.4s), 022/788 VUs, 36283 complete and 0 interrupted iterations
openloop_oscillating   [  92% ] 022/788 VUs  11m05.4s/12m0s  031.85 iters/s

running (11m06.4s), 020/788 VUs, 36316 complete and 0 interrupted iterations
openloop_oscillating   [  93% ] 020/788 VUs  11m06.4s/12m0s  031.28 iters/s

running (11m07.4s), 019/788 VUs, 36348 complete and 0 interrupted iterations
openloop_oscillating   [  93% ] 019/788 VUs  11m07.4s/12m0s  030.69 iters/s

running (11m08.4s), 023/788 VUs, 36375 complete and 0 interrupted iterations
openloop_oscillating   [  93% ] 023/788 VUs  11m08.4s/12m0s  030.10 iters/s

running (11m09.4s), 020/788 VUs, 36408 complete and 0 interrupted iterations
openloop_oscillating   [  93% ] 020/788 VUs  11m09.4s/12m0s  029.51 iters/s

running (11m10.4s), 020/788 VUs, 36437 complete and 0 interrupted iterations
openloop_oscillating   [  93% ] 020/788 VUs  11m10.4s/12m0s  028.93 iters/s

running (11m11.4s), 022/788 VUs, 36463 complete and 0 interrupted iterations
openloop_oscillating   [  93% ] 022/788 VUs  11m11.4s/12m0s  028.34 iters/s

running (11m12.4s), 021/788 VUs, 36493 complete and 0 interrupted iterations
openloop_oscillating   [  93% ] 021/788 VUs  11m12.4s/12m0s  027.76 iters/s

running (11m13.4s), 017/788 VUs, 36524 complete and 0 interrupted iterations
openloop_oscillating   [  94% ] 017/788 VUs  11m13.4s/12m0s  027.19 iters/s

running (11m14.4s), 019/788 VUs, 36549 complete and 0 interrupted iterations
openloop_oscillating   [  94% ] 019/788 VUs  11m14.4s/12m0s  026.60 iters/s

running (11m15.4s), 019/788 VUs, 36575 complete and 0 interrupted iterations
openloop_oscillating   [  94% ] 019/788 VUs  11m15.4s/12m0s  026.02 iters/s

running (11m16.4s), 021/788 VUs, 36599 complete and 0 interrupted iterations
openloop_oscillating   [  94% ] 021/788 VUs  11m16.4s/12m0s  025.43 iters/s

running (11m17.4s), 019/788 VUs, 36626 complete and 0 interrupted iterations
openloop_oscillating   [  94% ] 019/788 VUs  11m17.4s/12m0s  024.85 iters/s

running (11m18.4s), 018/788 VUs, 36652 complete and 0 interrupted iterations
openloop_oscillating   [  94% ] 018/788 VUs  11m18.4s/12m0s  024.26 iters/s

running (11m19.4s), 018/788 VUs, 36676 complete and 0 interrupted iterations
openloop_oscillating   [  94% ] 018/788 VUs  11m19.4s/12m0s  023.68 iters/s

running (11m20.4s), 017/788 VUs, 36700 complete and 0 interrupted iterations
openloop_oscillating   [  95% ] 017/788 VUs  11m20.4s/12m0s  023.10 iters/s

running (11m21.4s), 018/788 VUs, 36722 complete and 0 interrupted iterations
openloop_oscillating   [  95% ] 018/788 VUs  11m21.4s/12m0s  022.51 iters/s

running (11m22.4s), 014/788 VUs, 36748 complete and 0 interrupted iterations
openloop_oscillating   [  95% ] 014/788 VUs  11m22.4s/12m0s  021.94 iters/s

running (11m23.4s), 015/788 VUs, 36769 complete and 0 interrupted iterations
openloop_oscillating   [  95% ] 015/788 VUs  11m23.4s/12m0s  021.34 iters/s

running (11m24.4s), 016/788 VUs, 36789 complete and 0 interrupted iterations
openloop_oscillating   [  95% ] 016/788 VUs  11m24.4s/12m0s  020.76 iters/s

running (11m25.4s), 013/788 VUs, 36812 complete and 0 interrupted iterations
openloop_oscillating   [  95% ] 013/788 VUs  11m25.4s/12m0s  020.19 iters/s

running (11m26.4s), 014/788 VUs, 36831 complete and 0 interrupted iterations
openloop_oscillating   [  95% ] 014/788 VUs  11m26.4s/12m0s  019.61 iters/s

running (11m27.4s), 014/788 VUs, 36850 complete and 0 interrupted iterations
openloop_oscillating   [  95% ] 014/788 VUs  11m27.4s/12m0s  019.03 iters/s

running (11m28.4s), 013/788 VUs, 36870 complete and 0 interrupted iterations
openloop_oscillating   [  96% ] 013/788 VUs  11m28.4s/12m0s  018.44 iters/s

running (11m29.4s), 012/788 VUs, 36889 complete and 0 interrupted iterations
openloop_oscillating   [  96% ] 012/788 VUs  11m29.4s/12m0s  017.86 iters/s

running (11m30.4s), 011/788 VUs, 36908 complete and 0 interrupted iterations
openloop_oscillating   [  96% ] 011/788 VUs  11m30.4s/12m0s  017.27 iters/s

running (11m31.4s), 013/788 VUs, 36923 complete and 0 interrupted iterations
openloop_oscillating   [  96% ] 013/788 VUs  11m31.4s/12m0s  016.68 iters/s

running (11m32.4s), 010/788 VUs, 36942 complete and 0 interrupted iterations
openloop_oscillating   [  96% ] 010/788 VUs  11m32.4s/12m0s  016.11 iters/s

running (11m33.4s), 012/788 VUs, 36956 complete and 0 interrupted iterations
openloop_oscillating   [  96% ] 012/788 VUs  11m33.4s/12m0s  015.52 iters/s

running (11m34.4s), 010/788 VUs, 36973 complete and 0 interrupted iterations
openloop_oscillating   [  96% ] 010/788 VUs  11m34.4s/12m0s  014.95 iters/s

running (11m35.4s), 011/788 VUs, 36987 complete and 0 interrupted iterations
openloop_oscillating   [  97% ] 011/788 VUs  11m35.4s/12m0s  014.35 iters/s

running (11m36.4s), 010/788 VUs, 37002 complete and 0 interrupted iterations
openloop_oscillating   [  97% ] 010/788 VUs  11m36.4s/12m0s  013.77 iters/s

running (11m37.4s), 010/788 VUs, 37015 complete and 0 interrupted iterations
openloop_oscillating   [  97% ] 010/788 VUs  11m37.4s/12m0s  013.21 iters/s

running (11m38.4s), 007/788 VUs, 37031 complete and 0 interrupted iterations
openloop_oscillating   [  97% ] 007/788 VUs  11m38.4s/12m0s  012.62 iters/s

running (11m39.4s), 008/788 VUs, 37043 complete and 0 interrupted iterations
openloop_oscillating   [  97% ] 008/788 VUs  11m39.4s/12m0s  012.00 iters/s

running (11m40.4s), 009/788 VUs, 37053 complete and 0 interrupted iterations
openloop_oscillating   [  97% ] 009/788 VUs  11m40.4s/12m0s  011.46 iters/s

running (11m41.4s), 009/788 VUs, 37065 complete and 0 interrupted iterations
openloop_oscillating   [  97% ] 009/788 VUs  11m41.4s/12m0s  010.83 iters/s

running (11m42.4s), 006/788 VUs, 37078 complete and 0 interrupted iterations
openloop_oscillating   [  98% ] 006/788 VUs  11m42.4s/12m0s  010.28 iters/s

running (11m43.4s), 007/788 VUs, 37087 complete and 0 interrupted iterations
openloop_oscillating   [  98% ] 007/788 VUs  11m43.4s/12m0s  009.69 iters/s

running (11m44.4s), 007/788 VUs, 37096 complete and 0 interrupted iterations
openloop_oscillating   [  98% ] 007/788 VUs  11m44.4s/12m0s  009.13 iters/s

running (11m45.4s), 004/788 VUs, 37108 complete and 0 interrupted iterations
openloop_oscillating   [  98% ] 004/788 VUs  11m45.4s/12m0s  008.54 iters/s

running (11m46.4s), 008/788 VUs, 37113 complete and 0 interrupted iterations
openloop_oscillating   [  98% ] 008/788 VUs  11m46.4s/12m0s  007.90 iters/s

running (11m47.4s), 005/788 VUs, 37123 complete and 0 interrupted iterations
openloop_oscillating   [  98% ] 005/788 VUs  11m47.4s/12m0s  007.37 iters/s

running (11m48.4s), 004/788 VUs, 37131 complete and 0 interrupted iterations
openloop_oscillating   [  98% ] 004/788 VUs  11m48.4s/12m0s  006.79 iters/s

running (11m49.4s), 004/788 VUs, 37138 complete and 0 interrupted iterations
openloop_oscillating   [  99% ] 004/788 VUs  11m49.4s/12m0s  006.16 iters/s

running (11m50.4s), 004/788 VUs, 37144 complete and 0 interrupted iterations
openloop_oscillating   [  99% ] 004/788 VUs  11m50.4s/12m0s  005.56 iters/s

running (11m51.4s), 003/788 VUs, 37150 complete and 0 interrupted iterations
openloop_oscillating   [  99% ] 003/788 VUs  11m51.4s/12m0s  005.01 iters/s

running (11m52.4s), 003/788 VUs, 37155 complete and 0 interrupted iterations
openloop_oscillating   [  99% ] 003/788 VUs  11m52.4s/12m0s  004.39 iters/s

running (11m53.4s), 003/788 VUs, 37159 complete and 0 interrupted iterations
openloop_oscillating   [  99% ] 003/788 VUs  11m53.4s/12m0s  003.82 iters/s

running (11m54.4s), 002/788 VUs, 37163 complete and 0 interrupted iterations
openloop_oscillating   [  99% ] 002/788 VUs  11m54.4s/12m0s  003.33 iters/s

running (11m55.4s), 001/788 VUs, 37167 complete and 0 interrupted iterations
openloop_oscillating   [  99% ] 001/788 VUs  11m55.4s/12m0s  002.75 iters/s

running (11m56.4s), 002/788 VUs, 37169 complete and 0 interrupted iterations
openloop_oscillating   [ 100% ] 002/788 VUs  11m56.4s/12m0s  002.02 iters/s

running (11m57.4s), 001/788 VUs, 37172 complete and 0 interrupted iterations
openloop_oscillating   [ 100% ] 001/788 VUs  11m57.4s/12m0s  001.30 iters/s

running (11m58.4s), 001/788 VUs, 37173 complete and 0 interrupted iterations
openloop_oscillating   [ 100% ] 001/788 VUs  11m58.4s/12m0s  000.54 iters/s

running (11m59.4s), 000/788 VUs, 37174 complete and 0 interrupted iterations
openloop_oscillating   [ 100% ] 000/788 VUs  11m59.4s/12m0s  000.54 iters/s

     ✗ status is 200
      ↳  54% — ✓ 20181 / ✗ 16993
     ✗ returns quotes
      ↳  54% — ✓ 20181 / ✗ 16993
     ✓ response time <2000ms

     █ setup

     checks.........................: 69.52% ✓ 77536     ✗ 33986
     data_received..................: 19 MB  26 kB/s
     data_sent......................: 17 MB  24 kB/s
     http_req_blocked...............: avg=1.16ms   min=766.84µs med=1.02ms   max=15.83ms p(90)=1.25ms  p(95)=1.77ms  p(99)=4.46ms 
     http_req_connecting............: avg=1.11ms   min=730.23µs med=984.12µs max=15.78ms p(90)=1.2ms   p(95)=1.72ms  p(99)=4.41ms 
     http_req_duration..............: avg=546.75ms min=792.37µs med=626.72ms max=1.56s   p(90)=1.17s   p(95)=1.25s   p(99)=1.35s  
       { expected_response:true }...: avg=975.6ms  min=469.08ms med=992.44ms max=1.56s   p(90)=1.24s   p(95)=1.28s   p(99)=1.37s  
     http_req_failed................: 45.71% ✓ 16993     ✗ 20181
     http_req_receiving.............: avg=1.67ms   min=13.84µs  med=85.71µs  max=87.73ms p(90)=3.22ms  p(95)=4.51ms  p(99)=54.17ms
     http_req_sending...............: avg=43.44µs  min=17.17µs  med=40.71µs  max=44.22ms p(90)=50.94µs p(95)=56.41µs p(99)=69.81µs
     http_req_tls_handshaking.......: avg=0s       min=0s       med=0s       max=0s      p(90)=0s      p(95)=0s      p(99)=0s     
     http_req_waiting...............: avg=545.03ms min=697.85µs med=626.5ms  max=1.55s   p(90)=1.17s   p(95)=1.25s   p(99)=1.34s  
     http_reqs......................: 37174  51.630384/s
     iteration_duration.............: avg=548.12ms min=377.26µs med=628.23ms max=1.56s   p(90)=1.17s   p(95)=1.25s   p(99)=1.35s  
     iterations.....................: 37174  51.630384/s
     req_e2e_duration...............: avg=548.01ms min=2ms      med=628ms    max=1.56s   p(90)=1.17s   p(95)=1.25s   p(99)=1.35s  
     vus............................: 0      min=0       max=63 
     vus_max........................: 788    min=788     max=788


running (12m00.0s), 000/788 VUs, 37174 complete and 0 interrupted iterations
openloop_oscillating ✓ [ 100% ] 000/788 VUs  12m0s  000.54 iters/s
[openloop-wrapper] k6 exit code 0
