
          /\      |‾‾| /‾‾/   /‾‾/   
     /\  /  \     |  |/  /   /  /    
    /  \/    \    |     (   /   ‾‾\  
   /          \   |  |\  \ |  (‾)  | 
  / __________ \  |__| \__\ \_____/ .io

  execution: local
     script: /scripts/load-test.js
     output: json (/results/results.json.gz)

  scenarios: (100.00%) 1 scenario, 225 max VUs, 12m30s max duration (incl. graceful stop):
           * openloop_oscillating: Up to 30.00 iterations/s for 12m0s over 12 stages (maxVUs: 225, gracefulStop: 30s)

time="2026-10-06T12:43:24Z" level=info msg="OPENLOOP_CONFIG service=auth-service pattern=oscillating base_rate=2 peak_rate=30 timeout=5s vu_factor=1.5 openloop_oscillating:ramping-arrival-rate:vus=225/225" source=console
time="2026-10-06T12:43:24Z" level=info msg="PREAUTH_USED tokens=120" source=console
time="2026-10-06T12:43:24Z" level=info msg="SCENARIO_START name=openloop_oscillating start_ms=1791290604053" source=console

running (00m00.8s), 001/225 VUs, 0 complete and 0 interrupted iterations
openloop_oscillating   [   0% ] 001/225 VUs  00m00.8s/12m0s  02.00 iters/s

running (00m01.8s), 000/225 VUs, 3 complete and 0 interrupted iterations
openloop_oscillating   [   0% ] 000/225 VUs  00m01.8s/12m0s  02.00 iters/s

running (00m02.8s), 000/225 VUs, 5 complete and 0 interrupted iterations
openloop_oscillating   [   0% ] 000/225 VUs  00m02.8s/12m0s  02.00 iters/s

running (00m03.8s), 000/225 VUs, 7 complete and 0 interrupted iterations
openloop_oscillating   [   1% ] 000/225 VUs  00m03.8s/12m0s  02.00 iters/s

running (00m04.8s), 000/225 VUs, 9 complete and 0 interrupted iterations
openloop_oscillating   [   1% ] 000/225 VUs  00m04.8s/12m0s  02.00 iters/s

running (00m05.8s), 000/225 VUs, 11 complete and 0 interrupted iterations
openloop_oscillating   [   1% ] 000/225 VUs  00m05.8s/12m0s  02.00 iters/s

running (00m06.8s), 000/225 VUs, 13 complete and 0 interrupted iterations
openloop_oscillating   [   1% ] 000/225 VUs  00m06.8s/12m0s  02.00 iters/s

running (00m07.8s), 000/225 VUs, 15 complete and 0 interrupted iterations
openloop_oscillating   [   1% ] 000/225 VUs  00m07.8s/12m0s  02.00 iters/s

running (00m08.8s), 000/225 VUs, 17 complete and 0 interrupted iterations
openloop_oscillating   [   1% ] 000/225 VUs  00m08.8s/12m0s  02.00 iters/s

running (00m09.8s), 001/225 VUs, 18 complete and 0 interrupted iterations
openloop_oscillating   [   1% ] 001/225 VUs  00m09.8s/12m0s  02.00 iters/s

running (00m10.8s), 000/225 VUs, 21 complete and 0 interrupted iterations
openloop_oscillating   [   2% ] 000/225 VUs  00m10.8s/12m0s  02.00 iters/s

running (00m11.8s), 000/225 VUs, 23 complete and 0 interrupted iterations
openloop_oscillating   [   2% ] 000/225 VUs  00m11.8s/12m0s  02.00 iters/s

running (00m12.8s), 000/225 VUs, 25 complete and 0 interrupted iterations
openloop_oscillating   [   2% ] 000/225 VUs  00m12.8s/12m0s  02.00 iters/s

running (00m13.8s), 000/225 VUs, 27 complete and 0 interrupted iterations
openloop_oscillating   [   2% ] 000/225 VUs  00m13.8s/12m0s  02.00 iters/s

running (00m14.8s), 000/225 VUs, 29 complete and 0 interrupted iterations
openloop_oscillating   [   2% ] 000/225 VUs  00m14.8s/12m0s  02.00 iters/s

running (00m15.8s), 000/225 VUs, 31 complete and 0 interrupted iterations
openloop_oscillating   [   2% ] 000/225 VUs  00m15.8s/12m0s  02.00 iters/s

running (00m16.8s), 000/225 VUs, 33 complete and 0 interrupted iterations
openloop_oscillating   [   2% ] 000/225 VUs  00m16.8s/12m0s  02.00 iters/s

running (00m17.8s), 000/225 VUs, 35 complete and 0 interrupted iterations
openloop_oscillating   [   2% ] 000/225 VUs  00m17.8s/12m0s  02.00 iters/s

running (00m18.8s), 000/225 VUs, 37 complete and 0 interrupted iterations
openloop_oscillating   [   3% ] 000/225 VUs  00m18.8s/12m0s  02.00 iters/s

running (00m19.8s), 000/225 VUs, 39 complete and 0 interrupted iterations
openloop_oscillating   [   3% ] 000/225 VUs  00m19.8s/12m0s  02.00 iters/s

running (00m20.8s), 000/225 VUs, 41 complete and 0 interrupted iterations
openloop_oscillating   [   3% ] 000/225 VUs  00m20.8s/12m0s  02.00 iters/s

running (00m21.8s), 000/225 VUs, 43 complete and 0 interrupted iterations
openloop_oscillating   [   3% ] 000/225 VUs  00m21.8s/12m0s  02.00 iters/s

running (00m22.8s), 000/225 VUs, 45 complete and 0 interrupted iterations
openloop_oscillating   [   3% ] 000/225 VUs  00m22.8s/12m0s  02.00 iters/s

running (00m23.8s), 000/225 VUs, 47 complete and 0 interrupted iterations
openloop_oscillating   [   3% ] 000/225 VUs  00m23.8s/12m0s  02.00 iters/s

running (00m24.8s), 000/225 VUs, 49 complete and 0 interrupted iterations
openloop_oscillating   [   3% ] 000/225 VUs  00m24.8s/12m0s  02.00 iters/s

running (00m25.8s), 000/225 VUs, 51 complete and 0 interrupted iterations
openloop_oscillating   [   4% ] 000/225 VUs  00m25.8s/12m0s  02.00 iters/s

running (00m26.8s), 000/225 VUs, 53 complete and 0 interrupted iterations
openloop_oscillating   [   4% ] 000/225 VUs  00m26.8s/12m0s  02.00 iters/s

running (00m27.8s), 000/225 VUs, 55 complete and 0 interrupted iterations
openloop_oscillating   [   4% ] 000/225 VUs  00m27.8s/12m0s  02.00 iters/s

running (00m28.8s), 000/225 VUs, 57 complete and 0 interrupted iterations
openloop_oscillating   [   4% ] 000/225 VUs  00m28.8s/12m0s  02.00 iters/s

running (00m29.8s), 000/225 VUs, 59 complete and 0 interrupted iterations
openloop_oscillating   [   4% ] 000/225 VUs  00m29.8s/12m0s  02.00 iters/s

running (00m30.8s), 000/225 VUs, 61 complete and 0 interrupted iterations
openloop_oscillating   [   4% ] 000/225 VUs  00m30.8s/12m0s  02.00 iters/s

running (00m31.8s), 000/225 VUs, 63 complete and 0 interrupted iterations
openloop_oscillating   [   4% ] 000/225 VUs  00m31.8s/12m0s  02.00 iters/s

running (00m32.8s), 001/225 VUs, 64 complete and 0 interrupted iterations
openloop_oscillating   [   5% ] 001/225 VUs  00m32.8s/12m0s  02.00 iters/s

running (00m33.8s), 000/225 VUs, 67 complete and 0 interrupted iterations
openloop_oscillating   [   5% ] 000/225 VUs  00m33.8s/12m0s  02.00 iters/s

running (00m34.8s), 001/225 VUs, 68 complete and 0 interrupted iterations
openloop_oscillating   [   5% ] 001/225 VUs  00m34.8s/12m0s  02.00 iters/s

running (00m35.8s), 000/225 VUs, 71 complete and 0 interrupted iterations
openloop_oscillating   [   5% ] 000/225 VUs  00m35.8s/12m0s  02.00 iters/s

running (00m36.8s), 000/225 VUs, 73 complete and 0 interrupted iterations
openloop_oscillating   [   5% ] 000/225 VUs  00m36.8s/12m0s  02.00 iters/s

running (00m37.8s), 000/225 VUs, 75 complete and 0 interrupted iterations
openloop_oscillating   [   5% ] 000/225 VUs  00m37.8s/12m0s  02.00 iters/s

running (00m38.8s), 000/225 VUs, 77 complete and 0 interrupted iterations
openloop_oscillating   [   5% ] 000/225 VUs  00m38.8s/12m0s  02.00 iters/s

running (00m39.8s), 000/225 VUs, 79 complete and 0 interrupted iterations
openloop_oscillating   [   6% ] 000/225 VUs  00m39.8s/12m0s  02.00 iters/s

running (00m40.8s), 000/225 VUs, 81 complete and 0 interrupted iterations
openloop_oscillating   [   6% ] 000/225 VUs  00m40.8s/12m0s  02.00 iters/s

running (00m41.8s), 000/225 VUs, 83 complete and 0 interrupted iterations
openloop_oscillating   [   6% ] 000/225 VUs  00m41.8s/12m0s  02.00 iters/s

running (00m42.8s), 000/225 VUs, 85 complete and 0 interrupted iterations
openloop_oscillating   [   6% ] 000/225 VUs  00m42.8s/12m0s  02.00 iters/s

running (00m43.8s), 000/225 VUs, 87 complete and 0 interrupted iterations
openloop_oscillating   [   6% ] 000/225 VUs  00m43.8s/12m0s  02.00 iters/s

running (00m44.8s), 000/225 VUs, 89 complete and 0 interrupted iterations
openloop_oscillating   [   6% ] 000/225 VUs  00m44.8s/12m0s  02.00 iters/s

running (00m45.8s), 000/225 VUs, 91 complete and 0 interrupted iterations
openloop_oscillating   [   6% ] 000/225 VUs  00m45.8s/12m0s  02.00 iters/s

running (00m46.8s), 000/225 VUs, 93 complete and 0 interrupted iterations
openloop_oscillating   [   7% ] 000/225 VUs  00m46.8s/12m0s  02.00 iters/s

running (00m47.8s), 000/225 VUs, 95 complete and 0 interrupted iterations
openloop_oscillating   [   7% ] 000/225 VUs  00m47.8s/12m0s  02.00 iters/s

running (00m48.8s), 000/225 VUs, 97 complete and 0 interrupted iterations
openloop_oscillating   [   7% ] 000/225 VUs  00m48.8s/12m0s  02.00 iters/s

running (00m49.8s), 000/225 VUs, 99 complete and 0 interrupted iterations
openloop_oscillating   [   7% ] 000/225 VUs  00m49.8s/12m0s  02.00 iters/s

running (00m50.8s), 000/225 VUs, 101 complete and 0 interrupted iterations
openloop_oscillating   [   7% ] 000/225 VUs  00m50.8s/12m0s  02.00 iters/s

running (00m51.8s), 000/225 VUs, 103 complete and 0 interrupted iterations
openloop_oscillating   [   7% ] 000/225 VUs  00m51.8s/12m0s  02.00 iters/s

running (00m52.8s), 000/225 VUs, 105 complete and 0 interrupted iterations
openloop_oscillating   [   7% ] 000/225 VUs  00m52.8s/12m0s  02.00 iters/s

running (00m53.8s), 000/225 VUs, 107 complete and 0 interrupted iterations
openloop_oscillating   [   7% ] 000/225 VUs  00m53.8s/12m0s  02.00 iters/s

running (00m54.8s), 000/225 VUs, 109 complete and 0 interrupted iterations
openloop_oscillating   [   8% ] 000/225 VUs  00m54.8s/12m0s  02.00 iters/s

running (00m55.8s), 000/225 VUs, 111 complete and 0 interrupted iterations
openloop_oscillating   [   8% ] 000/225 VUs  00m55.8s/12m0s  02.00 iters/s

running (00m56.8s), 000/225 VUs, 113 complete and 0 interrupted iterations
openloop_oscillating   [   8% ] 000/225 VUs  00m56.8s/12m0s  02.00 iters/s

running (00m57.8s), 000/225 VUs, 115 complete and 0 interrupted iterations
openloop_oscillating   [   8% ] 000/225 VUs  00m57.8s/12m0s  02.00 iters/s

running (00m58.8s), 000/225 VUs, 117 complete and 0 interrupted iterations
openloop_oscillating   [   8% ] 000/225 VUs  00m58.8s/12m0s  02.00 iters/s

running (00m59.8s), 000/225 VUs, 119 complete and 0 interrupted iterations
openloop_oscillating   [   8% ] 000/225 VUs  00m59.8s/12m0s  02.00 iters/s

running (01m00.8s), 000/225 VUs, 121 complete and 0 interrupted iterations
openloop_oscillating   [   8% ] 000/225 VUs  01m00.8s/12m0s  02.00 iters/s

running (01m01.8s), 000/225 VUs, 123 complete and 0 interrupted iterations
openloop_oscillating   [   9% ] 000/225 VUs  01m01.8s/12m0s  02.00 iters/s

running (01m02.8s), 000/225 VUs, 125 complete and 0 interrupted iterations
openloop_oscillating   [   9% ] 000/225 VUs  01m02.8s/12m0s  02.00 iters/s

running (01m03.8s), 000/225 VUs, 127 complete and 0 interrupted iterations
openloop_oscillating   [   9% ] 000/225 VUs  01m03.8s/12m0s  02.00 iters/s

running (01m04.8s), 000/225 VUs, 129 complete and 0 interrupted iterations
openloop_oscillating   [   9% ] 000/225 VUs  01m04.8s/12m0s  02.00 iters/s

running (01m05.8s), 000/225 VUs, 131 complete and 0 interrupted iterations
openloop_oscillating   [   9% ] 000/225 VUs  01m05.8s/12m0s  02.00 iters/s

running (01m06.8s), 000/225 VUs, 133 complete and 0 interrupted iterations
openloop_oscillating   [   9% ] 000/225 VUs  01m06.8s/12m0s  02.00 iters/s

running (01m07.8s), 000/225 VUs, 135 complete and 0 interrupted iterations
openloop_oscillating   [   9% ] 000/225 VUs  01m07.8s/12m0s  02.00 iters/s

running (01m08.8s), 000/225 VUs, 137 complete and 0 interrupted iterations
openloop_oscillating   [  10% ] 000/225 VUs  01m08.8s/12m0s  02.00 iters/s

running (01m09.8s), 000/225 VUs, 139 complete and 0 interrupted iterations
openloop_oscillating   [  10% ] 000/225 VUs  01m09.8s/12m0s  02.00 iters/s

running (01m10.8s), 000/225 VUs, 141 complete and 0 interrupted iterations
openloop_oscillating   [  10% ] 000/225 VUs  01m10.8s/12m0s  02.00 iters/s

running (01m11.8s), 000/225 VUs, 143 complete and 0 interrupted iterations
openloop_oscillating   [  10% ] 000/225 VUs  01m11.8s/12m0s  02.00 iters/s

running (01m12.8s), 000/225 VUs, 145 complete and 0 interrupted iterations
openloop_oscillating   [  10% ] 000/225 VUs  01m12.8s/12m0s  02.00 iters/s

running (01m13.8s), 000/225 VUs, 147 complete and 0 interrupted iterations
openloop_oscillating   [  10% ] 000/225 VUs  01m13.8s/12m0s  02.00 iters/s

running (01m14.8s), 000/225 VUs, 149 complete and 0 interrupted iterations
openloop_oscillating   [  10% ] 000/225 VUs  01m14.8s/12m0s  02.00 iters/s

running (01m15.8s), 000/225 VUs, 151 complete and 0 interrupted iterations
openloop_oscillating   [  11% ] 000/225 VUs  01m15.8s/12m0s  02.00 iters/s

running (01m16.8s), 000/225 VUs, 153 complete and 0 interrupted iterations
openloop_oscillating   [  11% ] 000/225 VUs  01m16.8s/12m0s  02.00 iters/s

running (01m17.8s), 000/225 VUs, 155 complete and 0 interrupted iterations
openloop_oscillating   [  11% ] 000/225 VUs  01m17.8s/12m0s  02.00 iters/s

running (01m18.8s), 001/225 VUs, 156 complete and 0 interrupted iterations
openloop_oscillating   [  11% ] 001/225 VUs  01m18.8s/12m0s  02.00 iters/s

running (01m19.8s), 000/225 VUs, 159 complete and 0 interrupted iterations
openloop_oscillating   [  11% ] 000/225 VUs  01m19.8s/12m0s  02.00 iters/s

running (01m20.8s), 000/225 VUs, 161 complete and 0 interrupted iterations
openloop_oscillating   [  11% ] 000/225 VUs  01m20.8s/12m0s  02.00 iters/s

running (01m21.8s), 000/225 VUs, 163 complete and 0 interrupted iterations
openloop_oscillating   [  11% ] 000/225 VUs  01m21.8s/12m0s  02.00 iters/s

running (01m22.8s), 000/225 VUs, 165 complete and 0 interrupted iterations
openloop_oscillating   [  12% ] 000/225 VUs  01m22.8s/12m0s  02.00 iters/s

running (01m23.8s), 000/225 VUs, 167 complete and 0 interrupted iterations
openloop_oscillating   [  12% ] 000/225 VUs  01m23.8s/12m0s  02.00 iters/s

running (01m24.8s), 001/225 VUs, 168 complete and 0 interrupted iterations
openloop_oscillating   [  12% ] 001/225 VUs  01m24.8s/12m0s  02.00 iters/s

running (01m25.8s), 000/225 VUs, 171 complete and 0 interrupted iterations
openloop_oscillating   [  12% ] 000/225 VUs  01m25.8s/12m0s  02.00 iters/s

running (01m26.8s), 000/225 VUs, 173 complete and 0 interrupted iterations
openloop_oscillating   [  12% ] 000/225 VUs  01m26.8s/12m0s  02.00 iters/s

running (01m27.8s), 001/225 VUs, 174 complete and 0 interrupted iterations
openloop_oscillating   [  12% ] 001/225 VUs  01m27.8s/12m0s  02.00 iters/s

running (01m28.8s), 001/225 VUs, 176 complete and 0 interrupted iterations
openloop_oscillating   [  12% ] 001/225 VUs  01m28.8s/12m0s  02.00 iters/s

running (01m29.8s), 000/225 VUs, 179 complete and 0 interrupted iterations
openloop_oscillating   [  12% ] 000/225 VUs  01m29.8s/12m0s  02.00 iters/s

running (01m30.8s), 000/225 VUs, 181 complete and 0 interrupted iterations
openloop_oscillating   [  13% ] 000/225 VUs  01m30.8s/12m0s  02.00 iters/s

running (01m31.8s), 000/225 VUs, 183 complete and 0 interrupted iterations
openloop_oscillating   [  13% ] 000/225 VUs  01m31.8s/12m0s  02.00 iters/s

running (01m32.8s), 000/225 VUs, 185 complete and 0 interrupted iterations
openloop_oscillating   [  13% ] 000/225 VUs  01m32.8s/12m0s  02.00 iters/s

running (01m33.8s), 000/225 VUs, 187 complete and 0 interrupted iterations
openloop_oscillating   [  13% ] 000/225 VUs  01m33.8s/12m0s  02.00 iters/s

running (01m34.8s), 000/225 VUs, 189 complete and 0 interrupted iterations
openloop_oscillating   [  13% ] 000/225 VUs  01m34.8s/12m0s  02.00 iters/s

running (01m35.8s), 000/225 VUs, 191 complete and 0 interrupted iterations
openloop_oscillating   [  13% ] 000/225 VUs  01m35.8s/12m0s  02.00 iters/s

running (01m36.8s), 000/225 VUs, 193 complete and 0 interrupted iterations
openloop_oscillating   [  13% ] 000/225 VUs  01m36.8s/12m0s  02.00 iters/s

running (01m37.8s), 000/225 VUs, 195 complete and 0 interrupted iterations
openloop_oscillating   [  14% ] 000/225 VUs  01m37.8s/12m0s  02.00 iters/s

running (01m38.8s), 001/225 VUs, 196 complete and 0 interrupted iterations
openloop_oscillating   [  14% ] 001/225 VUs  01m38.8s/12m0s  02.00 iters/s

running (01m39.8s), 000/225 VUs, 199 complete and 0 interrupted iterations
openloop_oscillating   [  14% ] 000/225 VUs  01m39.8s/12m0s  02.00 iters/s

running (01m40.8s), 000/225 VUs, 201 complete and 0 interrupted iterations
openloop_oscillating   [  14% ] 000/225 VUs  01m40.8s/12m0s  02.00 iters/s

running (01m41.8s), 000/225 VUs, 203 complete and 0 interrupted iterations
openloop_oscillating   [  14% ] 000/225 VUs  01m41.8s/12m0s  02.00 iters/s

running (01m42.8s), 001/225 VUs, 204 complete and 0 interrupted iterations
openloop_oscillating   [  14% ] 001/225 VUs  01m42.8s/12m0s  02.00 iters/s

running (01m43.8s), 000/225 VUs, 207 complete and 0 interrupted iterations
openloop_oscillating   [  14% ] 000/225 VUs  01m43.8s/12m0s  02.00 iters/s

running (01m44.8s), 000/225 VUs, 209 complete and 0 interrupted iterations
openloop_oscillating   [  15% ] 000/225 VUs  01m44.8s/12m0s  02.00 iters/s

running (01m45.8s), 000/225 VUs, 211 complete and 0 interrupted iterations
openloop_oscillating   [  15% ] 000/225 VUs  01m45.8s/12m0s  02.00 iters/s

running (01m46.8s), 001/225 VUs, 212 complete and 0 interrupted iterations
openloop_oscillating   [  15% ] 001/225 VUs  01m46.8s/12m0s  02.00 iters/s

running (01m47.8s), 000/225 VUs, 215 complete and 0 interrupted iterations
openloop_oscillating   [  15% ] 000/225 VUs  01m47.8s/12m0s  02.00 iters/s

running (01m48.8s), 000/225 VUs, 217 complete and 0 interrupted iterations
openloop_oscillating   [  15% ] 000/225 VUs  01m48.8s/12m0s  02.00 iters/s

running (01m49.8s), 000/225 VUs, 219 complete and 0 interrupted iterations
openloop_oscillating   [  15% ] 000/225 VUs  01m49.8s/12m0s  02.00 iters/s

running (01m50.8s), 000/225 VUs, 221 complete and 0 interrupted iterations
openloop_oscillating   [  15% ] 000/225 VUs  01m50.8s/12m0s  02.00 iters/s

running (01m51.8s), 000/225 VUs, 223 complete and 0 interrupted iterations
openloop_oscillating   [  16% ] 000/225 VUs  01m51.8s/12m0s  02.00 iters/s

running (01m52.8s), 000/225 VUs, 225 complete and 0 interrupted iterations
openloop_oscillating   [  16% ] 000/225 VUs  01m52.8s/12m0s  02.00 iters/s

running (01m53.8s), 000/225 VUs, 227 complete and 0 interrupted iterations
openloop_oscillating   [  16% ] 000/225 VUs  01m53.8s/12m0s  02.00 iters/s

running (01m54.8s), 000/225 VUs, 229 complete and 0 interrupted iterations
openloop_oscillating   [  16% ] 000/225 VUs  01m54.8s/12m0s  02.00 iters/s

running (01m55.8s), 000/225 VUs, 231 complete and 0 interrupted iterations
openloop_oscillating   [  16% ] 000/225 VUs  01m55.8s/12m0s  02.00 iters/s

running (01m56.8s), 000/225 VUs, 233 complete and 0 interrupted iterations
openloop_oscillating   [  16% ] 000/225 VUs  01m56.8s/12m0s  02.00 iters/s

running (01m57.8s), 000/225 VUs, 235 complete and 0 interrupted iterations
openloop_oscillating   [  16% ] 000/225 VUs  01m57.8s/12m0s  02.00 iters/s

running (01m58.8s), 000/225 VUs, 237 complete and 0 interrupted iterations
openloop_oscillating   [  17% ] 000/225 VUs  01m58.8s/12m0s  02.00 iters/s

running (01m59.8s), 001/225 VUs, 238 complete and 0 interrupted iterations
openloop_oscillating   [  17% ] 001/225 VUs  01m59.8s/12m0s  02.00 iters/s

running (02m00.8s), 000/225 VUs, 242 complete and 0 interrupted iterations
openloop_oscillating   [  17% ] 000/225 VUs  02m00.8s/12m0s  04.23 iters/s

running (02m01.8s), 001/225 VUs, 247 complete and 0 interrupted iterations
openloop_oscillating   [  17% ] 001/225 VUs  02m01.8s/12m0s  07.18 iters/s

running (02m02.8s), 001/225 VUs, 255 complete and 0 interrupted iterations
openloop_oscillating   [  17% ] 001/225 VUs  02m02.8s/12m0s  09.82 iters/s

running (02m03.8s), 001/225 VUs, 266 complete and 0 interrupted iterations
openloop_oscillating   [  17% ] 001/225 VUs  02m03.8s/12m0s  12.57 iters/s

running (02m04.8s), 001/225 VUs, 281 complete and 0 interrupted iterations
openloop_oscillating   [  17% ] 001/225 VUs  02m04.8s/12m0s  15.56 iters/s

running (02m05.8s), 001/225 VUs, 297 complete and 0 interrupted iterations
openloop_oscillating   [  17% ] 001/225 VUs  02m05.8s/12m0s  18.21 iters/s

running (02m06.8s), 011/225 VUs, 307 complete and 0 interrupted iterations
openloop_oscillating   [  18% ] 011/225 VUs  02m06.8s/12m0s  21.06 iters/s

running (02m07.8s), 033/225 VUs, 308 complete and 0 interrupted iterations
openloop_oscillating   [  18% ] 033/225 VUs  02m07.8s/12m0s  23.92 iters/s

running (02m08.8s), 050/225 VUs, 316 complete and 0 interrupted iterations
openloop_oscillating   [  18% ] 050/225 VUs  02m08.8s/12m0s  26.69 iters/s

running (02m09.8s), 067/225 VUs, 327 complete and 0 interrupted iterations
openloop_oscillating   [  18% ] 067/225 VUs  02m09.8s/12m0s  29.48 iters/s

running (02m10.8s), 051/225 VUs, 373 complete and 0 interrupted iterations
openloop_oscillating   [  18% ] 051/225 VUs  02m10.8s/12m0s  30.00 iters/s

running (02m11.8s), 054/225 VUs, 400 complete and 0 interrupted iterations
openloop_oscillating   [  18% ] 054/225 VUs  02m11.8s/12m0s  30.00 iters/s
time="2026-10-06T12:45:35Z" level=warning msg="Request Failed" error="Post \"http://auth-service.ecommerce.svc.cluster.local:8001/auth/login\": request timeout"
time="2026-10-06T12:45:36Z" level=warning msg="Request Failed" error="Post \"http://auth-service.ecommerce.svc.cluster.local:8001/auth/login\": request timeout"
time="2026-10-06T12:45:36Z" level=warning msg="Request Failed" error="Post \"http://auth-service.ecommerce.svc.cluster.local:8001/auth/login\": request timeout"

running (02m12.8s), 056/225 VUs, 428 complete and 0 interrupted iterations
openloop_oscillating   [  18% ] 056/225 VUs  02m12.8s/12m0s  30.00 iters/s

running (02m13.8s), 069/225 VUs, 445 complete and 0 interrupted iterations
openloop_oscillating   [  19% ] 069/225 VUs  02m13.8s/12m0s  30.00 iters/s
time="2026-10-06T12:45:38Z" level=warning msg="Request Failed" error="Post \"http://auth-service.ecommerce.svc.cluster.local:8001/auth/login\": request timeout"

running (02m14.8s), 067/225 VUs, 477 complete and 0 interrupted iterations
openloop_oscillating   [  19% ] 067/225 VUs  02m14.8s/12m0s  30.00 iters/s
time="2026-10-06T12:45:39Z" level=warning msg="Request Failed" error="Post \"http://auth-service.ecommerce.svc.cluster.local:8001/auth/login\": request timeout"
time="2026-10-06T12:45:39Z" level=warning msg="Request Failed" error="Post \"http://auth-service.ecommerce.svc.cluster.local:8001/auth/login\": request timeout"
time="2026-10-06T12:45:39Z" level=warning msg="Request Failed" error="Post \"http://auth-service.ecommerce.svc.cluster.local:8001/auth/login\": request timeout"

running (02m15.8s), 068/225 VUs, 506 complete and 0 interrupted iterations
openloop_oscillating   [  19% ] 068/225 VUs  02m15.8s/12m0s  30.00 iters/s
time="2026-10-06T12:45:39Z" level=warning msg="Request Failed" error="Post \"http://auth-service.ecommerce.svc.cluster.local:8001/auth/login\": request timeout"
time="2026-10-06T12:45:40Z" level=warning msg="Request Failed" error="Post \"http://auth-service.ecommerce.svc.cluster.local:8001/auth/login\": request timeout"
time="2026-10-06T12:45:40Z" level=warning msg="Request Failed" error="Post \"http://auth-service.ecommerce.svc.cluster.local:8001/auth/login\": request timeout"

running (02m16.8s), 074/225 VUs, 530 complete and 0 interrupted iterations
openloop_oscillating   [  19% ] 074/225 VUs  02m16.8s/12m0s  30.00 iters/s
time="2026-10-06T12:45:41Z" level=warning msg="Request Failed" error="Post \"http://auth-service.ecommerce.svc.cluster.local:8001/auth/login\": request timeout"
time="2026-10-06T12:45:41Z" level=warning msg="Request Failed" error="Post \"http://auth-service.ecommerce.svc.cluster.local:8001/auth/login\": request timeout"

running (02m17.8s), 081/225 VUs, 553 complete and 0 interrupted iterations
openloop_oscillating   [  19% ] 081/225 VUs  02m17.8s/12m0s  30.00 iters/s

running (02m18.8s), 100/225 VUs, 564 complete and 0 interrupted iterations
openloop_oscillating   [  19% ] 100/225 VUs  02m18.8s/12m0s  30.00 iters/s
time="2026-10-06T12:45:42Z" level=warning msg="Request Failed" error="Post \"http://auth-service.ecommerce.svc.cluster.local:8001/auth/login\": request timeout"
time="2026-10-06T12:45:42Z" level=warning msg="Request Failed" error="Post \"http://auth-service.ecommerce.svc.cluster.local:8001/auth/login\": request timeout"
time="2026-10-06T12:45:43Z" level=warning msg="Request Failed" error="Post \"http://auth-service.ecommerce.svc.cluster.local:8001/auth/login\": request timeout"
time="2026-10-06T12:45:43Z" level=warning msg="Request Failed" error="Post \"http://auth-service.ecommerce.svc.cluster.local:8001/auth/login\": request timeout"

running (02m19.8s), 097/225 VUs, 597 complete and 0 interrupted iterations
openloop_oscillating   [  19% ] 097/225 VUs  02m19.8s/12m0s  30.00 iters/s
time="2026-10-06T12:45:44Z" level=warning msg="Request Failed" error="Post \"http://auth-service.ecommerce.svc.cluster.local:8001/auth/login\": request timeout"

running (02m20.8s), 113/225 VUs, 611 complete and 0 interrupted iterations
openloop_oscillating   [  20% ] 113/225 VUs  02m20.8s/12m0s  30.00 iters/s
time="2026-10-06T12:45:44Z" level=warning msg="Request Failed" error="Post \"http://auth-service.ecommerce.svc.cluster.local:8001/auth/login\": request timeout"

running (02m21.8s), 089/225 VUs, 665 complete and 0 interrupted iterations
openloop_oscillating   [  20% ] 089/225 VUs  02m21.8s/12m0s  30.00 iters/s

running (02m22.8s), 103/225 VUs, 681 complete and 0 interrupted iterations
openloop_oscillating   [  20% ] 103/225 VUs  02m22.8s/12m0s  30.00 iters/s
time="2026-10-06T12:45:47Z" level=warning msg="Request Failed" error="Post \"http://auth-service.ecommerce.svc.cluster.local:8001/auth/login\": request timeout"
time="2026-10-06T12:45:47Z" level=warning msg="Request Failed" error="Post \"http://auth-service.ecommerce.svc.cluster.local:8001/auth/login\": request timeout"
time="2026-10-06T12:45:47Z" level=warning msg="Request Failed" error="Post \"http://auth-service.ecommerce.svc.cluster.local:8001/auth/login\": request timeout"
time="2026-10-06T12:45:47Z" level=warning msg="Request Failed" error="Post \"http://auth-service.ecommerce.svc.cluster.local:8001/auth/login\": request timeout"

running (02m23.8s), 104/225 VUs, 710 complete and 0 interrupted iterations
openloop_oscillating   [  20% ] 104/225 VUs  02m23.8s/12m0s  30.00 iters/s
time="2026-10-06T12:45:47Z" level=warning msg="Request Failed" error="Post \"http://auth-service.ecommerce.svc.cluster.local:8001/auth/login\": request timeout"
time="2026-10-06T12:45:48Z" level=warning msg="Request Failed" error="Post \"http://auth-service.ecommerce.svc.cluster.local:8001/auth/login\": request timeout"

running (02m24.8s), 123/225 VUs, 721 complete and 0 interrupted iterations
openloop_oscillating   [  20% ] 123/225 VUs  02m24.8s/12m0s  30.00 iters/s
time="2026-10-06T12:45:49Z" level=warning msg="Request Failed" error="Post \"http://auth-service.ecommerce.svc.cluster.local:8001/auth/login\": request timeout"
time="2026-10-06T12:45:49Z" level=warning msg="Request Failed" error="Post \"http://auth-service.ecommerce.svc.cluster.local:8001/auth/login\": request timeout"
time="2026-10-06T12:45:49Z" level=warning msg="Request Failed" error="Post \"http://auth-service.ecommerce.svc.cluster.local:8001/auth/login\": request timeout"
time="2026-10-06T12:45:49Z" level=warning msg="Request Failed" error="Post \"http://auth-service.ecommerce.svc.cluster.local:8001/auth/login\": request timeout"
time="2026-10-06T12:45:49Z" level=warning msg="Request Failed" error="Post \"http://auth-service.ecommerce.svc.cluster.local:8001/auth/login\": request timeout"

running (02m25.8s), 133/225 VUs, 741 complete and 0 interrupted iterations
openloop_oscillating   [  20% ] 133/225 VUs  02m25.8s/12m0s  30.00 iters/s
time="2026-10-06T12:45:49Z" level=warning msg="Request Failed" error="Post \"http://auth-service.ecommerce.svc.cluster.local:8001/auth/login\": request timeout"
time="2026-10-06T12:45:49Z" level=warning msg="Request Failed" error="Post \"http://auth-service.ecommerce.svc.cluster.local:8001/auth/login\": request timeout"
time="2026-10-06T12:45:49Z" level=warning msg="Request Failed" error="Post \"http://auth-service.ecommerce.svc.cluster.local:8001/auth/login\": request timeout"
time="2026-10-06T12:45:50Z" level=warning msg="Request Failed" error="Get \"http://auth-service.ecommerce.svc.cluster.local:8001/auth/me\": request timeout"
time="2026-10-06T12:45:50Z" level=warning msg="Request Failed" error="request timeout"
time="2026-10-06T12:45:50Z" level=warning msg="Request Failed" error="Post \"http://auth-service.ecommerce.svc.cluster.local:8001/auth/login\": request timeout"
time="2026-10-06T12:45:50Z" level=warning msg="Request Failed" error="Post \"http://auth-service.ecommerce.svc.cluster.local:8001/auth/login\": request timeout"
time="2026-10-06T12:45:50Z" level=warning msg="Request Failed" error="Get \"http://auth-service.ecommerce.svc.cluster.local:8001/auth/me\": request timeout"
time="2026-10-06T12:45:50Z" level=warning msg="Request Failed" error="Get \"http://auth-service.ecommerce.svc.cluster.local:8001/auth/me\": request timeout"
time="2026-10-06T12:45:50Z" level=warning msg="Request Failed" error="Get \"http://auth-service.ecommerce.svc.cluster.local:8001/auth/me\": request timeout"

running (02m26.8s), 142/225 VUs, 762 complete and 0 interrupted iterations
openloop_oscillating   [  20% ] 142/225 VUs  02m26.8s/12m0s  30.00 iters/s
time="2026-10-06T12:45:50Z" level=warning msg="Request Failed" error="Get \"http://auth-service.ecommerce.svc.cluster.local:8001/auth/me\": request timeout"
time="2026-10-06T12:45:51Z" level=warning msg="Request Failed" error="Post \"http://auth-service.ecommerce.svc.cluster.local:8001/auth/login\": request timeout"
time="2026-10-06T12:45:51Z" level=warning msg="Request Failed" error="Post \"http://auth-service.ecommerce.svc.cluster.local:8001/auth/login\": request timeout"
time="2026-10-06T12:45:51Z" level=warning msg="Request Failed" error="Get \"http://auth-service.ecommerce.svc.cluster.local:8001/auth/me\": request timeout"
time="2026-10-06T12:45:51Z" level=warning msg="Request Failed" error="Get \"http://auth-service.ecommerce.svc.cluster.local:8001/auth/me\": request timeout"
time="2026-10-06T12:45:51Z" level=warning msg="Request Failed" error="Get \"http://auth-service.ecommerce.svc.cluster.local:8001/auth/me\": request timeout"
time="2026-10-06T12:45:51Z" level=warning msg="Request Failed" error="Get \"http://auth-service.ecommerce.svc.cluster.local:8001/auth/me\": request timeout"
time="2026-10-06T12:45:51Z" level=warning msg="Request Failed" error="Get \"http://auth-service.ecommerce.svc.cluster.local:8001/auth/me\": request timeout"
time="2026-10-06T12:45:51Z" level=warning msg="Request Failed" error="Post \"http://auth-service.ecommerce.svc.cluster.local:8001/auth/login\": request timeout"
time="2026-10-06T12:45:51Z" level=warning msg="Request Failed" error="Get \"http://auth-service.ecommerce.svc.cluster.local:8001/auth/me\": request timeout"
time="2026-10-06T12:45:51Z" level=warning msg="Request Failed" error="Get \"http://auth-service.ecommerce.svc.cluster.local:8001/auth/me\": request timeout"
time="2026-10-06T12:45:51Z" level=warning msg="Request Failed" error="Post \"http://auth-service.ecommerce.svc.cluster.local:8001/auth/login\": request timeout"
time="2026-10-06T12:45:51Z" level=warning msg="Request Failed" error="Get \"http://auth-service.ecommerce.svc.cluster.local:8001/auth/me\": request timeout"
time="2026-10-06T12:45:51Z" level=warning msg="Request Failed" error="Post \"http://auth-service.ecommerce.svc.cluster.local:8001/auth/login\": request timeout"
time="2026-10-06T12:45:51Z" level=warning msg="Request Failed" error="Post \"http://auth-service.ecommerce.svc.cluster.local:8001/auth/login\": request timeout"

running (02m27.8s), 146/225 VUs, 788 complete and 0 interrupted iterations
openloop_oscillating   [  21% ] 146/225 VUs  02m27.8s/12m0s  30.00 iters/s
time="2026-10-06T12:45:52Z" level=warning msg="Request Failed" error="Get \"http://auth-service.ecommerce.svc.cluster.local:8001/auth/me\": request timeout"
time="2026-10-06T12:45:52Z" level=warning msg="Request Failed" error="Post \"http://auth-service.ecommerce.svc.cluster.local:8001/auth/login\": request timeout"
time="2026-10-06T12:45:52Z" level=warning msg="Request Failed" error="Get \"http://auth-service.ecommerce.svc.cluster.local:8001/auth/me\": request timeout"
time="2026-10-06T12:45:52Z" level=warning msg="Request Failed" error="Get \"http://auth-service.ecommerce.svc.cluster.local:8001/auth/me\": request timeout"
time="2026-10-06T12:45:52Z" level=warning msg="Request Failed" error="Post \"http://auth-service.ecommerce.svc.cluster.local:8001/auth/login\": request timeout"
time="2026-10-06T12:45:52Z" level=warning msg="Request Failed" error="Get \"http://auth-service.ecommerce.svc.cluster.local:8001/auth/me\": request timeout"
time="2026-10-06T12:45:52Z" level=warning msg="Request Failed" error="Post \"http://auth-service.ecommerce.svc.cluster.local:8001/auth/login\": request timeout"
time="2026-10-06T12:45:52Z" level=warning msg="Request Failed" error="Get \"http://auth-service.ecommerce.svc.cluster.local:8001/auth/me\": request timeout"
time="2026-10-06T12:45:52Z" level=warning msg="Request Failed" error="Post \"http://auth-service.ecommerce.svc.cluster.local:8001/auth/login\": request timeout"
time="2026-10-06T12:45:52Z" level=warning msg="Request Failed" error="Get \"http://auth-service.ecommerce.svc.cluster.local:8001/auth/me\": request timeout"
time="2026-10-06T12:45:52Z" level=warning msg="Request Failed" error="Get \"http://auth-service.ecommerce.svc.cluster.local:8001/auth/me\": request timeout"
time="2026-10-06T12:45:52Z" level=warning msg="Request Failed" error="Get \"http://auth-service.ecommerce.svc.cluster.local:8001/auth/me\": request timeout"
time="2026-10-06T12:45:52Z" level=warning msg="Request Failed" error="Get \"http://auth-service.ecommerce.svc.cluster.local:8001/auth/me\": request timeout"
time="2026-10-06T12:45:52Z" level=warning msg="Request Failed" error="Get \"http://auth-service.ecommerce.svc.cluster.local:8001/auth/me\": request timeout"
time="2026-10-06T12:45:52Z" level=warning msg="Request Failed" error="Get \"http://auth-service.ecommerce.svc.cluster.local:8001/auth/me\": request timeout"
time="2026-10-06T12:45:52Z" level=warning msg="Request Failed" error="Get \"http://auth-service.ecommerce.svc.cluster.local:8001/auth/me\": request timeout"
time="2026-10-06T12:45:52Z" level=warning msg="Request Failed" error="Get \"http://auth-service.ecommerce.svc.cluster.local:8001/auth/me\": request timeout"
time="2026-10-06T12:45:52Z" level=warning msg="Request Failed" error="Get \"http://auth-service.ecommerce.svc.cluster.local:8001/auth/me\": request timeout"

running (02m28.8s), 148/225 VUs, 816 complete and 0 interrupted iterations
openloop_oscillating   [  21% ] 148/225 VUs  02m28.8s/12m0s  30.00 iters/s
time="2026-10-06T12:45:52Z" level=warning msg="Request Failed" error="Get \"http://auth-service.ecommerce.svc.cluster.local:8001/auth/me\": request timeout"
time="2026-10-06T12:45:53Z" level=warning msg="Request Failed" error="Get \"http://auth-service.ecommerce.svc.cluster.local:8001/auth/me\": request timeout"
time="2026-10-06T12:45:53Z" level=warning msg="Request Failed" error="Get \"http://auth-service.ecommerce.svc.cluster.local:8001/auth/me\": request timeout"
time="2026-10-06T12:45:53Z" level=warning msg="Request Failed" error="Get \"http://auth-service.ecommerce.svc.cluster.local:8001/auth/me\": request timeout"
time="2026-10-06T12:45:53Z" level=warning msg="Request Failed" error="Post \"http://auth-service.ecommerce.svc.cluster.local:8001/auth/login\": request timeout"
time="2026-10-06T12:45:53Z" level=warning msg="Request Failed" error="Get \"http://auth-service.ecommerce.svc.cluster.local:8001/auth/me\": request timeout"
time="2026-10-06T12:45:53Z" level=warning msg="Request Failed" error="Get \"http://auth-service.ecommerce.svc.cluster.local:8001/auth/me\": request timeout"
time="2026-10-06T12:45:53Z" level=warning msg="Request Failed" error="Get \"http://auth-service.ecommerce.svc.cluster.local:8001/auth/me\": request timeout"
time="2026-10-06T12:45:53Z" level=warning msg="Request Failed" error="Get \"http://auth-service.ecommerce.svc.cluster.local:8001/auth/me\": request timeout"
time="2026-10-06T12:45:53Z" level=warning msg="Request Failed" error="Post \"http://auth-service.ecommerce.svc.cluster.local:8001/auth/login\": request timeout"
time="2026-10-06T12:45:53Z" level=warning msg="Request Failed" error="Post \"http://auth-service.ecommerce.svc.cluster.local:8001/auth/login\": request timeout"
time="2026-10-06T12:45:53Z" level=warning msg="Request Failed" error="Get \"http://auth-service.ecommerce.svc.cluster.local:8001/auth/me\": request timeout"
time="2026-10-06T12:45:53Z" level=warning msg="Request Failed" error="Post \"http://auth-service.ecommerce.svc.cluster.local:8001/auth/login\": request timeout"
time="2026-10-06T12:45:53Z" level=warning msg="Request Failed" error="Get \"http://auth-service.ecommerce.svc.cluster.local:8001/auth/me\": request timeout"
time="2026-10-06T12:45:53Z" level=warning msg="Request Failed" error="Get \"http://auth-service.ecommerce.svc.cluster.local:8001/auth/me\": request timeout"
time="2026-10-06T12:45:53Z" level=warning msg="Request Failed" error="Post \"http://auth-service.ecommerce.svc.cluster.local:8001/auth/login\": request timeout"
time="2026-10-06T12:45:53Z" level=warning msg="Request Failed" error="Get \"http://auth-service.ecommerce.svc.cluster.local:8001/auth/me\": request timeout"
time="2026-10-06T12:45:53Z" level=warning msg="Request Failed" error="Get \"http://auth-service.ecommerce.svc.cluster.local:8001/auth/me\": request timeout"
time="2026-10-06T12:45:53Z" level=warning msg="Request Failed" error="Get \"http://auth-service.ecommerce.svc.cluster.local:8001/auth/me\": request timeout"
time="2026-10-06T12:45:53Z" level=warning msg="Request Failed" error="Get \"http://auth-service.ecommerce.svc.cluster.local:8001/auth/me\": request timeout"
time="2026-10-06T12:45:53Z" level=warning msg="Request Failed" error="Post \"http://auth-service.ecommerce.svc.cluster.local:8001/auth/login\": request timeout"
time="2026-10-06T12:45:53Z" level=warning msg="Request Failed" error="Get \"http://auth-service.ecommerce.svc.cluster.local:8001/auth/me\": request timeout"
time="2026-10-06T12:45:53Z" level=warning msg="Request Failed" error="Get \"http://auth-service.ecommerce.svc.cluster.local:8001/auth/me\": request timeout"
time="2026-10-06T12:45:53Z" level=warning msg="Request Failed" error="Post \"http://auth-service.ecommerce.svc.cluster.local:8001/auth/login\": request timeout"
time="2026-10-06T12:45:53Z" level=warning msg="Request Failed" error="Post \"http://auth-service.ecommerce.svc.cluster.local:8001/auth/login\": request timeout"
time="2026-10-06T12:45:53Z" level=warning msg="Request Failed" error="Get \"http://auth-service.ecommerce.svc.cluster.local:8001/auth/me\": request timeout"
time="2026-10-06T12:45:53Z" level=warning msg="Request Failed" error="Get \"http://auth-service.ecommerce.svc.cluster.local:8001/auth/me\": request timeout"

running (02m29.8s), 150/225 VUs, 844 complete and 0 interrupted iterations
openloop_oscillating   [  21% ] 150/225 VUs  02m29.8s/12m0s  30.00 iters/s
time="2026-10-06T12:45:53Z" level=warning msg="Request Failed" error="Post \"http://auth-service.ecommerce.svc.cluster.local:8001/auth/login\": request timeout"
time="2026-10-06T12:45:53Z" level=warning msg="Request Failed" error="Get \"http://auth-service.ecommerce.svc.cluster.local:8001/auth/me\": request timeout"
time="2026-10-06T12:45:53Z" level=warning msg="Request Failed" error="Get \"http://auth-service.ecommerce.svc.cluster.local:8001/auth/me\": request timeout"
time="2026-10-06T12:45:53Z" level=warning msg="Request Failed" error="Post \"http://auth-service.ecommerce.svc.cluster.local:8001/auth/login\": request timeout"
time="2026-10-06T12:45:54Z" level=warning msg="Request Failed" error="Post \"http://auth-service.ecommerce.svc.cluster.local:8001/auth/login\": request timeout"
time="2026-10-06T12:45:54Z" level=warning msg="Request Failed" error="Get \"http://auth-service.ecommerce.svc.cluster.local:8001/auth/me\": request timeout"
time="2026-10-06T12:45:54Z" level=warning msg="Request Failed" error="Post \"http://auth-service.ecommerce.svc.cluster.local:8001/auth/login\": request timeout"
time="2026-10-06T12:45:54Z" level=warning msg="Request Failed" error="Post \"http://auth-service.ecommerce.svc.cluster.local:8001/auth/login\": request timeout"
time="2026-10-06T12:45:54Z" level=warning msg="Request Failed" error="Get \"http://auth-service.ecommerce.svc.cluster.local:8001/auth/me\": request timeout"
time="2026-10-06T12:45:54Z" level=warning msg="Request Failed" error="Get \"http://auth-service.ecommerce.svc.cluster.local:8001/auth/me\": request timeout"
time="2026-10-06T12:45:54Z" level=warning msg="Request Failed" error="Post \"http://auth-service.ecommerce.svc.cluster.local:8001/auth/login\": request timeout"
time="2026-10-06T12:45:54Z" level=warning msg="Request Failed" error="Get \"http://auth-service.ecommerce.svc.cluster.local:8001/auth/me\": request timeout"
time="2026-10-06T12:45:54Z" level=warning msg="Request Failed" error="Post \"http://auth-service.ecommerce.svc.cluster.local:8001/auth/login\": request timeout"
time="2026-10-06T12:45:54Z" level=warning msg="Request Failed" error="Get \"http://auth-service.ecommerce.svc.cluster.local:8001/auth/me\": request timeout"
time="2026-10-06T12:45:54Z" level=warning msg="Request Failed" error="Get \"http://auth-service.ecommerce.svc.cluster.local:8001/auth/me\": request timeout"
time="2026-10-06T12:45:54Z" level=warning msg="Request Failed" error="Get \"http://auth-service.ecommerce.svc.cluster.local:8001/auth/me\": request timeout"
time="2026-10-06T12:45:54Z" level=warning msg="Request Failed" error="Get \"http://auth-service.ecommerce.svc.cluster.local:8001/auth/me\": request timeout"
time="2026-10-06T12:45:54Z" level=warning msg="Request Failed" error="Get \"http://auth-service.ecommerce.svc.cluster.local:8001/auth/me\": request timeout"
time="2026-10-06T12:45:54Z" level=warning msg="Request Failed" error="Get \"http://auth-service.ecommerce.svc.cluster.local:8001/auth/me\": request timeout"
time="2026-10-06T12:45:54Z" level=warning msg="Request Failed" error="Get \"http://auth-service.ecommerce.svc.cluster.local:8001/auth/me\": request timeout"
time="2026-10-06T12:45:54Z" level=warning msg="Request Failed" error="Get \"http://auth-service.ecommerce.svc.cluster.local:8001/auth/me\": request timeout"
time="2026-10-06T12:45:54Z" level=warning msg="Request Failed" error="request timeout"
time="2026-10-06T12:45:54Z" level=warning msg="Request Failed" error="Get \"http://auth-service.ecommerce.svc.cluster.local:8001/auth/me\": request timeout"
time="2026-10-06T12:45:54Z" level=warning msg="Request Failed" error="Get \"http://auth-service.ecommerce.svc.cluster.local:8001/auth/me\": request timeout"
time="2026-10-06T12:45:54Z" level=warning msg="Request Failed" error="Post \"http://auth-service.ecommerce.svc.cluster.local:8001/auth/login\": request timeout"
time="2026-10-06T12:45:54Z" level=warning msg="Request Failed" error="Post \"http://auth-service.ecommerce.svc.cluster.local:8001/auth/login\": request timeout"

running (02m30.8s), 139/225 VUs, 885 complete and 0 interrupted iterations
openloop_oscillating   [  21% ] 139/225 VUs  02m30.8s/12m0s  30.00 iters/s
time="2026-10-06T12:45:54Z" level=warning msg="Request Failed" error="Post \"http://auth-service.ecommerce.svc.cluster.local:8001/auth/login\": request timeout"
time="2026-10-06T12:45:55Z" level=warning msg="Request Failed" error="Post \"http://auth-service.ecommerce.svc.cluster.local:8001/auth/login\": request timeout"
time="2026-10-06T12:45:55Z" level=warning msg="Request Failed" error="Post \"http://auth-service.ecommerce.svc.cluster.local:8001/auth/login\": request timeout"
time="2026-10-06T12:45:55Z" level=warning msg="Request Failed" error="Post \"http://auth-service.ecommerce.svc.cluster.local:8001/auth/login\": request timeout"
time="2026-10-06T12:45:55Z" level=warning msg="Request Failed" error="Post \"http://auth-service.ecommerce.svc.cluster.local:8001/auth/login\": request timeout"

running (02m31.8s), 130/225 VUs, 924 complete and 0 interrupted iterations
openloop_oscillating   [  21% ] 130/225 VUs  02m31.8s/12m0s  30.00 iters/s
time="2026-10-06T12:45:56Z" level=warning msg="Request Failed" error="Post \"http://auth-service.ecommerce.svc.cluster.local:8001/auth/login\": request timeout"
time="2026-10-06T12:45:56Z" level=warning msg="Request Failed" error="Post \"http://auth-service.ecommerce.svc.cluster.local:8001/auth/login\": request timeout"
time="2026-10-06T12:45:56Z" level=warning msg="Request Failed" error="Post \"http://auth-service.ecommerce.svc.cluster.local:8001/auth/login\": request timeout"
time="2026-10-06T12:45:56Z" level=warning msg="Request Failed" error="Post \"http://auth-service.ecommerce.svc.cluster.local:8001/auth/login\": request timeout"

running (02m32.8s), 145/225 VUs, 939 complete and 0 interrupted iterations
openloop_oscillating   [  21% ] 145/225 VUs  02m32.8s/12m0s  30.00 iters/s
time="2026-10-06T12:45:56Z" level=warning msg="Request Failed" error="request timeout"
time="2026-10-06T12:45:56Z" level=warning msg="Request Failed" error="request timeout"
time="2026-10-06T12:45:57Z" level=warning msg="Request Failed" error="request timeout"
time="2026-10-06T12:45:57Z" level=warning msg="Request Failed" error="Get \"http://auth-service.ecommerce.svc.cluster.local:8001/auth/me\": request timeout"
time="2026-10-06T12:45:57Z" level=warning msg="Request Failed" error="Get \"http://auth-service.ecommerce.svc.cluster.local:8001/auth/me\": request timeout"
time="2026-10-06T12:45:57Z" level=warning msg="Request Failed" error="Get \"http://auth-service.ecommerce.svc.cluster.local:8001/auth/me\": request timeout"
time="2026-10-06T12:45:57Z" level=warning msg="Request Failed" error="Get \"http://auth-service.ecommerce.svc.cluster.local:8001/auth/me\": request timeout"
time="2026-10-06T12:45:57Z" level=warning msg="Request Failed" error="Get \"http://auth-service.ecommerce.svc.cluster.local:8001/auth/me\": request timeout"
time="2026-10-06T12:45:57Z" level=warning msg="Request Failed" error="Post \"http://auth-service.ecommerce.svc.cluster.local:8001/auth/login\": request timeout"
time="2026-10-06T12:45:57Z" level=warning msg="Request Failed" error="Get \"http://auth-service.ecommerce.svc.cluster.local:8001/auth/me\": request timeout"
time="2026-10-06T12:45:57Z" level=warning msg="Request Failed" error="Post \"http://auth-service.ecommerce.svc.cluster.local:8001/auth/login\": request timeout"
time="2026-10-06T12:45:57Z" level=warning msg="Request Failed" error="Post \"http://auth-service.ecommerce.svc.cluster.local:8001/auth/login\": request timeout"
time="2026-10-06T12:45:57Z" level=warning msg="Request Failed" error="Post \"http://auth-service.ecommerce.svc.cluster.local:8001/auth/login\": request timeout"
time="2026-10-06T12:45:57Z" level=warning msg="Request Failed" error="Post \"http://auth-service.ecommerce.svc.cluster.local:8001/auth/login\": request timeout"
time="2026-10-06T12:45:57Z" level=warning msg="Request Failed" error="Get \"http://auth-service.ecommerce.svc.cluster.local:8001/auth/me\": request timeout"
time="2026-10-06T12:45:57Z" level=warning msg="Request Failed" error="Post \"http://auth-service.ecommerce.svc.cluster.local:8001/auth/login\": request timeout"

running (02m33.8s), 144/225 VUs, 970 complete and 0 interrupted iterations
openloop_oscillating   [  21% ] 144/225 VUs  02m33.8s/12m0s  30.00 iters/s
time="2026-10-06T12:45:57Z" level=warning msg="Request Failed" error="Get \"http://auth-service.ecommerce.svc.cluster.local:8001/auth/me\": request timeout"
time="2026-10-06T12:45:57Z" level=warning msg="Request Failed" error="Post \"http://auth-service.ecommerce.svc.cluster.local:8001/auth/login\": request timeout"
time="2026-10-06T12:45:58Z" level=warning msg="Request Failed" error="Get \"http://auth-service.ecommerce.svc.cluster.local:8001/auth/me\": request timeout"
time="2026-10-06T12:45:58Z" level=warning msg="Request Failed" error="Post \"http://auth-service.ecommerce.svc.cluster.local:8001/auth/login\": request timeout"
time="2026-10-06T12:45:58Z" level=warning msg="Request Failed" error="Post \"http://auth-service.ecommerce.svc.cluster.local:8001/auth/login\": request timeout"
time="2026-10-06T12:45:58Z" level=warning msg="Request Failed" error="Post \"http://auth-service.ecommerce.svc.cluster.local:8001/auth/login\": request timeout"

running (02m34.8s), 120/225 VUs, 1024 complete and 0 interrupted iterations
openloop_oscillating   [  22% ] 120/225 VUs  02m34.8s/12m0s  30.00 iters/s
time="2026-10-06T12:45:59Z" level=warning msg="Request Failed" error="Post \"http://auth-service.ecommerce.svc.cluster.local:8001/auth/login\": request timeout"

running (02m35.8s), 115/225 VUs, 1059 complete and 0 interrupted iterations
openloop_oscillating   [  22% ] 115/225 VUs  02m35.8s/12m0s  30.00 iters/s
time="2026-10-06T12:46:00Z" level=warning msg="Request Failed" error="Post \"http://auth-service.ecommerce.svc.cluster.local:8001/auth/login\": request timeout"
time="2026-10-06T12:46:00Z" level=warning msg="Request Failed" error="Post \"http://auth-service.ecommerce.svc.cluster.local:8001/auth/login\": request timeout"

running (02m36.8s), 106/225 VUs, 1098 complete and 0 interrupted iterations
openloop_oscillating   [  22% ] 106/225 VUs  02m36.8s/12m0s  30.00 iters/s
time="2026-10-06T12:46:00Z" level=warning msg="Request Failed" error="Post \"http://auth-service.ecommerce.svc.cluster.local:8001/auth/login\": request timeout"
time="2026-10-06T12:46:00Z" level=warning msg="Request Failed" error="Post \"http://auth-service.ecommerce.svc.cluster.local:8001/auth/login\": request timeout"

running (02m37.8s), 101/225 VUs, 1133 complete and 0 interrupted iterations
openloop_oscillating   [  22% ] 101/225 VUs  02m37.8s/12m0s  30.00 iters/s
time="2026-10-06T12:46:01Z" level=warning msg="Request Failed" error="Post \"http://auth-service.ecommerce.svc.cluster.local:8001/auth/login\": request timeout"
time="2026-10-06T12:46:02Z" level=warning msg="Request Failed" error="Post \"http://auth-service.ecommerce.svc.cluster.local:8001/auth/login\": request timeout"
time="2026-10-06T12:46:02Z" level=warning msg="Request Failed" error="Post \"http://auth-service.ecommerce.svc.cluster.local:8001/auth/login\": request timeout"

running (02m38.8s), 051/225 VUs, 1213 complete and 0 interrupted iterations
openloop_oscillating   [  22% ] 051/225 VUs  02m38.8s/12m0s  30.00 iters/s
time="2026-10-06T12:46:02Z" level=warning msg="Request Failed" error="Post \"http://auth-service.ecommerce.svc.cluster.local:8001/auth/login\": request timeout"
time="2026-10-06T12:46:03Z" level=warning msg="Request Failed" error="Post \"http://auth-service.ecommerce.svc.cluster.local:8001/auth/login\": request timeout"
time="2026-10-06T12:46:03Z" level=warning msg="Request Failed" error="Post \"http://auth-service.ecommerce.svc.cluster.local:8001/auth/login\": request timeout"
time="2026-10-06T12:46:03Z" level=warning msg="Request Failed" error="Post \"http://auth-service.ecommerce.svc.cluster.local:8001/auth/login\": request timeout"
time="2026-10-06T12:46:03Z" level=warning msg="Request Failed" error="Post \"http://auth-service.ecommerce.svc.cluster.local:8001/auth/login\": request timeout"

running (02m39.8s), 021/225 VUs, 1273 complete and 0 interrupted iterations
openloop_oscillating   [  22% ] 021/225 VUs  02m39.8s/12m0s  30.00 iters/s
time="2026-10-06T12:46:04Z" level=warning msg="Request Failed" error="Post \"http://auth-service.ecommerce.svc.cluster.local:8001/auth/login\": request timeout"
time="2026-10-06T12:46:04Z" level=warning msg="Request Failed" error="Post \"http://auth-service.ecommerce.svc.cluster.local:8001/auth/login\": request timeout"

running (02m40.8s), 011/225 VUs, 1313 complete and 0 interrupted iterations
openloop_oscillating   [  22% ] 011/225 VUs  02m40.8s/12m0s  30.00 iters/s

running (02m41.8s), 012/225 VUs, 1342 complete and 0 interrupted iterations
openloop_oscillating   [  22% ] 012/225 VUs  02m41.8s/12m0s  30.00 iters/s
time="2026-10-06T12:46:06Z" level=warning msg="Request Failed" error="Post \"http://auth-service.ecommerce.svc.cluster.local:8001/auth/login\": request timeout"

running (02m42.8s), 018/225 VUs, 1366 complete and 0 interrupted iterations
openloop_oscillating   [  23% ] 018/225 VUs  02m42.8s/12m0s  30.00 iters/s
time="2026-10-06T12:46:07Z" level=warning msg="Request Failed" error="Post \"http://auth-service.ecommerce.svc.cluster.local:8001/auth/login\": request timeout"

running (02m43.8s), 020/225 VUs, 1394 complete and 0 interrupted iterations
openloop_oscillating   [  23% ] 020/225 VUs  02m43.8s/12m0s  30.00 iters/s
time="2026-10-06T12:46:08Z" level=warning msg="Request Failed" error="Post \"http://auth-service.ecommerce.svc.cluster.local:8001/auth/login\": request timeout"
time="2026-10-06T12:46:08Z" level=warning msg="Request Failed" error="request timeout"
time="2026-10-06T12:46:08Z" level=warning msg="Request Failed" error="Post \"http://auth-service.ecommerce.svc.cluster.local:8001/auth/login\": request timeout"

running (02m44.8s), 039/225 VUs, 1405 complete and 0 interrupted iterations
openloop_oscillating   [  23% ] 039/225 VUs  02m44.8s/12m0s  30.00 iters/s
time="2026-10-06T12:46:09Z" level=warning msg="Request Failed" error="request timeout"

running (02m45.8s), 057/225 VUs, 1417 complete and 0 interrupted iterations
openloop_oscillating   [  23% ] 057/225 VUs  02m45.8s/12m0s  30.00 iters/s
time="2026-10-06T12:46:09Z" level=warning msg="Request Failed" error="Post \"http://auth-service.ecommerce.svc.cluster.local:8001/auth/login\": request timeout"

running (02m46.8s), 036/225 VUs, 1468 complete and 0 interrupted iterations
openloop_oscillating   [  23% ] 036/225 VUs  02m46.8s/12m0s  30.00 iters/s

running (02m47.8s), 041/225 VUs, 1493 complete and 0 interrupted iterations
openloop_oscillating   [  23% ] 041/225 VUs  02m47.8s/12m0s  30.00 iters/s

running (02m48.8s), 016/225 VUs, 1548 complete and 0 interrupted iterations
openloop_oscillating   [  23% ] 016/225 VUs  02m48.8s/12m0s  30.00 iters/s

running (02m49.8s), 021/225 VUs, 1573 complete and 0 interrupted iterations
openloop_oscillating   [  24% ] 021/225 VUs  02m49.8s/12m0s  30.00 iters/s
time="2026-10-06T12:46:14Z" level=warning msg="Request Failed" error="Post \"http://auth-service.ecommerce.svc.cluster.local:8001/auth/login\": request timeout"
time="2026-10-06T12:46:14Z" level=warning msg="Request Failed" error="Post \"http://auth-service.ecommerce.svc.cluster.local:8001/auth/login\": request timeout"

running (02m50.8s), 022/225 VUs, 1602 complete and 0 interrupted iterations
openloop_oscillating   [  24% ] 022/225 VUs  02m50.8s/12m0s  30.00 iters/s
time="2026-10-06T12:46:15Z" level=warning msg="Request Failed" error="Post \"http://auth-service.ecommerce.svc.cluster.local:8001/auth/login\": request timeout"
time="2026-10-06T12:46:15Z" level=warning msg="Request Failed" error="Post \"http://auth-service.ecommerce.svc.cluster.local:8001/auth/login\": request timeout"
time="2026-10-06T12:46:15Z" level=warning msg="Request Failed" error="Post \"http://auth-service.ecommerce.svc.cluster.local:8001/auth/login\": request timeout"

running (02m51.8s), 020/225 VUs, 1634 complete and 0 interrupted iterations
openloop_oscillating   [  24% ] 020/225 VUs  02m51.8s/12m0s  30.00 iters/s
time="2026-10-06T12:46:16Z" level=warning msg="Request Failed" error="Post \"http://auth-service.ecommerce.svc.cluster.local:8001/auth/login\": request timeout"
time="2026-10-06T12:46:16Z" level=warning msg="Request Failed" error="Post \"http://auth-service.ecommerce.svc.cluster.local:8001/auth/login\": request timeout"

running (02m52.8s), 029/225 VUs, 1655 complete and 0 interrupted iterations
openloop_oscillating   [  24% ] 029/225 VUs  02m52.8s/12m0s  30.00 iters/s
time="2026-10-06T12:46:17Z" level=warning msg="Request Failed" error="Post \"http://auth-service.ecommerce.svc.cluster.local:8001/auth/login\": request timeout"
time="2026-10-06T12:46:17Z" level=warning msg="Request Failed" error="Post \"http://auth-service.ecommerce.svc.cluster.local:8001/auth/login\": request timeout"
time="2026-10-06T12:46:17Z" level=warning msg="Request Failed" error="Post \"http://auth-service.ecommerce.svc.cluster.local:8001/auth/login\": request timeout"
time="2026-10-06T12:46:17Z" level=warning msg="Request Failed" error="Post \"http://auth-service.ecommerce.svc.cluster.local:8001/auth/login\": request timeout"

running (02m53.8s), 027/225 VUs, 1687 complete and 0 interrupted iterations
openloop_oscillating   [  24% ] 027/225 VUs  02m53.8s/12m0s  30.00 iters/s
time="2026-10-06T12:46:18Z" level=warning msg="Request Failed" error="Post \"http://auth-service.ecommerce.svc.cluster.local:8001/auth/login\": request timeout"
time="2026-10-06T12:46:18Z" level=warning msg="Request Failed" error="Post \"http://auth-service.ecommerce.svc.cluster.local:8001/auth/login\": request timeout"

running (02m54.8s), 021/225 VUs, 1723 complete and 0 interrupted iterations
openloop_oscillating   [  24% ] 021/225 VUs  02m54.8s/12m0s  30.00 iters/s
time="2026-10-06T12:46:18Z" level=warning msg="Request Failed" error="Post \"http://auth-service.ecommerce.svc.cluster.local:8001/auth/login\": request timeout"

running (02m55.8s), 018/225 VUs, 1756 complete and 0 interrupted iterations
openloop_oscillating   [  24% ] 018/225 VUs  02m55.8s/12m0s  30.00 iters/s
time="2026-10-06T12:46:20Z" level=warning msg="Request Failed" error="Post \"http://auth-service.ecommerce.svc.cluster.local:8001/auth/login\": request timeout"

running (02m56.8s), 014/225 VUs, 1790 complete and 0 interrupted iterations
openloop_oscillating   [  25% ] 014/225 VUs  02m56.8s/12m0s  30.00 iters/s
time="2026-10-06T12:46:21Z" level=warning msg="Request Failed" error="Post \"http://auth-service.ecommerce.svc.cluster.local:8001/auth/login\": request timeout"

running (02m57.8s), 022/225 VUs, 1812 complete and 0 interrupted iterations
openloop_oscillating   [  25% ] 022/225 VUs  02m57.8s/12m0s  30.00 iters/s

running (02m58.8s), 026/225 VUs, 1838 complete and 0 interrupted iterations
openloop_oscillating   [  25% ] 026/225 VUs  02m58.8s/12m0s  30.00 iters/s

running (02m59.8s), 024/225 VUs, 1870 complete and 0 interrupted iterations
openloop_oscillating   [  25% ] 024/225 VUs  02m59.8s/12m0s  30.00 iters/s

running (03m00.8s), 025/225 VUs, 1899 complete and 0 interrupted iterations
openloop_oscillating   [  25% ] 025/225 VUs  03m00.8s/12m0s  30.00 iters/s

running (03m01.8s), 015/225 VUs, 1939 complete and 0 interrupted iterations
openloop_oscillating   [  25% ] 015/225 VUs  03m01.8s/12m0s  30.00 iters/s

running (03m02.8s), 020/225 VUs, 1964 complete and 0 interrupted iterations
openloop_oscillating   [  25% ] 020/225 VUs  03m02.8s/12m0s  30.00 iters/s

running (03m03.8s), 028/225 VUs, 1986 complete and 0 interrupted iterations
openloop_oscillating   [  26% ] 028/225 VUs  03m03.8s/12m0s  30.00 iters/s
time="2026-10-06T12:46:28Z" level=warning msg="Request Failed" error="Post \"http://auth-service.ecommerce.svc.cluster.local:8001/auth/login\": request timeout"

running (03m04.8s), 015/225 VUs, 2029 complete and 0 interrupted iterations
openloop_oscillating   [  26% ] 015/225 VUs  03m04.8s/12m0s  30.00 iters/s

running (03m05.8s), 020/225 VUs, 2054 complete and 0 interrupted iterations
openloop_oscillating   [  26% ] 020/225 VUs  03m05.8s/12m0s  30.00 iters/s

running (03m06.8s), 012/225 VUs, 2092 complete and 0 interrupted iterations
openloop_oscillating   [  26% ] 012/225 VUs  03m06.8s/12m0s  30.00 iters/s

running (03m07.8s), 036/225 VUs, 2098 complete and 0 interrupted iterations
openloop_oscillating   [  26% ] 036/225 VUs  03m07.8s/12m0s  30.00 iters/s

running (03m08.8s), 040/225 VUs, 2124 complete and 0 interrupted iterations
openloop_oscillating   [  26% ] 040/225 VUs  03m08.8s/12m0s  30.00 iters/s

running (03m09.8s), 035/225 VUs, 2159 complete and 0 interrupted iterations
openloop_oscillating   [  26% ] 035/225 VUs  03m09.8s/12m0s  30.00 iters/s

running (03m10.8s), 041/225 VUs, 2183 complete and 0 interrupted iterations
openloop_oscillating   [  27% ] 041/225 VUs  03m10.8s/12m0s  30.00 iters/s
time="2026-10-06T12:46:35Z" level=warning msg="Request Failed" error="Post \"http://auth-service.ecommerce.svc.cluster.local:8001/auth/login\": request timeout"
time="2026-10-06T12:46:35Z" level=warning msg="Request Failed" error="Post \"http://auth-service.ecommerce.svc.cluster.local:8001/auth/login\": request timeout"
time="2026-10-06T12:46:35Z" level=warning msg="Request Failed" error="Post \"http://auth-service.ecommerce.svc.cluster.local:8001/auth/login\": request timeout"

running (03m11.8s), 032/225 VUs, 2222 complete and 0 interrupted iterations
openloop_oscillating   [  27% ] 032/225 VUs  03m11.8s/12m0s  30.00 iters/s

running (03m12.8s), 011/225 VUs, 2273 complete and 0 interrupted iterations
openloop_oscillating   [  27% ] 011/225 VUs  03m12.8s/12m0s  30.00 iters/s

running (03m13.8s), 022/225 VUs, 2292 complete and 0 interrupted iterations
openloop_oscillating   [  27% ] 022/225 VUs  03m13.8s/12m0s  30.00 iters/s

running (03m14.8s), 012/225 VUs, 2332 complete and 0 interrupted iterations
openloop_oscillating   [  27% ] 012/225 VUs  03m14.8s/12m0s  30.00 iters/s

running (03m15.8s), 042/225 VUs, 2332 complete and 0 interrupted iterations
openloop_oscillating   [  27% ] 042/225 VUs  03m15.8s/12m0s  30.00 iters/s

running (03m16.8s), 044/225 VUs, 2360 complete and 0 interrupted iterations
openloop_oscillating   [  27% ] 044/225 VUs  03m16.8s/12m0s  30.00 iters/s

running (03m17.8s), 048/225 VUs, 2386 complete and 0 interrupted iterations
openloop_oscillating   [  27% ] 048/225 VUs  03m17.8s/12m0s  30.00 iters/s

running (03m18.8s), 021/225 VUs, 2443 complete and 0 interrupted iterations
openloop_oscillating   [  28% ] 021/225 VUs  03m18.8s/12m0s  30.00 iters/s

running (03m19.8s), 019/225 VUs, 2475 complete and 0 interrupted iterations
openloop_oscillating   [  28% ] 019/225 VUs  03m19.8s/12m0s  30.00 iters/s

running (03m20.8s), 030/225 VUs, 2494 complete and 0 interrupted iterations
openloop_oscillating   [  28% ] 030/225 VUs  03m20.8s/12m0s  30.00 iters/s

running (03m21.8s), 029/225 VUs, 2525 complete and 0 interrupted iterations
openloop_oscillating   [  28% ] 029/225 VUs  03m21.8s/12m0s  30.00 iters/s

running (03m22.8s), 025/225 VUs, 2559 complete and 0 interrupted iterations
openloop_oscillating   [  28% ] 025/225 VUs  03m22.8s/12m0s  30.00 iters/s

running (03m23.8s), 023/225 VUs, 2591 complete and 0 interrupted iterations
openloop_oscillating   [  28% ] 023/225 VUs  03m23.8s/12m0s  30.00 iters/s
time="2026-10-06T12:46:48Z" level=warning msg="Request Failed" error="Post \"http://auth-service.ecommerce.svc.cluster.local:8001/auth/login\": request timeout"
time="2026-10-06T12:46:48Z" level=warning msg="Request Failed" error="Post \"http://auth-service.ecommerce.svc.cluster.local:8001/auth/login\": request timeout"
time="2026-10-06T12:46:48Z" level=warning msg="Request Failed" error="Post \"http://auth-service.ecommerce.svc.cluster.local:8001/auth/login\": request timeout"

running (03m24.8s), 025/225 VUs, 2619 complete and 0 interrupted iterations
openloop_oscillating   [  28% ] 025/225 VUs  03m24.8s/12m0s  30.00 iters/s

running (03m25.8s), 023/225 VUs, 2651 complete and 0 interrupted iterations
openloop_oscillating   [  29% ] 023/225 VUs  03m25.8s/12m0s  30.00 iters/s
time="2026-10-06T12:46:49Z" level=warning msg="Request Failed" error="Post \"http://auth-service.ecommerce.svc.cluster.local:8001/auth/login\": request timeout"
time="2026-10-06T12:46:50Z" level=warning msg="Request Failed" error="Post \"http://auth-service.ecommerce.svc.cluster.local:8001/auth/login\": request timeout"
time="2026-10-06T12:46:50Z" level=warning msg="Request Failed" error="Post \"http://auth-service.ecommerce.svc.cluster.local:8001/auth/login\": request timeout"
time="2026-10-06T12:46:50Z" level=warning msg="Request Failed" error="Post \"http://auth-service.ecommerce.svc.cluster.local:8001/auth/login\": request timeout"
time="2026-10-06T12:46:50Z" level=warning msg="Request Failed" error="Post \"http://auth-service.ecommerce.svc.cluster.local:8001/auth/login\": request timeout"

running (03m26.8s), 018/225 VUs, 2686 complete and 0 interrupted iterations
openloop_oscillating   [  29% ] 018/225 VUs  03m26.8s/12m0s  30.00 iters/s
time="2026-10-06T12:46:50Z" level=warning msg="Request Failed" error="Post \"http://auth-service.ecommerce.svc.cluster.local:8001/auth/login\": request timeout"
time="2026-10-06T12:46:51Z" level=warning msg="Request Failed" error="Post \"http://auth-service.ecommerce.svc.cluster.local:8001/auth/login\": request timeout"

running (03m27.8s), 017/225 VUs, 2717 complete and 0 interrupted iterations
openloop_oscillating   [  29% ] 017/225 VUs  03m27.8s/12m0s  30.00 iters/s
time="2026-10-06T12:46:52Z" level=warning msg="Request Failed" error="Post \"http://auth-service.ecommerce.svc.cluster.local:8001/auth/login\": request timeout"

running (03m28.8s), 016/225 VUs, 2748 complete and 0 interrupted iterations
openloop_oscillating   [  29% ] 016/225 VUs  03m28.8s/12m0s  30.00 iters/s
time="2026-10-06T12:46:53Z" level=warning msg="Request Failed" error="Post \"http://auth-service.ecommerce.svc.cluster.local:8001/auth/login\": request timeout"

running (03m29.8s), 011/225 VUs, 2783 complete and 0 interrupted iterations
openloop_oscillating   [  29% ] 011/225 VUs  03m29.8s/12m0s  30.00 iters/s
time="2026-10-06T12:46:54Z" level=warning msg="Request Failed" error="Post \"http://auth-service.ecommerce.svc.cluster.local:8001/auth/login\": request timeout"

running (03m30.8s), 013/225 VUs, 2810 complete and 0 interrupted iterations
openloop_oscillating   [  29% ] 013/225 VUs  03m30.8s/12m0s  27.72 iters/s
time="2026-10-06T12:46:55Z" level=warning msg="Request Failed" error="Post \"http://auth-service.ecommerce.svc.cluster.local:8001/auth/login\": request timeout"

running (03m31.8s), 010/225 VUs, 2839 complete and 0 interrupted iterations
openloop_oscillating   [  29% ] 010/225 VUs  03m31.8s/12m0s  24.96 iters/s
time="2026-10-06T12:46:56Z" level=warning msg="Request Failed" error="Post \"http://auth-service.ecommerce.svc.cluster.local:8001/auth/login\": request timeout"

running (03m32.8s), 012/225 VUs, 2861 complete and 0 interrupted iterations
openloop_oscillating   [  30% ] 012/225 VUs  03m32.8s/12m0s  22.10 iters/s
time="2026-10-06T12:46:57Z" level=warning msg="Request Failed" error="Post \"http://auth-service.ecommerce.svc.cluster.local:8001/auth/login\": request timeout"

running (03m33.8s), 013/225 VUs, 2881 complete and 0 interrupted iterations
openloop_oscillating   [  30% ] 013/225 VUs  03m33.8s/12m0s  19.26 iters/s
time="2026-10-06T12:46:57Z" level=warning msg="Request Failed" error="Post \"http://auth-service.ecommerce.svc.cluster.local:8001/auth/login\": request timeout"

running (03m34.8s), 009/225 VUs, 2902 complete and 0 interrupted iterations
openloop_oscillating   [  30% ] 009/225 VUs  03m34.8s/12m0s  16.60 iters/s
time="2026-10-06T12:46:59Z" level=warning msg="Request Failed" error="Post \"http://auth-service.ecommerce.svc.cluster.local:8001/auth/login\": request timeout"
time="2026-10-06T12:46:59Z" level=warning msg="Request Failed" error="Post \"http://auth-service.ecommerce.svc.cluster.local:8001/auth/login\": request timeout"

running (03m35.8s), 008/225 VUs, 2919 complete and 0 interrupted iterations
openloop_oscillating   [  30% ] 008/225 VUs  03m35.8s/12m0s  13.64 iters/s
time="2026-10-06T12:46:59Z" level=warning msg="Request Failed" error="Post \"http://auth-service.ecommerce.svc.cluster.local:8001/auth/login\": request timeout"

running (03m36.8s), 006/225 VUs, 2933 complete and 0 interrupted iterations
openloop_oscillating   [  30% ] 006/225 VUs  03m36.8s/12m0s  10.90 iters/s
time="2026-10-06T12:47:01Z" level=warning msg="Request Failed" error="Post \"http://auth-service.ecommerce.svc.cluster.local:8001/auth/login\": request timeout"

running (03m37.8s), 003/225 VUs, 2945 complete and 0 interrupted iterations
openloop_oscillating   [  30% ] 003/225 VUs  03m37.8s/12m0s  08.27 iters/s

running (03m38.8s), 000/225 VUs, 2955 complete and 0 interrupted iterations
openloop_oscillating   [  30% ] 000/225 VUs  03m38.8s/12m0s  05.40 iters/s

running (03m39.8s), 000/225 VUs, 2959 complete and 0 interrupted iterations
openloop_oscillating   [  31% ] 000/225 VUs  03m39.8s/12m0s  02.55 iters/s

running (03m40.8s), 000/225 VUs, 2961 complete and 0 interrupted iterations
openloop_oscillating   [  31% ] 000/225 VUs  03m40.8s/12m0s  02.00 iters/s

running (03m41.8s), 000/225 VUs, 2963 complete and 0 interrupted iterations
openloop_oscillating   [  31% ] 000/225 VUs  03m41.8s/12m0s  02.00 iters/s

running (03m42.8s), 000/225 VUs, 2965 complete and 0 interrupted iterations
openloop_oscillating   [  31% ] 000/225 VUs  03m42.8s/12m0s  02.00 iters/s

running (03m43.8s), 000/225 VUs, 2967 complete and 0 interrupted iterations
openloop_oscillating   [  31% ] 000/225 VUs  03m43.8s/12m0s  02.00 iters/s

running (03m44.8s), 000/225 VUs, 2969 complete and 0 interrupted iterations
openloop_oscillating   [  31% ] 000/225 VUs  03m44.8s/12m0s  02.00 iters/s

running (03m45.8s), 000/225 VUs, 2971 complete and 0 interrupted iterations
openloop_oscillating   [  31% ] 000/225 VUs  03m45.8s/12m0s  02.00 iters/s

running (03m46.8s), 001/225 VUs, 2972 complete and 0 interrupted iterations
openloop_oscillating   [  32% ] 001/225 VUs  03m46.8s/12m0s  02.00 iters/s

running (03m47.8s), 000/225 VUs, 2975 complete and 0 interrupted iterations
openloop_oscillating   [  32% ] 000/225 VUs  03m47.8s/12m0s  02.00 iters/s

running (03m48.8s), 000/225 VUs, 2977 complete and 0 interrupted iterations
openloop_oscillating   [  32% ] 000/225 VUs  03m48.8s/12m0s  02.00 iters/s

running (03m49.8s), 001/225 VUs, 2978 complete and 0 interrupted iterations
openloop_oscillating   [  32% ] 001/225 VUs  03m49.8s/12m0s  02.00 iters/s

running (03m50.8s), 000/225 VUs, 2981 complete and 0 interrupted iterations
openloop_oscillating   [  32% ] 000/225 VUs  03m50.8s/12m0s  02.00 iters/s

running (03m51.8s), 000/225 VUs, 2983 complete and 0 interrupted iterations
openloop_oscillating   [  32% ] 000/225 VUs  03m51.8s/12m0s  02.00 iters/s

running (03m52.8s), 000/225 VUs, 2985 complete and 0 interrupted iterations
openloop_oscillating   [  32% ] 000/225 VUs  03m52.8s/12m0s  02.00 iters/s

running (03m53.8s), 000/225 VUs, 2987 complete and 0 interrupted iterations
openloop_oscillating   [  32% ] 000/225 VUs  03m53.8s/12m0s  02.00 iters/s

running (03m54.8s), 000/225 VUs, 2989 complete and 0 interrupted iterations
openloop_oscillating   [  33% ] 000/225 VUs  03m54.8s/12m0s  02.00 iters/s

running (03m55.8s), 000/225 VUs, 2991 complete and 0 interrupted iterations
openloop_oscillating   [  33% ] 000/225 VUs  03m55.8s/12m0s  02.00 iters/s

running (03m56.8s), 000/225 VUs, 2993 complete and 0 interrupted iterations
openloop_oscillating   [  33% ] 000/225 VUs  03m56.8s/12m0s  02.00 iters/s

running (03m57.8s), 000/225 VUs, 2995 complete and 0 interrupted iterations
openloop_oscillating   [  33% ] 000/225 VUs  03m57.8s/12m0s  02.00 iters/s

running (03m58.8s), 000/225 VUs, 2997 complete and 0 interrupted iterations
openloop_oscillating   [  33% ] 000/225 VUs  03m58.8s/12m0s  02.00 iters/s

running (03m59.8s), 000/225 VUs, 2999 complete and 0 interrupted iterations
openloop_oscillating   [  33% ] 000/225 VUs  03m59.8s/12m0s  02.00 iters/s

running (04m00.8s), 000/225 VUs, 3001 complete and 0 interrupted iterations
openloop_oscillating   [  33% ] 000/225 VUs  04m00.8s/12m0s  02.00 iters/s

running (04m01.8s), 000/225 VUs, 3003 complete and 0 interrupted iterations
openloop_oscillating   [  34% ] 000/225 VUs  04m01.8s/12m0s  02.00 iters/s

running (04m02.8s), 000/225 VUs, 3005 complete and 0 interrupted iterations
openloop_oscillating   [  34% ] 000/225 VUs  04m02.8s/12m0s  02.00 iters/s

running (04m03.8s), 001/225 VUs, 3006 complete and 0 interrupted iterations
openloop_oscillating   [  34% ] 001/225 VUs  04m03.8s/12m0s  02.00 iters/s

running (04m04.8s), 000/225 VUs, 3009 complete and 0 interrupted iterations
openloop_oscillating   [  34% ] 000/225 VUs  04m04.8s/12m0s  02.00 iters/s

running (04m05.8s), 000/225 VUs, 3011 complete and 0 interrupted iterations
openloop_oscillating   [  34% ] 000/225 VUs  04m05.8s/12m0s  02.00 iters/s

running (04m06.8s), 000/225 VUs, 3013 complete and 0 interrupted iterations
openloop_oscillating   [  34% ] 000/225 VUs  04m06.8s/12m0s  02.00 iters/s

running (04m07.8s), 000/225 VUs, 3015 complete and 0 interrupted iterations
openloop_oscillating   [  34% ] 000/225 VUs  04m07.8s/12m0s  02.00 iters/s

running (04m08.8s), 000/225 VUs, 3017 complete and 0 interrupted iterations
openloop_oscillating   [  35% ] 000/225 VUs  04m08.8s/12m0s  02.00 iters/s

running (04m09.8s), 000/225 VUs, 3019 complete and 0 interrupted iterations
openloop_oscillating   [  35% ] 000/225 VUs  04m09.8s/12m0s  02.00 iters/s

running (04m10.8s), 000/225 VUs, 3021 complete and 0 interrupted iterations
openloop_oscillating   [  35% ] 000/225 VUs  04m10.8s/12m0s  02.00 iters/s

running (04m11.8s), 000/225 VUs, 3023 complete and 0 interrupted iterations
openloop_oscillating   [  35% ] 000/225 VUs  04m11.8s/12m0s  02.00 iters/s

running (04m12.8s), 000/225 VUs, 3025 complete and 0 interrupted iterations
openloop_oscillating   [  35% ] 000/225 VUs  04m12.8s/12m0s  02.00 iters/s

running (04m13.8s), 000/225 VUs, 3027 complete and 0 interrupted iterations
openloop_oscillating   [  35% ] 000/225 VUs  04m13.8s/12m0s  02.00 iters/s

running (04m14.8s), 000/225 VUs, 3029 complete and 0 interrupted iterations
openloop_oscillating   [  35% ] 000/225 VUs  04m14.8s/12m0s  02.00 iters/s

running (04m15.8s), 000/225 VUs, 3031 complete and 0 interrupted iterations
openloop_oscillating   [  36% ] 000/225 VUs  04m15.8s/12m0s  02.00 iters/s

running (04m16.8s), 001/225 VUs, 3032 complete and 0 interrupted iterations
openloop_oscillating   [  36% ] 001/225 VUs  04m16.8s/12m0s  02.00 iters/s

running (04m17.8s), 000/225 VUs, 3035 complete and 0 interrupted iterations
openloop_oscillating   [  36% ] 000/225 VUs  04m17.8s/12m0s  02.00 iters/s

running (04m18.8s), 001/225 VUs, 3036 complete and 0 interrupted iterations
openloop_oscillating   [  36% ] 001/225 VUs  04m18.8s/12m0s  02.00 iters/s

running (04m19.8s), 000/225 VUs, 3039 complete and 0 interrupted iterations
openloop_oscillating   [  36% ] 000/225 VUs  04m19.8s/12m0s  02.00 iters/s

running (04m20.8s), 001/225 VUs, 3040 complete and 0 interrupted iterations
openloop_oscillating   [  36% ] 001/225 VUs  04m20.8s/12m0s  02.00 iters/s

running (04m21.8s), 000/225 VUs, 3043 complete and 0 interrupted iterations
openloop_oscillating   [  36% ] 000/225 VUs  04m21.8s/12m0s  02.00 iters/s

running (04m22.8s), 000/225 VUs, 3045 complete and 0 interrupted iterations
openloop_oscillating   [  37% ] 000/225 VUs  04m22.8s/12m0s  02.00 iters/s

running (04m23.8s), 001/225 VUs, 3046 complete and 0 interrupted iterations
openloop_oscillating   [  37% ] 001/225 VUs  04m23.8s/12m0s  02.00 iters/s

running (04m24.8s), 000/225 VUs, 3049 complete and 0 interrupted iterations
openloop_oscillating   [  37% ] 000/225 VUs  04m24.8s/12m0s  02.00 iters/s

running (04m25.8s), 000/225 VUs, 3051 complete and 0 interrupted iterations
openloop_oscillating   [  37% ] 000/225 VUs  04m25.8s/12m0s  02.00 iters/s

running (04m26.8s), 000/225 VUs, 3053 complete and 0 interrupted iterations
openloop_oscillating   [  37% ] 000/225 VUs  04m26.8s/12m0s  02.00 iters/s

running (04m27.8s), 000/225 VUs, 3055 complete and 0 interrupted iterations
openloop_oscillating   [  37% ] 000/225 VUs  04m27.8s/12m0s  02.00 iters/s

running (04m28.8s), 000/225 VUs, 3057 complete and 0 interrupted iterations
openloop_oscillating   [  37% ] 000/225 VUs  04m28.8s/12m0s  02.00 iters/s

running (04m29.8s), 001/225 VUs, 3058 complete and 0 interrupted iterations
openloop_oscillating   [  37% ] 001/225 VUs  04m29.8s/12m0s  02.00 iters/s

running (04m30.8s), 000/225 VUs, 3061 complete and 0 interrupted iterations
openloop_oscillating   [  38% ] 000/225 VUs  04m30.8s/12m0s  02.00 iters/s

running (04m31.8s), 000/225 VUs, 3063 complete and 0 interrupted iterations
openloop_oscillating   [  38% ] 000/225 VUs  04m31.8s/12m0s  02.00 iters/s

running (04m32.8s), 000/225 VUs, 3065 complete and 0 interrupted iterations
openloop_oscillating   [  38% ] 000/225 VUs  04m32.8s/12m0s  02.00 iters/s

running (04m33.8s), 000/225 VUs, 3067 complete and 0 interrupted iterations
openloop_oscillating   [  38% ] 000/225 VUs  04m33.8s/12m0s  02.00 iters/s

running (04m34.8s), 000/225 VUs, 3069 complete and 0 interrupted iterations
openloop_oscillating   [  38% ] 000/225 VUs  04m34.8s/12m0s  02.00 iters/s

running (04m35.8s), 000/225 VUs, 3071 complete and 0 interrupted iterations
openloop_oscillating   [  38% ] 000/225 VUs  04m35.8s/12m0s  02.00 iters/s

running (04m36.8s), 000/225 VUs, 3073 complete and 0 interrupted iterations
openloop_oscillating   [  38% ] 000/225 VUs  04m36.8s/12m0s  02.00 iters/s

running (04m37.8s), 000/225 VUs, 3075 complete and 0 interrupted iterations
openloop_oscillating   [  39% ] 000/225 VUs  04m37.8s/12m0s  02.00 iters/s

running (04m38.8s), 000/225 VUs, 3077 complete and 0 interrupted iterations
openloop_oscillating   [  39% ] 000/225 VUs  04m38.8s/12m0s  02.00 iters/s

running (04m39.8s), 000/225 VUs, 3079 complete and 0 interrupted iterations
openloop_oscillating   [  39% ] 000/225 VUs  04m39.8s/12m0s  02.00 iters/s

running (04m40.8s), 000/225 VUs, 3081 complete and 0 interrupted iterations
openloop_oscillating   [  39% ] 000/225 VUs  04m40.8s/12m0s  02.00 iters/s

running (04m41.8s), 000/225 VUs, 3083 complete and 0 interrupted iterations
openloop_oscillating   [  39% ] 000/225 VUs  04m41.8s/12m0s  02.00 iters/s

running (04m42.8s), 000/225 VUs, 3085 complete and 0 interrupted iterations
openloop_oscillating   [  39% ] 000/225 VUs  04m42.8s/12m0s  02.00 iters/s

running (04m43.8s), 001/225 VUs, 3086 complete and 0 interrupted iterations
openloop_oscillating   [  39% ] 001/225 VUs  04m43.8s/12m0s  02.00 iters/s

running (04m44.8s), 000/225 VUs, 3089 complete and 0 interrupted iterations
openloop_oscillating   [  40% ] 000/225 VUs  04m44.8s/12m0s  02.00 iters/s

running (04m45.8s), 000/225 VUs, 3091 complete and 0 interrupted iterations
openloop_oscillating   [  40% ] 000/225 VUs  04m45.8s/12m0s  02.00 iters/s

running (04m46.8s), 000/225 VUs, 3093 complete and 0 interrupted iterations
openloop_oscillating   [  40% ] 000/225 VUs  04m46.8s/12m0s  02.00 iters/s

running (04m47.8s), 000/225 VUs, 3095 complete and 0 interrupted iterations
openloop_oscillating   [  40% ] 000/225 VUs  04m47.8s/12m0s  02.00 iters/s

running (04m48.8s), 000/225 VUs, 3097 complete and 0 interrupted iterations
openloop_oscillating   [  40% ] 000/225 VUs  04m48.8s/12m0s  02.00 iters/s

running (04m49.8s), 000/225 VUs, 3099 complete and 0 interrupted iterations
openloop_oscillating   [  40% ] 000/225 VUs  04m49.8s/12m0s  02.00 iters/s

running (04m50.8s), 000/225 VUs, 3101 complete and 0 interrupted iterations
openloop_oscillating   [  40% ] 000/225 VUs  04m50.8s/12m0s  02.00 iters/s

running (04m51.8s), 000/225 VUs, 3103 complete and 0 interrupted iterations
openloop_oscillating   [  41% ] 000/225 VUs  04m51.8s/12m0s  02.00 iters/s

running (04m52.8s), 000/225 VUs, 3105 complete and 0 interrupted iterations
openloop_oscillating   [  41% ] 000/225 VUs  04m52.8s/12m0s  02.00 iters/s

running (04m53.8s), 000/225 VUs, 3107 complete and 0 interrupted iterations
openloop_oscillating   [  41% ] 000/225 VUs  04m53.8s/12m0s  02.00 iters/s

running (04m54.8s), 000/225 VUs, 3109 complete and 0 interrupted iterations
openloop_oscillating   [  41% ] 000/225 VUs  04m54.8s/12m0s  02.00 iters/s

running (04m55.8s), 000/225 VUs, 3111 complete and 0 interrupted iterations
openloop_oscillating   [  41% ] 000/225 VUs  04m55.8s/12m0s  02.00 iters/s

running (04m56.8s), 000/225 VUs, 3113 complete and 0 interrupted iterations
openloop_oscillating   [  41% ] 000/225 VUs  04m56.8s/12m0s  02.00 iters/s

running (04m57.8s), 000/225 VUs, 3115 complete and 0 interrupted iterations
openloop_oscillating   [  41% ] 000/225 VUs  04m57.8s/12m0s  02.00 iters/s

running (04m58.8s), 000/225 VUs, 3117 complete and 0 interrupted iterations
openloop_oscillating   [  42% ] 000/225 VUs  04m58.8s/12m0s  02.00 iters/s

running (04m59.8s), 000/225 VUs, 3119 complete and 0 interrupted iterations
openloop_oscillating   [  42% ] 000/225 VUs  04m59.8s/12m0s  02.00 iters/s

running (05m00.8s), 000/225 VUs, 3122 complete and 0 interrupted iterations
openloop_oscillating   [  42% ] 000/225 VUs  05m00.8s/12m0s  04.23 iters/s

running (05m01.8s), 001/225 VUs, 3127 complete and 0 interrupted iterations
openloop_oscillating   [  42% ] 001/225 VUs  05m01.8s/12m0s  07.18 iters/s

running (05m02.8s), 000/225 VUs, 3136 complete and 0 interrupted iterations
openloop_oscillating   [  42% ] 000/225 VUs  05m02.8s/12m0s  09.82 iters/s

running (05m03.8s), 000/225 VUs, 3147 complete and 0 interrupted iterations
openloop_oscillating   [  42% ] 000/225 VUs  05m03.8s/12m0s  12.57 iters/s

running (05m04.8s), 002/225 VUs, 3160 complete and 0 interrupted iterations
openloop_oscillating   [  42% ] 002/225 VUs  05m04.8s/12m0s  15.56 iters/s

running (05m05.8s), 001/225 VUs, 3177 complete and 0 interrupted iterations
openloop_oscillating   [  42% ] 001/225 VUs  05m05.8s/12m0s  18.21 iters/s

running (05m06.8s), 002/225 VUs, 3196 complete and 0 interrupted iterations
openloop_oscillating   [  43% ] 002/225 VUs  05m06.8s/12m0s  21.06 iters/s

running (05m07.8s), 007/225 VUs, 3214 complete and 0 interrupted iterations
openloop_oscillating   [  43% ] 007/225 VUs  05m07.8s/12m0s  23.92 iters/s

running (05m08.8s), 008/225 VUs, 3238 complete and 0 interrupted iterations
openloop_oscillating   [  43% ] 008/225 VUs  05m08.8s/12m0s  26.69 iters/s

running (05m09.8s), 012/225 VUs, 3262 complete and 0 interrupted iterations
openloop_oscillating   [  43% ] 012/225 VUs  05m09.8s/12m0s  29.48 iters/s

running (05m10.8s), 019/225 VUs, 3285 complete and 0 interrupted iterations
openloop_oscillating   [  43% ] 019/225 VUs  05m10.8s/12m0s  30.00 iters/s

running (05m11.8s), 027/225 VUs, 3307 complete and 0 interrupted iterations
openloop_oscillating   [  43% ] 027/225 VUs  05m11.8s/12m0s  30.00 iters/s

running (05m12.8s), 028/225 VUs, 3336 complete and 0 interrupted iterations
openloop_oscillating   [  43% ] 028/225 VUs  05m12.8s/12m0s  30.00 iters/s

running (05m13.8s), 031/225 VUs, 3363 complete and 0 interrupted iterations
openloop_oscillating   [  44% ] 031/225 VUs  05m13.8s/12m0s  30.00 iters/s
time="2026-10-06T12:48:38Z" level=warning msg="Request Failed" error="Post \"http://auth-service.ecommerce.svc.cluster.local:8001/auth/login\": request timeout"
time="2026-10-06T12:48:38Z" level=warning msg="Request Failed" error="Post \"http://auth-service.ecommerce.svc.cluster.local:8001/auth/login\": request timeout"

running (05m14.8s), 008/225 VUs, 3416 complete and 0 interrupted iterations
openloop_oscillating   [  44% ] 008/225 VUs  05m14.8s/12m0s  30.00 iters/s

running (05m15.8s), 007/225 VUs, 3447 complete and 0 interrupted iterations
openloop_oscillating   [  44% ] 007/225 VUs  05m15.8s/12m0s  30.00 iters/s

running (05m16.8s), 010/225 VUs, 3474 complete and 0 interrupted iterations
openloop_oscillating   [  44% ] 010/225 VUs  05m16.8s/12m0s  30.00 iters/s

running (05m17.8s), 017/225 VUs, 3497 complete and 0 interrupted iterations
openloop_oscillating   [  44% ] 017/225 VUs  05m17.8s/12m0s  30.00 iters/s

running (05m18.8s), 015/225 VUs, 3529 complete and 0 interrupted iterations
openloop_oscillating   [  44% ] 015/225 VUs  05m18.8s/12m0s  30.00 iters/s

running (05m19.8s), 012/225 VUs, 3562 complete and 0 interrupted iterations
openloop_oscillating   [  44% ] 012/225 VUs  05m19.8s/12m0s  30.00 iters/s

running (05m20.8s), 016/225 VUs, 3588 complete and 0 interrupted iterations
openloop_oscillating   [  45% ] 016/225 VUs  05m20.8s/12m0s  30.00 iters/s
time="2026-10-06T12:48:45Z" level=warning msg="Request Failed" error="Post \"http://auth-service.ecommerce.svc.cluster.local:8001/auth/login\": request timeout"

running (05m21.8s), 014/225 VUs, 3620 complete and 0 interrupted iterations
openloop_oscillating   [  45% ] 014/225 VUs  05m21.8s/12m0s  30.00 iters/s

running (05m22.8s), 015/225 VUs, 3649 complete and 0 interrupted iterations
openloop_oscillating   [  45% ] 015/225 VUs  05m22.8s/12m0s  30.00 iters/s

running (05m23.8s), 006/225 VUs, 3688 complete and 0 interrupted iterations
openloop_oscillating   [  45% ] 006/225 VUs  05m23.8s/12m0s  30.00 iters/s

running (05m24.8s), 005/225 VUs, 3719 complete and 0 interrupted iterations
openloop_oscillating   [  45% ] 005/225 VUs  05m24.8s/12m0s  30.00 iters/s

running (05m25.8s), 015/225 VUs, 3739 complete and 0 interrupted iterations
openloop_oscillating   [  45% ] 015/225 VUs  05m25.8s/12m0s  30.00 iters/s

running (05m26.8s), 013/225 VUs, 3771 complete and 0 interrupted iterations
openloop_oscillating   [  45% ] 013/225 VUs  05m26.8s/12m0s  30.00 iters/s

running (05m27.8s), 021/225 VUs, 3793 complete and 0 interrupted iterations
openloop_oscillating   [  46% ] 021/225 VUs  05m27.8s/12m0s  30.00 iters/s

running (05m28.8s), 016/225 VUs, 3828 complete and 0 interrupted iterations
openloop_oscillating   [  46% ] 016/225 VUs  05m28.8s/12m0s  30.00 iters/s

running (05m29.8s), 015/225 VUs, 3859 complete and 0 interrupted iterations
openloop_oscillating   [  46% ] 015/225 VUs  05m29.8s/12m0s  30.00 iters/s

running (05m30.8s), 009/225 VUs, 3895 complete and 0 interrupted iterations
openloop_oscillating   [  46% ] 009/225 VUs  05m30.8s/12m0s  30.00 iters/s

running (05m31.8s), 005/225 VUs, 3929 complete and 0 interrupted iterations
openloop_oscillating   [  46% ] 005/225 VUs  05m31.8s/12m0s  30.00 iters/s

running (05m32.8s), 002/225 VUs, 3962 complete and 0 interrupted iterations
openloop_oscillating   [  46% ] 002/225 VUs  05m32.8s/12m0s  30.00 iters/s

running (05m33.8s), 005/225 VUs, 3989 complete and 0 interrupted iterations
openloop_oscillating   [  46% ] 005/225 VUs  05m33.8s/12m0s  30.00 iters/s

running (05m34.8s), 006/225 VUs, 4018 complete and 0 interrupted iterations
openloop_oscillating   [  47% ] 006/225 VUs  05m34.8s/12m0s  30.00 iters/s

running (05m35.8s), 005/225 VUs, 4049 complete and 0 interrupted iterations
openloop_oscillating   [  47% ] 005/225 VUs  05m35.8s/12m0s  30.00 iters/s

running (05m36.8s), 005/225 VUs, 4079 complete and 0 interrupted iterations
openloop_oscillating   [  47% ] 005/225 VUs  05m36.8s/12m0s  30.00 iters/s

running (05m37.8s), 005/225 VUs, 4109 complete and 0 interrupted iterations
openloop_oscillating   [  47% ] 005/225 VUs  05m37.8s/12m0s  30.00 iters/s

running (05m38.8s), 004/225 VUs, 4140 complete and 0 interrupted iterations
openloop_oscillating   [  47% ] 004/225 VUs  05m38.8s/12m0s  30.00 iters/s

running (05m39.8s), 005/225 VUs, 4169 complete and 0 interrupted iterations
openloop_oscillating   [  47% ] 005/225 VUs  05m39.8s/12m0s  30.00 iters/s

running (05m40.8s), 008/225 VUs, 4196 complete and 0 interrupted iterations
openloop_oscillating   [  47% ] 008/225 VUs  05m40.8s/12m0s  30.00 iters/s

running (05m41.8s), 009/225 VUs, 4225 complete and 0 interrupted iterations
openloop_oscillating   [  47% ] 009/225 VUs  05m41.8s/12m0s  30.00 iters/s

running (05m42.8s), 008/225 VUs, 4256 complete and 0 interrupted iterations
openloop_oscillating   [  48% ] 008/225 VUs  05m42.8s/12m0s  30.00 iters/s

running (05m43.8s), 008/225 VUs, 4286 complete and 0 interrupted iterations
openloop_oscillating   [  48% ] 008/225 VUs  05m43.8s/12m0s  30.00 iters/s

running (05m44.8s), 006/225 VUs, 4318 complete and 0 interrupted iterations
openloop_oscillating   [  48% ] 006/225 VUs  05m44.8s/12m0s  30.00 iters/s

running (05m45.8s), 004/225 VUs, 4350 complete and 0 interrupted iterations
openloop_oscillating   [  48% ] 004/225 VUs  05m45.8s/12m0s  30.00 iters/s

running (05m46.8s), 005/225 VUs, 4379 complete and 0 interrupted iterations
openloop_oscillating   [  48% ] 005/225 VUs  05m46.8s/12m0s  30.00 iters/s

running (05m47.8s), 005/225 VUs, 4409 complete and 0 interrupted iterations
openloop_oscillating   [  48% ] 005/225 VUs  05m47.8s/12m0s  30.00 iters/s

running (05m48.8s), 007/225 VUs, 4437 complete and 0 interrupted iterations
openloop_oscillating   [  48% ] 007/225 VUs  05m48.8s/12m0s  30.00 iters/s

running (05m49.8s), 003/225 VUs, 4471 complete and 0 interrupted iterations
openloop_oscillating   [  49% ] 003/225 VUs  05m49.8s/12m0s  30.00 iters/s

running (05m50.8s), 002/225 VUs, 4502 complete and 0 interrupted iterations
openloop_oscillating   [  49% ] 002/225 VUs  05m50.8s/12m0s  30.00 iters/s

running (05m51.8s), 003/225 VUs, 4531 complete and 0 interrupted iterations
openloop_oscillating   [  49% ] 003/225 VUs  05m51.8s/12m0s  30.00 iters/s

running (05m52.8s), 002/225 VUs, 4562 complete and 0 interrupted iterations
openloop_oscillating   [  49% ] 002/225 VUs  05m52.8s/12m0s  30.00 iters/s

running (05m53.8s), 004/225 VUs, 4590 complete and 0 interrupted iterations
openloop_oscillating   [  49% ] 004/225 VUs  05m53.8s/12m0s  30.00 iters/s

running (05m54.8s), 007/225 VUs, 4617 complete and 0 interrupted iterations
openloop_oscillating   [  49% ] 007/225 VUs  05m54.8s/12m0s  30.00 iters/s

running (05m55.8s), 008/225 VUs, 4646 complete and 0 interrupted iterations
openloop_oscillating   [  49% ] 008/225 VUs  05m55.8s/12m0s  30.00 iters/s

running (05m56.8s), 001/225 VUs, 4683 complete and 0 interrupted iterations
openloop_oscillating   [  50% ] 001/225 VUs  05m56.8s/12m0s  30.00 iters/s

running (05m57.8s), 005/225 VUs, 4709 complete and 0 interrupted iterations
openloop_oscillating   [  50% ] 005/225 VUs  05m57.8s/12m0s  30.00 iters/s

running (05m58.8s), 004/225 VUs, 4740 complete and 0 interrupted iterations
openloop_oscillating   [  50% ] 004/225 VUs  05m58.8s/12m0s  30.00 iters/s

running (05m59.8s), 003/225 VUs, 4771 complete and 0 interrupted iterations
openloop_oscillating   [  50% ] 003/225 VUs  05m59.8s/12m0s  30.00 iters/s

running (06m00.8s), 006/225 VUs, 4798 complete and 0 interrupted iterations
openloop_oscillating   [  50% ] 006/225 VUs  06m00.8s/12m0s  30.00 iters/s

running (06m01.8s), 008/225 VUs, 4826 complete and 0 interrupted iterations
openloop_oscillating   [  50% ] 008/225 VUs  06m01.8s/12m0s  30.00 iters/s

running (06m02.8s), 013/225 VUs, 4851 complete and 0 interrupted iterations
openloop_oscillating   [  50% ] 013/225 VUs  06m02.8s/12m0s  30.00 iters/s

running (06m03.8s), 014/225 VUs, 4880 complete and 0 interrupted iterations
openloop_oscillating   [  51% ] 014/225 VUs  06m03.8s/12m0s  30.00 iters/s

running (06m04.8s), 020/225 VUs, 4904 complete and 0 interrupted iterations
openloop_oscillating   [  51% ] 020/225 VUs  06m04.8s/12m0s  30.00 iters/s

running (06m05.8s), 009/225 VUs, 4945 complete and 0 interrupted iterations
openloop_oscillating   [  51% ] 009/225 VUs  06m05.8s/12m0s  30.00 iters/s

running (06m06.8s), 010/225 VUs, 4974 complete and 0 interrupted iterations
openloop_oscillating   [  51% ] 010/225 VUs  06m06.8s/12m0s  30.00 iters/s
time="2026-10-06T12:49:31Z" level=warning msg="Request Failed" error="Post \"http://auth-service.ecommerce.svc.cluster.local:8001/auth/login\": request timeout"

running (06m07.8s), 021/225 VUs, 4993 complete and 0 interrupted iterations
openloop_oscillating   [  51% ] 021/225 VUs  06m07.8s/12m0s  30.00 iters/s
time="2026-10-06T12:49:32Z" level=warning msg="Request Failed" error="Post \"http://auth-service.ecommerce.svc.cluster.local:8001/auth/login\": request timeout"

running (06m08.8s), 020/225 VUs, 5024 complete and 0 interrupted iterations
openloop_oscillating   [  51% ] 020/225 VUs  06m08.8s/12m0s  30.00 iters/s
time="2026-10-06T12:49:33Z" level=warning msg="Request Failed" error="Post \"http://auth-service.ecommerce.svc.cluster.local:8001/auth/login\": request timeout"

running (06m09.8s), 013/225 VUs, 5061 complete and 0 interrupted iterations
openloop_oscillating   [  51% ] 013/225 VUs  06m09.8s/12m0s  30.00 iters/s

running (06m10.8s), 011/225 VUs, 5093 complete and 0 interrupted iterations
openloop_oscillating   [  52% ] 011/225 VUs  06m10.8s/12m0s  30.00 iters/s
time="2026-10-06T12:49:35Z" level=warning msg="Request Failed" error="Post \"http://auth-service.ecommerce.svc.cluster.local:8001/auth/login\": request timeout"

running (06m11.8s), 013/225 VUs, 5121 complete and 0 interrupted iterations
openloop_oscillating   [  52% ] 013/225 VUs  06m11.8s/12m0s  30.00 iters/s
time="2026-10-06T12:49:35Z" level=warning msg="Request Failed" error="Post \"http://auth-service.ecommerce.svc.cluster.local:8001/auth/login\": request timeout"
time="2026-10-06T12:49:36Z" level=warning msg="Request Failed" error="Post \"http://auth-service.ecommerce.svc.cluster.local:8001/auth/login\": request timeout"
time="2026-10-06T12:49:36Z" level=warning msg="Request Failed" error="Post \"http://auth-service.ecommerce.svc.cluster.local:8001/auth/login\": request timeout"

running (06m12.8s), 015/225 VUs, 5149 complete and 0 interrupted iterations
openloop_oscillating   [  52% ] 015/225 VUs  06m12.8s/12m0s  30.00 iters/s

running (06m13.8s), 020/225 VUs, 5174 complete and 0 interrupted iterations
openloop_oscillating   [  52% ] 020/225 VUs  06m13.8s/12m0s  30.00 iters/s
time="2026-10-06T12:49:38Z" level=warning msg="Request Failed" error="Post \"http://auth-service.ecommerce.svc.cluster.local:8001/auth/login\": request timeout"

running (06m14.8s), 021/225 VUs, 5203 complete and 0 interrupted iterations
openloop_oscillating   [  52% ] 021/225 VUs  06m14.8s/12m0s  30.00 iters/s
time="2026-10-06T12:49:39Z" level=warning msg="Request Failed" error="Post \"http://auth-service.ecommerce.svc.cluster.local:8001/auth/login\": request timeout"

running (06m15.8s), 027/225 VUs, 5227 complete and 0 interrupted iterations
openloop_oscillating   [  52% ] 027/225 VUs  06m15.8s/12m0s  30.00 iters/s
time="2026-10-06T12:49:39Z" level=warning msg="Request Failed" error="Post \"http://auth-service.ecommerce.svc.cluster.local:8001/auth/login\": request timeout"
time="2026-10-06T12:49:40Z" level=warning msg="Request Failed" error="Post \"http://auth-service.ecommerce.svc.cluster.local:8001/auth/login\": request timeout"
time="2026-10-06T12:49:40Z" level=warning msg="Request Failed" error="Post \"http://auth-service.ecommerce.svc.cluster.local:8001/auth/login\": request timeout"
time="2026-10-06T12:49:40Z" level=warning msg="Request Failed" error="Post \"http://auth-service.ecommerce.svc.cluster.local:8001/auth/login\": request timeout"

running (06m16.8s), 024/225 VUs, 5260 complete and 0 interrupted iterations
openloop_oscillating   [  52% ] 024/225 VUs  06m16.8s/12m0s  30.00 iters/s

running (06m17.8s), 023/225 VUs, 5291 complete and 0 interrupted iterations
openloop_oscillating   [  52% ] 023/225 VUs  06m17.8s/12m0s  30.00 iters/s
time="2026-10-06T12:49:42Z" level=warning msg="Request Failed" error="Post \"http://auth-service.ecommerce.svc.cluster.local:8001/auth/login\": request timeout"
time="2026-10-06T12:49:42Z" level=warning msg="Request Failed" error="Post \"http://auth-service.ecommerce.svc.cluster.local:8001/auth/login\": request timeout"

running (06m18.8s), 022/225 VUs, 5322 complete and 0 interrupted iterations
openloop_oscillating   [  53% ] 022/225 VUs  06m18.8s/12m0s  30.00 iters/s
time="2026-10-06T12:49:42Z" level=warning msg="Request Failed" error="Post \"http://auth-service.ecommerce.svc.cluster.local:8001/auth/login\": request timeout"
time="2026-10-06T12:49:43Z" level=warning msg="Request Failed" error="Post \"http://auth-service.ecommerce.svc.cluster.local:8001/auth/login\": request timeout"
time="2026-10-06T12:49:43Z" level=warning msg="Request Failed" error="Post \"http://auth-service.ecommerce.svc.cluster.local:8001/auth/login\": request timeout"

running (06m19.8s), 013/225 VUs, 5361 complete and 0 interrupted iterations
openloop_oscillating   [  53% ] 013/225 VUs  06m19.8s/12m0s  30.00 iters/s

running (06m20.8s), 019/225 VUs, 5385 complete and 0 interrupted iterations
openloop_oscillating   [  53% ] 019/225 VUs  06m20.8s/12m0s  30.00 iters/s

running (06m21.8s), 011/225 VUs, 5423 complete and 0 interrupted iterations
openloop_oscillating   [  53% ] 011/225 VUs  06m21.8s/12m0s  30.00 iters/s

running (06m22.8s), 016/225 VUs, 5448 complete and 0 interrupted iterations
openloop_oscillating   [  53% ] 016/225 VUs  06m22.8s/12m0s  30.00 iters/s

running (06m23.8s), 010/225 VUs, 5484 complete and 0 interrupted iterations
openloop_oscillating   [  53% ] 010/225 VUs  06m23.8s/12m0s  30.00 iters/s

running (06m24.8s), 005/225 VUs, 5519 complete and 0 interrupted iterations
openloop_oscillating   [  53% ] 005/225 VUs  06m24.8s/12m0s  30.00 iters/s

running (06m25.8s), 012/225 VUs, 5542 complete and 0 interrupted iterations
openloop_oscillating   [  54% ] 012/225 VUs  06m25.8s/12m0s  30.00 iters/s

running (06m26.8s), 006/225 VUs, 5578 complete and 0 interrupted iterations
openloop_oscillating   [  54% ] 006/225 VUs  06m26.8s/12m0s  30.00 iters/s

running (06m27.8s), 004/225 VUs, 5610 complete and 0 interrupted iterations
openloop_oscillating   [  54% ] 004/225 VUs  06m27.8s/12m0s  30.00 iters/s

running (06m28.8s), 009/225 VUs, 5635 complete and 0 interrupted iterations
openloop_oscillating   [  54% ] 009/225 VUs  06m28.8s/12m0s  30.00 iters/s

running (06m29.8s), 009/225 VUs, 5665 complete and 0 interrupted iterations
openloop_oscillating   [  54% ] 009/225 VUs  06m29.8s/12m0s  30.00 iters/s

running (06m30.8s), 010/225 VUs, 5693 complete and 0 interrupted iterations
openloop_oscillating   [  54% ] 010/225 VUs  06m30.8s/12m0s  27.72 iters/s

running (06m31.8s), 007/225 VUs, 5722 complete and 0 interrupted iterations
openloop_oscillating   [  54% ] 007/225 VUs  06m31.8s/12m0s  24.96 iters/s

running (06m32.8s), 008/225 VUs, 5745 complete and 0 interrupted iterations
openloop_oscillating   [  55% ] 008/225 VUs  06m32.8s/12m0s  22.10 iters/s

running (06m33.8s), 006/225 VUs, 5768 complete and 0 interrupted iterations
openloop_oscillating   [  55% ] 006/225 VUs  06m33.8s/12m0s  19.26 iters/s

running (06m34.8s), 001/225 VUs, 5790 complete and 0 interrupted iterations
openloop_oscillating   [  55% ] 001/225 VUs  06m34.8s/12m0s  16.60 iters/s

running (06m35.8s), 003/225 VUs, 5804 complete and 0 interrupted iterations
openloop_oscillating   [  55% ] 003/225 VUs  06m35.8s/12m0s  13.64 iters/s

running (06m36.8s), 001/225 VUs, 5818 complete and 0 interrupted iterations
openloop_oscillating   [  55% ] 001/225 VUs  06m36.8s/12m0s  10.90 iters/s

running (06m37.8s), 001/225 VUs, 5827 complete and 0 interrupted iterations
openloop_oscillating   [  55% ] 001/225 VUs  06m37.8s/12m0s  08.27 iters/s

running (06m38.8s), 001/225 VUs, 5834 complete and 0 interrupted iterations
openloop_oscillating   [  55% ] 001/225 VUs  06m38.8s/12m0s  05.40 iters/s

running (06m39.8s), 000/225 VUs, 5839 complete and 0 interrupted iterations
openloop_oscillating   [  56% ] 000/225 VUs  06m39.8s/12m0s  02.55 iters/s

running (06m40.8s), 000/225 VUs, 5841 complete and 0 interrupted iterations
openloop_oscillating   [  56% ] 000/225 VUs  06m40.8s/12m0s  02.00 iters/s

running (06m41.8s), 001/225 VUs, 5842 complete and 0 interrupted iterations
openloop_oscillating   [  56% ] 001/225 VUs  06m41.8s/12m0s  02.00 iters/s

running (06m42.8s), 000/225 VUs, 5845 complete and 0 interrupted iterations
openloop_oscillating   [  56% ] 000/225 VUs  06m42.8s/12m0s  02.00 iters/s

running (06m43.8s), 000/225 VUs, 5847 complete and 0 interrupted iterations
openloop_oscillating   [  56% ] 000/225 VUs  06m43.8s/12m0s  02.00 iters/s

running (06m44.8s), 000/225 VUs, 5849 complete and 0 interrupted iterations
openloop_oscillating   [  56% ] 000/225 VUs  06m44.8s/12m0s  02.00 iters/s

running (06m45.8s), 000/225 VUs, 5851 complete and 0 interrupted iterations
openloop_oscillating   [  56% ] 000/225 VUs  06m45.8s/12m0s  02.00 iters/s

running (06m46.8s), 000/225 VUs, 5853 complete and 0 interrupted iterations
openloop_oscillating   [  57% ] 000/225 VUs  06m46.8s/12m0s  02.00 iters/s

running (06m47.8s), 001/225 VUs, 5854 complete and 0 interrupted iterations
openloop_oscillating   [  57% ] 001/225 VUs  06m47.8s/12m0s  02.00 iters/s

running (06m48.8s), 000/225 VUs, 5857 complete and 0 interrupted iterations
openloop_oscillating   [  57% ] 000/225 VUs  06m48.8s/12m0s  02.00 iters/s

running (06m49.8s), 000/225 VUs, 5859 complete and 0 interrupted iterations
openloop_oscillating   [  57% ] 000/225 VUs  06m49.8s/12m0s  02.00 iters/s

running (06m50.8s), 001/225 VUs, 5860 complete and 0 interrupted iterations
openloop_oscillating   [  57% ] 001/225 VUs  06m50.8s/12m0s  02.00 iters/s

running (06m51.8s), 000/225 VUs, 5863 complete and 0 interrupted iterations
openloop_oscillating   [  57% ] 000/225 VUs  06m51.8s/12m0s  02.00 iters/s

running (06m52.8s), 000/225 VUs, 5865 complete and 0 interrupted iterations
openloop_oscillating   [  57% ] 000/225 VUs  06m52.8s/12m0s  02.00 iters/s

running (06m53.8s), 000/225 VUs, 5867 complete and 0 interrupted iterations
openloop_oscillating   [  57% ] 000/225 VUs  06m53.8s/12m0s  02.00 iters/s

running (06m54.8s), 001/225 VUs, 5868 complete and 0 interrupted iterations
openloop_oscillating   [  58% ] 001/225 VUs  06m54.8s/12m0s  02.00 iters/s

running (06m55.8s), 000/225 VUs, 5871 complete and 0 interrupted iterations
openloop_oscillating   [  58% ] 000/225 VUs  06m55.8s/12m0s  02.00 iters/s

running (06m56.8s), 000/225 VUs, 5873 complete and 0 interrupted iterations
openloop_oscillating   [  58% ] 000/225 VUs  06m56.8s/12m0s  02.00 iters/s

running (06m57.8s), 000/225 VUs, 5875 complete and 0 interrupted iterations
openloop_oscillating   [  58% ] 000/225 VUs  06m57.8s/12m0s  02.00 iters/s

running (06m58.8s), 001/225 VUs, 5876 complete and 0 interrupted iterations
openloop_oscillating   [  58% ] 001/225 VUs  06m58.8s/12m0s  02.00 iters/s

running (06m59.8s), 000/225 VUs, 5879 complete and 0 interrupted iterations
openloop_oscillating   [  58% ] 000/225 VUs  06m59.8s/12m0s  02.00 iters/s

running (07m00.8s), 000/225 VUs, 5881 complete and 0 interrupted iterations
openloop_oscillating   [  58% ] 000/225 VUs  07m00.8s/12m0s  02.00 iters/s

running (07m01.8s), 000/225 VUs, 5883 complete and 0 interrupted iterations
openloop_oscillating   [  59% ] 000/225 VUs  07m01.8s/12m0s  02.00 iters/s

running (07m02.8s), 000/225 VUs, 5885 complete and 0 interrupted iterations
openloop_oscillating   [  59% ] 000/225 VUs  07m02.8s/12m0s  02.00 iters/s

running (07m03.8s), 000/225 VUs, 5887 complete and 0 interrupted iterations
openloop_oscillating   [  59% ] 000/225 VUs  07m03.8s/12m0s  02.00 iters/s

running (07m04.8s), 000/225 VUs, 5889 complete and 0 interrupted iterations
openloop_oscillating   [  59% ] 000/225 VUs  07m04.8s/12m0s  02.00 iters/s

running (07m05.8s), 001/225 VUs, 5890 complete and 0 interrupted iterations
openloop_oscillating   [  59% ] 001/225 VUs  07m05.8s/12m0s  02.00 iters/s

running (07m06.8s), 000/225 VUs, 5893 complete and 0 interrupted iterations
openloop_oscillating   [  59% ] 000/225 VUs  07m06.8s/12m0s  02.00 iters/s

running (07m07.8s), 000/225 VUs, 5895 complete and 0 interrupted iterations
openloop_oscillating   [  59% ] 000/225 VUs  07m07.8s/12m0s  02.00 iters/s

running (07m08.8s), 000/225 VUs, 5897 complete and 0 interrupted iterations
openloop_oscillating   [  60% ] 000/225 VUs  07m08.8s/12m0s  02.00 iters/s

running (07m09.8s), 000/225 VUs, 5899 complete and 0 interrupted iterations
openloop_oscillating   [  60% ] 000/225 VUs  07m09.8s/12m0s  02.00 iters/s

running (07m10.8s), 000/225 VUs, 5901 complete and 0 interrupted iterations
openloop_oscillating   [  60% ] 000/225 VUs  07m10.8s/12m0s  02.00 iters/s

running (07m11.8s), 000/225 VUs, 5903 complete and 0 interrupted iterations
openloop_oscillating   [  60% ] 000/225 VUs  07m11.8s/12m0s  02.00 iters/s

running (07m12.8s), 000/225 VUs, 5905 complete and 0 interrupted iterations
openloop_oscillating   [  60% ] 000/225 VUs  07m12.8s/12m0s  02.00 iters/s

running (07m13.8s), 000/225 VUs, 5907 complete and 0 interrupted iterations
openloop_oscillating   [  60% ] 000/225 VUs  07m13.8s/12m0s  02.00 iters/s

running (07m14.8s), 000/225 VUs, 5909 complete and 0 interrupted iterations
openloop_oscillating   [  60% ] 000/225 VUs  07m14.8s/12m0s  02.00 iters/s

running (07m15.8s), 000/225 VUs, 5911 complete and 0 interrupted iterations
openloop_oscillating   [  61% ] 000/225 VUs  07m15.8s/12m0s  02.00 iters/s

running (07m16.8s), 000/225 VUs, 5913 complete and 0 interrupted iterations
openloop_oscillating   [  61% ] 000/225 VUs  07m16.8s/12m0s  02.00 iters/s

running (07m17.8s), 000/225 VUs, 5915 complete and 0 interrupted iterations
openloop_oscillating   [  61% ] 000/225 VUs  07m17.8s/12m0s  02.00 iters/s

running (07m18.8s), 000/225 VUs, 5917 complete and 0 interrupted iterations
openloop_oscillating   [  61% ] 000/225 VUs  07m18.8s/12m0s  02.00 iters/s

running (07m19.8s), 000/225 VUs, 5919 complete and 0 interrupted iterations
openloop_oscillating   [  61% ] 000/225 VUs  07m19.8s/12m0s  02.00 iters/s

running (07m20.8s), 000/225 VUs, 5921 complete and 0 interrupted iterations
openloop_oscillating   [  61% ] 000/225 VUs  07m20.8s/12m0s  02.00 iters/s

running (07m21.8s), 000/225 VUs, 5923 complete and 0 interrupted iterations
openloop_oscillating   [  61% ] 000/225 VUs  07m21.8s/12m0s  02.00 iters/s

running (07m22.8s), 000/225 VUs, 5925 complete and 0 interrupted iterations
openloop_oscillating   [  62% ] 000/225 VUs  07m22.8s/12m0s  02.00 iters/s

running (07m23.8s), 000/225 VUs, 5927 complete and 0 interrupted iterations
openloop_oscillating   [  62% ] 000/225 VUs  07m23.8s/12m0s  02.00 iters/s

running (07m24.8s), 000/225 VUs, 5929 complete and 0 interrupted iterations
openloop_oscillating   [  62% ] 000/225 VUs  07m24.8s/12m0s  02.00 iters/s

running (07m25.8s), 000/225 VUs, 5931 complete and 0 interrupted iterations
openloop_oscillating   [  62% ] 000/225 VUs  07m25.8s/12m0s  02.00 iters/s

running (07m26.8s), 000/225 VUs, 5933 complete and 0 interrupted iterations
openloop_oscillating   [  62% ] 000/225 VUs  07m26.8s/12m0s  02.00 iters/s

running (07m27.8s), 000/225 VUs, 5935 complete and 0 interrupted iterations
openloop_oscillating   [  62% ] 000/225 VUs  07m27.8s/12m0s  02.00 iters/s

running (07m28.8s), 000/225 VUs, 5937 complete and 0 interrupted iterations
openloop_oscillating   [  62% ] 000/225 VUs  07m28.8s/12m0s  02.00 iters/s

running (07m29.8s), 000/225 VUs, 5939 complete and 0 interrupted iterations
openloop_oscillating   [  62% ] 000/225 VUs  07m29.8s/12m0s  02.00 iters/s

running (07m30.8s), 000/225 VUs, 5941 complete and 0 interrupted iterations
openloop_oscillating   [  63% ] 000/225 VUs  07m30.8s/12m0s  02.00 iters/s

running (07m31.8s), 000/225 VUs, 5943 complete and 0 interrupted iterations
openloop_oscillating   [  63% ] 000/225 VUs  07m31.8s/12m0s  02.00 iters/s

running (07m32.8s), 000/225 VUs, 5945 complete and 0 interrupted iterations
openloop_oscillating   [  63% ] 000/225 VUs  07m32.8s/12m0s  02.00 iters/s

running (07m33.8s), 000/225 VUs, 5947 complete and 0 interrupted iterations
openloop_oscillating   [  63% ] 000/225 VUs  07m33.8s/12m0s  02.00 iters/s

running (07m34.8s), 000/225 VUs, 5949 complete and 0 interrupted iterations
openloop_oscillating   [  63% ] 000/225 VUs  07m34.8s/12m0s  02.00 iters/s

running (07m35.8s), 000/225 VUs, 5951 complete and 0 interrupted iterations
openloop_oscillating   [  63% ] 000/225 VUs  07m35.8s/12m0s  02.00 iters/s

running (07m36.8s), 000/225 VUs, 5953 complete and 0 interrupted iterations
openloop_oscillating   [  63% ] 000/225 VUs  07m36.8s/12m0s  02.00 iters/s

running (07m37.8s), 000/225 VUs, 5955 complete and 0 interrupted iterations
openloop_oscillating   [  64% ] 000/225 VUs  07m37.8s/12m0s  02.00 iters/s

running (07m38.8s), 000/225 VUs, 5957 complete and 0 interrupted iterations
openloop_oscillating   [  64% ] 000/225 VUs  07m38.8s/12m0s  02.00 iters/s

running (07m39.8s), 000/225 VUs, 5959 complete and 0 interrupted iterations
openloop_oscillating   [  64% ] 000/225 VUs  07m39.8s/12m0s  02.00 iters/s

running (07m40.8s), 000/225 VUs, 5961 complete and 0 interrupted iterations
openloop_oscillating   [  64% ] 000/225 VUs  07m40.8s/12m0s  02.00 iters/s

running (07m41.8s), 000/225 VUs, 5963 complete and 0 interrupted iterations
openloop_oscillating   [  64% ] 000/225 VUs  07m41.8s/12m0s  02.00 iters/s

running (07m42.8s), 000/225 VUs, 5965 complete and 0 interrupted iterations
openloop_oscillating   [  64% ] 000/225 VUs  07m42.8s/12m0s  02.00 iters/s

running (07m43.8s), 001/225 VUs, 5966 complete and 0 interrupted iterations
openloop_oscillating   [  64% ] 001/225 VUs  07m43.8s/12m0s  02.00 iters/s

running (07m44.8s), 000/225 VUs, 5969 complete and 0 interrupted iterations
openloop_oscillating   [  65% ] 000/225 VUs  07m44.8s/12m0s  02.00 iters/s

running (07m45.8s), 000/225 VUs, 5971 complete and 0 interrupted iterations
openloop_oscillating   [  65% ] 000/225 VUs  07m45.8s/12m0s  02.00 iters/s

running (07m46.8s), 000/225 VUs, 5973 complete and 0 interrupted iterations
openloop_oscillating   [  65% ] 000/225 VUs  07m46.8s/12m0s  02.00 iters/s

running (07m47.8s), 000/225 VUs, 5975 complete and 0 interrupted iterations
openloop_oscillating   [  65% ] 000/225 VUs  07m47.8s/12m0s  02.00 iters/s

running (07m48.8s), 000/225 VUs, 5977 complete and 0 interrupted iterations
openloop_oscillating   [  65% ] 000/225 VUs  07m48.8s/12m0s  02.00 iters/s

running (07m49.8s), 000/225 VUs, 5979 complete and 0 interrupted iterations
openloop_oscillating   [  65% ] 000/225 VUs  07m49.8s/12m0s  02.00 iters/s

running (07m50.8s), 000/225 VUs, 5981 complete and 0 interrupted iterations
openloop_oscillating   [  65% ] 000/225 VUs  07m50.8s/12m0s  02.00 iters/s

running (07m51.8s), 000/225 VUs, 5983 complete and 0 interrupted iterations
openloop_oscillating   [  66% ] 000/225 VUs  07m51.8s/12m0s  02.00 iters/s

running (07m52.8s), 000/225 VUs, 5985 complete and 0 interrupted iterations
openloop_oscillating   [  66% ] 000/225 VUs  07m52.8s/12m0s  02.00 iters/s

running (07m53.8s), 000/225 VUs, 5987 complete and 0 interrupted iterations
openloop_oscillating   [  66% ] 000/225 VUs  07m53.8s/12m0s  02.00 iters/s

running (07m54.8s), 000/225 VUs, 5989 complete and 0 interrupted iterations
openloop_oscillating   [  66% ] 000/225 VUs  07m54.8s/12m0s  02.00 iters/s

running (07m55.8s), 000/225 VUs, 5991 complete and 0 interrupted iterations
openloop_oscillating   [  66% ] 000/225 VUs  07m55.8s/12m0s  02.00 iters/s

running (07m56.8s), 000/225 VUs, 5993 complete and 0 interrupted iterations
openloop_oscillating   [  66% ] 000/225 VUs  07m56.8s/12m0s  02.00 iters/s

running (07m57.8s), 001/225 VUs, 5994 complete and 0 interrupted iterations
openloop_oscillating   [  66% ] 001/225 VUs  07m57.8s/12m0s  02.00 iters/s

running (07m58.8s), 000/225 VUs, 5997 complete and 0 interrupted iterations
openloop_oscillating   [  67% ] 000/225 VUs  07m58.8s/12m0s  02.00 iters/s

running (07m59.8s), 000/225 VUs, 5999 complete and 0 interrupted iterations
openloop_oscillating   [  67% ] 000/225 VUs  07m59.8s/12m0s  02.00 iters/s

running (08m00.8s), 001/225 VUs, 6001 complete and 0 interrupted iterations
openloop_oscillating   [  67% ] 001/225 VUs  08m00.8s/12m0s  04.23 iters/s

running (08m01.8s), 001/225 VUs, 6007 complete and 0 interrupted iterations
openloop_oscillating   [  67% ] 001/225 VUs  08m01.8s/12m0s  07.18 iters/s

running (08m02.8s), 001/225 VUs, 6015 complete and 0 interrupted iterations
openloop_oscillating   [  67% ] 001/225 VUs  08m02.8s/12m0s  09.82 iters/s

running (08m03.8s), 000/225 VUs, 6027 complete and 0 interrupted iterations
openloop_oscillating   [  67% ] 000/225 VUs  08m03.8s/12m0s  12.57 iters/s

running (08m04.8s), 003/225 VUs, 6039 complete and 0 interrupted iterations
openloop_oscillating   [  67% ] 003/225 VUs  08m04.8s/12m0s  15.56 iters/s

running (08m05.8s), 002/225 VUs, 6056 complete and 0 interrupted iterations
openloop_oscillating   [  67% ] 002/225 VUs  08m05.8s/12m0s  18.21 iters/s

running (08m06.8s), 001/225 VUs, 6077 complete and 0 interrupted iterations
openloop_oscillating   [  68% ] 001/225 VUs  08m06.8s/12m0s  21.06 iters/s

running (08m07.8s), 002/225 VUs, 6099 complete and 0 interrupted iterations
openloop_oscillating   [  68% ] 002/225 VUs  08m07.8s/12m0s  23.92 iters/s

running (08m08.8s), 004/225 VUs, 6122 complete and 0 interrupted iterations
openloop_oscillating   [  68% ] 004/225 VUs  08m08.8s/12m0s  26.69 iters/s

running (08m09.8s), 003/225 VUs, 6151 complete and 0 interrupted iterations
openloop_oscillating   [  68% ] 003/225 VUs  08m09.8s/12m0s  29.48 iters/s

running (08m10.8s), 006/225 VUs, 6178 complete and 0 interrupted iterations
openloop_oscillating   [  68% ] 006/225 VUs  08m10.8s/12m0s  30.00 iters/s

running (08m11.8s), 013/225 VUs, 6201 complete and 0 interrupted iterations
openloop_oscillating   [  68% ] 013/225 VUs  08m11.8s/12m0s  30.00 iters/s

running (08m12.8s), 006/225 VUs, 6238 complete and 0 interrupted iterations
openloop_oscillating   [  68% ] 006/225 VUs  08m12.8s/12m0s  30.00 iters/s

running (08m13.8s), 003/225 VUs, 6271 complete and 0 interrupted iterations
openloop_oscillating   [  69% ] 003/225 VUs  08m13.8s/12m0s  30.00 iters/s

running (08m14.8s), 003/225 VUs, 6301 complete and 0 interrupted iterations
openloop_oscillating   [  69% ] 003/225 VUs  08m14.8s/12m0s  30.00 iters/s

running (08m15.8s), 001/225 VUs, 6333 complete and 0 interrupted iterations
openloop_oscillating   [  69% ] 001/225 VUs  08m15.8s/12m0s  30.00 iters/s

running (08m16.8s), 005/225 VUs, 6359 complete and 0 interrupted iterations
openloop_oscillating   [  69% ] 005/225 VUs  08m16.8s/12m0s  30.00 iters/s

running (08m17.8s), 006/225 VUs, 6388 complete and 0 interrupted iterations
openloop_oscillating   [  69% ] 006/225 VUs  08m17.8s/12m0s  30.00 iters/s

running (08m18.8s), 011/225 VUs, 6413 complete and 0 interrupted iterations
openloop_oscillating   [  69% ] 011/225 VUs  08m18.8s/12m0s  30.00 iters/s

running (08m19.8s), 010/225 VUs, 6444 complete and 0 interrupted iterations
openloop_oscillating   [  69% ] 010/225 VUs  08m19.8s/12m0s  30.00 iters/s

running (08m20.8s), 008/225 VUs, 6476 complete and 0 interrupted iterations
openloop_oscillating   [  70% ] 008/225 VUs  08m20.8s/12m0s  30.00 iters/s

running (08m21.8s), 009/225 VUs, 6505 complete and 0 interrupted iterations
openloop_oscillating   [  70% ] 009/225 VUs  08m21.8s/12m0s  30.00 iters/s

running (08m22.8s), 005/225 VUs, 6539 complete and 0 interrupted iterations
openloop_oscillating   [  70% ] 005/225 VUs  08m22.8s/12m0s  30.00 iters/s

running (08m23.8s), 007/225 VUs, 6567 complete and 0 interrupted iterations
openloop_oscillating   [  70% ] 007/225 VUs  08m23.8s/12m0s  30.00 iters/s

running (08m24.8s), 002/225 VUs, 6602 complete and 0 interrupted iterations
openloop_oscillating   [  70% ] 002/225 VUs  08m24.8s/12m0s  30.00 iters/s

running (08m25.8s), 005/225 VUs, 6629 complete and 0 interrupted iterations
openloop_oscillating   [  70% ] 005/225 VUs  08m25.8s/12m0s  30.00 iters/s

running (08m26.8s), 004/225 VUs, 6660 complete and 0 interrupted iterations
openloop_oscillating   [  70% ] 004/225 VUs  08m26.8s/12m0s  30.00 iters/s

running (08m27.8s), 005/225 VUs, 6689 complete and 0 interrupted iterations
openloop_oscillating   [  71% ] 005/225 VUs  08m27.8s/12m0s  30.00 iters/s

running (08m28.8s), 003/225 VUs, 6721 complete and 0 interrupted iterations
openloop_oscillating   [  71% ] 003/225 VUs  08m28.8s/12m0s  30.00 iters/s

running (08m29.8s), 004/225 VUs, 6750 complete and 0 interrupted iterations
openloop_oscillating   [  71% ] 004/225 VUs  08m29.8s/12m0s  30.00 iters/s

running (08m30.8s), 002/225 VUs, 6782 complete and 0 interrupted iterations
openloop_oscillating   [  71% ] 002/225 VUs  08m30.8s/12m0s  30.00 iters/s

running (08m31.8s), 003/225 VUs, 6811 complete and 0 interrupted iterations
openloop_oscillating   [  71% ] 003/225 VUs  08m31.8s/12m0s  30.00 iters/s

running (08m32.8s), 002/225 VUs, 6842 complete and 0 interrupted iterations
openloop_oscillating   [  71% ] 002/225 VUs  08m32.8s/12m0s  30.00 iters/s

running (08m33.8s), 002/225 VUs, 6872 complete and 0 interrupted iterations
openloop_oscillating   [  71% ] 002/225 VUs  08m33.8s/12m0s  30.00 iters/s

running (08m34.8s), 003/225 VUs, 6901 complete and 0 interrupted iterations
openloop_oscillating   [  72% ] 003/225 VUs  08m34.8s/12m0s  30.00 iters/s

running (08m35.8s), 006/225 VUs, 6928 complete and 0 interrupted iterations
openloop_oscillating   [  72% ] 006/225 VUs  08m35.8s/12m0s  30.00 iters/s

running (08m36.8s), 001/225 VUs, 6963 complete and 0 interrupted iterations
openloop_oscillating   [  72% ] 001/225 VUs  08m36.8s/12m0s  30.00 iters/s

running (08m37.8s), 000/225 VUs, 6994 complete and 0 interrupted iterations
openloop_oscillating   [  72% ] 000/225 VUs  08m37.8s/12m0s  30.00 iters/s

running (08m38.8s), 002/225 VUs, 7022 complete and 0 interrupted iterations
openloop_oscillating   [  72% ] 002/225 VUs  08m38.8s/12m0s  30.00 iters/s

running (08m39.8s), 004/225 VUs, 7050 complete and 0 interrupted iterations
openloop_oscillating   [  72% ] 004/225 VUs  08m39.8s/12m0s  30.00 iters/s

running (08m40.8s), 002/225 VUs, 7082 complete and 0 interrupted iterations
openloop_oscillating   [  72% ] 002/225 VUs  08m40.8s/12m0s  30.00 iters/s

running (08m41.8s), 006/225 VUs, 7108 complete and 0 interrupted iterations
openloop_oscillating   [  72% ] 006/225 VUs  08m41.8s/12m0s  30.00 iters/s

running (08m42.8s), 007/225 VUs, 7137 complete and 0 interrupted iterations
openloop_oscillating   [  73% ] 007/225 VUs  08m42.8s/12m0s  30.00 iters/s

running (08m43.8s), 012/225 VUs, 7162 complete and 0 interrupted iterations
openloop_oscillating   [  73% ] 012/225 VUs  08m43.8s/12m0s  30.00 iters/s

running (08m44.8s), 003/225 VUs, 7201 complete and 0 interrupted iterations
openloop_oscillating   [  73% ] 003/225 VUs  08m44.8s/12m0s  30.00 iters/s

running (08m45.8s), 003/225 VUs, 7231 complete and 0 interrupted iterations
openloop_oscillating   [  73% ] 003/225 VUs  08m45.8s/12m0s  30.00 iters/s

running (08m46.8s), 001/225 VUs, 7263 complete and 0 interrupted iterations
openloop_oscillating   [  73% ] 001/225 VUs  08m46.8s/12m0s  30.00 iters/s

running (08m47.8s), 003/225 VUs, 7291 complete and 0 interrupted iterations
openloop_oscillating   [  73% ] 003/225 VUs  08m47.8s/12m0s  30.00 iters/s

running (08m48.8s), 004/225 VUs, 7320 complete and 0 interrupted iterations
openloop_oscillating   [  73% ] 004/225 VUs  08m48.8s/12m0s  30.00 iters/s

running (08m49.8s), 001/225 VUs, 7353 complete and 0 interrupted iterations
openloop_oscillating   [  74% ] 001/225 VUs  08m49.8s/12m0s  30.00 iters/s

running (08m50.8s), 002/225 VUs, 7382 complete and 0 interrupted iterations
openloop_oscillating   [  74% ] 002/225 VUs  08m50.8s/12m0s  30.00 iters/s

running (08m51.8s), 004/225 VUs, 7410 complete and 0 interrupted iterations
openloop_oscillating   [  74% ] 004/225 VUs  08m51.8s/12m0s  30.00 iters/s

running (08m52.8s), 000/225 VUs, 7444 complete and 0 interrupted iterations
openloop_oscillating   [  74% ] 000/225 VUs  08m52.8s/12m0s  30.00 iters/s

running (08m53.8s), 006/225 VUs, 7468 complete and 0 interrupted iterations
openloop_oscillating   [  74% ] 006/225 VUs  08m53.8s/12m0s  30.00 iters/s

running (08m54.8s), 005/225 VUs, 7499 complete and 0 interrupted iterations
openloop_oscillating   [  74% ] 005/225 VUs  08m54.8s/12m0s  30.00 iters/s

running (08m55.8s), 004/225 VUs, 7530 complete and 0 interrupted iterations
openloop_oscillating   [  74% ] 004/225 VUs  08m55.8s/12m0s  30.00 iters/s

running (08m56.8s), 004/225 VUs, 7560 complete and 0 interrupted iterations
openloop_oscillating   [  75% ] 004/225 VUs  08m56.8s/12m0s  30.00 iters/s

running (08m57.8s), 005/225 VUs, 7589 complete and 0 interrupted iterations
openloop_oscillating   [  75% ] 005/225 VUs  08m57.8s/12m0s  30.00 iters/s

running (08m58.8s), 007/225 VUs, 7617 complete and 0 interrupted iterations
openloop_oscillating   [  75% ] 007/225 VUs  08m58.8s/12m0s  30.00 iters/s

running (08m59.8s), 003/225 VUs, 7651 complete and 0 interrupted iterations
openloop_oscillating   [  75% ] 003/225 VUs  08m59.8s/12m0s  30.00 iters/s

running (09m00.8s), 005/225 VUs, 7679 complete and 0 interrupted iterations
openloop_oscillating   [  75% ] 005/225 VUs  09m00.8s/12m0s  29.86 iters/s

running (09m01.8s), 003/225 VUs, 7711 complete and 0 interrupted iterations
openloop_oscillating   [  75% ] 003/225 VUs  09m01.8s/12m0s  29.70 iters/s

running (09m02.8s), 007/225 VUs, 7736 complete and 0 interrupted iterations
openloop_oscillating   [  75% ] 007/225 VUs  09m02.8s/12m0s  29.53 iters/s

running (09m03.8s), 006/225 VUs, 7767 complete and 0 interrupted iterations
openloop_oscillating   [  76% ] 006/225 VUs  09m03.8s/12m0s  29.36 iters/s

running (09m04.8s), 004/225 VUs, 7798 complete and 0 interrupted iterations
openloop_oscillating   [  76% ] 004/225 VUs  09m04.8s/12m0s  29.20 iters/s

running (09m05.8s), 005/225 VUs, 7826 complete and 0 interrupted iterations
openloop_oscillating   [  76% ] 005/225 VUs  09m05.8s/12m0s  29.03 iters/s

running (09m06.8s), 002/225 VUs, 7858 complete and 0 interrupted iterations
openloop_oscillating   [  76% ] 002/225 VUs  09m06.8s/12m0s  28.86 iters/s

running (09m07.8s), 002/225 VUs, 7887 complete and 0 interrupted iterations
openloop_oscillating   [  76% ] 002/225 VUs  09m07.8s/12m0s  28.70 iters/s

running (09m08.8s), 002/225 VUs, 7915 complete and 0 interrupted iterations
openloop_oscillating   [  76% ] 002/225 VUs  09m08.8s/12m0s  28.53 iters/s

running (09m09.8s), 004/225 VUs, 7942 complete and 0 interrupted iterations
openloop_oscillating   [  76% ] 004/225 VUs  09m09.8s/12m0s  28.36 iters/s

running (09m10.8s), 005/225 VUs, 7969 complete and 0 interrupted iterations
openloop_oscillating   [  77% ] 005/225 VUs  09m10.8s/12m0s  28.20 iters/s

running (09m11.8s), 009/225 VUs, 7993 complete and 0 interrupted iterations
openloop_oscillating   [  77% ] 009/225 VUs  09m11.8s/12m0s  28.03 iters/s

running (09m12.8s), 003/225 VUs, 8027 complete and 0 interrupted iterations
openloop_oscillating   [  77% ] 003/225 VUs  09m12.8s/12m0s  27.87 iters/s

running (09m13.8s), 001/225 VUs, 8057 complete and 0 interrupted iterations
openloop_oscillating   [  77% ] 001/225 VUs  09m13.8s/12m0s  27.70 iters/s

running (09m14.8s), 001/225 VUs, 8085 complete and 0 interrupted iterations
openloop_oscillating   [  77% ] 001/225 VUs  09m14.8s/12m0s  27.53 iters/s

running (09m15.8s), 005/225 VUs, 8108 complete and 0 interrupted iterations
openloop_oscillating   [  77% ] 005/225 VUs  09m15.8s/12m0s  27.36 iters/s

running (09m16.8s), 000/225 VUs, 8140 complete and 0 interrupted iterations
openloop_oscillating   [  77% ] 000/225 VUs  09m16.8s/12m0s  27.20 iters/s

running (09m17.8s), 002/225 VUs, 8165 complete and 0 interrupted iterations
openloop_oscillating   [  77% ] 002/225 VUs  09m17.8s/12m0s  27.03 iters/s

running (09m18.8s), 001/225 VUs, 8193 complete and 0 interrupted iterations
openloop_oscillating   [  78% ] 001/225 VUs  09m18.8s/12m0s  26.87 iters/s

running (09m19.8s), 000/225 VUs, 8221 complete and 0 interrupted iterations
openloop_oscillating   [  78% ] 000/225 VUs  09m19.8s/12m0s  26.70 iters/s

running (09m20.8s), 002/225 VUs, 8246 complete and 0 interrupted iterations
openloop_oscillating   [  78% ] 002/225 VUs  09m20.8s/12m0s  26.53 iters/s

running (09m21.8s), 002/225 VUs, 8272 complete and 0 interrupted iterations
openloop_oscillating   [  78% ] 002/225 VUs  09m21.8s/12m0s  26.37 iters/s

running (09m22.8s), 002/225 VUs, 8298 complete and 0 interrupted iterations
openloop_oscillating   [  78% ] 002/225 VUs  09m22.8s/12m0s  26.20 iters/s

running (09m23.8s), 003/225 VUs, 8324 complete and 0 interrupted iterations
openloop_oscillating   [  78% ] 003/225 VUs  09m23.8s/12m0s  26.03 iters/s

running (09m24.8s), 005/225 VUs, 8348 complete and 0 interrupted iterations
openloop_oscillating   [  78% ] 005/225 VUs  09m24.8s/12m0s  25.86 iters/s

running (09m25.8s), 000/225 VUs, 8378 complete and 0 interrupted iterations
openloop_oscillating   [  79% ] 000/225 VUs  09m25.8s/12m0s  25.70 iters/s

running (09m26.8s), 002/225 VUs, 8402 complete and 0 interrupted iterations
openloop_oscillating   [  79% ] 002/225 VUs  09m26.8s/12m0s  25.53 iters/s

running (09m27.8s), 003/225 VUs, 8426 complete and 0 interrupted iterations
openloop_oscillating   [  79% ] 003/225 VUs  09m27.8s/12m0s  25.37 iters/s

running (09m28.8s), 002/225 VUs, 8453 complete and 0 interrupted iterations
openloop_oscillating   [  79% ] 002/225 VUs  09m28.8s/12m0s  25.20 iters/s

running (09m29.8s), 001/225 VUs, 8479 complete and 0 interrupted iterations
openloop_oscillating   [  79% ] 001/225 VUs  09m29.8s/12m0s  25.03 iters/s

running (09m30.8s), 003/225 VUs, 8502 complete and 0 interrupted iterations
openloop_oscillating   [  79% ] 003/225 VUs  09m30.8s/12m0s  24.86 iters/s

running (09m31.8s), 004/225 VUs, 8526 complete and 0 interrupted iterations
openloop_oscillating   [  79% ] 004/225 VUs  09m31.8s/12m0s  24.69 iters/s

running (09m32.8s), 002/225 VUs, 8552 complete and 0 interrupted iterations
openloop_oscillating   [  80% ] 002/225 VUs  09m32.8s/12m0s  24.53 iters/s

running (09m33.8s), 002/225 VUs, 8577 complete and 0 interrupted iterations
openloop_oscillating   [  80% ] 002/225 VUs  09m33.8s/12m0s  24.36 iters/s

running (09m34.8s), 005/225 VUs, 8598 complete and 0 interrupted iterations
openloop_oscillating   [  80% ] 005/225 VUs  09m34.8s/12m0s  24.20 iters/s

running (09m35.8s), 006/225 VUs, 8621 complete and 0 interrupted iterations
openloop_oscillating   [  80% ] 006/225 VUs  09m35.8s/12m0s  24.03 iters/s

running (09m36.8s), 006/225 VUs, 8645 complete and 0 interrupted iterations
openloop_oscillating   [  80% ] 006/225 VUs  09m36.8s/12m0s  23.86 iters/s

running (09m37.8s), 004/225 VUs, 8671 complete and 0 interrupted iterations
openloop_oscillating   [  80% ] 004/225 VUs  09m37.8s/12m0s  23.70 iters/s

running (09m38.8s), 004/225 VUs, 8694 complete and 0 interrupted iterations
openloop_oscillating   [  80% ] 004/225 VUs  09m38.8s/12m0s  23.53 iters/s

running (09m39.8s), 003/225 VUs, 8719 complete and 0 interrupted iterations
openloop_oscillating   [  81% ] 003/225 VUs  09m39.8s/12m0s  23.36 iters/s

running (09m40.8s), 001/225 VUs, 8744 complete and 0 interrupted iterations
openloop_oscillating   [  81% ] 001/225 VUs  09m40.8s/12m0s  23.20 iters/s

running (09m41.8s), 003/225 VUs, 8765 complete and 0 interrupted iterations
openloop_oscillating   [  81% ] 003/225 VUs  09m41.8s/12m0s  23.03 iters/s

running (09m42.8s), 002/225 VUs, 8789 complete and 0 interrupted iterations
openloop_oscillating   [  81% ] 002/225 VUs  09m42.8s/12m0s  22.87 iters/s

running (09m43.8s), 002/225 VUs, 8812 complete and 0 interrupted iterations
openloop_oscillating   [  81% ] 002/225 VUs  09m43.8s/12m0s  22.70 iters/s

running (09m44.8s), 003/225 VUs, 8834 complete and 0 interrupted iterations
openloop_oscillating   [  81% ] 003/225 VUs  09m44.8s/12m0s  22.53 iters/s

running (09m45.8s), 000/225 VUs, 8859 complete and 0 interrupted iterations
openloop_oscillating   [  81% ] 000/225 VUs  09m45.8s/12m0s  22.36 iters/s

running (09m46.8s), 000/225 VUs, 8881 complete and 0 interrupted iterations
openloop_oscillating   [  82% ] 000/225 VUs  09m46.8s/12m0s  22.20 iters/s

running (09m47.8s), 002/225 VUs, 8901 complete and 0 interrupted iterations
openloop_oscillating   [  82% ] 002/225 VUs  09m47.8s/12m0s  22.03 iters/s

running (09m48.8s), 001/225 VUs, 8924 complete and 0 interrupted iterations
openloop_oscillating   [  82% ] 001/225 VUs  09m48.8s/12m0s  21.87 iters/s

running (09m49.8s), 000/225 VUs, 8947 complete and 0 interrupted iterations
openloop_oscillating   [  82% ] 000/225 VUs  09m49.8s/12m0s  21.70 iters/s

running (09m50.8s), 003/225 VUs, 8966 complete and 0 interrupted iterations
openloop_oscillating   [  82% ] 003/225 VUs  09m50.8s/12m0s  21.53 iters/s

running (09m51.8s), 002/225 VUs, 8988 complete and 0 interrupted iterations
openloop_oscillating   [  82% ] 002/225 VUs  09m51.8s/12m0s  21.37 iters/s

running (09m52.8s), 004/225 VUs, 9007 complete and 0 interrupted iterations
openloop_oscillating   [  82% ] 004/225 VUs  09m52.8s/12m0s  21.20 iters/s

running (09m53.8s), 001/225 VUs, 9032 complete and 0 interrupted iterations
openloop_oscillating   [  82% ] 001/225 VUs  09m53.8s/12m0s  21.03 iters/s

running (09m54.8s), 000/225 VUs, 9053 complete and 0 interrupted iterations
openloop_oscillating   [  83% ] 000/225 VUs  09m54.8s/12m0s  20.87 iters/s

running (09m55.8s), 002/225 VUs, 9072 complete and 0 interrupted iterations
openloop_oscillating   [  83% ] 002/225 VUs  09m55.8s/12m0s  20.70 iters/s

running (09m56.8s), 002/225 VUs, 9093 complete and 0 interrupted iterations
openloop_oscillating   [  83% ] 002/225 VUs  09m56.8s/12m0s  20.53 iters/s

running (09m57.8s), 003/225 VUs, 9112 complete and 0 interrupted iterations
openloop_oscillating   [  83% ] 003/225 VUs  09m57.8s/12m0s  20.37 iters/s

running (09m58.8s), 005/225 VUs, 9131 complete and 0 interrupted iterations
openloop_oscillating   [  83% ] 005/225 VUs  09m58.8s/12m0s  20.19 iters/s

running (09m59.8s), 003/225 VUs, 9153 complete and 0 interrupted iterations
openloop_oscillating   [  83% ] 003/225 VUs  09m59.8s/12m0s  20.03 iters/s

running (10m00.8s), 002/225 VUs, 9174 complete and 0 interrupted iterations
openloop_oscillating   [  83% ] 002/225 VUs  10m00.8s/12m0s  19.86 iters/s

running (10m01.8s), 001/225 VUs, 9194 complete and 0 interrupted iterations
openloop_oscillating   [  84% ] 001/225 VUs  10m01.8s/12m0s  19.70 iters/s

running (10m02.8s), 000/225 VUs, 9215 complete and 0 interrupted iterations
openloop_oscillating   [  84% ] 000/225 VUs  10m02.8s/12m0s  19.53 iters/s

running (10m03.8s), 002/225 VUs, 9233 complete and 0 interrupted iterations
openloop_oscillating   [  84% ] 002/225 VUs  10m03.8s/12m0s  19.36 iters/s

running (10m04.8s), 001/225 VUs, 9253 complete and 0 interrupted iterations
openloop_oscillating   [  84% ] 001/225 VUs  10m04.8s/12m0s  19.20 iters/s

running (10m05.8s), 001/225 VUs, 9272 complete and 0 interrupted iterations
openloop_oscillating   [  84% ] 001/225 VUs  10m05.8s/12m0s  19.03 iters/s

running (10m06.8s), 004/225 VUs, 9288 complete and 0 interrupted iterations
openloop_oscillating   [  84% ] 004/225 VUs  10m06.8s/12m0s  18.86 iters/s

running (10m07.8s), 000/225 VUs, 9311 complete and 0 interrupted iterations
openloop_oscillating   [  84% ] 000/225 VUs  10m07.8s/12m0s  18.69 iters/s

running (10m08.8s), 003/225 VUs, 9326 complete and 0 interrupted iterations
openloop_oscillating   [  85% ] 003/225 VUs  10m08.8s/12m0s  18.53 iters/s

running (10m09.8s), 002/225 VUs, 9346 complete and 0 interrupted iterations
openloop_oscillating   [  85% ] 002/225 VUs  10m09.8s/12m0s  18.36 iters/s

running (10m10.8s), 000/225 VUs, 9366 complete and 0 interrupted iterations
openloop_oscillating   [  85% ] 000/225 VUs  10m10.8s/12m0s  18.20 iters/s

running (10m11.8s), 001/225 VUs, 9383 complete and 0 interrupted iterations
openloop_oscillating   [  85% ] 001/225 VUs  10m11.8s/12m0s  18.03 iters/s

running (10m12.8s), 003/225 VUs, 9399 complete and 0 interrupted iterations
openloop_oscillating   [  85% ] 003/225 VUs  10m12.8s/12m0s  17.87 iters/s

running (10m13.8s), 002/225 VUs, 9418 complete and 0 interrupted iterations
openloop_oscillating   [  85% ] 002/225 VUs  10m13.8s/12m0s  17.70 iters/s

running (10m14.8s), 002/225 VUs, 9435 complete and 0 interrupted iterations
openloop_oscillating   [  85% ] 002/225 VUs  10m14.8s/12m0s  17.54 iters/s

running (10m15.8s), 001/225 VUs, 9454 complete and 0 interrupted iterations
openloop_oscillating   [  86% ] 001/225 VUs  10m15.8s/12m0s  17.36 iters/s

running (10m16.8s), 000/225 VUs, 9472 complete and 0 interrupted iterations
openloop_oscillating   [  86% ] 000/225 VUs  10m16.8s/12m0s  17.20 iters/s

running (10m17.8s), 002/225 VUs, 9487 complete and 0 interrupted iterations
openloop_oscillating   [  86% ] 002/225 VUs  10m17.8s/12m0s  17.03 iters/s

running (10m18.8s), 003/225 VUs, 9503 complete and 0 interrupted iterations
openloop_oscillating   [  86% ] 003/225 VUs  10m18.8s/12m0s  16.87 iters/s

running (10m19.8s), 001/225 VUs, 9522 complete and 0 interrupted iterations
openloop_oscillating   [  86% ] 001/225 VUs  10m19.8s/12m0s  16.70 iters/s

running (10m20.8s), 004/225 VUs, 9536 complete and 0 interrupted iterations
openloop_oscillating   [  86% ] 004/225 VUs  10m20.8s/12m0s  16.53 iters/s

running (10m21.8s), 000/225 VUs, 9556 complete and 0 interrupted iterations
openloop_oscillating   [  86% ] 000/225 VUs  10m21.8s/12m0s  16.37 iters/s

running (10m22.8s), 000/225 VUs, 9572 complete and 0 interrupted iterations
openloop_oscillating   [  87% ] 000/225 VUs  10m22.8s/12m0s  16.20 iters/s

running (10m23.8s), 001/225 VUs, 9587 complete and 0 interrupted iterations
openloop_oscillating   [  87% ] 001/225 VUs  10m23.8s/12m0s  16.04 iters/s

running (10m24.8s), 002/225 VUs, 9602 complete and 0 interrupted iterations
openloop_oscillating   [  87% ] 002/225 VUs  10m24.8s/12m0s  15.87 iters/s

running (10m25.8s), 002/225 VUs, 9618 complete and 0 interrupted iterations
openloop_oscillating   [  87% ] 002/225 VUs  10m25.8s/12m0s  15.70 iters/s

running (10m26.8s), 002/225 VUs, 9634 complete and 0 interrupted iterations
openloop_oscillating   [  87% ] 002/225 VUs  10m26.8s/12m0s  15.53 iters/s

running (10m27.8s), 001/225 VUs, 9650 complete and 0 interrupted iterations
openloop_oscillating   [  87% ] 001/225 VUs  10m27.8s/12m0s  15.37 iters/s

running (10m28.8s), 002/225 VUs, 9665 complete and 0 interrupted iterations
openloop_oscillating   [  87% ] 002/225 VUs  10m28.8s/12m0s  15.19 iters/s

running (10m29.8s), 002/225 VUs, 9680 complete and 0 interrupted iterations
openloop_oscillating   [  87% ] 002/225 VUs  10m29.8s/12m0s  15.03 iters/s

running (10m30.8s), 000/225 VUs, 9697 complete and 0 interrupted iterations
openloop_oscillating   [  88% ] 000/225 VUs  10m30.8s/12m0s  14.86 iters/s

running (10m31.8s), 002/225 VUs, 9709 complete and 0 interrupted iterations
openloop_oscillating   [  88% ] 002/225 VUs  10m31.8s/12m0s  14.70 iters/s

running (10m32.8s), 000/225 VUs, 9726 complete and 0 interrupted iterations
openloop_oscillating   [  88% ] 000/225 VUs  10m32.8s/12m0s  14.53 iters/s

running (10m33.8s), 000/225 VUs, 9740 complete and 0 interrupted iterations
openloop_oscillating   [  88% ] 000/225 VUs  10m33.8s/12m0s  14.37 iters/s

running (10m34.8s), 001/225 VUs, 9754 complete and 0 interrupted iterations
openloop_oscillating   [  88% ] 001/225 VUs  10m34.8s/12m0s  14.20 iters/s

running (10m35.8s), 000/225 VUs, 9769 complete and 0 interrupted iterations
openloop_oscillating   [  88% ] 000/225 VUs  10m35.8s/12m0s  14.03 iters/s

running (10m36.8s), 002/225 VUs, 9781 complete and 0 interrupted iterations
openloop_oscillating   [  88% ] 002/225 VUs  10m36.8s/12m0s  13.86 iters/s

running (10m37.8s), 001/225 VUs, 9796 complete and 0 interrupted iterations
openloop_oscillating   [  89% ] 001/225 VUs  10m37.8s/12m0s  13.69 iters/s

running (10m38.8s), 000/225 VUs, 9810 complete and 0 interrupted iterations
openloop_oscillating   [  89% ] 000/225 VUs  10m38.8s/12m0s  13.53 iters/s

running (10m39.8s), 001/225 VUs, 9823 complete and 0 interrupted iterations
openloop_oscillating   [  89% ] 001/225 VUs  10m39.8s/12m0s  13.36 iters/s

running (10m40.8s), 001/225 VUs, 9836 complete and 0 interrupted iterations
openloop_oscillating   [  89% ] 001/225 VUs  10m40.8s/12m0s  13.20 iters/s

running (10m41.8s), 001/225 VUs, 9849 complete and 0 interrupted iterations
openloop_oscillating   [  89% ] 001/225 VUs  10m41.8s/12m0s  13.03 iters/s

running (10m42.8s), 002/225 VUs, 9861 complete and 0 interrupted iterations
openloop_oscillating   [  89% ] 002/225 VUs  10m42.8s/12m0s  12.86 iters/s

running (10m43.8s), 002/225 VUs, 9874 complete and 0 interrupted iterations
openloop_oscillating   [  89% ] 002/225 VUs  10m43.8s/12m0s  12.70 iters/s

running (10m44.8s), 001/225 VUs, 9887 complete and 0 interrupted iterations
openloop_oscillating   [  90% ] 001/225 VUs  10m44.8s/12m0s  12.54 iters/s

running (10m45.8s), 000/225 VUs, 9901 complete and 0 interrupted iterations
openloop_oscillating   [  90% ] 000/225 VUs  10m45.8s/12m0s  12.36 iters/s

running (10m46.8s), 000/225 VUs, 9913 complete and 0 interrupted iterations
openloop_oscillating   [  90% ] 000/225 VUs  10m46.8s/12m0s  12.20 iters/s

running (10m47.8s), 002/225 VUs, 9923 complete and 0 interrupted iterations
openloop_oscillating   [  90% ] 002/225 VUs  10m47.8s/12m0s  12.03 iters/s

running (10m48.8s), 002/225 VUs, 9935 complete and 0 interrupted iterations
openloop_oscillating   [  90% ] 002/225 VUs  10m48.8s/12m0s  11.87 iters/s

running (10m49.8s), 002/225 VUs, 9947 complete and 0 interrupted iterations
openloop_oscillating   [  90% ] 002/225 VUs  10m49.8s/12m0s  11.70 iters/s

running (10m50.8s), 000/225 VUs, 9961 complete and 0 interrupted iterations
openloop_oscillating   [  90% ] 000/225 VUs  10m50.8s/12m0s  11.53 iters/s

running (10m51.8s), 000/225 VUs, 9972 complete and 0 interrupted iterations
openloop_oscillating   [  91% ] 000/225 VUs  10m51.8s/12m0s  11.37 iters/s

running (10m52.8s), 001/225 VUs, 9982 complete and 0 interrupted iterations
openloop_oscillating   [  91% ] 001/225 VUs  10m52.8s/12m0s  11.20 iters/s

running (10m53.8s), 003/225 VUs, 9991 complete and 0 interrupted iterations
openloop_oscillating   [  91% ] 003/225 VUs  10m53.8s/12m0s  11.04 iters/s

running (10m54.8s), 002/225 VUs, 10003 complete and 0 interrupted iterations
openloop_oscillating   [  91% ] 002/225 VUs  10m54.8s/12m0s  10.87 iters/s

running (10m55.8s), 002/225 VUs, 10014 complete and 0 interrupted iterations
openloop_oscillating   [  91% ] 002/225 VUs  10m55.8s/12m0s  10.70 iters/s

running (10m56.8s), 002/225 VUs, 10025 complete and 0 interrupted iterations
openloop_oscillating   [  91% ] 002/225 VUs  10m56.8s/12m0s  10.53 iters/s

running (10m57.8s), 000/225 VUs, 10037 complete and 0 interrupted iterations
openloop_oscillating   [  91% ] 000/225 VUs  10m57.8s/12m0s  10.37 iters/s

running (10m58.8s), 000/225 VUs, 10047 complete and 0 interrupted iterations
openloop_oscillating   [  92% ] 001/225 VUs  10m58.8s/12m0s  10.19 iters/s

running (10m59.8s), 000/225 VUs, 10058 complete and 0 interrupted iterations
openloop_oscillating   [  92% ] 000/225 VUs  10m59.8s/12m0s  10.02 iters/s

running (11m00.8s), 002/225 VUs, 10066 complete and 0 interrupted iterations
openloop_oscillating   [  92% ] 002/225 VUs  11m00.8s/12m0s  09.86 iters/s

running (11m01.8s), 000/225 VUs, 10077 complete and 0 interrupted iterations
openloop_oscillating   [  92% ] 000/225 VUs  11m01.8s/12m0s  09.70 iters/s

running (11m02.8s), 000/225 VUs, 10087 complete and 0 interrupted iterations
openloop_oscillating   [  92% ] 000/225 VUs  11m02.8s/12m0s  09.53 iters/s

running (11m03.8s), 001/225 VUs, 10095 complete and 0 interrupted iterations
openloop_oscillating   [  92% ] 001/225 VUs  11m03.8s/12m0s  09.37 iters/s

running (11m04.8s), 001/225 VUs, 10105 complete and 0 interrupted iterations
openloop_oscillating   [  92% ] 001/225 VUs  11m04.8s/12m0s  09.19 iters/s

running (11m05.8s), 000/225 VUs, 10115 complete and 0 interrupted iterations
openloop_oscillating   [  92% ] 000/225 VUs  11m05.8s/12m0s  09.03 iters/s

running (11m06.8s), 002/225 VUs, 10122 complete and 0 interrupted iterations
openloop_oscillating   [  93% ] 002/225 VUs  11m06.8s/12m0s  08.86 iters/s

running (11m07.8s), 001/225 VUs, 10132 complete and 0 interrupted iterations
openloop_oscillating   [  93% ] 001/225 VUs  11m07.8s/12m0s  08.69 iters/s

running (11m08.8s), 001/225 VUs, 10140 complete and 0 interrupted iterations
openloop_oscillating   [  93% ] 001/225 VUs  11m08.8s/12m0s  08.53 iters/s

running (11m09.8s), 000/225 VUs, 10150 complete and 0 interrupted iterations
openloop_oscillating   [  93% ] 000/225 VUs  11m09.8s/12m0s  08.36 iters/s

running (11m10.8s), 000/225 VUs, 10158 complete and 0 interrupted iterations
openloop_oscillating   [  93% ] 000/225 VUs  11m10.8s/12m0s  08.20 iters/s

running (11m11.8s), 000/225 VUs, 10166 complete and 0 interrupted iterations
openloop_oscillating   [  93% ] 000/225 VUs  11m11.8s/12m0s  08.03 iters/s

running (11m12.8s), 000/225 VUs, 10174 complete and 0 interrupted iterations
openloop_oscillating   [  93% ] 000/225 VUs  11m12.8s/12m0s  07.86 iters/s

running (11m13.8s), 000/225 VUs, 10182 complete and 0 interrupted iterations
openloop_oscillating   [  94% ] 000/225 VUs  11m13.8s/12m0s  07.69 iters/s

running (11m14.8s), 000/225 VUs, 10189 complete and 0 interrupted iterations
openloop_oscillating   [  94% ] 000/225 VUs  11m14.8s/12m0s  07.54 iters/s

running (11m15.8s), 001/225 VUs, 10196 complete and 0 interrupted iterations
openloop_oscillating   [  94% ] 001/225 VUs  11m15.8s/12m0s  07.36 iters/s

running (11m16.8s), 000/225 VUs, 10204 complete and 0 interrupted iterations
openloop_oscillating   [  94% ] 000/225 VUs  11m16.8s/12m0s  07.20 iters/s

running (11m17.8s), 000/225 VUs, 10211 complete and 0 interrupted iterations
openloop_oscillating   [  94% ] 000/225 VUs  11m17.8s/12m0s  07.04 iters/s

running (11m18.8s), 000/225 VUs, 10218 complete and 0 interrupted iterations
openloop_oscillating   [  94% ] 000/225 VUs  11m18.8s/12m0s  06.87 iters/s

running (11m19.8s), 000/225 VUs, 10225 complete and 0 interrupted iterations
openloop_oscillating   [  94% ] 000/225 VUs  11m19.8s/12m0s  06.70 iters/s

running (11m20.8s), 001/225 VUs, 10231 complete and 0 interrupted iterations
openloop_oscillating   [  95% ] 001/225 VUs  11m20.8s/12m0s  06.52 iters/s

running (11m21.8s), 001/225 VUs, 10237 complete and 0 interrupted iterations
openloop_oscillating   [  95% ] 001/225 VUs  11m21.8s/12m0s  06.36 iters/s

running (11m22.8s), 000/225 VUs, 10244 complete and 0 interrupted iterations
openloop_oscillating   [  95% ] 000/225 VUs  11m22.8s/12m0s  06.20 iters/s

running (11m23.8s), 001/225 VUs, 10249 complete and 0 interrupted iterations
openloop_oscillating   [  95% ] 001/225 VUs  11m23.8s/12m0s  06.04 iters/s

running (11m24.8s), 001/225 VUs, 10255 complete and 0 interrupted iterations
openloop_oscillating   [  95% ] 001/225 VUs  11m24.8s/12m0s  05.87 iters/s

running (11m25.8s), 001/225 VUs, 10261 complete and 0 interrupted iterations
openloop_oscillating   [  95% ] 001/225 VUs  11m25.8s/12m0s  05.70 iters/s

running (11m26.8s), 001/225 VUs, 10267 complete and 0 interrupted iterations
openloop_oscillating   [  95% ] 001/225 VUs  11m26.8s/12m0s  05.52 iters/s

running (11m27.8s), 000/225 VUs, 10273 complete and 0 interrupted iterations
openloop_oscillating   [  96% ] 000/225 VUs  11m27.8s/12m0s  05.37 iters/s

running (11m28.8s), 001/225 VUs, 10277 complete and 0 interrupted iterations
openloop_oscillating   [  96% ] 001/225 VUs  11m28.8s/12m0s  05.21 iters/s

running (11m29.8s), 000/225 VUs, 10284 complete and 0 interrupted iterations
openloop_oscillating   [  96% ] 000/225 VUs  11m29.8s/12m0s  05.02 iters/s

running (11m30.8s), 001/225 VUs, 10288 complete and 0 interrupted iterations
openloop_oscillating   [  96% ] 001/225 VUs  11m30.8s/12m0s  04.85 iters/s

running (11m31.8s), 001/225 VUs, 10292 complete and 0 interrupted iterations
openloop_oscillating   [  96% ] 001/225 VUs  11m31.8s/12m0s  04.71 iters/s

running (11m32.8s), 000/225 VUs, 10298 complete and 0 interrupted iterations
openloop_oscillating   [  96% ] 000/225 VUs  11m32.8s/12m0s  04.53 iters/s

running (11m33.8s), 000/225 VUs, 10302 complete and 0 interrupted iterations
openloop_oscillating   [  96% ] 000/225 VUs  11m33.8s/12m0s  04.38 iters/s

running (11m34.8s), 000/225 VUs, 10307 complete and 0 interrupted iterations
openloop_oscillating   [  97% ] 000/225 VUs  11m34.8s/12m0s  04.18 iters/s

running (11m35.8s), 000/225 VUs, 10311 complete and 0 interrupted iterations
openloop_oscillating   [  97% ] 000/225 VUs  11m35.8s/12m0s  04.02 iters/s

running (11m36.8s), 002/225 VUs, 10313 complete and 0 interrupted iterations
openloop_oscillating   [  97% ] 002/225 VUs  11m36.8s/12m0s  03.85 iters/s

running (11m37.8s), 000/225 VUs, 10318 complete and 0 interrupted iterations
openloop_oscillating   [  97% ] 000/225 VUs  11m37.8s/12m0s  03.72 iters/s

running (11m38.8s), 000/225 VUs, 10322 complete and 0 interrupted iterations
openloop_oscillating   [  97% ] 000/225 VUs  11m38.8s/12m0s  03.54 iters/s

running (11m39.8s), 002/225 VUs, 10324 complete and 0 interrupted iterations
openloop_oscillating   [  97% ] 002/225 VUs  11m39.8s/12m0s  03.34 iters/s

running (11m40.8s), 000/225 VUs, 10329 complete and 0 interrupted iterations
openloop_oscillating   [  97% ] 000/225 VUs  11m40.8s/12m0s  03.19 iters/s

running (11m41.8s), 000/225 VUs, 10332 complete and 0 interrupted iterations
openloop_oscillating   [  97% ] 000/225 VUs  11m41.8s/12m0s  03.03 iters/s

running (11m42.8s), 000/225 VUs, 10335 complete and 0 interrupted iterations
openloop_oscillating   [  98% ] 000/225 VUs  11m42.8s/12m0s  02.86 iters/s

running (11m43.8s), 000/225 VUs, 10338 complete and 0 interrupted iterations
openloop_oscillating   [  98% ] 000/225 VUs  11m43.8s/12m0s  02.68 iters/s

running (11m44.8s), 000/225 VUs, 10340 complete and 0 interrupted iterations
openloop_oscillating   [  98% ] 000/225 VUs  11m44.8s/12m0s  02.55 iters/s

running (11m45.8s), 001/225 VUs, 10342 complete and 0 interrupted iterations
openloop_oscillating   [  98% ] 001/225 VUs  11m45.8s/12m0s  02.34 iters/s

running (11m46.8s), 000/225 VUs, 10345 complete and 0 interrupted iterations
openloop_oscillating   [  98% ] 000/225 VUs  11m46.8s/12m0s  02.20 iters/s

running (11m47.8s), 000/225 VUs, 10347 complete and 0 interrupted iterations
openloop_oscillating   [  98% ] 000/225 VUs  11m47.8s/12m0s  02.04 iters/s

running (11m48.8s), 000/225 VUs, 10349 complete and 0 interrupted iterations
openloop_oscillating   [  98% ] 000/225 VUs  11m48.8s/12m0s  01.87 iters/s

running (11m49.8s), 000/225 VUs, 10351 complete and 0 interrupted iterations
openloop_oscillating   [  99% ] 000/225 VUs  11m49.8s/12m0s  01.68 iters/s

running (11m50.8s), 000/225 VUs, 10352 complete and 0 interrupted iterations
openloop_oscillating   [  99% ] 000/225 VUs  11m50.8s/12m0s  01.58 iters/s

running (11m51.8s), 000/225 VUs, 10354 complete and 0 interrupted iterations
openloop_oscillating   [  99% ] 000/225 VUs  11m51.8s/12m0s  01.35 iters/s

running (11m52.8s), 000/225 VUs, 10355 complete and 0 interrupted iterations
openloop_oscillating   [  99% ] 000/225 VUs  11m52.8s/12m0s  01.22 iters/s

running (11m53.8s), 000/225 VUs, 10356 complete and 0 interrupted iterations
openloop_oscillating   [  99% ] 000/225 VUs  11m53.8s/12m0s  01.08 iters/s

running (11m54.8s), 000/225 VUs, 10357 complete and 0 interrupted iterations
openloop_oscillating   [  99% ] 000/225 VUs  11m54.8s/12m0s  00.91 iters/s

running (11m55.8s), 000/225 VUs, 10358 complete and 0 interrupted iterations
openloop_oscillating   [  99% ] 000/225 VUs  11m55.8s/12m0s  00.70 iters/s

running (11m56.8s), 000/225 VUs, 10359 complete and 0 interrupted iterations
openloop_oscillating   [ 100% ] 000/225 VUs  11m56.8s/12m0s  00.29 iters/s

running (11m57.8s), 000/225 VUs, 10359 complete and 0 interrupted iterations
openloop_oscillating   [ 100% ] 000/225 VUs  11m57.8s/12m0s  00.29 iters/s

running (11m58.8s), 000/225 VUs, 10359 complete and 0 interrupted iterations
openloop_oscillating   [ 100% ] 000/225 VUs  11m58.8s/12m0s  00.29 iters/s

running (11m59.8s), 000/225 VUs, 10359 complete and 0 interrupted iterations
openloop_oscillating   [ 100% ] 000/225 VUs  11m59.8s/12m0s  00.29 iters/s

     ✗ login status is 200
      ↳  81% — ✓ 2539 / ✗ 581
     ✗ login returns access token
      ↳  81% — ✓ 2539 / ✗ 581
     ✗ login response time < 1000ms
      ↳  71% — ✓ 2225 / ✗ 895
     ✗ me status is 200
      ↳  85% — ✓ 6193 / ✗ 1046
     ✗ me returns user data
      ↳  85% — ✓ 6193 / ✗ 1046
     ✗ me response time < 500ms
      ↳  82% — ✓ 6001 / ✗ 1238

     █ setup

     checks.........................: 82.66% ✓ 25690     ✗ 5387 
     data_received..................: 4.9 MB 6.7 kB/s
     data_sent......................: 5.2 MB 7.2 kB/s
     http_req_blocked...............: avg=671.64µs min=110.44µs med=280.28µs max=15.51ms  p(90)=1.19ms   p(95)=1.27ms  p(99)=2.89ms 
     http_req_connecting............: avg=616.14µs min=86.25µs  med=213.15µs max=15.46ms  p(90)=1.13ms   p(95)=1.21ms  p(99)=2.77ms 
     http_req_duration..............: avg=589.21ms min=1.17ms   med=41.35ms  max=5s       p(90)=2.11s    p(95)=3.83s   p(99)=4.99s  
       { expected_response:true }...: avg=353.88ms min=2.97ms   med=18.58ms  max=4.99s    p(90)=1.09s    p(95)=2.15s   p(99)=4.29s  
     http_req_failed................: 15.70% ✓ 1627      ✗ 8732 
     http_req_receiving.............: avg=3.13ms   min=0s       med=112.58µs max=510.28ms p(90)=866.57µs p(95)=2.18ms  p(99)=96.66ms
     http_req_sending...............: avg=47.38µs  min=15.11µs  med=46.36µs  max=612.31µs p(90)=60.9µs   p(95)=65.97µs p(99)=79.56µs
     http_req_tls_handshaking.......: avg=0s       min=0s       med=0s       max=0s       p(90)=0s       p(95)=0s      p(99)=0s     
     http_req_waiting...............: avg=586.03ms min=1.05ms   med=40.05ms  max=5s       p(90)=2.1s     p(95)=3.82s   p(99)=4.99s  
     http_reqs......................: 10359  14.387208/s
     iteration_duration.............: avg=590.06ms min=2.39ms   med=42.16ms  max=5s       p(90)=2.11s    p(95)=3.83s   p(99)=5s     
     iterations.....................: 10359  14.387208/s
     req_e2e_duration...............: avg=589.96ms min=2ms      med=42ms     max=5s       p(90)=2.11s    p(95)=3.83s   p(99)=5s     
     vus............................: 0      min=0       max=150
     vus_max........................: 225    min=225     max=225


running (12m00.0s), 000/225 VUs, 10359 complete and 0 interrupted iterations
openloop_oscillating ✓ [ 100% ] 000/225 VUs  12m0s  00.29 iters/s
[openloop-wrapper] k6 exit code 0
