
          /\      |‾‾| /‾‾/   /‾‾/   
     /\  /  \     |  |/  /   /  /    
    /  \/    \    |     (   /   ‾‾\  
   /          \   |  |\  \ |  (‾)  | 
  / __________ \  |__| \__\ \_____/ .io

  execution: local
     script: /scripts/load-test.js
     output: json (/results/results.json.gz)

  scenarios: (100.00%) 1 scenario, 225 max VUs, 12m30s max duration (incl. graceful stop):
           * openloop_spike: Up to 30.00 iterations/s for 12m0s over 4 stages (maxVUs: 225, gracefulStop: 30s)

time="2026-10-06T18:05:57Z" level=info msg="OPENLOOP_CONFIG service=auth-service pattern=spike base_rate=2 peak_rate=30 timeout=5s vu_factor=1.5 openloop_spike:ramping-arrival-rate:vus=225/225" source=console
time="2026-10-06T18:05:57Z" level=info msg="PREAUTH_USED tokens=120" source=console
time="2026-10-06T18:05:57Z" level=info msg="SCENARIO_START name=openloop_spike start_ms=1791309957334" source=console

running (00m00.9s), 000/225 VUs, 1 complete and 0 interrupted iterations
openloop_spike   [   0% ] 000/225 VUs  00m00.8s/12m0s  02.00 iters/s

running (00m01.9s), 000/225 VUs, 3 complete and 0 interrupted iterations
openloop_spike   [   0% ] 000/225 VUs  00m01.8s/12m0s  02.00 iters/s

running (00m02.9s), 000/225 VUs, 5 complete and 0 interrupted iterations
openloop_spike   [   0% ] 000/225 VUs  00m02.8s/12m0s  02.00 iters/s

running (00m03.9s), 000/225 VUs, 7 complete and 0 interrupted iterations
openloop_spike   [   1% ] 000/225 VUs  00m03.8s/12m0s  02.00 iters/s

running (00m04.9s), 000/225 VUs, 9 complete and 0 interrupted iterations
openloop_spike   [   1% ] 000/225 VUs  00m04.8s/12m0s  02.00 iters/s

running (00m05.9s), 000/225 VUs, 11 complete and 0 interrupted iterations
openloop_spike   [   1% ] 000/225 VUs  00m05.8s/12m0s  02.00 iters/s

running (00m06.9s), 000/225 VUs, 13 complete and 0 interrupted iterations
openloop_spike   [   1% ] 000/225 VUs  00m06.8s/12m0s  02.00 iters/s

running (00m07.9s), 000/225 VUs, 15 complete and 0 interrupted iterations
openloop_spike   [   1% ] 000/225 VUs  00m07.8s/12m0s  02.00 iters/s

running (00m08.9s), 000/225 VUs, 17 complete and 0 interrupted iterations
openloop_spike   [   1% ] 000/225 VUs  00m08.8s/12m0s  02.00 iters/s

running (00m09.9s), 000/225 VUs, 19 complete and 0 interrupted iterations
openloop_spike   [   1% ] 000/225 VUs  00m09.8s/12m0s  02.00 iters/s

running (00m10.9s), 000/225 VUs, 21 complete and 0 interrupted iterations
openloop_spike   [   2% ] 000/225 VUs  00m10.8s/12m0s  02.00 iters/s

running (00m11.9s), 001/225 VUs, 22 complete and 0 interrupted iterations
openloop_spike   [   2% ] 001/225 VUs  00m11.8s/12m0s  02.00 iters/s

running (00m12.9s), 001/225 VUs, 24 complete and 0 interrupted iterations
openloop_spike   [   2% ] 001/225 VUs  00m12.8s/12m0s  02.00 iters/s

running (00m13.9s), 000/225 VUs, 27 complete and 0 interrupted iterations
openloop_spike   [   2% ] 000/225 VUs  00m13.8s/12m0s  02.00 iters/s

running (00m14.9s), 000/225 VUs, 29 complete and 0 interrupted iterations
openloop_spike   [   2% ] 000/225 VUs  00m14.8s/12m0s  02.00 iters/s

running (00m15.9s), 000/225 VUs, 31 complete and 0 interrupted iterations
openloop_spike   [   2% ] 000/225 VUs  00m15.8s/12m0s  02.00 iters/s

running (00m16.9s), 000/225 VUs, 33 complete and 0 interrupted iterations
openloop_spike   [   2% ] 000/225 VUs  00m16.8s/12m0s  02.00 iters/s

running (00m17.9s), 000/225 VUs, 35 complete and 0 interrupted iterations
openloop_spike   [   2% ] 000/225 VUs  00m17.8s/12m0s  02.00 iters/s

running (00m18.9s), 000/225 VUs, 37 complete and 0 interrupted iterations
openloop_spike   [   3% ] 000/225 VUs  00m18.8s/12m0s  02.00 iters/s

running (00m19.9s), 000/225 VUs, 39 complete and 0 interrupted iterations
openloop_spike   [   3% ] 000/225 VUs  00m19.8s/12m0s  02.00 iters/s

running (00m20.9s), 000/225 VUs, 41 complete and 0 interrupted iterations
openloop_spike   [   3% ] 000/225 VUs  00m20.8s/12m0s  02.00 iters/s

running (00m21.9s), 000/225 VUs, 43 complete and 0 interrupted iterations
openloop_spike   [   3% ] 000/225 VUs  00m21.8s/12m0s  02.00 iters/s

running (00m22.9s), 000/225 VUs, 45 complete and 0 interrupted iterations
openloop_spike   [   3% ] 000/225 VUs  00m22.8s/12m0s  02.00 iters/s

running (00m23.9s), 000/225 VUs, 47 complete and 0 interrupted iterations
openloop_spike   [   3% ] 000/225 VUs  00m23.8s/12m0s  02.00 iters/s

running (00m24.9s), 001/225 VUs, 48 complete and 0 interrupted iterations
openloop_spike   [   3% ] 001/225 VUs  00m24.8s/12m0s  02.00 iters/s

running (00m25.9s), 000/225 VUs, 51 complete and 0 interrupted iterations
openloop_spike   [   4% ] 000/225 VUs  00m25.8s/12m0s  02.00 iters/s

running (00m26.9s), 000/225 VUs, 53 complete and 0 interrupted iterations
openloop_spike   [   4% ] 000/225 VUs  00m26.8s/12m0s  02.00 iters/s

running (00m27.9s), 000/225 VUs, 55 complete and 0 interrupted iterations
openloop_spike   [   4% ] 000/225 VUs  00m27.8s/12m0s  02.00 iters/s

running (00m28.9s), 000/225 VUs, 57 complete and 0 interrupted iterations
openloop_spike   [   4% ] 000/225 VUs  00m28.8s/12m0s  02.00 iters/s

running (00m29.9s), 001/225 VUs, 58 complete and 0 interrupted iterations
openloop_spike   [   4% ] 001/225 VUs  00m29.8s/12m0s  02.00 iters/s

running (00m30.9s), 000/225 VUs, 61 complete and 0 interrupted iterations
openloop_spike   [   4% ] 000/225 VUs  00m30.8s/12m0s  02.00 iters/s

running (00m31.9s), 000/225 VUs, 63 complete and 0 interrupted iterations
openloop_spike   [   4% ] 000/225 VUs  00m31.8s/12m0s  02.00 iters/s

running (00m32.9s), 001/225 VUs, 64 complete and 0 interrupted iterations
openloop_spike   [   5% ] 001/225 VUs  00m32.8s/12m0s  02.00 iters/s

running (00m33.9s), 000/225 VUs, 67 complete and 0 interrupted iterations
openloop_spike   [   5% ] 000/225 VUs  00m33.8s/12m0s  02.00 iters/s

running (00m34.9s), 000/225 VUs, 69 complete and 0 interrupted iterations
openloop_spike   [   5% ] 000/225 VUs  00m34.8s/12m0s  02.00 iters/s

running (00m35.9s), 000/225 VUs, 71 complete and 0 interrupted iterations
openloop_spike   [   5% ] 000/225 VUs  00m35.8s/12m0s  02.00 iters/s

running (00m36.9s), 000/225 VUs, 73 complete and 0 interrupted iterations
openloop_spike   [   5% ] 000/225 VUs  00m36.8s/12m0s  02.00 iters/s

running (00m37.9s), 000/225 VUs, 75 complete and 0 interrupted iterations
openloop_spike   [   5% ] 000/225 VUs  00m37.8s/12m0s  02.00 iters/s

running (00m38.9s), 001/225 VUs, 76 complete and 0 interrupted iterations
openloop_spike   [   5% ] 001/225 VUs  00m38.8s/12m0s  02.00 iters/s

running (00m39.9s), 001/225 VUs, 78 complete and 0 interrupted iterations
openloop_spike   [   6% ] 001/225 VUs  00m39.8s/12m0s  02.00 iters/s

running (00m40.9s), 000/225 VUs, 81 complete and 0 interrupted iterations
openloop_spike   [   6% ] 000/225 VUs  00m40.8s/12m0s  02.00 iters/s

running (00m41.9s), 000/225 VUs, 83 complete and 0 interrupted iterations
openloop_spike   [   6% ] 000/225 VUs  00m41.8s/12m0s  02.00 iters/s

running (00m42.9s), 000/225 VUs, 85 complete and 0 interrupted iterations
openloop_spike   [   6% ] 000/225 VUs  00m42.8s/12m0s  02.00 iters/s

running (00m43.9s), 000/225 VUs, 87 complete and 0 interrupted iterations
openloop_spike   [   6% ] 000/225 VUs  00m43.8s/12m0s  02.00 iters/s

running (00m44.9s), 001/225 VUs, 88 complete and 0 interrupted iterations
openloop_spike   [   6% ] 001/225 VUs  00m44.8s/12m0s  02.00 iters/s

running (00m45.9s), 000/225 VUs, 91 complete and 0 interrupted iterations
openloop_spike   [   6% ] 000/225 VUs  00m45.8s/12m0s  02.00 iters/s

running (00m46.9s), 000/225 VUs, 93 complete and 0 interrupted iterations
openloop_spike   [   7% ] 000/225 VUs  00m46.8s/12m0s  02.00 iters/s

running (00m47.9s), 000/225 VUs, 95 complete and 0 interrupted iterations
openloop_spike   [   7% ] 000/225 VUs  00m47.8s/12m0s  02.00 iters/s

running (00m48.9s), 000/225 VUs, 97 complete and 0 interrupted iterations
openloop_spike   [   7% ] 000/225 VUs  00m48.8s/12m0s  02.00 iters/s

running (00m49.9s), 000/225 VUs, 99 complete and 0 interrupted iterations
openloop_spike   [   7% ] 000/225 VUs  00m49.8s/12m0s  02.00 iters/s

running (00m50.9s), 000/225 VUs, 101 complete and 0 interrupted iterations
openloop_spike   [   7% ] 000/225 VUs  00m50.8s/12m0s  02.00 iters/s

running (00m51.9s), 001/225 VUs, 102 complete and 0 interrupted iterations
openloop_spike   [   7% ] 001/225 VUs  00m51.8s/12m0s  02.00 iters/s

running (00m52.9s), 000/225 VUs, 105 complete and 0 interrupted iterations
openloop_spike   [   7% ] 000/225 VUs  00m52.8s/12m0s  02.00 iters/s

running (00m53.9s), 000/225 VUs, 107 complete and 0 interrupted iterations
openloop_spike   [   7% ] 000/225 VUs  00m53.8s/12m0s  02.00 iters/s

running (00m54.9s), 000/225 VUs, 109 complete and 0 interrupted iterations
openloop_spike   [   8% ] 000/225 VUs  00m54.8s/12m0s  02.00 iters/s

running (00m55.9s), 000/225 VUs, 111 complete and 0 interrupted iterations
openloop_spike   [   8% ] 000/225 VUs  00m55.8s/12m0s  02.00 iters/s

running (00m56.9s), 000/225 VUs, 113 complete and 0 interrupted iterations
openloop_spike   [   8% ] 000/225 VUs  00m56.8s/12m0s  02.00 iters/s

running (00m57.9s), 000/225 VUs, 115 complete and 0 interrupted iterations
openloop_spike   [   8% ] 000/225 VUs  00m57.8s/12m0s  02.00 iters/s

running (00m58.9s), 001/225 VUs, 116 complete and 0 interrupted iterations
openloop_spike   [   8% ] 001/225 VUs  00m58.8s/12m0s  02.00 iters/s

running (00m59.9s), 000/225 VUs, 119 complete and 0 interrupted iterations
openloop_spike   [   8% ] 000/225 VUs  00m59.8s/12m0s  02.00 iters/s

running (01m00.9s), 000/225 VUs, 121 complete and 0 interrupted iterations
openloop_spike   [   8% ] 000/225 VUs  01m00.8s/12m0s  02.00 iters/s

running (01m01.9s), 000/225 VUs, 123 complete and 0 interrupted iterations
openloop_spike   [   9% ] 000/225 VUs  01m01.8s/12m0s  02.00 iters/s

running (01m02.9s), 000/225 VUs, 125 complete and 0 interrupted iterations
openloop_spike   [   9% ] 000/225 VUs  01m02.8s/12m0s  02.00 iters/s

running (01m03.9s), 000/225 VUs, 127 complete and 0 interrupted iterations
openloop_spike   [   9% ] 000/225 VUs  01m03.8s/12m0s  02.00 iters/s

running (01m04.9s), 000/225 VUs, 129 complete and 0 interrupted iterations
openloop_spike   [   9% ] 000/225 VUs  01m04.8s/12m0s  02.00 iters/s

running (01m05.9s), 000/225 VUs, 131 complete and 0 interrupted iterations
openloop_spike   [   9% ] 000/225 VUs  01m05.8s/12m0s  02.00 iters/s

running (01m06.9s), 000/225 VUs, 133 complete and 0 interrupted iterations
openloop_spike   [   9% ] 000/225 VUs  01m06.8s/12m0s  02.00 iters/s

running (01m07.9s), 000/225 VUs, 135 complete and 0 interrupted iterations
openloop_spike   [   9% ] 000/225 VUs  01m07.8s/12m0s  02.00 iters/s

running (01m08.9s), 000/225 VUs, 137 complete and 0 interrupted iterations
openloop_spike   [  10% ] 000/225 VUs  01m08.8s/12m0s  02.00 iters/s

running (01m09.9s), 000/225 VUs, 139 complete and 0 interrupted iterations
openloop_spike   [  10% ] 000/225 VUs  01m09.8s/12m0s  02.00 iters/s

running (01m10.9s), 000/225 VUs, 141 complete and 0 interrupted iterations
openloop_spike   [  10% ] 000/225 VUs  01m10.8s/12m0s  02.00 iters/s

running (01m11.9s), 001/225 VUs, 142 complete and 0 interrupted iterations
openloop_spike   [  10% ] 001/225 VUs  01m11.8s/12m0s  02.00 iters/s

running (01m12.9s), 000/225 VUs, 145 complete and 0 interrupted iterations
openloop_spike   [  10% ] 000/225 VUs  01m12.8s/12m0s  02.00 iters/s

running (01m13.9s), 000/225 VUs, 147 complete and 0 interrupted iterations
openloop_spike   [  10% ] 000/225 VUs  01m13.8s/12m0s  02.00 iters/s

running (01m14.9s), 000/225 VUs, 149 complete and 0 interrupted iterations
openloop_spike   [  10% ] 000/225 VUs  01m14.8s/12m0s  02.00 iters/s

running (01m15.9s), 000/225 VUs, 151 complete and 0 interrupted iterations
openloop_spike   [  11% ] 000/225 VUs  01m15.8s/12m0s  02.00 iters/s

running (01m16.9s), 001/225 VUs, 152 complete and 0 interrupted iterations
openloop_spike   [  11% ] 001/225 VUs  01m16.8s/12m0s  02.00 iters/s

running (01m17.9s), 000/225 VUs, 155 complete and 0 interrupted iterations
openloop_spike   [  11% ] 000/225 VUs  01m17.8s/12m0s  02.00 iters/s

running (01m18.9s), 001/225 VUs, 156 complete and 0 interrupted iterations
openloop_spike   [  11% ] 001/225 VUs  01m18.8s/12m0s  02.00 iters/s

running (01m19.9s), 000/225 VUs, 159 complete and 0 interrupted iterations
openloop_spike   [  11% ] 000/225 VUs  01m19.8s/12m0s  02.00 iters/s

running (01m20.9s), 001/225 VUs, 160 complete and 0 interrupted iterations
openloop_spike   [  11% ] 001/225 VUs  01m20.8s/12m0s  02.00 iters/s

running (01m21.9s), 000/225 VUs, 163 complete and 0 interrupted iterations
openloop_spike   [  11% ] 000/225 VUs  01m21.8s/12m0s  02.00 iters/s

running (01m22.9s), 000/225 VUs, 165 complete and 0 interrupted iterations
openloop_spike   [  12% ] 000/225 VUs  01m22.8s/12m0s  02.00 iters/s

running (01m23.9s), 000/225 VUs, 167 complete and 0 interrupted iterations
openloop_spike   [  12% ] 000/225 VUs  01m23.8s/12m0s  02.00 iters/s

running (01m24.9s), 000/225 VUs, 169 complete and 0 interrupted iterations
openloop_spike   [  12% ] 000/225 VUs  01m24.8s/12m0s  02.00 iters/s

running (01m25.9s), 000/225 VUs, 171 complete and 0 interrupted iterations
openloop_spike   [  12% ] 000/225 VUs  01m25.8s/12m0s  02.00 iters/s

running (01m26.9s), 000/225 VUs, 173 complete and 0 interrupted iterations
openloop_spike   [  12% ] 000/225 VUs  01m26.8s/12m0s  02.00 iters/s

running (01m27.9s), 000/225 VUs, 175 complete and 0 interrupted iterations
openloop_spike   [  12% ] 000/225 VUs  01m27.8s/12m0s  02.00 iters/s

running (01m28.9s), 000/225 VUs, 177 complete and 0 interrupted iterations
openloop_spike   [  12% ] 000/225 VUs  01m28.8s/12m0s  02.00 iters/s

running (01m29.9s), 001/225 VUs, 178 complete and 0 interrupted iterations
openloop_spike   [  12% ] 001/225 VUs  01m29.8s/12m0s  02.00 iters/s

running (01m30.9s), 000/225 VUs, 181 complete and 0 interrupted iterations
openloop_spike   [  13% ] 000/225 VUs  01m30.8s/12m0s  02.00 iters/s

running (01m31.9s), 000/225 VUs, 183 complete and 0 interrupted iterations
openloop_spike   [  13% ] 000/225 VUs  01m31.8s/12m0s  02.00 iters/s

running (01m32.9s), 000/225 VUs, 185 complete and 0 interrupted iterations
openloop_spike   [  13% ] 000/225 VUs  01m32.8s/12m0s  02.00 iters/s

running (01m33.9s), 001/225 VUs, 186 complete and 0 interrupted iterations
openloop_spike   [  13% ] 001/225 VUs  01m33.8s/12m0s  02.00 iters/s

running (01m34.9s), 000/225 VUs, 189 complete and 0 interrupted iterations
openloop_spike   [  13% ] 000/225 VUs  01m34.8s/12m0s  02.00 iters/s

running (01m35.9s), 000/225 VUs, 191 complete and 0 interrupted iterations
openloop_spike   [  13% ] 000/225 VUs  01m35.8s/12m0s  02.00 iters/s

running (01m36.9s), 000/225 VUs, 193 complete and 0 interrupted iterations
openloop_spike   [  13% ] 000/225 VUs  01m36.8s/12m0s  02.00 iters/s

running (01m37.9s), 000/225 VUs, 195 complete and 0 interrupted iterations
openloop_spike   [  14% ] 000/225 VUs  01m37.8s/12m0s  02.00 iters/s

running (01m38.9s), 000/225 VUs, 197 complete and 0 interrupted iterations
openloop_spike   [  14% ] 000/225 VUs  01m38.8s/12m0s  02.00 iters/s

running (01m39.9s), 000/225 VUs, 199 complete and 0 interrupted iterations
openloop_spike   [  14% ] 000/225 VUs  01m39.8s/12m0s  02.00 iters/s

running (01m40.9s), 000/225 VUs, 201 complete and 0 interrupted iterations
openloop_spike   [  14% ] 000/225 VUs  01m40.8s/12m0s  02.00 iters/s

running (01m41.9s), 000/225 VUs, 203 complete and 0 interrupted iterations
openloop_spike   [  14% ] 000/225 VUs  01m41.8s/12m0s  02.00 iters/s

running (01m42.9s), 000/225 VUs, 205 complete and 0 interrupted iterations
openloop_spike   [  14% ] 000/225 VUs  01m42.8s/12m0s  02.00 iters/s

running (01m43.9s), 001/225 VUs, 206 complete and 0 interrupted iterations
openloop_spike   [  14% ] 001/225 VUs  01m43.8s/12m0s  02.00 iters/s

running (01m44.9s), 001/225 VUs, 208 complete and 0 interrupted iterations
openloop_spike   [  15% ] 001/225 VUs  01m44.8s/12m0s  02.00 iters/s

running (01m45.9s), 000/225 VUs, 211 complete and 0 interrupted iterations
openloop_spike   [  15% ] 000/225 VUs  01m45.8s/12m0s  02.00 iters/s

running (01m46.9s), 000/225 VUs, 213 complete and 0 interrupted iterations
openloop_spike   [  15% ] 000/225 VUs  01m46.8s/12m0s  02.00 iters/s

running (01m47.9s), 000/225 VUs, 215 complete and 0 interrupted iterations
openloop_spike   [  15% ] 000/225 VUs  01m47.8s/12m0s  02.00 iters/s

running (01m48.9s), 000/225 VUs, 217 complete and 0 interrupted iterations
openloop_spike   [  15% ] 000/225 VUs  01m48.8s/12m0s  02.00 iters/s

running (01m49.9s), 000/225 VUs, 219 complete and 0 interrupted iterations
openloop_spike   [  15% ] 000/225 VUs  01m49.8s/12m0s  02.00 iters/s

running (01m50.9s), 000/225 VUs, 221 complete and 0 interrupted iterations
openloop_spike   [  15% ] 000/225 VUs  01m50.8s/12m0s  02.00 iters/s

running (01m51.9s), 000/225 VUs, 223 complete and 0 interrupted iterations
openloop_spike   [  16% ] 000/225 VUs  01m51.8s/12m0s  02.00 iters/s

running (01m52.9s), 000/225 VUs, 225 complete and 0 interrupted iterations
openloop_spike   [  16% ] 000/225 VUs  01m52.8s/12m0s  02.00 iters/s

running (01m53.9s), 000/225 VUs, 227 complete and 0 interrupted iterations
openloop_spike   [  16% ] 000/225 VUs  01m53.8s/12m0s  02.00 iters/s

running (01m54.9s), 000/225 VUs, 229 complete and 0 interrupted iterations
openloop_spike   [  16% ] 000/225 VUs  01m54.8s/12m0s  02.00 iters/s

running (01m55.9s), 000/225 VUs, 231 complete and 0 interrupted iterations
openloop_spike   [  16% ] 000/225 VUs  01m55.8s/12m0s  02.00 iters/s

running (01m56.9s), 000/225 VUs, 233 complete and 0 interrupted iterations
openloop_spike   [  16% ] 000/225 VUs  01m56.8s/12m0s  02.00 iters/s

running (01m57.9s), 000/225 VUs, 235 complete and 0 interrupted iterations
openloop_spike   [  16% ] 000/225 VUs  01m57.8s/12m0s  02.00 iters/s

running (01m58.9s), 000/225 VUs, 237 complete and 0 interrupted iterations
openloop_spike   [  17% ] 000/225 VUs  01m58.8s/12m0s  02.00 iters/s

running (01m59.9s), 000/225 VUs, 239 complete and 0 interrupted iterations
openloop_spike   [  17% ] 000/225 VUs  01m59.8s/12m0s  02.00 iters/s

running (02m00.9s), 000/225 VUs, 242 complete and 0 interrupted iterations
openloop_spike   [  17% ] 000/225 VUs  02m00.8s/12m0s  04.23 iters/s

running (02m01.9s), 001/225 VUs, 247 complete and 0 interrupted iterations
openloop_spike   [  17% ] 001/225 VUs  02m01.8s/12m0s  07.18 iters/s

running (02m02.9s), 000/225 VUs, 256 complete and 0 interrupted iterations
openloop_spike   [  17% ] 000/225 VUs  02m02.8s/12m0s  09.82 iters/s

running (02m03.9s), 000/225 VUs, 267 complete and 0 interrupted iterations
openloop_spike   [  17% ] 000/225 VUs  02m03.8s/12m0s  12.57 iters/s

running (02m04.9s), 002/225 VUs, 279 complete and 0 interrupted iterations
openloop_spike   [  17% ] 002/225 VUs  02m04.8s/12m0s  15.38 iters/s

running (02m05.9s), 000/225 VUs, 298 complete and 0 interrupted iterations
openloop_spike   [  17% ] 000/225 VUs  02m05.8s/12m0s  18.21 iters/s

running (02m06.9s), 001/225 VUs, 317 complete and 0 interrupted iterations
openloop_spike   [  18% ] 001/225 VUs  02m06.8s/12m0s  21.06 iters/s

running (02m07.9s), 003/225 VUs, 337 complete and 0 interrupted iterations
openloop_spike   [  18% ] 003/225 VUs  02m07.8s/12m0s  23.81 iters/s

running (02m08.9s), 007/225 VUs, 359 complete and 0 interrupted iterations
openloop_spike   [  18% ] 007/225 VUs  02m08.8s/12m0s  26.69 iters/s

running (02m09.9s), 003/225 VUs, 391 complete and 0 interrupted iterations
openloop_spike   [  18% ] 003/225 VUs  02m09.8s/12m0s  29.48 iters/s

running (02m10.9s), 006/225 VUs, 418 complete and 0 interrupted iterations
openloop_spike   [  18% ] 006/225 VUs  02m10.8s/12m0s  30.00 iters/s

running (02m11.9s), 008/225 VUs, 446 complete and 0 interrupted iterations
openloop_spike   [  18% ] 008/225 VUs  02m11.8s/12m0s  30.00 iters/s

running (02m12.9s), 008/225 VUs, 476 complete and 0 interrupted iterations
openloop_spike   [  18% ] 008/225 VUs  02m12.8s/12m0s  30.00 iters/s

running (02m13.9s), 005/225 VUs, 509 complete and 0 interrupted iterations
openloop_spike   [  19% ] 005/225 VUs  02m13.8s/12m0s  30.00 iters/s

running (02m14.9s), 008/225 VUs, 536 complete and 0 interrupted iterations
openloop_spike   [  19% ] 008/225 VUs  02m14.8s/12m0s  30.00 iters/s

running (02m15.9s), 004/225 VUs, 570 complete and 0 interrupted iterations
openloop_spike   [  19% ] 004/225 VUs  02m15.8s/12m0s  30.00 iters/s

running (02m16.9s), 005/225 VUs, 599 complete and 0 interrupted iterations
openloop_spike   [  19% ] 005/225 VUs  02m16.8s/12m0s  30.00 iters/s

running (02m17.9s), 007/225 VUs, 627 complete and 0 interrupted iterations
openloop_spike   [  19% ] 007/225 VUs  02m17.8s/12m0s  30.00 iters/s

running (02m18.9s), 003/225 VUs, 661 complete and 0 interrupted iterations
openloop_spike   [  19% ] 003/225 VUs  02m18.8s/12m0s  30.00 iters/s

running (02m19.9s), 002/225 VUs, 692 complete and 0 interrupted iterations
openloop_spike   [  19% ] 002/225 VUs  02m19.8s/12m0s  30.00 iters/s

running (02m20.9s), 004/225 VUs, 720 complete and 0 interrupted iterations
openloop_spike   [  20% ] 004/225 VUs  02m20.8s/12m0s  30.00 iters/s

running (02m21.9s), 003/225 VUs, 751 complete and 0 interrupted iterations
openloop_spike   [  20% ] 003/225 VUs  02m21.8s/12m0s  30.00 iters/s

running (02m22.9s), 002/225 VUs, 782 complete and 0 interrupted iterations
openloop_spike   [  20% ] 002/225 VUs  02m22.8s/12m0s  30.00 iters/s

running (02m23.9s), 001/225 VUs, 813 complete and 0 interrupted iterations
openloop_spike   [  20% ] 001/225 VUs  02m23.8s/12m0s  30.00 iters/s

running (02m24.9s), 005/225 VUs, 839 complete and 0 interrupted iterations
openloop_spike   [  20% ] 005/225 VUs  02m24.8s/12m0s  30.00 iters/s

running (02m25.9s), 008/225 VUs, 866 complete and 0 interrupted iterations
openloop_spike   [  20% ] 008/225 VUs  02m25.8s/12m0s  30.00 iters/s

running (02m26.9s), 004/225 VUs, 900 complete and 0 interrupted iterations
openloop_spike   [  20% ] 004/225 VUs  02m26.8s/12m0s  30.00 iters/s

running (02m27.9s), 004/225 VUs, 930 complete and 0 interrupted iterations
openloop_spike   [  21% ] 004/225 VUs  02m27.8s/12m0s  30.00 iters/s

running (02m28.9s), 003/225 VUs, 961 complete and 0 interrupted iterations
openloop_spike   [  21% ] 003/225 VUs  02m28.8s/12m0s  30.00 iters/s

running (02m29.9s), 004/225 VUs, 990 complete and 0 interrupted iterations
openloop_spike   [  21% ] 004/225 VUs  02m29.8s/12m0s  30.00 iters/s

running (02m30.9s), 003/225 VUs, 1021 complete and 0 interrupted iterations
openloop_spike   [  21% ] 003/225 VUs  02m30.8s/12m0s  30.00 iters/s

running (02m31.9s), 006/225 VUs, 1048 complete and 0 interrupted iterations
openloop_spike   [  21% ] 006/225 VUs  02m31.8s/12m0s  30.00 iters/s

running (02m32.9s), 003/225 VUs, 1081 complete and 0 interrupted iterations
openloop_spike   [  21% ] 003/225 VUs  02m32.8s/12m0s  30.00 iters/s

running (02m33.9s), 003/225 VUs, 1111 complete and 0 interrupted iterations
openloop_spike   [  21% ] 003/225 VUs  02m33.8s/12m0s  30.00 iters/s

running (02m34.9s), 005/225 VUs, 1139 complete and 0 interrupted iterations
openloop_spike   [  22% ] 005/225 VUs  02m34.8s/12m0s  30.00 iters/s

running (02m35.9s), 003/225 VUs, 1171 complete and 0 interrupted iterations
openloop_spike   [  22% ] 003/225 VUs  02m35.8s/12m0s  30.00 iters/s

running (02m36.9s), 007/225 VUs, 1197 complete and 0 interrupted iterations
openloop_spike   [  22% ] 007/225 VUs  02m36.8s/12m0s  30.00 iters/s

running (02m37.9s), 005/225 VUs, 1229 complete and 0 interrupted iterations
openloop_spike   [  22% ] 005/225 VUs  02m37.8s/12m0s  30.00 iters/s

running (02m38.9s), 005/225 VUs, 1259 complete and 0 interrupted iterations
openloop_spike   [  22% ] 005/225 VUs  02m38.8s/12m0s  30.00 iters/s

running (02m39.9s), 005/225 VUs, 1289 complete and 0 interrupted iterations
openloop_spike   [  22% ] 005/225 VUs  02m39.8s/12m0s  30.00 iters/s

running (02m40.9s), 004/225 VUs, 1320 complete and 0 interrupted iterations
openloop_spike   [  22% ] 004/225 VUs  02m40.8s/12m0s  30.00 iters/s

running (02m41.9s), 004/225 VUs, 1350 complete and 0 interrupted iterations
openloop_spike   [  22% ] 004/225 VUs  02m41.8s/12m0s  30.00 iters/s

running (02m42.9s), 003/225 VUs, 1381 complete and 0 interrupted iterations
openloop_spike   [  23% ] 003/225 VUs  02m42.8s/12m0s  30.00 iters/s

running (02m43.9s), 006/225 VUs, 1408 complete and 0 interrupted iterations
openloop_spike   [  23% ] 006/225 VUs  02m43.8s/12m0s  30.00 iters/s

running (02m44.9s), 009/225 VUs, 1435 complete and 0 interrupted iterations
openloop_spike   [  23% ] 009/225 VUs  02m44.8s/12m0s  30.00 iters/s

running (02m45.9s), 005/225 VUs, 1469 complete and 0 interrupted iterations
openloop_spike   [  23% ] 005/225 VUs  02m45.8s/12m0s  30.00 iters/s

running (02m46.9s), 007/225 VUs, 1497 complete and 0 interrupted iterations
openloop_spike   [  23% ] 007/225 VUs  02m46.8s/12m0s  30.00 iters/s

running (02m47.9s), 005/225 VUs, 1529 complete and 0 interrupted iterations
openloop_spike   [  23% ] 005/225 VUs  02m47.8s/12m0s  30.00 iters/s

running (02m48.9s), 010/225 VUs, 1554 complete and 0 interrupted iterations
openloop_spike   [  23% ] 010/225 VUs  02m48.8s/12m0s  30.00 iters/s

running (02m49.9s), 001/225 VUs, 1593 complete and 0 interrupted iterations
openloop_spike   [  24% ] 001/225 VUs  02m49.8s/12m0s  30.00 iters/s

running (02m50.9s), 001/225 VUs, 1623 complete and 0 interrupted iterations
openloop_spike   [  24% ] 001/225 VUs  02m50.8s/12m0s  30.00 iters/s

running (02m51.9s), 003/225 VUs, 1651 complete and 0 interrupted iterations
openloop_spike   [  24% ] 003/225 VUs  02m51.8s/12m0s  30.00 iters/s

running (02m52.9s), 003/225 VUs, 1681 complete and 0 interrupted iterations
openloop_spike   [  24% ] 003/225 VUs  02m52.8s/12m0s  30.00 iters/s

running (02m53.9s), 005/225 VUs, 1709 complete and 0 interrupted iterations
openloop_spike   [  24% ] 005/225 VUs  02m53.8s/12m0s  30.00 iters/s

running (02m54.9s), 004/225 VUs, 1740 complete and 0 interrupted iterations
openloop_spike   [  24% ] 004/225 VUs  02m54.8s/12m0s  30.00 iters/s

running (02m55.9s), 005/225 VUs, 1769 complete and 0 interrupted iterations
openloop_spike   [  24% ] 005/225 VUs  02m55.8s/12m0s  30.00 iters/s

running (02m56.9s), 010/225 VUs, 1794 complete and 0 interrupted iterations
openloop_spike   [  25% ] 010/225 VUs  02m56.8s/12m0s  30.00 iters/s

running (02m57.9s), 006/225 VUs, 1828 complete and 0 interrupted iterations
openloop_spike   [  25% ] 006/225 VUs  02m57.8s/12m0s  30.00 iters/s

running (02m58.9s), 013/225 VUs, 1851 complete and 0 interrupted iterations
openloop_spike   [  25% ] 013/225 VUs  02m58.8s/12m0s  30.00 iters/s

running (02m59.9s), 007/225 VUs, 1887 complete and 0 interrupted iterations
openloop_spike   [  25% ] 007/225 VUs  02m59.8s/12m0s  30.00 iters/s

running (03m00.9s), 008/225 VUs, 1916 complete and 0 interrupted iterations
openloop_spike   [  25% ] 008/225 VUs  03m00.8s/12m0s  30.00 iters/s

running (03m01.9s), 005/225 VUs, 1949 complete and 0 interrupted iterations
openloop_spike   [  25% ] 005/225 VUs  03m01.8s/12m0s  30.00 iters/s

running (03m02.9s), 004/225 VUs, 1980 complete and 0 interrupted iterations
openloop_spike   [  25% ] 004/225 VUs  03m02.8s/12m0s  30.00 iters/s

running (03m03.9s), 003/225 VUs, 2011 complete and 0 interrupted iterations
openloop_spike   [  26% ] 003/225 VUs  03m03.8s/12m0s  30.00 iters/s

running (03m04.9s), 008/225 VUs, 2036 complete and 0 interrupted iterations
openloop_spike   [  26% ] 008/225 VUs  03m04.8s/12m0s  30.00 iters/s

running (03m05.9s), 008/225 VUs, 2066 complete and 0 interrupted iterations
openloop_spike   [  26% ] 008/225 VUs  03m05.8s/12m0s  30.00 iters/s

running (03m06.9s), 008/225 VUs, 2096 complete and 0 interrupted iterations
openloop_spike   [  26% ] 008/225 VUs  03m06.8s/12m0s  30.00 iters/s

running (03m07.9s), 004/225 VUs, 2130 complete and 0 interrupted iterations
openloop_spike   [  26% ] 004/225 VUs  03m07.8s/12m0s  30.00 iters/s

running (03m08.9s), 008/225 VUs, 2156 complete and 0 interrupted iterations
openloop_spike   [  26% ] 008/225 VUs  03m08.8s/12m0s  30.00 iters/s

running (03m09.9s), 003/225 VUs, 2191 complete and 0 interrupted iterations
openloop_spike   [  26% ] 003/225 VUs  03m09.8s/12m0s  30.00 iters/s

running (03m10.9s), 006/225 VUs, 2218 complete and 0 interrupted iterations
openloop_spike   [  27% ] 006/225 VUs  03m10.8s/12m0s  30.00 iters/s

running (03m11.9s), 009/225 VUs, 2245 complete and 0 interrupted iterations
openloop_spike   [  27% ] 009/225 VUs  03m11.8s/12m0s  30.00 iters/s

running (03m12.9s), 008/225 VUs, 2276 complete and 0 interrupted iterations
openloop_spike   [  27% ] 008/225 VUs  03m12.8s/12m0s  30.00 iters/s

running (03m13.9s), 002/225 VUs, 2312 complete and 0 interrupted iterations
openloop_spike   [  27% ] 002/225 VUs  03m13.8s/12m0s  30.00 iters/s

running (03m14.9s), 008/225 VUs, 2336 complete and 0 interrupted iterations
openloop_spike   [  27% ] 008/225 VUs  03m14.8s/12m0s  30.00 iters/s

running (03m15.9s), 004/225 VUs, 2370 complete and 0 interrupted iterations
openloop_spike   [  27% ] 004/225 VUs  03m15.8s/12m0s  30.00 iters/s

running (03m16.9s), 007/225 VUs, 2397 complete and 0 interrupted iterations
openloop_spike   [  27% ] 007/225 VUs  03m16.8s/12m0s  30.00 iters/s

running (03m17.9s), 001/225 VUs, 2433 complete and 0 interrupted iterations
openloop_spike   [  27% ] 001/225 VUs  03m17.8s/12m0s  30.00 iters/s

running (03m18.9s), 001/225 VUs, 2463 complete and 0 interrupted iterations
openloop_spike   [  28% ] 001/225 VUs  03m18.8s/12m0s  30.00 iters/s

running (03m19.9s), 004/225 VUs, 2490 complete and 0 interrupted iterations
openloop_spike   [  28% ] 004/225 VUs  03m19.8s/12m0s  30.00 iters/s

running (03m20.9s), 005/225 VUs, 2519 complete and 0 interrupted iterations
openloop_spike   [  28% ] 005/225 VUs  03m20.8s/12m0s  30.00 iters/s

running (03m21.9s), 002/225 VUs, 2552 complete and 0 interrupted iterations
openloop_spike   [  28% ] 002/225 VUs  03m21.8s/12m0s  30.00 iters/s

running (03m22.9s), 005/225 VUs, 2579 complete and 0 interrupted iterations
openloop_spike   [  28% ] 005/225 VUs  03m22.8s/12m0s  30.00 iters/s

running (03m23.9s), 007/225 VUs, 2607 complete and 0 interrupted iterations
openloop_spike   [  28% ] 007/225 VUs  03m23.8s/12m0s  30.00 iters/s

running (03m24.9s), 005/225 VUs, 2639 complete and 0 interrupted iterations
openloop_spike   [  28% ] 005/225 VUs  03m24.8s/12m0s  30.00 iters/s

running (03m25.9s), 009/225 VUs, 2665 complete and 0 interrupted iterations
openloop_spike   [  29% ] 009/225 VUs  03m25.8s/12m0s  30.00 iters/s

running (03m26.9s), 010/225 VUs, 2694 complete and 0 interrupted iterations
openloop_spike   [  29% ] 010/225 VUs  03m26.8s/12m0s  30.00 iters/s

running (03m27.9s), 005/225 VUs, 2729 complete and 0 interrupted iterations
openloop_spike   [  29% ] 005/225 VUs  03m27.8s/12m0s  30.00 iters/s

running (03m28.9s), 006/225 VUs, 2758 complete and 0 interrupted iterations
openloop_spike   [  29% ] 006/225 VUs  03m28.8s/12m0s  30.00 iters/s

running (03m29.9s), 001/225 VUs, 2793 complete and 0 interrupted iterations
openloop_spike   [  29% ] 001/225 VUs  03m29.8s/12m0s  30.00 iters/s

running (03m30.9s), 002/225 VUs, 2822 complete and 0 interrupted iterations
openloop_spike   [  29% ] 002/225 VUs  03m30.8s/12m0s  30.00 iters/s

running (03m31.9s), 003/225 VUs, 2851 complete and 0 interrupted iterations
openloop_spike   [  29% ] 003/225 VUs  03m31.8s/12m0s  30.00 iters/s

running (03m32.9s), 005/225 VUs, 2879 complete and 0 interrupted iterations
openloop_spike   [  30% ] 005/225 VUs  03m32.8s/12m0s  30.00 iters/s

running (03m33.9s), 001/225 VUs, 2913 complete and 0 interrupted iterations
openloop_spike   [  30% ] 001/225 VUs  03m33.8s/12m0s  30.00 iters/s

running (03m34.9s), 003/225 VUs, 2941 complete and 0 interrupted iterations
openloop_spike   [  30% ] 003/225 VUs  03m34.8s/12m0s  30.00 iters/s

running (03m35.9s), 003/225 VUs, 2971 complete and 0 interrupted iterations
openloop_spike   [  30% ] 003/225 VUs  03m35.8s/12m0s  30.00 iters/s

running (03m36.9s), 002/225 VUs, 3002 complete and 0 interrupted iterations
openloop_spike   [  30% ] 002/225 VUs  03m36.8s/12m0s  30.00 iters/s

running (03m37.9s), 002/225 VUs, 3032 complete and 0 interrupted iterations
openloop_spike   [  30% ] 002/225 VUs  03m37.8s/12m0s  30.00 iters/s

running (03m38.9s), 002/225 VUs, 3062 complete and 0 interrupted iterations
openloop_spike   [  30% ] 002/225 VUs  03m38.8s/12m0s  30.00 iters/s

running (03m39.9s), 004/225 VUs, 3090 complete and 0 interrupted iterations
openloop_spike   [  31% ] 004/225 VUs  03m39.8s/12m0s  30.00 iters/s

running (03m40.9s), 003/225 VUs, 3121 complete and 0 interrupted iterations
openloop_spike   [  31% ] 003/225 VUs  03m40.8s/12m0s  30.00 iters/s

running (03m41.9s), 001/225 VUs, 3153 complete and 0 interrupted iterations
openloop_spike   [  31% ] 001/225 VUs  03m41.8s/12m0s  30.00 iters/s

running (03m42.9s), 005/225 VUs, 3179 complete and 0 interrupted iterations
openloop_spike   [  31% ] 005/225 VUs  03m42.8s/12m0s  30.00 iters/s

running (03m43.9s), 006/225 VUs, 3208 complete and 0 interrupted iterations
openloop_spike   [  31% ] 006/225 VUs  03m43.8s/12m0s  30.00 iters/s

running (03m44.9s), 004/225 VUs, 3240 complete and 0 interrupted iterations
openloop_spike   [  31% ] 004/225 VUs  03m44.8s/12m0s  30.00 iters/s

running (03m45.9s), 002/225 VUs, 3272 complete and 0 interrupted iterations
openloop_spike   [  31% ] 002/225 VUs  03m45.8s/12m0s  30.00 iters/s

running (03m46.9s), 003/225 VUs, 3301 complete and 0 interrupted iterations
openloop_spike   [  32% ] 003/225 VUs  03m46.8s/12m0s  30.00 iters/s

running (03m47.9s), 005/225 VUs, 3329 complete and 0 interrupted iterations
openloop_spike   [  32% ] 005/225 VUs  03m47.8s/12m0s  30.00 iters/s

running (03m48.9s), 002/225 VUs, 3362 complete and 0 interrupted iterations
openloop_spike   [  32% ] 002/225 VUs  03m48.8s/12m0s  30.00 iters/s

running (03m49.9s), 002/225 VUs, 3392 complete and 0 interrupted iterations
openloop_spike   [  32% ] 002/225 VUs  03m49.8s/12m0s  30.00 iters/s

running (03m50.9s), 002/225 VUs, 3422 complete and 0 interrupted iterations
openloop_spike   [  32% ] 002/225 VUs  03m50.8s/12m0s  30.00 iters/s

running (03m51.9s), 001/225 VUs, 3453 complete and 0 interrupted iterations
openloop_spike   [  32% ] 001/225 VUs  03m51.8s/12m0s  30.00 iters/s

running (03m52.9s), 007/225 VUs, 3477 complete and 0 interrupted iterations
openloop_spike   [  32% ] 007/225 VUs  03m52.8s/12m0s  30.00 iters/s

running (03m53.9s), 008/225 VUs, 3506 complete and 0 interrupted iterations
openloop_spike   [  32% ] 008/225 VUs  03m53.8s/12m0s  30.00 iters/s

running (03m54.9s), 006/225 VUs, 3538 complete and 0 interrupted iterations
openloop_spike   [  33% ] 006/225 VUs  03m54.8s/12m0s  30.00 iters/s

running (03m55.9s), 006/225 VUs, 3568 complete and 0 interrupted iterations
openloop_spike   [  33% ] 006/225 VUs  03m55.8s/12m0s  30.00 iters/s

running (03m56.9s), 002/225 VUs, 3602 complete and 0 interrupted iterations
openloop_spike   [  33% ] 002/225 VUs  03m56.8s/12m0s  30.00 iters/s

running (03m57.9s), 001/225 VUs, 3633 complete and 0 interrupted iterations
openloop_spike   [  33% ] 001/225 VUs  03m57.8s/12m0s  30.00 iters/s

running (03m58.9s), 004/225 VUs, 3660 complete and 0 interrupted iterations
openloop_spike   [  33% ] 004/225 VUs  03m58.8s/12m0s  30.00 iters/s

running (03m59.9s), 004/225 VUs, 3690 complete and 0 interrupted iterations
openloop_spike   [  33% ] 004/225 VUs  03m59.8s/12m0s  30.00 iters/s

running (04m00.9s), 007/225 VUs, 3717 complete and 0 interrupted iterations
openloop_spike   [  33% ] 007/225 VUs  04m00.8s/12m0s  30.00 iters/s

running (04m01.9s), 003/225 VUs, 3751 complete and 0 interrupted iterations
openloop_spike   [  34% ] 003/225 VUs  04m01.8s/12m0s  30.00 iters/s

running (04m02.9s), 002/225 VUs, 3782 complete and 0 interrupted iterations
openloop_spike   [  34% ] 002/225 VUs  04m02.8s/12m0s  30.00 iters/s

running (04m03.9s), 003/225 VUs, 3811 complete and 0 interrupted iterations
openloop_spike   [  34% ] 003/225 VUs  04m03.8s/12m0s  30.00 iters/s

running (04m04.9s), 001/225 VUs, 3843 complete and 0 interrupted iterations
openloop_spike   [  34% ] 001/225 VUs  04m04.8s/12m0s  30.00 iters/s

running (04m05.9s), 003/225 VUs, 3871 complete and 0 interrupted iterations
openloop_spike   [  34% ] 003/225 VUs  04m05.8s/12m0s  30.00 iters/s

running (04m06.9s), 003/225 VUs, 3901 complete and 0 interrupted iterations
openloop_spike   [  34% ] 003/225 VUs  04m06.8s/12m0s  30.00 iters/s

running (04m07.9s), 004/225 VUs, 3930 complete and 0 interrupted iterations
openloop_spike   [  34% ] 004/225 VUs  04m07.8s/12m0s  30.00 iters/s

running (04m08.9s), 001/225 VUs, 3963 complete and 0 interrupted iterations
openloop_spike   [  35% ] 001/225 VUs  04m08.8s/12m0s  30.00 iters/s

running (04m09.9s), 001/225 VUs, 3993 complete and 0 interrupted iterations
openloop_spike   [  35% ] 001/225 VUs  04m09.8s/12m0s  30.00 iters/s

running (04m10.9s), 003/225 VUs, 4021 complete and 0 interrupted iterations
openloop_spike   [  35% ] 003/225 VUs  04m10.8s/12m0s  30.00 iters/s

running (04m11.9s), 006/225 VUs, 4048 complete and 0 interrupted iterations
openloop_spike   [  35% ] 006/225 VUs  04m11.8s/12m0s  30.00 iters/s

running (04m12.9s), 011/225 VUs, 4073 complete and 0 interrupted iterations
openloop_spike   [  35% ] 011/225 VUs  04m12.8s/12m0s  30.00 iters/s

running (04m13.9s), 008/225 VUs, 4106 complete and 0 interrupted iterations
openloop_spike   [  35% ] 008/225 VUs  04m13.8s/12m0s  30.00 iters/s

running (04m14.9s), 011/225 VUs, 4133 complete and 0 interrupted iterations
openloop_spike   [  35% ] 011/225 VUs  04m14.8s/12m0s  30.00 iters/s

running (04m15.9s), 008/225 VUs, 4166 complete and 0 interrupted iterations
openloop_spike   [  36% ] 008/225 VUs  04m15.8s/12m0s  30.00 iters/s

running (04m16.9s), 008/225 VUs, 4196 complete and 0 interrupted iterations
openloop_spike   [  36% ] 008/225 VUs  04m16.8s/12m0s  30.00 iters/s

running (04m17.9s), 005/225 VUs, 4229 complete and 0 interrupted iterations
openloop_spike   [  36% ] 005/225 VUs  04m17.8s/12m0s  30.00 iters/s

running (04m18.9s), 007/225 VUs, 4257 complete and 0 interrupted iterations
openloop_spike   [  36% ] 007/225 VUs  04m18.8s/12m0s  30.00 iters/s

running (04m19.9s), 003/225 VUs, 4291 complete and 0 interrupted iterations
openloop_spike   [  36% ] 003/225 VUs  04m19.8s/12m0s  30.00 iters/s

running (04m20.9s), 003/225 VUs, 4321 complete and 0 interrupted iterations
openloop_spike   [  36% ] 003/225 VUs  04m20.8s/12m0s  30.00 iters/s

running (04m21.9s), 002/225 VUs, 4352 complete and 0 interrupted iterations
openloop_spike   [  36% ] 002/225 VUs  04m21.8s/12m0s  30.00 iters/s

running (04m22.9s), 005/225 VUs, 4379 complete and 0 interrupted iterations
openloop_spike   [  37% ] 005/225 VUs  04m22.8s/12m0s  30.00 iters/s

running (04m23.9s), 006/225 VUs, 4408 complete and 0 interrupted iterations
openloop_spike   [  37% ] 006/225 VUs  04m23.8s/12m0s  30.00 iters/s

running (04m24.9s), 009/225 VUs, 4435 complete and 0 interrupted iterations
openloop_spike   [  37% ] 009/225 VUs  04m24.8s/12m0s  30.00 iters/s

running (04m25.9s), 009/225 VUs, 4465 complete and 0 interrupted iterations
openloop_spike   [  37% ] 009/225 VUs  04m25.8s/12m0s  30.00 iters/s

running (04m26.9s), 008/225 VUs, 4496 complete and 0 interrupted iterations
openloop_spike   [  37% ] 008/225 VUs  04m26.8s/12m0s  30.00 iters/s

running (04m27.9s), 001/225 VUs, 4533 complete and 0 interrupted iterations
openloop_spike   [  37% ] 001/225 VUs  04m27.8s/12m0s  30.00 iters/s

running (04m28.9s), 006/225 VUs, 4558 complete and 0 interrupted iterations
openloop_spike   [  37% ] 006/225 VUs  04m28.8s/12m0s  30.00 iters/s

running (04m29.9s), 005/225 VUs, 4589 complete and 0 interrupted iterations
openloop_spike   [  37% ] 005/225 VUs  04m29.8s/12m0s  30.00 iters/s

running (04m30.9s), 003/225 VUs, 4621 complete and 0 interrupted iterations
openloop_spike   [  38% ] 003/225 VUs  04m30.8s/12m0s  30.00 iters/s

running (04m31.9s), 008/225 VUs, 4646 complete and 0 interrupted iterations
openloop_spike   [  38% ] 008/225 VUs  04m31.8s/12m0s  30.00 iters/s

running (04m32.9s), 007/225 VUs, 4677 complete and 0 interrupted iterations
openloop_spike   [  38% ] 007/225 VUs  04m32.8s/12m0s  30.00 iters/s

running (04m33.9s), 006/225 VUs, 4708 complete and 0 interrupted iterations
openloop_spike   [  38% ] 006/225 VUs  04m33.8s/12m0s  30.00 iters/s

running (04m34.9s), 005/225 VUs, 4739 complete and 0 interrupted iterations
openloop_spike   [  38% ] 005/225 VUs  04m34.8s/12m0s  30.00 iters/s

running (04m35.9s), 001/225 VUs, 4773 complete and 0 interrupted iterations
openloop_spike   [  38% ] 001/225 VUs  04m35.8s/12m0s  30.00 iters/s

running (04m36.9s), 001/225 VUs, 4803 complete and 0 interrupted iterations
openloop_spike   [  38% ] 001/225 VUs  04m36.8s/12m0s  30.00 iters/s

running (04m37.9s), 004/225 VUs, 4830 complete and 0 interrupted iterations
openloop_spike   [  39% ] 004/225 VUs  04m37.8s/12m0s  30.00 iters/s

running (04m38.9s), 005/225 VUs, 4859 complete and 0 interrupted iterations
openloop_spike   [  39% ] 005/225 VUs  04m38.8s/12m0s  30.00 iters/s

running (04m39.9s), 004/225 VUs, 4890 complete and 0 interrupted iterations
openloop_spike   [  39% ] 004/225 VUs  04m39.8s/12m0s  30.00 iters/s

running (04m40.9s), 002/225 VUs, 4922 complete and 0 interrupted iterations
openloop_spike   [  39% ] 002/225 VUs  04m40.8s/12m0s  30.00 iters/s

running (04m41.9s), 005/225 VUs, 4949 complete and 0 interrupted iterations
openloop_spike   [  39% ] 005/225 VUs  04m41.8s/12m0s  30.00 iters/s

running (04m42.9s), 004/225 VUs, 4980 complete and 0 interrupted iterations
openloop_spike   [  39% ] 004/225 VUs  04m42.8s/12m0s  30.00 iters/s

running (04m43.9s), 003/225 VUs, 5011 complete and 0 interrupted iterations
openloop_spike   [  39% ] 003/225 VUs  04m43.8s/12m0s  30.00 iters/s

running (04m44.9s), 002/225 VUs, 5042 complete and 0 interrupted iterations
openloop_spike   [  40% ] 002/225 VUs  04m44.8s/12m0s  30.00 iters/s

running (04m45.9s), 004/225 VUs, 5070 complete and 0 interrupted iterations
openloop_spike   [  40% ] 004/225 VUs  04m45.8s/12m0s  30.00 iters/s

running (04m46.9s), 001/225 VUs, 5103 complete and 0 interrupted iterations
openloop_spike   [  40% ] 001/225 VUs  04m46.8s/12m0s  30.00 iters/s

running (04m47.9s), 003/225 VUs, 5131 complete and 0 interrupted iterations
openloop_spike   [  40% ] 003/225 VUs  04m47.8s/12m0s  30.00 iters/s

running (04m48.9s), 006/225 VUs, 5158 complete and 0 interrupted iterations
openloop_spike   [  40% ] 006/225 VUs  04m48.8s/12m0s  30.00 iters/s

running (04m49.9s), 007/225 VUs, 5187 complete and 0 interrupted iterations
openloop_spike   [  40% ] 007/225 VUs  04m49.8s/12m0s  30.00 iters/s

running (04m50.9s), 002/225 VUs, 5222 complete and 0 interrupted iterations
openloop_spike   [  40% ] 002/225 VUs  04m50.8s/12m0s  30.00 iters/s

running (04m51.9s), 003/225 VUs, 5251 complete and 0 interrupted iterations
openloop_spike   [  41% ] 003/225 VUs  04m51.8s/12m0s  30.00 iters/s

running (04m52.9s), 002/225 VUs, 5282 complete and 0 interrupted iterations
openloop_spike   [  41% ] 002/225 VUs  04m52.8s/12m0s  30.00 iters/s

running (04m53.9s), 004/225 VUs, 5310 complete and 0 interrupted iterations
openloop_spike   [  41% ] 004/225 VUs  04m53.8s/12m0s  30.00 iters/s

running (04m54.9s), 003/225 VUs, 5341 complete and 0 interrupted iterations
openloop_spike   [  41% ] 003/225 VUs  04m54.8s/12m0s  30.00 iters/s

running (04m55.9s), 005/225 VUs, 5369 complete and 0 interrupted iterations
openloop_spike   [  41% ] 005/225 VUs  04m55.8s/12m0s  30.00 iters/s

running (04m56.9s), 003/225 VUs, 5401 complete and 0 interrupted iterations
openloop_spike   [  41% ] 003/225 VUs  04m56.8s/12m0s  30.00 iters/s

running (04m57.9s), 003/225 VUs, 5431 complete and 0 interrupted iterations
openloop_spike   [  41% ] 003/225 VUs  04m57.8s/12m0s  30.00 iters/s

running (04m58.9s), 006/225 VUs, 5458 complete and 0 interrupted iterations
openloop_spike   [  42% ] 006/225 VUs  04m58.8s/12m0s  30.00 iters/s

running (04m59.9s), 005/225 VUs, 5489 complete and 0 interrupted iterations
openloop_spike   [  42% ] 005/225 VUs  04m59.8s/12m0s  30.00 iters/s

running (05m00.9s), 004/225 VUs, 5520 complete and 0 interrupted iterations
openloop_spike   [  42% ] 004/225 VUs  05m00.8s/12m0s  30.00 iters/s

running (05m01.9s), 006/225 VUs, 5548 complete and 0 interrupted iterations
openloop_spike   [  42% ] 006/225 VUs  05m01.8s/12m0s  30.00 iters/s

running (05m02.9s), 008/225 VUs, 5576 complete and 0 interrupted iterations
openloop_spike   [  42% ] 008/225 VUs  05m02.8s/12m0s  30.00 iters/s

running (05m03.9s), 006/225 VUs, 5608 complete and 0 interrupted iterations
openloop_spike   [  42% ] 006/225 VUs  05m03.8s/12m0s  30.00 iters/s

running (05m04.9s), 005/225 VUs, 5639 complete and 0 interrupted iterations
openloop_spike   [  42% ] 005/225 VUs  05m04.8s/12m0s  30.00 iters/s

running (05m05.9s), 006/225 VUs, 5668 complete and 0 interrupted iterations
openloop_spike   [  42% ] 006/225 VUs  05m05.8s/12m0s  30.00 iters/s

running (05m06.9s), 005/225 VUs, 5699 complete and 0 interrupted iterations
openloop_spike   [  43% ] 005/225 VUs  05m06.8s/12m0s  30.00 iters/s

running (05m07.9s), 004/225 VUs, 5730 complete and 0 interrupted iterations
openloop_spike   [  43% ] 004/225 VUs  05m07.8s/12m0s  30.00 iters/s

running (05m08.9s), 013/225 VUs, 5751 complete and 0 interrupted iterations
openloop_spike   [  43% ] 013/225 VUs  05m08.8s/12m0s  30.00 iters/s

running (05m09.9s), 005/225 VUs, 5789 complete and 0 interrupted iterations
openloop_spike   [  43% ] 005/225 VUs  05m09.8s/12m0s  30.00 iters/s

running (05m10.9s), 003/225 VUs, 5821 complete and 0 interrupted iterations
openloop_spike   [  43% ] 003/225 VUs  05m10.8s/12m0s  30.00 iters/s

running (05m11.9s), 003/225 VUs, 5851 complete and 0 interrupted iterations
openloop_spike   [  43% ] 003/225 VUs  05m11.8s/12m0s  30.00 iters/s

running (05m12.9s), 003/225 VUs, 5881 complete and 0 interrupted iterations
openloop_spike   [  43% ] 003/225 VUs  05m12.8s/12m0s  30.00 iters/s

running (05m13.9s), 003/225 VUs, 5911 complete and 0 interrupted iterations
openloop_spike   [  44% ] 003/225 VUs  05m13.8s/12m0s  30.00 iters/s

running (05m14.9s), 004/225 VUs, 5940 complete and 0 interrupted iterations
openloop_spike   [  44% ] 004/225 VUs  05m14.8s/12m0s  30.00 iters/s

running (05m15.9s), 003/225 VUs, 5971 complete and 0 interrupted iterations
openloop_spike   [  44% ] 003/225 VUs  05m15.8s/12m0s  30.00 iters/s

running (05m16.9s), 010/225 VUs, 5994 complete and 0 interrupted iterations
openloop_spike   [  44% ] 010/225 VUs  05m16.8s/12m0s  30.00 iters/s

running (05m17.9s), 006/225 VUs, 6028 complete and 0 interrupted iterations
openloop_spike   [  44% ] 006/225 VUs  05m17.8s/12m0s  30.00 iters/s

running (05m18.9s), 002/225 VUs, 6062 complete and 0 interrupted iterations
openloop_spike   [  44% ] 002/225 VUs  05m18.8s/12m0s  30.00 iters/s

running (05m19.9s), 003/225 VUs, 6091 complete and 0 interrupted iterations
openloop_spike   [  44% ] 003/225 VUs  05m19.8s/12m0s  30.00 iters/s

running (05m20.9s), 004/225 VUs, 6120 complete and 0 interrupted iterations
openloop_spike   [  45% ] 004/225 VUs  05m20.8s/12m0s  30.00 iters/s

running (05m21.9s), 002/225 VUs, 6152 complete and 0 interrupted iterations
openloop_spike   [  45% ] 002/225 VUs  05m21.8s/12m0s  30.00 iters/s

running (05m22.9s), 002/225 VUs, 6182 complete and 0 interrupted iterations
openloop_spike   [  45% ] 002/225 VUs  05m22.8s/12m0s  30.00 iters/s

running (05m23.9s), 001/225 VUs, 6213 complete and 0 interrupted iterations
openloop_spike   [  45% ] 001/225 VUs  05m23.8s/12m0s  30.00 iters/s

running (05m24.9s), 005/225 VUs, 6239 complete and 0 interrupted iterations
openloop_spike   [  45% ] 005/225 VUs  05m24.8s/12m0s  30.00 iters/s

running (05m25.9s), 004/225 VUs, 6270 complete and 0 interrupted iterations
openloop_spike   [  45% ] 004/225 VUs  05m25.8s/12m0s  30.00 iters/s

running (05m26.9s), 004/225 VUs, 6300 complete and 0 interrupted iterations
openloop_spike   [  45% ] 004/225 VUs  05m26.8s/12m0s  30.00 iters/s

running (05m27.9s), 003/225 VUs, 6331 complete and 0 interrupted iterations
openloop_spike   [  46% ] 003/225 VUs  05m27.8s/12m0s  30.00 iters/s

running (05m28.9s), 001/225 VUs, 6363 complete and 0 interrupted iterations
openloop_spike   [  46% ] 001/225 VUs  05m28.8s/12m0s  30.00 iters/s

running (05m29.9s), 004/225 VUs, 6390 complete and 0 interrupted iterations
openloop_spike   [  46% ] 004/225 VUs  05m29.8s/12m0s  30.00 iters/s

running (05m30.9s), 001/225 VUs, 6423 complete and 0 interrupted iterations
openloop_spike   [  46% ] 001/225 VUs  05m30.8s/12m0s  30.00 iters/s

running (05m31.9s), 003/225 VUs, 6451 complete and 0 interrupted iterations
openloop_spike   [  46% ] 003/225 VUs  05m31.8s/12m0s  30.00 iters/s

running (05m32.9s), 003/225 VUs, 6481 complete and 0 interrupted iterations
openloop_spike   [  46% ] 003/225 VUs  05m32.8s/12m0s  30.00 iters/s

running (05m33.9s), 008/225 VUs, 6506 complete and 0 interrupted iterations
openloop_spike   [  46% ] 008/225 VUs  05m33.8s/12m0s  30.00 iters/s

running (05m34.9s), 006/225 VUs, 6538 complete and 0 interrupted iterations
openloop_spike   [  47% ] 006/225 VUs  05m34.8s/12m0s  30.00 iters/s

running (05m35.9s), 006/225 VUs, 6568 complete and 0 interrupted iterations
openloop_spike   [  47% ] 006/225 VUs  05m35.8s/12m0s  30.00 iters/s

running (05m36.9s), 012/225 VUs, 6592 complete and 0 interrupted iterations
openloop_spike   [  47% ] 012/225 VUs  05m36.8s/12m0s  30.00 iters/s

running (05m37.9s), 016/225 VUs, 6618 complete and 0 interrupted iterations
openloop_spike   [  47% ] 016/225 VUs  05m37.8s/12m0s  30.00 iters/s

running (05m38.9s), 013/225 VUs, 6651 complete and 0 interrupted iterations
openloop_spike   [  47% ] 013/225 VUs  05m38.8s/12m0s  30.00 iters/s

running (05m39.9s), 015/225 VUs, 6679 complete and 0 interrupted iterations
openloop_spike   [  47% ] 015/225 VUs  05m39.8s/12m0s  30.00 iters/s

running (05m40.9s), 015/225 VUs, 6709 complete and 0 interrupted iterations
openloop_spike   [  47% ] 015/225 VUs  05m40.8s/12m0s  30.00 iters/s

running (05m41.9s), 013/225 VUs, 6741 complete and 0 interrupted iterations
openloop_spike   [  47% ] 013/225 VUs  05m41.8s/12m0s  30.00 iters/s
time="2026-10-06T18:11:39Z" level=warning msg="Request Failed" error="Post \"http://auth-service.ecommerce.svc.cluster.local:8001/auth/login\": request timeout"

running (05m42.9s), 011/225 VUs, 6773 complete and 0 interrupted iterations
openloop_spike   [  48% ] 011/225 VUs  05m42.8s/12m0s  30.00 iters/s

running (05m43.9s), 009/225 VUs, 6805 complete and 0 interrupted iterations
openloop_spike   [  48% ] 009/225 VUs  05m43.8s/12m0s  30.00 iters/s
time="2026-10-06T18:11:41Z" level=warning msg="Request Failed" error="Post \"http://auth-service.ecommerce.svc.cluster.local:8001/auth/login\": request timeout"
time="2026-10-06T18:11:41Z" level=warning msg="Request Failed" error="Post \"http://auth-service.ecommerce.svc.cluster.local:8001/auth/login\": request timeout"

running (05m44.9s), 007/225 VUs, 6837 complete and 0 interrupted iterations
openloop_spike   [  48% ] 007/225 VUs  05m44.8s/12m0s  30.00 iters/s

running (05m45.9s), 004/225 VUs, 6870 complete and 0 interrupted iterations
openloop_spike   [  48% ] 004/225 VUs  05m45.8s/12m0s  30.00 iters/s

running (05m46.9s), 004/225 VUs, 6900 complete and 0 interrupted iterations
openloop_spike   [  48% ] 004/225 VUs  05m46.8s/12m0s  30.00 iters/s

running (05m47.9s), 002/225 VUs, 6932 complete and 0 interrupted iterations
openloop_spike   [  48% ] 002/225 VUs  05m47.8s/12m0s  30.00 iters/s

running (05m48.9s), 001/225 VUs, 6963 complete and 0 interrupted iterations
openloop_spike   [  48% ] 001/225 VUs  05m48.8s/12m0s  30.00 iters/s

running (05m49.9s), 002/225 VUs, 6992 complete and 0 interrupted iterations
openloop_spike   [  49% ] 002/225 VUs  05m49.8s/12m0s  30.00 iters/s

running (05m50.9s), 009/225 VUs, 7015 complete and 0 interrupted iterations
openloop_spike   [  49% ] 009/225 VUs  05m50.8s/12m0s  30.00 iters/s

running (05m51.9s), 004/225 VUs, 7050 complete and 0 interrupted iterations
openloop_spike   [  49% ] 004/225 VUs  05m51.8s/12m0s  30.00 iters/s

running (05m52.9s), 008/225 VUs, 7076 complete and 0 interrupted iterations
openloop_spike   [  49% ] 008/225 VUs  05m52.8s/12m0s  30.00 iters/s

running (05m53.9s), 001/225 VUs, 7113 complete and 0 interrupted iterations
openloop_spike   [  49% ] 001/225 VUs  05m53.8s/12m0s  30.00 iters/s

running (05m54.9s), 002/225 VUs, 7142 complete and 0 interrupted iterations
openloop_spike   [  49% ] 002/225 VUs  05m54.8s/12m0s  30.00 iters/s

running (05m55.9s), 002/225 VUs, 7172 complete and 0 interrupted iterations
openloop_spike   [  49% ] 002/225 VUs  05m55.8s/12m0s  30.00 iters/s

running (05m56.9s), 005/225 VUs, 7199 complete and 0 interrupted iterations
openloop_spike   [  50% ] 005/225 VUs  05m56.8s/12m0s  30.00 iters/s

running (05m57.9s), 008/225 VUs, 7226 complete and 0 interrupted iterations
openloop_spike   [  50% ] 008/225 VUs  05m57.8s/12m0s  30.00 iters/s

running (05m58.9s), 007/225 VUs, 7257 complete and 0 interrupted iterations
openloop_spike   [  50% ] 007/225 VUs  05m58.8s/12m0s  30.00 iters/s

running (05m59.9s), 003/225 VUs, 7291 complete and 0 interrupted iterations
openloop_spike   [  50% ] 003/225 VUs  05m59.8s/12m0s  30.00 iters/s

running (06m00.9s), 004/225 VUs, 7320 complete and 0 interrupted iterations
openloop_spike   [  50% ] 004/225 VUs  06m00.8s/12m0s  30.00 iters/s

running (06m01.9s), 005/225 VUs, 7349 complete and 0 interrupted iterations
openloop_spike   [  50% ] 005/225 VUs  06m01.8s/12m0s  30.00 iters/s

running (06m02.9s), 010/225 VUs, 7374 complete and 0 interrupted iterations
openloop_spike   [  50% ] 010/225 VUs  06m02.8s/12m0s  30.00 iters/s

running (06m03.9s), 008/225 VUs, 7406 complete and 0 interrupted iterations
openloop_spike   [  51% ] 008/225 VUs  06m03.8s/12m0s  30.00 iters/s

running (06m04.9s), 006/225 VUs, 7438 complete and 0 interrupted iterations
openloop_spike   [  51% ] 006/225 VUs  06m04.8s/12m0s  30.00 iters/s

running (06m05.9s), 007/225 VUs, 7467 complete and 0 interrupted iterations
openloop_spike   [  51% ] 007/225 VUs  06m05.8s/12m0s  30.00 iters/s

running (06m06.9s), 007/225 VUs, 7497 complete and 0 interrupted iterations
openloop_spike   [  51% ] 007/225 VUs  06m06.8s/12m0s  30.00 iters/s

running (06m07.9s), 004/225 VUs, 7530 complete and 0 interrupted iterations
openloop_spike   [  51% ] 004/225 VUs  06m07.8s/12m0s  30.00 iters/s

running (06m08.9s), 001/225 VUs, 7563 complete and 0 interrupted iterations
openloop_spike   [  51% ] 001/225 VUs  06m08.8s/12m0s  30.00 iters/s

running (06m09.9s), 002/225 VUs, 7592 complete and 0 interrupted iterations
openloop_spike   [  51% ] 002/225 VUs  06m09.8s/12m0s  30.00 iters/s

running (06m10.9s), 002/225 VUs, 7622 complete and 0 interrupted iterations
openloop_spike   [  52% ] 002/225 VUs  06m10.8s/12m0s  30.00 iters/s

running (06m11.9s), 002/225 VUs, 7652 complete and 0 interrupted iterations
openloop_spike   [  52% ] 002/225 VUs  06m11.8s/12m0s  30.00 iters/s

running (06m12.9s), 003/225 VUs, 7681 complete and 0 interrupted iterations
openloop_spike   [  52% ] 003/225 VUs  06m12.8s/12m0s  30.00 iters/s

running (06m13.9s), 006/225 VUs, 7708 complete and 0 interrupted iterations
openloop_spike   [  52% ] 006/225 VUs  06m13.8s/12m0s  30.00 iters/s

running (06m14.9s), 005/225 VUs, 7739 complete and 0 interrupted iterations
openloop_spike   [  52% ] 005/225 VUs  06m14.8s/12m0s  30.00 iters/s

running (06m15.9s), 004/225 VUs, 7770 complete and 0 interrupted iterations
openloop_spike   [  52% ] 004/225 VUs  06m15.8s/12m0s  30.00 iters/s

running (06m16.9s), 004/225 VUs, 7800 complete and 0 interrupted iterations
openloop_spike   [  52% ] 004/225 VUs  06m16.8s/12m0s  30.00 iters/s

running (06m17.9s), 004/225 VUs, 7830 complete and 0 interrupted iterations
openloop_spike   [  52% ] 004/225 VUs  06m17.8s/12m0s  30.00 iters/s

running (06m18.9s), 003/225 VUs, 7861 complete and 0 interrupted iterations
openloop_spike   [  53% ] 003/225 VUs  06m18.8s/12m0s  30.00 iters/s

running (06m19.9s), 006/225 VUs, 7888 complete and 0 interrupted iterations
openloop_spike   [  53% ] 006/225 VUs  06m19.8s/12m0s  30.00 iters/s

running (06m20.9s), 005/225 VUs, 7919 complete and 0 interrupted iterations
openloop_spike   [  53% ] 005/225 VUs  06m20.8s/12m0s  30.00 iters/s

running (06m21.9s), 004/225 VUs, 7950 complete and 0 interrupted iterations
openloop_spike   [  53% ] 004/225 VUs  06m21.8s/12m0s  30.00 iters/s

running (06m22.9s), 005/225 VUs, 7979 complete and 0 interrupted iterations
openloop_spike   [  53% ] 005/225 VUs  06m22.8s/12m0s  30.00 iters/s

running (06m23.9s), 003/225 VUs, 8011 complete and 0 interrupted iterations
openloop_spike   [  53% ] 003/225 VUs  06m23.8s/12m0s  30.00 iters/s

running (06m24.9s), 003/225 VUs, 8041 complete and 0 interrupted iterations
openloop_spike   [  53% ] 003/225 VUs  06m24.8s/12m0s  30.00 iters/s

running (06m25.9s), 003/225 VUs, 8071 complete and 0 interrupted iterations
openloop_spike   [  54% ] 003/225 VUs  06m25.8s/12m0s  30.00 iters/s

running (06m26.9s), 003/225 VUs, 8101 complete and 0 interrupted iterations
openloop_spike   [  54% ] 003/225 VUs  06m26.8s/12m0s  30.00 iters/s

running (06m27.9s), 007/225 VUs, 8127 complete and 0 interrupted iterations
openloop_spike   [  54% ] 007/225 VUs  06m27.8s/12m0s  30.00 iters/s

running (06m28.9s), 002/225 VUs, 8162 complete and 0 interrupted iterations
openloop_spike   [  54% ] 002/225 VUs  06m28.8s/12m0s  30.00 iters/s

running (06m29.9s), 002/225 VUs, 8192 complete and 0 interrupted iterations
openloop_spike   [  54% ] 002/225 VUs  06m29.8s/12m0s  30.00 iters/s

running (06m30.9s), 003/225 VUs, 8221 complete and 0 interrupted iterations
openloop_spike   [  54% ] 003/225 VUs  06m30.8s/12m0s  30.00 iters/s

running (06m31.9s), 002/225 VUs, 8252 complete and 0 interrupted iterations
openloop_spike   [  54% ] 002/225 VUs  06m31.8s/12m0s  30.00 iters/s

running (06m32.9s), 007/225 VUs, 8277 complete and 0 interrupted iterations
openloop_spike   [  55% ] 007/225 VUs  06m32.8s/12m0s  30.00 iters/s

running (06m33.9s), 004/225 VUs, 8310 complete and 0 interrupted iterations
openloop_spike   [  55% ] 004/225 VUs  06m33.8s/12m0s  30.00 iters/s

running (06m34.9s), 004/225 VUs, 8340 complete and 0 interrupted iterations
openloop_spike   [  55% ] 004/225 VUs  06m34.8s/12m0s  30.00 iters/s

running (06m35.9s), 002/225 VUs, 8372 complete and 0 interrupted iterations
openloop_spike   [  55% ] 002/225 VUs  06m35.8s/12m0s  30.00 iters/s

running (06m36.9s), 004/225 VUs, 8400 complete and 0 interrupted iterations
openloop_spike   [  55% ] 004/225 VUs  06m36.8s/12m0s  30.00 iters/s

running (06m37.9s), 006/225 VUs, 8428 complete and 0 interrupted iterations
openloop_spike   [  55% ] 006/225 VUs  06m37.8s/12m0s  30.00 iters/s

running (06m38.9s), 006/225 VUs, 8458 complete and 0 interrupted iterations
openloop_spike   [  55% ] 006/225 VUs  06m38.8s/12m0s  30.00 iters/s

running (06m39.9s), 006/225 VUs, 8488 complete and 0 interrupted iterations
openloop_spike   [  56% ] 006/225 VUs  06m39.8s/12m0s  30.00 iters/s

running (06m40.9s), 007/225 VUs, 8517 complete and 0 interrupted iterations
openloop_spike   [  56% ] 007/225 VUs  06m40.8s/12m0s  30.00 iters/s

running (06m41.9s), 010/225 VUs, 8544 complete and 0 interrupted iterations
openloop_spike   [  56% ] 010/225 VUs  06m41.8s/12m0s  30.00 iters/s

running (06m42.9s), 010/225 VUs, 8574 complete and 0 interrupted iterations
openloop_spike   [  56% ] 010/225 VUs  06m42.8s/12m0s  30.00 iters/s

running (06m43.9s), 012/225 VUs, 8602 complete and 0 interrupted iterations
openloop_spike   [  56% ] 012/225 VUs  06m43.8s/12m0s  30.00 iters/s

running (06m44.9s), 006/225 VUs, 8638 complete and 0 interrupted iterations
openloop_spike   [  56% ] 006/225 VUs  06m44.8s/12m0s  30.00 iters/s

running (06m45.9s), 007/225 VUs, 8667 complete and 0 interrupted iterations
openloop_spike   [  56% ] 007/225 VUs  06m45.8s/12m0s  30.00 iters/s

running (06m46.9s), 007/225 VUs, 8697 complete and 0 interrupted iterations
openloop_spike   [  57% ] 007/225 VUs  06m46.8s/12m0s  30.00 iters/s

running (06m47.9s), 009/225 VUs, 8725 complete and 0 interrupted iterations
openloop_spike   [  57% ] 009/225 VUs  06m47.8s/12m0s  30.00 iters/s

running (06m48.9s), 006/225 VUs, 8758 complete and 0 interrupted iterations
openloop_spike   [  57% ] 006/225 VUs  06m48.8s/12m0s  30.00 iters/s

running (06m49.9s), 007/225 VUs, 8787 complete and 0 interrupted iterations
openloop_spike   [  57% ] 007/225 VUs  06m49.8s/12m0s  30.00 iters/s

running (06m50.9s), 008/225 VUs, 8816 complete and 0 interrupted iterations
openloop_spike   [  57% ] 008/225 VUs  06m50.8s/12m0s  30.00 iters/s

running (06m51.9s), 005/225 VUs, 8849 complete and 0 interrupted iterations
openloop_spike   [  57% ] 005/225 VUs  06m51.8s/12m0s  30.00 iters/s

running (06m52.9s), 001/225 VUs, 8883 complete and 0 interrupted iterations
openloop_spike   [  57% ] 001/225 VUs  06m52.8s/12m0s  30.00 iters/s

running (06m53.9s), 003/225 VUs, 8911 complete and 0 interrupted iterations
openloop_spike   [  57% ] 003/225 VUs  06m53.8s/12m0s  30.00 iters/s

running (06m54.9s), 004/225 VUs, 8940 complete and 0 interrupted iterations
openloop_spike   [  58% ] 004/225 VUs  06m54.8s/12m0s  30.00 iters/s

running (06m55.9s), 002/225 VUs, 8972 complete and 0 interrupted iterations
openloop_spike   [  58% ] 002/225 VUs  06m55.8s/12m0s  30.00 iters/s

running (06m56.9s), 004/225 VUs, 9000 complete and 0 interrupted iterations
openloop_spike   [  58% ] 004/225 VUs  06m56.8s/12m0s  30.00 iters/s

running (06m57.9s), 003/225 VUs, 9031 complete and 0 interrupted iterations
openloop_spike   [  58% ] 003/225 VUs  06m57.8s/12m0s  30.00 iters/s

running (06m58.9s), 003/225 VUs, 9061 complete and 0 interrupted iterations
openloop_spike   [  58% ] 003/225 VUs  06m58.8s/12m0s  30.00 iters/s

running (06m59.9s), 003/225 VUs, 9091 complete and 0 interrupted iterations
openloop_spike   [  58% ] 003/225 VUs  06m59.8s/12m0s  30.00 iters/s

running (07m00.9s), 002/225 VUs, 9122 complete and 0 interrupted iterations
openloop_spike   [  58% ] 002/225 VUs  07m00.8s/12m0s  30.00 iters/s

running (07m01.9s), 003/225 VUs, 9151 complete and 0 interrupted iterations
openloop_spike   [  59% ] 003/225 VUs  07m01.8s/12m0s  30.00 iters/s

running (07m02.9s), 003/225 VUs, 9181 complete and 0 interrupted iterations
openloop_spike   [  59% ] 003/225 VUs  07m02.8s/12m0s  30.00 iters/s

running (07m03.9s), 005/225 VUs, 9209 complete and 0 interrupted iterations
openloop_spike   [  59% ] 005/225 VUs  07m03.8s/12m0s  30.00 iters/s

running (07m04.9s), 006/225 VUs, 9238 complete and 0 interrupted iterations
openloop_spike   [  59% ] 006/225 VUs  07m04.8s/12m0s  30.00 iters/s

running (07m05.9s), 005/225 VUs, 9269 complete and 0 interrupted iterations
openloop_spike   [  59% ] 005/225 VUs  07m05.8s/12m0s  30.00 iters/s

running (07m06.9s), 005/225 VUs, 9299 complete and 0 interrupted iterations
openloop_spike   [  59% ] 005/225 VUs  07m06.8s/12m0s  30.00 iters/s

running (07m07.9s), 006/225 VUs, 9328 complete and 0 interrupted iterations
openloop_spike   [  59% ] 006/225 VUs  07m07.8s/12m0s  30.00 iters/s

running (07m08.9s), 005/225 VUs, 9359 complete and 0 interrupted iterations
openloop_spike   [  60% ] 005/225 VUs  07m08.8s/12m0s  30.00 iters/s

running (07m09.9s), 001/225 VUs, 9393 complete and 0 interrupted iterations
openloop_spike   [  60% ] 001/225 VUs  07m09.8s/12m0s  30.00 iters/s

running (07m10.9s), 003/225 VUs, 9421 complete and 0 interrupted iterations
openloop_spike   [  60% ] 003/225 VUs  07m10.8s/12m0s  30.00 iters/s

running (07m11.9s), 002/225 VUs, 9452 complete and 0 interrupted iterations
openloop_spike   [  60% ] 002/225 VUs  07m11.8s/12m0s  30.00 iters/s

running (07m12.9s), 005/225 VUs, 9479 complete and 0 interrupted iterations
openloop_spike   [  60% ] 005/225 VUs  07m12.8s/12m0s  30.00 iters/s

running (07m13.9s), 004/225 VUs, 9510 complete and 0 interrupted iterations
openloop_spike   [  60% ] 004/225 VUs  07m13.8s/12m0s  30.00 iters/s

running (07m14.9s), 005/225 VUs, 9539 complete and 0 interrupted iterations
openloop_spike   [  60% ] 005/225 VUs  07m14.8s/12m0s  30.00 iters/s

running (07m15.9s), 009/225 VUs, 9565 complete and 0 interrupted iterations
openloop_spike   [  61% ] 009/225 VUs  07m15.8s/12m0s  30.00 iters/s

running (07m16.9s), 006/225 VUs, 9598 complete and 0 interrupted iterations
openloop_spike   [  61% ] 006/225 VUs  07m16.8s/12m0s  30.00 iters/s

running (07m17.9s), 005/225 VUs, 9629 complete and 0 interrupted iterations
openloop_spike   [  61% ] 005/225 VUs  07m17.8s/12m0s  30.00 iters/s

running (07m18.9s), 004/225 VUs, 9660 complete and 0 interrupted iterations
openloop_spike   [  61% ] 004/225 VUs  07m18.8s/12m0s  30.00 iters/s

running (07m19.9s), 005/225 VUs, 9689 complete and 0 interrupted iterations
openloop_spike   [  61% ] 005/225 VUs  07m19.8s/12m0s  30.00 iters/s

running (07m20.9s), 001/225 VUs, 9723 complete and 0 interrupted iterations
openloop_spike   [  61% ] 001/225 VUs  07m20.8s/12m0s  30.00 iters/s

running (07m21.9s), 005/225 VUs, 9749 complete and 0 interrupted iterations
openloop_spike   [  61% ] 005/225 VUs  07m21.8s/12m0s  30.00 iters/s

running (07m22.9s), 005/225 VUs, 9779 complete and 0 interrupted iterations
openloop_spike   [  62% ] 005/225 VUs  07m22.8s/12m0s  30.00 iters/s

running (07m23.9s), 006/225 VUs, 9808 complete and 0 interrupted iterations
openloop_spike   [  62% ] 006/225 VUs  07m23.8s/12m0s  30.00 iters/s

running (07m24.9s), 004/225 VUs, 9840 complete and 0 interrupted iterations
openloop_spike   [  62% ] 004/225 VUs  07m24.8s/12m0s  30.00 iters/s

running (07m25.9s), 001/225 VUs, 9873 complete and 0 interrupted iterations
openloop_spike   [  62% ] 001/225 VUs  07m25.8s/12m0s  30.00 iters/s

running (07m26.9s), 007/225 VUs, 9897 complete and 0 interrupted iterations
openloop_spike   [  62% ] 007/225 VUs  07m26.8s/12m0s  30.00 iters/s

running (07m27.9s), 002/225 VUs, 9932 complete and 0 interrupted iterations
openloop_spike   [  62% ] 002/225 VUs  07m27.8s/12m0s  30.00 iters/s

running (07m28.9s), 008/225 VUs, 9956 complete and 0 interrupted iterations
openloop_spike   [  62% ] 008/225 VUs  07m28.8s/12m0s  30.00 iters/s

running (07m29.9s), 004/225 VUs, 9990 complete and 0 interrupted iterations
openloop_spike   [  62% ] 004/225 VUs  07m29.8s/12m0s  30.00 iters/s

running (07m30.9s), 007/225 VUs, 10017 complete and 0 interrupted iterations
openloop_spike   [  63% ] 007/225 VUs  07m30.8s/12m0s  30.00 iters/s

running (07m31.9s), 011/225 VUs, 10043 complete and 0 interrupted iterations
openloop_spike   [  63% ] 011/225 VUs  07m31.8s/12m0s  30.00 iters/s

running (07m32.9s), 009/225 VUs, 10075 complete and 0 interrupted iterations
openloop_spike   [  63% ] 009/225 VUs  07m32.8s/12m0s  30.00 iters/s

running (07m33.9s), 004/225 VUs, 10110 complete and 0 interrupted iterations
openloop_spike   [  63% ] 004/225 VUs  07m33.8s/12m0s  30.00 iters/s

running (07m34.9s), 006/225 VUs, 10138 complete and 0 interrupted iterations
openloop_spike   [  63% ] 006/225 VUs  07m34.8s/12m0s  30.00 iters/s

running (07m35.9s), 007/225 VUs, 10167 complete and 0 interrupted iterations
openloop_spike   [  63% ] 007/225 VUs  07m35.8s/12m0s  30.00 iters/s

running (07m36.9s), 004/225 VUs, 10200 complete and 0 interrupted iterations
openloop_spike   [  63% ] 004/225 VUs  07m36.8s/12m0s  30.00 iters/s

running (07m37.9s), 003/225 VUs, 10231 complete and 0 interrupted iterations
openloop_spike   [  64% ] 003/225 VUs  07m37.8s/12m0s  30.00 iters/s

running (07m38.9s), 001/225 VUs, 10263 complete and 0 interrupted iterations
openloop_spike   [  64% ] 001/225 VUs  07m38.8s/12m0s  30.00 iters/s

running (07m39.9s), 003/225 VUs, 10291 complete and 0 interrupted iterations
openloop_spike   [  64% ] 003/225 VUs  07m39.8s/12m0s  30.00 iters/s

running (07m40.9s), 004/225 VUs, 10320 complete and 0 interrupted iterations
openloop_spike   [  64% ] 004/225 VUs  07m40.8s/12m0s  30.00 iters/s

running (07m41.9s), 004/225 VUs, 10350 complete and 0 interrupted iterations
openloop_spike   [  64% ] 004/225 VUs  07m41.8s/12m0s  30.00 iters/s

running (07m42.9s), 001/225 VUs, 10383 complete and 0 interrupted iterations
openloop_spike   [  64% ] 001/225 VUs  07m42.8s/12m0s  30.00 iters/s

running (07m43.9s), 008/225 VUs, 10406 complete and 0 interrupted iterations
openloop_spike   [  64% ] 008/225 VUs  07m43.8s/12m0s  30.00 iters/s

running (07m44.9s), 006/225 VUs, 10438 complete and 0 interrupted iterations
openloop_spike   [  65% ] 006/225 VUs  07m44.8s/12m0s  30.00 iters/s

running (07m45.9s), 008/225 VUs, 10466 complete and 0 interrupted iterations
openloop_spike   [  65% ] 008/225 VUs  07m45.8s/12m0s  30.00 iters/s

running (07m46.9s), 004/225 VUs, 10500 complete and 0 interrupted iterations
openloop_spike   [  65% ] 004/225 VUs  07m46.8s/12m0s  30.00 iters/s

running (07m47.9s), 002/225 VUs, 10532 complete and 0 interrupted iterations
openloop_spike   [  65% ] 002/225 VUs  07m47.8s/12m0s  30.00 iters/s

running (07m48.9s), 001/225 VUs, 10563 complete and 0 interrupted iterations
openloop_spike   [  65% ] 001/225 VUs  07m48.8s/12m0s  30.00 iters/s

running (07m49.9s), 003/225 VUs, 10591 complete and 0 interrupted iterations
openloop_spike   [  65% ] 003/225 VUs  07m49.8s/12m0s  30.00 iters/s

running (07m50.9s), 005/225 VUs, 10619 complete and 0 interrupted iterations
openloop_spike   [  65% ] 005/225 VUs  07m50.8s/12m0s  30.00 iters/s

running (07m51.9s), 003/225 VUs, 10651 complete and 0 interrupted iterations
openloop_spike   [  66% ] 003/225 VUs  07m51.8s/12m0s  30.00 iters/s

running (07m52.9s), 004/225 VUs, 10680 complete and 0 interrupted iterations
openloop_spike   [  66% ] 004/225 VUs  07m52.8s/12m0s  30.00 iters/s

running (07m53.9s), 005/225 VUs, 10709 complete and 0 interrupted iterations
openloop_spike   [  66% ] 005/225 VUs  07m53.8s/12m0s  30.00 iters/s

running (07m54.9s), 004/225 VUs, 10740 complete and 0 interrupted iterations
openloop_spike   [  66% ] 004/225 VUs  07m54.8s/12m0s  30.00 iters/s

running (07m55.9s), 002/225 VUs, 10772 complete and 0 interrupted iterations
openloop_spike   [  66% ] 002/225 VUs  07m55.8s/12m0s  30.00 iters/s

running (07m56.9s), 001/225 VUs, 10803 complete and 0 interrupted iterations
openloop_spike   [  66% ] 001/225 VUs  07m56.8s/12m0s  30.00 iters/s

running (07m57.9s), 002/225 VUs, 10832 complete and 0 interrupted iterations
openloop_spike   [  66% ] 002/225 VUs  07m57.8s/12m0s  30.00 iters/s

running (07m58.9s), 003/225 VUs, 10861 complete and 0 interrupted iterations
openloop_spike   [  67% ] 003/225 VUs  07m58.8s/12m0s  30.00 iters/s

running (07m59.9s), 003/225 VUs, 10891 complete and 0 interrupted iterations
openloop_spike   [  67% ] 003/225 VUs  07m59.8s/12m0s  30.00 iters/s

running (08m00.9s), 007/225 VUs, 10917 complete and 0 interrupted iterations
openloop_spike   [  67% ] 007/225 VUs  08m00.8s/12m0s  30.00 iters/s

running (08m01.9s), 004/225 VUs, 10950 complete and 0 interrupted iterations
openloop_spike   [  67% ] 004/225 VUs  08m01.8s/12m0s  30.00 iters/s

running (08m02.9s), 009/225 VUs, 10975 complete and 0 interrupted iterations
openloop_spike   [  67% ] 009/225 VUs  08m02.8s/12m0s  30.00 iters/s

running (08m03.9s), 004/225 VUs, 11010 complete and 0 interrupted iterations
openloop_spike   [  67% ] 004/225 VUs  08m03.8s/12m0s  30.00 iters/s

running (08m04.9s), 005/225 VUs, 11039 complete and 0 interrupted iterations
openloop_spike   [  67% ] 005/225 VUs  08m04.8s/12m0s  30.00 iters/s

running (08m05.9s), 002/225 VUs, 11072 complete and 0 interrupted iterations
openloop_spike   [  67% ] 002/225 VUs  08m05.8s/12m0s  30.00 iters/s

running (08m06.9s), 004/225 VUs, 11100 complete and 0 interrupted iterations
openloop_spike   [  68% ] 004/225 VUs  08m06.8s/12m0s  30.00 iters/s

running (08m07.9s), 005/225 VUs, 11129 complete and 0 interrupted iterations
openloop_spike   [  68% ] 005/225 VUs  08m07.8s/12m0s  30.00 iters/s

running (08m08.9s), 006/225 VUs, 11158 complete and 0 interrupted iterations
openloop_spike   [  68% ] 006/225 VUs  08m08.8s/12m0s  30.00 iters/s

running (08m09.9s), 003/225 VUs, 11191 complete and 0 interrupted iterations
openloop_spike   [  68% ] 003/225 VUs  08m09.8s/12m0s  30.00 iters/s

running (08m10.9s), 003/225 VUs, 11221 complete and 0 interrupted iterations
openloop_spike   [  68% ] 003/225 VUs  08m10.8s/12m0s  30.00 iters/s

running (08m11.9s), 006/225 VUs, 11248 complete and 0 interrupted iterations
openloop_spike   [  68% ] 006/225 VUs  08m11.8s/12m0s  30.00 iters/s

running (08m12.9s), 003/225 VUs, 11281 complete and 0 interrupted iterations
openloop_spike   [  68% ] 003/225 VUs  08m12.8s/12m0s  30.00 iters/s

running (08m13.9s), 003/225 VUs, 11311 complete and 0 interrupted iterations
openloop_spike   [  69% ] 003/225 VUs  08m13.8s/12m0s  30.00 iters/s

running (08m14.9s), 005/225 VUs, 11339 complete and 0 interrupted iterations
openloop_spike   [  69% ] 005/225 VUs  08m14.8s/12m0s  30.00 iters/s

running (08m15.9s), 003/225 VUs, 11371 complete and 0 interrupted iterations
openloop_spike   [  69% ] 003/225 VUs  08m15.8s/12m0s  30.00 iters/s

running (08m16.9s), 004/225 VUs, 11400 complete and 0 interrupted iterations
openloop_spike   [  69% ] 004/225 VUs  08m16.8s/12m0s  30.00 iters/s

running (08m17.9s), 002/225 VUs, 11432 complete and 0 interrupted iterations
openloop_spike   [  69% ] 002/225 VUs  08m17.8s/12m0s  30.00 iters/s

running (08m18.9s), 005/225 VUs, 11459 complete and 0 interrupted iterations
openloop_spike   [  69% ] 005/225 VUs  08m18.8s/12m0s  30.00 iters/s

running (08m19.9s), 001/225 VUs, 11493 complete and 0 interrupted iterations
openloop_spike   [  69% ] 001/225 VUs  08m19.8s/12m0s  30.00 iters/s

running (08m20.9s), 003/225 VUs, 11521 complete and 0 interrupted iterations
openloop_spike   [  70% ] 003/225 VUs  08m20.8s/12m0s  30.00 iters/s

running (08m21.9s), 004/225 VUs, 11550 complete and 0 interrupted iterations
openloop_spike   [  70% ] 004/225 VUs  08m21.8s/12m0s  30.00 iters/s

running (08m22.9s), 003/225 VUs, 11581 complete and 0 interrupted iterations
openloop_spike   [  70% ] 003/225 VUs  08m22.8s/12m0s  30.00 iters/s

running (08m23.9s), 005/225 VUs, 11609 complete and 0 interrupted iterations
openloop_spike   [  70% ] 005/225 VUs  08m23.8s/12m0s  30.00 iters/s

running (08m24.9s), 002/225 VUs, 11642 complete and 0 interrupted iterations
openloop_spike   [  70% ] 002/225 VUs  08m24.8s/12m0s  30.00 iters/s

running (08m25.9s), 005/225 VUs, 11669 complete and 0 interrupted iterations
openloop_spike   [  70% ] 005/225 VUs  08m25.8s/12m0s  30.00 iters/s

running (08m26.9s), 008/225 VUs, 11696 complete and 0 interrupted iterations
openloop_spike   [  70% ] 008/225 VUs  08m26.8s/12m0s  30.00 iters/s

running (08m27.9s), 010/225 VUs, 11724 complete and 0 interrupted iterations
openloop_spike   [  71% ] 010/225 VUs  08m27.8s/12m0s  30.00 iters/s

running (08m28.9s), 006/225 VUs, 11758 complete and 0 interrupted iterations
openloop_spike   [  71% ] 006/225 VUs  08m28.8s/12m0s  30.00 iters/s

running (08m29.9s), 004/225 VUs, 11790 complete and 0 interrupted iterations
openloop_spike   [  71% ] 004/225 VUs  08m29.8s/12m0s  30.00 iters/s

running (08m30.9s), 002/225 VUs, 11822 complete and 0 interrupted iterations
openloop_spike   [  71% ] 002/225 VUs  08m30.8s/12m0s  30.00 iters/s

running (08m31.9s), 006/225 VUs, 11848 complete and 0 interrupted iterations
openloop_spike   [  71% ] 006/225 VUs  08m31.8s/12m0s  30.00 iters/s

running (08m32.9s), 009/225 VUs, 11875 complete and 0 interrupted iterations
openloop_spike   [  71% ] 009/225 VUs  08m32.8s/12m0s  30.00 iters/s

running (08m33.9s), 008/225 VUs, 11906 complete and 0 interrupted iterations
openloop_spike   [  71% ] 008/225 VUs  08m33.8s/12m0s  30.00 iters/s

running (08m34.9s), 008/225 VUs, 11936 complete and 0 interrupted iterations
openloop_spike   [  72% ] 008/225 VUs  08m34.8s/12m0s  30.00 iters/s

running (08m35.9s), 006/225 VUs, 11968 complete and 0 interrupted iterations
openloop_spike   [  72% ] 006/225 VUs  08m35.8s/12m0s  30.00 iters/s

running (08m36.9s), 007/225 VUs, 11997 complete and 0 interrupted iterations
openloop_spike   [  72% ] 007/225 VUs  08m36.8s/12m0s  30.00 iters/s

running (08m37.9s), 005/225 VUs, 12029 complete and 0 interrupted iterations
openloop_spike   [  72% ] 005/225 VUs  08m37.8s/12m0s  30.00 iters/s

running (08m38.9s), 001/225 VUs, 12063 complete and 0 interrupted iterations
openloop_spike   [  72% ] 001/225 VUs  08m38.8s/12m0s  30.00 iters/s

running (08m39.9s), 001/225 VUs, 12093 complete and 0 interrupted iterations
openloop_spike   [  72% ] 001/225 VUs  08m39.8s/12m0s  30.00 iters/s

running (08m40.9s), 005/225 VUs, 12119 complete and 0 interrupted iterations
openloop_spike   [  72% ] 005/225 VUs  08m40.8s/12m0s  30.00 iters/s

running (08m41.9s), 005/225 VUs, 12149 complete and 0 interrupted iterations
openloop_spike   [  72% ] 005/225 VUs  08m41.8s/12m0s  30.00 iters/s

running (08m42.9s), 008/225 VUs, 12176 complete and 0 interrupted iterations
openloop_spike   [  73% ] 008/225 VUs  08m42.8s/12m0s  30.00 iters/s

running (08m43.9s), 002/225 VUs, 12212 complete and 0 interrupted iterations
openloop_spike   [  73% ] 002/225 VUs  08m43.8s/12m0s  30.00 iters/s

running (08m44.9s), 003/225 VUs, 12241 complete and 0 interrupted iterations
openloop_spike   [  73% ] 003/225 VUs  08m44.8s/12m0s  30.00 iters/s

running (08m45.9s), 004/225 VUs, 12270 complete and 0 interrupted iterations
openloop_spike   [  73% ] 004/225 VUs  08m45.8s/12m0s  30.00 iters/s

running (08m46.9s), 003/225 VUs, 12301 complete and 0 interrupted iterations
openloop_spike   [  73% ] 003/225 VUs  08m46.8s/12m0s  30.00 iters/s

running (08m47.9s), 004/225 VUs, 12330 complete and 0 interrupted iterations
openloop_spike   [  73% ] 004/225 VUs  08m47.8s/12m0s  30.00 iters/s

running (08m48.9s), 002/225 VUs, 12362 complete and 0 interrupted iterations
openloop_spike   [  73% ] 002/225 VUs  08m48.8s/12m0s  30.00 iters/s

running (08m49.9s), 004/225 VUs, 12390 complete and 0 interrupted iterations
openloop_spike   [  74% ] 004/225 VUs  08m49.8s/12m0s  30.00 iters/s

running (08m50.9s), 005/225 VUs, 12419 complete and 0 interrupted iterations
openloop_spike   [  74% ] 005/225 VUs  08m50.8s/12m0s  30.00 iters/s

running (08m51.9s), 005/225 VUs, 12449 complete and 0 interrupted iterations
openloop_spike   [  74% ] 005/225 VUs  08m51.8s/12m0s  30.00 iters/s

running (08m52.9s), 010/225 VUs, 12474 complete and 0 interrupted iterations
openloop_spike   [  74% ] 010/225 VUs  08m52.8s/12m0s  30.00 iters/s

running (08m53.9s), 003/225 VUs, 12511 complete and 0 interrupted iterations
openloop_spike   [  74% ] 003/225 VUs  08m53.8s/12m0s  30.00 iters/s

running (08m54.9s), 001/225 VUs, 12543 complete and 0 interrupted iterations
openloop_spike   [  74% ] 001/225 VUs  08m54.8s/12m0s  30.00 iters/s

running (08m55.9s), 006/225 VUs, 12568 complete and 0 interrupted iterations
openloop_spike   [  74% ] 006/225 VUs  08m55.8s/12m0s  30.00 iters/s

running (08m56.9s), 006/225 VUs, 12598 complete and 0 interrupted iterations
openloop_spike   [  75% ] 006/225 VUs  08m56.8s/12m0s  30.00 iters/s

running (08m57.9s), 007/225 VUs, 12627 complete and 0 interrupted iterations
openloop_spike   [  75% ] 007/225 VUs  08m57.8s/12m0s  30.00 iters/s

running (08m58.9s), 011/225 VUs, 12653 complete and 0 interrupted iterations
openloop_spike   [  75% ] 011/225 VUs  08m58.8s/12m0s  30.00 iters/s

running (08m59.9s), 007/225 VUs, 12687 complete and 0 interrupted iterations
openloop_spike   [  75% ] 007/225 VUs  08m59.8s/12m0s  30.00 iters/s

running (09m00.9s), 005/225 VUs, 12719 complete and 0 interrupted iterations
openloop_spike   [  75% ] 005/225 VUs  09m00.8s/12m0s  29.86 iters/s

running (09m01.9s), 002/225 VUs, 12751 complete and 0 interrupted iterations
openloop_spike   [  75% ] 002/225 VUs  09m01.8s/12m0s  29.70 iters/s

running (09m02.9s), 005/225 VUs, 12778 complete and 0 interrupted iterations
openloop_spike   [  75% ] 005/225 VUs  09m02.8s/12m0s  29.53 iters/s

running (09m03.9s), 002/225 VUs, 12810 complete and 0 interrupted iterations
openloop_spike   [  76% ] 002/225 VUs  09m03.8s/12m0s  29.37 iters/s

running (09m04.9s), 005/225 VUs, 12837 complete and 0 interrupted iterations
openloop_spike   [  76% ] 005/225 VUs  09m04.8s/12m0s  29.20 iters/s

running (09m05.9s), 005/225 VUs, 12866 complete and 0 interrupted iterations
openloop_spike   [  76% ] 005/225 VUs  09m05.8s/12m0s  29.03 iters/s

running (09m06.9s), 005/225 VUs, 12895 complete and 0 interrupted iterations
openloop_spike   [  76% ] 005/225 VUs  09m06.8s/12m0s  28.86 iters/s

running (09m07.9s), 008/225 VUs, 12921 complete and 0 interrupted iterations
openloop_spike   [  76% ] 008/225 VUs  09m07.8s/12m0s  28.70 iters/s

running (09m08.9s), 004/225 VUs, 12953 complete and 0 interrupted iterations
openloop_spike   [  76% ] 004/225 VUs  09m08.8s/12m0s  28.53 iters/s

running (09m09.9s), 001/225 VUs, 12985 complete and 0 interrupted iterations
openloop_spike   [  76% ] 001/225 VUs  09m09.8s/12m0s  28.36 iters/s

running (09m10.9s), 004/225 VUs, 13010 complete and 0 interrupted iterations
openloop_spike   [  77% ] 004/225 VUs  09m10.8s/12m0s  28.20 iters/s

running (09m11.9s), 010/225 VUs, 13032 complete and 0 interrupted iterations
openloop_spike   [  77% ] 010/225 VUs  09m11.8s/12m0s  28.03 iters/s

running (09m12.9s), 007/225 VUs, 13063 complete and 0 interrupted iterations
openloop_spike   [  77% ] 007/225 VUs  09m12.8s/12m0s  27.87 iters/s

running (09m13.9s), 008/225 VUs, 13090 complete and 0 interrupted iterations
openloop_spike   [  77% ] 008/225 VUs  09m13.8s/12m0s  27.70 iters/s

running (09m14.9s), 002/225 VUs, 13123 complete and 0 interrupted iterations
openloop_spike   [  77% ] 002/225 VUs  09m14.8s/12m0s  27.53 iters/s

running (09m15.9s), 004/225 VUs, 13149 complete and 0 interrupted iterations
openloop_spike   [  77% ] 004/225 VUs  09m15.8s/12m0s  27.36 iters/s

running (09m16.9s), 006/225 VUs, 13174 complete and 0 interrupted iterations
openloop_spike   [  77% ] 006/225 VUs  09m16.8s/12m0s  27.20 iters/s

running (09m17.9s), 004/225 VUs, 13203 complete and 0 interrupted iterations
openloop_spike   [  77% ] 004/225 VUs  09m17.8s/12m0s  27.03 iters/s

running (09m18.9s), 004/225 VUs, 13230 complete and 0 interrupted iterations
openloop_spike   [  78% ] 004/225 VUs  09m18.8s/12m0s  26.87 iters/s

running (09m19.9s), 003/225 VUs, 13258 complete and 0 interrupted iterations
openloop_spike   [  78% ] 003/225 VUs  09m19.8s/12m0s  26.70 iters/s

running (09m20.9s), 004/225 VUs, 13284 complete and 0 interrupted iterations
openloop_spike   [  78% ] 004/225 VUs  09m20.8s/12m0s  26.53 iters/s

running (09m21.9s), 000/225 VUs, 13314 complete and 0 interrupted iterations
openloop_spike   [  78% ] 000/225 VUs  09m21.8s/12m0s  26.37 iters/s

running (09m22.9s), 001/225 VUs, 13339 complete and 0 interrupted iterations
openloop_spike   [  78% ] 001/225 VUs  09m22.8s/12m0s  26.20 iters/s

running (09m23.9s), 001/225 VUs, 13365 complete and 0 interrupted iterations
openloop_spike   [  78% ] 001/225 VUs  09m23.8s/12m0s  26.04 iters/s

running (09m24.9s), 002/225 VUs, 13390 complete and 0 interrupted iterations
openloop_spike   [  78% ] 002/225 VUs  09m24.8s/12m0s  25.87 iters/s

running (09m25.9s), 000/225 VUs, 13418 complete and 0 interrupted iterations
openloop_spike   [  79% ] 000/225 VUs  09m25.8s/12m0s  25.70 iters/s

running (09m26.9s), 002/225 VUs, 13442 complete and 0 interrupted iterations
openloop_spike   [  79% ] 002/225 VUs  09m26.8s/12m0s  25.53 iters/s

running (09m27.9s), 003/225 VUs, 13466 complete and 0 interrupted iterations
openloop_spike   [  79% ] 003/225 VUs  09m27.8s/12m0s  25.37 iters/s

running (09m28.9s), 003/225 VUs, 13491 complete and 0 interrupted iterations
openloop_spike   [  79% ] 004/225 VUs  09m28.8s/12m0s  25.20 iters/s

running (09m29.9s), 001/225 VUs, 13519 complete and 0 interrupted iterations
openloop_spike   [  79% ] 001/225 VUs  09m29.8s/12m0s  25.03 iters/s

running (09m30.9s), 005/225 VUs, 13540 complete and 0 interrupted iterations
openloop_spike   [  79% ] 005/225 VUs  09m30.8s/12m0s  24.86 iters/s

running (09m31.9s), 000/225 VUs, 13569 complete and 0 interrupted iterations
openloop_spike   [  79% ] 000/225 VUs  09m31.8s/12m0s  24.70 iters/s

running (09m32.9s), 002/225 VUs, 13592 complete and 0 interrupted iterations
openloop_spike   [  80% ] 002/225 VUs  09m32.8s/12m0s  24.53 iters/s

running (09m33.9s), 002/225 VUs, 13616 complete and 0 interrupted iterations
openloop_spike   [  80% ] 002/225 VUs  09m33.8s/12m0s  24.37 iters/s

running (09m34.9s), 010/225 VUs, 13633 complete and 0 interrupted iterations
openloop_spike   [  80% ] 010/225 VUs  09m34.8s/12m0s  24.20 iters/s

running (09m35.9s), 005/225 VUs, 13662 complete and 0 interrupted iterations
openloop_spike   [  80% ] 005/225 VUs  09m35.8s/12m0s  24.03 iters/s

running (09m36.9s), 003/225 VUs, 13688 complete and 0 interrupted iterations
openloop_spike   [  80% ] 003/225 VUs  09m36.8s/12m0s  23.86 iters/s

running (09m37.9s), 004/225 VUs, 13711 complete and 0 interrupted iterations
openloop_spike   [  80% ] 004/225 VUs  09m37.8s/12m0s  23.70 iters/s

running (09m38.9s), 002/225 VUs, 13736 complete and 0 interrupted iterations
openloop_spike   [  80% ] 002/225 VUs  09m38.8s/12m0s  23.53 iters/s

running (09m39.9s), 006/225 VUs, 13756 complete and 0 interrupted iterations
openloop_spike   [  81% ] 006/225 VUs  09m39.8s/12m0s  23.36 iters/s

running (09m40.9s), 004/225 VUs, 13781 complete and 0 interrupted iterations
openloop_spike   [  81% ] 004/225 VUs  09m40.8s/12m0s  23.20 iters/s

running (09m41.9s), 001/225 VUs, 13807 complete and 0 interrupted iterations
openloop_spike   [  81% ] 001/225 VUs  09m41.8s/12m0s  23.03 iters/s

running (09m42.9s), 001/225 VUs, 13830 complete and 0 interrupted iterations
openloop_spike   [  81% ] 001/225 VUs  09m42.8s/12m0s  22.87 iters/s

running (09m43.9s), 000/225 VUs, 13854 complete and 0 interrupted iterations
openloop_spike   [  81% ] 000/225 VUs  09m43.8s/12m0s  22.70 iters/s

running (09m44.9s), 000/225 VUs, 13876 complete and 0 interrupted iterations
openloop_spike   [  81% ] 000/225 VUs  09m44.8s/12m0s  22.54 iters/s

running (09m45.9s), 003/225 VUs, 13896 complete and 0 interrupted iterations
openloop_spike   [  81% ] 003/225 VUs  09m45.8s/12m0s  22.36 iters/s

running (09m46.9s), 000/225 VUs, 13921 complete and 0 interrupted iterations
openloop_spike   [  82% ] 000/225 VUs  09m46.8s/12m0s  22.20 iters/s

running (09m47.9s), 001/225 VUs, 13942 complete and 0 interrupted iterations
openloop_spike   [  82% ] 001/225 VUs  09m47.8s/12m0s  22.03 iters/s

running (09m48.9s), 002/225 VUs, 13963 complete and 0 interrupted iterations
openloop_spike   [  82% ] 002/225 VUs  09m48.8s/12m0s  21.87 iters/s

running (09m49.9s), 001/225 VUs, 13986 complete and 0 interrupted iterations
openloop_spike   [  82% ] 001/225 VUs  09m49.8s/12m0s  21.70 iters/s

running (09m50.9s), 002/225 VUs, 14007 complete and 0 interrupted iterations
openloop_spike   [  82% ] 002/225 VUs  09m50.8s/12m0s  21.53 iters/s

running (09m51.9s), 004/225 VUs, 14026 complete and 0 interrupted iterations
openloop_spike   [  82% ] 004/225 VUs  09m51.8s/12m0s  21.37 iters/s

running (09m52.9s), 004/225 VUs, 14047 complete and 0 interrupted iterations
openloop_spike   [  82% ] 004/225 VUs  09m52.8s/12m0s  21.20 iters/s

running (09m53.9s), 002/225 VUs, 14070 complete and 0 interrupted iterations
openloop_spike   [  82% ] 002/225 VUs  09m53.8s/12m0s  21.04 iters/s

running (09m54.9s), 002/225 VUs, 14091 complete and 0 interrupted iterations
openloop_spike   [  83% ] 002/225 VUs  09m54.8s/12m0s  20.87 iters/s

running (09m55.9s), 001/225 VUs, 14113 complete and 0 interrupted iterations
openloop_spike   [  83% ] 001/225 VUs  09m55.8s/12m0s  20.70 iters/s

running (09m56.9s), 003/225 VUs, 14132 complete and 0 interrupted iterations
openloop_spike   [  83% ] 003/225 VUs  09m56.8s/12m0s  20.53 iters/s

running (09m57.9s), 003/225 VUs, 14152 complete and 0 interrupted iterations
openloop_spike   [  83% ] 003/225 VUs  09m57.8s/12m0s  20.37 iters/s

running (09m58.9s), 006/225 VUs, 14169 complete and 0 interrupted iterations
openloop_spike   [  83% ] 006/225 VUs  09m58.8s/12m0s  20.20 iters/s

running (09m59.9s), 004/225 VUs, 14192 complete and 0 interrupted iterations
openloop_spike   [  83% ] 004/225 VUs  09m59.8s/12m0s  20.03 iters/s

running (10m00.9s), 004/225 VUs, 14212 complete and 0 interrupted iterations
openloop_spike   [  83% ] 004/225 VUs  10m00.8s/12m0s  19.86 iters/s

running (10m01.9s), 004/225 VUs, 14231 complete and 0 interrupted iterations
openloop_spike   [  84% ] 004/225 VUs  10m01.8s/12m0s  19.70 iters/s

running (10m02.9s), 002/225 VUs, 14253 complete and 0 interrupted iterations
openloop_spike   [  84% ] 002/225 VUs  10m02.8s/12m0s  19.53 iters/s

running (10m03.9s), 000/225 VUs, 14274 complete and 0 interrupted iterations
openloop_spike   [  84% ] 000/225 VUs  10m03.8s/12m0s  19.37 iters/s

running (10m04.9s), 002/225 VUs, 14292 complete and 0 interrupted iterations
openloop_spike   [  84% ] 002/225 VUs  10m04.8s/12m0s  19.20 iters/s

running (10m05.9s), 000/225 VUs, 14313 complete and 0 interrupted iterations
openloop_spike   [  84% ] 000/225 VUs  10m05.8s/12m0s  19.03 iters/s

running (10m06.9s), 003/225 VUs, 14329 complete and 0 interrupted iterations
openloop_spike   [  84% ] 003/225 VUs  10m06.8s/12m0s  18.86 iters/s

running (10m07.9s), 003/225 VUs, 14348 complete and 0 interrupted iterations
openloop_spike   [  84% ] 003/225 VUs  10m07.8s/12m0s  18.69 iters/s

running (10m08.9s), 001/225 VUs, 14368 complete and 0 interrupted iterations
openloop_spike   [  85% ] 001/225 VUs  10m08.8s/12m0s  18.53 iters/s

running (10m09.9s), 001/225 VUs, 14387 complete and 0 interrupted iterations
openloop_spike   [  85% ] 001/225 VUs  10m09.8s/12m0s  18.36 iters/s

running (10m10.9s), 000/225 VUs, 14406 complete and 0 interrupted iterations
openloop_spike   [  85% ] 000/225 VUs  10m10.8s/12m0s  18.20 iters/s

running (10m11.9s), 002/225 VUs, 14422 complete and 0 interrupted iterations
openloop_spike   [  85% ] 002/225 VUs  10m11.8s/12m0s  18.03 iters/s

running (10m12.9s), 000/225 VUs, 14442 complete and 0 interrupted iterations
openloop_spike   [  85% ] 000/225 VUs  10m12.8s/12m0s  17.87 iters/s

running (10m13.9s), 002/225 VUs, 14458 complete and 0 interrupted iterations
openloop_spike   [  85% ] 002/225 VUs  10m13.8s/12m0s  17.70 iters/s

running (10m14.9s), 002/225 VUs, 14475 complete and 0 interrupted iterations
openloop_spike   [  85% ] 002/225 VUs  10m14.8s/12m0s  17.54 iters/s

running (10m15.9s), 000/225 VUs, 14495 complete and 0 interrupted iterations
openloop_spike   [  86% ] 000/225 VUs  10m15.8s/12m0s  17.36 iters/s

running (10m16.9s), 001/225 VUs, 14511 complete and 0 interrupted iterations
openloop_spike   [  86% ] 001/225 VUs  10m16.8s/12m0s  17.20 iters/s

running (10m17.9s), 001/225 VUs, 14528 complete and 0 interrupted iterations
openloop_spike   [  86% ] 001/225 VUs  10m17.8s/12m0s  17.03 iters/s

running (10m18.9s), 000/225 VUs, 14546 complete and 0 interrupted iterations
openloop_spike   [  86% ] 000/225 VUs  10m18.8s/12m0s  16.87 iters/s

running (10m19.9s), 002/225 VUs, 14561 complete and 0 interrupted iterations
openloop_spike   [  86% ] 002/225 VUs  10m19.8s/12m0s  16.70 iters/s

running (10m20.9s), 002/225 VUs, 14578 complete and 0 interrupted iterations
openloop_spike   [  86% ] 002/225 VUs  10m20.8s/12m0s  16.53 iters/s

running (10m21.9s), 002/225 VUs, 14594 complete and 0 interrupted iterations
openloop_spike   [  86% ] 002/225 VUs  10m21.8s/12m0s  16.37 iters/s

running (10m22.9s), 000/225 VUs, 14612 complete and 0 interrupted iterations
openloop_spike   [  87% ] 000/225 VUs  10m22.8s/12m0s  16.20 iters/s

running (10m23.9s), 002/225 VUs, 14626 complete and 0 interrupted iterations
openloop_spike   [  87% ] 002/225 VUs  10m23.8s/12m0s  16.04 iters/s

running (10m24.9s), 000/225 VUs, 14644 complete and 0 interrupted iterations
openloop_spike   [  87% ] 000/225 VUs  10m24.8s/12m0s  15.87 iters/s

running (10m25.9s), 001/225 VUs, 14659 complete and 0 interrupted iterations
openloop_spike   [  87% ] 001/225 VUs  10m25.8s/12m0s  15.70 iters/s

running (10m26.9s), 002/225 VUs, 14674 complete and 0 interrupted iterations
openloop_spike   [  87% ] 002/225 VUs  10m26.8s/12m0s  15.53 iters/s

running (10m27.9s), 002/225 VUs, 14689 complete and 0 interrupted iterations
openloop_spike   [  87% ] 002/225 VUs  10m27.8s/12m0s  15.37 iters/s

running (10m28.9s), 002/225 VUs, 14704 complete and 0 interrupted iterations
openloop_spike   [  87% ] 002/225 VUs  10m28.8s/12m0s  15.20 iters/s

running (10m29.9s), 002/225 VUs, 14720 complete and 0 interrupted iterations
openloop_spike   [  87% ] 002/225 VUs  10m29.8s/12m0s  15.03 iters/s

running (10m30.9s), 001/225 VUs, 14736 complete and 0 interrupted iterations
openloop_spike   [  88% ] 001/225 VUs  10m30.8s/12m0s  14.86 iters/s

running (10m31.9s), 000/225 VUs, 14751 complete and 0 interrupted iterations
openloop_spike   [  88% ] 000/225 VUs  10m31.8s/12m0s  14.70 iters/s

running (10m32.9s), 000/225 VUs, 14766 complete and 0 interrupted iterations
openloop_spike   [  88% ] 000/225 VUs  10m32.8s/12m0s  14.53 iters/s

running (10m33.9s), 003/225 VUs, 14777 complete and 0 interrupted iterations
openloop_spike   [  88% ] 003/225 VUs  10m33.8s/12m0s  14.37 iters/s

running (10m34.9s), 002/225 VUs, 14793 complete and 0 interrupted iterations
openloop_spike   [  88% ] 002/225 VUs  10m34.8s/12m0s  14.20 iters/s

running (10m35.9s), 002/225 VUs, 14807 complete and 0 interrupted iterations
openloop_spike   [  88% ] 002/225 VUs  10m35.8s/12m0s  14.03 iters/s

running (10m36.9s), 000/225 VUs, 14823 complete and 0 interrupted iterations
openloop_spike   [  88% ] 000/225 VUs  10m36.8s/12m0s  13.86 iters/s

running (10m37.9s), 001/225 VUs, 14835 complete and 0 interrupted iterations
openloop_spike   [  89% ] 001/225 VUs  10m37.8s/12m0s  13.71 iters/s

running (10m38.9s), 001/225 VUs, 14849 complete and 0 interrupted iterations
openloop_spike   [  89% ] 001/225 VUs  10m38.8s/12m0s  13.53 iters/s

running (10m39.9s), 003/225 VUs, 14861 complete and 0 interrupted iterations
openloop_spike   [  89% ] 003/225 VUs  10m39.8s/12m0s  13.36 iters/s

running (10m40.9s), 002/225 VUs, 14875 complete and 0 interrupted iterations
openloop_spike   [  89% ] 002/225 VUs  10m40.8s/12m0s  13.20 iters/s

running (10m41.9s), 004/225 VUs, 14886 complete and 0 interrupted iterations
openloop_spike   [  89% ] 004/225 VUs  10m41.8s/12m0s  13.03 iters/s

running (10m42.9s), 002/225 VUs, 14901 complete and 0 interrupted iterations
openloop_spike   [  89% ] 002/225 VUs  10m42.8s/12m0s  12.86 iters/s

running (10m43.9s), 001/225 VUs, 14915 complete and 0 interrupted iterations
openloop_spike   [  89% ] 001/225 VUs  10m43.8s/12m0s  12.70 iters/s

running (10m44.9s), 000/225 VUs, 14928 complete and 0 interrupted iterations
openloop_spike   [  90% ] 000/225 VUs  10m44.8s/12m0s  12.54 iters/s

running (10m45.9s), 002/225 VUs, 14939 complete and 0 interrupted iterations
openloop_spike   [  90% ] 002/225 VUs  10m45.8s/12m0s  12.36 iters/s

running (10m46.9s), 001/225 VUs, 14952 complete and 0 interrupted iterations
openloop_spike   [  90% ] 001/225 VUs  10m46.8s/12m0s  12.20 iters/s

running (10m47.9s), 004/225 VUs, 14961 complete and 0 interrupted iterations
openloop_spike   [  90% ] 004/225 VUs  10m47.8s/12m0s  12.03 iters/s

running (10m48.9s), 002/225 VUs, 14975 complete and 0 interrupted iterations
openloop_spike   [  90% ] 002/225 VUs  10m48.8s/12m0s  11.87 iters/s

running (10m49.9s), 002/225 VUs, 14987 complete and 0 interrupted iterations
openloop_spike   [  90% ] 002/225 VUs  10m49.8s/12m0s  11.70 iters/s

running (10m50.9s), 001/225 VUs, 14999 complete and 0 interrupted iterations
openloop_spike   [  90% ] 002/225 VUs  10m50.8s/12m0s  11.53 iters/s

running (10m51.9s), 000/225 VUs, 15012 complete and 0 interrupted iterations
openloop_spike   [  91% ] 000/225 VUs  10m51.8s/12m0s  11.37 iters/s

running (10m52.9s), 000/225 VUs, 15023 complete and 0 interrupted iterations
openloop_spike   [  91% ] 000/225 VUs  10m52.8s/12m0s  11.20 iters/s

running (10m53.9s), 000/225 VUs, 15034 complete and 0 interrupted iterations
openloop_spike   [  91% ] 000/225 VUs  10m53.8s/12m0s  11.04 iters/s

running (10m54.9s), 000/225 VUs, 15045 complete and 0 interrupted iterations
openloop_spike   [  91% ] 000/225 VUs  10m54.8s/12m0s  10.87 iters/s

running (10m55.9s), 000/225 VUs, 15056 complete and 0 interrupted iterations
openloop_spike   [  91% ] 000/225 VUs  10m55.8s/12m0s  10.70 iters/s

running (10m56.9s), 000/225 VUs, 15067 complete and 0 interrupted iterations
openloop_spike   [  91% ] 000/225 VUs  10m56.8s/12m0s  10.53 iters/s

running (10m57.9s), 001/225 VUs, 15076 complete and 0 interrupted iterations
openloop_spike   [  91% ] 001/225 VUs  10m57.8s/12m0s  10.37 iters/s

running (10m58.9s), 000/225 VUs, 15087 complete and 0 interrupted iterations
openloop_spike   [  92% ] 000/225 VUs  10m58.8s/12m0s  10.21 iters/s

running (10m59.9s), 002/225 VUs, 15096 complete and 0 interrupted iterations
openloop_spike   [  92% ] 002/225 VUs  10m59.8s/12m0s  10.02 iters/s

running (11m00.9s), 002/225 VUs, 15106 complete and 0 interrupted iterations
openloop_spike   [  92% ] 002/225 VUs  11m00.8s/12m0s  09.86 iters/s

running (11m01.9s), 001/225 VUs, 15116 complete and 0 interrupted iterations
openloop_spike   [  92% ] 001/225 VUs  11m01.8s/12m0s  09.70 iters/s

running (11m02.9s), 002/225 VUs, 15125 complete and 0 interrupted iterations
openloop_spike   [  92% ] 002/225 VUs  11m02.8s/12m0s  09.53 iters/s

running (11m03.9s), 000/225 VUs, 15136 complete and 0 interrupted iterations
openloop_spike   [  92% ] 000/225 VUs  11m03.8s/12m0s  09.37 iters/s

running (11m04.9s), 002/225 VUs, 15144 complete and 0 interrupted iterations
openloop_spike   [  92% ] 002/225 VUs  11m04.8s/12m0s  09.19 iters/s

running (11m05.9s), 000/225 VUs, 15155 complete and 0 interrupted iterations
openloop_spike   [  92% ] 000/225 VUs  11m05.8s/12m0s  09.03 iters/s

running (11m06.9s), 000/225 VUs, 15164 complete and 0 interrupted iterations
openloop_spike   [  93% ] 000/225 VUs  11m06.8s/12m0s  08.86 iters/s

running (11m07.9s), 002/225 VUs, 15170 complete and 0 interrupted iterations
openloop_spike   [  93% ] 002/225 VUs  11m07.8s/12m0s  08.71 iters/s

running (11m08.9s), 000/225 VUs, 15181 complete and 0 interrupted iterations
openloop_spike   [  93% ] 000/225 VUs  11m08.8s/12m0s  08.53 iters/s

running (11m09.9s), 001/225 VUs, 15189 complete and 0 interrupted iterations
openloop_spike   [  93% ] 001/225 VUs  11m09.8s/12m0s  08.36 iters/s

running (11m10.9s), 002/225 VUs, 15196 complete and 0 interrupted iterations
openloop_spike   [  93% ] 002/225 VUs  11m10.8s/12m0s  08.20 iters/s

running (11m11.9s), 000/225 VUs, 15206 complete and 0 interrupted iterations
openloop_spike   [  93% ] 000/225 VUs  11m11.8s/12m0s  08.03 iters/s

running (11m12.9s), 000/225 VUs, 15214 complete and 0 interrupted iterations
openloop_spike   [  93% ] 000/225 VUs  11m12.8s/12m0s  07.86 iters/s

running (11m13.9s), 002/225 VUs, 15220 complete and 0 interrupted iterations
openloop_spike   [  94% ] 002/225 VUs  11m13.8s/12m0s  07.69 iters/s

running (11m14.9s), 000/225 VUs, 15229 complete and 0 interrupted iterations
openloop_spike   [  94% ] 000/225 VUs  11m14.8s/12m0s  07.54 iters/s

running (11m15.9s), 000/225 VUs, 15237 complete and 0 interrupted iterations
openloop_spike   [  94% ] 000/225 VUs  11m15.8s/12m0s  07.36 iters/s

running (11m16.9s), 001/225 VUs, 15243 complete and 0 interrupted iterations
openloop_spike   [  94% ] 001/225 VUs  11m16.8s/12m0s  07.20 iters/s

running (11m17.9s), 001/225 VUs, 15250 complete and 0 interrupted iterations
openloop_spike   [  94% ] 001/225 VUs  11m17.8s/12m0s  07.04 iters/s

running (11m18.9s), 001/225 VUs, 15257 complete and 0 interrupted iterations
openloop_spike   [  94% ] 001/225 VUs  11m18.8s/12m0s  06.87 iters/s

running (11m19.9s), 000/225 VUs, 15265 complete and 0 interrupted iterations
openloop_spike   [  94% ] 000/225 VUs  11m19.8s/12m0s  06.70 iters/s

running (11m20.9s), 000/225 VUs, 15271 complete and 0 interrupted iterations
openloop_spike   [  95% ] 000/225 VUs  11m20.8s/12m0s  06.54 iters/s

running (11m21.9s), 000/225 VUs, 15278 complete and 0 interrupted iterations
openloop_spike   [  95% ] 000/225 VUs  11m21.8s/12m0s  06.36 iters/s

running (11m22.9s), 000/225 VUs, 15284 complete and 0 interrupted iterations
openloop_spike   [  95% ] 000/225 VUs  11m22.8s/12m0s  06.20 iters/s

running (11m23.9s), 000/225 VUs, 15290 complete and 0 interrupted iterations
openloop_spike   [  95% ] 000/225 VUs  11m23.8s/12m0s  06.04 iters/s

running (11m24.9s), 000/225 VUs, 15296 complete and 0 interrupted iterations
openloop_spike   [  95% ] 000/225 VUs  11m24.8s/12m0s  05.87 iters/s

running (11m25.9s), 000/225 VUs, 15302 complete and 0 interrupted iterations
openloop_spike   [  95% ] 000/225 VUs  11m25.8s/12m0s  05.70 iters/s

running (11m26.9s), 002/225 VUs, 15306 complete and 0 interrupted iterations
openloop_spike   [  95% ] 002/225 VUs  11m26.8s/12m0s  05.52 iters/s

running (11m27.9s), 000/225 VUs, 15313 complete and 0 interrupted iterations
openloop_spike   [  96% ] 000/225 VUs  11m27.8s/12m0s  05.37 iters/s

running (11m28.9s), 001/225 VUs, 15317 complete and 0 interrupted iterations
openloop_spike   [  96% ] 001/225 VUs  11m28.8s/12m0s  05.21 iters/s

running (11m29.9s), 001/225 VUs, 15323 complete and 0 interrupted iterations
openloop_spike   [  96% ] 001/225 VUs  11m29.8s/12m0s  05.02 iters/s

running (11m30.9s), 000/225 VUs, 15328 complete and 0 interrupted iterations
openloop_spike   [  96% ] 000/225 VUs  11m30.8s/12m0s  04.88 iters/s

running (11m31.9s), 000/225 VUs, 15333 complete and 0 interrupted iterations
openloop_spike   [  96% ] 000/225 VUs  11m31.8s/12m0s  04.71 iters/s

running (11m32.9s), 000/225 VUs, 15338 complete and 0 interrupted iterations
openloop_spike   [  96% ] 000/225 VUs  11m32.8s/12m0s  04.53 iters/s

running (11m33.9s), 000/225 VUs, 15342 complete and 0 interrupted iterations
openloop_spike   [  96% ] 000/225 VUs  11m33.8s/12m0s  04.38 iters/s

running (11m34.9s), 000/225 VUs, 15347 complete and 0 interrupted iterations
openloop_spike   [  97% ] 000/225 VUs  11m34.8s/12m0s  04.18 iters/s

running (11m35.9s), 002/225 VUs, 15349 complete and 0 interrupted iterations
openloop_spike   [  97% ] 002/225 VUs  11m35.8s/12m0s  04.02 iters/s

running (11m36.9s), 001/225 VUs, 15354 complete and 0 interrupted iterations
openloop_spike   [  97% ] 001/225 VUs  11m36.8s/12m0s  03.85 iters/s

running (11m37.9s), 001/225 VUs, 15357 complete and 0 interrupted iterations
openloop_spike   [  97% ] 001/225 VUs  11m37.8s/12m0s  03.72 iters/s

running (11m38.9s), 002/225 VUs, 15360 complete and 0 interrupted iterations
openloop_spike   [  97% ] 002/225 VUs  11m38.8s/12m0s  03.54 iters/s

running (11m39.9s), 001/225 VUs, 15365 complete and 0 interrupted iterations
openloop_spike   [  97% ] 001/225 VUs  11m39.8s/12m0s  03.34 iters/s

running (11m40.9s), 001/225 VUs, 15368 complete and 0 interrupted iterations
openloop_spike   [  97% ] 001/225 VUs  11m40.8s/12m0s  03.19 iters/s

running (11m41.9s), 000/225 VUs, 15372 complete and 0 interrupted iterations
openloop_spike   [  97% ] 000/225 VUs  11m41.8s/12m0s  03.03 iters/s

running (11m42.9s), 000/225 VUs, 15375 complete and 0 interrupted iterations
openloop_spike   [  98% ] 000/225 VUs  11m42.8s/12m0s  02.86 iters/s

running (11m43.9s), 001/225 VUs, 15377 complete and 0 interrupted iterations
openloop_spike   [  98% ] 001/225 VUs  11m43.8s/12m0s  02.68 iters/s

running (11m44.9s), 000/225 VUs, 15380 complete and 0 interrupted iterations
openloop_spike   [  98% ] 000/225 VUs  11m44.8s/12m0s  02.55 iters/s

running (11m45.9s), 000/225 VUs, 15383 complete and 0 interrupted iterations
openloop_spike   [  98% ] 000/225 VUs  11m45.8s/12m0s  02.34 iters/s

running (11m46.9s), 000/225 VUs, 15385 complete and 0 interrupted iterations
openloop_spike   [  98% ] 000/225 VUs  11m46.8s/12m0s  02.20 iters/s

running (11m47.9s), 000/225 VUs, 15387 complete and 0 interrupted iterations
openloop_spike   [  98% ] 000/225 VUs  11m47.8s/12m0s  02.04 iters/s

running (11m48.9s), 000/225 VUs, 15389 complete and 0 interrupted iterations
openloop_spike   [  98% ] 000/225 VUs  11m48.8s/12m0s  01.87 iters/s

running (11m49.9s), 001/225 VUs, 15390 complete and 0 interrupted iterations
openloop_spike   [  99% ] 001/225 VUs  11m49.8s/12m0s  01.68 iters/s

running (11m50.9s), 000/225 VUs, 15392 complete and 0 interrupted iterations
openloop_spike   [  99% ] 000/225 VUs  11m50.8s/12m0s  01.58 iters/s

running (11m51.9s), 000/225 VUs, 15394 complete and 0 interrupted iterations
openloop_spike   [  99% ] 000/225 VUs  11m51.8s/12m0s  01.35 iters/s

running (11m52.9s), 000/225 VUs, 15395 complete and 0 interrupted iterations
openloop_spike   [  99% ] 000/225 VUs  11m52.8s/12m0s  01.22 iters/s

running (11m53.9s), 000/225 VUs, 15396 complete and 0 interrupted iterations
openloop_spike   [  99% ] 000/225 VUs  11m53.8s/12m0s  01.08 iters/s

running (11m54.9s), 000/225 VUs, 15397 complete and 0 interrupted iterations
openloop_spike   [  99% ] 000/225 VUs  11m54.8s/12m0s  00.91 iters/s

running (11m55.9s), 000/225 VUs, 15398 complete and 0 interrupted iterations
openloop_spike   [  99% ] 000/225 VUs  11m55.8s/12m0s  00.70 iters/s

     ✗ login status is 200
      ↳  99% — ✓ 4580 / ✗ 3
     ✗ login returns access token
      ↳  99% — ✓ 4580 / ✗ 3
     ✗ login response time < 1000ms
      ↳  86% — ✓ 3973 / ✗ 610
     ✓ me status is 200
     ✓ me returns user data
     ✗ me response time < 500ms
      ↳  99% — ✓ 10814 / ✗ 2

     █ setup

     checks.........................: 98.66% ✓ 45579     ✗ 618  
     data_received..................: 8.1 MB 11 kB/s
     data_sent......................: 7.7 MB 11 kB/s
     http_req_blocked...............: avg=424.83µs min=105.8µs med=215.84µs max=7.92ms   p(90)=1.14ms   p(95)=1.2ms    p(99)=1.97ms 
     http_req_connecting............: avg=370.92µs min=82.98µs med=159.75µs max=6.78ms   p(90)=1.09ms   p(95)=1.15ms   p(99)=1.85ms 
     http_req_duration..............: avg=135.53ms min=3.14ms  med=8.46ms   max=5s       p(90)=526.65ms p(95)=856.61ms p(99)=1.79s  
       { expected_response:true }...: avg=134.58ms min=3.14ms  med=8.43ms   max=4.99s    p(90)=526.58ms p(95)=853.79ms p(99)=1.79s  
     http_req_failed................: 0.01%  ✓ 3         ✗ 15396
     http_req_receiving.............: avg=700.44µs min=0s      med=121.72µs max=294.39ms p(90)=226.14µs p(95)=331.5µs  p(99)=5.15ms 
     http_req_sending...............: avg=48.39µs  min=22.11µs med=46.96µs  max=502.61µs p(90)=61.69µs  p(95)=67.32µs  p(99)=80.79µs
     http_req_tls_handshaking.......: avg=0s       min=0s      med=0s       max=0s       p(90)=0s       p(95)=0s       p(99)=0s     
     http_req_waiting...............: avg=134.78ms min=2.98ms  med=7.69ms   max=5s       p(90)=526.38ms p(95)=855.98ms p(99)=1.79s  
     http_reqs......................: 15399  21.488891/s
     iteration_duration.............: avg=136.18ms min=3.55ms  med=9.18ms   max=5s       p(90)=527.3ms  p(95)=857.01ms p(99)=1.79s  
     iterations.....................: 15399  21.488891/s
     req_e2e_duration...............: avg=136.02ms min=3ms     med=9ms      max=5s       p(90)=527ms    p(95)=857ms    p(99)=1.79s  
     vus............................: 0      min=0       max=16 
     vus_max........................: 225    min=225     max=225


running (11m56.6s), 000/225 VUs, 15399 complete and 0 interrupted iterations
openloop_spike ✗ [ 100% ] 000/225 VUs  11m56.5s/12m0s  00.70 iters/s
[openloop-wrapper] k6 exit code 0
