
          /\      |‾‾| /‾‾/   /‾‾/   
     /\  /  \     |  |/  /   /  /    
    /  \/    \    |     (   /   ‾‾\  
   /          \   |  |\  \ |  (‾)  | 
  / __________ \  |__| \__\ \_____/ .io

  execution: local
     script: /scripts/load-test.js
     output: json (/results/results.json.gz)

  scenarios: (100.00%) 1 scenario, 788 max VUs, 12m30s max duration (incl. graceful stop):
           * openloop_gradual: Up to 105.00 iterations/s for 12m0s over 4 stages (maxVUs: 788, gracefulStop: 30s)

time="2026-10-07T06:50:56Z" level=info msg="OPENLOOP_CONFIG service=shipping-rate-service pattern=gradual base_rate=10 peak_rate=105 timeout=5s vu_factor=1.5 openloop_gradual:ramping-arrival-rate:vus=788/788" source=console
time="2026-10-07T06:50:56Z" level=info msg="SCENARIO_START name=openloop_gradual start_ms=1791355856263" source=console

running (00m00.4s), 003/788 VUs, 0 complete and 0 interrupted iterations
openloop_gradual   [   0% ] 003/788 VUs  00m00.4s/12m0s  010.00 iters/s

running (00m01.4s), 007/788 VUs, 6 complete and 0 interrupted iterations
openloop_gradual   [   0% ] 007/788 VUs  00m01.4s/12m0s  010.00 iters/s

running (00m02.4s), 008/788 VUs, 15 complete and 0 interrupted iterations
openloop_gradual   [   0% ] 008/788 VUs  00m02.4s/12m0s  010.00 iters/s

running (00m03.4s), 008/788 VUs, 25 complete and 0 interrupted iterations
openloop_gradual   [   0% ] 008/788 VUs  00m03.4s/12m0s  010.00 iters/s

running (00m04.4s), 008/788 VUs, 35 complete and 0 interrupted iterations
openloop_gradual   [   1% ] 008/788 VUs  00m04.4s/12m0s  010.00 iters/s

running (00m05.4s), 008/788 VUs, 45 complete and 0 interrupted iterations
openloop_gradual   [   1% ] 008/788 VUs  00m05.4s/12m0s  010.00 iters/s

running (00m06.4s), 007/788 VUs, 56 complete and 0 interrupted iterations
openloop_gradual   [   1% ] 007/788 VUs  00m06.4s/12m0s  010.00 iters/s

running (00m07.4s), 007/788 VUs, 66 complete and 0 interrupted iterations
openloop_gradual   [   1% ] 007/788 VUs  00m07.4s/12m0s  010.00 iters/s

running (00m08.4s), 007/788 VUs, 76 complete and 0 interrupted iterations
openloop_gradual   [   1% ] 007/788 VUs  00m08.4s/12m0s  010.00 iters/s

running (00m09.4s), 007/788 VUs, 86 complete and 0 interrupted iterations
openloop_gradual   [   1% ] 007/788 VUs  00m09.4s/12m0s  010.00 iters/s

running (00m10.4s), 006/788 VUs, 97 complete and 0 interrupted iterations
openloop_gradual   [   1% ] 006/788 VUs  00m10.4s/12m0s  010.00 iters/s

running (00m11.4s), 006/788 VUs, 107 complete and 0 interrupted iterations
openloop_gradual   [   2% ] 006/788 VUs  00m11.4s/12m0s  010.00 iters/s

running (00m12.4s), 006/788 VUs, 117 complete and 0 interrupted iterations
openloop_gradual   [   2% ] 006/788 VUs  00m12.4s/12m0s  010.00 iters/s

running (00m13.4s), 007/788 VUs, 126 complete and 0 interrupted iterations
openloop_gradual   [   2% ] 007/788 VUs  00m13.4s/12m0s  010.00 iters/s

running (00m14.4s), 007/788 VUs, 136 complete and 0 interrupted iterations
openloop_gradual   [   2% ] 007/788 VUs  00m14.4s/12m0s  010.00 iters/s

running (00m15.4s), 008/788 VUs, 145 complete and 0 interrupted iterations
openloop_gradual   [   2% ] 008/788 VUs  00m15.4s/12m0s  010.00 iters/s

running (00m16.4s), 006/788 VUs, 157 complete and 0 interrupted iterations
openloop_gradual   [   2% ] 006/788 VUs  00m16.4s/12m0s  010.00 iters/s

running (00m17.4s), 007/788 VUs, 166 complete and 0 interrupted iterations
openloop_gradual   [   2% ] 007/788 VUs  00m17.4s/12m0s  010.00 iters/s

running (00m18.4s), 006/788 VUs, 177 complete and 0 interrupted iterations
openloop_gradual   [   3% ] 006/788 VUs  00m18.4s/12m0s  010.00 iters/s

running (00m19.4s), 006/788 VUs, 187 complete and 0 interrupted iterations
openloop_gradual   [   3% ] 006/788 VUs  00m19.4s/12m0s  010.00 iters/s

running (00m20.4s), 007/788 VUs, 196 complete and 0 interrupted iterations
openloop_gradual   [   3% ] 007/788 VUs  00m20.4s/12m0s  010.00 iters/s

running (00m21.4s), 008/788 VUs, 205 complete and 0 interrupted iterations
openloop_gradual   [   3% ] 008/788 VUs  00m21.4s/12m0s  010.00 iters/s

running (00m22.4s), 006/788 VUs, 217 complete and 0 interrupted iterations
openloop_gradual   [   3% ] 006/788 VUs  00m22.4s/12m0s  010.00 iters/s

running (00m23.4s), 006/788 VUs, 227 complete and 0 interrupted iterations
openloop_gradual   [   3% ] 006/788 VUs  00m23.4s/12m0s  010.00 iters/s

running (00m24.4s), 007/788 VUs, 236 complete and 0 interrupted iterations
openloop_gradual   [   3% ] 007/788 VUs  00m24.4s/12m0s  010.00 iters/s

running (00m25.4s), 008/788 VUs, 245 complete and 0 interrupted iterations
openloop_gradual   [   4% ] 008/788 VUs  00m25.4s/12m0s  010.00 iters/s

running (00m26.4s), 006/788 VUs, 257 complete and 0 interrupted iterations
openloop_gradual   [   4% ] 006/788 VUs  00m26.4s/12m0s  010.00 iters/s

running (00m27.4s), 007/788 VUs, 266 complete and 0 interrupted iterations
openloop_gradual   [   4% ] 007/788 VUs  00m27.4s/12m0s  010.00 iters/s

running (00m28.4s), 007/788 VUs, 276 complete and 0 interrupted iterations
openloop_gradual   [   4% ] 007/788 VUs  00m28.4s/12m0s  010.00 iters/s

running (00m29.4s), 007/788 VUs, 286 complete and 0 interrupted iterations
openloop_gradual   [   4% ] 007/788 VUs  00m29.4s/12m0s  010.00 iters/s

running (00m30.4s), 006/788 VUs, 297 complete and 0 interrupted iterations
openloop_gradual   [   4% ] 006/788 VUs  00m30.4s/12m0s  010.00 iters/s

running (00m31.4s), 007/788 VUs, 306 complete and 0 interrupted iterations
openloop_gradual   [   4% ] 007/788 VUs  00m31.4s/12m0s  010.00 iters/s

running (00m32.4s), 009/788 VUs, 314 complete and 0 interrupted iterations
openloop_gradual   [   5% ] 009/788 VUs  00m32.4s/12m0s  010.00 iters/s

running (00m33.4s), 007/788 VUs, 326 complete and 0 interrupted iterations
openloop_gradual   [   5% ] 007/788 VUs  00m33.4s/12m0s  010.00 iters/s

running (00m34.4s), 008/788 VUs, 335 complete and 0 interrupted iterations
openloop_gradual   [   5% ] 008/788 VUs  00m34.4s/12m0s  010.00 iters/s

running (00m35.4s), 005/788 VUs, 348 complete and 0 interrupted iterations
openloop_gradual   [   5% ] 005/788 VUs  00m35.4s/12m0s  010.00 iters/s

running (00m36.4s), 007/788 VUs, 356 complete and 0 interrupted iterations
openloop_gradual   [   5% ] 007/788 VUs  00m36.4s/12m0s  010.00 iters/s

running (00m37.4s), 007/788 VUs, 366 complete and 0 interrupted iterations
openloop_gradual   [   5% ] 007/788 VUs  00m37.4s/12m0s  010.00 iters/s

running (00m38.4s), 006/788 VUs, 377 complete and 0 interrupted iterations
openloop_gradual   [   5% ] 006/788 VUs  00m38.4s/12m0s  010.00 iters/s

running (00m39.4s), 008/788 VUs, 385 complete and 0 interrupted iterations
openloop_gradual   [   5% ] 008/788 VUs  00m39.4s/12m0s  010.00 iters/s

running (00m40.4s), 007/788 VUs, 396 complete and 0 interrupted iterations
openloop_gradual   [   6% ] 007/788 VUs  00m40.4s/12m0s  010.00 iters/s

running (00m41.4s), 006/788 VUs, 407 complete and 0 interrupted iterations
openloop_gradual   [   6% ] 006/788 VUs  00m41.4s/12m0s  010.00 iters/s

running (00m42.4s), 006/788 VUs, 417 complete and 0 interrupted iterations
openloop_gradual   [   6% ] 006/788 VUs  00m42.4s/12m0s  010.00 iters/s

running (00m43.4s), 006/788 VUs, 427 complete and 0 interrupted iterations
openloop_gradual   [   6% ] 006/788 VUs  00m43.4s/12m0s  010.00 iters/s

running (00m44.4s), 006/788 VUs, 437 complete and 0 interrupted iterations
openloop_gradual   [   6% ] 006/788 VUs  00m44.4s/12m0s  010.00 iters/s

running (00m45.4s), 006/788 VUs, 447 complete and 0 interrupted iterations
openloop_gradual   [   6% ] 006/788 VUs  00m45.4s/12m0s  010.00 iters/s

running (00m46.4s), 006/788 VUs, 457 complete and 0 interrupted iterations
openloop_gradual   [   6% ] 006/788 VUs  00m46.4s/12m0s  010.00 iters/s

running (00m47.4s), 006/788 VUs, 467 complete and 0 interrupted iterations
openloop_gradual   [   7% ] 006/788 VUs  00m47.4s/12m0s  010.00 iters/s

running (00m48.4s), 007/788 VUs, 476 complete and 0 interrupted iterations
openloop_gradual   [   7% ] 007/788 VUs  00m48.4s/12m0s  010.00 iters/s

running (00m49.4s), 005/788 VUs, 488 complete and 0 interrupted iterations
openloop_gradual   [   7% ] 005/788 VUs  00m49.4s/12m0s  010.00 iters/s

running (00m50.4s), 007/788 VUs, 496 complete and 0 interrupted iterations
openloop_gradual   [   7% ] 007/788 VUs  00m50.4s/12m0s  010.00 iters/s

running (00m51.4s), 006/788 VUs, 507 complete and 0 interrupted iterations
openloop_gradual   [   7% ] 006/788 VUs  00m51.4s/12m0s  010.00 iters/s

running (00m52.4s), 005/788 VUs, 518 complete and 0 interrupted iterations
openloop_gradual   [   7% ] 005/788 VUs  00m52.4s/12m0s  010.00 iters/s

running (00m53.4s), 007/788 VUs, 526 complete and 0 interrupted iterations
openloop_gradual   [   7% ] 007/788 VUs  00m53.4s/12m0s  010.00 iters/s

running (00m54.4s), 006/788 VUs, 537 complete and 0 interrupted iterations
openloop_gradual   [   8% ] 006/788 VUs  00m54.4s/12m0s  010.00 iters/s

running (00m55.4s), 007/788 VUs, 546 complete and 0 interrupted iterations
openloop_gradual   [   8% ] 007/788 VUs  00m55.4s/12m0s  010.00 iters/s

running (00m56.4s), 006/788 VUs, 557 complete and 0 interrupted iterations
openloop_gradual   [   8% ] 006/788 VUs  00m56.4s/12m0s  010.00 iters/s

running (00m57.4s), 007/788 VUs, 566 complete and 0 interrupted iterations
openloop_gradual   [   8% ] 007/788 VUs  00m57.4s/12m0s  010.00 iters/s

running (00m58.4s), 007/788 VUs, 576 complete and 0 interrupted iterations
openloop_gradual   [   8% ] 007/788 VUs  00m58.4s/12m0s  010.00 iters/s

running (00m59.4s), 008/788 VUs, 585 complete and 0 interrupted iterations
openloop_gradual   [   8% ] 008/788 VUs  00m59.4s/12m0s  010.00 iters/s

running (01m00.4s), 007/788 VUs, 596 complete and 0 interrupted iterations
openloop_gradual   [   8% ] 007/788 VUs  01m00.4s/12m0s  010.00 iters/s

running (01m01.4s), 008/788 VUs, 605 complete and 0 interrupted iterations
openloop_gradual   [   9% ] 008/788 VUs  01m01.4s/12m0s  010.00 iters/s

running (01m02.4s), 007/788 VUs, 616 complete and 0 interrupted iterations
openloop_gradual   [   9% ] 007/788 VUs  01m02.4s/12m0s  010.00 iters/s

running (01m03.4s), 007/788 VUs, 626 complete and 0 interrupted iterations
openloop_gradual   [   9% ] 007/788 VUs  01m03.4s/12m0s  010.00 iters/s

running (01m04.4s), 006/788 VUs, 637 complete and 0 interrupted iterations
openloop_gradual   [   9% ] 006/788 VUs  01m04.4s/12m0s  010.00 iters/s

running (01m05.4s), 008/788 VUs, 645 complete and 0 interrupted iterations
openloop_gradual   [   9% ] 008/788 VUs  01m05.4s/12m0s  010.00 iters/s

running (01m06.4s), 006/788 VUs, 657 complete and 0 interrupted iterations
openloop_gradual   [   9% ] 006/788 VUs  01m06.4s/12m0s  010.00 iters/s

running (01m07.4s), 007/788 VUs, 666 complete and 0 interrupted iterations
openloop_gradual   [   9% ] 007/788 VUs  01m07.4s/12m0s  010.00 iters/s

running (01m08.4s), 007/788 VUs, 676 complete and 0 interrupted iterations
openloop_gradual   [  10% ] 007/788 VUs  01m08.4s/12m0s  010.00 iters/s

running (01m09.4s), 006/788 VUs, 687 complete and 0 interrupted iterations
openloop_gradual   [  10% ] 006/788 VUs  01m09.4s/12m0s  010.00 iters/s

running (01m10.4s), 006/788 VUs, 697 complete and 0 interrupted iterations
openloop_gradual   [  10% ] 006/788 VUs  01m10.4s/12m0s  010.00 iters/s

running (01m11.4s), 006/788 VUs, 707 complete and 0 interrupted iterations
openloop_gradual   [  10% ] 006/788 VUs  01m11.4s/12m0s  010.00 iters/s

running (01m12.4s), 007/788 VUs, 716 complete and 0 interrupted iterations
openloop_gradual   [  10% ] 007/788 VUs  01m12.4s/12m0s  010.00 iters/s

running (01m13.4s), 007/788 VUs, 726 complete and 0 interrupted iterations
openloop_gradual   [  10% ] 007/788 VUs  01m13.4s/12m0s  010.00 iters/s

running (01m14.4s), 006/788 VUs, 737 complete and 0 interrupted iterations
openloop_gradual   [  10% ] 006/788 VUs  01m14.4s/12m0s  010.00 iters/s

running (01m15.4s), 007/788 VUs, 746 complete and 0 interrupted iterations
openloop_gradual   [  10% ] 007/788 VUs  01m15.4s/12m0s  010.00 iters/s

running (01m16.4s), 008/788 VUs, 755 complete and 0 interrupted iterations
openloop_gradual   [  11% ] 008/788 VUs  01m16.4s/12m0s  010.00 iters/s

running (01m17.4s), 007/788 VUs, 766 complete and 0 interrupted iterations
openloop_gradual   [  11% ] 007/788 VUs  01m17.4s/12m0s  010.00 iters/s

running (01m18.4s), 006/788 VUs, 777 complete and 0 interrupted iterations
openloop_gradual   [  11% ] 006/788 VUs  01m18.4s/12m0s  010.00 iters/s

running (01m19.4s), 007/788 VUs, 786 complete and 0 interrupted iterations
openloop_gradual   [  11% ] 007/788 VUs  01m19.4s/12m0s  010.00 iters/s

running (01m20.4s), 008/788 VUs, 795 complete and 0 interrupted iterations
openloop_gradual   [  11% ] 008/788 VUs  01m20.4s/12m0s  010.00 iters/s

running (01m21.4s), 008/788 VUs, 805 complete and 0 interrupted iterations
openloop_gradual   [  11% ] 008/788 VUs  01m21.4s/12m0s  010.00 iters/s

running (01m22.4s), 006/788 VUs, 817 complete and 0 interrupted iterations
openloop_gradual   [  11% ] 006/788 VUs  01m22.4s/12m0s  010.00 iters/s

running (01m23.4s), 007/788 VUs, 826 complete and 0 interrupted iterations
openloop_gradual   [  12% ] 007/788 VUs  01m23.4s/12m0s  010.00 iters/s

running (01m24.4s), 007/788 VUs, 836 complete and 0 interrupted iterations
openloop_gradual   [  12% ] 007/788 VUs  01m24.4s/12m0s  010.00 iters/s

running (01m25.4s), 007/788 VUs, 846 complete and 0 interrupted iterations
openloop_gradual   [  12% ] 007/788 VUs  01m25.4s/12m0s  010.00 iters/s

running (01m26.4s), 007/788 VUs, 856 complete and 0 interrupted iterations
openloop_gradual   [  12% ] 007/788 VUs  01m26.4s/12m0s  010.00 iters/s

running (01m27.4s), 007/788 VUs, 866 complete and 0 interrupted iterations
openloop_gradual   [  12% ] 007/788 VUs  01m27.4s/12m0s  010.00 iters/s

running (01m28.4s), 008/788 VUs, 875 complete and 0 interrupted iterations
openloop_gradual   [  12% ] 008/788 VUs  01m28.4s/12m0s  010.00 iters/s

running (01m29.4s), 007/788 VUs, 886 complete and 0 interrupted iterations
openloop_gradual   [  12% ] 007/788 VUs  01m29.4s/12m0s  010.00 iters/s

running (01m30.4s), 007/788 VUs, 896 complete and 0 interrupted iterations
openloop_gradual   [  13% ] 007/788 VUs  01m30.4s/12m0s  010.00 iters/s

running (01m31.4s), 006/788 VUs, 907 complete and 0 interrupted iterations
openloop_gradual   [  13% ] 006/788 VUs  01m31.4s/12m0s  010.00 iters/s

running (01m32.4s), 007/788 VUs, 916 complete and 0 interrupted iterations
openloop_gradual   [  13% ] 007/788 VUs  01m32.4s/12m0s  010.00 iters/s

running (01m33.4s), 008/788 VUs, 925 complete and 0 interrupted iterations
openloop_gradual   [  13% ] 008/788 VUs  01m33.4s/12m0s  010.00 iters/s

running (01m34.4s), 006/788 VUs, 937 complete and 0 interrupted iterations
openloop_gradual   [  13% ] 006/788 VUs  01m34.4s/12m0s  010.00 iters/s

running (01m35.4s), 007/788 VUs, 946 complete and 0 interrupted iterations
openloop_gradual   [  13% ] 007/788 VUs  01m35.4s/12m0s  010.00 iters/s

running (01m36.4s), 007/788 VUs, 956 complete and 0 interrupted iterations
openloop_gradual   [  13% ] 007/788 VUs  01m36.4s/12m0s  010.00 iters/s

running (01m37.4s), 006/788 VUs, 967 complete and 0 interrupted iterations
openloop_gradual   [  14% ] 006/788 VUs  01m37.4s/12m0s  010.00 iters/s

running (01m38.4s), 007/788 VUs, 976 complete and 0 interrupted iterations
openloop_gradual   [  14% ] 007/788 VUs  01m38.4s/12m0s  010.00 iters/s

running (01m39.4s), 008/788 VUs, 985 complete and 0 interrupted iterations
openloop_gradual   [  14% ] 008/788 VUs  01m39.4s/12m0s  010.00 iters/s

running (01m40.4s), 008/788 VUs, 995 complete and 0 interrupted iterations
openloop_gradual   [  14% ] 008/788 VUs  01m40.4s/12m0s  010.00 iters/s

running (01m41.4s), 006/788 VUs, 1007 complete and 0 interrupted iterations
openloop_gradual   [  14% ] 006/788 VUs  01m41.4s/12m0s  010.00 iters/s

running (01m42.4s), 006/788 VUs, 1017 complete and 0 interrupted iterations
openloop_gradual   [  14% ] 006/788 VUs  01m42.4s/12m0s  010.00 iters/s

running (01m43.4s), 007/788 VUs, 1026 complete and 0 interrupted iterations
openloop_gradual   [  14% ] 007/788 VUs  01m43.4s/12m0s  010.00 iters/s

running (01m44.4s), 008/788 VUs, 1035 complete and 0 interrupted iterations
openloop_gradual   [  15% ] 008/788 VUs  01m44.4s/12m0s  010.00 iters/s

running (01m45.4s), 007/788 VUs, 1046 complete and 0 interrupted iterations
openloop_gradual   [  15% ] 007/788 VUs  01m45.4s/12m0s  010.00 iters/s

running (01m46.4s), 008/788 VUs, 1055 complete and 0 interrupted iterations
openloop_gradual   [  15% ] 008/788 VUs  01m46.4s/12m0s  010.00 iters/s

running (01m47.4s), 008/788 VUs, 1065 complete and 0 interrupted iterations
openloop_gradual   [  15% ] 008/788 VUs  01m47.4s/12m0s  010.00 iters/s

running (01m48.4s), 006/788 VUs, 1077 complete and 0 interrupted iterations
openloop_gradual   [  15% ] 006/788 VUs  01m48.4s/12m0s  010.00 iters/s

running (01m49.4s), 006/788 VUs, 1087 complete and 0 interrupted iterations
openloop_gradual   [  15% ] 006/788 VUs  01m49.4s/12m0s  010.00 iters/s

running (01m50.4s), 006/788 VUs, 1097 complete and 0 interrupted iterations
openloop_gradual   [  15% ] 006/788 VUs  01m50.4s/12m0s  010.00 iters/s

running (01m51.4s), 007/788 VUs, 1106 complete and 0 interrupted iterations
openloop_gradual   [  15% ] 007/788 VUs  01m51.4s/12m0s  010.00 iters/s

running (01m52.4s), 006/788 VUs, 1117 complete and 0 interrupted iterations
openloop_gradual   [  16% ] 006/788 VUs  01m52.4s/12m0s  010.00 iters/s

running (01m53.4s), 007/788 VUs, 1126 complete and 0 interrupted iterations
openloop_gradual   [  16% ] 007/788 VUs  01m53.4s/12m0s  010.00 iters/s

running (01m54.4s), 006/788 VUs, 1137 complete and 0 interrupted iterations
openloop_gradual   [  16% ] 006/788 VUs  01m54.4s/12m0s  010.00 iters/s

running (01m55.4s), 007/788 VUs, 1146 complete and 0 interrupted iterations
openloop_gradual   [  16% ] 007/788 VUs  01m55.4s/12m0s  010.00 iters/s

running (01m56.4s), 008/788 VUs, 1155 complete and 0 interrupted iterations
openloop_gradual   [  16% ] 008/788 VUs  01m56.4s/12m0s  010.00 iters/s

running (01m57.4s), 007/788 VUs, 1166 complete and 0 interrupted iterations
openloop_gradual   [  16% ] 007/788 VUs  01m57.4s/12m0s  010.00 iters/s

running (01m58.4s), 006/788 VUs, 1177 complete and 0 interrupted iterations
openloop_gradual   [  16% ] 006/788 VUs  01m58.4s/12m0s  010.00 iters/s

running (01m59.4s), 008/788 VUs, 1185 complete and 0 interrupted iterations
openloop_gradual   [  17% ] 008/788 VUs  01m59.4s/12m0s  010.00 iters/s

running (02m00.4s), 005/788 VUs, 1198 complete and 0 interrupted iterations
openloop_gradual   [  17% ] 005/788 VUs  02m00.4s/12m0s  010.11 iters/s

running (02m01.4s), 008/788 VUs, 1206 complete and 0 interrupted iterations
openloop_gradual   [  17% ] 008/788 VUs  02m01.4s/12m0s  010.45 iters/s

running (02m02.4s), 007/788 VUs, 1217 complete and 0 interrupted iterations
openloop_gradual   [  17% ] 007/788 VUs  02m02.4s/12m0s  010.75 iters/s

running (02m03.4s), 007/788 VUs, 1228 complete and 0 interrupted iterations
openloop_gradual   [  17% ] 007/788 VUs  02m03.4s/12m0s  011.07 iters/s

running (02m04.4s), 007/788 VUs, 1239 complete and 0 interrupted iterations
openloop_gradual   [  17% ] 007/788 VUs  02m04.4s/12m0s  011.38 iters/s

running (02m05.4s), 008/788 VUs, 1250 complete and 0 interrupted iterations
openloop_gradual   [  17% ] 008/788 VUs  02m05.4s/12m0s  011.71 iters/s

running (02m06.4s), 010/788 VUs, 1260 complete and 0 interrupted iterations
openloop_gradual   [  18% ] 010/788 VUs  02m06.4s/12m0s  012.03 iters/s

running (02m07.4s), 007/788 VUs, 1275 complete and 0 interrupted iterations
openloop_gradual   [  18% ] 007/788 VUs  02m07.4s/12m0s  012.34 iters/s

running (02m08.4s), 009/788 VUs, 1286 complete and 0 interrupted iterations
openloop_gradual   [  18% ] 009/788 VUs  02m08.4s/12m0s  012.67 iters/s

running (02m09.4s), 010/788 VUs, 1297 complete and 0 interrupted iterations
openloop_gradual   [  18% ] 010/788 VUs  02m09.4s/12m0s  012.96 iters/s

running (02m10.4s), 011/788 VUs, 1310 complete and 0 interrupted iterations
openloop_gradual   [  18% ] 011/788 VUs  02m10.4s/12m0s  013.30 iters/s

running (02m11.4s), 011/788 VUs, 1323 complete and 0 interrupted iterations
openloop_gradual   [  18% ] 011/788 VUs  02m11.4s/12m0s  013.61 iters/s

running (02m12.4s), 012/788 VUs, 1336 complete and 0 interrupted iterations
openloop_gradual   [  18% ] 012/788 VUs  02m12.4s/12m0s  013.93 iters/s

running (02m13.4s), 012/788 VUs, 1350 complete and 0 interrupted iterations
openloop_gradual   [  19% ] 012/788 VUs  02m13.4s/12m0s  014.24 iters/s

running (02m14.4s), 010/788 VUs, 1366 complete and 0 interrupted iterations
openloop_gradual   [  19% ] 010/788 VUs  02m14.4s/12m0s  014.55 iters/s

running (02m15.4s), 012/788 VUs, 1379 complete and 0 interrupted iterations
openloop_gradual   [  19% ] 012/788 VUs  02m15.4s/12m0s  014.88 iters/s

running (02m16.4s), 009/788 VUs, 1397 complete and 0 interrupted iterations
openloop_gradual   [  19% ] 009/788 VUs  02m16.4s/12m0s  015.19 iters/s

running (02m17.4s), 011/788 VUs, 1410 complete and 0 interrupted iterations
openloop_gradual   [  19% ] 011/788 VUs  02m17.4s/12m0s  015.50 iters/s

running (02m18.4s), 011/788 VUs, 1426 complete and 0 interrupted iterations
openloop_gradual   [  19% ] 011/788 VUs  02m18.4s/12m0s  015.82 iters/s

running (02m19.4s), 011/788 VUs, 1442 complete and 0 interrupted iterations
openloop_gradual   [  19% ] 011/788 VUs  02m19.4s/12m0s  016.14 iters/s

running (02m20.4s), 011/788 VUs, 1458 complete and 0 interrupted iterations
openloop_gradual   [  20% ] 011/788 VUs  02m20.4s/12m0s  016.45 iters/s

running (02m21.4s), 011/788 VUs, 1475 complete and 0 interrupted iterations
openloop_gradual   [  20% ] 011/788 VUs  02m21.4s/12m0s  016.78 iters/s

running (02m22.4s), 012/788 VUs, 1491 complete and 0 interrupted iterations
openloop_gradual   [  20% ] 012/788 VUs  02m22.4s/12m0s  017.09 iters/s

running (02m23.4s), 013/788 VUs, 1507 complete and 0 interrupted iterations
openloop_gradual   [  20% ] 013/788 VUs  02m23.4s/12m0s  017.41 iters/s

running (02m24.4s), 014/788 VUs, 1524 complete and 0 interrupted iterations
openloop_gradual   [  20% ] 014/788 VUs  02m24.4s/12m0s  017.73 iters/s

running (02m25.4s), 013/788 VUs, 1543 complete and 0 interrupted iterations
openloop_gradual   [  20% ] 013/788 VUs  02m25.4s/12m0s  018.05 iters/s

running (02m26.4s), 013/788 VUs, 1561 complete and 0 interrupted iterations
openloop_gradual   [  20% ] 013/788 VUs  02m26.4s/12m0s  018.36 iters/s

running (02m27.4s), 015/788 VUs, 1577 complete and 0 interrupted iterations
openloop_gradual   [  20% ] 015/788 VUs  02m27.4s/12m0s  018.67 iters/s

running (02m28.4s), 013/788 VUs, 1598 complete and 0 interrupted iterations
openloop_gradual   [  21% ] 013/788 VUs  02m28.4s/12m0s  018.99 iters/s

running (02m29.4s), 014/788 VUs, 1616 complete and 0 interrupted iterations
openloop_gradual   [  21% ] 014/788 VUs  02m29.4s/12m0s  019.30 iters/s

running (02m30.4s), 014/788 VUs, 1636 complete and 0 interrupted iterations
openloop_gradual   [  21% ] 014/788 VUs  02m30.4s/12m0s  019.63 iters/s

running (02m31.4s), 015/788 VUs, 1654 complete and 0 interrupted iterations
openloop_gradual   [  21% ] 015/788 VUs  02m31.4s/12m0s  019.93 iters/s

running (02m32.4s), 013/788 VUs, 1677 complete and 0 interrupted iterations
openloop_gradual   [  21% ] 013/788 VUs  02m32.4s/12m0s  020.26 iters/s

running (02m33.4s), 014/788 VUs, 1696 complete and 0 interrupted iterations
openloop_gradual   [  21% ] 014/788 VUs  02m33.4s/12m0s  020.57 iters/s

running (02m34.4s), 015/788 VUs, 1716 complete and 0 interrupted iterations
openloop_gradual   [  21% ] 015/788 VUs  02m34.4s/12m0s  020.90 iters/s

running (02m35.4s), 013/788 VUs, 1739 complete and 0 interrupted iterations
openloop_gradual   [  22% ] 013/788 VUs  02m35.4s/12m0s  021.21 iters/s

running (02m36.4s), 014/788 VUs, 1759 complete and 0 interrupted iterations
openloop_gradual   [  22% ] 014/788 VUs  02m36.4s/12m0s  021.52 iters/s

running (02m37.4s), 015/788 VUs, 1780 complete and 0 interrupted iterations
openloop_gradual   [  22% ] 015/788 VUs  02m37.4s/12m0s  021.84 iters/s

running (02m38.4s), 015/788 VUs, 1802 complete and 0 interrupted iterations
openloop_gradual   [  22% ] 015/788 VUs  02m38.4s/12m0s  022.16 iters/s

running (02m39.4s), 016/788 VUs, 1823 complete and 0 interrupted iterations
openloop_gradual   [  22% ] 016/788 VUs  02m39.4s/12m0s  022.47 iters/s

running (02m40.4s), 016/788 VUs, 1846 complete and 0 interrupted iterations
openloop_gradual   [  22% ] 016/788 VUs  02m40.4s/12m0s  022.79 iters/s

running (02m41.4s), 015/788 VUs, 1870 complete and 0 interrupted iterations
openloop_gradual   [  22% ] 015/788 VUs  02m41.4s/12m0s  023.11 iters/s

running (02m42.4s), 017/788 VUs, 1891 complete and 0 interrupted iterations
openloop_gradual   [  23% ] 017/788 VUs  02m42.4s/12m0s  023.42 iters/s

running (02m43.4s), 017/788 VUs, 1915 complete and 0 interrupted iterations
openloop_gradual   [  23% ] 017/788 VUs  02m43.4s/12m0s  023.75 iters/s

running (02m44.4s), 016/788 VUs, 1939 complete and 0 interrupted iterations
openloop_gradual   [  23% ] 016/788 VUs  02m44.4s/12m0s  024.05 iters/s

running (02m45.4s), 020/788 VUs, 1960 complete and 0 interrupted iterations
openloop_gradual   [  23% ] 020/788 VUs  02m45.4s/12m0s  024.38 iters/s

running (02m46.4s), 019/788 VUs, 1985 complete and 0 interrupted iterations
openloop_gradual   [  23% ] 019/788 VUs  02m46.4s/12m0s  024.69 iters/s

running (02m47.4s), 018/788 VUs, 2011 complete and 0 interrupted iterations
openloop_gradual   [  23% ] 018/788 VUs  02m47.4s/12m0s  025.01 iters/s

running (02m48.4s), 017/788 VUs, 2037 complete and 0 interrupted iterations
openloop_gradual   [  23% ] 017/788 VUs  02m48.4s/12m0s  025.32 iters/s

running (02m49.4s), 019/788 VUs, 2061 complete and 0 interrupted iterations
openloop_gradual   [  24% ] 019/788 VUs  02m49.4s/12m0s  025.64 iters/s

running (02m50.4s), 014/788 VUs, 2091 complete and 0 interrupted iterations
openloop_gradual   [  24% ] 014/788 VUs  02m50.4s/12m0s  025.95 iters/s

running (02m51.4s), 017/788 VUs, 2115 complete and 0 interrupted iterations
openloop_gradual   [  24% ] 017/788 VUs  02m51.4s/12m0s  026.28 iters/s

running (02m52.4s), 018/788 VUs, 2140 complete and 0 interrupted iterations
openloop_gradual   [  24% ] 018/788 VUs  02m52.4s/12m0s  026.59 iters/s

running (02m53.4s), 020/788 VUs, 2165 complete and 0 interrupted iterations
openloop_gradual   [  24% ] 020/788 VUs  02m53.4s/12m0s  026.91 iters/s

running (02m54.4s), 020/788 VUs, 2192 complete and 0 interrupted iterations
openloop_gradual   [  24% ] 020/788 VUs  02m54.4s/12m0s  027.23 iters/s

running (02m55.4s), 021/788 VUs, 2218 complete and 0 interrupted iterations
openloop_gradual   [  24% ] 021/788 VUs  02m55.4s/12m0s  027.54 iters/s

running (02m56.4s), 018/788 VUs, 2249 complete and 0 interrupted iterations
openloop_gradual   [  25% ] 018/788 VUs  02m56.4s/12m0s  027.86 iters/s

running (02m57.4s), 019/788 VUs, 2276 complete and 0 interrupted iterations
openloop_gradual   [  25% ] 019/788 VUs  02m57.4s/12m0s  028.17 iters/s

running (02m58.4s), 022/788 VUs, 2301 complete and 0 interrupted iterations
openloop_gradual   [  25% ] 022/788 VUs  02m58.4s/12m0s  028.49 iters/s

running (02m59.4s), 019/788 VUs, 2333 complete and 0 interrupted iterations
openloop_gradual   [  25% ] 019/788 VUs  02m59.4s/12m0s  028.81 iters/s

running (03m00.4s), 019/788 VUs, 2362 complete and 0 interrupted iterations
openloop_gradual   [  25% ] 019/788 VUs  03m00.4s/12m0s  029.13 iters/s

running (03m01.4s), 021/788 VUs, 2389 complete and 0 interrupted iterations
openloop_gradual   [  25% ] 021/788 VUs  03m01.4s/12m0s  029.44 iters/s

running (03m02.4s), 021/788 VUs, 2419 complete and 0 interrupted iterations
openloop_gradual   [  25% ] 021/788 VUs  03m02.4s/12m0s  029.76 iters/s

running (03m03.4s), 022/788 VUs, 2448 complete and 0 interrupted iterations
openloop_gradual   [  25% ] 022/788 VUs  03m03.4s/12m0s  030.08 iters/s

running (03m04.4s), 021/788 VUs, 2479 complete and 0 interrupted iterations
openloop_gradual   [  26% ] 021/788 VUs  03m04.4s/12m0s  030.39 iters/s

running (03m05.4s), 022/788 VUs, 2509 complete and 0 interrupted iterations
openloop_gradual   [  26% ] 022/788 VUs  03m05.4s/12m0s  030.71 iters/s

running (03m06.4s), 020/788 VUs, 2541 complete and 0 interrupted iterations
openloop_gradual   [  26% ] 020/788 VUs  03m06.4s/12m0s  031.02 iters/s

running (03m07.4s), 024/788 VUs, 2569 complete and 0 interrupted iterations
openloop_gradual   [  26% ] 024/788 VUs  03m07.4s/12m0s  031.35 iters/s

running (03m08.4s), 020/788 VUs, 2604 complete and 0 interrupted iterations
openloop_gradual   [  26% ] 020/788 VUs  03m08.4s/12m0s  031.66 iters/s

running (03m09.4s), 021/788 VUs, 2635 complete and 0 interrupted iterations
openloop_gradual   [  26% ] 021/788 VUs  03m09.4s/12m0s  031.98 iters/s

running (03m10.4s), 023/788 VUs, 2665 complete and 0 interrupted iterations
openloop_gradual   [  26% ] 023/788 VUs  03m10.4s/12m0s  032.29 iters/s

running (03m11.4s), 021/788 VUs, 2699 complete and 0 interrupted iterations
openloop_gradual   [  27% ] 021/788 VUs  03m11.4s/12m0s  032.60 iters/s

running (03m12.4s), 023/788 VUs, 2730 complete and 0 interrupted iterations
openloop_gradual   [  27% ] 023/788 VUs  03m12.4s/12m0s  032.92 iters/s

running (03m13.4s), 025/788 VUs, 2761 complete and 0 interrupted iterations
openloop_gradual   [  27% ] 025/788 VUs  03m13.4s/12m0s  033.24 iters/s

running (03m14.4s), 026/788 VUs, 2794 complete and 0 interrupted iterations
openloop_gradual   [  27% ] 026/788 VUs  03m14.4s/12m0s  033.56 iters/s

running (03m15.4s), 024/788 VUs, 2829 complete and 0 interrupted iterations
openloop_gradual   [  27% ] 024/788 VUs  03m15.4s/12m0s  033.87 iters/s

running (03m16.4s), 024/788 VUs, 2863 complete and 0 interrupted iterations
openloop_gradual   [  27% ] 024/788 VUs  03m16.4s/12m0s  034.19 iters/s

running (03m17.4s), 024/788 VUs, 2898 complete and 0 interrupted iterations
openloop_gradual   [  27% ] 024/788 VUs  03m17.4s/12m0s  034.51 iters/s

running (03m18.4s), 022/788 VUs, 2934 complete and 0 interrupted iterations
openloop_gradual   [  28% ] 022/788 VUs  03m18.4s/12m0s  034.82 iters/s

running (03m19.4s), 025/788 VUs, 2966 complete and 0 interrupted iterations
openloop_gradual   [  28% ] 025/788 VUs  03m19.4s/12m0s  035.14 iters/s

running (03m20.4s), 025/788 VUs, 3002 complete and 0 interrupted iterations
openloop_gradual   [  28% ] 025/788 VUs  03m20.4s/12m0s  035.46 iters/s

running (03m21.4s), 027/788 VUs, 3035 complete and 0 interrupted iterations
openloop_gradual   [  28% ] 027/788 VUs  03m21.4s/12m0s  035.77 iters/s

running (03m22.4s), 023/788 VUs, 3075 complete and 0 interrupted iterations
openloop_gradual   [  28% ] 023/788 VUs  03m22.4s/12m0s  036.09 iters/s

running (03m23.4s), 026/788 VUs, 3109 complete and 0 interrupted iterations
openloop_gradual   [  28% ] 026/788 VUs  03m23.4s/12m0s  036.41 iters/s

running (03m24.4s), 026/788 VUs, 3145 complete and 0 interrupted iterations
openloop_gradual   [  28% ] 026/788 VUs  03m24.4s/12m0s  036.72 iters/s

running (03m25.4s), 027/788 VUs, 3181 complete and 0 interrupted iterations
openloop_gradual   [  29% ] 027/788 VUs  03m25.4s/12m0s  037.04 iters/s

running (03m26.4s), 027/788 VUs, 3218 complete and 0 interrupted iterations
openloop_gradual   [  29% ] 027/788 VUs  03m26.4s/12m0s  037.36 iters/s

running (03m27.4s), 028/788 VUs, 3255 complete and 0 interrupted iterations
openloop_gradual   [  29% ] 028/788 VUs  03m27.4s/12m0s  037.68 iters/s

running (03m28.4s), 025/788 VUs, 3295 complete and 0 interrupted iterations
openloop_gradual   [  29% ] 025/788 VUs  03m28.4s/12m0s  037.99 iters/s

running (03m29.4s), 029/788 VUs, 3330 complete and 0 interrupted iterations
openloop_gradual   [  29% ] 029/788 VUs  03m29.4s/12m0s  038.31 iters/s

running (03m30.4s), 026/788 VUs, 3371 complete and 0 interrupted iterations
openloop_gradual   [  29% ] 026/788 VUs  03m30.4s/12m0s  038.62 iters/s

running (03m31.4s), 025/788 VUs, 3411 complete and 0 interrupted iterations
openloop_gradual   [  29% ] 025/788 VUs  03m31.4s/12m0s  038.94 iters/s

running (03m32.4s), 029/788 VUs, 3446 complete and 0 interrupted iterations
openloop_gradual   [  30% ] 029/788 VUs  03m32.4s/12m0s  039.26 iters/s

running (03m33.4s), 024/788 VUs, 3490 complete and 0 interrupted iterations
openloop_gradual   [  30% ] 024/788 VUs  03m33.4s/12m0s  039.57 iters/s

running (03m34.4s), 028/788 VUs, 3526 complete and 0 interrupted iterations
openloop_gradual   [  30% ] 028/788 VUs  03m34.4s/12m0s  039.89 iters/s

running (03m35.4s), 028/788 VUs, 3566 complete and 0 interrupted iterations
openloop_gradual   [  30% ] 028/788 VUs  03m35.4s/12m0s  040.21 iters/s

running (03m36.4s), 028/788 VUs, 3607 complete and 0 interrupted iterations
openloop_gradual   [  30% ] 028/788 VUs  03m36.4s/12m0s  040.53 iters/s

running (03m37.4s), 029/788 VUs, 3646 complete and 0 interrupted iterations
openloop_gradual   [  30% ] 029/788 VUs  03m37.4s/12m0s  040.84 iters/s

running (03m38.4s), 029/788 VUs, 3687 complete and 0 interrupted iterations
openloop_gradual   [  30% ] 029/788 VUs  03m38.4s/12m0s  041.16 iters/s

running (03m39.4s), 028/788 VUs, 3730 complete and 0 interrupted iterations
openloop_gradual   [  30% ] 028/788 VUs  03m39.4s/12m0s  041.48 iters/s

running (03m40.4s), 030/788 VUs, 3769 complete and 0 interrupted iterations
openloop_gradual   [  31% ] 030/788 VUs  03m40.4s/12m0s  041.79 iters/s

running (03m41.4s), 027/788 VUs, 3814 complete and 0 interrupted iterations
openloop_gradual   [  31% ] 027/788 VUs  03m41.4s/12m0s  042.11 iters/s

running (03m42.4s), 031/788 VUs, 3852 complete and 0 interrupted iterations
openloop_gradual   [  31% ] 031/788 VUs  03m42.4s/12m0s  042.42 iters/s

running (03m43.4s), 031/788 VUs, 3895 complete and 0 interrupted iterations
openloop_gradual   [  31% ] 031/788 VUs  03m43.4s/12m0s  042.74 iters/s

running (03m44.4s), 028/788 VUs, 3941 complete and 0 interrupted iterations
openloop_gradual   [  31% ] 028/788 VUs  03m44.4s/12m0s  043.06 iters/s

running (03m45.4s), 031/788 VUs, 3981 complete and 0 interrupted iterations
openloop_gradual   [  31% ] 031/788 VUs  03m45.4s/12m0s  043.37 iters/s

running (03m46.4s), 031/788 VUs, 4025 complete and 0 interrupted iterations
openloop_gradual   [  31% ] 031/788 VUs  03m46.4s/12m0s  043.69 iters/s

running (03m47.4s), 030/788 VUs, 4070 complete and 0 interrupted iterations
openloop_gradual   [  32% ] 030/788 VUs  03m47.4s/12m0s  044.01 iters/s

running (03m48.4s), 029/788 VUs, 4115 complete and 0 interrupted iterations
openloop_gradual   [  32% ] 029/788 VUs  03m48.4s/12m0s  044.33 iters/s

running (03m49.4s), 029/788 VUs, 4159 complete and 0 interrupted iterations
openloop_gradual   [  32% ] 029/788 VUs  03m49.4s/12m0s  044.64 iters/s

running (03m50.4s), 028/788 VUs, 4205 complete and 0 interrupted iterations
openloop_gradual   [  32% ] 028/788 VUs  03m50.4s/12m0s  044.96 iters/s

running (03m51.4s), 028/788 VUs, 4250 complete and 0 interrupted iterations
openloop_gradual   [  32% ] 028/788 VUs  03m51.4s/12m0s  045.27 iters/s

running (03m52.4s), 031/788 VUs, 4292 complete and 0 interrupted iterations
openloop_gradual   [  32% ] 031/788 VUs  03m52.4s/12m0s  045.59 iters/s

running (03m53.4s), 031/788 VUs, 4338 complete and 0 interrupted iterations
openloop_gradual   [  32% ] 031/788 VUs  03m53.4s/12m0s  045.91 iters/s

running (03m54.4s), 033/788 VUs, 4382 complete and 0 interrupted iterations
openloop_gradual   [  33% ] 033/788 VUs  03m54.4s/12m0s  046.22 iters/s

running (03m55.4s), 035/788 VUs, 4427 complete and 0 interrupted iterations
openloop_gradual   [  33% ] 035/788 VUs  03m55.4s/12m0s  046.54 iters/s

running (03m56.4s), 033/788 VUs, 4475 complete and 0 interrupted iterations
openloop_gradual   [  33% ] 033/788 VUs  03m56.4s/12m0s  046.85 iters/s

running (03m57.4s), 033/788 VUs, 4522 complete and 0 interrupted iterations
openloop_gradual   [  33% ] 033/788 VUs  03m57.4s/12m0s  047.17 iters/s

running (03m58.4s), 032/788 VUs, 4571 complete and 0 interrupted iterations
openloop_gradual   [  33% ] 032/788 VUs  03m58.4s/12m0s  047.49 iters/s

running (03m59.4s), 035/788 VUs, 4615 complete and 0 interrupted iterations
openloop_gradual   [  33% ] 035/788 VUs  03m59.4s/12m0s  047.80 iters/s

running (04m00.4s), 035/788 VUs, 4663 complete and 0 interrupted iterations
openloop_gradual   [  33% ] 035/788 VUs  04m00.4s/12m0s  048.12 iters/s

running (04m01.4s), 036/788 VUs, 4711 complete and 0 interrupted iterations
openloop_gradual   [  34% ] 036/788 VUs  04m01.4s/12m0s  048.44 iters/s

running (04m02.4s), 037/788 VUs, 4758 complete and 0 interrupted iterations
openloop_gradual   [  34% ] 037/788 VUs  04m02.4s/12m0s  048.76 iters/s

running (04m03.4s), 037/788 VUs, 4807 complete and 0 interrupted iterations
openloop_gradual   [  34% ] 037/788 VUs  04m03.4s/12m0s  049.07 iters/s

running (04m04.4s), 037/788 VUs, 4856 complete and 0 interrupted iterations
openloop_gradual   [  34% ] 037/788 VUs  04m04.4s/12m0s  049.39 iters/s

running (04m05.4s), 039/788 VUs, 4904 complete and 0 interrupted iterations
openloop_gradual   [  34% ] 039/788 VUs  04m05.4s/12m0s  049.71 iters/s

running (04m06.4s), 029/788 VUs, 4964 complete and 0 interrupted iterations
openloop_gradual   [  34% ] 029/788 VUs  04m06.4s/12m0s  050.03 iters/s

running (04m07.4s), 036/788 VUs, 5007 complete and 0 interrupted iterations
openloop_gradual   [  34% ] 036/788 VUs  04m07.4s/12m0s  050.34 iters/s

running (04m08.4s), 036/788 VUs, 5057 complete and 0 interrupted iterations
openloop_gradual   [  35% ] 036/788 VUs  04m08.4s/12m0s  050.65 iters/s

running (04m09.4s), 036/788 VUs, 5108 complete and 0 interrupted iterations
openloop_gradual   [  35% ] 036/788 VUs  04m09.4s/12m0s  050.97 iters/s

running (04m10.4s), 036/788 VUs, 5159 complete and 0 interrupted iterations
openloop_gradual   [  35% ] 036/788 VUs  04m10.4s/12m0s  051.29 iters/s

running (04m11.4s), 041/788 VUs, 5206 complete and 0 interrupted iterations
openloop_gradual   [  35% ] 041/788 VUs  04m11.4s/12m0s  051.61 iters/s

running (04m12.4s), 037/788 VUs, 5262 complete and 0 interrupted iterations
openloop_gradual   [  35% ] 037/788 VUs  04m12.4s/12m0s  051.93 iters/s

running (04m13.4s), 033/788 VUs, 5318 complete and 0 interrupted iterations
openloop_gradual   [  35% ] 033/788 VUs  04m13.4s/12m0s  052.24 iters/s

running (04m14.4s), 034/788 VUs, 5369 complete and 0 interrupted iterations
openloop_gradual   [  35% ] 034/788 VUs  04m14.4s/12m0s  052.56 iters/s

running (04m15.4s), 040/788 VUs, 5416 complete and 0 interrupted iterations
openloop_gradual   [  35% ] 040/788 VUs  04m15.4s/12m0s  052.88 iters/s

running (04m16.4s), 043/788 VUs, 5466 complete and 0 interrupted iterations
openloop_gradual   [  36% ] 043/788 VUs  04m16.4s/12m0s  053.19 iters/s

running (04m17.4s), 038/788 VUs, 5524 complete and 0 interrupted iterations
openloop_gradual   [  36% ] 038/788 VUs  04m17.4s/12m0s  053.51 iters/s

running (04m18.4s), 043/788 VUs, 5573 complete and 0 interrupted iterations
openloop_gradual   [  36% ] 043/788 VUs  04m18.4s/12m0s  053.82 iters/s

running (04m19.4s), 039/788 VUs, 5631 complete and 0 interrupted iterations
openloop_gradual   [  36% ] 039/788 VUs  04m19.4s/12m0s  054.14 iters/s

running (04m20.4s), 039/788 VUs, 5685 complete and 0 interrupted iterations
openloop_gradual   [  36% ] 039/788 VUs  04m20.4s/12m0s  054.46 iters/s

running (04m21.4s), 038/788 VUs, 5741 complete and 0 interrupted iterations
openloop_gradual   [  36% ] 038/788 VUs  04m21.4s/12m0s  054.78 iters/s

running (04m22.4s), 039/788 VUs, 5795 complete and 0 interrupted iterations
openloop_gradual   [  36% ] 039/788 VUs  04m22.4s/12m0s  055.09 iters/s

running (04m23.4s), 039/788 VUs, 5850 complete and 0 interrupted iterations
openloop_gradual   [  37% ] 039/788 VUs  04m23.4s/12m0s  055.41 iters/s

running (04m24.4s), 039/788 VUs, 5906 complete and 0 interrupted iterations
openloop_gradual   [  37% ] 039/788 VUs  04m24.4s/12m0s  055.73 iters/s

running (04m25.4s), 038/788 VUs, 5962 complete and 0 interrupted iterations
openloop_gradual   [  37% ] 038/788 VUs  04m25.4s/12m0s  056.04 iters/s

running (04m26.4s), 043/788 VUs, 6014 complete and 0 interrupted iterations
openloop_gradual   [  37% ] 043/788 VUs  04m26.4s/12m0s  056.36 iters/s

running (04m27.4s), 038/788 VUs, 6075 complete and 0 interrupted iterations
openloop_gradual   [  37% ] 038/788 VUs  04m27.4s/12m0s  056.67 iters/s

running (04m28.4s), 041/788 VUs, 6129 complete and 0 interrupted iterations
openloop_gradual   [  37% ] 041/788 VUs  04m28.4s/12m0s  056.99 iters/s

running (04m29.4s), 037/788 VUs, 6190 complete and 0 interrupted iterations
openloop_gradual   [  37% ] 037/788 VUs  04m29.4s/12m0s  057.31 iters/s

running (04m30.4s), 039/788 VUs, 6246 complete and 0 interrupted iterations
openloop_gradual   [  38% ] 039/788 VUs  04m30.4s/12m0s  057.63 iters/s

running (04m31.4s), 041/788 VUs, 6301 complete and 0 interrupted iterations
openloop_gradual   [  38% ] 041/788 VUs  04m31.4s/12m0s  057.94 iters/s

running (04m32.4s), 040/788 VUs, 6360 complete and 0 interrupted iterations
openloop_gradual   [  38% ] 040/788 VUs  04m32.4s/12m0s  058.26 iters/s

running (04m33.4s), 043/788 VUs, 6416 complete and 0 interrupted iterations
openloop_gradual   [  38% ] 043/788 VUs  04m33.4s/12m0s  058.57 iters/s

running (04m34.4s), 043/788 VUs, 6475 complete and 0 interrupted iterations
openloop_gradual   [  38% ] 043/788 VUs  04m34.4s/12m0s  058.89 iters/s

running (04m35.4s), 044/788 VUs, 6533 complete and 0 interrupted iterations
openloop_gradual   [  38% ] 044/788 VUs  04m35.4s/12m0s  059.21 iters/s

running (04m36.4s), 041/788 VUs, 6595 complete and 0 interrupted iterations
openloop_gradual   [  38% ] 041/788 VUs  04m36.4s/12m0s  059.52 iters/s

running (04m37.4s), 041/788 VUs, 6655 complete and 0 interrupted iterations
openloop_gradual   [  39% ] 041/788 VUs  04m37.4s/12m0s  059.84 iters/s

running (04m38.4s), 045/788 VUs, 6711 complete and 0 interrupted iterations
openloop_gradual   [  39% ] 045/788 VUs  04m38.4s/12m0s  060.16 iters/s

running (04m39.4s), 041/788 VUs, 6775 complete and 0 interrupted iterations
openloop_gradual   [  39% ] 041/788 VUs  04m39.4s/12m0s  060.47 iters/s

running (04m40.4s), 047/788 VUs, 6830 complete and 0 interrupted iterations
openloop_gradual   [  39% ] 047/788 VUs  04m40.4s/12m0s  060.79 iters/s

running (04m41.4s), 046/788 VUs, 6892 complete and 0 interrupted iterations
openloop_gradual   [  39% ] 046/788 VUs  04m41.4s/12m0s  061.11 iters/s

running (04m42.4s), 045/788 VUs, 6954 complete and 0 interrupted iterations
openloop_gradual   [  39% ] 045/788 VUs  04m42.4s/12m0s  061.42 iters/s

running (04m43.4s), 045/788 VUs, 7015 complete and 0 interrupted iterations
openloop_gradual   [  39% ] 045/788 VUs  04m43.4s/12m0s  061.74 iters/s

running (04m44.4s), 048/788 VUs, 7074 complete and 0 interrupted iterations
openloop_gradual   [  40% ] 048/788 VUs  04m44.4s/12m0s  062.06 iters/s

running (04m45.4s), 043/788 VUs, 7142 complete and 0 interrupted iterations
openloop_gradual   [  40% ] 043/788 VUs  04m45.4s/12m0s  062.38 iters/s

running (04m46.4s), 045/788 VUs, 7202 complete and 0 interrupted iterations
openloop_gradual   [  40% ] 045/788 VUs  04m46.4s/12m0s  062.69 iters/s

running (04m47.4s), 045/788 VUs, 7265 complete and 0 interrupted iterations
openloop_gradual   [  40% ] 045/788 VUs  04m47.4s/12m0s  063.01 iters/s

running (04m48.4s), 050/788 VUs, 7323 complete and 0 interrupted iterations
openloop_gradual   [  40% ] 050/788 VUs  04m48.4s/12m0s  063.32 iters/s

running (04m49.4s), 045/788 VUs, 7392 complete and 0 interrupted iterations
openloop_gradual   [  40% ] 045/788 VUs  04m49.4s/12m0s  063.64 iters/s

running (04m50.4s), 045/788 VUs, 7455 complete and 0 interrupted iterations
openloop_gradual   [  40% ] 045/788 VUs  04m50.4s/12m0s  063.96 iters/s

running (04m51.4s), 047/788 VUs, 7518 complete and 0 interrupted iterations
openloop_gradual   [  40% ] 047/788 VUs  04m51.4s/12m0s  064.28 iters/s

running (04m52.4s), 047/788 VUs, 7582 complete and 0 interrupted iterations
openloop_gradual   [  41% ] 047/788 VUs  04m52.4s/12m0s  064.59 iters/s

running (04m53.4s), 049/788 VUs, 7645 complete and 0 interrupted iterations
openloop_gradual   [  41% ] 049/788 VUs  04m53.4s/12m0s  064.91 iters/s

running (04m54.4s), 048/788 VUs, 7711 complete and 0 interrupted iterations
openloop_gradual   [  41% ] 048/788 VUs  04m54.4s/12m0s  065.23 iters/s

running (04m55.4s), 046/788 VUs, 7778 complete and 0 interrupted iterations
openloop_gradual   [  41% ] 046/788 VUs  04m55.4s/12m0s  065.54 iters/s

running (04m56.4s), 047/788 VUs, 7843 complete and 0 interrupted iterations
openloop_gradual   [  41% ] 047/788 VUs  04m56.4s/12m0s  065.86 iters/s

running (04m57.4s), 050/788 VUs, 7906 complete and 0 interrupted iterations
openloop_gradual   [  41% ] 050/788 VUs  04m57.4s/12m0s  066.17 iters/s

running (04m58.4s), 048/788 VUs, 7974 complete and 0 interrupted iterations
openloop_gradual   [  41% ] 048/788 VUs  04m58.4s/12m0s  066.49 iters/s

running (04m59.4s), 049/788 VUs, 8040 complete and 0 interrupted iterations
openloop_gradual   [  42% ] 049/788 VUs  04m59.4s/12m0s  066.81 iters/s

running (05m00.4s), 046/788 VUs, 8110 complete and 0 interrupted iterations
openloop_gradual   [  42% ] 046/788 VUs  05m00.4s/12m0s  067.13 iters/s

running (05m01.4s), 048/788 VUs, 8175 complete and 0 interrupted iterations
openloop_gradual   [  42% ] 048/788 VUs  05m01.4s/12m0s  067.44 iters/s

running (05m02.4s), 053/788 VUs, 8238 complete and 0 interrupted iterations
openloop_gradual   [  42% ] 053/788 VUs  05m02.4s/12m0s  067.76 iters/s

running (05m03.4s), 051/788 VUs, 8308 complete and 0 interrupted iterations
openloop_gradual   [  42% ] 051/788 VUs  05m03.4s/12m0s  068.08 iters/s

running (05m04.4s), 050/788 VUs, 8377 complete and 0 interrupted iterations
openloop_gradual   [  42% ] 050/788 VUs  05m04.4s/12m0s  068.39 iters/s

running (05m05.4s), 050/788 VUs, 8445 complete and 0 interrupted iterations
openloop_gradual   [  42% ] 050/788 VUs  05m05.4s/12m0s  068.71 iters/s

running (05m06.4s), 047/788 VUs, 8517 complete and 0 interrupted iterations
openloop_gradual   [  43% ] 047/788 VUs  05m06.4s/12m0s  069.02 iters/s

running (05m07.4s), 046/788 VUs, 8587 complete and 0 interrupted iterations
openloop_gradual   [  43% ] 046/788 VUs  05m07.4s/12m0s  069.34 iters/s

running (05m08.4s), 048/788 VUs, 8655 complete and 0 interrupted iterations
openloop_gradual   [  43% ] 048/788 VUs  05m08.4s/12m0s  069.66 iters/s

running (05m09.4s), 053/788 VUs, 8720 complete and 0 interrupted iterations
openloop_gradual   [  43% ] 053/788 VUs  05m09.4s/12m0s  069.98 iters/s

running (05m10.4s), 050/788 VUs, 8793 complete and 0 interrupted iterations
openloop_gradual   [  43% ] 050/788 VUs  05m10.4s/12m0s  070.29 iters/s

running (05m11.4s), 053/788 VUs, 8860 complete and 0 interrupted iterations
openloop_gradual   [  43% ] 053/788 VUs  05m11.4s/12m0s  070.61 iters/s

running (05m12.4s), 052/788 VUs, 8932 complete and 0 interrupted iterations
openloop_gradual   [  43% ] 052/788 VUs  05m12.4s/12m0s  070.92 iters/s

running (05m13.4s), 052/788 VUs, 9003 complete and 0 interrupted iterations
openloop_gradual   [  44% ] 052/788 VUs  05m13.4s/12m0s  071.24 iters/s

running (05m14.4s), 051/788 VUs, 9076 complete and 0 interrupted iterations
openloop_gradual   [  44% ] 051/788 VUs  05m14.4s/12m0s  071.56 iters/s

running (05m15.4s), 050/788 VUs, 9148 complete and 0 interrupted iterations
openloop_gradual   [  44% ] 050/788 VUs  05m15.4s/12m0s  071.87 iters/s

running (05m16.4s), 049/788 VUs, 9221 complete and 0 interrupted iterations
openloop_gradual   [  44% ] 049/788 VUs  05m16.4s/12m0s  072.19 iters/s

running (05m17.4s), 055/788 VUs, 9288 complete and 0 interrupted iterations
openloop_gradual   [  44% ] 055/788 VUs  05m17.4s/12m0s  072.51 iters/s

running (05m18.4s), 048/788 VUs, 9367 complete and 0 interrupted iterations
openloop_gradual   [  44% ] 048/788 VUs  05m18.4s/12m0s  072.82 iters/s

running (05m19.4s), 049/788 VUs, 9439 complete and 0 interrupted iterations
openloop_gradual   [  44% ] 049/788 VUs  05m19.4s/12m0s  073.14 iters/s

running (05m20.4s), 054/788 VUs, 9508 complete and 0 interrupted iterations
openloop_gradual   [  45% ] 054/788 VUs  05m20.4s/12m0s  073.46 iters/s

running (05m21.4s), 051/788 VUs, 9584 complete and 0 interrupted iterations
openloop_gradual   [  45% ] 051/788 VUs  05m21.4s/12m0s  073.77 iters/s

running (05m22.4s), 051/788 VUs, 9658 complete and 0 interrupted iterations
openloop_gradual   [  45% ] 051/788 VUs  05m22.4s/12m0s  074.09 iters/s

running (05m23.4s), 053/788 VUs, 9730 complete and 0 interrupted iterations
openloop_gradual   [  45% ] 053/788 VUs  05m23.4s/12m0s  074.41 iters/s

running (05m24.4s), 053/788 VUs, 9805 complete and 0 interrupted iterations
openloop_gradual   [  45% ] 053/788 VUs  05m24.4s/12m0s  074.72 iters/s

running (05m25.4s), 056/788 VUs, 9877 complete and 0 interrupted iterations
openloop_gradual   [  45% ] 056/788 VUs  05m25.4s/12m0s  075.04 iters/s

running (05m26.4s), 054/788 VUs, 9954 complete and 0 interrupted iterations
openloop_gradual   [  45% ] 054/788 VUs  05m26.4s/12m0s  075.36 iters/s

running (05m27.4s), 053/788 VUs, 10031 complete and 0 interrupted iterations
openloop_gradual   [  45% ] 053/788 VUs  05m27.4s/12m0s  075.68 iters/s

running (05m28.4s), 052/788 VUs, 10107 complete and 0 interrupted iterations
openloop_gradual   [  46% ] 052/788 VUs  05m28.4s/12m0s  075.99 iters/s

running (05m29.4s), 061/788 VUs, 10175 complete and 0 interrupted iterations
openloop_gradual   [  46% ] 061/788 VUs  05m29.4s/12m0s  076.31 iters/s

running (05m30.4s), 056/788 VUs, 10256 complete and 0 interrupted iterations
openloop_gradual   [  46% ] 056/788 VUs  05m30.4s/12m0s  076.62 iters/s

running (05m31.4s), 054/788 VUs, 10335 complete and 0 interrupted iterations
openloop_gradual   [  46% ] 054/788 VUs  05m31.4s/12m0s  076.94 iters/s

running (05m32.4s), 053/788 VUs, 10413 complete and 0 interrupted iterations
openloop_gradual   [  46% ] 053/788 VUs  05m32.4s/12m0s  077.26 iters/s

running (05m33.4s), 054/788 VUs, 10489 complete and 0 interrupted iterations
openloop_gradual   [  46% ] 054/788 VUs  05m33.4s/12m0s  077.57 iters/s

running (05m34.4s), 051/788 VUs, 10570 complete and 0 interrupted iterations
openloop_gradual   [  46% ] 051/788 VUs  05m34.4s/12m0s  077.89 iters/s

running (05m35.4s), 054/788 VUs, 10645 complete and 0 interrupted iterations
openloop_gradual   [  47% ] 054/788 VUs  05m35.4s/12m0s  078.21 iters/s

running (05m36.4s), 054/788 VUs, 10723 complete and 0 interrupted iterations
openloop_gradual   [  47% ] 054/788 VUs  05m36.4s/12m0s  078.52 iters/s

running (05m37.4s), 055/788 VUs, 10801 complete and 0 interrupted iterations
openloop_gradual   [  47% ] 055/788 VUs  05m37.4s/12m0s  078.84 iters/s

running (05m38.4s), 056/788 VUs, 10879 complete and 0 interrupted iterations
openloop_gradual   [  47% ] 056/788 VUs  05m38.4s/12m0s  079.16 iters/s

running (05m39.4s), 056/788 VUs, 10958 complete and 0 interrupted iterations
openloop_gradual   [  47% ] 056/788 VUs  05m39.4s/12m0s  079.47 iters/s

running (05m40.4s), 055/788 VUs, 11039 complete and 0 interrupted iterations
openloop_gradual   [  47% ] 055/788 VUs  05m40.4s/12m0s  079.79 iters/s

running (05m41.4s), 056/788 VUs, 11118 complete and 0 interrupted iterations
openloop_gradual   [  47% ] 056/788 VUs  05m41.4s/12m0s  080.11 iters/s

running (05m42.4s), 060/788 VUs, 11194 complete and 0 interrupted iterations
openloop_gradual   [  48% ] 060/788 VUs  05m42.4s/12m0s  080.42 iters/s

running (05m43.4s), 056/788 VUs, 11279 complete and 0 interrupted iterations
openloop_gradual   [  48% ] 056/788 VUs  05m43.4s/12m0s  080.74 iters/s

running (05m44.4s), 058/788 VUs, 11358 complete and 0 interrupted iterations
openloop_gradual   [  48% ] 058/788 VUs  05m44.4s/12m0s  081.06 iters/s

running (05m45.4s), 054/788 VUs, 11443 complete and 0 interrupted iterations
openloop_gradual   [  48% ] 054/788 VUs  05m45.4s/12m0s  081.37 iters/s

running (05m46.4s), 056/788 VUs, 11523 complete and 0 interrupted iterations
openloop_gradual   [  48% ] 056/788 VUs  05m46.4s/12m0s  081.69 iters/s

running (05m47.4s), 058/788 VUs, 11602 complete and 0 interrupted iterations
openloop_gradual   [  48% ] 058/788 VUs  05m47.4s/12m0s  082.01 iters/s

running (05m48.4s), 056/788 VUs, 11687 complete and 0 interrupted iterations
openloop_gradual   [  48% ] 056/788 VUs  05m48.4s/12m0s  082.33 iters/s

running (05m49.4s), 057/788 VUs, 11768 complete and 0 interrupted iterations
openloop_gradual   [  49% ] 057/788 VUs  05m49.4s/12m0s  082.64 iters/s

running (05m50.4s), 057/788 VUs, 11851 complete and 0 interrupted iterations
openloop_gradual   [  49% ] 057/788 VUs  05m50.4s/12m0s  082.96 iters/s

running (05m51.4s), 060/788 VUs, 11931 complete and 0 interrupted iterations
openloop_gradual   [  49% ] 060/788 VUs  05m51.4s/12m0s  083.27 iters/s

running (05m52.4s), 060/788 VUs, 12015 complete and 0 interrupted iterations
openloop_gradual   [  49% ] 060/788 VUs  05m52.4s/12m0s  083.59 iters/s

running (05m53.4s), 059/788 VUs, 12099 complete and 0 interrupted iterations
openloop_gradual   [  49% ] 059/788 VUs  05m53.4s/12m0s  083.91 iters/s

running (05m54.4s), 065/788 VUs, 12177 complete and 0 interrupted iterations
openloop_gradual   [  49% ] 065/788 VUs  05m54.4s/12m0s  084.22 iters/s

running (05m55.4s), 061/788 VUs, 12265 complete and 0 interrupted iterations
openloop_gradual   [  49% ] 061/788 VUs  05m55.4s/12m0s  084.54 iters/s

running (05m56.4s), 054/788 VUs, 12357 complete and 0 interrupted iterations
openloop_gradual   [  50% ] 054/788 VUs  05m56.4s/12m0s  084.86 iters/s

running (05m57.4s), 062/788 VUs, 12434 complete and 0 interrupted iterations
openloop_gradual   [  50% ] 062/788 VUs  05m57.4s/12m0s  085.17 iters/s

running (05m58.4s), 061/788 VUs, 12521 complete and 0 interrupted iterations
openloop_gradual   [  50% ] 061/788 VUs  05m58.4s/12m0s  085.49 iters/s

running (05m59.4s), 063/788 VUs, 12604 complete and 0 interrupted iterations
openloop_gradual   [  50% ] 063/788 VUs  05m59.4s/12m0s  085.81 iters/s

running (06m00.4s), 058/788 VUs, 12695 complete and 0 interrupted iterations
openloop_gradual   [  50% ] 058/788 VUs  06m00.4s/12m0s  086.12 iters/s

running (06m01.4s), 061/788 VUs, 12779 complete and 0 interrupted iterations
openloop_gradual   [  50% ] 061/788 VUs  06m01.4s/12m0s  086.44 iters/s

running (06m02.4s), 064/788 VUs, 12862 complete and 0 interrupted iterations
openloop_gradual   [  50% ] 064/788 VUs  06m02.4s/12m0s  086.76 iters/s

running (06m03.4s), 057/788 VUs, 12956 complete and 0 interrupted iterations
openloop_gradual   [  50% ] 057/788 VUs  06m03.4s/12m0s  087.07 iters/s

running (06m04.4s), 061/788 VUs, 13039 complete and 0 interrupted iterations
openloop_gradual   [  51% ] 061/788 VUs  06m04.4s/12m0s  087.39 iters/s

running (06m05.4s), 059/788 VUs, 13129 complete and 0 interrupted iterations
openloop_gradual   [  51% ] 059/788 VUs  06m05.4s/12m0s  087.71 iters/s

running (06m06.4s), 057/788 VUs, 13219 complete and 0 interrupted iterations
openloop_gradual   [  51% ] 057/788 VUs  06m06.4s/12m0s  088.03 iters/s

running (06m07.4s), 065/788 VUs, 13299 complete and 0 interrupted iterations
openloop_gradual   [  51% ] 065/788 VUs  06m07.4s/12m0s  088.34 iters/s

running (06m08.4s), 061/788 VUs, 13391 complete and 0 interrupted iterations
openloop_gradual   [  51% ] 061/788 VUs  06m08.4s/12m0s  088.66 iters/s

running (06m09.4s), 062/788 VUs, 13479 complete and 0 interrupted iterations
openloop_gradual   [  51% ] 062/788 VUs  06m09.4s/12m0s  088.97 iters/s

running (06m10.4s), 068/788 VUs, 13562 complete and 0 interrupted iterations
openloop_gradual   [  51% ] 068/788 VUs  06m10.4s/12m0s  089.29 iters/s

running (06m11.4s), 064/788 VUs, 13656 complete and 0 interrupted iterations
openloop_gradual   [  52% ] 064/788 VUs  06m11.4s/12m0s  089.61 iters/s

running (06m12.4s), 063/788 VUs, 13747 complete and 0 interrupted iterations
openloop_gradual   [  52% ] 063/788 VUs  06m12.4s/12m0s  089.93 iters/s

running (06m13.4s), 065/788 VUs, 13835 complete and 0 interrupted iterations
openloop_gradual   [  52% ] 065/788 VUs  06m13.4s/12m0s  090.24 iters/s

running (06m14.4s), 063/788 VUs, 13927 complete and 0 interrupted iterations
openloop_gradual   [  52% ] 063/788 VUs  06m14.4s/12m0s  090.56 iters/s

running (06m15.4s), 067/788 VUs, 14014 complete and 0 interrupted iterations
openloop_gradual   [  52% ] 067/788 VUs  06m15.4s/12m0s  090.88 iters/s

running (06m16.4s), 060/788 VUs, 14112 complete and 0 interrupted iterations
openloop_gradual   [  52% ] 060/788 VUs  06m16.4s/12m0s  091.19 iters/s

running (06m17.4s), 065/788 VUs, 14198 complete and 0 interrupted iterations
openloop_gradual   [  52% ] 065/788 VUs  06m17.4s/12m0s  091.51 iters/s

running (06m18.4s), 066/788 VUs, 14289 complete and 0 interrupted iterations
openloop_gradual   [  53% ] 066/788 VUs  06m18.4s/12m0s  091.82 iters/s

running (06m19.4s), 068/788 VUs, 14379 complete and 0 interrupted iterations
openloop_gradual   [  53% ] 068/788 VUs  06m19.4s/12m0s  092.14 iters/s

running (06m20.4s), 065/788 VUs, 14474 complete and 0 interrupted iterations
openloop_gradual   [  53% ] 065/788 VUs  06m20.4s/12m0s  092.46 iters/s

running (06m21.4s), 061/788 VUs, 14571 complete and 0 interrupted iterations
openloop_gradual   [  53% ] 061/788 VUs  06m21.4s/12m0s  092.78 iters/s

running (06m22.4s), 063/788 VUs, 14662 complete and 0 interrupted iterations
openloop_gradual   [  53% ] 063/788 VUs  06m22.4s/12m0s  093.09 iters/s

running (06m23.4s), 063/788 VUs, 14755 complete and 0 interrupted iterations
openloop_gradual   [  53% ] 063/788 VUs  06m23.4s/12m0s  093.41 iters/s

running (06m24.4s), 068/788 VUs, 14843 complete and 0 interrupted iterations
openloop_gradual   [  53% ] 068/788 VUs  06m24.4s/12m0s  093.72 iters/s

running (06m25.4s), 068/788 VUs, 14937 complete and 0 interrupted iterations
openloop_gradual   [  54% ] 068/788 VUs  06m25.4s/12m0s  094.04 iters/s

running (06m26.4s), 067/788 VUs, 15032 complete and 0 interrupted iterations
openloop_gradual   [  54% ] 067/788 VUs  06m26.4s/12m0s  094.36 iters/s

running (06m27.4s), 068/788 VUs, 15126 complete and 0 interrupted iterations
openloop_gradual   [  54% ] 068/788 VUs  06m27.4s/12m0s  094.67 iters/s

running (06m28.4s), 069/788 VUs, 15220 complete and 0 interrupted iterations
openloop_gradual   [  54% ] 069/788 VUs  06m28.4s/12m0s  094.99 iters/s

running (06m29.4s), 069/788 VUs, 15315 complete and 0 interrupted iterations
openloop_gradual   [  54% ] 069/788 VUs  06m29.4s/12m0s  095.31 iters/s

running (06m30.4s), 067/788 VUs, 15413 complete and 0 interrupted iterations
openloop_gradual   [  54% ] 067/788 VUs  06m30.4s/12m0s  095.63 iters/s

running (06m31.4s), 072/788 VUs, 15503 complete and 0 interrupted iterations
openloop_gradual   [  54% ] 072/788 VUs  06m31.4s/12m0s  095.94 iters/s

running (06m32.4s), 063/788 VUs, 15608 complete and 0 interrupted iterations
openloop_gradual   [  55% ] 063/788 VUs  06m32.4s/12m0s  096.26 iters/s

running (06m33.4s), 065/788 VUs, 15703 complete and 0 interrupted iterations
openloop_gradual   [  55% ] 065/788 VUs  06m33.4s/12m0s  096.57 iters/s

running (06m34.4s), 074/788 VUs, 15791 complete and 0 interrupted iterations
openloop_gradual   [  55% ] 074/788 VUs  06m34.4s/12m0s  096.89 iters/s

running (06m35.4s), 071/788 VUs, 15891 complete and 0 interrupted iterations
openloop_gradual   [  55% ] 071/788 VUs  06m35.4s/12m0s  097.21 iters/s

running (06m36.4s), 076/788 VUs, 15983 complete and 0 interrupted iterations
openloop_gradual   [  55% ] 076/788 VUs  06m36.4s/12m0s  097.52 iters/s

running (06m37.4s), 068/788 VUs, 16089 complete and 0 interrupted iterations
openloop_gradual   [  55% ] 068/788 VUs  06m37.4s/12m0s  097.84 iters/s

running (06m38.4s), 074/788 VUs, 16181 complete and 0 interrupted iterations
openloop_gradual   [  55% ] 074/788 VUs  06m38.4s/12m0s  098.16 iters/s

running (06m39.4s), 071/788 VUs, 16282 complete and 0 interrupted iterations
openloop_gradual   [  55% ] 071/788 VUs  06m39.4s/12m0s  098.47 iters/s

running (06m40.4s), 066/788 VUs, 16386 complete and 0 interrupted iterations
openloop_gradual   [  56% ] 066/788 VUs  06m40.4s/12m0s  098.79 iters/s

running (06m41.4s), 070/788 VUs, 16481 complete and 0 interrupted iterations
openloop_gradual   [  56% ] 070/788 VUs  06m41.4s/12m0s  099.11 iters/s

running (06m42.4s), 070/788 VUs, 16580 complete and 0 interrupted iterations
openloop_gradual   [  56% ] 070/788 VUs  06m42.4s/12m0s  099.42 iters/s

running (06m43.4s), 068/788 VUs, 16681 complete and 0 interrupted iterations
openloop_gradual   [  56% ] 068/788 VUs  06m43.4s/12m0s  099.74 iters/s

running (06m44.4s), 070/788 VUs, 16779 complete and 0 interrupted iterations
openloop_gradual   [  56% ] 070/788 VUs  06m44.4s/12m0s  100.06 iters/s

running (06m45.4s), 069/788 VUs, 16880 complete and 0 interrupted iterations
openloop_gradual   [  56% ] 069/788 VUs  06m45.4s/12m0s  100.38 iters/s

running (06m46.4s), 069/788 VUs, 16981 complete and 0 interrupted iterations
openloop_gradual   [  56% ] 069/788 VUs  06m46.4s/12m0s  100.69 iters/s

running (06m47.4s), 068/788 VUs, 17083 complete and 0 interrupted iterations
openloop_gradual   [  57% ] 068/788 VUs  06m47.4s/12m0s  101.01 iters/s

running (06m48.4s), 071/788 VUs, 17181 complete and 0 interrupted iterations
openloop_gradual   [  57% ] 071/788 VUs  06m48.4s/12m0s  101.32 iters/s

running (06m49.4s), 069/788 VUs, 17285 complete and 0 interrupted iterations
openloop_gradual   [  57% ] 069/788 VUs  06m49.4s/12m0s  101.64 iters/s

running (06m50.4s), 073/788 VUs, 17382 complete and 0 interrupted iterations
openloop_gradual   [  57% ] 073/788 VUs  06m50.4s/12m0s  101.96 iters/s

running (06m51.4s), 075/788 VUs, 17482 complete and 0 interrupted iterations
openloop_gradual   [  57% ] 075/788 VUs  06m51.4s/12m0s  102.27 iters/s

running (06m52.4s), 071/788 VUs, 17589 complete and 0 interrupted iterations
openloop_gradual   [  57% ] 071/788 VUs  06m52.4s/12m0s  102.59 iters/s

running (06m53.4s), 071/788 VUs, 17692 complete and 0 interrupted iterations
openloop_gradual   [  57% ] 071/788 VUs  06m53.4s/12m0s  102.91 iters/s

running (06m54.4s), 076/788 VUs, 17790 complete and 0 interrupted iterations
openloop_gradual   [  58% ] 076/788 VUs  06m54.4s/12m0s  103.23 iters/s

running (06m55.4s), 071/788 VUs, 17898 complete and 0 interrupted iterations
openloop_gradual   [  58% ] 071/788 VUs  06m55.4s/12m0s  103.54 iters/s

running (06m56.4s), 070/788 VUs, 18003 complete and 0 interrupted iterations
openloop_gradual   [  58% ] 070/788 VUs  06m56.4s/12m0s  103.86 iters/s

running (06m57.4s), 080/788 VUs, 18097 complete and 0 interrupted iterations
openloop_gradual   [  58% ] 080/788 VUs  06m57.4s/12m0s  104.17 iters/s

running (06m58.4s), 075/788 VUs, 18206 complete and 0 interrupted iterations
openloop_gradual   [  58% ] 075/788 VUs  06m58.4s/12m0s  104.49 iters/s

running (06m59.4s), 076/788 VUs, 18310 complete and 0 interrupted iterations
openloop_gradual   [  58% ] 076/788 VUs  06m59.4s/12m0s  104.81 iters/s

running (07m00.4s), 074/788 VUs, 18417 complete and 0 interrupted iterations
openloop_gradual   [  58% ] 074/788 VUs  07m00.4s/12m0s  105.00 iters/s

running (07m01.4s), 080/788 VUs, 18516 complete and 0 interrupted iterations
openloop_gradual   [  59% ] 080/788 VUs  07m01.4s/12m0s  105.00 iters/s

running (07m02.4s), 076/788 VUs, 18625 complete and 0 interrupted iterations
openloop_gradual   [  59% ] 076/788 VUs  07m02.4s/12m0s  105.00 iters/s

running (07m03.4s), 070/788 VUs, 18736 complete and 0 interrupted iterations
openloop_gradual   [  59% ] 070/788 VUs  07m03.4s/12m0s  105.00 iters/s

running (07m04.4s), 075/788 VUs, 18836 complete and 0 interrupted iterations
openloop_gradual   [  59% ] 075/788 VUs  07m04.4s/12m0s  105.00 iters/s

running (07m05.4s), 082/788 VUs, 18934 complete and 0 interrupted iterations
openloop_gradual   [  59% ] 082/788 VUs  07m05.4s/12m0s  105.00 iters/s

running (07m06.4s), 074/788 VUs, 19047 complete and 0 interrupted iterations
openloop_gradual   [  59% ] 074/788 VUs  07m06.4s/12m0s  105.00 iters/s

running (07m07.4s), 074/788 VUs, 19152 complete and 0 interrupted iterations
openloop_gradual   [  59% ] 074/788 VUs  07m07.4s/12m0s  105.00 iters/s

running (07m08.4s), 073/788 VUs, 19258 complete and 0 interrupted iterations
openloop_gradual   [  60% ] 073/788 VUs  07m08.4s/12m0s  105.00 iters/s

running (07m09.4s), 075/788 VUs, 19361 complete and 0 interrupted iterations
openloop_gradual   [  60% ] 075/788 VUs  07m09.4s/12m0s  105.00 iters/s

running (07m10.4s), 075/788 VUs, 19466 complete and 0 interrupted iterations
openloop_gradual   [  60% ] 075/788 VUs  07m10.4s/12m0s  105.00 iters/s

running (07m11.4s), 073/788 VUs, 19573 complete and 0 interrupted iterations
openloop_gradual   [  60% ] 073/788 VUs  07m11.4s/12m0s  105.00 iters/s

running (07m12.4s), 073/788 VUs, 19678 complete and 0 interrupted iterations
openloop_gradual   [  60% ] 073/788 VUs  07m12.4s/12m0s  105.00 iters/s

running (07m13.4s), 075/788 VUs, 19781 complete and 0 interrupted iterations
openloop_gradual   [  60% ] 075/788 VUs  07m13.4s/12m0s  105.00 iters/s

running (07m14.4s), 077/788 VUs, 19884 complete and 0 interrupted iterations
openloop_gradual   [  60% ] 077/788 VUs  07m14.4s/12m0s  105.00 iters/s

running (07m15.4s), 074/788 VUs, 19992 complete and 0 interrupted iterations
openloop_gradual   [  60% ] 074/788 VUs  07m15.4s/12m0s  105.00 iters/s

running (07m16.4s), 076/788 VUs, 20095 complete and 0 interrupted iterations
openloop_gradual   [  61% ] 076/788 VUs  07m16.4s/12m0s  105.00 iters/s

running (07m17.4s), 073/788 VUs, 20203 complete and 0 interrupted iterations
openloop_gradual   [  61% ] 073/788 VUs  07m17.4s/12m0s  105.00 iters/s

running (07m18.4s), 073/788 VUs, 20308 complete and 0 interrupted iterations
openloop_gradual   [  61% ] 073/788 VUs  07m18.4s/12m0s  105.00 iters/s

running (07m19.4s), 074/788 VUs, 20412 complete and 0 interrupted iterations
openloop_gradual   [  61% ] 074/788 VUs  07m19.4s/12m0s  105.00 iters/s

running (07m20.4s), 077/788 VUs, 20514 complete and 0 interrupted iterations
openloop_gradual   [  61% ] 077/788 VUs  07m20.4s/12m0s  105.00 iters/s

running (07m21.4s), 078/788 VUs, 20618 complete and 0 interrupted iterations
openloop_gradual   [  61% ] 078/788 VUs  07m21.4s/12m0s  105.00 iters/s

running (07m22.4s), 071/788 VUs, 20730 complete and 0 interrupted iterations
openloop_gradual   [  61% ] 071/788 VUs  07m22.4s/12m0s  105.00 iters/s

running (07m23.4s), 076/788 VUs, 20830 complete and 0 interrupted iterations
openloop_gradual   [  62% ] 076/788 VUs  07m23.4s/12m0s  105.00 iters/s

running (07m24.4s), 073/788 VUs, 20938 complete and 0 interrupted iterations
openloop_gradual   [  62% ] 073/788 VUs  07m24.4s/12m0s  105.00 iters/s

running (07m25.4s), 076/788 VUs, 21040 complete and 0 interrupted iterations
openloop_gradual   [  62% ] 076/788 VUs  07m25.4s/12m0s  105.00 iters/s

running (07m26.4s), 076/788 VUs, 21145 complete and 0 interrupted iterations
openloop_gradual   [  62% ] 076/788 VUs  07m26.4s/12m0s  105.00 iters/s

running (07m27.4s), 077/788 VUs, 21249 complete and 0 interrupted iterations
openloop_gradual   [  62% ] 077/788 VUs  07m27.4s/12m0s  105.00 iters/s

running (07m28.4s), 073/788 VUs, 21358 complete and 0 interrupted iterations
openloop_gradual   [  62% ] 073/788 VUs  07m28.4s/12m0s  105.00 iters/s

running (07m29.4s), 080/788 VUs, 21456 complete and 0 interrupted iterations
openloop_gradual   [  62% ] 080/788 VUs  07m29.4s/12m0s  105.00 iters/s

running (07m30.4s), 077/788 VUs, 21564 complete and 0 interrupted iterations
openloop_gradual   [  63% ] 077/788 VUs  07m30.4s/12m0s  105.00 iters/s

running (07m31.4s), 076/788 VUs, 21670 complete and 0 interrupted iterations
openloop_gradual   [  63% ] 076/788 VUs  07m31.4s/12m0s  105.00 iters/s

running (07m32.4s), 071/788 VUs, 21780 complete and 0 interrupted iterations
openloop_gradual   [  63% ] 071/788 VUs  07m32.4s/12m0s  105.00 iters/s

running (07m33.4s), 071/788 VUs, 21885 complete and 0 interrupted iterations
openloop_gradual   [  63% ] 071/788 VUs  07m33.4s/12m0s  105.00 iters/s

running (07m34.4s), 074/788 VUs, 21987 complete and 0 interrupted iterations
openloop_gradual   [  63% ] 074/788 VUs  07m34.4s/12m0s  105.00 iters/s

running (07m35.4s), 069/788 VUs, 22097 complete and 0 interrupted iterations
openloop_gradual   [  63% ] 069/788 VUs  07m35.4s/12m0s  105.00 iters/s

running (07m36.4s), 071/788 VUs, 22200 complete and 0 interrupted iterations
openloop_gradual   [  63% ] 071/788 VUs  07m36.4s/12m0s  105.00 iters/s

running (07m37.4s), 078/788 VUs, 22298 complete and 0 interrupted iterations
openloop_gradual   [  64% ] 078/788 VUs  07m37.4s/12m0s  105.00 iters/s

running (07m38.4s), 078/788 VUs, 22403 complete and 0 interrupted iterations
openloop_gradual   [  64% ] 078/788 VUs  07m38.4s/12m0s  105.00 iters/s

running (07m39.4s), 073/788 VUs, 22513 complete and 0 interrupted iterations
openloop_gradual   [  64% ] 073/788 VUs  07m39.4s/12m0s  105.00 iters/s

running (07m40.4s), 070/788 VUs, 22621 complete and 0 interrupted iterations
openloop_gradual   [  64% ] 070/788 VUs  07m40.4s/12m0s  105.00 iters/s

running (07m41.4s), 077/788 VUs, 22719 complete and 0 interrupted iterations
openloop_gradual   [  64% ] 077/788 VUs  07m41.4s/12m0s  105.00 iters/s

running (07m42.4s), 077/788 VUs, 22824 complete and 0 interrupted iterations
openloop_gradual   [  64% ] 077/788 VUs  07m42.4s/12m0s  105.00 iters/s

running (07m43.4s), 075/788 VUs, 22931 complete and 0 interrupted iterations
openloop_gradual   [  64% ] 075/788 VUs  07m43.4s/12m0s  105.00 iters/s

running (07m44.4s), 076/788 VUs, 23035 complete and 0 interrupted iterations
openloop_gradual   [  65% ] 076/788 VUs  07m44.4s/12m0s  105.00 iters/s

running (07m45.4s), 073/788 VUs, 23143 complete and 0 interrupted iterations
openloop_gradual   [  65% ] 073/788 VUs  07m45.4s/12m0s  105.00 iters/s

running (07m46.4s), 077/788 VUs, 23244 complete and 0 interrupted iterations
openloop_gradual   [  65% ] 077/788 VUs  07m46.4s/12m0s  105.00 iters/s

running (07m47.4s), 072/788 VUs, 23354 complete and 0 interrupted iterations
openloop_gradual   [  65% ] 072/788 VUs  07m47.4s/12m0s  105.00 iters/s

running (07m48.4s), 074/788 VUs, 23457 complete and 0 interrupted iterations
openloop_gradual   [  65% ] 074/788 VUs  07m48.4s/12m0s  105.00 iters/s

running (07m49.4s), 077/788 VUs, 23559 complete and 0 interrupted iterations
openloop_gradual   [  65% ] 077/788 VUs  07m49.4s/12m0s  105.00 iters/s

running (07m50.4s), 072/788 VUs, 23669 complete and 0 interrupted iterations
openloop_gradual   [  65% ] 072/788 VUs  07m50.4s/12m0s  105.00 iters/s

running (07m51.4s), 076/788 VUs, 23770 complete and 0 interrupted iterations
openloop_gradual   [  65% ] 076/788 VUs  07m51.4s/12m0s  105.00 iters/s

running (07m52.4s), 077/788 VUs, 23874 complete and 0 interrupted iterations
openloop_gradual   [  66% ] 077/788 VUs  07m52.4s/12m0s  105.00 iters/s

running (07m53.4s), 075/788 VUs, 23981 complete and 0 interrupted iterations
openloop_gradual   [  66% ] 075/788 VUs  07m53.4s/12m0s  105.00 iters/s

running (07m54.4s), 080/788 VUs, 24081 complete and 0 interrupted iterations
openloop_gradual   [  66% ] 080/788 VUs  07m54.4s/12m0s  105.00 iters/s

running (07m55.4s), 076/788 VUs, 24190 complete and 0 interrupted iterations
openloop_gradual   [  66% ] 076/788 VUs  07m55.4s/12m0s  105.00 iters/s

running (07m56.4s), 078/788 VUs, 24293 complete and 0 interrupted iterations
openloop_gradual   [  66% ] 078/788 VUs  07m56.4s/12m0s  105.00 iters/s

running (07m57.4s), 074/788 VUs, 24402 complete and 0 interrupted iterations
openloop_gradual   [  66% ] 074/788 VUs  07m57.4s/12m0s  105.00 iters/s

running (07m58.4s), 075/788 VUs, 24506 complete and 0 interrupted iterations
openloop_gradual   [  66% ] 075/788 VUs  07m58.4s/12m0s  105.00 iters/s

running (07m59.4s), 068/788 VUs, 24618 complete and 0 interrupted iterations
openloop_gradual   [  67% ] 068/788 VUs  07m59.4s/12m0s  105.00 iters/s

running (08m00.4s), 071/788 VUs, 24720 complete and 0 interrupted iterations
openloop_gradual   [  67% ] 071/788 VUs  08m00.4s/12m0s  105.00 iters/s

running (08m01.4s), 074/788 VUs, 24822 complete and 0 interrupted iterations
openloop_gradual   [  67% ] 074/788 VUs  08m01.4s/12m0s  105.00 iters/s

running (08m02.4s), 077/788 VUs, 24924 complete and 0 interrupted iterations
openloop_gradual   [  67% ] 077/788 VUs  08m02.4s/12m0s  105.00 iters/s

running (08m03.4s), 072/788 VUs, 25034 complete and 0 interrupted iterations
openloop_gradual   [  67% ] 072/788 VUs  08m03.4s/12m0s  105.00 iters/s

running (08m04.4s), 078/788 VUs, 25133 complete and 0 interrupted iterations
openloop_gradual   [  67% ] 078/788 VUs  08m04.4s/12m0s  105.00 iters/s

running (08m05.4s), 079/788 VUs, 25237 complete and 0 interrupted iterations
openloop_gradual   [  67% ] 079/788 VUs  08m05.4s/12m0s  105.00 iters/s

running (08m06.4s), 072/788 VUs, 25349 complete and 0 interrupted iterations
openloop_gradual   [  68% ] 072/788 VUs  08m06.4s/12m0s  105.00 iters/s

running (08m07.4s), 076/788 VUs, 25450 complete and 0 interrupted iterations
openloop_gradual   [  68% ] 076/788 VUs  08m07.4s/12m0s  105.00 iters/s

running (08m08.4s), 072/788 VUs, 25559 complete and 0 interrupted iterations
openloop_gradual   [  68% ] 072/788 VUs  08m08.4s/12m0s  105.00 iters/s

running (08m09.4s), 074/788 VUs, 25662 complete and 0 interrupted iterations
openloop_gradual   [  68% ] 074/788 VUs  08m09.4s/12m0s  105.00 iters/s

running (08m10.4s), 079/788 VUs, 25762 complete and 0 interrupted iterations
openloop_gradual   [  68% ] 079/788 VUs  08m10.4s/12m0s  105.00 iters/s

running (08m11.4s), 074/788 VUs, 25872 complete and 0 interrupted iterations
openloop_gradual   [  68% ] 074/788 VUs  08m11.4s/12m0s  105.00 iters/s

running (08m12.4s), 074/788 VUs, 25977 complete and 0 interrupted iterations
openloop_gradual   [  68% ] 074/788 VUs  08m12.4s/12m0s  105.00 iters/s

running (08m13.4s), 075/788 VUs, 26081 complete and 0 interrupted iterations
openloop_gradual   [  69% ] 075/788 VUs  08m13.4s/12m0s  105.00 iters/s

running (08m14.4s), 071/788 VUs, 26190 complete and 0 interrupted iterations
openloop_gradual   [  69% ] 071/788 VUs  08m14.4s/12m0s  105.00 iters/s

running (08m15.4s), 075/788 VUs, 26291 complete and 0 interrupted iterations
openloop_gradual   [  69% ] 075/788 VUs  08m15.4s/12m0s  105.00 iters/s

running (08m16.4s), 073/788 VUs, 26398 complete and 0 interrupted iterations
openloop_gradual   [  69% ] 073/788 VUs  08m16.4s/12m0s  105.00 iters/s

running (08m17.4s), 076/788 VUs, 26500 complete and 0 interrupted iterations
openloop_gradual   [  69% ] 076/788 VUs  08m17.4s/12m0s  105.00 iters/s

running (08m18.4s), 071/788 VUs, 26610 complete and 0 interrupted iterations
openloop_gradual   [  69% ] 071/788 VUs  08m18.4s/12m0s  105.00 iters/s

running (08m19.4s), 075/788 VUs, 26711 complete and 0 interrupted iterations
openloop_gradual   [  69% ] 075/788 VUs  08m19.4s/12m0s  105.00 iters/s

running (08m20.4s), 079/788 VUs, 26812 complete and 0 interrupted iterations
openloop_gradual   [  70% ] 079/788 VUs  08m20.4s/12m0s  105.00 iters/s

running (08m21.4s), 077/788 VUs, 26919 complete and 0 interrupted iterations
openloop_gradual   [  70% ] 077/788 VUs  08m21.4s/12m0s  105.00 iters/s

running (08m22.4s), 076/788 VUs, 27025 complete and 0 interrupted iterations
openloop_gradual   [  70% ] 076/788 VUs  08m22.4s/12m0s  105.00 iters/s

running (08m23.4s), 070/788 VUs, 27136 complete and 0 interrupted iterations
openloop_gradual   [  70% ] 070/788 VUs  08m23.4s/12m0s  105.00 iters/s

running (08m24.4s), 074/788 VUs, 27237 complete and 0 interrupted iterations
openloop_gradual   [  70% ] 074/788 VUs  08m24.4s/12m0s  105.00 iters/s

running (08m25.4s), 080/788 VUs, 27336 complete and 0 interrupted iterations
openloop_gradual   [  70% ] 080/788 VUs  08m25.4s/12m0s  105.00 iters/s

running (08m26.4s), 071/788 VUs, 27450 complete and 0 interrupted iterations
openloop_gradual   [  70% ] 071/788 VUs  08m26.4s/12m0s  105.00 iters/s

running (08m27.4s), 080/788 VUs, 27546 complete and 0 interrupted iterations
openloop_gradual   [  70% ] 080/788 VUs  08m27.4s/12m0s  105.00 iters/s

running (08m28.4s), 075/788 VUs, 27656 complete and 0 interrupted iterations
openloop_gradual   [  71% ] 075/788 VUs  08m28.4s/12m0s  105.00 iters/s

running (08m29.4s), 075/788 VUs, 27761 complete and 0 interrupted iterations
openloop_gradual   [  71% ] 075/788 VUs  08m29.4s/12m0s  105.00 iters/s

running (08m30.4s), 075/788 VUs, 27866 complete and 0 interrupted iterations
openloop_gradual   [  71% ] 075/788 VUs  08m30.4s/12m0s  105.00 iters/s

running (08m31.4s), 074/788 VUs, 27972 complete and 0 interrupted iterations
openloop_gradual   [  71% ] 074/788 VUs  08m31.4s/12m0s  105.00 iters/s

running (08m32.4s), 070/788 VUs, 28081 complete and 0 interrupted iterations
openloop_gradual   [  71% ] 070/788 VUs  08m32.4s/12m0s  105.00 iters/s

running (08m33.4s), 078/788 VUs, 28178 complete and 0 interrupted iterations
openloop_gradual   [  71% ] 078/788 VUs  08m33.4s/12m0s  105.00 iters/s

running (08m34.4s), 072/788 VUs, 28289 complete and 0 interrupted iterations
openloop_gradual   [  71% ] 072/788 VUs  08m34.4s/12m0s  105.00 iters/s

running (08m35.4s), 077/788 VUs, 28389 complete and 0 interrupted iterations
openloop_gradual   [  72% ] 077/788 VUs  08m35.4s/12m0s  105.00 iters/s

running (08m36.4s), 080/788 VUs, 28491 complete and 0 interrupted iterations
openloop_gradual   [  72% ] 080/788 VUs  08m36.4s/12m0s  105.00 iters/s

running (08m37.4s), 072/788 VUs, 28604 complete and 0 interrupted iterations
openloop_gradual   [  72% ] 072/788 VUs  08m37.4s/12m0s  105.00 iters/s

running (08m38.4s), 073/788 VUs, 28708 complete and 0 interrupted iterations
openloop_gradual   [  72% ] 073/788 VUs  08m38.4s/12m0s  105.00 iters/s

running (08m39.4s), 073/788 VUs, 28813 complete and 0 interrupted iterations
openloop_gradual   [  72% ] 073/788 VUs  08m39.4s/12m0s  105.00 iters/s

running (08m40.4s), 078/788 VUs, 28913 complete and 0 interrupted iterations
openloop_gradual   [  72% ] 078/788 VUs  08m40.4s/12m0s  105.00 iters/s

running (08m41.4s), 076/788 VUs, 29020 complete and 0 interrupted iterations
openloop_gradual   [  72% ] 076/788 VUs  08m41.4s/12m0s  105.00 iters/s

running (08m42.4s), 075/788 VUs, 29126 complete and 0 interrupted iterations
openloop_gradual   [  73% ] 075/788 VUs  08m42.4s/12m0s  105.00 iters/s

running (08m43.4s), 075/788 VUs, 29231 complete and 0 interrupted iterations
openloop_gradual   [  73% ] 075/788 VUs  08m43.4s/12m0s  105.00 iters/s

running (08m44.4s), 075/788 VUs, 29336 complete and 0 interrupted iterations
openloop_gradual   [  73% ] 075/788 VUs  08m44.4s/12m0s  105.00 iters/s

running (08m45.4s), 075/788 VUs, 29441 complete and 0 interrupted iterations
openloop_gradual   [  73% ] 075/788 VUs  08m45.4s/12m0s  105.00 iters/s

running (08m46.4s), 072/788 VUs, 29549 complete and 0 interrupted iterations
openloop_gradual   [  73% ] 072/788 VUs  08m46.4s/12m0s  105.00 iters/s

running (08m47.4s), 073/788 VUs, 29653 complete and 0 interrupted iterations
openloop_gradual   [  73% ] 073/788 VUs  08m47.4s/12m0s  105.00 iters/s

running (08m48.4s), 073/788 VUs, 29758 complete and 0 interrupted iterations
openloop_gradual   [  73% ] 073/788 VUs  08m48.4s/12m0s  105.00 iters/s

running (08m49.4s), 074/788 VUs, 29862 complete and 0 interrupted iterations
openloop_gradual   [  74% ] 074/788 VUs  08m49.4s/12m0s  105.00 iters/s

running (08m50.4s), 075/788 VUs, 29966 complete and 0 interrupted iterations
openloop_gradual   [  74% ] 075/788 VUs  08m50.4s/12m0s  105.00 iters/s

running (08m51.4s), 074/788 VUs, 30072 complete and 0 interrupted iterations
openloop_gradual   [  74% ] 074/788 VUs  08m51.4s/12m0s  105.00 iters/s

running (08m52.4s), 073/788 VUs, 30178 complete and 0 interrupted iterations
openloop_gradual   [  74% ] 073/788 VUs  08m52.4s/12m0s  105.00 iters/s

running (08m53.4s), 075/788 VUs, 30281 complete and 0 interrupted iterations
openloop_gradual   [  74% ] 075/788 VUs  08m53.4s/12m0s  105.00 iters/s

running (08m54.4s), 074/788 VUs, 30387 complete and 0 interrupted iterations
openloop_gradual   [  74% ] 074/788 VUs  08m54.4s/12m0s  105.00 iters/s

running (08m55.4s), 071/788 VUs, 30495 complete and 0 interrupted iterations
openloop_gradual   [  74% ] 071/788 VUs  08m55.4s/12m0s  105.00 iters/s

running (08m56.4s), 073/788 VUs, 30598 complete and 0 interrupted iterations
openloop_gradual   [  75% ] 073/788 VUs  08m56.4s/12m0s  105.00 iters/s

running (08m57.4s), 075/788 VUs, 30701 complete and 0 interrupted iterations
openloop_gradual   [  75% ] 075/788 VUs  08m57.4s/12m0s  105.00 iters/s

running (08m58.4s), 068/788 VUs, 30813 complete and 0 interrupted iterations
openloop_gradual   [  75% ] 068/788 VUs  08m58.4s/12m0s  105.00 iters/s

running (08m59.4s), 080/788 VUs, 30906 complete and 0 interrupted iterations
openloop_gradual   [  75% ] 080/788 VUs  08m59.4s/12m0s  105.00 iters/s

running (09m00.4s), 079/788 VUs, 31012 complete and 0 interrupted iterations
openloop_gradual   [  75% ] 079/788 VUs  09m00.4s/12m0s  104.77 iters/s

running (09m01.4s), 073/788 VUs, 31122 complete and 0 interrupted iterations
openloop_gradual   [  75% ] 073/788 VUs  09m01.4s/12m0s  104.19 iters/s

running (09m02.4s), 074/788 VUs, 31225 complete and 0 interrupted iterations
openloop_gradual   [  75% ] 074/788 VUs  09m02.4s/12m0s  103.60 iters/s

running (09m03.4s), 073/788 VUs, 31329 complete and 0 interrupted iterations
openloop_gradual   [  75% ] 073/788 VUs  09m03.4s/12m0s  103.02 iters/s

running (09m04.4s), 069/788 VUs, 31436 complete and 0 interrupted iterations
openloop_gradual   [  76% ] 069/788 VUs  09m04.4s/12m0s  102.44 iters/s

running (09m05.4s), 072/788 VUs, 31535 complete and 0 interrupted iterations
openloop_gradual   [  76% ] 072/788 VUs  09m05.4s/12m0s  101.86 iters/s

running (09m06.4s), 073/788 VUs, 31636 complete and 0 interrupted iterations
openloop_gradual   [  76% ] 073/788 VUs  09m06.4s/12m0s  101.27 iters/s

running (09m07.4s), 073/788 VUs, 31737 complete and 0 interrupted iterations
openloop_gradual   [  76% ] 073/788 VUs  09m07.4s/12m0s  100.69 iters/s

running (09m08.4s), 069/788 VUs, 31841 complete and 0 interrupted iterations
openloop_gradual   [  76% ] 069/788 VUs  09m08.4s/12m0s  100.11 iters/s

running (09m09.4s), 073/788 VUs, 31937 complete and 0 interrupted iterations
openloop_gradual   [  76% ] 073/788 VUs  09m09.4s/12m0s  099.52 iters/s

running (09m10.4s), 069/788 VUs, 32040 complete and 0 interrupted iterations
openloop_gradual   [  76% ] 069/788 VUs  09m10.4s/12m0s  098.94 iters/s

running (09m11.4s), 066/788 VUs, 32142 complete and 0 interrupted iterations
openloop_gradual   [  77% ] 066/788 VUs  09m11.4s/12m0s  098.35 iters/s

running (09m12.4s), 068/788 VUs, 32238 complete and 0 interrupted iterations
openloop_gradual   [  77% ] 068/788 VUs  09m12.4s/12m0s  097.77 iters/s

running (09m13.4s), 071/788 VUs, 32332 complete and 0 interrupted iterations
openloop_gradual   [  77% ] 071/788 VUs  09m13.4s/12m0s  097.19 iters/s

running (09m14.4s), 070/788 VUs, 32430 complete and 0 interrupted iterations
openloop_gradual   [  77% ] 070/788 VUs  09m14.4s/12m0s  096.61 iters/s

running (09m15.4s), 070/788 VUs, 32527 complete and 0 interrupted iterations
openloop_gradual   [  77% ] 070/788 VUs  09m15.4s/12m0s  096.02 iters/s

running (09m16.4s), 067/788 VUs, 32625 complete and 0 interrupted iterations
openloop_gradual   [  77% ] 067/788 VUs  09m16.4s/12m0s  095.44 iters/s

running (09m17.4s), 067/788 VUs, 32720 complete and 0 interrupted iterations
openloop_gradual   [  77% ] 067/788 VUs  09m17.4s/12m0s  094.86 iters/s

running (09m18.4s), 064/788 VUs, 32818 complete and 0 interrupted iterations
openloop_gradual   [  78% ] 064/788 VUs  09m18.4s/12m0s  094.27 iters/s

running (09m19.4s), 070/788 VUs, 32906 complete and 0 interrupted iterations
openloop_gradual   [  78% ] 070/788 VUs  09m19.4s/12m0s  093.69 iters/s

running (09m20.4s), 066/788 VUs, 33003 complete and 0 interrupted iterations
openloop_gradual   [  78% ] 066/788 VUs  09m20.4s/12m0s  093.11 iters/s

running (09m21.4s), 060/788 VUs, 33102 complete and 0 interrupted iterations
openloop_gradual   [  78% ] 060/788 VUs  09m21.4s/12m0s  092.52 iters/s

running (09m22.4s), 065/788 VUs, 33190 complete and 0 interrupted iterations
openloop_gradual   [  78% ] 065/788 VUs  09m22.4s/12m0s  091.93 iters/s

running (09m23.4s), 062/788 VUs, 33284 complete and 0 interrupted iterations
openloop_gradual   [  78% ] 062/788 VUs  09m23.4s/12m0s  091.36 iters/s

running (09m24.4s), 064/788 VUs, 33373 complete and 0 interrupted iterations
openloop_gradual   [  78% ] 064/788 VUs  09m24.4s/12m0s  090.77 iters/s

running (09m25.4s), 060/788 VUs, 33468 complete and 0 interrupted iterations
openloop_gradual   [  79% ] 060/788 VUs  09m25.4s/12m0s  090.19 iters/s

running (09m26.4s), 065/788 VUs, 33553 complete and 0 interrupted iterations
openloop_gradual   [  79% ] 065/788 VUs  09m26.4s/12m0s  089.60 iters/s

running (09m27.4s), 062/788 VUs, 33645 complete and 0 interrupted iterations
openloop_gradual   [  79% ] 062/788 VUs  09m27.4s/12m0s  089.02 iters/s

running (09m28.4s), 068/788 VUs, 33728 complete and 0 interrupted iterations
openloop_gradual   [  79% ] 068/788 VUs  09m28.4s/12m0s  088.44 iters/s

running (09m29.4s), 064/788 VUs, 33820 complete and 0 interrupted iterations
openloop_gradual   [  79% ] 064/788 VUs  09m29.4s/12m0s  087.85 iters/s

running (09m30.4s), 066/788 VUs, 33905 complete and 0 interrupted iterations
openloop_gradual   [  79% ] 066/788 VUs  09m30.4s/12m0s  087.27 iters/s

running (09m31.4s), 062/788 VUs, 33996 complete and 0 interrupted iterations
openloop_gradual   [  79% ] 062/788 VUs  09m31.4s/12m0s  086.69 iters/s

running (09m32.4s), 062/788 VUs, 34083 complete and 0 interrupted iterations
openloop_gradual   [  80% ] 062/788 VUs  09m32.4s/12m0s  086.10 iters/s

running (09m33.4s), 062/788 VUs, 34168 complete and 0 interrupted iterations
openloop_gradual   [  80% ] 062/788 VUs  09m33.4s/12m0s  085.52 iters/s

running (09m34.4s), 060/788 VUs, 34256 complete and 0 interrupted iterations
openloop_gradual   [  80% ] 060/788 VUs  09m34.4s/12m0s  084.94 iters/s

running (09m35.4s), 060/788 VUs, 34340 complete and 0 interrupted iterations
openloop_gradual   [  80% ] 060/788 VUs  09m35.4s/12m0s  084.36 iters/s

running (09m36.4s), 060/788 VUs, 34424 complete and 0 interrupted iterations
openloop_gradual   [  80% ] 060/788 VUs  09m36.4s/12m0s  083.77 iters/s

running (09m37.4s), 055/788 VUs, 34513 complete and 0 interrupted iterations
openloop_gradual   [  80% ] 055/788 VUs  09m37.4s/12m0s  083.19 iters/s

running (09m38.4s), 055/788 VUs, 34596 complete and 0 interrupted iterations
openloop_gradual   [  80% ] 055/788 VUs  09m38.4s/12m0s  082.60 iters/s

running (09m39.4s), 055/788 VUs, 34678 complete and 0 interrupted iterations
openloop_gradual   [  80% ] 055/788 VUs  09m39.4s/12m0s  082.02 iters/s

running (09m40.4s), 061/788 VUs, 34754 complete and 0 interrupted iterations
openloop_gradual   [  81% ] 061/788 VUs  09m40.4s/12m0s  081.44 iters/s

running (09m41.4s), 057/788 VUs, 34839 complete and 0 interrupted iterations
openloop_gradual   [  81% ] 057/788 VUs  09m41.4s/12m0s  080.85 iters/s

running (09m42.4s), 058/788 VUs, 34919 complete and 0 interrupted iterations
openloop_gradual   [  81% ] 058/788 VUs  09m42.4s/12m0s  080.27 iters/s

running (09m43.4s), 056/788 VUs, 35001 complete and 0 interrupted iterations
openloop_gradual   [  81% ] 056/788 VUs  09m43.4s/12m0s  079.68 iters/s

running (09m44.4s), 060/788 VUs, 35076 complete and 0 interrupted iterations
openloop_gradual   [  81% ] 060/788 VUs  09m44.4s/12m0s  079.10 iters/s

running (09m45.4s), 059/788 VUs, 35156 complete and 0 interrupted iterations
openloop_gradual   [  81% ] 059/788 VUs  09m45.4s/12m0s  078.52 iters/s

running (09m46.4s), 056/788 VUs, 35237 complete and 0 interrupted iterations
openloop_gradual   [  81% ] 056/788 VUs  09m46.4s/12m0s  077.94 iters/s

running (09m47.4s), 053/788 VUs, 35318 complete and 0 interrupted iterations
openloop_gradual   [  82% ] 053/788 VUs  09m47.4s/12m0s  077.35 iters/s

running (09m48.4s), 057/788 VUs, 35391 complete and 0 interrupted iterations
openloop_gradual   [  82% ] 057/788 VUs  09m48.4s/12m0s  076.77 iters/s

running (09m49.4s), 052/788 VUs, 35472 complete and 0 interrupted iterations
openloop_gradual   [  82% ] 052/788 VUs  09m49.4s/12m0s  076.19 iters/s

running (09m50.4s), 054/788 VUs, 35546 complete and 0 interrupted iterations
openloop_gradual   [  82% ] 054/788 VUs  09m50.4s/12m0s  075.60 iters/s

running (09m51.4s), 049/788 VUs, 35626 complete and 0 interrupted iterations
openloop_gradual   [  82% ] 049/788 VUs  09m51.4s/12m0s  075.02 iters/s

running (09m52.4s), 054/788 VUs, 35696 complete and 0 interrupted iterations
openloop_gradual   [  82% ] 054/788 VUs  09m52.4s/12m0s  074.44 iters/s

running (09m53.4s), 054/788 VUs, 35770 complete and 0 interrupted iterations
openloop_gradual   [  82% ] 054/788 VUs  09m53.4s/12m0s  073.86 iters/s

running (09m54.4s), 055/788 VUs, 35843 complete and 0 interrupted iterations
openloop_gradual   [  83% ] 055/788 VUs  09m54.4s/12m0s  073.27 iters/s

running (09m55.4s), 052/788 VUs, 35919 complete and 0 interrupted iterations
openloop_gradual   [  83% ] 052/788 VUs  09m55.4s/12m0s  072.69 iters/s

running (09m56.4s), 048/788 VUs, 35995 complete and 0 interrupted iterations
openloop_gradual   [  83% ] 048/788 VUs  09m56.4s/12m0s  072.11 iters/s

running (09m57.4s), 050/788 VUs, 36065 complete and 0 interrupted iterations
openloop_gradual   [  83% ] 050/788 VUs  09m57.4s/12m0s  071.52 iters/s

running (09m58.4s), 046/788 VUs, 36140 complete and 0 interrupted iterations
openloop_gradual   [  83% ] 046/788 VUs  09m58.4s/12m0s  070.94 iters/s

running (09m59.4s), 050/788 VUs, 36207 complete and 0 interrupted iterations
openloop_gradual   [  83% ] 050/788 VUs  09m59.4s/12m0s  070.35 iters/s

running (10m00.4s), 052/788 VUs, 36275 complete and 0 interrupted iterations
openloop_gradual   [  83% ] 052/788 VUs  10m00.4s/12m0s  069.77 iters/s

running (10m01.4s), 049/788 VUs, 36347 complete and 0 interrupted iterations
openloop_gradual   [  84% ] 049/788 VUs  10m01.4s/12m0s  069.19 iters/s

running (10m02.4s), 048/788 VUs, 36417 complete and 0 interrupted iterations
openloop_gradual   [  84% ] 048/788 VUs  10m02.4s/12m0s  068.61 iters/s

running (10m03.4s), 050/788 VUs, 36484 complete and 0 interrupted iterations
openloop_gradual   [  84% ] 050/788 VUs  10m03.4s/12m0s  068.02 iters/s

running (10m04.4s), 047/788 VUs, 36554 complete and 0 interrupted iterations
openloop_gradual   [  84% ] 047/788 VUs  10m04.4s/12m0s  067.44 iters/s

running (10m05.4s), 049/788 VUs, 36620 complete and 0 interrupted iterations
openloop_gradual   [  84% ] 049/788 VUs  10m05.4s/12m0s  066.85 iters/s

running (10m06.4s), 046/788 VUs, 36689 complete and 0 interrupted iterations
openloop_gradual   [  84% ] 046/788 VUs  10m06.4s/12m0s  066.27 iters/s

running (10m07.4s), 050/788 VUs, 36751 complete and 0 interrupted iterations
openloop_gradual   [  84% ] 050/788 VUs  10m07.4s/12m0s  065.69 iters/s

running (10m08.4s), 050/788 VUs, 36816 complete and 0 interrupted iterations
openloop_gradual   [  85% ] 050/788 VUs  10m08.4s/12m0s  065.11 iters/s

running (10m09.4s), 047/788 VUs, 36884 complete and 0 interrupted iterations
openloop_gradual   [  85% ] 047/788 VUs  10m09.4s/12m0s  064.52 iters/s

running (10m10.4s), 047/788 VUs, 36949 complete and 0 interrupted iterations
openloop_gradual   [  85% ] 047/788 VUs  10m10.4s/12m0s  063.93 iters/s

running (10m11.4s), 047/788 VUs, 37012 complete and 0 interrupted iterations
openloop_gradual   [  85% ] 047/788 VUs  10m11.4s/12m0s  063.36 iters/s

running (10m12.4s), 047/788 VUs, 37075 complete and 0 interrupted iterations
openloop_gradual   [  85% ] 047/788 VUs  10m12.4s/12m0s  062.77 iters/s

running (10m13.4s), 045/788 VUs, 37140 complete and 0 interrupted iterations
openloop_gradual   [  85% ] 045/788 VUs  10m13.4s/12m0s  062.18 iters/s

running (10m14.4s), 044/788 VUs, 37203 complete and 0 interrupted iterations
openloop_gradual   [  85% ] 044/788 VUs  10m14.4s/12m0s  061.60 iters/s

running (10m15.4s), 044/788 VUs, 37264 complete and 0 interrupted iterations
openloop_gradual   [  85% ] 044/788 VUs  10m15.4s/12m0s  061.02 iters/s

running (10m16.4s), 045/788 VUs, 37324 complete and 0 interrupted iterations
openloop_gradual   [  86% ] 045/788 VUs  10m16.4s/12m0s  060.43 iters/s

running (10m17.4s), 042/788 VUs, 37387 complete and 0 interrupted iterations
openloop_gradual   [  86% ] 042/788 VUs  10m17.4s/12m0s  059.85 iters/s

running (10m18.4s), 042/788 VUs, 37446 complete and 0 interrupted iterations
openloop_gradual   [  86% ] 042/788 VUs  10m18.4s/12m0s  059.27 iters/s

running (10m19.4s), 041/788 VUs, 37506 complete and 0 interrupted iterations
openloop_gradual   [  86% ] 041/788 VUs  10m19.4s/12m0s  058.69 iters/s

running (10m20.4s), 045/788 VUs, 37561 complete and 0 interrupted iterations
openloop_gradual   [  86% ] 045/788 VUs  10m20.4s/12m0s  058.10 iters/s

running (10m21.4s), 037/788 VUs, 37626 complete and 0 interrupted iterations
openloop_gradual   [  86% ] 037/788 VUs  10m21.4s/12m0s  057.52 iters/s

running (10m22.4s), 041/788 VUs, 37680 complete and 0 interrupted iterations
openloop_gradual   [  86% ] 041/788 VUs  10m22.4s/12m0s  056.93 iters/s

running (10m23.4s), 039/788 VUs, 37738 complete and 0 interrupted iterations
openloop_gradual   [  87% ] 039/788 VUs  10m23.4s/12m0s  056.36 iters/s

running (10m24.4s), 040/788 VUs, 37793 complete and 0 interrupted iterations
openloop_gradual   [  87% ] 040/788 VUs  10m24.4s/12m0s  055.78 iters/s

running (10m25.4s), 042/788 VUs, 37847 complete and 0 interrupted iterations
openloop_gradual   [  87% ] 042/788 VUs  10m25.4s/12m0s  055.19 iters/s

running (10m26.4s), 037/788 VUs, 37907 complete and 0 interrupted iterations
openloop_gradual   [  87% ] 037/788 VUs  10m26.4s/12m0s  054.60 iters/s

running (10m27.4s), 043/788 VUs, 37955 complete and 0 interrupted iterations
openloop_gradual   [  87% ] 043/788 VUs  10m27.4s/12m0s  054.02 iters/s

running (10m28.4s), 037/788 VUs, 38015 complete and 0 interrupted iterations
openloop_gradual   [  87% ] 037/788 VUs  10m28.4s/12m0s  053.44 iters/s

running (10m29.4s), 037/788 VUs, 38068 complete and 0 interrupted iterations
openloop_gradual   [  87% ] 037/788 VUs  10m29.4s/12m0s  052.85 iters/s

running (10m30.4s), 038/788 VUs, 38120 complete and 0 interrupted iterations
openloop_gradual   [  88% ] 038/788 VUs  10m30.4s/12m0s  052.27 iters/s

running (10m31.4s), 036/788 VUs, 38174 complete and 0 interrupted iterations
openloop_gradual   [  88% ] 036/788 VUs  10m31.4s/12m0s  051.68 iters/s

running (10m32.4s), 037/788 VUs, 38224 complete and 0 interrupted iterations
openloop_gradual   [  88% ] 037/788 VUs  10m32.4s/12m0s  051.10 iters/s

running (10m33.4s), 034/788 VUs, 38278 complete and 0 interrupted iterations
openloop_gradual   [  88% ] 034/788 VUs  10m33.4s/12m0s  050.52 iters/s

running (10m34.4s), 034/788 VUs, 38328 complete and 0 interrupted iterations
openloop_gradual   [  88% ] 034/788 VUs  10m34.4s/12m0s  049.94 iters/s

running (10m35.4s), 034/788 VUs, 38378 complete and 0 interrupted iterations
openloop_gradual   [  88% ] 034/788 VUs  10m35.4s/12m0s  049.35 iters/s

running (10m36.4s), 034/788 VUs, 38427 complete and 0 interrupted iterations
openloop_gradual   [  88% ] 034/788 VUs  10m36.4s/12m0s  048.77 iters/s

running (10m37.4s), 031/788 VUs, 38478 complete and 0 interrupted iterations
openloop_gradual   [  89% ] 031/788 VUs  10m37.4s/12m0s  048.19 iters/s

running (10m38.4s), 030/788 VUs, 38527 complete and 0 interrupted iterations
openloop_gradual   [  89% ] 030/788 VUs  10m38.4s/12m0s  047.61 iters/s

running (10m39.4s), 033/788 VUs, 38571 complete and 0 interrupted iterations
openloop_gradual   [  89% ] 033/788 VUs  10m39.4s/12m0s  047.03 iters/s

running (10m40.4s), 029/788 VUs, 38622 complete and 0 interrupted iterations
openloop_gradual   [  89% ] 029/788 VUs  10m40.4s/12m0s  046.44 iters/s

running (10m41.4s), 029/788 VUs, 38668 complete and 0 interrupted iterations
openloop_gradual   [  89% ] 029/788 VUs  10m41.4s/12m0s  045.86 iters/s

running (10m42.4s), 036/788 VUs, 38707 complete and 0 interrupted iterations
openloop_gradual   [  89% ] 036/788 VUs  10m42.4s/12m0s  045.27 iters/s

running (10m43.4s), 029/788 VUs, 38759 complete and 0 interrupted iterations
openloop_gradual   [  89% ] 029/788 VUs  10m43.4s/12m0s  044.69 iters/s

running (10m44.4s), 030/788 VUs, 38802 complete and 0 interrupted iterations
openloop_gradual   [  90% ] 030/788 VUs  10m44.4s/12m0s  044.11 iters/s

running (10m45.4s), 035/788 VUs, 38841 complete and 0 interrupted iterations
openloop_gradual   [  90% ] 035/788 VUs  10m45.4s/12m0s  043.52 iters/s

running (10m46.4s), 030/788 VUs, 38889 complete and 0 interrupted iterations
openloop_gradual   [  90% ] 030/788 VUs  10m46.4s/12m0s  042.94 iters/s

running (10m47.4s), 031/788 VUs, 38931 complete and 0 interrupted iterations
openloop_gradual   [  90% ] 031/788 VUs  10m47.4s/12m0s  042.35 iters/s

running (10m48.4s), 035/788 VUs, 38969 complete and 0 interrupted iterations
openloop_gradual   [  90% ] 035/788 VUs  10m48.4s/12m0s  041.77 iters/s

running (10m49.4s), 029/788 VUs, 39016 complete and 0 interrupted iterations
openloop_gradual   [  90% ] 029/788 VUs  10m49.4s/12m0s  041.19 iters/s

running (10m50.4s), 027/788 VUs, 39059 complete and 0 interrupted iterations
openloop_gradual   [  90% ] 027/788 VUs  10m50.4s/12m0s  040.61 iters/s

running (10m51.4s), 026/788 VUs, 39101 complete and 0 interrupted iterations
openloop_gradual   [  90% ] 026/788 VUs  10m51.4s/12m0s  040.02 iters/s

running (10m52.4s), 029/788 VUs, 39137 complete and 0 interrupted iterations
openloop_gradual   [  91% ] 029/788 VUs  10m52.4s/12m0s  039.44 iters/s

running (10m53.4s), 028/788 VUs, 39177 complete and 0 interrupted iterations
openloop_gradual   [  91% ] 028/788 VUs  10m53.4s/12m0s  038.85 iters/s

running (10m54.4s), 032/788 VUs, 39212 complete and 0 interrupted iterations
openloop_gradual   [  91% ] 032/788 VUs  10m54.4s/12m0s  038.27 iters/s

running (10m55.4s), 028/788 VUs, 39254 complete and 0 interrupted iterations
openloop_gradual   [  91% ] 028/788 VUs  10m55.4s/12m0s  037.69 iters/s

running (10m56.4s), 026/788 VUs, 39293 complete and 0 interrupted iterations
openloop_gradual   [  91% ] 026/788 VUs  10m56.4s/12m0s  037.11 iters/s

running (10m57.4s), 025/788 VUs, 39331 complete and 0 interrupted iterations
openloop_gradual   [  91% ] 025/788 VUs  10m57.4s/12m0s  036.53 iters/s

running (10m58.4s), 025/788 VUs, 39367 complete and 0 interrupted iterations
openloop_gradual   [  91% ] 025/788 VUs  10m58.4s/12m0s  035.95 iters/s

running (10m59.4s), 027/788 VUs, 39401 complete and 0 interrupted iterations
openloop_gradual   [  92% ] 027/788 VUs  10m59.4s/12m0s  035.36 iters/s

running (11m00.4s), 024/788 VUs, 39439 complete and 0 interrupted iterations
openloop_gradual   [  92% ] 024/788 VUs  11m00.4s/12m0s  034.77 iters/s

running (11m01.4s), 027/788 VUs, 39471 complete and 0 interrupted iterations
openloop_gradual   [  92% ] 027/788 VUs  11m01.4s/12m0s  034.18 iters/s

running (11m02.4s), 027/788 VUs, 39505 complete and 0 interrupted iterations
openloop_gradual   [  92% ] 027/788 VUs  11m02.4s/12m0s  033.60 iters/s

running (11m03.4s), 020/788 VUs, 39545 complete and 0 interrupted iterations
openloop_gradual   [  92% ] 020/788 VUs  11m03.4s/12m0s  033.02 iters/s

running (11m04.4s), 024/788 VUs, 39574 complete and 0 interrupted iterations
openloop_gradual   [  92% ] 024/788 VUs  11m04.4s/12m0s  032.43 iters/s

running (11m05.4s), 021/788 VUs, 39609 complete and 0 interrupted iterations
openloop_gradual   [  92% ] 021/788 VUs  11m05.4s/12m0s  031.85 iters/s

running (11m06.4s), 022/788 VUs, 39639 complete and 0 interrupted iterations
openloop_gradual   [  93% ] 022/788 VUs  11m06.4s/12m0s  031.28 iters/s

running (11m07.4s), 020/788 VUs, 39672 complete and 0 interrupted iterations
openloop_gradual   [  93% ] 020/788 VUs  11m07.4s/12m0s  030.69 iters/s

running (11m08.4s), 023/788 VUs, 39700 complete and 0 interrupted iterations
openloop_gradual   [  93% ] 023/788 VUs  11m08.4s/12m0s  030.10 iters/s

running (11m09.4s), 022/788 VUs, 39730 complete and 0 interrupted iterations
openloop_gradual   [  93% ] 022/788 VUs  11m09.4s/12m0s  029.53 iters/s

running (11m10.4s), 021/788 VUs, 39761 complete and 0 interrupted iterations
openloop_gradual   [  93% ] 021/788 VUs  11m10.4s/12m0s  028.93 iters/s

running (11m11.4s), 020/788 VUs, 39790 complete and 0 interrupted iterations
openloop_gradual   [  93% ] 020/788 VUs  11m11.4s/12m0s  028.36 iters/s

running (11m12.4s), 020/788 VUs, 39818 complete and 0 interrupted iterations
openloop_gradual   [  93% ] 020/788 VUs  11m12.4s/12m0s  027.78 iters/s

running (11m13.4s), 019/788 VUs, 39847 complete and 0 interrupted iterations
openloop_gradual   [  94% ] 019/788 VUs  11m13.4s/12m0s  027.19 iters/s

running (11m14.4s), 018/788 VUs, 39875 complete and 0 interrupted iterations
openloop_gradual   [  94% ] 018/788 VUs  11m14.4s/12m0s  026.60 iters/s

running (11m15.4s), 019/788 VUs, 39900 complete and 0 interrupted iterations
openloop_gradual   [  94% ] 019/788 VUs  11m15.4s/12m0s  026.02 iters/s

running (11m16.4s), 019/788 VUs, 39926 complete and 0 interrupted iterations
openloop_gradual   [  94% ] 019/788 VUs  11m16.4s/12m0s  025.43 iters/s

running (11m17.4s), 017/788 VUs, 39953 complete and 0 interrupted iterations
openloop_gradual   [  94% ] 017/788 VUs  11m17.4s/12m0s  024.85 iters/s

running (11m18.4s), 015/788 VUs, 39980 complete and 0 interrupted iterations
openloop_gradual   [  94% ] 015/788 VUs  11m18.4s/12m0s  024.26 iters/s

running (11m19.4s), 018/788 VUs, 40001 complete and 0 interrupted iterations
openloop_gradual   [  94% ] 018/788 VUs  11m19.4s/12m0s  023.68 iters/s

running (11m20.4s), 017/788 VUs, 40025 complete and 0 interrupted iterations
openloop_gradual   [  95% ] 017/788 VUs  11m20.4s/12m0s  023.10 iters/s

running (11m21.4s), 017/788 VUs, 40048 complete and 0 interrupted iterations
openloop_gradual   [  95% ] 017/788 VUs  11m21.4s/12m0s  022.51 iters/s

running (11m22.4s), 017/788 VUs, 40070 complete and 0 interrupted iterations
openloop_gradual   [  95% ] 017/788 VUs  11m22.4s/12m0s  021.94 iters/s

running (11m23.4s), 017/788 VUs, 40092 complete and 0 interrupted iterations
openloop_gradual   [  95% ] 017/788 VUs  11m23.4s/12m0s  021.34 iters/s

running (11m24.4s), 014/788 VUs, 40116 complete and 0 interrupted iterations
openloop_gradual   [  95% ] 014/788 VUs  11m24.4s/12m0s  020.76 iters/s

running (11m25.4s), 014/788 VUs, 40136 complete and 0 interrupted iterations
openloop_gradual   [  95% ] 014/788 VUs  11m25.4s/12m0s  020.19 iters/s

running (11m26.4s), 017/788 VUs, 40153 complete and 0 interrupted iterations
openloop_gradual   [  95% ] 017/788 VUs  11m26.4s/12m0s  019.61 iters/s

running (11m27.4s), 015/788 VUs, 40174 complete and 0 interrupted iterations
openloop_gradual   [  95% ] 015/788 VUs  11m27.4s/12m0s  019.03 iters/s

running (11m28.4s), 014/788 VUs, 40194 complete and 0 interrupted iterations
openloop_gradual   [  96% ] 014/788 VUs  11m28.4s/12m0s  018.44 iters/s

running (11m29.4s), 013/788 VUs, 40213 complete and 0 interrupted iterations
openloop_gradual   [  96% ] 013/788 VUs  11m29.4s/12m0s  017.86 iters/s

running (11m30.4s), 013/788 VUs, 40231 complete and 0 interrupted iterations
openloop_gradual   [  96% ] 013/788 VUs  11m30.4s/12m0s  017.27 iters/s

running (11m31.4s), 011/788 VUs, 40250 complete and 0 interrupted iterations
openloop_gradual   [  96% ] 011/788 VUs  11m31.4s/12m0s  016.68 iters/s

running (11m32.4s), 011/788 VUs, 40266 complete and 0 interrupted iterations
openloop_gradual   [  96% ] 011/788 VUs  11m32.4s/12m0s  016.11 iters/s

running (11m33.4s), 012/788 VUs, 40281 complete and 0 interrupted iterations
openloop_gradual   [  96% ] 012/788 VUs  11m33.4s/12m0s  015.52 iters/s

running (11m34.4s), 010/788 VUs, 40298 complete and 0 interrupted iterations
openloop_gradual   [  96% ] 010/788 VUs  11m34.4s/12m0s  014.95 iters/s

running (11m35.4s), 011/788 VUs, 40312 complete and 0 interrupted iterations
openloop_gradual   [  97% ] 011/788 VUs  11m35.4s/12m0s  014.35 iters/s

running (11m36.4s), 010/788 VUs, 40327 complete and 0 interrupted iterations
openloop_gradual   [  97% ] 010/788 VUs  11m36.4s/12m0s  013.77 iters/s

running (11m37.4s), 011/788 VUs, 40339 complete and 0 interrupted iterations
openloop_gradual   [  97% ] 011/788 VUs  11m37.4s/12m0s  013.21 iters/s

running (11m38.4s), 009/788 VUs, 40354 complete and 0 interrupted iterations
openloop_gradual   [  97% ] 009/788 VUs  11m38.4s/12m0s  012.62 iters/s

running (11m39.4s), 009/788 VUs, 40367 complete and 0 interrupted iterations
openloop_gradual   [  97% ] 009/788 VUs  11m39.4s/12m0s  012.00 iters/s

running (11m40.4s), 009/788 VUs, 40378 complete and 0 interrupted iterations
openloop_gradual   [  97% ] 009/788 VUs  11m40.4s/12m0s  011.46 iters/s

running (11m41.4s), 009/788 VUs, 40390 complete and 0 interrupted iterations
openloop_gradual   [  97% ] 009/788 VUs  11m41.4s/12m0s  010.83 iters/s

running (11m42.4s), 008/788 VUs, 40401 complete and 0 interrupted iterations
openloop_gradual   [  98% ] 008/788 VUs  11m42.4s/12m0s  010.28 iters/s

running (11m43.4s), 007/788 VUs, 40412 complete and 0 interrupted iterations
openloop_gradual   [  98% ] 007/788 VUs  11m43.4s/12m0s  009.69 iters/s

running (11m44.4s), 006/788 VUs, 40422 complete and 0 interrupted iterations
openloop_gradual   [  98% ] 006/788 VUs  11m44.4s/12m0s  009.13 iters/s

running (11m45.4s), 005/788 VUs, 40432 complete and 0 interrupted iterations
openloop_gradual   [  98% ] 005/788 VUs  11m45.4s/12m0s  008.54 iters/s

running (11m46.4s), 006/788 VUs, 40439 complete and 0 interrupted iterations
openloop_gradual   [  98% ] 006/788 VUs  11m46.4s/12m0s  007.97 iters/s

running (11m47.4s), 006/788 VUs, 40447 complete and 0 interrupted iterations
openloop_gradual   [  98% ] 006/788 VUs  11m47.4s/12m0s  007.37 iters/s

running (11m48.4s), 003/788 VUs, 40457 complete and 0 interrupted iterations
openloop_gradual   [  98% ] 003/788 VUs  11m48.4s/12m0s  006.79 iters/s

running (11m49.4s), 005/788 VUs, 40462 complete and 0 interrupted iterations
openloop_gradual   [  99% ] 005/788 VUs  11m49.4s/12m0s  006.16 iters/s

running (11m50.4s), 005/788 VUs, 40468 complete and 0 interrupted iterations
openloop_gradual   [  99% ] 005/788 VUs  11m50.4s/12m0s  005.56 iters/s

running (11m51.4s), 004/788 VUs, 40474 complete and 0 interrupted iterations
openloop_gradual   [  99% ] 004/788 VUs  11m51.4s/12m0s  005.01 iters/s

running (11m52.4s), 005/788 VUs, 40478 complete and 0 interrupted iterations
openloop_gradual   [  99% ] 005/788 VUs  11m52.4s/12m0s  004.39 iters/s

running (11m53.4s), 003/788 VUs, 40484 complete and 0 interrupted iterations
openloop_gradual   [  99% ] 003/788 VUs  11m53.4s/12m0s  003.82 iters/s

running (11m54.4s), 002/788 VUs, 40488 complete and 0 interrupted iterations
openloop_gradual   [  99% ] 002/788 VUs  11m54.4s/12m0s  003.33 iters/s

running (11m55.4s), 002/788 VUs, 40491 complete and 0 interrupted iterations
openloop_gradual   [  99% ] 002/788 VUs  11m55.4s/12m0s  002.75 iters/s

running (11m56.4s), 002/788 VUs, 40494 complete and 0 interrupted iterations
openloop_gradual   [ 100% ] 002/788 VUs  11m56.4s/12m0s  002.02 iters/s

running (11m57.4s), 002/788 VUs, 40496 complete and 0 interrupted iterations
openloop_gradual   [ 100% ] 002/788 VUs  11m57.4s/12m0s  001.30 iters/s

running (11m58.4s), 001/788 VUs, 40498 complete and 0 interrupted iterations
openloop_gradual   [ 100% ] 001/788 VUs  11m58.4s/12m0s  000.54 iters/s

running (11m59.4s), 000/788 VUs, 40499 complete and 0 interrupted iterations
openloop_gradual   [ 100% ] 000/788 VUs  11m59.4s/12m0s  000.54 iters/s

     ✓ status is 200
     ✓ returns quotes
     ✓ response time <2000ms

     █ setup

     checks.........................: 100.00% ✓ 121497    ✗ 0    
     data_received..................: 30 MB   42 kB/s
     data_sent......................: 19 MB   26 kB/s
     http_req_blocked...............: avg=484.65µs min=114.41µs med=203.03µs max=18.3ms   p(90)=1.11ms   p(95)=1.18ms   p(99)=2.2ms   
     http_req_connecting............: avg=435.01µs min=89.41µs  med=152.22µs max=18.26ms  p(90)=1.06ms   p(95)=1.13ms   p(99)=2.14ms  
     http_req_duration..............: avg=709.38ms min=468.89ms med=710.26ms max=960.19ms p(90)=895.76ms p(95)=916.7ms  p(99)=933.19ms
       { expected_response:true }...: avg=709.38ms min=468.89ms med=710.26ms max=960.19ms p(90)=895.76ms p(95)=916.7ms  p(99)=933.19ms
     http_req_failed................: 0.00%   ✓ 0         ✗ 40499
     http_req_receiving.............: avg=156.34µs min=31.78µs  med=144.69µs max=8.33ms   p(90)=214.95µs p(95)=261.6µs  p(99)=501.08µs
     http_req_sending...............: avg=47.32µs  min=20.75µs  med=45.23µs  max=796.41µs p(90)=60.49µs  p(95)=66.79µs  p(99)=84.47µs 
     http_req_tls_handshaking.......: avg=0s       min=0s       med=0s       max=0s       p(90)=0s       p(95)=0s       p(99)=0s      
     http_req_waiting...............: avg=709.17ms min=468.77ms med=710.08ms max=959.67ms p(90)=895.56ms p(95)=916.55ms p(99)=933.01ms
     http_reqs......................: 40499   56.248387/s
     iteration_duration.............: avg=710.14ms min=146.87µs med=711.06ms max=960.69ms p(90)=896.62ms p(95)=917.55ms p(99)=934.05ms
     iterations.....................: 40499   56.248387/s
     req_e2e_duration...............: avg=709.97ms min=470ms    med=711ms    max=960ms    p(90)=896ms    p(95)=917ms    p(99)=934ms   
     vus............................: 0       min=0       max=82 
     vus_max........................: 788     min=788     max=788


running (12m00.0s), 000/788 VUs, 40499 complete and 0 interrupted iterations
openloop_gradual ✓ [ 100% ] 000/788 VUs  12m0s  000.54 iters/s
[openloop-wrapper] k6 exit code 0
