
          /\      |‾‾| /‾‾/   /‾‾/   
     /\  /  \     |  |/  /   /  /    
    /  \/    \    |     (   /   ‾‾\  
   /          \   |  |\  \ |  (‾)  | 
  / __________ \  |__| \__\ \_____/ .io

  execution: local
     script: /scripts/load-test.js
     output: json (/results/results.json.gz)

  scenarios: (100.00%) 1 scenario, 225 max VUs, 12m30s max duration (incl. graceful stop):
           * openloop_spike: Up to 30.00 iterations/s for 12m0s over 4 stages (maxVUs: 225, gracefulStop: 30s)

time="2026-10-07T16:38:11Z" level=info msg="OPENLOOP_CONFIG service=auth-service pattern=spike base_rate=2 peak_rate=30 timeout=5s vu_factor=1.5 openloop_spike:ramping-arrival-rate:vus=225/225" source=console
time="2026-10-07T16:38:11Z" level=info msg="PREAUTH_USED tokens=120" source=console
time="2026-10-07T16:38:11Z" level=info msg="SCENARIO_START name=openloop_spike start_ms=1791391091402" source=console

running (00m00.9s), 000/225 VUs, 1 complete and 0 interrupted iterations
openloop_spike   [   0% ] 000/225 VUs  00m00.8s/12m0s  02.00 iters/s

running (00m01.9s), 000/225 VUs, 3 complete and 0 interrupted iterations
openloop_spike   [   0% ] 000/225 VUs  00m01.8s/12m0s  02.00 iters/s

running (00m02.9s), 000/225 VUs, 5 complete and 0 interrupted iterations
openloop_spike   [   0% ] 000/225 VUs  00m02.8s/12m0s  02.00 iters/s

running (00m03.9s), 001/225 VUs, 6 complete and 0 interrupted iterations
openloop_spike   [   1% ] 001/225 VUs  00m03.8s/12m0s  02.00 iters/s

running (00m04.9s), 000/225 VUs, 9 complete and 0 interrupted iterations
openloop_spike   [   1% ] 000/225 VUs  00m04.8s/12m0s  02.00 iters/s

running (00m05.9s), 000/225 VUs, 11 complete and 0 interrupted iterations
openloop_spike   [   1% ] 000/225 VUs  00m05.8s/12m0s  02.00 iters/s

running (00m06.9s), 000/225 VUs, 13 complete and 0 interrupted iterations
openloop_spike   [   1% ] 000/225 VUs  00m06.8s/12m0s  02.00 iters/s

running (00m07.9s), 000/225 VUs, 15 complete and 0 interrupted iterations
openloop_spike   [   1% ] 000/225 VUs  00m07.8s/12m0s  02.00 iters/s

running (00m08.9s), 000/225 VUs, 17 complete and 0 interrupted iterations
openloop_spike   [   1% ] 000/225 VUs  00m08.8s/12m0s  02.00 iters/s

running (00m09.9s), 000/225 VUs, 19 complete and 0 interrupted iterations
openloop_spike   [   1% ] 000/225 VUs  00m09.8s/12m0s  02.00 iters/s

running (00m10.9s), 001/225 VUs, 20 complete and 0 interrupted iterations
openloop_spike   [   1% ] 001/225 VUs  00m10.8s/12m0s  02.00 iters/s

running (00m11.9s), 000/225 VUs, 23 complete and 0 interrupted iterations
openloop_spike   [   2% ] 000/225 VUs  00m11.8s/12m0s  02.00 iters/s

running (00m12.9s), 001/225 VUs, 24 complete and 0 interrupted iterations
openloop_spike   [   2% ] 001/225 VUs  00m12.8s/12m0s  02.00 iters/s

running (00m13.9s), 000/225 VUs, 27 complete and 0 interrupted iterations
openloop_spike   [   2% ] 000/225 VUs  00m13.8s/12m0s  02.00 iters/s

running (00m14.9s), 000/225 VUs, 29 complete and 0 interrupted iterations
openloop_spike   [   2% ] 000/225 VUs  00m14.8s/12m0s  02.00 iters/s

running (00m15.9s), 000/225 VUs, 31 complete and 0 interrupted iterations
openloop_spike   [   2% ] 000/225 VUs  00m15.8s/12m0s  02.00 iters/s

running (00m16.9s), 000/225 VUs, 33 complete and 0 interrupted iterations
openloop_spike   [   2% ] 000/225 VUs  00m16.8s/12m0s  02.00 iters/s

running (00m17.9s), 000/225 VUs, 35 complete and 0 interrupted iterations
openloop_spike   [   2% ] 000/225 VUs  00m17.8s/12m0s  02.00 iters/s

running (00m18.9s), 000/225 VUs, 37 complete and 0 interrupted iterations
openloop_spike   [   3% ] 000/225 VUs  00m18.8s/12m0s  02.00 iters/s

running (00m19.9s), 000/225 VUs, 39 complete and 0 interrupted iterations
openloop_spike   [   3% ] 000/225 VUs  00m19.8s/12m0s  02.00 iters/s

running (00m20.9s), 000/225 VUs, 41 complete and 0 interrupted iterations
openloop_spike   [   3% ] 000/225 VUs  00m20.8s/12m0s  02.00 iters/s

running (00m21.9s), 001/225 VUs, 42 complete and 0 interrupted iterations
openloop_spike   [   3% ] 001/225 VUs  00m21.8s/12m0s  02.00 iters/s

running (00m22.9s), 000/225 VUs, 45 complete and 0 interrupted iterations
openloop_spike   [   3% ] 000/225 VUs  00m22.8s/12m0s  02.00 iters/s

running (00m23.9s), 000/225 VUs, 47 complete and 0 interrupted iterations
openloop_spike   [   3% ] 000/225 VUs  00m23.8s/12m0s  02.00 iters/s

running (00m24.9s), 000/225 VUs, 49 complete and 0 interrupted iterations
openloop_spike   [   3% ] 000/225 VUs  00m24.8s/12m0s  02.00 iters/s

running (00m25.9s), 000/225 VUs, 51 complete and 0 interrupted iterations
openloop_spike   [   4% ] 000/225 VUs  00m25.8s/12m0s  02.00 iters/s

running (00m26.9s), 000/225 VUs, 53 complete and 0 interrupted iterations
openloop_spike   [   4% ] 000/225 VUs  00m26.8s/12m0s  02.00 iters/s

running (00m27.9s), 000/225 VUs, 55 complete and 0 interrupted iterations
openloop_spike   [   4% ] 000/225 VUs  00m27.8s/12m0s  02.00 iters/s

running (00m28.9s), 000/225 VUs, 57 complete and 0 interrupted iterations
openloop_spike   [   4% ] 000/225 VUs  00m28.8s/12m0s  02.00 iters/s

running (00m29.9s), 000/225 VUs, 59 complete and 0 interrupted iterations
openloop_spike   [   4% ] 000/225 VUs  00m29.8s/12m0s  02.00 iters/s

running (00m30.9s), 001/225 VUs, 60 complete and 0 interrupted iterations
openloop_spike   [   4% ] 001/225 VUs  00m30.8s/12m0s  02.00 iters/s

running (00m31.9s), 000/225 VUs, 63 complete and 0 interrupted iterations
openloop_spike   [   4% ] 000/225 VUs  00m31.8s/12m0s  02.00 iters/s

running (00m32.9s), 000/225 VUs, 65 complete and 0 interrupted iterations
openloop_spike   [   5% ] 000/225 VUs  00m32.8s/12m0s  02.00 iters/s

running (00m33.9s), 000/225 VUs, 67 complete and 0 interrupted iterations
openloop_spike   [   5% ] 000/225 VUs  00m33.8s/12m0s  02.00 iters/s

running (00m34.9s), 000/225 VUs, 69 complete and 0 interrupted iterations
openloop_spike   [   5% ] 000/225 VUs  00m34.8s/12m0s  02.00 iters/s

running (00m35.9s), 000/225 VUs, 71 complete and 0 interrupted iterations
openloop_spike   [   5% ] 000/225 VUs  00m35.8s/12m0s  02.00 iters/s

running (00m36.9s), 000/225 VUs, 73 complete and 0 interrupted iterations
openloop_spike   [   5% ] 000/225 VUs  00m36.8s/12m0s  02.00 iters/s

running (00m37.9s), 001/225 VUs, 74 complete and 0 interrupted iterations
openloop_spike   [   5% ] 001/225 VUs  00m37.8s/12m0s  02.00 iters/s

running (00m38.9s), 000/225 VUs, 77 complete and 0 interrupted iterations
openloop_spike   [   5% ] 000/225 VUs  00m38.8s/12m0s  02.00 iters/s

running (00m39.9s), 000/225 VUs, 79 complete and 0 interrupted iterations
openloop_spike   [   6% ] 000/225 VUs  00m39.8s/12m0s  02.00 iters/s

running (00m40.9s), 000/225 VUs, 81 complete and 0 interrupted iterations
openloop_spike   [   6% ] 000/225 VUs  00m40.8s/12m0s  02.00 iters/s

running (00m41.9s), 000/225 VUs, 83 complete and 0 interrupted iterations
openloop_spike   [   6% ] 000/225 VUs  00m41.8s/12m0s  02.00 iters/s

running (00m42.9s), 000/225 VUs, 85 complete and 0 interrupted iterations
openloop_spike   [   6% ] 000/225 VUs  00m42.8s/12m0s  02.00 iters/s

running (00m43.9s), 000/225 VUs, 87 complete and 0 interrupted iterations
openloop_spike   [   6% ] 000/225 VUs  00m43.8s/12m0s  02.00 iters/s

running (00m44.9s), 000/225 VUs, 89 complete and 0 interrupted iterations
openloop_spike   [   6% ] 000/225 VUs  00m44.8s/12m0s  02.00 iters/s

running (00m45.9s), 000/225 VUs, 91 complete and 0 interrupted iterations
openloop_spike   [   6% ] 000/225 VUs  00m45.8s/12m0s  02.00 iters/s

running (00m46.9s), 000/225 VUs, 93 complete and 0 interrupted iterations
openloop_spike   [   6% ] 000/225 VUs  00m46.8s/12m0s  02.00 iters/s

running (00m47.9s), 000/225 VUs, 95 complete and 0 interrupted iterations
openloop_spike   [   7% ] 000/225 VUs  00m47.8s/12m0s  02.00 iters/s

running (00m48.9s), 000/225 VUs, 97 complete and 0 interrupted iterations
openloop_spike   [   7% ] 000/225 VUs  00m48.8s/12m0s  02.00 iters/s

running (00m49.9s), 000/225 VUs, 99 complete and 0 interrupted iterations
openloop_spike   [   7% ] 000/225 VUs  00m49.8s/12m0s  02.00 iters/s

running (00m50.9s), 000/225 VUs, 101 complete and 0 interrupted iterations
openloop_spike   [   7% ] 000/225 VUs  00m50.8s/12m0s  02.00 iters/s

running (00m51.9s), 000/225 VUs, 103 complete and 0 interrupted iterations
openloop_spike   [   7% ] 000/225 VUs  00m51.8s/12m0s  02.00 iters/s

running (00m52.9s), 000/225 VUs, 105 complete and 0 interrupted iterations
openloop_spike   [   7% ] 000/225 VUs  00m52.8s/12m0s  02.00 iters/s

running (00m53.9s), 000/225 VUs, 107 complete and 0 interrupted iterations
openloop_spike   [   7% ] 000/225 VUs  00m53.8s/12m0s  02.00 iters/s

running (00m54.9s), 001/225 VUs, 108 complete and 0 interrupted iterations
openloop_spike   [   8% ] 001/225 VUs  00m54.8s/12m0s  02.00 iters/s

running (00m55.9s), 000/225 VUs, 111 complete and 0 interrupted iterations
openloop_spike   [   8% ] 000/225 VUs  00m55.8s/12m0s  02.00 iters/s

running (00m56.9s), 000/225 VUs, 113 complete and 0 interrupted iterations
openloop_spike   [   8% ] 000/225 VUs  00m56.8s/12m0s  02.00 iters/s

running (00m57.9s), 000/225 VUs, 115 complete and 0 interrupted iterations
openloop_spike   [   8% ] 000/225 VUs  00m57.8s/12m0s  02.00 iters/s

running (00m58.9s), 000/225 VUs, 117 complete and 0 interrupted iterations
openloop_spike   [   8% ] 000/225 VUs  00m58.8s/12m0s  02.00 iters/s

running (00m59.9s), 000/225 VUs, 119 complete and 0 interrupted iterations
openloop_spike   [   8% ] 000/225 VUs  00m59.8s/12m0s  02.00 iters/s

running (01m00.9s), 000/225 VUs, 121 complete and 0 interrupted iterations
openloop_spike   [   8% ] 000/225 VUs  01m00.8s/12m0s  02.00 iters/s

running (01m01.9s), 000/225 VUs, 123 complete and 0 interrupted iterations
openloop_spike   [   9% ] 000/225 VUs  01m01.8s/12m0s  02.00 iters/s

running (01m02.9s), 000/225 VUs, 125 complete and 0 interrupted iterations
openloop_spike   [   9% ] 000/225 VUs  01m02.8s/12m0s  02.00 iters/s

running (01m03.9s), 000/225 VUs, 127 complete and 0 interrupted iterations
openloop_spike   [   9% ] 000/225 VUs  01m03.8s/12m0s  02.00 iters/s

running (01m04.9s), 000/225 VUs, 129 complete and 0 interrupted iterations
openloop_spike   [   9% ] 000/225 VUs  01m04.8s/12m0s  02.00 iters/s

running (01m05.9s), 000/225 VUs, 131 complete and 0 interrupted iterations
openloop_spike   [   9% ] 000/225 VUs  01m05.8s/12m0s  02.00 iters/s

running (01m06.9s), 000/225 VUs, 133 complete and 0 interrupted iterations
openloop_spike   [   9% ] 000/225 VUs  01m06.8s/12m0s  02.00 iters/s

running (01m07.9s), 001/225 VUs, 134 complete and 0 interrupted iterations
openloop_spike   [   9% ] 001/225 VUs  01m07.8s/12m0s  02.00 iters/s

running (01m08.9s), 000/225 VUs, 137 complete and 0 interrupted iterations
openloop_spike   [  10% ] 000/225 VUs  01m08.8s/12m0s  02.00 iters/s

running (01m09.9s), 000/225 VUs, 139 complete and 0 interrupted iterations
openloop_spike   [  10% ] 000/225 VUs  01m09.8s/12m0s  02.00 iters/s

running (01m10.9s), 000/225 VUs, 141 complete and 0 interrupted iterations
openloop_spike   [  10% ] 000/225 VUs  01m10.8s/12m0s  02.00 iters/s

running (01m11.9s), 000/225 VUs, 143 complete and 0 interrupted iterations
openloop_spike   [  10% ] 000/225 VUs  01m11.8s/12m0s  02.00 iters/s

running (01m12.9s), 000/225 VUs, 145 complete and 0 interrupted iterations
openloop_spike   [  10% ] 000/225 VUs  01m12.8s/12m0s  02.00 iters/s

running (01m13.9s), 000/225 VUs, 147 complete and 0 interrupted iterations
openloop_spike   [  10% ] 000/225 VUs  01m13.8s/12m0s  02.00 iters/s

running (01m14.9s), 000/225 VUs, 149 complete and 0 interrupted iterations
openloop_spike   [  10% ] 000/225 VUs  01m14.8s/12m0s  02.00 iters/s

running (01m15.9s), 000/225 VUs, 151 complete and 0 interrupted iterations
openloop_spike   [  11% ] 000/225 VUs  01m15.8s/12m0s  02.00 iters/s

running (01m16.9s), 000/225 VUs, 153 complete and 0 interrupted iterations
openloop_spike   [  11% ] 000/225 VUs  01m16.8s/12m0s  02.00 iters/s

running (01m17.9s), 000/225 VUs, 155 complete and 0 interrupted iterations
openloop_spike   [  11% ] 000/225 VUs  01m17.8s/12m0s  02.00 iters/s

running (01m18.9s), 000/225 VUs, 157 complete and 0 interrupted iterations
openloop_spike   [  11% ] 000/225 VUs  01m18.8s/12m0s  02.00 iters/s

running (01m19.9s), 000/225 VUs, 159 complete and 0 interrupted iterations
openloop_spike   [  11% ] 000/225 VUs  01m19.8s/12m0s  02.00 iters/s

running (01m20.9s), 000/225 VUs, 161 complete and 0 interrupted iterations
openloop_spike   [  11% ] 000/225 VUs  01m20.8s/12m0s  02.00 iters/s

running (01m21.9s), 000/225 VUs, 163 complete and 0 interrupted iterations
openloop_spike   [  11% ] 000/225 VUs  01m21.8s/12m0s  02.00 iters/s

running (01m22.9s), 000/225 VUs, 165 complete and 0 interrupted iterations
openloop_spike   [  11% ] 000/225 VUs  01m22.8s/12m0s  02.00 iters/s

running (01m23.9s), 000/225 VUs, 167 complete and 0 interrupted iterations
openloop_spike   [  12% ] 000/225 VUs  01m23.8s/12m0s  02.00 iters/s

running (01m24.9s), 000/225 VUs, 169 complete and 0 interrupted iterations
openloop_spike   [  12% ] 000/225 VUs  01m24.8s/12m0s  02.00 iters/s

running (01m25.9s), 000/225 VUs, 171 complete and 0 interrupted iterations
openloop_spike   [  12% ] 000/225 VUs  01m25.8s/12m0s  02.00 iters/s

running (01m26.9s), 001/225 VUs, 172 complete and 0 interrupted iterations
openloop_spike   [  12% ] 001/225 VUs  01m26.8s/12m0s  02.00 iters/s

running (01m27.9s), 000/225 VUs, 175 complete and 0 interrupted iterations
openloop_spike   [  12% ] 000/225 VUs  01m27.8s/12m0s  02.00 iters/s

running (01m28.9s), 000/225 VUs, 177 complete and 0 interrupted iterations
openloop_spike   [  12% ] 000/225 VUs  01m28.8s/12m0s  02.00 iters/s

running (01m29.9s), 000/225 VUs, 179 complete and 0 interrupted iterations
openloop_spike   [  12% ] 000/225 VUs  01m29.8s/12m0s  02.00 iters/s

running (01m30.9s), 000/225 VUs, 181 complete and 0 interrupted iterations
openloop_spike   [  13% ] 000/225 VUs  01m30.8s/12m0s  02.00 iters/s

running (01m31.9s), 000/225 VUs, 183 complete and 0 interrupted iterations
openloop_spike   [  13% ] 000/225 VUs  01m31.8s/12m0s  02.00 iters/s

running (01m32.9s), 000/225 VUs, 185 complete and 0 interrupted iterations
openloop_spike   [  13% ] 000/225 VUs  01m32.8s/12m0s  02.00 iters/s

running (01m33.9s), 000/225 VUs, 187 complete and 0 interrupted iterations
openloop_spike   [  13% ] 000/225 VUs  01m33.8s/12m0s  02.00 iters/s

running (01m34.9s), 000/225 VUs, 189 complete and 0 interrupted iterations
openloop_spike   [  13% ] 000/225 VUs  01m34.8s/12m0s  02.00 iters/s

running (01m35.9s), 001/225 VUs, 190 complete and 0 interrupted iterations
openloop_spike   [  13% ] 001/225 VUs  01m35.8s/12m0s  02.00 iters/s

running (01m36.9s), 000/225 VUs, 193 complete and 0 interrupted iterations
openloop_spike   [  13% ] 000/225 VUs  01m36.8s/12m0s  02.00 iters/s

running (01m37.9s), 001/225 VUs, 194 complete and 0 interrupted iterations
openloop_spike   [  14% ] 001/225 VUs  01m37.8s/12m0s  02.00 iters/s

running (01m38.9s), 000/225 VUs, 197 complete and 0 interrupted iterations
openloop_spike   [  14% ] 000/225 VUs  01m38.8s/12m0s  02.00 iters/s

running (01m39.9s), 000/225 VUs, 199 complete and 0 interrupted iterations
openloop_spike   [  14% ] 000/225 VUs  01m39.8s/12m0s  02.00 iters/s

running (01m40.9s), 000/225 VUs, 201 complete and 0 interrupted iterations
openloop_spike   [  14% ] 000/225 VUs  01m40.8s/12m0s  02.00 iters/s

running (01m41.9s), 000/225 VUs, 203 complete and 0 interrupted iterations
openloop_spike   [  14% ] 000/225 VUs  01m41.8s/12m0s  02.00 iters/s

running (01m42.9s), 000/225 VUs, 205 complete and 0 interrupted iterations
openloop_spike   [  14% ] 000/225 VUs  01m42.8s/12m0s  02.00 iters/s

running (01m43.9s), 000/225 VUs, 207 complete and 0 interrupted iterations
openloop_spike   [  14% ] 000/225 VUs  01m43.8s/12m0s  02.00 iters/s

running (01m44.9s), 000/225 VUs, 209 complete and 0 interrupted iterations
openloop_spike   [  15% ] 000/225 VUs  01m44.8s/12m0s  02.00 iters/s

running (01m45.9s), 000/225 VUs, 211 complete and 0 interrupted iterations
openloop_spike   [  15% ] 000/225 VUs  01m45.8s/12m0s  02.00 iters/s

running (01m46.9s), 000/225 VUs, 213 complete and 0 interrupted iterations
openloop_spike   [  15% ] 000/225 VUs  01m46.8s/12m0s  02.00 iters/s

running (01m47.9s), 001/225 VUs, 214 complete and 0 interrupted iterations
openloop_spike   [  15% ] 001/225 VUs  01m47.8s/12m0s  02.00 iters/s

running (01m48.9s), 000/225 VUs, 217 complete and 0 interrupted iterations
openloop_spike   [  15% ] 000/225 VUs  01m48.8s/12m0s  02.00 iters/s

running (01m49.9s), 000/225 VUs, 219 complete and 0 interrupted iterations
openloop_spike   [  15% ] 000/225 VUs  01m49.8s/12m0s  02.00 iters/s

running (01m50.9s), 000/225 VUs, 221 complete and 0 interrupted iterations
openloop_spike   [  15% ] 000/225 VUs  01m50.8s/12m0s  02.00 iters/s

running (01m51.9s), 000/225 VUs, 223 complete and 0 interrupted iterations
openloop_spike   [  16% ] 000/225 VUs  01m51.8s/12m0s  02.00 iters/s

running (01m52.9s), 000/225 VUs, 225 complete and 0 interrupted iterations
openloop_spike   [  16% ] 000/225 VUs  01m52.8s/12m0s  02.00 iters/s

running (01m53.9s), 000/225 VUs, 227 complete and 0 interrupted iterations
openloop_spike   [  16% ] 000/225 VUs  01m53.8s/12m0s  02.00 iters/s

running (01m54.9s), 000/225 VUs, 229 complete and 0 interrupted iterations
openloop_spike   [  16% ] 000/225 VUs  01m54.8s/12m0s  02.00 iters/s

running (01m55.9s), 000/225 VUs, 231 complete and 0 interrupted iterations
openloop_spike   [  16% ] 000/225 VUs  01m55.8s/12m0s  02.00 iters/s

running (01m56.9s), 000/225 VUs, 233 complete and 0 interrupted iterations
openloop_spike   [  16% ] 000/225 VUs  01m56.8s/12m0s  02.00 iters/s

running (01m57.9s), 001/225 VUs, 234 complete and 0 interrupted iterations
openloop_spike   [  16% ] 001/225 VUs  01m57.8s/12m0s  02.00 iters/s

running (01m58.9s), 000/225 VUs, 237 complete and 0 interrupted iterations
openloop_spike   [  16% ] 000/225 VUs  01m58.8s/12m0s  02.00 iters/s

running (01m59.9s), 000/225 VUs, 239 complete and 0 interrupted iterations
openloop_spike   [  17% ] 000/225 VUs  01m59.8s/12m0s  02.00 iters/s

running (02m00.9s), 000/225 VUs, 242 complete and 0 interrupted iterations
openloop_spike   [  17% ] 000/225 VUs  02m00.8s/12m0s  04.23 iters/s

running (02m01.9s), 002/225 VUs, 246 complete and 0 interrupted iterations
openloop_spike   [  17% ] 002/225 VUs  02m01.8s/12m0s  07.18 iters/s

running (02m02.9s), 003/225 VUs, 253 complete and 0 interrupted iterations
openloop_spike   [  17% ] 003/225 VUs  02m02.8s/12m0s  09.82 iters/s

running (02m03.9s), 003/225 VUs, 264 complete and 0 interrupted iterations
openloop_spike   [  17% ] 003/225 VUs  02m03.8s/12m0s  12.57 iters/s

running (02m04.9s), 004/225 VUs, 277 complete and 0 interrupted iterations
openloop_spike   [  17% ] 004/225 VUs  02m04.8s/12m0s  15.38 iters/s

running (02m05.9s), 008/225 VUs, 290 complete and 0 interrupted iterations
openloop_spike   [  17% ] 008/225 VUs  02m05.8s/12m0s  18.21 iters/s

running (02m06.9s), 018/225 VUs, 300 complete and 0 interrupted iterations
openloop_spike   [  18% ] 018/225 VUs  02m06.8s/12m0s  21.06 iters/s

running (02m07.9s), 025/225 VUs, 315 complete and 0 interrupted iterations
openloop_spike   [  18% ] 025/225 VUs  02m07.8s/12m0s  23.81 iters/s

running (02m08.9s), 020/225 VUs, 345 complete and 0 interrupted iterations
openloop_spike   [  18% ] 020/225 VUs  02m08.8s/12m0s  26.59 iters/s

running (02m09.9s), 011/225 VUs, 382 complete and 0 interrupted iterations
openloop_spike   [  18% ] 011/225 VUs  02m09.8s/12m0s  29.39 iters/s
time="2026-10-07T16:40:21Z" level=warning msg="Request Failed" error="Post \"http://auth-service.ecommerce.svc.cluster.local:8001/auth/login\": request timeout"

running (02m10.9s), 017/225 VUs, 406 complete and 0 interrupted iterations
openloop_spike   [  18% ] 017/225 VUs  02m10.8s/12m0s  30.00 iters/s

running (02m11.9s), 021/225 VUs, 432 complete and 0 interrupted iterations
openloop_spike   [  18% ] 021/225 VUs  02m11.8s/12m0s  30.00 iters/s
time="2026-10-07T16:40:23Z" level=warning msg="Request Failed" error="Post \"http://auth-service.ecommerce.svc.cluster.local:8001/auth/login\": request timeout"

running (02m12.9s), 042/225 VUs, 441 complete and 0 interrupted iterations
openloop_spike   [  18% ] 042/225 VUs  02m12.8s/12m0s  30.00 iters/s
time="2026-10-07T16:40:24Z" level=warning msg="Request Failed" error="Post \"http://auth-service.ecommerce.svc.cluster.local:8001/auth/login\": request timeout"
time="2026-10-07T16:40:24Z" level=warning msg="Request Failed" error="Post \"http://auth-service.ecommerce.svc.cluster.local:8001/auth/login\": request timeout"

running (02m13.9s), 016/225 VUs, 497 complete and 0 interrupted iterations
openloop_spike   [  19% ] 016/225 VUs  02m13.8s/12m0s  30.00 iters/s

running (02m14.9s), 022/225 VUs, 521 complete and 0 interrupted iterations
openloop_spike   [  19% ] 022/225 VUs  02m14.8s/12m0s  30.00 iters/s
time="2026-10-07T16:40:26Z" level=warning msg="Request Failed" error="Post \"http://auth-service.ecommerce.svc.cluster.local:8001/auth/login\": request timeout"
time="2026-10-07T16:40:26Z" level=warning msg="Request Failed" error="Post \"http://auth-service.ecommerce.svc.cluster.local:8001/auth/login\": request timeout"
time="2026-10-07T16:40:26Z" level=warning msg="Request Failed" error="Post \"http://auth-service.ecommerce.svc.cluster.local:8001/auth/login\": request timeout"

running (02m15.9s), 018/225 VUs, 555 complete and 0 interrupted iterations
openloop_spike   [  19% ] 018/225 VUs  02m15.8s/12m0s  30.00 iters/s
time="2026-10-07T16:40:27Z" level=warning msg="Request Failed" error="Post \"http://auth-service.ecommerce.svc.cluster.local:8001/auth/login\": request timeout"
time="2026-10-07T16:40:28Z" level=warning msg="Request Failed" error="Post \"http://auth-service.ecommerce.svc.cluster.local:8001/auth/login\": request timeout"

running (02m16.9s), 019/225 VUs, 584 complete and 0 interrupted iterations
openloop_spike   [  19% ] 019/225 VUs  02m16.8s/12m0s  30.00 iters/s
time="2026-10-07T16:40:28Z" level=warning msg="Request Failed" error="Post \"http://auth-service.ecommerce.svc.cluster.local:8001/auth/login\": request timeout"

running (02m17.9s), 019/225 VUs, 614 complete and 0 interrupted iterations
openloop_spike   [  19% ] 019/225 VUs  02m17.8s/12m0s  30.00 iters/s

running (02m18.9s), 030/225 VUs, 633 complete and 0 interrupted iterations
openloop_spike   [  19% ] 030/225 VUs  02m18.8s/12m0s  30.00 iters/s
time="2026-10-07T16:40:30Z" level=warning msg="Request Failed" error="Post \"http://auth-service.ecommerce.svc.cluster.local:8001/auth/login\": request timeout"
time="2026-10-07T16:40:30Z" level=warning msg="Request Failed" error="Post \"http://auth-service.ecommerce.svc.cluster.local:8001/auth/login\": request timeout"

running (02m19.9s), 024/225 VUs, 669 complete and 0 interrupted iterations
openloop_spike   [  19% ] 024/225 VUs  02m19.8s/12m0s  30.00 iters/s
time="2026-10-07T16:40:31Z" level=warning msg="Request Failed" error="Post \"http://auth-service.ecommerce.svc.cluster.local:8001/auth/login\": request timeout"

running (02m20.9s), 030/225 VUs, 693 complete and 0 interrupted iterations
openloop_spike   [  20% ] 030/225 VUs  02m20.8s/12m0s  30.00 iters/s
time="2026-10-07T16:40:32Z" level=warning msg="Request Failed" error="Post \"http://auth-service.ecommerce.svc.cluster.local:8001/auth/login\": request timeout"

running (02m21.9s), 030/225 VUs, 723 complete and 0 interrupted iterations
openloop_spike   [  20% ] 030/225 VUs  02m21.8s/12m0s  30.00 iters/s
time="2026-10-07T16:40:33Z" level=warning msg="Request Failed" error="Post \"http://auth-service.ecommerce.svc.cluster.local:8001/auth/login\": request timeout"

running (02m22.9s), 023/225 VUs, 760 complete and 0 interrupted iterations
openloop_spike   [  20% ] 023/225 VUs  02m22.8s/12m0s  30.00 iters/s
time="2026-10-07T16:40:34Z" level=warning msg="Request Failed" error="Post \"http://auth-service.ecommerce.svc.cluster.local:8001/auth/login\": request timeout"

running (02m23.9s), 017/225 VUs, 796 complete and 0 interrupted iterations
openloop_spike   [  20% ] 017/225 VUs  02m23.8s/12m0s  30.00 iters/s

running (02m24.9s), 021/225 VUs, 822 complete and 0 interrupted iterations
openloop_spike   [  20% ] 021/225 VUs  02m24.8s/12m0s  30.00 iters/s

running (02m25.9s), 024/225 VUs, 849 complete and 0 interrupted iterations
openloop_spike   [  20% ] 024/225 VUs  02m25.8s/12m0s  30.00 iters/s

running (02m26.9s), 027/225 VUs, 876 complete and 0 interrupted iterations
openloop_spike   [  20% ] 027/225 VUs  02m26.8s/12m0s  30.00 iters/s
time="2026-10-07T16:40:38Z" level=warning msg="Request Failed" error="Post \"http://auth-service.ecommerce.svc.cluster.local:8001/auth/login\": request timeout"

running (02m27.9s), 025/225 VUs, 908 complete and 0 interrupted iterations
openloop_spike   [  21% ] 025/225 VUs  02m27.8s/12m0s  30.00 iters/s
time="2026-10-07T16:40:39Z" level=warning msg="Request Failed" error="Post \"http://auth-service.ecommerce.svc.cluster.local:8001/auth/login\": request timeout"
time="2026-10-07T16:40:40Z" level=warning msg="Request Failed" error="Post \"http://auth-service.ecommerce.svc.cluster.local:8001/auth/login\": request timeout"

running (02m28.9s), 023/225 VUs, 940 complete and 0 interrupted iterations
openloop_spike   [  21% ] 023/225 VUs  02m28.8s/12m0s  30.00 iters/s
time="2026-10-07T16:40:40Z" level=warning msg="Request Failed" error="Post \"http://auth-service.ecommerce.svc.cluster.local:8001/auth/login\": request timeout"
time="2026-10-07T16:40:40Z" level=warning msg="Request Failed" error="Post \"http://auth-service.ecommerce.svc.cluster.local:8001/auth/login\": request timeout"
time="2026-10-07T16:40:41Z" level=warning msg="Request Failed" error="Post \"http://auth-service.ecommerce.svc.cluster.local:8001/auth/login\": request timeout"
time="2026-10-07T16:40:41Z" level=warning msg="Request Failed" error="Post \"http://auth-service.ecommerce.svc.cluster.local:8001/auth/login\": request timeout"

running (02m29.9s), 019/225 VUs, 974 complete and 0 interrupted iterations
openloop_spike   [  21% ] 019/225 VUs  02m29.8s/12m0s  30.00 iters/s
time="2026-10-07T16:40:41Z" level=warning msg="Request Failed" error="Post \"http://auth-service.ecommerce.svc.cluster.local:8001/auth/login\": request timeout"
time="2026-10-07T16:40:41Z" level=warning msg="Request Failed" error="Post \"http://auth-service.ecommerce.svc.cluster.local:8001/auth/login\": request timeout"
time="2026-10-07T16:40:42Z" level=warning msg="Request Failed" error="Post \"http://auth-service.ecommerce.svc.cluster.local:8001/auth/login\": request timeout"

running (02m30.9s), 027/225 VUs, 996 complete and 0 interrupted iterations
openloop_spike   [  21% ] 027/225 VUs  02m30.8s/12m0s  30.00 iters/s
time="2026-10-07T16:40:42Z" level=warning msg="Request Failed" error="Post \"http://auth-service.ecommerce.svc.cluster.local:8001/auth/login\": request timeout"
time="2026-10-07T16:40:42Z" level=warning msg="Request Failed" error="Post \"http://auth-service.ecommerce.svc.cluster.local:8001/auth/login\": request timeout"
time="2026-10-07T16:40:42Z" level=warning msg="Request Failed" error="Post \"http://auth-service.ecommerce.svc.cluster.local:8001/auth/login\": request timeout"
time="2026-10-07T16:40:42Z" level=warning msg="Request Failed" error="Post \"http://auth-service.ecommerce.svc.cluster.local:8001/auth/login\": request timeout"
time="2026-10-07T16:40:42Z" level=warning msg="Request Failed" error="Post \"http://auth-service.ecommerce.svc.cluster.local:8001/auth/login\": request timeout"

running (02m31.9s), 036/225 VUs, 1017 complete and 0 interrupted iterations
openloop_spike   [  21% ] 036/225 VUs  02m31.8s/12m0s  30.00 iters/s
time="2026-10-07T16:40:43Z" level=warning msg="Request Failed" error="Post \"http://auth-service.ecommerce.svc.cluster.local:8001/auth/login\": request timeout"
time="2026-10-07T16:40:43Z" level=warning msg="Request Failed" error="Post \"http://auth-service.ecommerce.svc.cluster.local:8001/auth/login\": request timeout"

running (02m32.9s), 035/225 VUs, 1048 complete and 0 interrupted iterations
openloop_spike   [  21% ] 035/225 VUs  02m32.8s/12m0s  30.00 iters/s
time="2026-10-07T16:40:44Z" level=warning msg="Request Failed" error="Post \"http://auth-service.ecommerce.svc.cluster.local:8001/auth/login\": request timeout"

running (02m33.9s), 050/225 VUs, 1063 complete and 0 interrupted iterations
openloop_spike   [  21% ] 050/225 VUs  02m33.8s/12m0s  30.00 iters/s
time="2026-10-07T16:40:45Z" level=warning msg="Request Failed" error="Post \"http://auth-service.ecommerce.svc.cluster.local:8001/auth/login\": request timeout"

running (02m34.9s), 048/225 VUs, 1095 complete and 0 interrupted iterations
openloop_spike   [  21% ] 048/225 VUs  02m34.8s/12m0s  30.00 iters/s
time="2026-10-07T16:40:46Z" level=warning msg="Request Failed" error="Post \"http://auth-service.ecommerce.svc.cluster.local:8001/auth/login\": request timeout"
time="2026-10-07T16:40:46Z" level=warning msg="Request Failed" error="Post \"http://auth-service.ecommerce.svc.cluster.local:8001/auth/login\": request timeout"

running (02m35.9s), 050/225 VUs, 1123 complete and 0 interrupted iterations
openloop_spike   [  22% ] 050/225 VUs  02m35.8s/12m0s  30.00 iters/s
time="2026-10-07T16:40:48Z" level=warning msg="Request Failed" error="Post \"http://auth-service.ecommerce.svc.cluster.local:8001/auth/login\": request timeout"

running (02m36.9s), 046/225 VUs, 1157 complete and 0 interrupted iterations
openloop_spike   [  22% ] 046/225 VUs  02m36.8s/12m0s  30.00 iters/s

running (02m37.9s), 046/225 VUs, 1187 complete and 0 interrupted iterations
openloop_spike   [  22% ] 046/225 VUs  02m37.8s/12m0s  30.00 iters/s
time="2026-10-07T16:40:49Z" level=warning msg="Request Failed" error="Post \"http://auth-service.ecommerce.svc.cluster.local:8001/auth/login\": request timeout"

running (02m38.9s), 054/225 VUs, 1209 complete and 0 interrupted iterations
openloop_spike   [  22% ] 054/225 VUs  02m38.8s/12m0s  30.00 iters/s
time="2026-10-07T16:40:50Z" level=warning msg="Request Failed" error="Post \"http://auth-service.ecommerce.svc.cluster.local:8001/auth/login\": request timeout"
time="2026-10-07T16:40:51Z" level=warning msg="Request Failed" error="Post \"http://auth-service.ecommerce.svc.cluster.local:8001/auth/login\": request timeout"

running (02m39.9s), 070/225 VUs, 1223 complete and 0 interrupted iterations
openloop_spike   [  22% ] 070/225 VUs  02m39.8s/12m0s  30.00 iters/s

running (02m40.9s), 070/225 VUs, 1253 complete and 0 interrupted iterations
openloop_spike   [  22% ] 070/225 VUs  02m40.8s/12m0s  30.00 iters/s
time="2026-10-07T16:40:52Z" level=warning msg="Request Failed" error="Post \"http://auth-service.ecommerce.svc.cluster.local:8001/auth/login\": request timeout"

running (02m41.9s), 058/225 VUs, 1295 complete and 0 interrupted iterations
openloop_spike   [  22% ] 058/225 VUs  02m41.8s/12m0s  30.00 iters/s

running (02m42.9s), 040/225 VUs, 1343 complete and 0 interrupted iterations
openloop_spike   [  23% ] 040/225 VUs  02m42.8s/12m0s  30.00 iters/s
time="2026-10-07T16:40:54Z" level=warning msg="Request Failed" error="Post \"http://auth-service.ecommerce.svc.cluster.local:8001/auth/login\": request timeout"
time="2026-10-07T16:40:54Z" level=warning msg="Request Failed" error="Post \"http://auth-service.ecommerce.svc.cluster.local:8001/auth/login\": request timeout"
time="2026-10-07T16:40:54Z" level=warning msg="Request Failed" error="Post \"http://auth-service.ecommerce.svc.cluster.local:8001/auth/login\": request timeout"

running (02m43.9s), 040/225 VUs, 1373 complete and 0 interrupted iterations
openloop_spike   [  23% ] 040/225 VUs  02m43.8s/12m0s  30.00 iters/s
time="2026-10-07T16:40:55Z" level=warning msg="Request Failed" error="Post \"http://auth-service.ecommerce.svc.cluster.local:8001/auth/login\": request timeout"
time="2026-10-07T16:40:55Z" level=warning msg="Request Failed" error="Post \"http://auth-service.ecommerce.svc.cluster.local:8001/auth/login\": request timeout"

running (02m44.9s), 042/225 VUs, 1401 complete and 0 interrupted iterations
openloop_spike   [  23% ] 042/225 VUs  02m44.8s/12m0s  30.00 iters/s
time="2026-10-07T16:40:56Z" level=warning msg="Request Failed" error="Post \"http://auth-service.ecommerce.svc.cluster.local:8001/auth/login\": request timeout"

running (02m45.9s), 017/225 VUs, 1456 complete and 0 interrupted iterations
openloop_spike   [  23% ] 017/225 VUs  02m45.8s/12m0s  30.00 iters/s
time="2026-10-07T16:40:57Z" level=warning msg="Request Failed" error="Post \"http://auth-service.ecommerce.svc.cluster.local:8001/auth/login\": request timeout"
time="2026-10-07T16:40:57Z" level=warning msg="Request Failed" error="Post \"http://auth-service.ecommerce.svc.cluster.local:8001/auth/login\": request timeout"

running (02m46.9s), 016/225 VUs, 1487 complete and 0 interrupted iterations
openloop_spike   [  23% ] 016/225 VUs  02m46.8s/12m0s  30.00 iters/s
time="2026-10-07T16:40:58Z" level=warning msg="Request Failed" error="Post \"http://auth-service.ecommerce.svc.cluster.local:8001/auth/login\": request timeout"

running (02m47.9s), 019/225 VUs, 1514 complete and 0 interrupted iterations
openloop_spike   [  23% ] 019/225 VUs  02m47.8s/12m0s  30.00 iters/s
time="2026-10-07T16:40:59Z" level=warning msg="Request Failed" error="Post \"http://auth-service.ecommerce.svc.cluster.local:8001/auth/login\": request timeout"

running (02m48.9s), 028/225 VUs, 1535 complete and 0 interrupted iterations
openloop_spike   [  23% ] 028/225 VUs  02m48.8s/12m0s  30.00 iters/s
time="2026-10-07T16:41:00Z" level=warning msg="Request Failed" error="Post \"http://auth-service.ecommerce.svc.cluster.local:8001/auth/login\": request timeout"

running (02m49.9s), 057/225 VUs, 1536 complete and 0 interrupted iterations
openloop_spike   [  24% ] 057/225 VUs  02m49.8s/12m0s  30.00 iters/s
time="2026-10-07T16:41:01Z" level=warning msg="Request Failed" error="Post \"http://auth-service.ecommerce.svc.cluster.local:8001/auth/login\": request timeout"
time="2026-10-07T16:41:01Z" level=warning msg="Request Failed" error="Post \"http://auth-service.ecommerce.svc.cluster.local:8001/auth/login\": request timeout"
time="2026-10-07T16:41:02Z" level=warning msg="Request Failed" error="Post \"http://auth-service.ecommerce.svc.cluster.local:8001/auth/login\": request timeout"

running (02m50.9s), 065/225 VUs, 1558 complete and 0 interrupted iterations
openloop_spike   [  24% ] 065/225 VUs  02m50.8s/12m0s  30.00 iters/s
time="2026-10-07T16:41:02Z" level=warning msg="Request Failed" error="Post \"http://auth-service.ecommerce.svc.cluster.local:8001/auth/login\": request timeout"

running (02m51.9s), 059/225 VUs, 1594 complete and 0 interrupted iterations
openloop_spike   [  24% ] 059/225 VUs  02m51.8s/12m0s  30.00 iters/s
time="2026-10-07T16:41:03Z" level=warning msg="Request Failed" error="Post \"http://auth-service.ecommerce.svc.cluster.local:8001/auth/login\": request timeout"
time="2026-10-07T16:41:03Z" level=warning msg="Request Failed" error="Post \"http://auth-service.ecommerce.svc.cluster.local:8001/auth/login\": request timeout"
time="2026-10-07T16:41:03Z" level=warning msg="Request Failed" error="Post \"http://auth-service.ecommerce.svc.cluster.local:8001/auth/login\": request timeout"

running (02m52.9s), 040/225 VUs, 1643 complete and 0 interrupted iterations
openloop_spike   [  24% ] 040/225 VUs  02m52.8s/12m0s  30.00 iters/s

running (02m53.9s), 037/225 VUs, 1676 complete and 0 interrupted iterations
openloop_spike   [  24% ] 037/225 VUs  02m53.8s/12m0s  30.00 iters/s

running (02m54.9s), 037/225 VUs, 1706 complete and 0 interrupted iterations
openloop_spike   [  24% ] 037/225 VUs  02m54.8s/12m0s  30.00 iters/s
time="2026-10-07T16:41:06Z" level=warning msg="Request Failed" error="Post \"http://auth-service.ecommerce.svc.cluster.local:8001/auth/login\": request timeout"

running (02m55.9s), 041/225 VUs, 1732 complete and 0 interrupted iterations
openloop_spike   [  24% ] 041/225 VUs  02m55.8s/12m0s  30.00 iters/s
time="2026-10-07T16:41:07Z" level=warning msg="Request Failed" error="Post \"http://auth-service.ecommerce.svc.cluster.local:8001/auth/login\": request timeout"

running (02m56.9s), 021/225 VUs, 1782 complete and 0 interrupted iterations
openloop_spike   [  25% ] 021/225 VUs  02m56.8s/12m0s  30.00 iters/s
time="2026-10-07T16:41:08Z" level=warning msg="Request Failed" error="Post \"http://auth-service.ecommerce.svc.cluster.local:8001/auth/login\": request timeout"
time="2026-10-07T16:41:08Z" level=warning msg="Request Failed" error="Post \"http://auth-service.ecommerce.svc.cluster.local:8001/auth/login\": request timeout"
time="2026-10-07T16:41:08Z" level=warning msg="Request Failed" error="Post \"http://auth-service.ecommerce.svc.cluster.local:8001/auth/login\": request timeout"
time="2026-10-07T16:41:08Z" level=warning msg="Request Failed" error="Post \"http://auth-service.ecommerce.svc.cluster.local:8001/auth/login\": request timeout"

running (02m57.9s), 019/225 VUs, 1814 complete and 0 interrupted iterations
openloop_spike   [  25% ] 019/225 VUs  02m57.8s/12m0s  30.00 iters/s
time="2026-10-07T16:41:09Z" level=warning msg="Request Failed" error="Post \"http://auth-service.ecommerce.svc.cluster.local:8001/auth/login\": request timeout"
time="2026-10-07T16:41:09Z" level=warning msg="Request Failed" error="Post \"http://auth-service.ecommerce.svc.cluster.local:8001/auth/login\": request timeout"
time="2026-10-07T16:41:09Z" level=warning msg="Request Failed" error="Post \"http://auth-service.ecommerce.svc.cluster.local:8001/auth/login\": request timeout"
time="2026-10-07T16:41:09Z" level=warning msg="Request Failed" error="Post \"http://auth-service.ecommerce.svc.cluster.local:8001/auth/login\": request timeout"

running (02m58.9s), 017/225 VUs, 1846 complete and 0 interrupted iterations
openloop_spike   [  25% ] 017/225 VUs  02m58.8s/12m0s  30.00 iters/s
time="2026-10-07T16:41:10Z" level=warning msg="Request Failed" error="Post \"http://auth-service.ecommerce.svc.cluster.local:8001/auth/login\": request timeout"
time="2026-10-07T16:41:10Z" level=warning msg="Request Failed" error="Post \"http://auth-service.ecommerce.svc.cluster.local:8001/auth/login\": request timeout"

running (02m59.9s), 027/225 VUs, 1866 complete and 0 interrupted iterations
openloop_spike   [  25% ] 027/225 VUs  02m59.8s/12m0s  30.00 iters/s
time="2026-10-07T16:41:11Z" level=warning msg="Request Failed" error="Post \"http://auth-service.ecommerce.svc.cluster.local:8001/auth/login\": request timeout"
time="2026-10-07T16:41:11Z" level=warning msg="Request Failed" error="Post \"http://auth-service.ecommerce.svc.cluster.local:8001/auth/login\": request timeout"

running (03m00.9s), 033/225 VUs, 1890 complete and 0 interrupted iterations
openloop_spike   [  25% ] 033/225 VUs  03m00.8s/12m0s  30.00 iters/s
time="2026-10-07T16:41:12Z" level=warning msg="Request Failed" error="Post \"http://auth-service.ecommerce.svc.cluster.local:8001/auth/login\": request timeout"

running (03m01.9s), 030/225 VUs, 1923 complete and 0 interrupted iterations
openloop_spike   [  25% ] 030/225 VUs  03m01.8s/12m0s  30.00 iters/s
time="2026-10-07T16:41:13Z" level=warning msg="Request Failed" error="Post \"http://auth-service.ecommerce.svc.cluster.local:8001/auth/login\": request timeout"

running (03m02.9s), 019/225 VUs, 1964 complete and 0 interrupted iterations
openloop_spike   [  25% ] 019/225 VUs  03m02.8s/12m0s  30.00 iters/s

running (03m03.9s), 015/225 VUs, 1998 complete and 0 interrupted iterations
openloop_spike   [  26% ] 015/225 VUs  03m03.8s/12m0s  30.00 iters/s
time="2026-10-07T16:41:15Z" level=warning msg="Request Failed" error="Post \"http://auth-service.ecommerce.svc.cluster.local:8001/auth/login\": request timeout"
time="2026-10-07T16:41:16Z" level=warning msg="Request Failed" error="Post \"http://auth-service.ecommerce.svc.cluster.local:8001/auth/login\": request timeout"

running (03m04.9s), 012/225 VUs, 2031 complete and 0 interrupted iterations
openloop_spike   [  26% ] 012/225 VUs  03m04.8s/12m0s  30.00 iters/s
time="2026-10-07T16:41:17Z" level=warning msg="Request Failed" error="Post \"http://auth-service.ecommerce.svc.cluster.local:8001/auth/login\": request timeout"

running (03m05.9s), 024/225 VUs, 2049 complete and 0 interrupted iterations
openloop_spike   [  26% ] 024/225 VUs  03m05.8s/12m0s  30.00 iters/s

running (03m06.9s), 035/225 VUs, 2068 complete and 0 interrupted iterations
openloop_spike   [  26% ] 035/225 VUs  03m06.8s/12m0s  30.00 iters/s

running (03m07.9s), 032/225 VUs, 2101 complete and 0 interrupted iterations
openloop_spike   [  26% ] 032/225 VUs  03m07.8s/12m0s  30.00 iters/s

running (03m08.9s), 022/225 VUs, 2141 complete and 0 interrupted iterations
openloop_spike   [  26% ] 022/225 VUs  03m08.8s/12m0s  30.00 iters/s

running (03m09.9s), 021/225 VUs, 2172 complete and 0 interrupted iterations
openloop_spike   [  26% ] 021/225 VUs  03m09.8s/12m0s  30.00 iters/s
time="2026-10-07T16:41:21Z" level=warning msg="Request Failed" error="Post \"http://auth-service.ecommerce.svc.cluster.local:8001/auth/login\": request timeout"

running (03m10.9s), 023/225 VUs, 2200 complete and 0 interrupted iterations
openloop_spike   [  26% ] 023/225 VUs  03m10.8s/12m0s  30.00 iters/s
time="2026-10-07T16:41:22Z" level=warning msg="Request Failed" error="Post \"http://auth-service.ecommerce.svc.cluster.local:8001/auth/login\": request timeout"
time="2026-10-07T16:41:22Z" level=warning msg="Request Failed" error="Post \"http://auth-service.ecommerce.svc.cluster.local:8001/auth/login\": request timeout"

running (03m11.9s), 020/225 VUs, 2233 complete and 0 interrupted iterations
openloop_spike   [  27% ] 020/225 VUs  03m11.8s/12m0s  30.00 iters/s

running (03m12.9s), 023/225 VUs, 2260 complete and 0 interrupted iterations
openloop_spike   [  27% ] 023/225 VUs  03m12.8s/12m0s  30.00 iters/s
time="2026-10-07T16:41:24Z" level=warning msg="Request Failed" error="Post \"http://auth-service.ecommerce.svc.cluster.local:8001/auth/login\": request timeout"
time="2026-10-07T16:41:24Z" level=warning msg="Request Failed" error="Post \"http://auth-service.ecommerce.svc.cluster.local:8001/auth/login\": request timeout"
time="2026-10-07T16:41:25Z" level=warning msg="Request Failed" error="Post \"http://auth-service.ecommerce.svc.cluster.local:8001/auth/login\": request timeout"

running (03m13.9s), 015/225 VUs, 2298 complete and 0 interrupted iterations
openloop_spike   [  27% ] 015/225 VUs  03m13.8s/12m0s  30.00 iters/s
time="2026-10-07T16:41:26Z" level=warning msg="Request Failed" error="Post \"http://auth-service.ecommerce.svc.cluster.local:8001/auth/login\": request timeout"

running (03m14.9s), 020/225 VUs, 2323 complete and 0 interrupted iterations
openloop_spike   [  27% ] 020/225 VUs  03m14.8s/12m0s  30.00 iters/s
time="2026-10-07T16:41:26Z" level=warning msg="Request Failed" error="Post \"http://auth-service.ecommerce.svc.cluster.local:8001/auth/login\": request timeout"

running (03m15.9s), 027/225 VUs, 2346 complete and 0 interrupted iterations
openloop_spike   [  27% ] 027/225 VUs  03m15.8s/12m0s  30.00 iters/s
time="2026-10-07T16:41:27Z" level=warning msg="Request Failed" error="Post \"http://auth-service.ecommerce.svc.cluster.local:8001/auth/login\": request timeout"
time="2026-10-07T16:41:27Z" level=warning msg="Request Failed" error="Post \"http://auth-service.ecommerce.svc.cluster.local:8001/auth/login\": request timeout"

running (03m16.9s), 030/225 VUs, 2373 complete and 0 interrupted iterations
openloop_spike   [  27% ] 030/225 VUs  03m16.8s/12m0s  30.00 iters/s
time="2026-10-07T16:41:28Z" level=warning msg="Request Failed" error="Post \"http://auth-service.ecommerce.svc.cluster.local:8001/auth/login\": request timeout"

running (03m17.9s), 042/225 VUs, 2391 complete and 0 interrupted iterations
openloop_spike   [  27% ] 042/225 VUs  03m17.8s/12m0s  30.00 iters/s
time="2026-10-07T16:41:29Z" level=warning msg="Request Failed" error="Post \"http://auth-service.ecommerce.svc.cluster.local:8001/auth/login\": request timeout"

running (03m18.9s), 035/225 VUs, 2428 complete and 0 interrupted iterations
openloop_spike   [  28% ] 035/225 VUs  03m18.8s/12m0s  30.00 iters/s

running (03m19.9s), 043/225 VUs, 2450 complete and 0 interrupted iterations
openloop_spike   [  28% ] 043/225 VUs  03m19.8s/12m0s  30.00 iters/s

running (03m20.9s), 032/225 VUs, 2491 complete and 0 interrupted iterations
openloop_spike   [  28% ] 032/225 VUs  03m20.8s/12m0s  30.00 iters/s
time="2026-10-07T16:41:32Z" level=warning msg="Request Failed" error="Post \"http://auth-service.ecommerce.svc.cluster.local:8001/auth/login\": request timeout"
time="2026-10-07T16:41:33Z" level=warning msg="Request Failed" error="Post \"http://auth-service.ecommerce.svc.cluster.local:8001/auth/login\": request timeout"

running (03m21.9s), 050/225 VUs, 2503 complete and 0 interrupted iterations
openloop_spike   [  28% ] 050/225 VUs  03m21.8s/12m0s  30.00 iters/s
time="2026-10-07T16:41:34Z" level=warning msg="Request Failed" error="Post \"http://auth-service.ecommerce.svc.cluster.local:8001/auth/login\": request timeout"
time="2026-10-07T16:41:34Z" level=warning msg="Request Failed" error="Post \"http://auth-service.ecommerce.svc.cluster.local:8001/auth/login\": request timeout"

running (03m22.9s), 076/225 VUs, 2507 complete and 0 interrupted iterations
openloop_spike   [  28% ] 076/225 VUs  03m22.8s/12m0s  30.00 iters/s
time="2026-10-07T16:41:34Z" level=warning msg="Request Failed" error="Post \"http://auth-service.ecommerce.svc.cluster.local:8001/auth/login\": request timeout"
time="2026-10-07T16:41:35Z" level=warning msg="Request Failed" error="Post \"http://auth-service.ecommerce.svc.cluster.local:8001/auth/login\": request timeout"

running (03m23.9s), 080/225 VUs, 2533 complete and 0 interrupted iterations
openloop_spike   [  28% ] 080/225 VUs  03m23.8s/12m0s  30.00 iters/s
time="2026-10-07T16:41:36Z" level=warning msg="Request Failed" error="Post \"http://auth-service.ecommerce.svc.cluster.local:8001/auth/login\": request timeout"

running (03m24.9s), 092/225 VUs, 2551 complete and 0 interrupted iterations
openloop_spike   [  28% ] 092/225 VUs  03m24.8s/12m0s  30.00 iters/s
time="2026-10-07T16:41:36Z" level=warning msg="Request Failed" error="Post \"http://auth-service.ecommerce.svc.cluster.local:8001/auth/login\": request timeout"
time="2026-10-07T16:41:36Z" level=warning msg="Request Failed" error="Post \"http://auth-service.ecommerce.svc.cluster.local:8001/auth/login\": request timeout"
time="2026-10-07T16:41:37Z" level=warning msg="Request Failed" error="Post \"http://auth-service.ecommerce.svc.cluster.local:8001/auth/login\": request timeout"
time="2026-10-07T16:41:37Z" level=warning msg="Request Failed" error="Post \"http://auth-service.ecommerce.svc.cluster.local:8001/auth/login\": request timeout"

running (03m25.9s), 100/225 VUs, 2573 complete and 0 interrupted iterations
openloop_spike   [  29% ] 100/225 VUs  03m25.8s/12m0s  30.00 iters/s
time="2026-10-07T16:41:37Z" level=warning msg="Request Failed" error="Post \"http://auth-service.ecommerce.svc.cluster.local:8001/auth/login\": request timeout"
time="2026-10-07T16:41:37Z" level=warning msg="Request Failed" error="Post \"http://auth-service.ecommerce.svc.cluster.local:8001/auth/login\": request timeout"
time="2026-10-07T16:41:38Z" level=warning msg="Request Failed" error="Post \"http://auth-service.ecommerce.svc.cluster.local:8001/auth/login\": request timeout"

running (03m26.9s), 109/225 VUs, 2594 complete and 0 interrupted iterations
openloop_spike   [  29% ] 109/225 VUs  03m26.8s/12m0s  30.00 iters/s
time="2026-10-07T16:41:38Z" level=warning msg="Request Failed" error="Post \"http://auth-service.ecommerce.svc.cluster.local:8001/auth/login\": request timeout"
time="2026-10-07T16:41:38Z" level=warning msg="Request Failed" error="Post \"http://auth-service.ecommerce.svc.cluster.local:8001/auth/login\": request timeout"
time="2026-10-07T16:41:38Z" level=warning msg="Request Failed" error="Post \"http://auth-service.ecommerce.svc.cluster.local:8001/auth/login\": request timeout"
time="2026-10-07T16:41:39Z" level=warning msg="Request Failed" error="Post \"http://auth-service.ecommerce.svc.cluster.local:8001/auth/login\": request timeout"
time="2026-10-07T16:41:39Z" level=warning msg="Request Failed" error="Post \"http://auth-service.ecommerce.svc.cluster.local:8001/auth/login\": request timeout"

running (03m27.9s), 106/225 VUs, 2627 complete and 0 interrupted iterations
openloop_spike   [  29% ] 106/225 VUs  03m27.8s/12m0s  30.00 iters/s
time="2026-10-07T16:41:39Z" level=warning msg="Request Failed" error="Post \"http://auth-service.ecommerce.svc.cluster.local:8001/auth/login\": request timeout"
time="2026-10-07T16:41:40Z" level=warning msg="Request Failed" error="Post \"http://auth-service.ecommerce.svc.cluster.local:8001/auth/login\": request timeout"

running (03m28.9s), 102/225 VUs, 2661 complete and 0 interrupted iterations
openloop_spike   [  29% ] 102/225 VUs  03m28.8s/12m0s  30.00 iters/s
time="2026-10-07T16:41:40Z" level=warning msg="Request Failed" error="Post \"http://auth-service.ecommerce.svc.cluster.local:8001/auth/login\": request timeout"
time="2026-10-07T16:41:40Z" level=warning msg="Request Failed" error="Post \"http://auth-service.ecommerce.svc.cluster.local:8001/auth/login\": request timeout"
time="2026-10-07T16:41:40Z" level=warning msg="Request Failed" error="Post \"http://auth-service.ecommerce.svc.cluster.local:8001/auth/login\": request timeout"
time="2026-10-07T16:41:41Z" level=warning msg="Request Failed" error="Post \"http://auth-service.ecommerce.svc.cluster.local:8001/auth/login\": request timeout"

running (03m29.9s), 109/225 VUs, 2684 complete and 0 interrupted iterations
openloop_spike   [  29% ] 109/225 VUs  03m29.8s/12m0s  30.00 iters/s

running (03m30.9s), 102/225 VUs, 2721 complete and 0 interrupted iterations
openloop_spike   [  29% ] 102/225 VUs  03m30.8s/12m0s  30.00 iters/s
time="2026-10-07T16:41:42Z" level=warning msg="Request Failed" error="Post \"http://auth-service.ecommerce.svc.cluster.local:8001/auth/login\": request timeout"

running (03m31.9s), 106/225 VUs, 2747 complete and 0 interrupted iterations
openloop_spike   [  29% ] 106/225 VUs  03m31.8s/12m0s  30.00 iters/s
time="2026-10-07T16:41:43Z" level=warning msg="Request Failed" error="Post \"http://auth-service.ecommerce.svc.cluster.local:8001/auth/login\": request timeout"

running (03m32.9s), 032/225 VUs, 2851 complete and 0 interrupted iterations
openloop_spike   [  30% ] 032/225 VUs  03m32.8s/12m0s  30.00 iters/s
time="2026-10-07T16:41:44Z" level=warning msg="Request Failed" error="Post \"http://auth-service.ecommerce.svc.cluster.local:8001/auth/login\": request timeout"
time="2026-10-07T16:41:44Z" level=warning msg="Request Failed" error="Post \"http://auth-service.ecommerce.svc.cluster.local:8001/auth/login\": request timeout"
time="2026-10-07T16:41:44Z" level=warning msg="Request Failed" error="Post \"http://auth-service.ecommerce.svc.cluster.local:8001/auth/login\": request timeout"
time="2026-10-07T16:41:45Z" level=warning msg="Request Failed" error="Post \"http://auth-service.ecommerce.svc.cluster.local:8001/auth/login\": request timeout"

running (03m33.9s), 016/225 VUs, 2897 complete and 0 interrupted iterations
openloop_spike   [  30% ] 016/225 VUs  03m33.8s/12m0s  30.00 iters/s
time="2026-10-07T16:41:45Z" level=warning msg="Request Failed" error="Post \"http://auth-service.ecommerce.svc.cluster.local:8001/auth/login\": request timeout"
time="2026-10-07T16:41:45Z" level=warning msg="Request Failed" error="Post \"http://auth-service.ecommerce.svc.cluster.local:8001/auth/login\": request timeout"

running (03m34.9s), 021/225 VUs, 2922 complete and 0 interrupted iterations
openloop_spike   [  30% ] 021/225 VUs  03m34.8s/12m0s  30.00 iters/s
time="2026-10-07T16:41:46Z" level=warning msg="Request Failed" error="request timeout"
time="2026-10-07T16:41:47Z" level=warning msg="Request Failed" error="Post \"http://auth-service.ecommerce.svc.cluster.local:8001/auth/login\": request timeout"

running (03m35.9s), 022/225 VUs, 2951 complete and 0 interrupted iterations
openloop_spike   [  30% ] 022/225 VUs  03m35.8s/12m0s  30.00 iters/s
time="2026-10-07T16:41:47Z" level=warning msg="Request Failed" error="Post \"http://auth-service.ecommerce.svc.cluster.local:8001/auth/login\": request timeout"
time="2026-10-07T16:41:47Z" level=warning msg="Request Failed" error="Post \"http://auth-service.ecommerce.svc.cluster.local:8001/auth/login\": request timeout"
time="2026-10-07T16:41:47Z" level=warning msg="Request Failed" error="Post \"http://auth-service.ecommerce.svc.cluster.local:8001/auth/login\": request timeout"

running (03m36.9s), 033/225 VUs, 2970 complete and 0 interrupted iterations
openloop_spike   [  30% ] 033/225 VUs  03m36.8s/12m0s  30.00 iters/s

running (03m37.9s), 049/225 VUs, 2984 complete and 0 interrupted iterations
openloop_spike   [  30% ] 049/225 VUs  03m37.8s/12m0s  30.00 iters/s
time="2026-10-07T16:41:49Z" level=warning msg="Request Failed" error="Post \"http://auth-service.ecommerce.svc.cluster.local:8001/auth/login\": request timeout"
time="2026-10-07T16:41:49Z" level=warning msg="Request Failed" error="Post \"http://auth-service.ecommerce.svc.cluster.local:8001/auth/login\": request timeout"

running (03m38.9s), 048/225 VUs, 3015 complete and 0 interrupted iterations
openloop_spike   [  30% ] 048/225 VUs  03m38.8s/12m0s  30.00 iters/s

running (03m39.9s), 056/225 VUs, 3037 complete and 0 interrupted iterations
openloop_spike   [  31% ] 056/225 VUs  03m39.8s/12m0s  30.00 iters/s
time="2026-10-07T16:41:51Z" level=warning msg="Request Failed" error="Post \"http://auth-service.ecommerce.svc.cluster.local:8001/auth/login\": request timeout"

running (03m40.9s), 060/225 VUs, 3063 complete and 0 interrupted iterations
openloop_spike   [  31% ] 060/225 VUs  03m40.8s/12m0s  30.00 iters/s
time="2026-10-07T16:41:53Z" level=warning msg="Request Failed" error="Post \"http://auth-service.ecommerce.svc.cluster.local:8001/auth/login\": request timeout"

running (03m41.9s), 055/225 VUs, 3098 complete and 0 interrupted iterations
openloop_spike   [  31% ] 055/225 VUs  03m41.8s/12m0s  30.00 iters/s
time="2026-10-07T16:41:53Z" level=warning msg="Request Failed" error="Post \"http://auth-service.ecommerce.svc.cluster.local:8001/auth/login\": request timeout"
time="2026-10-07T16:41:53Z" level=warning msg="Request Failed" error="Post \"http://auth-service.ecommerce.svc.cluster.local:8001/auth/login\": request timeout"

running (03m42.9s), 053/225 VUs, 3130 complete and 0 interrupted iterations
openloop_spike   [  31% ] 053/225 VUs  03m42.8s/12m0s  30.00 iters/s
time="2026-10-07T16:41:54Z" level=warning msg="Request Failed" error="Post \"http://auth-service.ecommerce.svc.cluster.local:8001/auth/login\": request timeout"
time="2026-10-07T16:41:54Z" level=warning msg="Request Failed" error="Post \"http://auth-service.ecommerce.svc.cluster.local:8001/auth/login\": request timeout"

running (03m43.9s), 055/225 VUs, 3158 complete and 0 interrupted iterations
openloop_spike   [  31% ] 055/225 VUs  03m43.8s/12m0s  30.00 iters/s
time="2026-10-07T16:41:55Z" level=warning msg="Request Failed" error="Post \"http://auth-service.ecommerce.svc.cluster.local:8001/auth/login\": request timeout"

running (03m44.9s), 054/225 VUs, 3189 complete and 0 interrupted iterations
openloop_spike   [  31% ] 054/225 VUs  03m44.8s/12m0s  30.00 iters/s

running (03m45.9s), 048/225 VUs, 3225 complete and 0 interrupted iterations
openloop_spike   [  31% ] 048/225 VUs  03m45.8s/12m0s  30.00 iters/s
time="2026-10-07T16:41:57Z" level=warning msg="Request Failed" error="Post \"http://auth-service.ecommerce.svc.cluster.local:8001/auth/login\": request timeout"
time="2026-10-07T16:41:57Z" level=warning msg="Request Failed" error="Post \"http://auth-service.ecommerce.svc.cluster.local:8001/auth/login\": request timeout"

running (03m46.9s), 046/225 VUs, 3257 complete and 0 interrupted iterations
openloop_spike   [  31% ] 046/225 VUs  03m46.8s/12m0s  30.00 iters/s

running (03m47.9s), 048/225 VUs, 3285 complete and 0 interrupted iterations
openloop_spike   [  32% ] 048/225 VUs  03m47.8s/12m0s  30.00 iters/s
time="2026-10-07T16:41:59Z" level=warning msg="Request Failed" error="Post \"http://auth-service.ecommerce.svc.cluster.local:8001/auth/login\": request timeout"
time="2026-10-07T16:41:59Z" level=warning msg="Request Failed" error="Post \"http://auth-service.ecommerce.svc.cluster.local:8001/auth/login\": request timeout"

running (03m48.9s), 031/225 VUs, 3332 complete and 0 interrupted iterations
openloop_spike   [  32% ] 031/225 VUs  03m48.8s/12m0s  30.00 iters/s
time="2026-10-07T16:42:00Z" level=warning msg="Request Failed" error="Post \"http://auth-service.ecommerce.svc.cluster.local:8001/auth/login\": request timeout"
time="2026-10-07T16:42:00Z" level=warning msg="Request Failed" error="Post \"http://auth-service.ecommerce.svc.cluster.local:8001/auth/login\": request timeout"

running (03m49.9s), 018/225 VUs, 3375 complete and 0 interrupted iterations
openloop_spike   [  32% ] 018/225 VUs  03m49.8s/12m0s  30.00 iters/s
time="2026-10-07T16:42:01Z" level=warning msg="Request Failed" error="Post \"http://auth-service.ecommerce.svc.cluster.local:8001/auth/login\": request timeout"
time="2026-10-07T16:42:02Z" level=warning msg="Request Failed" error="Post \"http://auth-service.ecommerce.svc.cluster.local:8001/auth/login\": request timeout"

running (03m50.9s), 027/225 VUs, 3396 complete and 0 interrupted iterations
openloop_spike   [  32% ] 027/225 VUs  03m50.8s/12m0s  30.00 iters/s

running (03m51.9s), 026/225 VUs, 3427 complete and 0 interrupted iterations
openloop_spike   [  32% ] 026/225 VUs  03m51.8s/12m0s  30.00 iters/s

running (03m52.9s), 027/225 VUs, 3456 complete and 0 interrupted iterations
openloop_spike   [  32% ] 027/225 VUs  03m52.8s/12m0s  30.00 iters/s
time="2026-10-07T16:42:05Z" level=warning msg="Request Failed" error="Post \"http://auth-service.ecommerce.svc.cluster.local:8001/auth/login\": request timeout"

running (03m53.9s), 032/225 VUs, 3481 complete and 0 interrupted iterations
openloop_spike   [  32% ] 032/225 VUs  03m53.8s/12m0s  30.00 iters/s
time="2026-10-07T16:42:05Z" level=warning msg="Request Failed" error="Post \"http://auth-service.ecommerce.svc.cluster.local:8001/auth/login\": request timeout"
time="2026-10-07T16:42:05Z" level=warning msg="Request Failed" error="Post \"http://auth-service.ecommerce.svc.cluster.local:8001/auth/login\": request timeout"

running (03m54.9s), 048/225 VUs, 3495 complete and 0 interrupted iterations
openloop_spike   [  33% ] 048/225 VUs  03m54.8s/12m0s  30.00 iters/s
time="2026-10-07T16:42:06Z" level=warning msg="Request Failed" error="Post \"http://auth-service.ecommerce.svc.cluster.local:8001/auth/login\": request timeout"

running (03m55.9s), 026/225 VUs, 3547 complete and 0 interrupted iterations
openloop_spike   [  33% ] 026/225 VUs  03m55.8s/12m0s  30.00 iters/s
time="2026-10-07T16:42:07Z" level=warning msg="Request Failed" error="Post \"http://auth-service.ecommerce.svc.cluster.local:8001/auth/login\": request timeout"
time="2026-10-07T16:42:07Z" level=warning msg="Request Failed" error="Post \"http://auth-service.ecommerce.svc.cluster.local:8001/auth/login\": request timeout"
time="2026-10-07T16:42:07Z" level=warning msg="Request Failed" error="Post \"http://auth-service.ecommerce.svc.cluster.local:8001/auth/login\": request timeout"

running (03m56.9s), 024/225 VUs, 3579 complete and 0 interrupted iterations
openloop_spike   [  33% ] 024/225 VUs  03m56.8s/12m0s  30.00 iters/s

running (03m57.9s), 019/225 VUs, 3614 complete and 0 interrupted iterations
openloop_spike   [  33% ] 019/225 VUs  03m57.8s/12m0s  30.00 iters/s
time="2026-10-07T16:42:09Z" level=warning msg="Request Failed" error="Post \"http://auth-service.ecommerce.svc.cluster.local:8001/auth/login\": request timeout"
time="2026-10-07T16:42:10Z" level=warning msg="Request Failed" error="Post \"http://auth-service.ecommerce.svc.cluster.local:8001/auth/login\": request timeout"

running (03m58.9s), 027/225 VUs, 3636 complete and 0 interrupted iterations
openloop_spike   [  33% ] 027/225 VUs  03m58.8s/12m0s  30.00 iters/s
time="2026-10-07T16:42:10Z" level=warning msg="Request Failed" error="Post \"http://auth-service.ecommerce.svc.cluster.local:8001/auth/login\": request timeout"
time="2026-10-07T16:42:10Z" level=warning msg="Request Failed" error="Post \"http://auth-service.ecommerce.svc.cluster.local:8001/auth/login\": request timeout"
time="2026-10-07T16:42:10Z" level=warning msg="Request Failed" error="Post \"http://auth-service.ecommerce.svc.cluster.local:8001/auth/login\": request timeout"

running (03m59.9s), 054/225 VUs, 3639 complete and 0 interrupted iterations
openloop_spike   [  33% ] 054/225 VUs  03m59.8s/12m0s  30.00 iters/s
time="2026-10-07T16:42:11Z" level=warning msg="Request Failed" error="Post \"http://auth-service.ecommerce.svc.cluster.local:8001/auth/login\": request timeout"

running (04m00.9s), 043/225 VUs, 3680 complete and 0 interrupted iterations
openloop_spike   [  33% ] 043/225 VUs  04m00.8s/12m0s  30.00 iters/s

running (04m01.9s), 029/225 VUs, 3724 complete and 0 interrupted iterations
openloop_spike   [  34% ] 029/225 VUs  04m01.8s/12m0s  30.00 iters/s
time="2026-10-07T16:42:13Z" level=warning msg="Request Failed" error="Post \"http://auth-service.ecommerce.svc.cluster.local:8001/auth/login\": request timeout"

running (04m02.9s), 031/225 VUs, 3752 complete and 0 interrupted iterations
openloop_spike   [  34% ] 031/225 VUs  04m02.8s/12m0s  30.00 iters/s

running (04m03.9s), 032/225 VUs, 3781 complete and 0 interrupted iterations
openloop_spike   [  34% ] 032/225 VUs  04m03.8s/12m0s  30.00 iters/s

running (04m04.9s), 026/225 VUs, 3817 complete and 0 interrupted iterations
openloop_spike   [  34% ] 026/225 VUs  04m04.8s/12m0s  30.00 iters/s
time="2026-10-07T16:42:17Z" level=warning msg="Request Failed" error="Post \"http://auth-service.ecommerce.svc.cluster.local:8001/auth/login\": request timeout"

running (04m05.9s), 026/225 VUs, 3847 complete and 0 interrupted iterations
openloop_spike   [  34% ] 026/225 VUs  04m05.8s/12m0s  30.00 iters/s
time="2026-10-07T16:42:17Z" level=warning msg="Request Failed" error="Post \"http://auth-service.ecommerce.svc.cluster.local:8001/auth/login\": request timeout"
time="2026-10-07T16:42:17Z" level=warning msg="Request Failed" error="Post \"http://auth-service.ecommerce.svc.cluster.local:8001/auth/login\": request timeout"

running (04m06.9s), 025/225 VUs, 3878 complete and 0 interrupted iterations
openloop_spike   [  34% ] 025/225 VUs  04m06.8s/12m0s  30.00 iters/s
time="2026-10-07T16:42:18Z" level=warning msg="Request Failed" error="Post \"http://auth-service.ecommerce.svc.cluster.local:8001/auth/login\": request timeout"
time="2026-10-07T16:42:18Z" level=warning msg="Request Failed" error="Post \"http://auth-service.ecommerce.svc.cluster.local:8001/auth/login\": request timeout"

running (04m07.9s), 026/225 VUs, 3907 complete and 0 interrupted iterations
openloop_spike   [  34% ] 026/225 VUs  04m07.8s/12m0s  30.00 iters/s
time="2026-10-07T16:42:19Z" level=warning msg="Request Failed" error="Post \"http://auth-service.ecommerce.svc.cluster.local:8001/auth/login\": request timeout"
time="2026-10-07T16:42:19Z" level=warning msg="Request Failed" error="Post \"http://auth-service.ecommerce.svc.cluster.local:8001/auth/login\": request timeout"
time="2026-10-07T16:42:19Z" level=warning msg="Request Failed" error="Post \"http://auth-service.ecommerce.svc.cluster.local:8001/auth/login\": request timeout"

running (04m08.9s), 017/225 VUs, 3946 complete and 0 interrupted iterations
openloop_spike   [  35% ] 017/225 VUs  04m08.8s/12m0s  30.00 iters/s

running (04m09.9s), 022/225 VUs, 3971 complete and 0 interrupted iterations
openloop_spike   [  35% ] 022/225 VUs  04m09.8s/12m0s  30.00 iters/s
time="2026-10-07T16:42:21Z" level=warning msg="Request Failed" error="Post \"http://auth-service.ecommerce.svc.cluster.local:8001/auth/login\": request timeout"

running (04m10.9s), 021/225 VUs, 4002 complete and 0 interrupted iterations
openloop_spike   [  35% ] 021/225 VUs  04m10.8s/12m0s  30.00 iters/s
time="2026-10-07T16:42:22Z" level=warning msg="Request Failed" error="Post \"http://auth-service.ecommerce.svc.cluster.local:8001/auth/login\": request timeout"

running (04m11.9s), 019/225 VUs, 4034 complete and 0 interrupted iterations
openloop_spike   [  35% ] 019/225 VUs  04m11.8s/12m0s  30.00 iters/s
time="2026-10-07T16:42:23Z" level=warning msg="Request Failed" error="Post \"http://auth-service.ecommerce.svc.cluster.local:8001/auth/login\": request timeout"

running (04m12.9s), 024/225 VUs, 4059 complete and 0 interrupted iterations
openloop_spike   [  35% ] 024/225 VUs  04m12.8s/12m0s  30.00 iters/s
time="2026-10-07T16:42:24Z" level=warning msg="Request Failed" error="Post \"http://auth-service.ecommerce.svc.cluster.local:8001/auth/login\": request timeout"

running (04m13.9s), 022/225 VUs, 4091 complete and 0 interrupted iterations
openloop_spike   [  35% ] 022/225 VUs  04m13.8s/12m0s  30.00 iters/s
time="2026-10-07T16:42:25Z" level=warning msg="Request Failed" error="Post \"http://auth-service.ecommerce.svc.cluster.local:8001/auth/login\": request timeout"
time="2026-10-07T16:42:25Z" level=warning msg="Request Failed" error="Post \"http://auth-service.ecommerce.svc.cluster.local:8001/auth/login\": request timeout"

running (04m14.9s), 024/225 VUs, 4119 complete and 0 interrupted iterations
openloop_spike   [  35% ] 024/225 VUs  04m14.8s/12m0s  30.00 iters/s
time="2026-10-07T16:42:26Z" level=warning msg="Request Failed" error="Post \"http://auth-service.ecommerce.svc.cluster.local:8001/auth/login\": request timeout"
time="2026-10-07T16:42:26Z" level=warning msg="Request Failed" error="Post \"http://auth-service.ecommerce.svc.cluster.local:8001/auth/login\": request timeout"
time="2026-10-07T16:42:26Z" level=warning msg="Request Failed" error="Post \"http://auth-service.ecommerce.svc.cluster.local:8001/auth/login\": request timeout"

running (04m15.9s), 022/225 VUs, 4151 complete and 0 interrupted iterations
openloop_spike   [  36% ] 022/225 VUs  04m15.8s/12m0s  30.00 iters/s
time="2026-10-07T16:42:28Z" level=warning msg="Request Failed" error="Post \"http://auth-service.ecommerce.svc.cluster.local:8001/auth/login\": request timeout"

running (04m16.9s), 025/225 VUs, 4178 complete and 0 interrupted iterations
openloop_spike   [  36% ] 025/225 VUs  04m16.8s/12m0s  30.00 iters/s
time="2026-10-07T16:42:28Z" level=warning msg="Request Failed" error="Post \"http://auth-service.ecommerce.svc.cluster.local:8001/auth/login\": request timeout"
time="2026-10-07T16:42:28Z" level=warning msg="Request Failed" error="Post \"http://auth-service.ecommerce.svc.cluster.local:8001/auth/login\": request timeout"
time="2026-10-07T16:42:28Z" level=warning msg="Request Failed" error="Post \"http://auth-service.ecommerce.svc.cluster.local:8001/auth/login\": request timeout"
time="2026-10-07T16:42:28Z" level=warning msg="Request Failed" error="Post \"http://auth-service.ecommerce.svc.cluster.local:8001/auth/login\": request timeout"

running (04m17.9s), 024/225 VUs, 4209 complete and 0 interrupted iterations
openloop_spike   [  36% ] 024/225 VUs  04m17.8s/12m0s  30.00 iters/s
time="2026-10-07T16:42:29Z" level=warning msg="Request Failed" error="Post \"http://auth-service.ecommerce.svc.cluster.local:8001/auth/login\": request timeout"
time="2026-10-07T16:42:29Z" level=warning msg="Request Failed" error="Post \"http://auth-service.ecommerce.svc.cluster.local:8001/auth/login\": request timeout"

running (04m18.9s), 020/225 VUs, 4243 complete and 0 interrupted iterations
openloop_spike   [  36% ] 020/225 VUs  04m18.8s/12m0s  30.00 iters/s
time="2026-10-07T16:42:30Z" level=warning msg="Request Failed" error="Post \"http://auth-service.ecommerce.svc.cluster.local:8001/auth/login\": request timeout"

running (04m19.9s), 016/225 VUs, 4277 complete and 0 interrupted iterations
openloop_spike   [  36% ] 016/225 VUs  04m19.8s/12m0s  30.00 iters/s

running (04m20.9s), 021/225 VUs, 4302 complete and 0 interrupted iterations
openloop_spike   [  36% ] 021/225 VUs  04m20.8s/12m0s  30.00 iters/s
time="2026-10-07T16:42:32Z" level=warning msg="Request Failed" error="Post \"http://auth-service.ecommerce.svc.cluster.local:8001/auth/login\": request timeout"

running (04m21.9s), 022/225 VUs, 4331 complete and 0 interrupted iterations
openloop_spike   [  36% ] 022/225 VUs  04m21.8s/12m0s  30.00 iters/s
time="2026-10-07T16:42:33Z" level=warning msg="Request Failed" error="Post \"http://auth-service.ecommerce.svc.cluster.local:8001/auth/login\": request timeout"

running (04m22.9s), 019/225 VUs, 4364 complete and 0 interrupted iterations
openloop_spike   [  36% ] 019/225 VUs  04m22.8s/12m0s  30.00 iters/s
time="2026-10-07T16:42:34Z" level=warning msg="Request Failed" error="Post \"http://auth-service.ecommerce.svc.cluster.local:8001/auth/login\": request timeout"
time="2026-10-07T16:42:34Z" level=warning msg="Request Failed" error="Post \"http://auth-service.ecommerce.svc.cluster.local:8001/auth/login\": request timeout"

running (04m23.9s), 028/225 VUs, 4385 complete and 0 interrupted iterations
openloop_spike   [  37% ] 028/225 VUs  04m23.8s/12m0s  30.00 iters/s
time="2026-10-07T16:42:35Z" level=warning msg="Request Failed" error="Post \"http://auth-service.ecommerce.svc.cluster.local:8001/auth/login\": request timeout"
time="2026-10-07T16:42:35Z" level=warning msg="Request Failed" error="Post \"http://auth-service.ecommerce.svc.cluster.local:8001/auth/login\": request timeout"
time="2026-10-07T16:42:35Z" level=warning msg="Request Failed" error="Post \"http://auth-service.ecommerce.svc.cluster.local:8001/auth/login\": request timeout"
time="2026-10-07T16:42:36Z" level=warning msg="Request Failed" error="Post \"http://auth-service.ecommerce.svc.cluster.local:8001/auth/login\": request timeout"

running (04m24.9s), 024/225 VUs, 4419 complete and 0 interrupted iterations
openloop_spike   [  37% ] 024/225 VUs  04m24.8s/12m0s  30.00 iters/s
time="2026-10-07T16:42:36Z" level=warning msg="Request Failed" error="Post \"http://auth-service.ecommerce.svc.cluster.local:8001/auth/login\": request timeout"

running (04m25.9s), 023/225 VUs, 4450 complete and 0 interrupted iterations
openloop_spike   [  37% ] 023/225 VUs  04m25.8s/12m0s  30.00 iters/s
time="2026-10-07T16:42:37Z" level=warning msg="Request Failed" error="Post \"http://auth-service.ecommerce.svc.cluster.local:8001/auth/login\": request timeout"

running (04m26.9s), 042/225 VUs, 4461 complete and 0 interrupted iterations
openloop_spike   [  37% ] 042/225 VUs  04m26.8s/12m0s  30.00 iters/s
time="2026-10-07T16:42:38Z" level=warning msg="Request Failed" error="Post \"http://auth-service.ecommerce.svc.cluster.local:8001/auth/login\": request timeout"

running (04m27.9s), 040/225 VUs, 4493 complete and 0 interrupted iterations
openloop_spike   [  37% ] 040/225 VUs  04m27.8s/12m0s  30.00 iters/s
time="2026-10-07T16:42:39Z" level=warning msg="Request Failed" error="Post \"http://auth-service.ecommerce.svc.cluster.local:8001/auth/login\": request timeout"

running (04m28.9s), 044/225 VUs, 4519 complete and 0 interrupted iterations
openloop_spike   [  37% ] 044/225 VUs  04m28.8s/12m0s  30.00 iters/s
time="2026-10-07T16:42:40Z" level=warning msg="Request Failed" error="Post \"http://auth-service.ecommerce.svc.cluster.local:8001/auth/login\": request timeout"

running (04m29.9s), 051/225 VUs, 4542 complete and 0 interrupted iterations
openloop_spike   [  37% ] 051/225 VUs  04m29.8s/12m0s  30.00 iters/s

running (04m30.9s), 031/225 VUs, 4592 complete and 0 interrupted iterations
openloop_spike   [  38% ] 031/225 VUs  04m30.8s/12m0s  30.00 iters/s
time="2026-10-07T16:42:42Z" level=warning msg="Request Failed" error="Post \"http://auth-service.ecommerce.svc.cluster.local:8001/auth/login\": request timeout"

running (04m31.9s), 038/225 VUs, 4615 complete and 0 interrupted iterations
openloop_spike   [  38% ] 038/225 VUs  04m31.8s/12m0s  30.00 iters/s
time="2026-10-07T16:42:43Z" level=warning msg="Request Failed" error="Post \"http://auth-service.ecommerce.svc.cluster.local:8001/auth/login\": request timeout"

running (04m32.9s), 031/225 VUs, 4652 complete and 0 interrupted iterations
openloop_spike   [  38% ] 031/225 VUs  04m32.8s/12m0s  30.00 iters/s

running (04m33.9s), 029/225 VUs, 4684 complete and 0 interrupted iterations
openloop_spike   [  38% ] 029/225 VUs  04m33.8s/12m0s  30.00 iters/s

running (04m34.9s), 031/225 VUs, 4712 complete and 0 interrupted iterations
openloop_spike   [  38% ] 031/225 VUs  04m34.8s/12m0s  30.00 iters/s

running (04m35.9s), 038/225 VUs, 4735 complete and 0 interrupted iterations
openloop_spike   [  38% ] 038/225 VUs  04m35.8s/12m0s  30.00 iters/s
time="2026-10-07T16:42:48Z" level=warning msg="Request Failed" error="Post \"http://auth-service.ecommerce.svc.cluster.local:8001/auth/login\": request timeout"
time="2026-10-07T16:42:48Z" level=warning msg="Request Failed" error="Post \"http://auth-service.ecommerce.svc.cluster.local:8001/auth/login\": request timeout"

running (04m36.9s), 035/225 VUs, 4768 complete and 0 interrupted iterations
openloop_spike   [  38% ] 035/225 VUs  04m36.8s/12m0s  30.00 iters/s

running (04m37.9s), 036/225 VUs, 4797 complete and 0 interrupted iterations
openloop_spike   [  39% ] 036/225 VUs  04m37.8s/12m0s  30.00 iters/s
time="2026-10-07T16:42:49Z" level=warning msg="Request Failed" error="Post \"http://auth-service.ecommerce.svc.cluster.local:8001/auth/login\": request timeout"
time="2026-10-07T16:42:50Z" level=warning msg="Request Failed" error="Post \"http://auth-service.ecommerce.svc.cluster.local:8001/auth/login\": request timeout"

running (04m38.9s), 035/225 VUs, 4828 complete and 0 interrupted iterations
openloop_spike   [  39% ] 035/225 VUs  04m38.8s/12m0s  30.00 iters/s

running (04m39.9s), 044/225 VUs, 4849 complete and 0 interrupted iterations
openloop_spike   [  39% ] 044/225 VUs  04m39.8s/12m0s  30.00 iters/s
time="2026-10-07T16:42:51Z" level=warning msg="Request Failed" error="Post \"http://auth-service.ecommerce.svc.cluster.local:8001/auth/login\": request timeout"
time="2026-10-07T16:42:51Z" level=warning msg="Request Failed" error="Post \"http://auth-service.ecommerce.svc.cluster.local:8001/auth/login\": request timeout"

running (04m40.9s), 051/225 VUs, 4872 complete and 0 interrupted iterations
openloop_spike   [  39% ] 051/225 VUs  04m40.8s/12m0s  30.00 iters/s
time="2026-10-07T16:42:52Z" level=warning msg="Request Failed" error="Post \"http://auth-service.ecommerce.svc.cluster.local:8001/auth/login\": request timeout"
time="2026-10-07T16:42:52Z" level=warning msg="Request Failed" error="Post \"http://auth-service.ecommerce.svc.cluster.local:8001/auth/login\": request timeout"
time="2026-10-07T16:42:53Z" level=warning msg="Request Failed" error="Post \"http://auth-service.ecommerce.svc.cluster.local:8001/auth/login\": request timeout"

running (04m41.9s), 068/225 VUs, 4885 complete and 0 interrupted iterations
openloop_spike   [  39% ] 068/225 VUs  04m41.8s/12m0s  30.00 iters/s
time="2026-10-07T16:42:53Z" level=warning msg="Request Failed" error="Post \"http://auth-service.ecommerce.svc.cluster.local:8001/auth/login\": request timeout"

running (04m42.9s), 061/225 VUs, 4922 complete and 0 interrupted iterations
openloop_spike   [  39% ] 061/225 VUs  04m42.8s/12m0s  30.00 iters/s
time="2026-10-07T16:42:54Z" level=warning msg="Request Failed" error="Post \"http://auth-service.ecommerce.svc.cluster.local:8001/auth/login\": request timeout"

running (04m43.9s), 043/225 VUs, 4970 complete and 0 interrupted iterations
openloop_spike   [  39% ] 043/225 VUs  04m43.8s/12m0s  30.00 iters/s

running (04m44.9s), 046/225 VUs, 4997 complete and 0 interrupted iterations
openloop_spike   [  40% ] 046/225 VUs  04m44.8s/12m0s  30.00 iters/s
time="2026-10-07T16:42:56Z" level=warning msg="Request Failed" error="Post \"http://auth-service.ecommerce.svc.cluster.local:8001/auth/login\": request timeout"
time="2026-10-07T16:42:56Z" level=warning msg="Request Failed" error="Post \"http://auth-service.ecommerce.svc.cluster.local:8001/auth/login\": request timeout"

running (04m45.9s), 025/225 VUs, 5048 complete and 0 interrupted iterations
openloop_spike   [  40% ] 025/225 VUs  04m45.8s/12m0s  30.00 iters/s
time="2026-10-07T16:42:57Z" level=warning msg="Request Failed" error="Post \"http://auth-service.ecommerce.svc.cluster.local:8001/auth/login\": request timeout"

running (04m46.9s), 019/225 VUs, 5084 complete and 0 interrupted iterations
openloop_spike   [  40% ] 019/225 VUs  04m46.8s/12m0s  30.00 iters/s
time="2026-10-07T16:42:58Z" level=warning msg="Request Failed" error="Post \"http://auth-service.ecommerce.svc.cluster.local:8001/auth/login\": request timeout"
time="2026-10-07T16:42:58Z" level=warning msg="Request Failed" error="Post \"http://auth-service.ecommerce.svc.cluster.local:8001/auth/login\": request timeout"

running (04m47.9s), 027/225 VUs, 5106 complete and 0 interrupted iterations
openloop_spike   [  40% ] 027/225 VUs  04m47.8s/12m0s  30.00 iters/s
time="2026-10-07T16:42:59Z" level=warning msg="Request Failed" error="Post \"http://auth-service.ecommerce.svc.cluster.local:8001/auth/login\": request timeout"
time="2026-10-07T16:43:00Z" level=warning msg="Request Failed" error="Post \"http://auth-service.ecommerce.svc.cluster.local:8001/auth/login\": request timeout"

running (04m48.9s), 028/225 VUs, 5135 complete and 0 interrupted iterations
openloop_spike   [  40% ] 028/225 VUs  04m48.8s/12m0s  30.00 iters/s
time="2026-10-07T16:43:00Z" level=warning msg="Request Failed" error="Post \"http://auth-service.ecommerce.svc.cluster.local:8001/auth/login\": request timeout"

running (04m49.9s), 032/225 VUs, 5161 complete and 0 interrupted iterations
openloop_spike   [  40% ] 032/225 VUs  04m49.8s/12m0s  30.00 iters/s

running (04m50.9s), 025/225 VUs, 5198 complete and 0 interrupted iterations
openloop_spike   [  40% ] 025/225 VUs  04m50.8s/12m0s  30.00 iters/s
time="2026-10-07T16:43:02Z" level=warning msg="Request Failed" error="Post \"http://auth-service.ecommerce.svc.cluster.local:8001/auth/login\": request timeout"

running (04m51.9s), 024/225 VUs, 5229 complete and 0 interrupted iterations
openloop_spike   [  41% ] 024/225 VUs  04m51.8s/12m0s  30.00 iters/s
time="2026-10-07T16:43:03Z" level=warning msg="Request Failed" error="Post \"http://auth-service.ecommerce.svc.cluster.local:8001/auth/login\": request timeout"

running (04m52.9s), 044/225 VUs, 5239 complete and 0 interrupted iterations
openloop_spike   [  41% ] 044/225 VUs  04m52.8s/12m0s  30.00 iters/s
time="2026-10-07T16:43:04Z" level=warning msg="Request Failed" error="Post \"http://auth-service.ecommerce.svc.cluster.local:8001/auth/login\": request timeout"
time="2026-10-07T16:43:04Z" level=warning msg="Request Failed" error="Post \"http://auth-service.ecommerce.svc.cluster.local:8001/auth/login\": request timeout"

running (04m53.9s), 004/225 VUs, 5309 complete and 0 interrupted iterations
openloop_spike   [  41% ] 004/225 VUs  04m53.8s/12m0s  30.00 iters/s

running (04m54.9s), 014/225 VUs, 5329 complete and 0 interrupted iterations
openloop_spike   [  41% ] 014/225 VUs  04m54.8s/12m0s  30.00 iters/s

running (04m55.9s), 032/225 VUs, 5341 complete and 0 interrupted iterations
openloop_spike   [  41% ] 032/225 VUs  04m55.8s/12m0s  30.00 iters/s

running (04m56.9s), 034/225 VUs, 5369 complete and 0 interrupted iterations
openloop_spike   [  41% ] 034/225 VUs  04m56.8s/12m0s  30.00 iters/s

running (04m57.9s), 041/225 VUs, 5392 complete and 0 interrupted iterations
openloop_spike   [  41% ] 041/225 VUs  04m57.8s/12m0s  30.00 iters/s

running (04m58.9s), 033/225 VUs, 5430 complete and 0 interrupted iterations
openloop_spike   [  41% ] 033/225 VUs  04m58.8s/12m0s  30.00 iters/s

running (04m59.9s), 022/225 VUs, 5471 complete and 0 interrupted iterations
openloop_spike   [  42% ] 022/225 VUs  04m59.8s/12m0s  30.00 iters/s
time="2026-10-07T16:43:11Z" level=warning msg="Request Failed" error="Post \"http://auth-service.ecommerce.svc.cluster.local:8001/auth/login\": request timeout"

running (05m00.9s), 020/225 VUs, 5503 complete and 0 interrupted iterations
openloop_spike   [  42% ] 020/225 VUs  05m00.8s/12m0s  30.00 iters/s
time="2026-10-07T16:43:12Z" level=warning msg="Request Failed" error="Post \"http://auth-service.ecommerce.svc.cluster.local:8001/auth/login\": request timeout"

running (05m01.9s), 023/225 VUs, 5530 complete and 0 interrupted iterations
openloop_spike   [  42% ] 023/225 VUs  05m01.8s/12m0s  30.00 iters/s
time="2026-10-07T16:43:13Z" level=warning msg="Request Failed" error="Post \"http://auth-service.ecommerce.svc.cluster.local:8001/auth/login\": request timeout"
time="2026-10-07T16:43:14Z" level=warning msg="Request Failed" error="Post \"http://auth-service.ecommerce.svc.cluster.local:8001/auth/login\": request timeout"

running (05m02.9s), 021/225 VUs, 5562 complete and 0 interrupted iterations
openloop_spike   [  42% ] 021/225 VUs  05m02.8s/12m0s  30.00 iters/s
time="2026-10-07T16:43:14Z" level=warning msg="Request Failed" error="Post \"http://auth-service.ecommerce.svc.cluster.local:8001/auth/login\": request timeout"
time="2026-10-07T16:43:14Z" level=warning msg="Request Failed" error="Post \"http://auth-service.ecommerce.svc.cluster.local:8001/auth/login\": request timeout"

running (05m03.9s), 019/225 VUs, 5594 complete and 0 interrupted iterations
openloop_spike   [  42% ] 019/225 VUs  05m03.8s/12m0s  30.00 iters/s
time="2026-10-07T16:43:15Z" level=warning msg="Request Failed" error="Post \"http://auth-service.ecommerce.svc.cluster.local:8001/auth/login\": request timeout"
time="2026-10-07T16:43:15Z" level=warning msg="Request Failed" error="Post \"http://auth-service.ecommerce.svc.cluster.local:8001/auth/login\": request timeout"
time="2026-10-07T16:43:15Z" level=warning msg="Request Failed" error="Post \"http://auth-service.ecommerce.svc.cluster.local:8001/auth/login\": request timeout"
time="2026-10-07T16:43:16Z" level=warning msg="Request Failed" error="Post \"http://auth-service.ecommerce.svc.cluster.local:8001/auth/login\": request timeout"
time="2026-10-07T16:43:16Z" level=warning msg="Request Failed" error="Post \"http://auth-service.ecommerce.svc.cluster.local:8001/auth/login\": request timeout"

running (05m04.9s), 018/225 VUs, 5625 complete and 0 interrupted iterations
openloop_spike   [  42% ] 018/225 VUs  05m04.8s/12m0s  30.00 iters/s
time="2026-10-07T16:43:16Z" level=warning msg="Request Failed" error="Post \"http://auth-service.ecommerce.svc.cluster.local:8001/auth/login\": request timeout"
time="2026-10-07T16:43:17Z" level=warning msg="Request Failed" error="Post \"http://auth-service.ecommerce.svc.cluster.local:8001/auth/login\": request timeout"

running (05m05.9s), 025/225 VUs, 5648 complete and 0 interrupted iterations
openloop_spike   [  42% ] 025/225 VUs  05m05.8s/12m0s  30.00 iters/s
time="2026-10-07T16:43:17Z" level=warning msg="Request Failed" error="Post \"http://auth-service.ecommerce.svc.cluster.local:8001/auth/login\": request timeout"
time="2026-10-07T16:43:17Z" level=warning msg="Request Failed" error="Post \"http://auth-service.ecommerce.svc.cluster.local:8001/auth/login\": request timeout"
time="2026-10-07T16:43:17Z" level=warning msg="Request Failed" error="Post \"http://auth-service.ecommerce.svc.cluster.local:8001/auth/login\": request timeout"
time="2026-10-07T16:43:18Z" level=warning msg="Request Failed" error="Post \"http://auth-service.ecommerce.svc.cluster.local:8001/auth/login\": request timeout"

running (05m06.9s), 015/225 VUs, 5688 complete and 0 interrupted iterations
openloop_spike   [  43% ] 015/225 VUs  05m06.8s/12m0s  30.00 iters/s
time="2026-10-07T16:43:18Z" level=warning msg="Request Failed" error="Post \"http://auth-service.ecommerce.svc.cluster.local:8001/auth/login\": request timeout"
time="2026-10-07T16:43:18Z" level=warning msg="Request Failed" error="Post \"http://auth-service.ecommerce.svc.cluster.local:8001/auth/login\": request timeout"
time="2026-10-07T16:43:19Z" level=warning msg="Request Failed" error="Post \"http://auth-service.ecommerce.svc.cluster.local:8001/auth/login\": request timeout"

running (05m07.9s), 012/225 VUs, 5721 complete and 0 interrupted iterations
openloop_spike   [  43% ] 012/225 VUs  05m07.8s/12m0s  30.00 iters/s
time="2026-10-07T16:43:20Z" level=warning msg="Request Failed" error="Post \"http://auth-service.ecommerce.svc.cluster.local:8001/auth/login\": request timeout"

running (05m08.9s), 015/225 VUs, 5748 complete and 0 interrupted iterations
openloop_spike   [  43% ] 015/225 VUs  05m08.8s/12m0s  30.00 iters/s

running (05m09.9s), 018/225 VUs, 5775 complete and 0 interrupted iterations
openloop_spike   [  43% ] 018/225 VUs  05m09.8s/12m0s  30.00 iters/s
time="2026-10-07T16:43:21Z" level=warning msg="Request Failed" error="Post \"http://auth-service.ecommerce.svc.cluster.local:8001/auth/login\": request timeout"

running (05m10.9s), 017/225 VUs, 5806 complete and 0 interrupted iterations
openloop_spike   [  43% ] 017/225 VUs  05m10.8s/12m0s  30.00 iters/s

running (05m11.9s), 019/225 VUs, 5834 complete and 0 interrupted iterations
openloop_spike   [  43% ] 019/225 VUs  05m11.8s/12m0s  30.00 iters/s

running (05m12.9s), 021/225 VUs, 5862 complete and 0 interrupted iterations
openloop_spike   [  43% ] 021/225 VUs  05m12.8s/12m0s  30.00 iters/s
time="2026-10-07T16:43:25Z" level=warning msg="Request Failed" error="Post \"http://auth-service.ecommerce.svc.cluster.local:8001/auth/login\": request timeout"

running (05m13.9s), 018/225 VUs, 5895 complete and 0 interrupted iterations
openloop_spike   [  44% ] 018/225 VUs  05m13.8s/12m0s  30.00 iters/s
time="2026-10-07T16:43:25Z" level=warning msg="Request Failed" error="Post \"http://auth-service.ecommerce.svc.cluster.local:8001/auth/login\": request timeout"
time="2026-10-07T16:43:25Z" level=warning msg="Request Failed" error="Post \"http://auth-service.ecommerce.svc.cluster.local:8001/auth/login\": request timeout"
time="2026-10-07T16:43:25Z" level=warning msg="Request Failed" error="Post \"http://auth-service.ecommerce.svc.cluster.local:8001/auth/login\": request timeout"

running (05m14.9s), 028/225 VUs, 5915 complete and 0 interrupted iterations
openloop_spike   [  44% ] 028/225 VUs  05m14.8s/12m0s  30.00 iters/s
time="2026-10-07T16:43:26Z" level=warning msg="Request Failed" error="Post \"http://auth-service.ecommerce.svc.cluster.local:8001/auth/login\": request timeout"
time="2026-10-07T16:43:26Z" level=warning msg="Request Failed" error="Post \"http://auth-service.ecommerce.svc.cluster.local:8001/auth/login\": request timeout"
time="2026-10-07T16:43:26Z" level=warning msg="Request Failed" error="Post \"http://auth-service.ecommerce.svc.cluster.local:8001/auth/login\": request timeout"

running (05m15.9s), 037/225 VUs, 5936 complete and 0 interrupted iterations
openloop_spike   [  44% ] 037/225 VUs  05m15.8s/12m0s  30.00 iters/s

running (05m16.9s), 012/225 VUs, 5991 complete and 0 interrupted iterations
openloop_spike   [  44% ] 012/225 VUs  05m16.8s/12m0s  30.00 iters/s
time="2026-10-07T16:43:28Z" level=warning msg="Request Failed" error="Post \"http://auth-service.ecommerce.svc.cluster.local:8001/auth/login\": request timeout"

running (05m17.9s), 030/225 VUs, 6003 complete and 0 interrupted iterations
openloop_spike   [  44% ] 030/225 VUs  05m17.8s/12m0s  30.00 iters/s
time="2026-10-07T16:43:29Z" level=warning msg="Request Failed" error="Post \"http://auth-service.ecommerce.svc.cluster.local:8001/auth/login\": request timeout"

running (05m18.9s), 055/225 VUs, 6008 complete and 0 interrupted iterations
openloop_spike   [  44% ] 055/225 VUs  05m18.8s/12m0s  30.00 iters/s
time="2026-10-07T16:43:30Z" level=warning msg="Request Failed" error="Post \"http://auth-service.ecommerce.svc.cluster.local:8001/auth/login\": request timeout"

running (05m19.9s), 047/225 VUs, 6046 complete and 0 interrupted iterations
openloop_spike   [  44% ] 047/225 VUs  05m19.8s/12m0s  30.00 iters/s
time="2026-10-07T16:43:32Z" level=warning msg="Request Failed" error="Post \"http://auth-service.ecommerce.svc.cluster.local:8001/auth/login\": request timeout"

running (05m20.9s), 016/225 VUs, 6107 complete and 0 interrupted iterations
openloop_spike   [  45% ] 016/225 VUs  05m20.8s/12m0s  30.00 iters/s
time="2026-10-07T16:43:32Z" level=warning msg="Request Failed" error="Post \"http://auth-service.ecommerce.svc.cluster.local:8001/auth/login\": request timeout"
time="2026-10-07T16:43:33Z" level=warning msg="Request Failed" error="Post \"http://auth-service.ecommerce.svc.cluster.local:8001/auth/login\": request timeout"

running (05m21.9s), 017/225 VUs, 6136 complete and 0 interrupted iterations
openloop_spike   [  45% ] 017/225 VUs  05m21.8s/12m0s  30.00 iters/s
time="2026-10-07T16:43:33Z" level=warning msg="Request Failed" error="Post \"http://auth-service.ecommerce.svc.cluster.local:8001/auth/login\": request timeout"
time="2026-10-07T16:43:34Z" level=warning msg="Request Failed" error="Post \"http://auth-service.ecommerce.svc.cluster.local:8001/auth/login\": request timeout"
time="2026-10-07T16:43:34Z" level=warning msg="Request Failed" error="Post \"http://auth-service.ecommerce.svc.cluster.local:8001/auth/login\": request timeout"

running (05m22.9s), 019/225 VUs, 6164 complete and 0 interrupted iterations
openloop_spike   [  45% ] 019/225 VUs  05m22.8s/12m0s  30.00 iters/s
time="2026-10-07T16:43:34Z" level=warning msg="Request Failed" error="Post \"http://auth-service.ecommerce.svc.cluster.local:8001/auth/login\": request timeout"

running (05m23.9s), 019/225 VUs, 6194 complete and 0 interrupted iterations
openloop_spike   [  45% ] 019/225 VUs  05m23.8s/12m0s  30.00 iters/s
time="2026-10-07T16:43:35Z" level=warning msg="Request Failed" error="Post \"http://auth-service.ecommerce.svc.cluster.local:8001/auth/login\": request timeout"
time="2026-10-07T16:43:35Z" level=warning msg="Request Failed" error="Post \"http://auth-service.ecommerce.svc.cluster.local:8001/auth/login\": request timeout"

running (05m24.9s), 031/225 VUs, 6212 complete and 0 interrupted iterations
openloop_spike   [  45% ] 031/225 VUs  05m24.8s/12m0s  30.00 iters/s

running (05m25.9s), 019/225 VUs, 6254 complete and 0 interrupted iterations
openloop_spike   [  45% ] 019/225 VUs  05m25.8s/12m0s  30.00 iters/s

running (05m26.9s), 006/225 VUs, 6297 complete and 0 interrupted iterations
openloop_spike   [  45% ] 006/225 VUs  05m26.8s/12m0s  30.00 iters/s

running (05m27.9s), 021/225 VUs, 6312 complete and 0 interrupted iterations
openloop_spike   [  46% ] 021/225 VUs  05m27.8s/12m0s  30.00 iters/s

running (05m28.9s), 035/225 VUs, 6328 complete and 0 interrupted iterations
openloop_spike   [  46% ] 035/225 VUs  05m28.8s/12m0s  30.00 iters/s

running (05m29.9s), 027/225 VUs, 6366 complete and 0 interrupted iterations
openloop_spike   [  46% ] 027/225 VUs  05m29.8s/12m0s  30.00 iters/s

running (05m30.9s), 028/225 VUs, 6395 complete and 0 interrupted iterations
openloop_spike   [  46% ] 028/225 VUs  05m30.8s/12m0s  30.00 iters/s

running (05m31.9s), 029/225 VUs, 6424 complete and 0 interrupted iterations
openloop_spike   [  46% ] 029/225 VUs  05m31.8s/12m0s  30.00 iters/s
time="2026-10-07T16:43:43Z" level=warning msg="Request Failed" error="Post \"http://auth-service.ecommerce.svc.cluster.local:8001/auth/login\": request timeout"
time="2026-10-07T16:43:43Z" level=warning msg="Request Failed" error="Post \"http://auth-service.ecommerce.svc.cluster.local:8001/auth/login\": request timeout"
time="2026-10-07T16:43:44Z" level=warning msg="Request Failed" error="Post \"http://auth-service.ecommerce.svc.cluster.local:8001/auth/login\": request timeout"

running (05m32.9s), 019/225 VUs, 6464 complete and 0 interrupted iterations
openloop_spike   [  46% ] 019/225 VUs  05m32.8s/12m0s  30.00 iters/s
time="2026-10-07T16:43:45Z" level=warning msg="Request Failed" error="Post \"http://auth-service.ecommerce.svc.cluster.local:8001/auth/login\": request timeout"

running (05m33.9s), 020/225 VUs, 6493 complete and 0 interrupted iterations
openloop_spike   [  46% ] 020/225 VUs  05m33.8s/12m0s  30.00 iters/s
time="2026-10-07T16:43:45Z" level=warning msg="Request Failed" error="Post \"http://auth-service.ecommerce.svc.cluster.local:8001/auth/login\": request timeout"
time="2026-10-07T16:43:45Z" level=warning msg="Request Failed" error="Post \"http://auth-service.ecommerce.svc.cluster.local:8001/auth/login\": request timeout"

running (05m34.9s), 030/225 VUs, 6513 complete and 0 interrupted iterations
openloop_spike   [  46% ] 030/225 VUs  05m34.8s/12m0s  30.00 iters/s
time="2026-10-07T16:43:46Z" level=warning msg="Request Failed" error="Post \"http://auth-service.ecommerce.svc.cluster.local:8001/auth/login\": request timeout"
time="2026-10-07T16:43:46Z" level=warning msg="Request Failed" error="Post \"http://auth-service.ecommerce.svc.cluster.local:8001/auth/login\": request timeout"

running (05m35.9s), 034/225 VUs, 6539 complete and 0 interrupted iterations
openloop_spike   [  47% ] 034/225 VUs  05m35.8s/12m0s  30.00 iters/s
time="2026-10-07T16:43:47Z" level=warning msg="Request Failed" error="Post \"http://auth-service.ecommerce.svc.cluster.local:8001/auth/login\": request timeout"
time="2026-10-07T16:43:47Z" level=warning msg="Request Failed" error="Post \"http://auth-service.ecommerce.svc.cluster.local:8001/auth/login\": request timeout"

running (05m36.9s), 026/225 VUs, 6577 complete and 0 interrupted iterations
openloop_spike   [  47% ] 026/225 VUs  05m36.8s/12m0s  30.00 iters/s
time="2026-10-07T16:43:48Z" level=warning msg="Request Failed" error="Post \"http://auth-service.ecommerce.svc.cluster.local:8001/auth/login\": request timeout"
time="2026-10-07T16:43:48Z" level=warning msg="Request Failed" error="Post \"http://auth-service.ecommerce.svc.cluster.local:8001/auth/login\": request timeout"
time="2026-10-07T16:43:48Z" level=warning msg="Request Failed" error="Post \"http://auth-service.ecommerce.svc.cluster.local:8001/auth/login\": request timeout"

running (05m37.9s), 019/225 VUs, 6614 complete and 0 interrupted iterations
openloop_spike   [  47% ] 019/225 VUs  05m37.8s/12m0s  30.00 iters/s
time="2026-10-07T16:43:49Z" level=warning msg="Request Failed" error="Post \"http://auth-service.ecommerce.svc.cluster.local:8001/auth/login\": request timeout"
time="2026-10-07T16:43:49Z" level=warning msg="Request Failed" error="Post \"http://auth-service.ecommerce.svc.cluster.local:8001/auth/login\": request timeout"

running (05m38.9s), 016/225 VUs, 6647 complete and 0 interrupted iterations
openloop_spike   [  47% ] 016/225 VUs  05m38.8s/12m0s  30.00 iters/s
time="2026-10-07T16:43:50Z" level=warning msg="Request Failed" error="Post \"http://auth-service.ecommerce.svc.cluster.local:8001/auth/login\": request timeout"
time="2026-10-07T16:43:51Z" level=warning msg="Request Failed" error="Post \"http://auth-service.ecommerce.svc.cluster.local:8001/auth/login\": request timeout"

running (05m39.9s), 022/225 VUs, 6671 complete and 0 interrupted iterations
openloop_spike   [  47% ] 022/225 VUs  05m39.8s/12m0s  30.00 iters/s
time="2026-10-07T16:43:51Z" level=warning msg="Request Failed" error="Post \"http://auth-service.ecommerce.svc.cluster.local:8001/auth/login\": request timeout"

running (05m40.9s), 039/225 VUs, 6684 complete and 0 interrupted iterations
openloop_spike   [  47% ] 039/225 VUs  05m40.8s/12m0s  30.00 iters/s
time="2026-10-07T16:43:52Z" level=warning msg="Request Failed" error="Post \"http://auth-service.ecommerce.svc.cluster.local:8001/auth/login\": request timeout"
time="2026-10-07T16:43:52Z" level=warning msg="Request Failed" error="Post \"http://auth-service.ecommerce.svc.cluster.local:8001/auth/login\": request timeout"
time="2026-10-07T16:43:52Z" level=warning msg="Request Failed" error="Post \"http://auth-service.ecommerce.svc.cluster.local:8001/auth/login\": request timeout"
time="2026-10-07T16:43:52Z" level=warning msg="Request Failed" error="Post \"http://auth-service.ecommerce.svc.cluster.local:8001/auth/login\": request timeout"

running (05m41.9s), 028/225 VUs, 6725 complete and 0 interrupted iterations
openloop_spike   [  47% ] 028/225 VUs  05m41.8s/12m0s  30.00 iters/s
time="2026-10-07T16:43:53Z" level=warning msg="Request Failed" error="Post \"http://auth-service.ecommerce.svc.cluster.local:8001/auth/login\": request timeout"

running (05m42.9s), 023/225 VUs, 6760 complete and 0 interrupted iterations
openloop_spike   [  48% ] 023/225 VUs  05m42.8s/12m0s  30.00 iters/s
time="2026-10-07T16:43:55Z" level=warning msg="Request Failed" error="Post \"http://auth-service.ecommerce.svc.cluster.local:8001/auth/login\": request timeout"

running (05m43.9s), 014/225 VUs, 6799 complete and 0 interrupted iterations
openloop_spike   [  48% ] 014/225 VUs  05m43.8s/12m0s  30.00 iters/s
time="2026-10-07T16:43:55Z" level=warning msg="Request Failed" error="Post \"http://auth-service.ecommerce.svc.cluster.local:8001/auth/login\": request timeout"

running (05m44.9s), 019/225 VUs, 6824 complete and 0 interrupted iterations
openloop_spike   [  48% ] 019/225 VUs  05m44.8s/12m0s  30.00 iters/s
time="2026-10-07T16:43:56Z" level=warning msg="Request Failed" error="Post \"http://auth-service.ecommerce.svc.cluster.local:8001/auth/login\": request timeout"

running (05m45.9s), 016/225 VUs, 6857 complete and 0 interrupted iterations
openloop_spike   [  48% ] 016/225 VUs  05m45.8s/12m0s  30.00 iters/s
time="2026-10-07T16:43:57Z" level=warning msg="Request Failed" error="Post \"http://auth-service.ecommerce.svc.cluster.local:8001/auth/login\": request timeout"

running (05m46.9s), 016/225 VUs, 6887 complete and 0 interrupted iterations
openloop_spike   [  48% ] 016/225 VUs  05m46.8s/12m0s  30.00 iters/s

running (05m47.9s), 021/225 VUs, 6912 complete and 0 interrupted iterations
openloop_spike   [  48% ] 021/225 VUs  05m47.8s/12m0s  30.00 iters/s
time="2026-10-07T16:43:59Z" level=warning msg="Request Failed" error="Post \"http://auth-service.ecommerce.svc.cluster.local:8001/auth/login\": request timeout"
time="2026-10-07T16:44:00Z" level=warning msg="Request Failed" error="Post \"http://auth-service.ecommerce.svc.cluster.local:8001/auth/login\": request timeout"

running (05m48.9s), 020/225 VUs, 6943 complete and 0 interrupted iterations
openloop_spike   [  48% ] 020/225 VUs  05m48.8s/12m0s  30.00 iters/s
time="2026-10-07T16:44:00Z" level=warning msg="Request Failed" error="Post \"http://auth-service.ecommerce.svc.cluster.local:8001/auth/login\": request timeout"
time="2026-10-07T16:44:00Z" level=warning msg="Request Failed" error="Post \"http://auth-service.ecommerce.svc.cluster.local:8001/auth/login\": request timeout"
time="2026-10-07T16:44:01Z" level=warning msg="Request Failed" error="Post \"http://auth-service.ecommerce.svc.cluster.local:8001/auth/login\": request timeout"

running (05m49.9s), 019/225 VUs, 6974 complete and 0 interrupted iterations
openloop_spike   [  49% ] 019/225 VUs  05m49.8s/12m0s  30.00 iters/s
time="2026-10-07T16:44:01Z" level=warning msg="Request Failed" error="Post \"http://auth-service.ecommerce.svc.cluster.local:8001/auth/login\": request timeout"
time="2026-10-07T16:44:02Z" level=warning msg="Request Failed" error="Post \"http://auth-service.ecommerce.svc.cluster.local:8001/auth/login\": request timeout"

running (05m50.9s), 017/225 VUs, 7006 complete and 0 interrupted iterations
openloop_spike   [  49% ] 017/225 VUs  05m50.8s/12m0s  30.00 iters/s
time="2026-10-07T16:44:02Z" level=warning msg="Request Failed" error="Post \"http://auth-service.ecommerce.svc.cluster.local:8001/auth/login\": request timeout"
time="2026-10-07T16:44:02Z" level=warning msg="Request Failed" error="Post \"http://auth-service.ecommerce.svc.cluster.local:8001/auth/login\": request timeout"
time="2026-10-07T16:44:02Z" level=warning msg="Request Failed" error="Post \"http://auth-service.ecommerce.svc.cluster.local:8001/auth/login\": request timeout"
time="2026-10-07T16:44:03Z" level=warning msg="Request Failed" error="Post \"http://auth-service.ecommerce.svc.cluster.local:8001/auth/login\": request timeout"
time="2026-10-07T16:44:03Z" level=warning msg="Request Failed" error="Post \"http://auth-service.ecommerce.svc.cluster.local:8001/auth/login\": request timeout"

running (05m51.9s), 020/225 VUs, 7033 complete and 0 interrupted iterations
openloop_spike   [  49% ] 020/225 VUs  05m51.8s/12m0s  30.00 iters/s
time="2026-10-07T16:44:03Z" level=warning msg="Request Failed" error="Post \"http://auth-service.ecommerce.svc.cluster.local:8001/auth/login\": request timeout"
time="2026-10-07T16:44:03Z" level=warning msg="Request Failed" error="Post \"http://auth-service.ecommerce.svc.cluster.local:8001/auth/login\": request timeout"
time="2026-10-07T16:44:03Z" level=warning msg="Request Failed" error="Post \"http://auth-service.ecommerce.svc.cluster.local:8001/auth/login\": request timeout"

running (05m52.9s), 030/225 VUs, 7053 complete and 0 interrupted iterations
openloop_spike   [  49% ] 030/225 VUs  05m52.8s/12m0s  30.00 iters/s
time="2026-10-07T16:44:04Z" level=warning msg="Request Failed" error="Post \"http://auth-service.ecommerce.svc.cluster.local:8001/auth/login\": request timeout"
time="2026-10-07T16:44:05Z" level=warning msg="Request Failed" error="Post \"http://auth-service.ecommerce.svc.cluster.local:8001/auth/login\": request timeout"

running (05m53.9s), 044/225 VUs, 7069 complete and 0 interrupted iterations
openloop_spike   [  49% ] 044/225 VUs  05m53.8s/12m0s  30.00 iters/s
time="2026-10-07T16:44:05Z" level=warning msg="Request Failed" error="Post \"http://auth-service.ecommerce.svc.cluster.local:8001/auth/login\": request timeout"

running (05m54.9s), 050/225 VUs, 7093 complete and 0 interrupted iterations
openloop_spike   [  49% ] 050/225 VUs  05m54.8s/12m0s  30.00 iters/s

running (05m55.9s), 051/225 VUs, 7122 complete and 0 interrupted iterations
openloop_spike   [  49% ] 051/225 VUs  05m55.8s/12m0s  30.00 iters/s
time="2026-10-07T16:44:07Z" level=warning msg="Request Failed" error="Post \"http://auth-service.ecommerce.svc.cluster.local:8001/auth/login\": request timeout"

running (05m56.9s), 073/225 VUs, 7130 complete and 0 interrupted iterations
openloop_spike   [  50% ] 073/225 VUs  05m56.8s/12m0s  30.00 iters/s
time="2026-10-07T16:44:08Z" level=warning msg="Request Failed" error="Post \"http://auth-service.ecommerce.svc.cluster.local:8001/auth/login\": request timeout"
time="2026-10-07T16:44:09Z" level=warning msg="Request Failed" error="Post \"http://auth-service.ecommerce.svc.cluster.local:8001/auth/login\": request timeout"

running (05m57.9s), 083/225 VUs, 7150 complete and 0 interrupted iterations
openloop_spike   [  50% ] 083/225 VUs  05m57.8s/12m0s  30.00 iters/s

running (05m58.9s), 093/225 VUs, 7170 complete and 0 interrupted iterations
openloop_spike   [  50% ] 093/225 VUs  05m58.8s/12m0s  30.00 iters/s
time="2026-10-07T16:44:10Z" level=warning msg="Request Failed" error="Post \"http://auth-service.ecommerce.svc.cluster.local:8001/auth/login\": request timeout"
time="2026-10-07T16:44:10Z" level=warning msg="Request Failed" error="Post \"http://auth-service.ecommerce.svc.cluster.local:8001/auth/login\": request timeout"
time="2026-10-07T16:44:10Z" level=warning msg="Request Failed" error="Post \"http://auth-service.ecommerce.svc.cluster.local:8001/auth/login\": request timeout"
time="2026-10-07T16:44:10Z" level=warning msg="Request Failed" error="Post \"http://auth-service.ecommerce.svc.cluster.local:8001/auth/login\": request timeout"
time="2026-10-07T16:44:10Z" level=warning msg="Request Failed" error="Post \"http://auth-service.ecommerce.svc.cluster.local:8001/auth/login\": request timeout"

running (05m59.9s), 107/225 VUs, 7186 complete and 0 interrupted iterations
openloop_spike   [  50% ] 107/225 VUs  05m59.8s/12m0s  30.00 iters/s
time="2026-10-07T16:44:11Z" level=warning msg="Request Failed" error="Post \"http://auth-service.ecommerce.svc.cluster.local:8001/auth/login\": request timeout"
time="2026-10-07T16:44:11Z" level=warning msg="Request Failed" error="Post \"http://auth-service.ecommerce.svc.cluster.local:8001/auth/login\": request timeout"
time="2026-10-07T16:44:12Z" level=warning msg="Request Failed" error="Post \"http://auth-service.ecommerce.svc.cluster.local:8001/auth/login\": request timeout"

running (06m00.9s), 118/225 VUs, 7205 complete and 0 interrupted iterations
openloop_spike   [  50% ] 118/225 VUs  06m00.8s/12m0s  30.00 iters/s
time="2026-10-07T16:44:12Z" level=warning msg="Request Failed" error="Post \"http://auth-service.ecommerce.svc.cluster.local:8001/auth/login\": request timeout"
time="2026-10-07T16:44:12Z" level=warning msg="Request Failed" error="Post \"http://auth-service.ecommerce.svc.cluster.local:8001/auth/login\": request timeout"
time="2026-10-07T16:44:12Z" level=warning msg="Request Failed" error="Post \"http://auth-service.ecommerce.svc.cluster.local:8001/auth/login\": request timeout"
time="2026-10-07T16:44:12Z" level=warning msg="Request Failed" error="Post \"http://auth-service.ecommerce.svc.cluster.local:8001/auth/login\": request timeout"
time="2026-10-07T16:44:12Z" level=warning msg="Request Failed" error="Post \"http://auth-service.ecommerce.svc.cluster.local:8001/auth/login\": request timeout"

running (06m01.9s), 115/225 VUs, 7238 complete and 0 interrupted iterations
openloop_spike   [  50% ] 115/225 VUs  06m01.8s/12m0s  30.00 iters/s
time="2026-10-07T16:44:13Z" level=warning msg="Request Failed" error="Post \"http://auth-service.ecommerce.svc.cluster.local:8001/auth/login\": request timeout"

running (06m02.9s), 118/225 VUs, 7265 complete and 0 interrupted iterations
openloop_spike   [  50% ] 118/225 VUs  06m02.8s/12m0s  30.00 iters/s
time="2026-10-07T16:44:14Z" level=warning msg="Request Failed" error="Post \"http://auth-service.ecommerce.svc.cluster.local:8001/auth/login\": request timeout"
time="2026-10-07T16:44:15Z" level=warning msg="Request Failed" error="Post \"http://auth-service.ecommerce.svc.cluster.local:8001/auth/login\": request timeout"

running (06m03.9s), 121/225 VUs, 7292 complete and 0 interrupted iterations
openloop_spike   [  51% ] 121/225 VUs  06m03.8s/12m0s  30.00 iters/s
time="2026-10-07T16:44:15Z" level=warning msg="Request Failed" error="Post \"http://auth-service.ecommerce.svc.cluster.local:8001/auth/login\": request timeout"
time="2026-10-07T16:44:15Z" level=warning msg="Request Failed" error="Post \"http://auth-service.ecommerce.svc.cluster.local:8001/auth/login\": request timeout"
time="2026-10-07T16:44:15Z" level=warning msg="Request Failed" error="request timeout"

running (06m04.9s), 132/225 VUs, 7311 complete and 0 interrupted iterations
openloop_spike   [  51% ] 132/225 VUs  06m04.8s/12m0s  30.00 iters/s
time="2026-10-07T16:44:16Z" level=warning msg="Request Failed" error="Post \"http://auth-service.ecommerce.svc.cluster.local:8001/auth/login\": request timeout"
time="2026-10-07T16:44:16Z" level=warning msg="Request Failed" error="Post \"http://auth-service.ecommerce.svc.cluster.local:8001/auth/login\": request timeout"
time="2026-10-07T16:44:16Z" level=warning msg="Request Failed" error="Post \"http://auth-service.ecommerce.svc.cluster.local:8001/auth/login\": request timeout"

running (06m05.9s), 108/225 VUs, 7365 complete and 0 interrupted iterations
openloop_spike   [  51% ] 108/225 VUs  06m05.8s/12m0s  30.00 iters/s
time="2026-10-07T16:44:17Z" level=warning msg="Request Failed" error="Post \"http://auth-service.ecommerce.svc.cluster.local:8001/auth/login\": request timeout"
time="2026-10-07T16:44:18Z" level=warning msg="Request Failed" error="Post \"http://auth-service.ecommerce.svc.cluster.local:8001/auth/login\": request timeout"
time="2026-10-07T16:44:18Z" level=warning msg="Request Failed" error="Post \"http://auth-service.ecommerce.svc.cluster.local:8001/auth/login\": request timeout"

running (06m06.9s), 103/225 VUs, 7400 complete and 0 interrupted iterations
openloop_spike   [  51% ] 103/225 VUs  06m06.8s/12m0s  30.00 iters/s
time="2026-10-07T16:44:18Z" level=warning msg="Request Failed" error="Post \"http://auth-service.ecommerce.svc.cluster.local:8001/auth/login\": request timeout"
time="2026-10-07T16:44:19Z" level=warning msg="Request Failed" error="Post \"http://auth-service.ecommerce.svc.cluster.local:8001/auth/login\": request timeout"

running (06m07.9s), 079/225 VUs, 7454 complete and 0 interrupted iterations
openloop_spike   [  51% ] 079/225 VUs  06m07.8s/12m0s  30.00 iters/s
time="2026-10-07T16:44:19Z" level=warning msg="Request Failed" error="Post \"http://auth-service.ecommerce.svc.cluster.local:8001/auth/login\": request timeout"
time="2026-10-07T16:44:19Z" level=warning msg="Request Failed" error="Post \"http://auth-service.ecommerce.svc.cluster.local:8001/auth/login\": request timeout"
time="2026-10-07T16:44:19Z" level=warning msg="Request Failed" error="Post \"http://auth-service.ecommerce.svc.cluster.local:8001/auth/login\": request timeout"
time="2026-10-07T16:44:20Z" level=warning msg="Request Failed" error="Post \"http://auth-service.ecommerce.svc.cluster.local:8001/auth/login\": request timeout"

running (06m08.9s), 029/225 VUs, 7534 complete and 0 interrupted iterations
openloop_spike   [  51% ] 029/225 VUs  06m08.8s/12m0s  30.00 iters/s
time="2026-10-07T16:44:20Z" level=warning msg="Request Failed" error="Post \"http://auth-service.ecommerce.svc.cluster.local:8001/auth/login\": request timeout"
time="2026-10-07T16:44:20Z" level=warning msg="Request Failed" error="Post \"http://auth-service.ecommerce.svc.cluster.local:8001/auth/login\": request timeout"

running (06m09.9s), 013/225 VUs, 7580 complete and 0 interrupted iterations
openloop_spike   [  51% ] 013/225 VUs  06m09.8s/12m0s  30.00 iters/s
time="2026-10-07T16:44:21Z" level=warning msg="Request Failed" error="Post \"http://auth-service.ecommerce.svc.cluster.local:8001/auth/login\": request timeout"
time="2026-10-07T16:44:21Z" level=warning msg="Request Failed" error="Post \"http://auth-service.ecommerce.svc.cluster.local:8001/auth/login\": request timeout"
time="2026-10-07T16:44:21Z" level=warning msg="Request Failed" error="Post \"http://auth-service.ecommerce.svc.cluster.local:8001/auth/login\": request timeout"
time="2026-10-07T16:44:22Z" level=warning msg="Request Failed" error="Post \"http://auth-service.ecommerce.svc.cluster.local:8001/auth/login\": request timeout"

running (06m10.9s), 012/225 VUs, 7611 complete and 0 interrupted iterations
openloop_spike   [  51% ] 012/225 VUs  06m10.8s/12m0s  30.00 iters/s
time="2026-10-07T16:44:23Z" level=warning msg="Request Failed" error="Post \"http://auth-service.ecommerce.svc.cluster.local:8001/auth/login\": request timeout"

running (06m11.9s), 016/225 VUs, 7637 complete and 0 interrupted iterations
openloop_spike   [  52% ] 016/225 VUs  06m11.8s/12m0s  30.00 iters/s
time="2026-10-07T16:44:23Z" level=warning msg="Request Failed" error="Post \"http://auth-service.ecommerce.svc.cluster.local:8001/auth/login\": request timeout"
time="2026-10-07T16:44:24Z" level=warning msg="Request Failed" error="Post \"http://auth-service.ecommerce.svc.cluster.local:8001/auth/login\": request timeout"

running (06m12.9s), 028/225 VUs, 7655 complete and 0 interrupted iterations
openloop_spike   [  52% ] 028/225 VUs  06m12.8s/12m0s  30.00 iters/s

running (06m13.9s), 033/225 VUs, 7680 complete and 0 interrupted iterations
openloop_spike   [  52% ] 033/225 VUs  06m13.8s/12m0s  30.00 iters/s

running (06m14.9s), 040/225 VUs, 7703 complete and 0 interrupted iterations
openloop_spike   [  52% ] 040/225 VUs  06m14.8s/12m0s  30.00 iters/s
time="2026-10-07T16:44:26Z" level=warning msg="Request Failed" error="Post \"http://auth-service.ecommerce.svc.cluster.local:8001/auth/login\": request timeout"
time="2026-10-07T16:44:27Z" level=warning msg="Request Failed" error="Post \"http://auth-service.ecommerce.svc.cluster.local:8001/auth/login\": request timeout"

running (06m15.9s), 020/225 VUs, 7753 complete and 0 interrupted iterations
openloop_spike   [  52% ] 020/225 VUs  06m15.8s/12m0s  30.00 iters/s
time="2026-10-07T16:44:27Z" level=warning msg="Request Failed" error="Post \"http://auth-service.ecommerce.svc.cluster.local:8001/auth/login\": request timeout"

running (06m16.9s), 020/225 VUs, 7783 complete and 0 interrupted iterations
openloop_spike   [  52% ] 020/225 VUs  06m16.8s/12m0s  30.00 iters/s
time="2026-10-07T16:44:28Z" level=warning msg="Request Failed" error="Post \"http://auth-service.ecommerce.svc.cluster.local:8001/auth/login\": request timeout"
time="2026-10-07T16:44:28Z" level=warning msg="Request Failed" error="Post \"http://auth-service.ecommerce.svc.cluster.local:8001/auth/login\": request timeout"

running (06m17.9s), 028/225 VUs, 7805 complete and 0 interrupted iterations
openloop_spike   [  52% ] 028/225 VUs  06m17.8s/12m0s  30.00 iters/s
time="2026-10-07T16:44:29Z" level=warning msg="Request Failed" error="Post \"http://auth-service.ecommerce.svc.cluster.local:8001/auth/login\": request timeout"
time="2026-10-07T16:44:29Z" level=warning msg="Request Failed" error="Post \"http://auth-service.ecommerce.svc.cluster.local:8001/auth/login\": request timeout"

running (06m18.9s), 030/225 VUs, 7833 complete and 0 interrupted iterations
openloop_spike   [  53% ] 030/225 VUs  06m18.8s/12m0s  30.00 iters/s
time="2026-10-07T16:44:30Z" level=warning msg="Request Failed" error="Post \"http://auth-service.ecommerce.svc.cluster.local:8001/auth/login\": request timeout"

running (06m19.9s), 034/225 VUs, 7859 complete and 0 interrupted iterations
openloop_spike   [  53% ] 034/225 VUs  06m19.8s/12m0s  30.00 iters/s
time="2026-10-07T16:44:31Z" level=warning msg="Request Failed" error="Post \"http://auth-service.ecommerce.svc.cluster.local:8001/auth/login\": request timeout"

running (06m20.9s), 022/225 VUs, 7901 complete and 0 interrupted iterations
openloop_spike   [  53% ] 022/225 VUs  06m20.8s/12m0s  30.00 iters/s
time="2026-10-07T16:44:32Z" level=warning msg="Request Failed" error="Post \"http://auth-service.ecommerce.svc.cluster.local:8001/auth/login\": request timeout"
time="2026-10-07T16:44:33Z" level=warning msg="Request Failed" error="Post \"http://auth-service.ecommerce.svc.cluster.local:8001/auth/login\": request timeout"

running (06m21.9s), 040/225 VUs, 7913 complete and 0 interrupted iterations
openloop_spike   [  53% ] 040/225 VUs  06m21.8s/12m0s  30.00 iters/s
time="2026-10-07T16:44:33Z" level=warning msg="Request Failed" error="Post \"http://auth-service.ecommerce.svc.cluster.local:8001/auth/login\": request timeout"

running (06m22.9s), 047/225 VUs, 7936 complete and 0 interrupted iterations
openloop_spike   [  53% ] 047/225 VUs  06m22.8s/12m0s  30.00 iters/s
time="2026-10-07T16:44:34Z" level=warning msg="Request Failed" error="Post \"http://auth-service.ecommerce.svc.cluster.local:8001/auth/login\": request timeout"
time="2026-10-07T16:44:34Z" level=warning msg="Request Failed" error="Post \"http://auth-service.ecommerce.svc.cluster.local:8001/auth/login\": request timeout"

running (06m23.9s), 048/225 VUs, 7965 complete and 0 interrupted iterations
openloop_spike   [  53% ] 048/225 VUs  06m23.8s/12m0s  30.00 iters/s

running (06m24.9s), 047/225 VUs, 7996 complete and 0 interrupted iterations
openloop_spike   [  53% ] 047/225 VUs  06m24.8s/12m0s  30.00 iters/s

running (06m25.9s), 052/225 VUs, 8021 complete and 0 interrupted iterations
openloop_spike   [  54% ] 052/225 VUs  06m25.8s/12m0s  30.00 iters/s

running (06m26.9s), 019/225 VUs, 8084 complete and 0 interrupted iterations
openloop_spike   [  54% ] 019/225 VUs  06m26.8s/12m0s  30.00 iters/s
time="2026-10-07T16:44:38Z" level=warning msg="Request Failed" error="Post \"http://auth-service.ecommerce.svc.cluster.local:8001/auth/login\": request timeout"
time="2026-10-07T16:44:38Z" level=warning msg="Request Failed" error="Post \"http://auth-service.ecommerce.svc.cluster.local:8001/auth/login\": request timeout"

running (06m27.9s), 021/225 VUs, 8112 complete and 0 interrupted iterations
openloop_spike   [  54% ] 021/225 VUs  06m27.8s/12m0s  30.00 iters/s
time="2026-10-07T16:44:39Z" level=warning msg="Request Failed" error="Post \"http://auth-service.ecommerce.svc.cluster.local:8001/auth/login\": request timeout"
time="2026-10-07T16:44:39Z" level=warning msg="Request Failed" error="Post \"http://auth-service.ecommerce.svc.cluster.local:8001/auth/login\": request timeout"
time="2026-10-07T16:44:39Z" level=warning msg="Request Failed" error="Post \"http://auth-service.ecommerce.svc.cluster.local:8001/auth/login\": request timeout"
time="2026-10-07T16:44:39Z" level=warning msg="Request Failed" error="Post \"http://auth-service.ecommerce.svc.cluster.local:8001/auth/login\": request timeout"

running (06m28.9s), 021/225 VUs, 8142 complete and 0 interrupted iterations
openloop_spike   [  54% ] 021/225 VUs  06m28.8s/12m0s  30.00 iters/s
time="2026-10-07T16:44:40Z" level=warning msg="Request Failed" error="Post \"http://auth-service.ecommerce.svc.cluster.local:8001/auth/login\": request timeout"
time="2026-10-07T16:44:40Z" level=warning msg="Request Failed" error="Post \"http://auth-service.ecommerce.svc.cluster.local:8001/auth/login\": request timeout"

running (06m29.9s), 027/225 VUs, 8166 complete and 0 interrupted iterations
openloop_spike   [  54% ] 027/225 VUs  06m29.8s/12m0s  30.00 iters/s
time="2026-10-07T16:44:42Z" level=warning msg="Request Failed" error="Post \"http://auth-service.ecommerce.svc.cluster.local:8001/auth/login\": request timeout"

running (06m30.9s), 046/225 VUs, 8177 complete and 0 interrupted iterations
openloop_spike   [  54% ] 046/225 VUs  06m30.8s/12m0s  30.00 iters/s

running (06m31.9s), 030/225 VUs, 8223 complete and 0 interrupted iterations
openloop_spike   [  54% ] 030/225 VUs  06m31.8s/12m0s  30.00 iters/s

running (06m32.9s), 019/225 VUs, 8264 complete and 0 interrupted iterations
openloop_spike   [  55% ] 019/225 VUs  06m32.8s/12m0s  30.00 iters/s

running (06m33.9s), 033/225 VUs, 8280 complete and 0 interrupted iterations
openloop_spike   [  55% ] 033/225 VUs  06m33.8s/12m0s  30.00 iters/s

running (06m34.9s), 061/225 VUs, 8282 complete and 0 interrupted iterations
openloop_spike   [  55% ] 061/225 VUs  06m34.8s/12m0s  30.00 iters/s
time="2026-10-07T16:44:46Z" level=warning msg="Request Failed" error="Post \"http://auth-service.ecommerce.svc.cluster.local:8001/auth/login\": request timeout"
time="2026-10-07T16:44:46Z" level=warning msg="Request Failed" error="Post \"http://auth-service.ecommerce.svc.cluster.local:8001/auth/login\": request timeout"

running (06m35.9s), 078/225 VUs, 8295 complete and 0 interrupted iterations
openloop_spike   [  55% ] 078/225 VUs  06m35.8s/12m0s  30.00 iters/s
time="2026-10-07T16:44:47Z" level=warning msg="Request Failed" error="Post \"http://auth-service.ecommerce.svc.cluster.local:8001/auth/login\": request timeout"

running (06m36.9s), 093/225 VUs, 8310 complete and 0 interrupted iterations
openloop_spike   [  55% ] 093/225 VUs  06m36.8s/12m0s  30.00 iters/s
time="2026-10-07T16:44:48Z" level=warning msg="Request Failed" error="Post \"http://auth-service.ecommerce.svc.cluster.local:8001/auth/login\": request timeout"
time="2026-10-07T16:44:48Z" level=warning msg="Request Failed" error="Post \"http://auth-service.ecommerce.svc.cluster.local:8001/auth/login\": request timeout"
time="2026-10-07T16:44:48Z" level=warning msg="Request Failed" error="request timeout"
time="2026-10-07T16:44:48Z" level=warning msg="Request Failed" error="Post \"http://auth-service.ecommerce.svc.cluster.local:8001/auth/login\": request timeout"
time="2026-10-07T16:44:48Z" level=warning msg="Request Failed" error="Post \"http://auth-service.ecommerce.svc.cluster.local:8001/auth/login\": request timeout"
time="2026-10-07T16:44:49Z" level=warning msg="Request Failed" error="Post \"http://auth-service.ecommerce.svc.cluster.local:8001/auth/login\": request timeout"
time="2026-10-07T16:44:49Z" level=warning msg="Request Failed" error="Post \"http://auth-service.ecommerce.svc.cluster.local:8001/auth/login\": request timeout"
time="2026-10-07T16:44:49Z" level=warning msg="Request Failed" error="Post \"http://auth-service.ecommerce.svc.cluster.local:8001/auth/login\": request timeout"

running (06m37.9s), 094/225 VUs, 8339 complete and 0 interrupted iterations
openloop_spike   [  55% ] 094/225 VUs  06m37.8s/12m0s  30.00 iters/s
time="2026-10-07T16:44:49Z" level=warning msg="Request Failed" error="Post \"http://auth-service.ecommerce.svc.cluster.local:8001/auth/login\": request timeout"
time="2026-10-07T16:44:50Z" level=warning msg="Request Failed" error="Post \"http://auth-service.ecommerce.svc.cluster.local:8001/auth/login\": request timeout"

running (06m38.9s), 074/225 VUs, 8389 complete and 0 interrupted iterations
openloop_spike   [  55% ] 074/225 VUs  06m38.8s/12m0s  30.00 iters/s

running (06m39.9s), 085/225 VUs, 8408 complete and 0 interrupted iterations
openloop_spike   [  56% ] 085/225 VUs  06m39.8s/12m0s  30.00 iters/s
time="2026-10-07T16:44:52Z" level=warning msg="Request Failed" error="Post \"http://auth-service.ecommerce.svc.cluster.local:8001/auth/login\": request timeout"

running (06m40.9s), 072/225 VUs, 8451 complete and 0 interrupted iterations
openloop_spike   [  56% ] 072/225 VUs  06m40.8s/12m0s  30.00 iters/s
time="2026-10-07T16:44:52Z" level=warning msg="Request Failed" error="Post \"http://auth-service.ecommerce.svc.cluster.local:8001/auth/login\": request timeout"

running (06m41.9s), 067/225 VUs, 8486 complete and 0 interrupted iterations
openloop_spike   [  56% ] 067/225 VUs  06m41.8s/12m0s  30.00 iters/s
time="2026-10-07T16:44:53Z" level=warning msg="Request Failed" error="Post \"http://auth-service.ecommerce.svc.cluster.local:8001/auth/login\": request timeout"
time="2026-10-07T16:44:53Z" level=warning msg="Request Failed" error="Post \"http://auth-service.ecommerce.svc.cluster.local:8001/auth/login\": request timeout"

running (06m42.9s), 065/225 VUs, 8518 complete and 0 interrupted iterations
openloop_spike   [  56% ] 065/225 VUs  06m42.8s/12m0s  30.00 iters/s

running (06m43.9s), 054/225 VUs, 8559 complete and 0 interrupted iterations
openloop_spike   [  56% ] 054/225 VUs  06m43.8s/12m0s  30.00 iters/s
time="2026-10-07T16:44:55Z" level=warning msg="Request Failed" error="Post \"http://auth-service.ecommerce.svc.cluster.local:8001/auth/login\": request timeout"
time="2026-10-07T16:44:55Z" level=warning msg="Request Failed" error="Post \"http://auth-service.ecommerce.svc.cluster.local:8001/auth/login\": request timeout"

running (06m44.9s), 039/225 VUs, 8604 complete and 0 interrupted iterations
openloop_spike   [  56% ] 039/225 VUs  06m44.8s/12m0s  30.00 iters/s
time="2026-10-07T16:44:56Z" level=warning msg="Request Failed" error="Post \"http://auth-service.ecommerce.svc.cluster.local:8001/auth/login\": request timeout"
time="2026-10-07T16:44:56Z" level=warning msg="Request Failed" error="Post \"http://auth-service.ecommerce.svc.cluster.local:8001/auth/login\": request timeout"

running (06m45.9s), 038/225 VUs, 8635 complete and 0 interrupted iterations
openloop_spike   [  56% ] 038/225 VUs  06m45.8s/12m0s  30.00 iters/s
time="2026-10-07T16:44:57Z" level=warning msg="Request Failed" error="Post \"http://auth-service.ecommerce.svc.cluster.local:8001/auth/login\": request timeout"

running (06m46.9s), 034/225 VUs, 8669 complete and 0 interrupted iterations
openloop_spike   [  56% ] 034/225 VUs  06m46.8s/12m0s  30.00 iters/s

running (06m47.9s), 037/225 VUs, 8696 complete and 0 interrupted iterations
openloop_spike   [  57% ] 037/225 VUs  06m47.8s/12m0s  30.00 iters/s
time="2026-10-07T16:44:59Z" level=warning msg="Request Failed" error="Post \"http://auth-service.ecommerce.svc.cluster.local:8001/auth/login\": request timeout"

running (06m48.9s), 044/225 VUs, 8719 complete and 0 interrupted iterations
openloop_spike   [  57% ] 044/225 VUs  06m48.8s/12m0s  30.00 iters/s
time="2026-10-07T16:45:00Z" level=warning msg="Request Failed" error="Post \"http://auth-service.ecommerce.svc.cluster.local:8001/auth/login\": request timeout"
time="2026-10-07T16:45:01Z" level=warning msg="Request Failed" error="Post \"http://auth-service.ecommerce.svc.cluster.local:8001/auth/login\": request timeout"

running (06m49.9s), 061/225 VUs, 8732 complete and 0 interrupted iterations
openloop_spike   [  57% ] 061/225 VUs  06m49.8s/12m0s  30.00 iters/s
time="2026-10-07T16:45:01Z" level=warning msg="Request Failed" error="Post \"http://auth-service.ecommerce.svc.cluster.local:8001/auth/login\": request timeout"

running (06m50.9s), 065/225 VUs, 8758 complete and 0 interrupted iterations
openloop_spike   [  57% ] 065/225 VUs  06m50.8s/12m0s  30.00 iters/s
time="2026-10-07T16:45:02Z" level=warning msg="Request Failed" error="Post \"http://auth-service.ecommerce.svc.cluster.local:8001/auth/login\": request timeout"
time="2026-10-07T16:45:02Z" level=warning msg="Request Failed" error="Post \"http://auth-service.ecommerce.svc.cluster.local:8001/auth/login\": request timeout"

running (06m51.9s), 084/225 VUs, 8769 complete and 0 interrupted iterations
openloop_spike   [  57% ] 084/225 VUs  06m51.8s/12m0s  30.00 iters/s

running (06m52.9s), 058/225 VUs, 8825 complete and 0 interrupted iterations
openloop_spike   [  57% ] 058/225 VUs  06m52.8s/12m0s  30.00 iters/s
time="2026-10-07T16:45:04Z" level=warning msg="Request Failed" error="Post \"http://auth-service.ecommerce.svc.cluster.local:8001/auth/login\": request timeout"
time="2026-10-07T16:45:05Z" level=warning msg="Request Failed" error="Post \"http://auth-service.ecommerce.svc.cluster.local:8001/auth/login\": request timeout"
time="2026-10-07T16:45:05Z" level=warning msg="Request Failed" error="Post \"http://auth-service.ecommerce.svc.cluster.local:8001/auth/login\": request timeout"

running (06m53.9s), 066/225 VUs, 8847 complete and 0 interrupted iterations
openloop_spike   [  57% ] 066/225 VUs  06m53.8s/12m0s  30.00 iters/s
time="2026-10-07T16:45:05Z" level=warning msg="Request Failed" error="Post \"http://auth-service.ecommerce.svc.cluster.local:8001/auth/login\": request timeout"
time="2026-10-07T16:45:06Z" level=warning msg="Request Failed" error="Post \"http://auth-service.ecommerce.svc.cluster.local:8001/auth/login\": request timeout"

running (06m54.9s), 071/225 VUs, 8872 complete and 0 interrupted iterations
openloop_spike   [  58% ] 071/225 VUs  06m54.8s/12m0s  30.00 iters/s
time="2026-10-07T16:45:06Z" level=warning msg="Request Failed" error="Post \"http://auth-service.ecommerce.svc.cluster.local:8001/auth/login\": request timeout"

running (06m55.9s), 079/225 VUs, 8894 complete and 0 interrupted iterations
openloop_spike   [  58% ] 079/225 VUs  06m55.8s/12m0s  30.00 iters/s
time="2026-10-07T16:45:07Z" level=warning msg="Request Failed" error="Post \"http://auth-service.ecommerce.svc.cluster.local:8001/auth/login\": request timeout"
time="2026-10-07T16:45:07Z" level=warning msg="Request Failed" error="Post \"http://auth-service.ecommerce.svc.cluster.local:8001/auth/login\": request timeout"
time="2026-10-07T16:45:08Z" level=warning msg="Request Failed" error="Post \"http://auth-service.ecommerce.svc.cluster.local:8001/auth/login\": request timeout"

running (06m56.9s), 088/225 VUs, 8915 complete and 0 interrupted iterations
openloop_spike   [  58% ] 088/225 VUs  06m56.8s/12m0s  30.00 iters/s

running (06m57.9s), 089/225 VUs, 8944 complete and 0 interrupted iterations
openloop_spike   [  58% ] 089/225 VUs  06m57.8s/12m0s  30.00 iters/s
time="2026-10-07T16:45:09Z" level=warning msg="Request Failed" error="Post \"http://auth-service.ecommerce.svc.cluster.local:8001/auth/login\": request timeout"

running (06m58.9s), 053/225 VUs, 9010 complete and 0 interrupted iterations
openloop_spike   [  58% ] 053/225 VUs  06m58.8s/12m0s  30.00 iters/s
time="2026-10-07T16:45:11Z" level=warning msg="Request Failed" error="Post \"http://auth-service.ecommerce.svc.cluster.local:8001/auth/login\": request timeout"
time="2026-10-07T16:45:11Z" level=warning msg="Request Failed" error="Post \"http://auth-service.ecommerce.svc.cluster.local:8001/auth/login\": request timeout"

running (06m59.9s), 019/225 VUs, 9074 complete and 0 interrupted iterations
openloop_spike   [  58% ] 019/225 VUs  06m59.8s/12m0s  30.00 iters/s

running (07m00.9s), 018/225 VUs, 9105 complete and 0 interrupted iterations
openloop_spike   [  58% ] 018/225 VUs  07m00.8s/12m0s  30.00 iters/s

running (07m01.9s), 029/225 VUs, 9124 complete and 0 interrupted iterations
openloop_spike   [  59% ] 029/225 VUs  07m01.8s/12m0s  30.00 iters/s
time="2026-10-07T16:45:13Z" level=warning msg="Request Failed" error="Post \"http://auth-service.ecommerce.svc.cluster.local:8001/auth/login\": request timeout"

running (07m02.9s), 033/225 VUs, 9150 complete and 0 interrupted iterations
openloop_spike   [  59% ] 033/225 VUs  07m02.8s/12m0s  30.00 iters/s
time="2026-10-07T16:45:14Z" level=warning msg="Request Failed" error="Post \"http://auth-service.ecommerce.svc.cluster.local:8001/auth/login\": request timeout"

running (07m03.9s), 024/225 VUs, 9189 complete and 0 interrupted iterations
openloop_spike   [  59% ] 024/225 VUs  07m03.8s/12m0s  30.00 iters/s
time="2026-10-07T16:45:15Z" level=warning msg="Request Failed" error="Post \"http://auth-service.ecommerce.svc.cluster.local:8001/auth/login\": request timeout"

running (07m04.9s), 020/225 VUs, 9223 complete and 0 interrupted iterations
openloop_spike   [  59% ] 020/225 VUs  07m04.8s/12m0s  30.00 iters/s
time="2026-10-07T16:45:16Z" level=warning msg="Request Failed" error="Post \"http://auth-service.ecommerce.svc.cluster.local:8001/auth/login\": request timeout"
time="2026-10-07T16:45:16Z" level=warning msg="Request Failed" error="Post \"http://auth-service.ecommerce.svc.cluster.local:8001/auth/login\": request timeout"
time="2026-10-07T16:45:16Z" level=warning msg="Request Failed" error="Post \"http://auth-service.ecommerce.svc.cluster.local:8001/auth/login\": request timeout"
time="2026-10-07T16:45:16Z" level=warning msg="Request Failed" error="Post \"http://auth-service.ecommerce.svc.cluster.local:8001/auth/login\": request timeout"
time="2026-10-07T16:45:17Z" level=warning msg="Request Failed" error="Post \"http://auth-service.ecommerce.svc.cluster.local:8001/auth/login\": request timeout"

running (07m05.9s), 012/225 VUs, 9261 complete and 0 interrupted iterations
openloop_spike   [  59% ] 012/225 VUs  07m05.8s/12m0s  30.00 iters/s
time="2026-10-07T16:45:17Z" level=warning msg="Request Failed" error="Post \"http://auth-service.ecommerce.svc.cluster.local:8001/auth/login\": request timeout"

running (07m06.9s), 032/225 VUs, 9271 complete and 0 interrupted iterations
openloop_spike   [  59% ] 032/225 VUs  07m06.8s/12m0s  30.00 iters/s

running (07m07.9s), 034/225 VUs, 9299 complete and 0 interrupted iterations
openloop_spike   [  59% ] 034/225 VUs  07m07.8s/12m0s  30.00 iters/s
time="2026-10-07T16:45:19Z" level=warning msg="Request Failed" error="Post \"http://auth-service.ecommerce.svc.cluster.local:8001/auth/login\": request timeout"
time="2026-10-07T16:45:19Z" level=warning msg="Request Failed" error="Post \"http://auth-service.ecommerce.svc.cluster.local:8001/auth/login\": request timeout"
time="2026-10-07T16:45:19Z" level=warning msg="Request Failed" error="Post \"http://auth-service.ecommerce.svc.cluster.local:8001/auth/login\": request timeout"
time="2026-10-07T16:45:19Z" level=warning msg="Request Failed" error="Post \"http://auth-service.ecommerce.svc.cluster.local:8001/auth/login\": request timeout"

running (07m08.9s), 014/225 VUs, 9349 complete and 0 interrupted iterations
openloop_spike   [  60% ] 014/225 VUs  07m08.8s/12m0s  30.00 iters/s
time="2026-10-07T16:45:21Z" level=warning msg="Request Failed" error="Post \"http://auth-service.ecommerce.svc.cluster.local:8001/auth/login\": request timeout"

running (07m09.9s), 021/225 VUs, 9372 complete and 0 interrupted iterations
openloop_spike   [  60% ] 021/225 VUs  07m09.8s/12m0s  30.00 iters/s
time="2026-10-07T16:45:21Z" level=warning msg="Request Failed" error="Post \"http://auth-service.ecommerce.svc.cluster.local:8001/auth/login\": request timeout"
time="2026-10-07T16:45:21Z" level=warning msg="Request Failed" error="Post \"http://auth-service.ecommerce.svc.cluster.local:8001/auth/login\": request timeout"

running (07m10.9s), 019/225 VUs, 9404 complete and 0 interrupted iterations
openloop_spike   [  60% ] 019/225 VUs  07m10.8s/12m0s  30.00 iters/s
time="2026-10-07T16:45:23Z" level=warning msg="Request Failed" error="Post \"http://auth-service.ecommerce.svc.cluster.local:8001/auth/login\": request timeout"

running (07m11.9s), 023/225 VUs, 9430 complete and 0 interrupted iterations
openloop_spike   [  60% ] 023/225 VUs  07m11.8s/12m0s  30.00 iters/s

running (07m12.9s), 020/225 VUs, 9463 complete and 0 interrupted iterations
openloop_spike   [  60% ] 020/225 VUs  07m12.8s/12m0s  30.00 iters/s
time="2026-10-07T16:45:24Z" level=warning msg="Request Failed" error="Post \"http://auth-service.ecommerce.svc.cluster.local:8001/auth/login\": request timeout"
time="2026-10-07T16:45:24Z" level=warning msg="Request Failed" error="Post \"http://auth-service.ecommerce.svc.cluster.local:8001/auth/login\": request timeout"

running (07m13.9s), 042/225 VUs, 9471 complete and 0 interrupted iterations
openloop_spike   [  60% ] 042/225 VUs  07m13.8s/12m0s  30.00 iters/s
time="2026-10-07T16:45:25Z" level=warning msg="Request Failed" error="Post \"http://auth-service.ecommerce.svc.cluster.local:8001/auth/login\": request timeout"

running (07m14.9s), 068/225 VUs, 9475 complete and 0 interrupted iterations
openloop_spike   [  60% ] 068/225 VUs  07m14.8s/12m0s  30.00 iters/s
time="2026-10-07T16:45:27Z" level=warning msg="Request Failed" error="Post \"http://auth-service.ecommerce.svc.cluster.local:8001/auth/login\": request timeout"

running (07m15.9s), 083/225 VUs, 9490 complete and 0 interrupted iterations
openloop_spike   [  61% ] 083/225 VUs  07m15.8s/12m0s  30.00 iters/s

running (07m16.9s), 032/225 VUs, 9571 complete and 0 interrupted iterations
openloop_spike   [  61% ] 032/225 VUs  07m16.8s/12m0s  30.00 iters/s

running (07m17.9s), 016/225 VUs, 9617 complete and 0 interrupted iterations
openloop_spike   [  61% ] 016/225 VUs  07m17.8s/12m0s  30.00 iters/s

running (07m18.9s), 024/225 VUs, 9639 complete and 0 interrupted iterations
openloop_spike   [  61% ] 024/225 VUs  07m18.8s/12m0s  30.00 iters/s

running (07m19.9s), 027/225 VUs, 9666 complete and 0 interrupted iterations
openloop_spike   [  61% ] 027/225 VUs  07m19.8s/12m0s  30.00 iters/s
time="2026-10-07T16:45:31Z" level=warning msg="Request Failed" error="Post \"http://auth-service.ecommerce.svc.cluster.local:8001/auth/login\": request timeout"
time="2026-10-07T16:45:31Z" level=warning msg="Request Failed" error="Post \"http://auth-service.ecommerce.svc.cluster.local:8001/auth/login\": request timeout"

running (07m20.9s), 040/225 VUs, 9683 complete and 0 interrupted iterations
openloop_spike   [  61% ] 040/225 VUs  07m20.8s/12m0s  30.00 iters/s
time="2026-10-07T16:45:32Z" level=warning msg="Request Failed" error="Post \"http://auth-service.ecommerce.svc.cluster.local:8001/auth/login\": request timeout"
time="2026-10-07T16:45:32Z" level=warning msg="Request Failed" error="Post \"http://auth-service.ecommerce.svc.cluster.local:8001/auth/login\": request timeout"

running (07m21.9s), 063/225 VUs, 9690 complete and 0 interrupted iterations
openloop_spike   [  61% ] 063/225 VUs  07m21.8s/12m0s  30.00 iters/s
time="2026-10-07T16:45:33Z" level=warning msg="Request Failed" error="Post \"http://auth-service.ecommerce.svc.cluster.local:8001/auth/login\": request timeout"
time="2026-10-07T16:45:34Z" level=warning msg="Request Failed" error="Post \"http://auth-service.ecommerce.svc.cluster.local:8001/auth/login\": request timeout"
time="2026-10-07T16:45:34Z" level=warning msg="Request Failed" error="Post \"http://auth-service.ecommerce.svc.cluster.local:8001/auth/login\": request timeout"

running (07m22.9s), 050/225 VUs, 9733 complete and 0 interrupted iterations
openloop_spike   [  61% ] 050/225 VUs  07m22.8s/12m0s  30.00 iters/s
time="2026-10-07T16:45:34Z" level=warning msg="Request Failed" error="Post \"http://auth-service.ecommerce.svc.cluster.local:8001/auth/login\": request timeout"

running (07m23.9s), 058/225 VUs, 9755 complete and 0 interrupted iterations
openloop_spike   [  62% ] 058/225 VUs  07m23.8s/12m0s  30.00 iters/s
time="2026-10-07T16:45:35Z" level=warning msg="Request Failed" error="Post \"http://auth-service.ecommerce.svc.cluster.local:8001/auth/login\": request timeout"

running (07m24.9s), 058/225 VUs, 9785 complete and 0 interrupted iterations
openloop_spike   [  62% ] 058/225 VUs  07m24.8s/12m0s  30.00 iters/s
time="2026-10-07T16:45:36Z" level=warning msg="Request Failed" error="Post \"http://auth-service.ecommerce.svc.cluster.local:8001/auth/login\": request timeout"
time="2026-10-07T16:45:37Z" level=warning msg="Request Failed" error="Post \"http://auth-service.ecommerce.svc.cluster.local:8001/auth/login\": request timeout"

running (07m25.9s), 055/225 VUs, 9818 complete and 0 interrupted iterations
openloop_spike   [  62% ] 055/225 VUs  07m25.8s/12m0s  30.00 iters/s
time="2026-10-07T16:45:37Z" level=warning msg="Request Failed" error="Post \"http://auth-service.ecommerce.svc.cluster.local:8001/auth/login\": request timeout"
time="2026-10-07T16:45:37Z" level=warning msg="Request Failed" error="Post \"http://auth-service.ecommerce.svc.cluster.local:8001/auth/login\": request timeout"
time="2026-10-07T16:45:37Z" level=warning msg="Request Failed" error="Post \"http://auth-service.ecommerce.svc.cluster.local:8001/auth/login\": request timeout"

running (07m26.9s), 046/225 VUs, 9857 complete and 0 interrupted iterations
openloop_spike   [  62% ] 046/225 VUs  07m26.8s/12m0s  30.00 iters/s
time="2026-10-07T16:45:38Z" level=warning msg="Request Failed" error="Post \"http://auth-service.ecommerce.svc.cluster.local:8001/auth/login\": request timeout"

running (07m27.9s), 038/225 VUs, 9895 complete and 0 interrupted iterations
openloop_spike   [  62% ] 038/225 VUs  07m27.8s/12m0s  30.00 iters/s
time="2026-10-07T16:45:39Z" level=warning msg="Request Failed" error="Post \"http://auth-service.ecommerce.svc.cluster.local:8001/auth/login\": request timeout"

running (07m28.9s), 052/225 VUs, 9911 complete and 0 interrupted iterations
openloop_spike   [  62% ] 052/225 VUs  07m28.8s/12m0s  30.00 iters/s
time="2026-10-07T16:45:40Z" level=warning msg="Request Failed" error="Post \"http://auth-service.ecommerce.svc.cluster.local:8001/auth/login\": request timeout"

running (07m29.9s), 039/225 VUs, 9954 complete and 0 interrupted iterations
openloop_spike   [  62% ] 039/225 VUs  07m29.8s/12m0s  30.00 iters/s

running (07m30.9s), 018/225 VUs, 10005 complete and 0 interrupted iterations
openloop_spike   [  63% ] 018/225 VUs  07m30.8s/12m0s  30.00 iters/s

running (07m31.9s), 029/225 VUs, 10024 complete and 0 interrupted iterations
openloop_spike   [  63% ] 029/225 VUs  07m31.8s/12m0s  30.00 iters/s

running (07m32.9s), 019/225 VUs, 10064 complete and 0 interrupted iterations
openloop_spike   [  63% ] 019/225 VUs  07m32.8s/12m0s  30.00 iters/s
time="2026-10-07T16:45:44Z" level=warning msg="Request Failed" error="Post \"http://auth-service.ecommerce.svc.cluster.local:8001/auth/login\": request timeout"
time="2026-10-07T16:45:44Z" level=warning msg="Request Failed" error="Post \"http://auth-service.ecommerce.svc.cluster.local:8001/auth/login\": request timeout"

running (07m33.9s), 020/225 VUs, 10093 complete and 0 interrupted iterations
openloop_spike   [  63% ] 020/225 VUs  07m33.8s/12m0s  30.00 iters/s
time="2026-10-07T16:45:45Z" level=warning msg="Request Failed" error="Post \"http://auth-service.ecommerce.svc.cluster.local:8001/auth/login\": request timeout"
time="2026-10-07T16:45:45Z" level=warning msg="Request Failed" error="Post \"http://auth-service.ecommerce.svc.cluster.local:8001/auth/login\": request timeout"

running (07m34.9s), 017/225 VUs, 10126 complete and 0 interrupted iterations
openloop_spike   [  63% ] 017/225 VUs  07m34.8s/12m0s  30.00 iters/s
time="2026-10-07T16:45:46Z" level=warning msg="Request Failed" error="Post \"http://auth-service.ecommerce.svc.cluster.local:8001/auth/login\": request timeout"
time="2026-10-07T16:45:46Z" level=warning msg="Request Failed" error="Post \"http://auth-service.ecommerce.svc.cluster.local:8001/auth/login\": request timeout"

running (07m35.9s), 019/225 VUs, 10154 complete and 0 interrupted iterations
openloop_spike   [  63% ] 019/225 VUs  07m35.8s/12m0s  30.00 iters/s
time="2026-10-07T16:45:47Z" level=warning msg="Request Failed" error="Post \"http://auth-service.ecommerce.svc.cluster.local:8001/auth/login\": request timeout"
time="2026-10-07T16:45:47Z" level=warning msg="Request Failed" error="Post \"http://auth-service.ecommerce.svc.cluster.local:8001/auth/login\": request timeout"

running (07m36.9s), 037/225 VUs, 10166 complete and 0 interrupted iterations
openloop_spike   [  63% ] 037/225 VUs  07m36.8s/12m0s  30.00 iters/s
time="2026-10-07T16:45:48Z" level=warning msg="Request Failed" error="Post \"http://auth-service.ecommerce.svc.cluster.local:8001/auth/login\": request timeout"

running (07m37.9s), 064/225 VUs, 10169 complete and 0 interrupted iterations
openloop_spike   [  64% ] 064/225 VUs  07m37.8s/12m0s  30.00 iters/s
time="2026-10-07T16:45:49Z" level=warning msg="Request Failed" error="Post \"http://auth-service.ecommerce.svc.cluster.local:8001/auth/login\": request timeout"

running (07m38.9s), 046/225 VUs, 10217 complete and 0 interrupted iterations
openloop_spike   [  64% ] 046/225 VUs  07m38.8s/12m0s  30.00 iters/s

running (07m39.9s), 049/225 VUs, 10244 complete and 0 interrupted iterations
openloop_spike   [  64% ] 049/225 VUs  07m39.8s/12m0s  30.00 iters/s
time="2026-10-07T16:45:51Z" level=warning msg="Request Failed" error="Post \"http://auth-service.ecommerce.svc.cluster.local:8001/auth/login\": request timeout"
time="2026-10-07T16:45:51Z" level=warning msg="Request Failed" error="Post \"http://auth-service.ecommerce.svc.cluster.local:8001/auth/login\": request timeout"

running (07m40.9s), 056/225 VUs, 10267 complete and 0 interrupted iterations
openloop_spike   [  64% ] 056/225 VUs  07m40.8s/12m0s  30.00 iters/s
time="2026-10-07T16:45:53Z" level=warning msg="Request Failed" error="Post \"http://auth-service.ecommerce.svc.cluster.local:8001/auth/login\": request timeout"

running (07m41.9s), 057/225 VUs, 10296 complete and 0 interrupted iterations
openloop_spike   [  64% ] 057/225 VUs  07m41.8s/12m0s  30.00 iters/s

running (07m42.9s), 033/225 VUs, 10350 complete and 0 interrupted iterations
openloop_spike   [  64% ] 033/225 VUs  07m42.8s/12m0s  30.00 iters/s

running (07m43.9s), 025/225 VUs, 10388 complete and 0 interrupted iterations
openloop_spike   [  64% ] 025/225 VUs  07m43.8s/12m0s  30.00 iters/s
time="2026-10-07T16:45:55Z" level=warning msg="Request Failed" error="Post \"http://auth-service.ecommerce.svc.cluster.local:8001/auth/login\": request timeout"
time="2026-10-07T16:45:55Z" level=warning msg="Request Failed" error="Post \"http://auth-service.ecommerce.svc.cluster.local:8001/auth/login\": request timeout"

running (07m44.9s), 015/225 VUs, 10428 complete and 0 interrupted iterations
openloop_spike   [  65% ] 015/225 VUs  07m44.8s/12m0s  30.00 iters/s

running (07m45.9s), 032/225 VUs, 10441 complete and 0 interrupted iterations
openloop_spike   [  65% ] 032/225 VUs  07m45.8s/12m0s  30.00 iters/s
time="2026-10-07T16:45:57Z" level=warning msg="Request Failed" error="Post \"http://auth-service.ecommerce.svc.cluster.local:8001/auth/login\": request timeout"

running (07m46.9s), 026/225 VUs, 10477 complete and 0 interrupted iterations
openloop_spike   [  65% ] 026/225 VUs  07m46.8s/12m0s  30.00 iters/s
time="2026-10-07T16:45:58Z" level=warning msg="Request Failed" error="Post \"http://auth-service.ecommerce.svc.cluster.local:8001/auth/login\": request timeout"
time="2026-10-07T16:45:59Z" level=warning msg="Request Failed" error="Post \"http://auth-service.ecommerce.svc.cluster.local:8001/auth/login\": request timeout"

running (07m47.9s), 018/225 VUs, 10515 complete and 0 interrupted iterations
openloop_spike   [  65% ] 018/225 VUs  07m47.8s/12m0s  30.00 iters/s
time="2026-10-07T16:45:59Z" level=warning msg="Request Failed" error="Post \"http://auth-service.ecommerce.svc.cluster.local:8001/auth/login\": request timeout"

running (07m48.9s), 030/225 VUs, 10533 complete and 0 interrupted iterations
openloop_spike   [  65% ] 030/225 VUs  07m48.8s/12m0s  30.00 iters/s
time="2026-10-07T16:46:00Z" level=warning msg="Request Failed" error="Post \"http://auth-service.ecommerce.svc.cluster.local:8001/auth/login\": request timeout"
time="2026-10-07T16:46:01Z" level=warning msg="Request Failed" error="Post \"http://auth-service.ecommerce.svc.cluster.local:8001/auth/login\": request timeout"
time="2026-10-07T16:46:01Z" level=warning msg="Request Failed" error="Post \"http://auth-service.ecommerce.svc.cluster.local:8001/auth/login\": request timeout"
time="2026-10-07T16:46:01Z" level=warning msg="Request Failed" error="Post \"http://auth-service.ecommerce.svc.cluster.local:8001/auth/login\": request timeout"

running (07m49.9s), 020/225 VUs, 10573 complete and 0 interrupted iterations
openloop_spike   [  65% ] 020/225 VUs  07m49.8s/12m0s  30.00 iters/s
time="2026-10-07T16:46:01Z" level=warning msg="Request Failed" error="Post \"http://auth-service.ecommerce.svc.cluster.local:8001/auth/login\": request timeout"

running (07m50.9s), 016/225 VUs, 10607 complete and 0 interrupted iterations
openloop_spike   [  65% ] 016/225 VUs  07m50.8s/12m0s  30.00 iters/s
time="2026-10-07T16:46:02Z" level=warning msg="Request Failed" error="Post \"http://auth-service.ecommerce.svc.cluster.local:8001/auth/login\": request timeout"

running (07m51.9s), 019/225 VUs, 10634 complete and 0 interrupted iterations
openloop_spike   [  66% ] 019/225 VUs  07m51.8s/12m0s  30.00 iters/s
time="2026-10-07T16:46:03Z" level=warning msg="Request Failed" error="Post \"http://auth-service.ecommerce.svc.cluster.local:8001/auth/login\": request timeout"
time="2026-10-07T16:46:03Z" level=warning msg="Request Failed" error="Post \"http://auth-service.ecommerce.svc.cluster.local:8001/auth/login\": request timeout"
time="2026-10-07T16:46:03Z" level=warning msg="Request Failed" error="Post \"http://auth-service.ecommerce.svc.cluster.local:8001/auth/login\": request timeout"

running (07m52.9s), 019/225 VUs, 10664 complete and 0 interrupted iterations
openloop_spike   [  66% ] 019/225 VUs  07m52.8s/12m0s  30.00 iters/s
time="2026-10-07T16:46:04Z" level=warning msg="Request Failed" error="Post \"http://auth-service.ecommerce.svc.cluster.local:8001/auth/login\": request timeout"

running (07m53.9s), 028/225 VUs, 10685 complete and 0 interrupted iterations
openloop_spike   [  66% ] 028/225 VUs  07m53.8s/12m0s  30.00 iters/s

running (07m54.9s), 020/225 VUs, 10723 complete and 0 interrupted iterations
openloop_spike   [  66% ] 020/225 VUs  07m54.8s/12m0s  30.00 iters/s
time="2026-10-07T16:46:06Z" level=warning msg="Request Failed" error="Post \"http://auth-service.ecommerce.svc.cluster.local:8001/auth/login\": request timeout"

running (07m55.9s), 020/225 VUs, 10753 complete and 0 interrupted iterations
openloop_spike   [  66% ] 020/225 VUs  07m55.8s/12m0s  30.00 iters/s
time="2026-10-07T16:46:07Z" level=warning msg="Request Failed" error="Post \"http://auth-service.ecommerce.svc.cluster.local:8001/auth/login\": request timeout"
time="2026-10-07T16:46:07Z" level=warning msg="Request Failed" error="Post \"http://auth-service.ecommerce.svc.cluster.local:8001/auth/login\": request timeout"

running (07m56.9s), 041/225 VUs, 10762 complete and 0 interrupted iterations
openloop_spike   [  66% ] 041/225 VUs  07m56.8s/12m0s  30.00 iters/s
time="2026-10-07T16:46:08Z" level=warning msg="Request Failed" error="Post \"http://auth-service.ecommerce.svc.cluster.local:8001/auth/login\": request timeout"

running (07m57.9s), 053/225 VUs, 10780 complete and 0 interrupted iterations
openloop_spike   [  66% ] 053/225 VUs  07m57.8s/12m0s  30.00 iters/s

running (07m58.9s), 021/225 VUs, 10842 complete and 0 interrupted iterations
openloop_spike   [  66% ] 021/225 VUs  07m58.8s/12m0s  30.00 iters/s

running (07m59.9s), 020/225 VUs, 10873 complete and 0 interrupted iterations
openloop_spike   [  67% ] 020/225 VUs  07m59.8s/12m0s  30.00 iters/s
time="2026-10-07T16:46:11Z" level=warning msg="Request Failed" error="Post \"http://auth-service.ecommerce.svc.cluster.local:8001/auth/login\": request timeout"

running (08m00.9s), 022/225 VUs, 10901 complete and 0 interrupted iterations
openloop_spike   [  67% ] 022/225 VUs  08m00.8s/12m0s  30.00 iters/s

running (08m01.9s), 027/225 VUs, 10926 complete and 0 interrupted iterations
openloop_spike   [  67% ] 027/225 VUs  08m01.8s/12m0s  30.00 iters/s
time="2026-10-07T16:46:14Z" level=warning msg="Request Failed" error="Post \"http://auth-service.ecommerce.svc.cluster.local:8001/auth/login\": request timeout"

running (08m02.9s), 030/225 VUs, 10953 complete and 0 interrupted iterations
openloop_spike   [  67% ] 030/225 VUs  08m02.8s/12m0s  30.00 iters/s

running (08m03.9s), 030/225 VUs, 10983 complete and 0 interrupted iterations
openloop_spike   [  67% ] 030/225 VUs  08m03.8s/12m0s  30.00 iters/s
time="2026-10-07T16:46:15Z" level=warning msg="Request Failed" error="Post \"http://auth-service.ecommerce.svc.cluster.local:8001/auth/login\": request timeout"
time="2026-10-07T16:46:16Z" level=warning msg="Request Failed" error="Post \"http://auth-service.ecommerce.svc.cluster.local:8001/auth/login\": request timeout"

running (08m04.9s), 019/225 VUs, 11024 complete and 0 interrupted iterations
openloop_spike   [  67% ] 019/225 VUs  08m04.8s/12m0s  30.00 iters/s
time="2026-10-07T16:46:16Z" level=warning msg="Request Failed" error="Post \"http://auth-service.ecommerce.svc.cluster.local:8001/auth/login\": request timeout"
time="2026-10-07T16:46:17Z" level=warning msg="Request Failed" error="Post \"http://auth-service.ecommerce.svc.cluster.local:8001/auth/login\": request timeout"

running (08m05.9s), 022/225 VUs, 11051 complete and 0 interrupted iterations
openloop_spike   [  67% ] 022/225 VUs  08m05.8s/12m0s  30.00 iters/s
time="2026-10-07T16:46:17Z" level=warning msg="Request Failed" error="Post \"http://auth-service.ecommerce.svc.cluster.local:8001/auth/login\": request timeout"
time="2026-10-07T16:46:17Z" level=warning msg="Request Failed" error="Post \"http://auth-service.ecommerce.svc.cluster.local:8001/auth/login\": request timeout"
time="2026-10-07T16:46:17Z" level=warning msg="Request Failed" error="Post \"http://auth-service.ecommerce.svc.cluster.local:8001/auth/login\": request timeout"

running (08m06.9s), 033/225 VUs, 11070 complete and 0 interrupted iterations
openloop_spike   [  68% ] 033/225 VUs  08m06.8s/12m0s  30.00 iters/s

running (08m07.9s), 053/225 VUs, 11080 complete and 0 interrupted iterations
openloop_spike   [  68% ] 053/225 VUs  08m07.8s/12m0s  30.00 iters/s

running (08m08.9s), 047/225 VUs, 11116 complete and 0 interrupted iterations
openloop_spike   [  68% ] 047/225 VUs  08m08.8s/12m0s  30.00 iters/s
time="2026-10-07T16:46:20Z" level=warning msg="Request Failed" error="Post \"http://auth-service.ecommerce.svc.cluster.local:8001/auth/login\": request timeout"
time="2026-10-07T16:46:20Z" level=warning msg="Request Failed" error="Post \"http://auth-service.ecommerce.svc.cluster.local:8001/auth/login\": request timeout"
time="2026-10-07T16:46:20Z" level=warning msg="Request Failed" error="Post \"http://auth-service.ecommerce.svc.cluster.local:8001/auth/login\": request timeout"

running (08m09.9s), 035/225 VUs, 11158 complete and 0 interrupted iterations
openloop_spike   [  68% ] 035/225 VUs  08m09.8s/12m0s  30.00 iters/s

running (08m10.9s), 018/225 VUs, 11205 complete and 0 interrupted iterations
openloop_spike   [  68% ] 018/225 VUs  08m10.8s/12m0s  30.00 iters/s
time="2026-10-07T16:46:22Z" level=warning msg="Request Failed" error="Post \"http://auth-service.ecommerce.svc.cluster.local:8001/auth/login\": request timeout"

running (08m11.9s), 024/225 VUs, 11229 complete and 0 interrupted iterations
openloop_spike   [  68% ] 024/225 VUs  08m11.8s/12m0s  30.00 iters/s
time="2026-10-07T16:46:23Z" level=warning msg="Request Failed" error="Post \"http://auth-service.ecommerce.svc.cluster.local:8001/auth/login\": request timeout"

running (08m12.9s), 032/225 VUs, 11251 complete and 0 interrupted iterations
openloop_spike   [  68% ] 032/225 VUs  08m12.8s/12m0s  30.00 iters/s

running (08m13.9s), 023/225 VUs, 11290 complete and 0 interrupted iterations
openloop_spike   [  69% ] 023/225 VUs  08m13.8s/12m0s  30.00 iters/s
time="2026-10-07T16:46:25Z" level=warning msg="Request Failed" error="Post \"http://auth-service.ecommerce.svc.cluster.local:8001/auth/login\": request timeout"
time="2026-10-07T16:46:25Z" level=warning msg="Request Failed" error="Post \"http://auth-service.ecommerce.svc.cluster.local:8001/auth/login\": request timeout"

running (08m14.9s), 026/225 VUs, 11317 complete and 0 interrupted iterations
openloop_spike   [  69% ] 026/225 VUs  08m14.8s/12m0s  30.00 iters/s
time="2026-10-07T16:46:27Z" level=warning msg="Request Failed" error="Post \"http://auth-service.ecommerce.svc.cluster.local:8001/auth/login\": request timeout"

running (08m15.9s), 020/225 VUs, 11353 complete and 0 interrupted iterations
openloop_spike   [  69% ] 020/225 VUs  08m15.8s/12m0s  30.00 iters/s

running (08m16.9s), 020/225 VUs, 11383 complete and 0 interrupted iterations
openloop_spike   [  69% ] 020/225 VUs  08m16.8s/12m0s  30.00 iters/s
time="2026-10-07T16:46:28Z" level=warning msg="Request Failed" error="Post \"http://auth-service.ecommerce.svc.cluster.local:8001/auth/login\": request timeout"

running (08m17.9s), 039/225 VUs, 11394 complete and 0 interrupted iterations
openloop_spike   [  69% ] 039/225 VUs  08m17.8s/12m0s  30.00 iters/s
time="2026-10-07T16:46:29Z" level=warning msg="Request Failed" error="Post \"http://auth-service.ecommerce.svc.cluster.local:8001/auth/login\": request timeout"
time="2026-10-07T16:46:29Z" level=warning msg="Request Failed" error="Post \"http://auth-service.ecommerce.svc.cluster.local:8001/auth/login\": request timeout"

running (08m18.9s), 046/225 VUs, 11417 complete and 0 interrupted iterations
openloop_spike   [  69% ] 046/225 VUs  08m18.8s/12m0s  30.00 iters/s

running (08m19.9s), 042/225 VUs, 11451 complete and 0 interrupted iterations
openloop_spike   [  69% ] 042/225 VUs  08m19.8s/12m0s  30.00 iters/s
time="2026-10-07T16:46:31Z" level=warning msg="Request Failed" error="Post \"http://auth-service.ecommerce.svc.cluster.local:8001/auth/login\": request timeout"
time="2026-10-07T16:46:31Z" level=warning msg="Request Failed" error="Post \"http://auth-service.ecommerce.svc.cluster.local:8001/auth/login\": request timeout"

running (08m20.9s), 024/225 VUs, 11499 complete and 0 interrupted iterations
openloop_spike   [  70% ] 024/225 VUs  08m20.8s/12m0s  30.00 iters/s
time="2026-10-07T16:46:32Z" level=warning msg="Request Failed" error="Post \"http://auth-service.ecommerce.svc.cluster.local:8001/auth/login\": request timeout"

running (08m21.9s), 005/225 VUs, 11548 complete and 0 interrupted iterations
openloop_spike   [  70% ] 005/225 VUs  08m21.8s/12m0s  30.00 iters/s

running (08m22.9s), 006/225 VUs, 11577 complete and 0 interrupted iterations
openloop_spike   [  70% ] 006/225 VUs  08m22.8s/12m0s  30.00 iters/s

running (08m23.9s), 024/225 VUs, 11589 complete and 0 interrupted iterations
openloop_spike   [  70% ] 024/225 VUs  08m23.8s/12m0s  30.00 iters/s

running (08m24.9s), 013/225 VUs, 11630 complete and 0 interrupted iterations
openloop_spike   [  70% ] 013/225 VUs  08m24.8s/12m0s  30.00 iters/s

running (08m25.9s), 014/225 VUs, 11659 complete and 0 interrupted iterations
openloop_spike   [  70% ] 014/225 VUs  08m25.8s/12m0s  30.00 iters/s

running (08m26.9s), 015/225 VUs, 11688 complete and 0 interrupted iterations
openloop_spike   [  70% ] 015/225 VUs  08m26.8s/12m0s  30.00 iters/s

running (08m27.9s), 018/225 VUs, 11715 complete and 0 interrupted iterations
openloop_spike   [  71% ] 018/225 VUs  08m27.8s/12m0s  30.00 iters/s

running (08m28.9s), 025/225 VUs, 11738 complete and 0 interrupted iterations
openloop_spike   [  71% ] 025/225 VUs  08m28.8s/12m0s  30.00 iters/s
time="2026-10-07T16:46:40Z" level=warning msg="Request Failed" error="Post \"http://auth-service.ecommerce.svc.cluster.local:8001/auth/login\": request timeout"

running (08m29.9s), 024/225 VUs, 11769 complete and 0 interrupted iterations
openloop_spike   [  71% ] 024/225 VUs  08m29.8s/12m0s  30.00 iters/s
time="2026-10-07T16:46:41Z" level=warning msg="Request Failed" error="Post \"http://auth-service.ecommerce.svc.cluster.local:8001/auth/login\": request timeout"
time="2026-10-07T16:46:41Z" level=warning msg="Request Failed" error="Post \"http://auth-service.ecommerce.svc.cluster.local:8001/auth/login\": request timeout"

running (08m30.9s), 026/225 VUs, 11797 complete and 0 interrupted iterations
openloop_spike   [  71% ] 026/225 VUs  08m30.8s/12m0s  30.00 iters/s
time="2026-10-07T16:46:42Z" level=warning msg="Request Failed" error="Post \"http://auth-service.ecommerce.svc.cluster.local:8001/auth/login\": request timeout"
time="2026-10-07T16:46:42Z" level=warning msg="Request Failed" error="Post \"http://auth-service.ecommerce.svc.cluster.local:8001/auth/login\": request timeout"
time="2026-10-07T16:46:42Z" level=warning msg="Request Failed" error="Post \"http://auth-service.ecommerce.svc.cluster.local:8001/auth/login\": request timeout"
time="2026-10-07T16:46:42Z" level=warning msg="Request Failed" error="Post \"http://auth-service.ecommerce.svc.cluster.local:8001/auth/login\": request timeout"

running (08m31.9s), 039/225 VUs, 11814 complete and 0 interrupted iterations
openloop_spike   [  71% ] 039/225 VUs  08m31.8s/12m0s  30.00 iters/s
time="2026-10-07T16:46:43Z" level=warning msg="Request Failed" error="Post \"http://auth-service.ecommerce.svc.cluster.local:8001/auth/login\": request timeout"
time="2026-10-07T16:46:43Z" level=warning msg="Request Failed" error="Post \"http://auth-service.ecommerce.svc.cluster.local:8001/auth/login\": request timeout"
time="2026-10-07T16:46:44Z" level=warning msg="Request Failed" error="Post \"http://auth-service.ecommerce.svc.cluster.local:8001/auth/login\": request timeout"

running (08m32.9s), 032/225 VUs, 11851 complete and 0 interrupted iterations
openloop_spike   [  71% ] 032/225 VUs  08m32.8s/12m0s  30.00 iters/s

running (08m33.9s), 022/225 VUs, 11891 complete and 0 interrupted iterations
openloop_spike   [  71% ] 022/225 VUs  08m33.8s/12m0s  30.00 iters/s

running (08m34.9s), 029/225 VUs, 11914 complete and 0 interrupted iterations
openloop_spike   [  71% ] 029/225 VUs  08m34.8s/12m0s  30.00 iters/s

running (08m35.9s), 025/225 VUs, 11948 complete and 0 interrupted iterations
openloop_spike   [  72% ] 025/225 VUs  08m35.8s/12m0s  30.00 iters/s
time="2026-10-07T16:46:47Z" level=warning msg="Request Failed" error="Post \"http://auth-service.ecommerce.svc.cluster.local:8001/auth/login\": request timeout"
time="2026-10-07T16:46:47Z" level=warning msg="Request Failed" error="Post \"http://auth-service.ecommerce.svc.cluster.local:8001/auth/login\": request timeout"

running (08m36.9s), 032/225 VUs, 11971 complete and 0 interrupted iterations
openloop_spike   [  72% ] 032/225 VUs  08m36.8s/12m0s  30.00 iters/s
time="2026-10-07T16:46:48Z" level=warning msg="Request Failed" error="Post \"http://auth-service.ecommerce.svc.cluster.local:8001/auth/login\": request timeout"
time="2026-10-07T16:46:48Z" level=warning msg="Request Failed" error="Post \"http://auth-service.ecommerce.svc.cluster.local:8001/auth/login\": request timeout"
time="2026-10-07T16:46:48Z" level=warning msg="Request Failed" error="Post \"http://auth-service.ecommerce.svc.cluster.local:8001/auth/login\": request timeout"

running (08m37.9s), 021/225 VUs, 12012 complete and 0 interrupted iterations
openloop_spike   [  72% ] 021/225 VUs  08m37.8s/12m0s  30.00 iters/s
time="2026-10-07T16:46:49Z" level=warning msg="Request Failed" error="Post \"http://auth-service.ecommerce.svc.cluster.local:8001/auth/login\": request timeout"
time="2026-10-07T16:46:49Z" level=warning msg="Request Failed" error="Post \"http://auth-service.ecommerce.svc.cluster.local:8001/auth/login\": request timeout"

running (08m38.9s), 024/225 VUs, 12039 complete and 0 interrupted iterations
openloop_spike   [  72% ] 024/225 VUs  08m38.8s/12m0s  30.00 iters/s
time="2026-10-07T16:46:50Z" level=warning msg="Request Failed" error="Post \"http://auth-service.ecommerce.svc.cluster.local:8001/auth/login\": request timeout"

running (08m39.9s), 023/225 VUs, 12070 complete and 0 interrupted iterations
openloop_spike   [  72% ] 023/225 VUs  08m39.8s/12m0s  30.00 iters/s
time="2026-10-07T16:46:51Z" level=warning msg="Request Failed" error="Post \"http://auth-service.ecommerce.svc.cluster.local:8001/auth/login\": request timeout"
time="2026-10-07T16:46:51Z" level=warning msg="Request Failed" error="Post \"http://auth-service.ecommerce.svc.cluster.local:8001/auth/login\": request timeout"

running (08m40.9s), 030/225 VUs, 12093 complete and 0 interrupted iterations
openloop_spike   [  72% ] 030/225 VUs  08m40.8s/12m0s  30.00 iters/s

running (08m41.9s), 039/225 VUs, 12114 complete and 0 interrupted iterations
openloop_spike   [  72% ] 039/225 VUs  08m41.8s/12m0s  30.00 iters/s

running (08m42.9s), 043/225 VUs, 12140 complete and 0 interrupted iterations
openloop_spike   [  73% ] 043/225 VUs  08m42.8s/12m0s  30.00 iters/s
time="2026-10-07T16:46:54Z" level=warning msg="Request Failed" error="Post \"http://auth-service.ecommerce.svc.cluster.local:8001/auth/login\": request timeout"
time="2026-10-07T16:46:54Z" level=warning msg="Request Failed" error="Post \"http://auth-service.ecommerce.svc.cluster.local:8001/auth/login\": request timeout"

running (08m43.9s), 035/225 VUs, 12178 complete and 0 interrupted iterations
openloop_spike   [  73% ] 035/225 VUs  08m43.8s/12m0s  30.00 iters/s
time="2026-10-07T16:46:55Z" level=warning msg="Request Failed" error="Post \"http://auth-service.ecommerce.svc.cluster.local:8001/auth/login\": request timeout"

running (08m44.9s), 037/225 VUs, 12206 complete and 0 interrupted iterations
openloop_spike   [  73% ] 037/225 VUs  08m44.8s/12m0s  30.00 iters/s
time="2026-10-07T16:46:56Z" level=warning msg="Request Failed" error="Post \"http://auth-service.ecommerce.svc.cluster.local:8001/auth/login\": request timeout"

running (08m45.9s), 039/225 VUs, 12234 complete and 0 interrupted iterations
openloop_spike   [  73% ] 039/225 VUs  08m45.8s/12m0s  30.00 iters/s
time="2026-10-07T16:46:57Z" level=warning msg="Request Failed" error="Post \"http://auth-service.ecommerce.svc.cluster.local:8001/auth/login\": request timeout"
time="2026-10-07T16:46:57Z" level=warning msg="Request Failed" error="Post \"http://auth-service.ecommerce.svc.cluster.local:8001/auth/login\": request timeout"
time="2026-10-07T16:46:58Z" level=warning msg="Request Failed" error="Post \"http://auth-service.ecommerce.svc.cluster.local:8001/auth/login\": request timeout"

running (08m46.9s), 040/225 VUs, 12263 complete and 0 interrupted iterations
openloop_spike   [  73% ] 040/225 VUs  08m46.8s/12m0s  30.00 iters/s

running (08m47.9s), 049/225 VUs, 12284 complete and 0 interrupted iterations
openloop_spike   [  73% ] 049/225 VUs  08m47.8s/12m0s  30.00 iters/s

running (08m48.9s), 060/225 VUs, 12303 complete and 0 interrupted iterations
openloop_spike   [  73% ] 060/225 VUs  08m48.8s/12m0s  30.00 iters/s
time="2026-10-07T16:47:00Z" level=warning msg="Request Failed" error="Post \"http://auth-service.ecommerce.svc.cluster.local:8001/auth/login\": request timeout"

running (08m49.9s), 041/225 VUs, 12352 complete and 0 interrupted iterations
openloop_spike   [  74% ] 041/225 VUs  08m49.8s/12m0s  30.00 iters/s

running (08m50.9s), 043/225 VUs, 12380 complete and 0 interrupted iterations
openloop_spike   [  74% ] 043/225 VUs  08m50.8s/12m0s  30.00 iters/s
time="2026-10-07T16:47:02Z" level=warning msg="Request Failed" error="Post \"http://auth-service.ecommerce.svc.cluster.local:8001/auth/login\": request timeout"
time="2026-10-07T16:47:02Z" level=warning msg="Request Failed" error="Post \"http://auth-service.ecommerce.svc.cluster.local:8001/auth/login\": request timeout"

running (08m51.9s), 045/225 VUs, 12408 complete and 0 interrupted iterations
openloop_spike   [  74% ] 045/225 VUs  08m51.8s/12m0s  30.00 iters/s
time="2026-10-07T16:47:03Z" level=warning msg="Request Failed" error="Post \"http://auth-service.ecommerce.svc.cluster.local:8001/auth/login\": request timeout"

running (08m52.9s), 051/225 VUs, 12432 complete and 0 interrupted iterations
openloop_spike   [  74% ] 051/225 VUs  08m52.8s/12m0s  30.00 iters/s
time="2026-10-07T16:47:04Z" level=warning msg="Request Failed" error="Post \"http://auth-service.ecommerce.svc.cluster.local:8001/auth/login\": request timeout"
time="2026-10-07T16:47:04Z" level=warning msg="Request Failed" error="Post \"http://auth-service.ecommerce.svc.cluster.local:8001/auth/login\": request timeout"
time="2026-10-07T16:47:04Z" level=warning msg="Request Failed" error="request timeout"
time="2026-10-07T16:47:04Z" level=warning msg="Request Failed" error="Post \"http://auth-service.ecommerce.svc.cluster.local:8001/auth/login\": request timeout"

running (08m53.9s), 043/225 VUs, 12470 complete and 0 interrupted iterations
openloop_spike   [  74% ] 043/225 VUs  08m53.8s/12m0s  30.00 iters/s

running (08m54.9s), 054/225 VUs, 12489 complete and 0 interrupted iterations
openloop_spike   [  74% ] 054/225 VUs  08m54.8s/12m0s  30.00 iters/s
time="2026-10-07T16:47:06Z" level=warning msg="Request Failed" error="Post \"http://auth-service.ecommerce.svc.cluster.local:8001/auth/login\": request timeout"
time="2026-10-07T16:47:06Z" level=warning msg="Request Failed" error="Post \"http://auth-service.ecommerce.svc.cluster.local:8001/auth/login\": request timeout"

running (08m55.9s), 056/225 VUs, 12517 complete and 0 interrupted iterations
openloop_spike   [  74% ] 056/225 VUs  08m55.8s/12m0s  30.00 iters/s

running (08m56.9s), 060/225 VUs, 12543 complete and 0 interrupted iterations
openloop_spike   [  75% ] 060/225 VUs  08m56.8s/12m0s  30.00 iters/s
time="2026-10-07T16:47:08Z" level=warning msg="Request Failed" error="Post \"http://auth-service.ecommerce.svc.cluster.local:8001/auth/login\": request timeout"
time="2026-10-07T16:47:08Z" level=warning msg="Request Failed" error="Post \"http://auth-service.ecommerce.svc.cluster.local:8001/auth/login\": request timeout"
time="2026-10-07T16:47:08Z" level=warning msg="Request Failed" error="Post \"http://auth-service.ecommerce.svc.cluster.local:8001/auth/login\": request timeout"
time="2026-10-07T16:47:09Z" level=warning msg="Request Failed" error="Post \"http://auth-service.ecommerce.svc.cluster.local:8001/auth/login\": request timeout"
time="2026-10-07T16:47:09Z" level=warning msg="Request Failed" error="Post \"http://auth-service.ecommerce.svc.cluster.local:8001/auth/login\": request timeout"

running (08m57.9s), 063/225 VUs, 12570 complete and 0 interrupted iterations
openloop_spike   [  75% ] 063/225 VUs  08m57.8s/12m0s  30.00 iters/s

running (08m58.9s), 072/225 VUs, 12591 complete and 0 interrupted iterations
openloop_spike   [  75% ] 072/225 VUs  08m58.8s/12m0s  30.00 iters/s

running (08m59.9s), 086/225 VUs, 12607 complete and 0 interrupted iterations
openloop_spike   [  75% ] 086/225 VUs  08m59.8s/12m0s  30.00 iters/s
time="2026-10-07T16:47:11Z" level=warning msg="Request Failed" error="Post \"http://auth-service.ecommerce.svc.cluster.local:8001/auth/login\": request timeout"
time="2026-10-07T16:47:11Z" level=warning msg="Request Failed" error="Post \"http://auth-service.ecommerce.svc.cluster.local:8001/auth/login\": request timeout"

running (09m00.9s), 091/225 VUs, 12632 complete and 0 interrupted iterations
openloop_spike   [  75% ] 091/225 VUs  09m00.8s/12m0s  29.87 iters/s
time="2026-10-07T16:47:12Z" level=warning msg="Request Failed" error="Post \"http://auth-service.ecommerce.svc.cluster.local:8001/auth/login\": request timeout"
time="2026-10-07T16:47:12Z" level=warning msg="Request Failed" error="Post \"http://auth-service.ecommerce.svc.cluster.local:8001/auth/login\": request timeout"
time="2026-10-07T16:47:12Z" level=warning msg="Request Failed" error="Post \"http://auth-service.ecommerce.svc.cluster.local:8001/auth/login\": request timeout"
time="2026-10-07T16:47:13Z" level=warning msg="Request Failed" error="Post \"http://auth-service.ecommerce.svc.cluster.local:8001/auth/login\": request timeout"

running (09m01.9s), 089/225 VUs, 12664 complete and 0 interrupted iterations
openloop_spike   [  75% ] 089/225 VUs  09m01.8s/12m0s  29.70 iters/s

running (09m02.9s), 073/225 VUs, 12709 complete and 0 interrupted iterations
openloop_spike   [  75% ] 073/225 VUs  09m02.8s/12m0s  29.54 iters/s
time="2026-10-07T16:47:14Z" level=warning msg="Request Failed" error="Post \"http://auth-service.ecommerce.svc.cluster.local:8001/auth/login\": request timeout"
time="2026-10-07T16:47:14Z" level=warning msg="Request Failed" error="Post \"http://auth-service.ecommerce.svc.cluster.local:8001/auth/login\": request timeout"
time="2026-10-07T16:47:15Z" level=warning msg="Request Failed" error="Post \"http://auth-service.ecommerce.svc.cluster.local:8001/auth/login\": request timeout"

running (09m03.9s), 040/225 VUs, 12772 complete and 0 interrupted iterations
openloop_spike   [  76% ] 040/225 VUs  09m03.8s/12m0s  29.37 iters/s
time="2026-10-07T16:47:15Z" level=warning msg="Request Failed" error="Post \"http://auth-service.ecommerce.svc.cluster.local:8001/auth/login\": request timeout"
time="2026-10-07T16:47:15Z" level=warning msg="Request Failed" error="Post \"http://auth-service.ecommerce.svc.cluster.local:8001/auth/login\": request timeout"
time="2026-10-07T16:47:15Z" level=warning msg="Request Failed" error="Post \"http://auth-service.ecommerce.svc.cluster.local:8001/auth/login\": request timeout"
time="2026-10-07T16:47:15Z" level=warning msg="Request Failed" error="Post \"http://auth-service.ecommerce.svc.cluster.local:8001/auth/login\": request timeout"
time="2026-10-07T16:47:15Z" level=warning msg="Request Failed" error="Post \"http://auth-service.ecommerce.svc.cluster.local:8001/auth/login\": request timeout"
time="2026-10-07T16:47:16Z" level=warning msg="Request Failed" error="Post \"http://auth-service.ecommerce.svc.cluster.local:8001/auth/login\": request timeout"

running (09m04.9s), 021/225 VUs, 12820 complete and 0 interrupted iterations
openloop_spike   [  76% ] 021/225 VUs  09m04.8s/12m0s  29.20 iters/s
time="2026-10-07T16:47:16Z" level=warning msg="Request Failed" error="Post \"http://auth-service.ecommerce.svc.cluster.local:8001/auth/login\": request timeout"
time="2026-10-07T16:47:16Z" level=warning msg="Request Failed" error="Post \"http://auth-service.ecommerce.svc.cluster.local:8001/auth/login\": request timeout"
time="2026-10-07T16:47:16Z" level=warning msg="Request Failed" error="Post \"http://auth-service.ecommerce.svc.cluster.local:8001/auth/login\": request timeout"
time="2026-10-07T16:47:16Z" level=warning msg="Request Failed" error="Post \"http://auth-service.ecommerce.svc.cluster.local:8001/auth/login\": request timeout"
time="2026-10-07T16:47:16Z" level=warning msg="Request Failed" error="Post \"http://auth-service.ecommerce.svc.cluster.local:8001/auth/login\": request timeout"

running (09m05.9s), 008/225 VUs, 12862 complete and 0 interrupted iterations
openloop_spike   [  76% ] 008/225 VUs  09m05.8s/12m0s  29.04 iters/s
time="2026-10-07T16:47:17Z" level=warning msg="Request Failed" error="Post \"http://auth-service.ecommerce.svc.cluster.local:8001/auth/login\": request timeout"
time="2026-10-07T16:47:18Z" level=warning msg="Request Failed" error="Post \"http://auth-service.ecommerce.svc.cluster.local:8001/auth/login\": request timeout"

running (09m06.9s), 011/225 VUs, 12888 complete and 0 interrupted iterations
openloop_spike   [  76% ] 011/225 VUs  09m06.8s/12m0s  28.87 iters/s

running (09m07.9s), 025/225 VUs, 12903 complete and 0 interrupted iterations
openloop_spike   [  76% ] 025/225 VUs  09m07.8s/12m0s  28.70 iters/s

running (09m08.9s), 048/225 VUs, 12909 complete and 0 interrupted iterations
openloop_spike   [  76% ] 048/225 VUs  09m08.8s/12m0s  28.53 iters/s
time="2026-10-07T16:47:20Z" level=warning msg="Request Failed" error="Post \"http://auth-service.ecommerce.svc.cluster.local:8001/auth/login\": request timeout"
time="2026-10-07T16:47:20Z" level=warning msg="Request Failed" error="Post \"http://auth-service.ecommerce.svc.cluster.local:8001/auth/login\": request timeout"
time="2026-10-07T16:47:20Z" level=warning msg="Request Failed" error="Post \"http://auth-service.ecommerce.svc.cluster.local:8001/auth/login\": request timeout"

running (09m09.9s), 047/225 VUs, 12938 complete and 0 interrupted iterations
openloop_spike   [  76% ] 047/225 VUs  09m09.8s/12m0s  28.37 iters/s

running (09m10.9s), 033/225 VUs, 12980 complete and 0 interrupted iterations
openloop_spike   [  76% ] 033/225 VUs  09m10.8s/12m0s  28.20 iters/s

running (09m11.9s), 021/225 VUs, 13021 complete and 0 interrupted iterations
openloop_spike   [  77% ] 021/225 VUs  09m11.8s/12m0s  28.03 iters/s
time="2026-10-07T16:47:23Z" level=warning msg="Request Failed" error="Post \"http://auth-service.ecommerce.svc.cluster.local:8001/auth/login\": request timeout"
time="2026-10-07T16:47:23Z" level=warning msg="Request Failed" error="Post \"http://auth-service.ecommerce.svc.cluster.local:8001/auth/login\": request timeout"
time="2026-10-07T16:47:24Z" level=warning msg="Request Failed" error="Post \"http://auth-service.ecommerce.svc.cluster.local:8001/auth/login\": request timeout"

running (09m12.9s), 019/225 VUs, 13051 complete and 0 interrupted iterations
openloop_spike   [  77% ] 019/225 VUs  09m12.8s/12m0s  27.87 iters/s
time="2026-10-07T16:47:25Z" level=warning msg="Request Failed" error="Post \"http://auth-service.ecommerce.svc.cluster.local:8001/auth/login\": request timeout"

running (09m13.9s), 019/225 VUs, 13078 complete and 0 interrupted iterations
openloop_spike   [  77% ] 019/225 VUs  09m13.8s/12m0s  27.70 iters/s
time="2026-10-07T16:47:25Z" level=warning msg="Request Failed" error="Post \"http://auth-service.ecommerce.svc.cluster.local:8001/auth/login\": request timeout"
time="2026-10-07T16:47:25Z" level=warning msg="Request Failed" error="Post \"http://auth-service.ecommerce.svc.cluster.local:8001/auth/login\": request timeout"

running (09m14.9s), 014/225 VUs, 13111 complete and 0 interrupted iterations
openloop_spike   [  77% ] 014/225 VUs  09m14.8s/12m0s  27.53 iters/s
time="2026-10-07T16:47:26Z" level=warning msg="Request Failed" error="Post \"http://auth-service.ecommerce.svc.cluster.local:8001/auth/login\": request timeout"

running (09m15.9s), 018/225 VUs, 13134 complete and 0 interrupted iterations
openloop_spike   [  77% ] 018/225 VUs  09m15.8s/12m0s  27.37 iters/s
time="2026-10-07T16:47:27Z" level=warning msg="Request Failed" error="Post \"http://auth-service.ecommerce.svc.cluster.local:8001/auth/login\": request timeout"

running (09m16.9s), 026/225 VUs, 13154 complete and 0 interrupted iterations
openloop_spike   [  77% ] 026/225 VUs  09m16.8s/12m0s  27.20 iters/s
time="2026-10-07T16:47:28Z" level=warning msg="Request Failed" error="Post \"http://auth-service.ecommerce.svc.cluster.local:8001/auth/login\": request timeout"

running (09m17.9s), 028/225 VUs, 13179 complete and 0 interrupted iterations
openloop_spike   [  77% ] 028/225 VUs  09m17.8s/12m0s  27.03 iters/s
time="2026-10-07T16:47:29Z" level=warning msg="Request Failed" error="Post \"http://auth-service.ecommerce.svc.cluster.local:8001/auth/login\": request timeout"
time="2026-10-07T16:47:29Z" level=warning msg="Request Failed" error="Post \"http://auth-service.ecommerce.svc.cluster.local:8001/auth/login\": request timeout"
time="2026-10-07T16:47:30Z" level=warning msg="Request Failed" error="Post \"http://auth-service.ecommerce.svc.cluster.local:8001/auth/login\": request timeout"

running (09m18.9s), 024/225 VUs, 13210 complete and 0 interrupted iterations
openloop_spike   [  78% ] 024/225 VUs  09m18.8s/12m0s  26.87 iters/s

running (09m19.9s), 027/225 VUs, 13233 complete and 0 interrupted iterations
openloop_spike   [  78% ] 028/225 VUs  09m19.8s/12m0s  26.70 iters/s
time="2026-10-07T16:47:31Z" level=warning msg="Request Failed" error="Post \"http://auth-service.ecommerce.svc.cluster.local:8001/auth/login\": request timeout"
time="2026-10-07T16:47:31Z" level=warning msg="Request Failed" error="Post \"http://auth-service.ecommerce.svc.cluster.local:8001/auth/login\": request timeout"

running (09m20.9s), 025/225 VUs, 13262 complete and 0 interrupted iterations
openloop_spike   [  78% ] 025/225 VUs  09m20.8s/12m0s  26.54 iters/s
time="2026-10-07T16:47:32Z" level=warning msg="Request Failed" error="Post \"http://auth-service.ecommerce.svc.cluster.local:8001/auth/login\": request timeout"
time="2026-10-07T16:47:33Z" level=warning msg="Request Failed" error="Post \"http://auth-service.ecommerce.svc.cluster.local:8001/auth/login\": request timeout"

running (09m21.9s), 020/225 VUs, 13294 complete and 0 interrupted iterations
openloop_spike   [  78% ] 020/225 VUs  09m21.8s/12m0s  26.37 iters/s
time="2026-10-07T16:47:33Z" level=warning msg="Request Failed" error="Post \"http://auth-service.ecommerce.svc.cluster.local:8001/auth/login\": request timeout"
time="2026-10-07T16:47:33Z" level=warning msg="Request Failed" error="Post \"http://auth-service.ecommerce.svc.cluster.local:8001/auth/login\": request timeout"
time="2026-10-07T16:47:34Z" level=warning msg="Request Failed" error="Post \"http://auth-service.ecommerce.svc.cluster.local:8001/auth/login\": request timeout"
time="2026-10-07T16:47:34Z" level=warning msg="Request Failed" error="Post \"http://auth-service.ecommerce.svc.cluster.local:8001/auth/login\": request timeout"

running (09m22.9s), 017/225 VUs, 13323 complete and 0 interrupted iterations
openloop_spike   [  78% ] 017/225 VUs  09m22.8s/12m0s  26.20 iters/s
time="2026-10-07T16:47:34Z" level=warning msg="Request Failed" error="Post \"http://auth-service.ecommerce.svc.cluster.local:8001/auth/login\": request timeout"
time="2026-10-07T16:47:34Z" level=warning msg="Request Failed" error="Post \"http://auth-service.ecommerce.svc.cluster.local:8001/auth/login\": request timeout"

running (09m23.9s), 014/225 VUs, 13352 complete and 0 interrupted iterations
openloop_spike   [  78% ] 014/225 VUs  09m23.8s/12m0s  26.04 iters/s
time="2026-10-07T16:47:36Z" level=warning msg="Request Failed" error="Post \"http://auth-service.ecommerce.svc.cluster.local:8001/auth/login\": request timeout"

running (09m24.9s), 017/225 VUs, 13375 complete and 0 interrupted iterations
openloop_spike   [  78% ] 017/225 VUs  09m24.8s/12m0s  25.87 iters/s
time="2026-10-07T16:47:36Z" level=warning msg="Request Failed" error="Post \"http://auth-service.ecommerce.svc.cluster.local:8001/auth/login\": request timeout"

running (09m25.9s), 022/225 VUs, 13396 complete and 0 interrupted iterations
openloop_spike   [  79% ] 022/225 VUs  09m25.8s/12m0s  25.70 iters/s
time="2026-10-07T16:47:37Z" level=warning msg="Request Failed" error="Post \"http://auth-service.ecommerce.svc.cluster.local:8001/auth/login\": request timeout"
time="2026-10-07T16:47:37Z" level=warning msg="Request Failed" error="Post \"http://auth-service.ecommerce.svc.cluster.local:8001/auth/login\": request timeout"
time="2026-10-07T16:47:38Z" level=warning msg="Request Failed" error="Post \"http://auth-service.ecommerce.svc.cluster.local:8001/auth/login\": request timeout"

running (09m26.9s), 016/225 VUs, 13427 complete and 0 interrupted iterations
openloop_spike   [  79% ] 016/225 VUs  09m26.8s/12m0s  25.54 iters/s
time="2026-10-07T16:47:38Z" level=warning msg="Request Failed" error="Post \"http://auth-service.ecommerce.svc.cluster.local:8001/auth/login\": request timeout"

running (09m27.9s), 020/225 VUs, 13449 complete and 0 interrupted iterations
openloop_spike   [  79% ] 020/225 VUs  09m27.8s/12m0s  25.37 iters/s
time="2026-10-07T16:47:39Z" level=warning msg="Request Failed" error="Post \"http://auth-service.ecommerce.svc.cluster.local:8001/auth/login\": request timeout"
time="2026-10-07T16:47:40Z" level=warning msg="Request Failed" error="Post \"http://auth-service.ecommerce.svc.cluster.local:8001/auth/login\": request timeout"

running (09m28.9s), 025/225 VUs, 13469 complete and 0 interrupted iterations
openloop_spike   [  79% ] 025/225 VUs  09m28.8s/12m0s  25.20 iters/s

running (09m29.9s), 037/225 VUs, 13482 complete and 0 interrupted iterations
openloop_spike   [  79% ] 037/225 VUs  09m29.8s/12m0s  25.04 iters/s
time="2026-10-07T16:47:41Z" level=warning msg="Request Failed" error="Post \"http://auth-service.ecommerce.svc.cluster.local:8001/auth/login\": request timeout"
time="2026-10-07T16:47:41Z" level=warning msg="Request Failed" error="Post \"http://auth-service.ecommerce.svc.cluster.local:8001/auth/login\": request timeout"

running (09m30.9s), 038/225 VUs, 13506 complete and 0 interrupted iterations
openloop_spike   [  79% ] 038/225 VUs  09m30.8s/12m0s  24.87 iters/s
time="2026-10-07T16:47:43Z" level=warning msg="Request Failed" error="Post \"http://auth-service.ecommerce.svc.cluster.local:8001/auth/login\": request timeout"

running (09m31.9s), 016/225 VUs, 13553 complete and 0 interrupted iterations
openloop_spike   [  79% ] 016/225 VUs  09m31.8s/12m0s  24.70 iters/s
time="2026-10-07T16:47:43Z" level=warning msg="Request Failed" error="Post \"http://auth-service.ecommerce.svc.cluster.local:8001/auth/login\": request timeout"

running (09m32.9s), 018/225 VUs, 13576 complete and 0 interrupted iterations
openloop_spike   [  80% ] 018/225 VUs  09m32.8s/12m0s  24.53 iters/s
time="2026-10-07T16:47:45Z" level=warning msg="Request Failed" error="Post \"http://auth-service.ecommerce.svc.cluster.local:8001/auth/login\": request timeout"

running (09m33.9s), 021/225 VUs, 13597 complete and 0 interrupted iterations
openloop_spike   [  80% ] 021/225 VUs  09m33.8s/12m0s  24.37 iters/s

running (09m34.9s), 031/225 VUs, 13611 complete and 0 interrupted iterations
openloop_spike   [  80% ] 031/225 VUs  09m34.8s/12m0s  24.20 iters/s
time="2026-10-07T16:47:47Z" level=warning msg="Request Failed" error="Post \"http://auth-service.ecommerce.svc.cluster.local:8001/auth/login\": request timeout"

running (09m35.9s), 036/225 VUs, 13630 complete and 0 interrupted iterations
openloop_spike   [  80% ] 036/225 VUs  09m35.8s/12m0s  24.04 iters/s
time="2026-10-07T16:47:47Z" level=warning msg="Request Failed" error="Post \"http://auth-service.ecommerce.svc.cluster.local:8001/auth/login\": request timeout"
time="2026-10-07T16:47:47Z" level=warning msg="Request Failed" error="Post \"http://auth-service.ecommerce.svc.cluster.local:8001/auth/login\": request timeout"

running (09m36.9s), 033/225 VUs, 13657 complete and 0 interrupted iterations
openloop_spike   [  80% ] 033/225 VUs  09m36.8s/12m0s  23.87 iters/s

running (09m37.9s), 018/225 VUs, 13696 complete and 0 interrupted iterations
openloop_spike   [  80% ] 018/225 VUs  09m37.8s/12m0s  23.70 iters/s

running (09m38.9s), 016/225 VUs, 13722 complete and 0 interrupted iterations
openloop_spike   [  80% ] 016/225 VUs  09m38.8s/12m0s  23.53 iters/s

running (09m39.9s), 017/225 VUs, 13744 complete and 0 interrupted iterations
openloop_spike   [  81% ] 017/225 VUs  09m39.8s/12m0s  23.37 iters/s
time="2026-10-07T16:47:51Z" level=warning msg="Request Failed" error="Post \"http://auth-service.ecommerce.svc.cluster.local:8001/auth/login\": request timeout"

running (09m40.9s), 025/225 VUs, 13759 complete and 0 interrupted iterations
openloop_spike   [  81% ] 025/225 VUs  09m40.8s/12m0s  23.21 iters/s

running (09m41.9s), 019/225 VUs, 13789 complete and 0 interrupted iterations
openloop_spike   [  81% ] 019/225 VUs  09m41.8s/12m0s  23.03 iters/s

running (09m42.9s), 024/225 VUs, 13807 complete and 0 interrupted iterations
openloop_spike   [  81% ] 024/225 VUs  09m42.8s/12m0s  22.87 iters/s

running (09m43.9s), 022/225 VUs, 13831 complete and 0 interrupted iterations
openloop_spike   [  81% ] 022/225 VUs  09m43.8s/12m0s  22.70 iters/s
time="2026-10-07T16:47:55Z" level=warning msg="Request Failed" error="Post \"http://auth-service.ecommerce.svc.cluster.local:8001/auth/login\": request timeout"
time="2026-10-07T16:47:55Z" level=warning msg="Request Failed" error="Post \"http://auth-service.ecommerce.svc.cluster.local:8001/auth/login\": request timeout"

running (09m44.9s), 014/225 VUs, 13862 complete and 0 interrupted iterations
openloop_spike   [  81% ] 014/225 VUs  09m44.8s/12m0s  22.54 iters/s
time="2026-10-07T16:47:56Z" level=warning msg="Request Failed" error="Post \"http://auth-service.ecommerce.svc.cluster.local:8001/auth/login\": request timeout"
time="2026-10-07T16:47:56Z" level=warning msg="Request Failed" error="Post \"http://auth-service.ecommerce.svc.cluster.local:8001/auth/login\": request timeout"

running (09m45.9s), 018/225 VUs, 13880 complete and 0 interrupted iterations
openloop_spike   [  81% ] 018/225 VUs  09m45.8s/12m0s  22.37 iters/s
time="2026-10-07T16:47:58Z" level=warning msg="Request Failed" error="Post \"http://auth-service.ecommerce.svc.cluster.local:8001/auth/login\": request timeout"

running (09m46.9s), 020/225 VUs, 13901 complete and 0 interrupted iterations
openloop_spike   [  81% ] 020/225 VUs  09m46.8s/12m0s  22.20 iters/s
time="2026-10-07T16:47:58Z" level=warning msg="Request Failed" error="Post \"http://auth-service.ecommerce.svc.cluster.local:8001/auth/login\": request timeout"

running (09m47.9s), 021/225 VUs, 13922 complete and 0 interrupted iterations
openloop_spike   [  82% ] 021/225 VUs  09m47.8s/12m0s  22.03 iters/s
time="2026-10-07T16:47:59Z" level=warning msg="Request Failed" error="Post \"http://auth-service.ecommerce.svc.cluster.local:8001/auth/login\": request timeout"

running (09m48.9s), 020/225 VUs, 13945 complete and 0 interrupted iterations
openloop_spike   [  82% ] 020/225 VUs  09m48.8s/12m0s  21.87 iters/s
time="2026-10-07T16:48:00Z" level=warning msg="Request Failed" error="Post \"http://auth-service.ecommerce.svc.cluster.local:8001/auth/login\": request timeout"

running (09m49.9s), 022/225 VUs, 13965 complete and 0 interrupted iterations
openloop_spike   [  82% ] 022/225 VUs  09m49.8s/12m0s  21.70 iters/s
time="2026-10-07T16:48:01Z" level=warning msg="Request Failed" error="Post \"http://auth-service.ecommerce.svc.cluster.local:8001/auth/login\": request timeout"
time="2026-10-07T16:48:01Z" level=warning msg="Request Failed" error="Post \"http://auth-service.ecommerce.svc.cluster.local:8001/auth/login\": request timeout"
time="2026-10-07T16:48:01Z" level=warning msg="Request Failed" error="Post \"http://auth-service.ecommerce.svc.cluster.local:8001/auth/login\": request timeout"
time="2026-10-07T16:48:01Z" level=warning msg="Request Failed" error="Post \"http://auth-service.ecommerce.svc.cluster.local:8001/auth/login\": request timeout"

running (09m50.9s), 017/225 VUs, 13991 complete and 0 interrupted iterations
openloop_spike   [  82% ] 017/225 VUs  09m50.8s/12m0s  21.54 iters/s
time="2026-10-07T16:48:02Z" level=warning msg="Request Failed" error="Post \"http://auth-service.ecommerce.svc.cluster.local:8001/auth/login\": request timeout"

running (09m51.9s), 017/225 VUs, 14013 complete and 0 interrupted iterations
openloop_spike   [  82% ] 017/225 VUs  09m51.8s/12m0s  21.37 iters/s
time="2026-10-07T16:48:03Z" level=warning msg="Request Failed" error="Post \"http://auth-service.ecommerce.svc.cluster.local:8001/auth/login\": request timeout"
time="2026-10-07T16:48:03Z" level=warning msg="Request Failed" error="Post \"http://auth-service.ecommerce.svc.cluster.local:8001/auth/login\": request timeout"

running (09m52.9s), 017/225 VUs, 14034 complete and 0 interrupted iterations
openloop_spike   [  82% ] 017/225 VUs  09m52.8s/12m0s  21.20 iters/s
time="2026-10-07T16:48:04Z" level=warning msg="Request Failed" error="Post \"http://auth-service.ecommerce.svc.cluster.local:8001/auth/login\": request timeout"
time="2026-10-07T16:48:04Z" level=warning msg="Request Failed" error="Post \"http://auth-service.ecommerce.svc.cluster.local:8001/auth/login\": request timeout"

running (09m53.9s), 017/225 VUs, 14055 complete and 0 interrupted iterations
openloop_spike   [  82% ] 017/225 VUs  09m53.8s/12m0s  21.04 iters/s
time="2026-10-07T16:48:05Z" level=warning msg="Request Failed" error="Post \"http://auth-service.ecommerce.svc.cluster.local:8001/auth/login\": request timeout"
time="2026-10-07T16:48:05Z" level=warning msg="Request Failed" error="Post \"http://auth-service.ecommerce.svc.cluster.local:8001/auth/login\": request timeout"
time="2026-10-07T16:48:05Z" level=warning msg="Request Failed" error="Post \"http://auth-service.ecommerce.svc.cluster.local:8001/auth/login\": request timeout"

running (09m54.9s), 021/225 VUs, 14072 complete and 0 interrupted iterations
openloop_spike   [  83% ] 021/225 VUs  09m54.8s/12m0s  20.87 iters/s

running (09m55.9s), 016/225 VUs, 14098 complete and 0 interrupted iterations
openloop_spike   [  83% ] 016/225 VUs  09m55.8s/12m0s  20.70 iters/s
time="2026-10-07T16:48:07Z" level=warning msg="Request Failed" error="Post \"http://auth-service.ecommerce.svc.cluster.local:8001/auth/login\": request timeout"

running (09m56.9s), 017/225 VUs, 14117 complete and 0 interrupted iterations
openloop_spike   [  83% ] 017/225 VUs  09m56.8s/12m0s  20.54 iters/s
time="2026-10-07T16:48:08Z" level=warning msg="Request Failed" error="Post \"http://auth-service.ecommerce.svc.cluster.local:8001/auth/login\": request timeout"

running (09m57.9s), 018/225 VUs, 14137 complete and 0 interrupted iterations
openloop_spike   [  83% ] 018/225 VUs  09m57.8s/12m0s  20.37 iters/s
time="2026-10-07T16:48:09Z" level=warning msg="Request Failed" error="Post \"http://auth-service.ecommerce.svc.cluster.local:8001/auth/login\": request timeout"
time="2026-10-07T16:48:09Z" level=warning msg="Request Failed" error="Post \"http://auth-service.ecommerce.svc.cluster.local:8001/auth/login\": request timeout"

running (09m58.9s), 016/225 VUs, 14159 complete and 0 interrupted iterations
openloop_spike   [  83% ] 016/225 VUs  09m58.8s/12m0s  20.20 iters/s
time="2026-10-07T16:48:10Z" level=warning msg="Request Failed" error="Post \"http://auth-service.ecommerce.svc.cluster.local:8001/auth/login\": request timeout"

running (09m59.9s), 018/225 VUs, 14177 complete and 0 interrupted iterations
openloop_spike   [  83% ] 018/225 VUs  09m59.8s/12m0s  20.04 iters/s
time="2026-10-07T16:48:11Z" level=warning msg="Request Failed" error="Post \"http://auth-service.ecommerce.svc.cluster.local:8001/auth/login\": request timeout"
time="2026-10-07T16:48:12Z" level=warning msg="Request Failed" error="Post \"http://auth-service.ecommerce.svc.cluster.local:8001/auth/login\": request timeout"
time="2026-10-07T16:48:12Z" level=warning msg="Request Failed" error="Post \"http://auth-service.ecommerce.svc.cluster.local:8001/auth/login\": request timeout"

running (10m00.9s), 014/225 VUs, 14201 complete and 0 interrupted iterations
openloop_spike   [  83% ] 014/225 VUs  10m00.8s/12m0s  19.87 iters/s
time="2026-10-07T16:48:13Z" level=warning msg="Request Failed" error="Post \"http://auth-service.ecommerce.svc.cluster.local:8001/auth/login\": request timeout"

running (10m01.9s), 015/225 VUs, 14220 complete and 0 interrupted iterations
openloop_spike   [  84% ] 015/225 VUs  10m01.8s/12m0s  19.70 iters/s
time="2026-10-07T16:48:13Z" level=warning msg="Request Failed" error="Post \"http://auth-service.ecommerce.svc.cluster.local:8001/auth/login\": request timeout"

running (10m02.9s), 015/225 VUs, 14240 complete and 0 interrupted iterations
openloop_spike   [  84% ] 015/225 VUs  10m02.8s/12m0s  19.53 iters/s

running (10m03.9s), 020/225 VUs, 14254 complete and 0 interrupted iterations
openloop_spike   [  84% ] 020/225 VUs  10m03.8s/12m0s  19.37 iters/s
time="2026-10-07T16:48:15Z" level=warning msg="Request Failed" error="Post \"http://auth-service.ecommerce.svc.cluster.local:8001/auth/login\": request timeout"
time="2026-10-07T16:48:15Z" level=warning msg="Request Failed" error="Post \"http://auth-service.ecommerce.svc.cluster.local:8001/auth/login\": request timeout"

running (10m04.9s), 023/225 VUs, 14270 complete and 0 interrupted iterations
openloop_spike   [  84% ] 023/225 VUs  10m04.8s/12m0s  19.21 iters/s
time="2026-10-07T16:48:16Z" level=warning msg="Request Failed" error="Post \"http://auth-service.ecommerce.svc.cluster.local:8001/auth/login\": request timeout"
time="2026-10-07T16:48:16Z" level=warning msg="Request Failed" error="Post \"http://auth-service.ecommerce.svc.cluster.local:8001/auth/login\": request timeout"

running (10m05.9s), 014/225 VUs, 14298 complete and 0 interrupted iterations
openloop_spike   [  84% ] 014/225 VUs  10m05.8s/12m0s  19.04 iters/s
time="2026-10-07T16:48:17Z" level=warning msg="Request Failed" error="Post \"http://auth-service.ecommerce.svc.cluster.local:8001/auth/login\": request timeout"

running (10m06.9s), 025/225 VUs, 14306 complete and 0 interrupted iterations
openloop_spike   [  84% ] 025/225 VUs  10m06.8s/12m0s  18.87 iters/s
time="2026-10-07T16:48:18Z" level=warning msg="Request Failed" error="Post \"http://auth-service.ecommerce.svc.cluster.local:8001/auth/login\": request timeout"

running (10m07.9s), 037/225 VUs, 14313 complete and 0 interrupted iterations
openloop_spike   [  84% ] 037/225 VUs  10m07.8s/12m0s  18.70 iters/s
time="2026-10-07T16:48:19Z" level=warning msg="Request Failed" error="Post \"http://auth-service.ecommerce.svc.cluster.local:8001/auth/login\": request timeout"

running (10m08.9s), 050/225 VUs, 14319 complete and 0 interrupted iterations
openloop_spike   [  85% ] 050/225 VUs  10m08.8s/12m0s  18.53 iters/s
time="2026-10-07T16:48:20Z" level=warning msg="Request Failed" error="Post \"http://auth-service.ecommerce.svc.cluster.local:8001/auth/login\": request timeout"
time="2026-10-07T16:48:20Z" level=warning msg="Request Failed" error="Post \"http://auth-service.ecommerce.svc.cluster.local:8001/auth/login\": request timeout"

running (10m09.9s), 030/225 VUs, 14357 complete and 0 interrupted iterations
openloop_spike   [  85% ] 030/225 VUs  10m09.8s/12m0s  18.37 iters/s

running (10m10.9s), 011/225 VUs, 14395 complete and 0 interrupted iterations
openloop_spike   [  85% ] 011/225 VUs  10m10.8s/12m0s  18.20 iters/s
time="2026-10-07T16:48:22Z" level=warning msg="Request Failed" error="Post \"http://auth-service.ecommerce.svc.cluster.local:8001/auth/login\": request timeout"

running (10m11.9s), 011/225 VUs, 14413 complete and 0 interrupted iterations
openloop_spike   [  85% ] 011/225 VUs  10m11.8s/12m0s  18.03 iters/s
time="2026-10-07T16:48:23Z" level=warning msg="Request Failed" error="Post \"http://auth-service.ecommerce.svc.cluster.local:8001/auth/login\": request timeout"
time="2026-10-07T16:48:24Z" level=warning msg="Request Failed" error="Post \"http://auth-service.ecommerce.svc.cluster.local:8001/auth/login\": request timeout"

running (10m12.9s), 011/225 VUs, 14431 complete and 0 interrupted iterations
openloop_spike   [  85% ] 011/225 VUs  10m12.8s/12m0s  17.87 iters/s
time="2026-10-07T16:48:24Z" level=warning msg="Request Failed" error="Post \"http://auth-service.ecommerce.svc.cluster.local:8001/auth/login\": request timeout"

running (10m13.9s), 018/225 VUs, 14441 complete and 0 interrupted iterations
openloop_spike   [  85% ] 018/225 VUs  10m13.8s/12m0s  17.71 iters/s
time="2026-10-07T16:48:25Z" level=warning msg="Request Failed" error="Post \"http://auth-service.ecommerce.svc.cluster.local:8001/auth/login\": request timeout"

running (10m14.9s), 012/225 VUs, 14465 complete and 0 interrupted iterations
openloop_spike   [  85% ] 012/225 VUs  10m14.8s/12m0s  17.54 iters/s
time="2026-10-07T16:48:27Z" level=warning msg="Request Failed" error="Post \"http://auth-service.ecommerce.svc.cluster.local:8001/auth/login\": request timeout"

running (10m15.9s), 018/225 VUs, 14476 complete and 0 interrupted iterations
openloop_spike   [  86% ] 018/225 VUs  10m15.8s/12m0s  17.37 iters/s
time="2026-10-07T16:48:27Z" level=warning msg="Request Failed" error="Post \"http://auth-service.ecommerce.svc.cluster.local:8001/auth/login\": request timeout"

running (10m16.9s), 030/225 VUs, 14482 complete and 0 interrupted iterations
openloop_spike   [  86% ] 030/225 VUs  10m16.8s/12m0s  17.20 iters/s
time="2026-10-07T16:48:28Z" level=warning msg="Request Failed" error="Post \"http://auth-service.ecommerce.svc.cluster.local:8001/auth/login\": request timeout"
time="2026-10-07T16:48:28Z" level=warning msg="Request Failed" error="Post \"http://auth-service.ecommerce.svc.cluster.local:8001/auth/login\": request timeout"

running (10m17.9s), 022/225 VUs, 14507 complete and 0 interrupted iterations
openloop_spike   [  86% ] 022/225 VUs  10m17.8s/12m0s  17.03 iters/s
time="2026-10-07T16:48:29Z" level=warning msg="Request Failed" error="Post \"http://auth-service.ecommerce.svc.cluster.local:8001/auth/login\": request timeout"
time="2026-10-07T16:48:30Z" level=warning msg="Request Failed" error="Post \"http://auth-service.ecommerce.svc.cluster.local:8001/auth/login\": request timeout"

running (10m18.9s), 012/225 VUs, 14534 complete and 0 interrupted iterations
openloop_spike   [  86% ] 012/225 VUs  10m18.8s/12m0s  16.87 iters/s

running (10m19.9s), 012/225 VUs, 14551 complete and 0 interrupted iterations
openloop_spike   [  86% ] 012/225 VUs  10m19.8s/12m0s  16.70 iters/s
time="2026-10-07T16:48:31Z" level=warning msg="Request Failed" error="Post \"http://auth-service.ecommerce.svc.cluster.local:8001/auth/login\": request timeout"

running (10m20.9s), 021/225 VUs, 14558 complete and 0 interrupted iterations
openloop_spike   [  86% ] 021/225 VUs  10m20.8s/12m0s  16.54 iters/s
time="2026-10-07T16:48:32Z" level=warning msg="Request Failed" error="Post \"http://auth-service.ecommerce.svc.cluster.local:8001/auth/login\": request timeout"
time="2026-10-07T16:48:32Z" level=warning msg="Request Failed" error="Post \"http://auth-service.ecommerce.svc.cluster.local:8001/auth/login\": request timeout"

running (10m21.9s), 020/225 VUs, 14576 complete and 0 interrupted iterations
openloop_spike   [  86% ] 020/225 VUs  10m21.8s/12m0s  16.37 iters/s
time="2026-10-07T16:48:33Z" level=warning msg="Request Failed" error="Post \"http://auth-service.ecommerce.svc.cluster.local:8001/auth/login\": request timeout"
time="2026-10-07T16:48:33Z" level=warning msg="Request Failed" error="Post \"http://auth-service.ecommerce.svc.cluster.local:8001/auth/login\": request timeout"

running (10m22.9s), 026/225 VUs, 14586 complete and 0 interrupted iterations
openloop_spike   [  86% ] 026/225 VUs  10m22.8s/12m0s  16.20 iters/s

running (10m23.9s), 020/225 VUs, 14608 complete and 0 interrupted iterations
openloop_spike   [  87% ] 020/225 VUs  10m23.8s/12m0s  16.04 iters/s
time="2026-10-07T16:48:35Z" level=warning msg="Request Failed" error="Post \"http://auth-service.ecommerce.svc.cluster.local:8001/auth/login\": request timeout"
time="2026-10-07T16:48:35Z" level=warning msg="Request Failed" error="Post \"http://auth-service.ecommerce.svc.cluster.local:8001/auth/login\": request timeout"

running (10m24.9s), 013/225 VUs, 14631 complete and 0 interrupted iterations
openloop_spike   [  87% ] 013/225 VUs  10m24.8s/12m0s  15.87 iters/s
time="2026-10-07T16:48:36Z" level=warning msg="Request Failed" error="Post \"http://auth-service.ecommerce.svc.cluster.local:8001/auth/login\": request timeout"

running (10m25.9s), 015/225 VUs, 14645 complete and 0 interrupted iterations
openloop_spike   [  87% ] 015/225 VUs  10m25.8s/12m0s  15.70 iters/s
time="2026-10-07T16:48:38Z" level=warning msg="Request Failed" error="Post \"http://auth-service.ecommerce.svc.cluster.local:8001/auth/login\": request timeout"

running (10m26.9s), 017/225 VUs, 14658 complete and 0 interrupted iterations
openloop_spike   [  87% ] 017/225 VUs  10m26.8s/12m0s  15.54 iters/s
time="2026-10-07T16:48:38Z" level=warning msg="Request Failed" error="Post \"http://auth-service.ecommerce.svc.cluster.local:8001/auth/login\": request timeout"

running (10m27.9s), 015/225 VUs, 14676 complete and 0 interrupted iterations
openloop_spike   [  87% ] 015/225 VUs  10m27.8s/12m0s  15.37 iters/s

running (10m28.9s), 015/225 VUs, 14691 complete and 0 interrupted iterations
openloop_spike   [  87% ] 015/225 VUs  10m28.8s/12m0s  15.20 iters/s

running (10m29.9s), 011/225 VUs, 14710 complete and 0 interrupted iterations
openloop_spike   [  87% ] 011/225 VUs  10m29.8s/12m0s  15.04 iters/s
time="2026-10-07T16:48:41Z" level=warning msg="Request Failed" error="Post \"http://auth-service.ecommerce.svc.cluster.local:8001/auth/login\": request timeout"
time="2026-10-07T16:48:41Z" level=warning msg="Request Failed" error="Post \"http://auth-service.ecommerce.svc.cluster.local:8001/auth/login\": request timeout"

running (10m30.9s), 005/225 VUs, 14731 complete and 0 interrupted iterations
openloop_spike   [  88% ] 005/225 VUs  10m30.8s/12m0s  14.87 iters/s
time="2026-10-07T16:48:42Z" level=warning msg="Request Failed" error="Post \"http://auth-service.ecommerce.svc.cluster.local:8001/auth/login\": request timeout"

running (10m31.9s), 007/225 VUs, 14744 complete and 0 interrupted iterations
openloop_spike   [  88% ] 007/225 VUs  10m31.8s/12m0s  14.70 iters/s

running (10m32.9s), 004/225 VUs, 14762 complete and 0 interrupted iterations
openloop_spike   [  88% ] 004/225 VUs  10m32.8s/12m0s  14.53 iters/s

running (10m33.9s), 000/225 VUs, 14780 complete and 0 interrupted iterations
openloop_spike   [  88% ] 000/225 VUs  10m33.8s/12m0s  14.37 iters/s

running (10m34.9s), 002/225 VUs, 14792 complete and 0 interrupted iterations
openloop_spike   [  88% ] 002/225 VUs  10m34.8s/12m0s  14.21 iters/s

running (10m35.9s), 003/225 VUs, 14806 complete and 0 interrupted iterations
openloop_spike   [  88% ] 003/225 VUs  10m35.8s/12m0s  14.03 iters/s

running (10m36.9s), 002/225 VUs, 14820 complete and 0 interrupted iterations
openloop_spike   [  88% ] 002/225 VUs  10m36.8s/12m0s  13.87 iters/s

running (10m37.9s), 009/225 VUs, 14827 complete and 0 interrupted iterations
openloop_spike   [  89% ] 009/225 VUs  10m37.8s/12m0s  13.71 iters/s

running (10m38.9s), 005/225 VUs, 14845 complete and 0 interrupted iterations
openloop_spike   [  89% ] 005/225 VUs  10m38.8s/12m0s  13.53 iters/s

running (10m39.9s), 009/225 VUs, 14854 complete and 0 interrupted iterations
openloop_spike   [  89% ] 009/225 VUs  10m39.8s/12m0s  13.37 iters/s

running (10m40.9s), 020/225 VUs, 14857 complete and 0 interrupted iterations
openloop_spike   [  89% ] 020/225 VUs  10m40.8s/12m0s  13.20 iters/s

running (10m41.9s), 018/225 VUs, 14872 complete and 0 interrupted iterations
openloop_spike   [  89% ] 018/225 VUs  10m41.8s/12m0s  13.03 iters/s

running (10m42.9s), 023/225 VUs, 14880 complete and 0 interrupted iterations
openloop_spike   [  89% ] 023/225 VUs  10m42.8s/12m0s  12.86 iters/s

running (10m43.9s), 012/225 VUs, 14903 complete and 0 interrupted iterations
openloop_spike   [  89% ] 012/225 VUs  10m43.8s/12m0s  12.71 iters/s
time="2026-10-07T16:48:55Z" level=warning msg="Request Failed" error="Post \"http://auth-service.ecommerce.svc.cluster.local:8001/auth/login\": request timeout"

running (10m44.9s), 007/225 VUs, 14921 complete and 0 interrupted iterations
openloop_spike   [  90% ] 007/225 VUs  10m44.8s/12m0s  12.54 iters/s
time="2026-10-07T16:48:56Z" level=warning msg="Request Failed" error="Post \"http://auth-service.ecommerce.svc.cluster.local:8001/auth/login\": request timeout"
time="2026-10-07T16:48:57Z" level=warning msg="Request Failed" error="Post \"http://auth-service.ecommerce.svc.cluster.local:8001/auth/login\": request timeout"

running (10m45.9s), 010/225 VUs, 14931 complete and 0 interrupted iterations
openloop_spike   [  90% ] 010/225 VUs  10m45.8s/12m0s  12.36 iters/s

running (10m46.9s), 007/225 VUs, 14946 complete and 0 interrupted iterations
openloop_spike   [  90% ] 007/225 VUs  10m46.8s/12m0s  12.20 iters/s

running (10m47.9s), 009/225 VUs, 14956 complete and 0 interrupted iterations
openloop_spike   [  90% ] 009/225 VUs  10m47.8s/12m0s  12.03 iters/s

running (10m48.9s), 011/225 VUs, 14966 complete and 0 interrupted iterations
openloop_spike   [  90% ] 011/225 VUs  10m48.8s/12m0s  11.87 iters/s

running (10m49.9s), 014/225 VUs, 14975 complete and 0 interrupted iterations
openloop_spike   [  90% ] 014/225 VUs  10m49.8s/12m0s  11.70 iters/s
time="2026-10-07T16:49:01Z" level=warning msg="Request Failed" error="Post \"http://auth-service.ecommerce.svc.cluster.local:8001/auth/login\": request timeout"
time="2026-10-07T16:49:01Z" level=warning msg="Request Failed" error="Post \"http://auth-service.ecommerce.svc.cluster.local:8001/auth/login\": request timeout"
time="2026-10-07T16:49:01Z" level=warning msg="Request Failed" error="Post \"http://auth-service.ecommerce.svc.cluster.local:8001/auth/login\": request timeout"

running (10m50.9s), 013/225 VUs, 14987 complete and 0 interrupted iterations
openloop_spike   [  90% ] 013/225 VUs  10m50.8s/12m0s  11.54 iters/s
time="2026-10-07T16:49:03Z" level=warning msg="Request Failed" error="Post \"http://auth-service.ecommerce.svc.cluster.local:8001/auth/login\": request timeout"

running (10m51.9s), 011/225 VUs, 15001 complete and 0 interrupted iterations
openloop_spike   [  91% ] 011/225 VUs  10m51.8s/12m0s  11.37 iters/s

running (10m52.9s), 008/225 VUs, 15015 complete and 0 interrupted iterations
openloop_spike   [  91% ] 008/225 VUs  10m52.8s/12m0s  11.20 iters/s
time="2026-10-07T16:49:04Z" level=warning msg="Request Failed" error="Post \"http://auth-service.ecommerce.svc.cluster.local:8001/auth/login\": request timeout"

running (10m53.9s), 010/225 VUs, 15024 complete and 0 interrupted iterations
openloop_spike   [  91% ] 010/225 VUs  10m53.8s/12m0s  11.04 iters/s
time="2026-10-07T16:49:05Z" level=warning msg="Request Failed" error="Post \"http://auth-service.ecommerce.svc.cluster.local:8001/auth/login\": request timeout"
time="2026-10-07T16:49:05Z" level=warning msg="Request Failed" error="Post \"http://auth-service.ecommerce.svc.cluster.local:8001/auth/login\": request timeout"

running (10m54.9s), 011/225 VUs, 15034 complete and 0 interrupted iterations
openloop_spike   [  91% ] 011/225 VUs  10m54.8s/12m0s  10.87 iters/s
time="2026-10-07T16:49:06Z" level=warning msg="Request Failed" error="Post \"http://auth-service.ecommerce.svc.cluster.local:8001/auth/login\": request timeout"

running (10m55.9s), 012/225 VUs, 15044 complete and 0 interrupted iterations
openloop_spike   [  91% ] 012/225 VUs  10m55.8s/12m0s  10.70 iters/s
time="2026-10-07T16:49:07Z" level=warning msg="Request Failed" error="Post \"http://auth-service.ecommerce.svc.cluster.local:8001/auth/login\": request timeout"

running (10m56.9s), 013/225 VUs, 15054 complete and 0 interrupted iterations
openloop_spike   [  91% ] 013/225 VUs  10m56.8s/12m0s  10.53 iters/s
time="2026-10-07T16:49:08Z" level=warning msg="Request Failed" error="Post \"http://auth-service.ecommerce.svc.cluster.local:8001/auth/login\": request timeout"

running (10m57.9s), 013/225 VUs, 15064 complete and 0 interrupted iterations
openloop_spike   [  91% ] 013/225 VUs  10m57.8s/12m0s  10.37 iters/s
time="2026-10-07T16:49:09Z" level=warning msg="Request Failed" error="Post \"http://auth-service.ecommerce.svc.cluster.local:8001/auth/login\": request timeout"
time="2026-10-07T16:49:09Z" level=warning msg="Request Failed" error="Post \"http://auth-service.ecommerce.svc.cluster.local:8001/auth/login\": request timeout"

running (10m58.9s), 012/225 VUs, 15075 complete and 0 interrupted iterations
openloop_spike   [  91% ] 012/225 VUs  10m58.8s/12m0s  10.21 iters/s

running (10m59.9s), 018/225 VUs, 15079 complete and 0 interrupted iterations
openloop_spike   [  92% ] 018/225 VUs  10m59.8s/12m0s  10.04 iters/s
time="2026-10-07T16:49:11Z" level=warning msg="Request Failed" error="Post \"http://auth-service.ecommerce.svc.cluster.local:8001/auth/login\": request timeout"
time="2026-10-07T16:49:12Z" level=warning msg="Request Failed" error="Post \"http://auth-service.ecommerce.svc.cluster.local:8001/auth/login\": request timeout"
time="2026-10-07T16:49:12Z" level=warning msg="Request Failed" error="Post \"http://auth-service.ecommerce.svc.cluster.local:8001/auth/login\": request timeout"

running (11m00.9s), 018/225 VUs, 15089 complete and 0 interrupted iterations
openloop_spike   [  92% ] 018/225 VUs  11m00.8s/12m0s  09.87 iters/s
time="2026-10-07T16:49:12Z" level=warning msg="Request Failed" error="Post \"http://auth-service.ecommerce.svc.cluster.local:8001/auth/login\": request timeout"
time="2026-10-07T16:49:12Z" level=warning msg="Request Failed" error="Post \"http://auth-service.ecommerce.svc.cluster.local:8001/auth/login\": request timeout"
time="2026-10-07T16:49:13Z" level=warning msg="Request Failed" error="Post \"http://auth-service.ecommerce.svc.cluster.local:8001/auth/login\": request timeout"

running (11m01.9s), 013/225 VUs, 15104 complete and 0 interrupted iterations
openloop_spike   [  92% ] 013/225 VUs  11m01.8s/12m0s  09.70 iters/s

running (11m02.9s), 014/225 VUs, 15113 complete and 0 interrupted iterations
openloop_spike   [  92% ] 014/225 VUs  11m02.8s/12m0s  09.53 iters/s
time="2026-10-07T16:49:14Z" level=warning msg="Request Failed" error="Post \"http://auth-service.ecommerce.svc.cluster.local:8001/auth/login\": request timeout"
time="2026-10-07T16:49:14Z" level=warning msg="Request Failed" error="Post \"http://auth-service.ecommerce.svc.cluster.local:8001/auth/login\": request timeout"

running (11m03.9s), 012/225 VUs, 15124 complete and 0 interrupted iterations
openloop_spike   [  92% ] 012/225 VUs  11m03.8s/12m0s  09.37 iters/s
time="2026-10-07T16:49:15Z" level=warning msg="Request Failed" error="Post \"http://auth-service.ecommerce.svc.cluster.local:8001/auth/login\": request timeout"
time="2026-10-07T16:49:15Z" level=warning msg="Request Failed" error="Post \"http://auth-service.ecommerce.svc.cluster.local:8001/auth/login\": request timeout"

running (11m04.9s), 011/225 VUs, 15134 complete and 0 interrupted iterations
openloop_spike   [  92% ] 011/225 VUs  11m04.8s/12m0s  09.21 iters/s
time="2026-10-07T16:49:16Z" level=warning msg="Request Failed" error="Post \"http://auth-service.ecommerce.svc.cluster.local:8001/auth/login\": request timeout"

running (11m05.9s), 013/225 VUs, 15142 complete and 0 interrupted iterations
openloop_spike   [  92% ] 013/225 VUs  11m05.8s/12m0s  09.03 iters/s
time="2026-10-07T16:49:17Z" level=warning msg="Request Failed" error="Post \"http://auth-service.ecommerce.svc.cluster.local:8001/auth/login\": request timeout"
time="2026-10-07T16:49:17Z" level=warning msg="Request Failed" error="Post \"http://auth-service.ecommerce.svc.cluster.local:8001/auth/login\": request timeout"
time="2026-10-07T16:49:17Z" level=warning msg="Request Failed" error="Post \"http://auth-service.ecommerce.svc.cluster.local:8001/auth/login\": request timeout"

running (11m06.9s), 011/225 VUs, 15153 complete and 0 interrupted iterations
openloop_spike   [  93% ] 011/225 VUs  11m06.8s/12m0s  08.86 iters/s

running (11m07.9s), 011/225 VUs, 15161 complete and 0 interrupted iterations
openloop_spike   [  93% ] 011/225 VUs  11m07.8s/12m0s  08.71 iters/s
time="2026-10-07T16:49:19Z" level=warning msg="Request Failed" error="Post \"http://auth-service.ecommerce.svc.cluster.local:8001/auth/login\": request timeout"

running (11m08.9s), 009/225 VUs, 15172 complete and 0 interrupted iterations
openloop_spike   [  93% ] 009/225 VUs  11m08.8s/12m0s  08.53 iters/s
time="2026-10-07T16:49:20Z" level=warning msg="Request Failed" error="Post \"http://auth-service.ecommerce.svc.cluster.local:8001/auth/login\": request timeout"
time="2026-10-07T16:49:20Z" level=warning msg="Request Failed" error="Post \"http://auth-service.ecommerce.svc.cluster.local:8001/auth/login\": request timeout"

running (11m09.9s), 007/225 VUs, 15182 complete and 0 interrupted iterations
openloop_spike   [  93% ] 007/225 VUs  11m09.8s/12m0s  08.38 iters/s
time="2026-10-07T16:49:21Z" level=warning msg="Request Failed" error="Post \"http://auth-service.ecommerce.svc.cluster.local:8001/auth/login\": request timeout"

running (11m10.9s), 011/225 VUs, 15187 complete and 0 interrupted iterations
openloop_spike   [  93% ] 011/225 VUs  11m10.8s/12m0s  08.20 iters/s
time="2026-10-07T16:49:22Z" level=warning msg="Request Failed" error="Post \"http://auth-service.ecommerce.svc.cluster.local:8001/auth/login\": request timeout"

running (11m11.9s), 009/225 VUs, 15197 complete and 0 interrupted iterations
openloop_spike   [  93% ] 009/225 VUs  11m11.8s/12m0s  08.03 iters/s
time="2026-10-07T16:49:23Z" level=warning msg="Request Failed" error="Post \"http://auth-service.ecommerce.svc.cluster.local:8001/auth/login\": request timeout"

running (11m12.9s), 006/225 VUs, 15208 complete and 0 interrupted iterations
openloop_spike   [  93% ] 006/225 VUs  11m12.8s/12m0s  07.86 iters/s

running (11m13.9s), 008/225 VUs, 15214 complete and 0 interrupted iterations
openloop_spike   [  94% ] 008/225 VUs  11m13.8s/12m0s  07.69 iters/s
time="2026-10-07T16:49:25Z" level=warning msg="Request Failed" error="Post \"http://auth-service.ecommerce.svc.cluster.local:8001/auth/login\": request timeout"

running (11m14.9s), 004/225 VUs, 15225 complete and 0 interrupted iterations
openloop_spike   [  94% ] 004/225 VUs  11m14.8s/12m0s  07.54 iters/s

running (11m15.9s), 000/225 VUs, 15237 complete and 0 interrupted iterations
openloop_spike   [  94% ] 000/225 VUs  11m15.8s/12m0s  07.36 iters/s

running (11m16.9s), 000/225 VUs, 15244 complete and 0 interrupted iterations
openloop_spike   [  94% ] 000/225 VUs  11m16.8s/12m0s  07.20 iters/s

running (11m17.9s), 000/225 VUs, 15251 complete and 0 interrupted iterations
openloop_spike   [  94% ] 000/225 VUs  11m17.8s/12m0s  07.04 iters/s

running (11m18.9s), 000/225 VUs, 15258 complete and 0 interrupted iterations
openloop_spike   [  94% ] 000/225 VUs  11m18.8s/12m0s  06.87 iters/s

running (11m19.9s), 000/225 VUs, 15265 complete and 0 interrupted iterations
openloop_spike   [  94% ] 000/225 VUs  11m19.8s/12m0s  06.70 iters/s

running (11m20.9s), 000/225 VUs, 15271 complete and 0 interrupted iterations
openloop_spike   [  95% ] 000/225 VUs  11m20.8s/12m0s  06.54 iters/s

running (11m21.9s), 000/225 VUs, 15278 complete and 0 interrupted iterations
openloop_spike   [  95% ] 000/225 VUs  11m21.8s/12m0s  06.36 iters/s

running (11m22.9s), 000/225 VUs, 15284 complete and 0 interrupted iterations
openloop_spike   [  95% ] 000/225 VUs  11m22.8s/12m0s  06.20 iters/s

running (11m23.9s), 000/225 VUs, 15290 complete and 0 interrupted iterations
openloop_spike   [  95% ] 000/225 VUs  11m23.8s/12m0s  06.04 iters/s

running (11m24.9s), 000/225 VUs, 15296 complete and 0 interrupted iterations
openloop_spike   [  95% ] 000/225 VUs  11m24.8s/12m0s  05.87 iters/s

running (11m25.9s), 001/225 VUs, 15301 complete and 0 interrupted iterations
openloop_spike   [  95% ] 001/225 VUs  11m25.8s/12m0s  05.70 iters/s

running (11m26.9s), 002/225 VUs, 15306 complete and 0 interrupted iterations
openloop_spike   [  95% ] 002/225 VUs  11m26.8s/12m0s  05.52 iters/s

running (11m27.9s), 000/225 VUs, 15313 complete and 0 interrupted iterations
openloop_spike   [  96% ] 000/225 VUs  11m27.8s/12m0s  05.37 iters/s

running (11m28.9s), 000/225 VUs, 15318 complete and 0 interrupted iterations
openloop_spike   [  96% ] 000/225 VUs  11m28.8s/12m0s  05.21 iters/s

running (11m29.9s), 000/225 VUs, 15323 complete and 0 interrupted iterations
openloop_spike   [  96% ] 000/225 VUs  11m29.8s/12m0s  05.05 iters/s

running (11m30.9s), 001/225 VUs, 15327 complete and 0 interrupted iterations
openloop_spike   [  96% ] 001/225 VUs  11m30.8s/12m0s  04.88 iters/s

running (11m31.9s), 001/225 VUs, 15332 complete and 0 interrupted iterations
openloop_spike   [  96% ] 001/225 VUs  11m31.8s/12m0s  04.71 iters/s

running (11m32.9s), 001/225 VUs, 15337 complete and 0 interrupted iterations
openloop_spike   [  96% ] 001/225 VUs  11m32.8s/12m0s  04.53 iters/s

running (11m33.9s), 001/225 VUs, 15341 complete and 0 interrupted iterations
openloop_spike   [  96% ] 001/225 VUs  11m33.8s/12m0s  04.38 iters/s

running (11m34.9s), 000/225 VUs, 15347 complete and 0 interrupted iterations
openloop_spike   [  96% ] 000/225 VUs  11m34.8s/12m0s  04.18 iters/s

running (11m35.9s), 000/225 VUs, 15351 complete and 0 interrupted iterations
openloop_spike   [  97% ] 000/225 VUs  11m35.8s/12m0s  04.02 iters/s

running (11m36.9s), 001/225 VUs, 15354 complete and 0 interrupted iterations
openloop_spike   [  97% ] 001/225 VUs  11m36.8s/12m0s  03.85 iters/s

running (11m37.9s), 000/225 VUs, 15358 complete and 0 interrupted iterations
openloop_spike   [  97% ] 000/225 VUs  11m37.8s/12m0s  03.72 iters/s

running (11m38.9s), 000/225 VUs, 15362 complete and 0 interrupted iterations
openloop_spike   [  97% ] 000/225 VUs  11m38.8s/12m0s  03.54 iters/s

running (11m39.9s), 000/225 VUs, 15365 complete and 0 interrupted iterations
openloop_spike   [  97% ] 000/225 VUs  11m39.8s/12m0s  03.39 iters/s

running (11m40.9s), 000/225 VUs, 15369 complete and 0 interrupted iterations
openloop_spike   [  97% ] 000/225 VUs  11m40.8s/12m0s  03.19 iters/s

running (11m41.9s), 001/225 VUs, 15371 complete and 0 interrupted iterations
openloop_spike   [  97% ] 001/225 VUs  11m41.8s/12m0s  03.03 iters/s

running (11m42.9s), 000/225 VUs, 15375 complete and 0 interrupted iterations
openloop_spike   [  98% ] 000/225 VUs  11m42.8s/12m0s  02.86 iters/s

running (11m43.9s), 002/225 VUs, 15376 complete and 0 interrupted iterations
openloop_spike   [  98% ] 002/225 VUs  11m43.8s/12m0s  02.68 iters/s

running (11m44.9s), 000/225 VUs, 15380 complete and 0 interrupted iterations
openloop_spike   [  98% ] 000/225 VUs  11m44.8s/12m0s  02.55 iters/s

running (11m45.9s), 000/225 VUs, 15383 complete and 0 interrupted iterations
openloop_spike   [  98% ] 000/225 VUs  11m45.8s/12m0s  02.34 iters/s

running (11m46.9s), 000/225 VUs, 15385 complete and 0 interrupted iterations
openloop_spike   [  98% ] 000/225 VUs  11m46.8s/12m0s  02.20 iters/s

running (11m47.9s), 000/225 VUs, 15387 complete and 0 interrupted iterations
openloop_spike   [  98% ] 000/225 VUs  11m47.8s/12m0s  02.04 iters/s

running (11m48.9s), 000/225 VUs, 15389 complete and 0 interrupted iterations
openloop_spike   [  98% ] 000/225 VUs  11m48.8s/12m0s  01.87 iters/s

running (11m49.9s), 001/225 VUs, 15390 complete and 0 interrupted iterations
openloop_spike   [  99% ] 001/225 VUs  11m49.8s/12m0s  01.68 iters/s

running (11m50.9s), 000/225 VUs, 15392 complete and 0 interrupted iterations
openloop_spike   [  99% ] 000/225 VUs  11m50.8s/12m0s  01.58 iters/s

running (11m51.9s), 001/225 VUs, 15393 complete and 0 interrupted iterations
openloop_spike   [  99% ] 001/225 VUs  11m51.8s/12m0s  01.35 iters/s

running (11m52.9s), 000/225 VUs, 15395 complete and 0 interrupted iterations
openloop_spike   [  99% ] 000/225 VUs  11m52.8s/12m0s  01.22 iters/s

running (11m53.9s), 000/225 VUs, 15396 complete and 0 interrupted iterations
openloop_spike   [  99% ] 000/225 VUs  11m53.8s/12m0s  01.08 iters/s

running (11m54.9s), 000/225 VUs, 15397 complete and 0 interrupted iterations
openloop_spike   [  99% ] 000/225 VUs  11m54.8s/12m0s  00.91 iters/s

running (11m55.9s), 000/225 VUs, 15398 complete and 0 interrupted iterations
openloop_spike   [  99% ] 000/225 VUs  11m55.8s/12m0s  00.70 iters/s

     ✗ me status is 200
      ↳  47% — ✓ 5177 / ✗ 5610
     ✗ me returns user data
      ↳  47% — ✓ 5177 / ✗ 5610
     ✗ me response time < 500ms
      ↳  47% — ✓ 5101 / ✗ 5686
     ✗ login status is 200
      ↳  31% — ✓ 1455 / ✗ 3157
     ✗ login returns access token
      ↳  31% — ✓ 1455 / ✗ 3157
     ✗ login response time < 1000ms
      ↳  45% — ✓ 2106 / ✗ 2506

     █ setup

     checks.........................: 44.31% ✓ 20471     ✗ 25726
     data_received..................: 5.0 MB 7.0 kB/s
     data_sent......................: 7.7 MB 11 kB/s
     http_req_blocked...............: avg=1.27ms  min=741.75µs med=1.11ms   max=22.42ms p(90)=1.41ms  p(95)=2.26ms p(99)=4.73ms  
     http_req_connecting............: avg=1.22ms  min=705.15µs med=1.06ms   max=22.38ms p(90)=1.36ms  p(95)=2.22ms p(99)=4.65ms  
     http_req_duration..............: avg=1.15s   min=644.84µs med=689.07ms max=5s      p(90)=3.09s   p(95)=4.75s  p(99)=4.99s   
       { expected_response:true }...: avg=1.29s   min=2.58ms   med=993.16ms max=4.99s   p(90)=3.08s   p(95)=3.78s  p(99)=4.68s   
     http_req_failed................: 56.93% ✓ 8767      ✗ 6632 
     http_req_receiving.............: avg=9.05ms  min=0s       med=76.57µs  max=1.39s   p(90)=3.18ms  p(95)=90.8ms p(99)=110.28ms
     http_req_sending...............: avg=41.61µs min=14.09µs  med=39.55µs  max=24.36ms p(90)=51.32µs p(95)=56.5µs p(99)=68.36µs 
     http_req_tls_handshaking.......: avg=0s      min=0s       med=0s       max=0s      p(90)=0s      p(95)=0s     p(99)=0s      
     http_req_waiting...............: avg=1.14s   min=515.73µs med=684.75ms max=5s      p(90)=3.08s   p(95)=4.69s  p(99)=4.99s   
     http_reqs......................: 15399  21.488637/s
     iteration_duration.............: avg=1.15s   min=1.64ms   med=690.21ms max=5s      p(90)=3.09s   p(95)=4.75s  p(99)=5s      
     iterations.....................: 15399  21.488637/s
     req_e2e_duration...............: avg=1.15s   min=1ms      med=690ms    max=5s      p(90)=3.09s   p(95)=4.75s  p(99)=5s      
     vus............................: 0      min=0       max=132
     vus_max........................: 225    min=225     max=225


running (11m56.6s), 000/225 VUs, 15399 complete and 0 interrupted iterations
openloop_spike ✗ [ 100% ] 000/225 VUs  11m56.5s/12m0s  00.70 iters/s
[openloop-wrapper] k6 exit code 0
