
          /\      |‾‾| /‾‾/   /‾‾/   
     /\  /  \     |  |/  /   /  /    
    /  \/    \    |     (   /   ‾‾\  
   /          \   |  |\  \ |  (‾)  | 
  / __________ \  |__| \__\ \_____/ .io

  execution: local
     script: /scripts/load-test.js
     output: json (/results/results.json.gz)

  scenarios: (100.00%) 1 scenario, 225 max VUs, 12m30s max duration (incl. graceful stop):
           * openloop_spike: Up to 30.00 iterations/s for 12m0s over 4 stages (maxVUs: 225, gracefulStop: 30s)

time="2026-10-06T00:21:38Z" level=info msg="OPENLOOP_CONFIG service=auth-service pattern=spike base_rate=2 peak_rate=30 timeout=5s vu_factor=1.5 openloop_spike:ramping-arrival-rate:vus=225/225" source=console
time="2026-10-06T00:21:38Z" level=info msg="Seeding and pre-authenticating 120 users..." source=console

Run              [ 100% ] setup()
openloop_spike   [   0% ]

Run              [ 100% ] setup()
openloop_spike   [   0% ]

Run              [ 100% ] setup()
openloop_spike   [   0% ]

Run              [ 100% ] setup()
openloop_spike   [   0% ]

Run              [ 100% ] setup()
openloop_spike   [   0% ]

Run              [ 100% ] setup()
openloop_spike   [   0% ]

Run              [ 100% ] setup()
openloop_spike   [   0% ]

Run              [ 100% ] setup()
openloop_spike   [   0% ]

Run              [ 100% ] setup()
openloop_spike   [   0% ]

Run              [ 100% ] setup()
openloop_spike   [   0% ]

Run              [ 100% ] setup()
openloop_spike   [   0% ]

Run              [ 100% ] setup()
openloop_spike   [   0% ]

Run              [ 100% ] setup()
openloop_spike   [   0% ]

Run              [ 100% ] setup()
openloop_spike   [   0% ]

Run              [ 100% ] setup()
openloop_spike   [   0% ]

Run              [ 100% ] setup()
openloop_spike   [   0% ]

Run              [ 100% ] setup()
openloop_spike   [   0% ]

Run              [ 100% ] setup()
openloop_spike   [   0% ]

Run              [ 100% ] setup()
openloop_spike   [   0% ]

Run              [ 100% ] setup()
openloop_spike   [   0% ]

Run              [ 100% ] setup()
openloop_spike   [   0% ]

Run              [ 100% ] setup()
openloop_spike   [   0% ]

Run              [ 100% ] setup()
openloop_spike   [   0% ]

Run              [ 100% ] setup()
openloop_spike   [   0% ]

Run              [ 100% ] setup()
openloop_spike   [   0% ]

Run              [ 100% ] setup()
openloop_spike   [   0% ]

Run              [ 100% ] setup()
openloop_spike   [   0% ]

Run              [ 100% ] setup()
openloop_spike   [   0% ]
time="2026-10-06T00:22:06Z" level=info msg="Pre-auth complete: 120/120 tokens obtained" source=console
time="2026-10-06T00:22:06Z" level=info msg="SCENARIO_START name=openloop_spike start_ms=1791246126287" source=console

running (00m28.9s), 000/225 VUs, 1 complete and 0 interrupted iterations
openloop_spike   [   0% ] 000/225 VUs  00m00.7s/12m0s  02.00 iters/s

running (00m29.9s), 000/225 VUs, 3 complete and 0 interrupted iterations
openloop_spike   [   0% ] 000/225 VUs  00m01.7s/12m0s  02.00 iters/s

running (00m30.9s), 000/225 VUs, 5 complete and 0 interrupted iterations
openloop_spike   [   0% ] 000/225 VUs  00m02.7s/12m0s  02.00 iters/s

running (00m31.9s), 000/225 VUs, 7 complete and 0 interrupted iterations
openloop_spike   [   1% ] 000/225 VUs  00m03.7s/12m0s  02.00 iters/s

running (00m32.9s), 000/225 VUs, 9 complete and 0 interrupted iterations
openloop_spike   [   1% ] 000/225 VUs  00m04.7s/12m0s  02.00 iters/s

running (00m33.9s), 000/225 VUs, 11 complete and 0 interrupted iterations
openloop_spike   [   1% ] 000/225 VUs  00m05.7s/12m0s  02.00 iters/s

running (00m34.9s), 000/225 VUs, 13 complete and 0 interrupted iterations
openloop_spike   [   1% ] 000/225 VUs  00m06.7s/12m0s  02.00 iters/s

running (00m35.9s), 000/225 VUs, 15 complete and 0 interrupted iterations
openloop_spike   [   1% ] 000/225 VUs  00m07.7s/12m0s  02.00 iters/s

running (00m36.9s), 000/225 VUs, 17 complete and 0 interrupted iterations
openloop_spike   [   1% ] 000/225 VUs  00m08.7s/12m0s  02.00 iters/s

running (00m37.9s), 000/225 VUs, 19 complete and 0 interrupted iterations
openloop_spike   [   1% ] 000/225 VUs  00m09.7s/12m0s  02.00 iters/s

running (00m38.9s), 000/225 VUs, 21 complete and 0 interrupted iterations
openloop_spike   [   1% ] 000/225 VUs  00m10.7s/12m0s  02.00 iters/s

running (00m39.9s), 000/225 VUs, 23 complete and 0 interrupted iterations
openloop_spike   [   2% ] 000/225 VUs  00m11.7s/12m0s  02.00 iters/s

running (00m40.9s), 000/225 VUs, 25 complete and 0 interrupted iterations
openloop_spike   [   2% ] 000/225 VUs  00m12.7s/12m0s  02.00 iters/s

running (00m41.9s), 000/225 VUs, 27 complete and 0 interrupted iterations
openloop_spike   [   2% ] 000/225 VUs  00m13.7s/12m0s  02.00 iters/s

running (00m42.9s), 000/225 VUs, 29 complete and 0 interrupted iterations
openloop_spike   [   2% ] 000/225 VUs  00m14.7s/12m0s  02.00 iters/s

running (00m43.9s), 000/225 VUs, 31 complete and 0 interrupted iterations
openloop_spike   [   2% ] 000/225 VUs  00m15.7s/12m0s  02.00 iters/s

running (00m44.9s), 000/225 VUs, 33 complete and 0 interrupted iterations
openloop_spike   [   2% ] 000/225 VUs  00m16.7s/12m0s  02.00 iters/s

running (00m45.9s), 000/225 VUs, 35 complete and 0 interrupted iterations
openloop_spike   [   2% ] 000/225 VUs  00m17.7s/12m0s  02.00 iters/s

running (00m46.9s), 000/225 VUs, 37 complete and 0 interrupted iterations
openloop_spike   [   3% ] 000/225 VUs  00m18.7s/12m0s  02.00 iters/s

running (00m47.9s), 000/225 VUs, 39 complete and 0 interrupted iterations
openloop_spike   [   3% ] 000/225 VUs  00m19.7s/12m0s  02.00 iters/s

running (00m48.9s), 001/225 VUs, 40 complete and 0 interrupted iterations
openloop_spike   [   3% ] 001/225 VUs  00m20.7s/12m0s  02.00 iters/s

running (00m49.9s), 000/225 VUs, 43 complete and 0 interrupted iterations
openloop_spike   [   3% ] 000/225 VUs  00m21.7s/12m0s  02.00 iters/s

running (00m50.9s), 000/225 VUs, 45 complete and 0 interrupted iterations
openloop_spike   [   3% ] 000/225 VUs  00m22.7s/12m0s  02.00 iters/s

running (00m51.9s), 000/225 VUs, 47 complete and 0 interrupted iterations
openloop_spike   [   3% ] 000/225 VUs  00m23.7s/12m0s  02.00 iters/s

running (00m52.9s), 000/225 VUs, 49 complete and 0 interrupted iterations
openloop_spike   [   3% ] 000/225 VUs  00m24.7s/12m0s  02.00 iters/s

running (00m53.9s), 000/225 VUs, 51 complete and 0 interrupted iterations
openloop_spike   [   4% ] 000/225 VUs  00m25.7s/12m0s  02.00 iters/s

running (00m54.9s), 000/225 VUs, 53 complete and 0 interrupted iterations
openloop_spike   [   4% ] 000/225 VUs  00m26.7s/12m0s  02.00 iters/s

running (00m55.9s), 000/225 VUs, 55 complete and 0 interrupted iterations
openloop_spike   [   4% ] 000/225 VUs  00m27.7s/12m0s  02.00 iters/s

running (00m56.9s), 000/225 VUs, 57 complete and 0 interrupted iterations
openloop_spike   [   4% ] 000/225 VUs  00m28.7s/12m0s  02.00 iters/s

running (00m57.9s), 000/225 VUs, 59 complete and 0 interrupted iterations
openloop_spike   [   4% ] 000/225 VUs  00m29.7s/12m0s  02.00 iters/s

running (00m58.9s), 000/225 VUs, 61 complete and 0 interrupted iterations
openloop_spike   [   4% ] 000/225 VUs  00m30.7s/12m0s  02.00 iters/s

running (00m59.9s), 000/225 VUs, 63 complete and 0 interrupted iterations
openloop_spike   [   4% ] 000/225 VUs  00m31.7s/12m0s  02.00 iters/s

running (01m00.9s), 000/225 VUs, 65 complete and 0 interrupted iterations
openloop_spike   [   5% ] 000/225 VUs  00m32.7s/12m0s  02.00 iters/s

running (01m01.9s), 000/225 VUs, 67 complete and 0 interrupted iterations
openloop_spike   [   5% ] 000/225 VUs  00m33.7s/12m0s  02.00 iters/s

running (01m02.9s), 000/225 VUs, 69 complete and 0 interrupted iterations
openloop_spike   [   5% ] 000/225 VUs  00m34.7s/12m0s  02.00 iters/s

running (01m03.9s), 001/225 VUs, 70 complete and 0 interrupted iterations
openloop_spike   [   5% ] 001/225 VUs  00m35.7s/12m0s  02.00 iters/s

running (01m04.9s), 000/225 VUs, 73 complete and 0 interrupted iterations
openloop_spike   [   5% ] 000/225 VUs  00m36.7s/12m0s  02.00 iters/s

running (01m05.9s), 000/225 VUs, 75 complete and 0 interrupted iterations
openloop_spike   [   5% ] 000/225 VUs  00m37.7s/12m0s  02.00 iters/s

running (01m06.9s), 000/225 VUs, 77 complete and 0 interrupted iterations
openloop_spike   [   5% ] 000/225 VUs  00m38.7s/12m0s  02.00 iters/s

running (01m07.9s), 000/225 VUs, 79 complete and 0 interrupted iterations
openloop_spike   [   6% ] 000/225 VUs  00m39.7s/12m0s  02.00 iters/s

running (01m08.9s), 001/225 VUs, 80 complete and 0 interrupted iterations
openloop_spike   [   6% ] 001/225 VUs  00m40.7s/12m0s  02.00 iters/s

running (01m09.9s), 000/225 VUs, 83 complete and 0 interrupted iterations
openloop_spike   [   6% ] 000/225 VUs  00m41.7s/12m0s  02.00 iters/s

running (01m10.9s), 000/225 VUs, 85 complete and 0 interrupted iterations
openloop_spike   [   6% ] 000/225 VUs  00m42.7s/12m0s  02.00 iters/s

running (01m11.9s), 000/225 VUs, 87 complete and 0 interrupted iterations
openloop_spike   [   6% ] 000/225 VUs  00m43.7s/12m0s  02.00 iters/s

running (01m12.9s), 000/225 VUs, 89 complete and 0 interrupted iterations
openloop_spike   [   6% ] 000/225 VUs  00m44.7s/12m0s  02.00 iters/s

running (01m13.9s), 001/225 VUs, 90 complete and 0 interrupted iterations
openloop_spike   [   6% ] 001/225 VUs  00m45.7s/12m0s  02.00 iters/s

running (01m14.9s), 000/225 VUs, 93 complete and 0 interrupted iterations
openloop_spike   [   6% ] 000/225 VUs  00m46.7s/12m0s  02.00 iters/s

running (01m15.9s), 000/225 VUs, 95 complete and 0 interrupted iterations
openloop_spike   [   7% ] 000/225 VUs  00m47.7s/12m0s  02.00 iters/s

running (01m16.9s), 000/225 VUs, 97 complete and 0 interrupted iterations
openloop_spike   [   7% ] 000/225 VUs  00m48.7s/12m0s  02.00 iters/s

running (01m17.9s), 000/225 VUs, 99 complete and 0 interrupted iterations
openloop_spike   [   7% ] 000/225 VUs  00m49.7s/12m0s  02.00 iters/s

running (01m18.9s), 000/225 VUs, 101 complete and 0 interrupted iterations
openloop_spike   [   7% ] 000/225 VUs  00m50.7s/12m0s  02.00 iters/s

running (01m19.9s), 001/225 VUs, 102 complete and 0 interrupted iterations
openloop_spike   [   7% ] 001/225 VUs  00m51.7s/12m0s  02.00 iters/s

running (01m20.9s), 000/225 VUs, 105 complete and 0 interrupted iterations
openloop_spike   [   7% ] 000/225 VUs  00m52.7s/12m0s  02.00 iters/s

running (01m21.9s), 000/225 VUs, 107 complete and 0 interrupted iterations
openloop_spike   [   7% ] 000/225 VUs  00m53.7s/12m0s  02.00 iters/s

running (01m22.9s), 000/225 VUs, 109 complete and 0 interrupted iterations
openloop_spike   [   8% ] 000/225 VUs  00m54.7s/12m0s  02.00 iters/s

running (01m23.9s), 000/225 VUs, 111 complete and 0 interrupted iterations
openloop_spike   [   8% ] 000/225 VUs  00m55.7s/12m0s  02.00 iters/s

running (01m24.9s), 001/225 VUs, 112 complete and 0 interrupted iterations
openloop_spike   [   8% ] 001/225 VUs  00m56.7s/12m0s  02.00 iters/s

running (01m25.9s), 000/225 VUs, 115 complete and 0 interrupted iterations
openloop_spike   [   8% ] 000/225 VUs  00m57.7s/12m0s  02.00 iters/s

running (01m26.9s), 000/225 VUs, 117 complete and 0 interrupted iterations
openloop_spike   [   8% ] 000/225 VUs  00m58.7s/12m0s  02.00 iters/s

running (01m27.9s), 001/225 VUs, 118 complete and 0 interrupted iterations
openloop_spike   [   8% ] 001/225 VUs  00m59.7s/12m0s  02.00 iters/s

running (01m28.9s), 001/225 VUs, 120 complete and 0 interrupted iterations
openloop_spike   [   8% ] 001/225 VUs  01m00.7s/12m0s  02.00 iters/s

running (01m29.9s), 000/225 VUs, 123 complete and 0 interrupted iterations
openloop_spike   [   9% ] 000/225 VUs  01m01.7s/12m0s  02.00 iters/s

running (01m30.9s), 000/225 VUs, 125 complete and 0 interrupted iterations
openloop_spike   [   9% ] 000/225 VUs  01m02.7s/12m0s  02.00 iters/s

running (01m31.9s), 000/225 VUs, 127 complete and 0 interrupted iterations
openloop_spike   [   9% ] 000/225 VUs  01m03.7s/12m0s  02.00 iters/s

running (01m32.9s), 000/225 VUs, 129 complete and 0 interrupted iterations
openloop_spike   [   9% ] 000/225 VUs  01m04.7s/12m0s  02.00 iters/s

running (01m33.9s), 000/225 VUs, 131 complete and 0 interrupted iterations
openloop_spike   [   9% ] 000/225 VUs  01m05.7s/12m0s  02.00 iters/s

running (01m34.9s), 000/225 VUs, 133 complete and 0 interrupted iterations
openloop_spike   [   9% ] 000/225 VUs  01m06.7s/12m0s  02.00 iters/s

running (01m35.9s), 001/225 VUs, 134 complete and 0 interrupted iterations
openloop_spike   [   9% ] 001/225 VUs  01m07.7s/12m0s  02.00 iters/s

running (01m36.9s), 000/225 VUs, 137 complete and 0 interrupted iterations
openloop_spike   [  10% ] 000/225 VUs  01m08.7s/12m0s  02.00 iters/s

running (01m37.9s), 000/225 VUs, 139 complete and 0 interrupted iterations
openloop_spike   [  10% ] 000/225 VUs  01m09.7s/12m0s  02.00 iters/s

running (01m38.9s), 000/225 VUs, 141 complete and 0 interrupted iterations
openloop_spike   [  10% ] 000/225 VUs  01m10.7s/12m0s  02.00 iters/s

running (01m39.9s), 000/225 VUs, 143 complete and 0 interrupted iterations
openloop_spike   [  10% ] 000/225 VUs  01m11.7s/12m0s  02.00 iters/s

running (01m40.9s), 000/225 VUs, 145 complete and 0 interrupted iterations
openloop_spike   [  10% ] 000/225 VUs  01m12.7s/12m0s  02.00 iters/s

running (01m41.9s), 000/225 VUs, 147 complete and 0 interrupted iterations
openloop_spike   [  10% ] 000/225 VUs  01m13.7s/12m0s  02.00 iters/s

running (01m42.9s), 000/225 VUs, 149 complete and 0 interrupted iterations
openloop_spike   [  10% ] 000/225 VUs  01m14.7s/12m0s  02.00 iters/s

running (01m43.9s), 000/225 VUs, 151 complete and 0 interrupted iterations
openloop_spike   [  11% ] 000/225 VUs  01m15.7s/12m0s  02.00 iters/s

running (01m44.9s), 000/225 VUs, 153 complete and 0 interrupted iterations
openloop_spike   [  11% ] 000/225 VUs  01m16.7s/12m0s  02.00 iters/s

running (01m45.9s), 000/225 VUs, 155 complete and 0 interrupted iterations
openloop_spike   [  11% ] 000/225 VUs  01m17.7s/12m0s  02.00 iters/s

running (01m46.9s), 000/225 VUs, 157 complete and 0 interrupted iterations
openloop_spike   [  11% ] 000/225 VUs  01m18.7s/12m0s  02.00 iters/s

running (01m47.9s), 000/225 VUs, 159 complete and 0 interrupted iterations
openloop_spike   [  11% ] 000/225 VUs  01m19.7s/12m0s  02.00 iters/s

running (01m48.9s), 000/225 VUs, 161 complete and 0 interrupted iterations
openloop_spike   [  11% ] 000/225 VUs  01m20.7s/12m0s  02.00 iters/s

running (01m49.9s), 000/225 VUs, 163 complete and 0 interrupted iterations
openloop_spike   [  11% ] 000/225 VUs  01m21.7s/12m0s  02.00 iters/s

running (01m50.9s), 000/225 VUs, 165 complete and 0 interrupted iterations
openloop_spike   [  11% ] 000/225 VUs  01m22.7s/12m0s  02.00 iters/s

running (01m51.9s), 001/225 VUs, 166 complete and 0 interrupted iterations
openloop_spike   [  12% ] 001/225 VUs  01m23.7s/12m0s  02.00 iters/s

running (01m52.9s), 000/225 VUs, 169 complete and 0 interrupted iterations
openloop_spike   [  12% ] 000/225 VUs  01m24.7s/12m0s  02.00 iters/s

running (01m53.9s), 000/225 VUs, 171 complete and 0 interrupted iterations
openloop_spike   [  12% ] 000/225 VUs  01m25.7s/12m0s  02.00 iters/s

running (01m54.9s), 000/225 VUs, 173 complete and 0 interrupted iterations
openloop_spike   [  12% ] 000/225 VUs  01m26.7s/12m0s  02.00 iters/s

running (01m55.9s), 000/225 VUs, 175 complete and 0 interrupted iterations
openloop_spike   [  12% ] 000/225 VUs  01m27.7s/12m0s  02.00 iters/s

running (01m56.9s), 000/225 VUs, 177 complete and 0 interrupted iterations
openloop_spike   [  12% ] 000/225 VUs  01m28.7s/12m0s  02.00 iters/s

running (01m57.9s), 000/225 VUs, 179 complete and 0 interrupted iterations
openloop_spike   [  12% ] 000/225 VUs  01m29.7s/12m0s  02.00 iters/s

running (01m58.9s), 000/225 VUs, 181 complete and 0 interrupted iterations
openloop_spike   [  13% ] 000/225 VUs  01m30.7s/12m0s  02.00 iters/s

running (01m59.9s), 000/225 VUs, 183 complete and 0 interrupted iterations
openloop_spike   [  13% ] 000/225 VUs  01m31.7s/12m0s  02.00 iters/s

running (02m00.9s), 000/225 VUs, 185 complete and 0 interrupted iterations
openloop_spike   [  13% ] 000/225 VUs  01m32.7s/12m0s  02.00 iters/s

running (02m01.9s), 000/225 VUs, 187 complete and 0 interrupted iterations
openloop_spike   [  13% ] 000/225 VUs  01m33.7s/12m0s  02.00 iters/s

running (02m02.9s), 001/225 VUs, 188 complete and 0 interrupted iterations
openloop_spike   [  13% ] 001/225 VUs  01m34.7s/12m0s  02.00 iters/s

running (02m03.9s), 000/225 VUs, 191 complete and 0 interrupted iterations
openloop_spike   [  13% ] 000/225 VUs  01m35.7s/12m0s  02.00 iters/s

running (02m04.9s), 000/225 VUs, 193 complete and 0 interrupted iterations
openloop_spike   [  13% ] 000/225 VUs  01m36.7s/12m0s  02.00 iters/s

running (02m05.9s), 000/225 VUs, 195 complete and 0 interrupted iterations
openloop_spike   [  14% ] 000/225 VUs  01m37.7s/12m0s  02.00 iters/s

running (02m06.9s), 000/225 VUs, 197 complete and 0 interrupted iterations
openloop_spike   [  14% ] 000/225 VUs  01m38.7s/12m0s  02.00 iters/s

running (02m07.9s), 000/225 VUs, 199 complete and 0 interrupted iterations
openloop_spike   [  14% ] 000/225 VUs  01m39.7s/12m0s  02.00 iters/s

running (02m08.9s), 000/225 VUs, 201 complete and 0 interrupted iterations
openloop_spike   [  14% ] 000/225 VUs  01m40.7s/12m0s  02.00 iters/s

running (02m09.9s), 000/225 VUs, 203 complete and 0 interrupted iterations
openloop_spike   [  14% ] 000/225 VUs  01m41.7s/12m0s  02.00 iters/s

running (02m10.9s), 000/225 VUs, 205 complete and 0 interrupted iterations
openloop_spike   [  14% ] 000/225 VUs  01m42.7s/12m0s  02.00 iters/s

running (02m11.9s), 000/225 VUs, 207 complete and 0 interrupted iterations
openloop_spike   [  14% ] 000/225 VUs  01m43.7s/12m0s  02.00 iters/s

running (02m12.9s), 000/225 VUs, 209 complete and 0 interrupted iterations
openloop_spike   [  15% ] 000/225 VUs  01m44.7s/12m0s  02.00 iters/s

running (02m13.9s), 000/225 VUs, 211 complete and 0 interrupted iterations
openloop_spike   [  15% ] 000/225 VUs  01m45.7s/12m0s  02.00 iters/s

running (02m14.9s), 000/225 VUs, 213 complete and 0 interrupted iterations
openloop_spike   [  15% ] 000/225 VUs  01m46.7s/12m0s  02.00 iters/s

running (02m15.9s), 000/225 VUs, 215 complete and 0 interrupted iterations
openloop_spike   [  15% ] 000/225 VUs  01m47.7s/12m0s  02.00 iters/s

running (02m16.9s), 000/225 VUs, 217 complete and 0 interrupted iterations
openloop_spike   [  15% ] 000/225 VUs  01m48.7s/12m0s  02.00 iters/s

running (02m17.9s), 001/225 VUs, 218 complete and 0 interrupted iterations
openloop_spike   [  15% ] 001/225 VUs  01m49.7s/12m0s  02.00 iters/s

running (02m18.9s), 000/225 VUs, 221 complete and 0 interrupted iterations
openloop_spike   [  15% ] 000/225 VUs  01m50.7s/12m0s  02.00 iters/s

running (02m19.9s), 000/225 VUs, 223 complete and 0 interrupted iterations
openloop_spike   [  16% ] 000/225 VUs  01m51.7s/12m0s  02.00 iters/s

running (02m20.9s), 000/225 VUs, 225 complete and 0 interrupted iterations
openloop_spike   [  16% ] 000/225 VUs  01m52.7s/12m0s  02.00 iters/s

running (02m21.9s), 000/225 VUs, 227 complete and 0 interrupted iterations
openloop_spike   [  16% ] 000/225 VUs  01m53.7s/12m0s  02.00 iters/s

running (02m22.9s), 000/225 VUs, 229 complete and 0 interrupted iterations
openloop_spike   [  16% ] 000/225 VUs  01m54.7s/12m0s  02.00 iters/s

running (02m23.9s), 000/225 VUs, 231 complete and 0 interrupted iterations
openloop_spike   [  16% ] 000/225 VUs  01m55.7s/12m0s  02.00 iters/s

running (02m24.9s), 000/225 VUs, 233 complete and 0 interrupted iterations
openloop_spike   [  16% ] 000/225 VUs  01m56.7s/12m0s  02.00 iters/s

running (02m25.9s), 000/225 VUs, 235 complete and 0 interrupted iterations
openloop_spike   [  16% ] 000/225 VUs  01m57.7s/12m0s  02.00 iters/s

running (02m26.9s), 000/225 VUs, 237 complete and 0 interrupted iterations
openloop_spike   [  16% ] 000/225 VUs  01m58.7s/12m0s  02.00 iters/s

running (02m27.9s), 000/225 VUs, 239 complete and 0 interrupted iterations
openloop_spike   [  17% ] 000/225 VUs  01m59.7s/12m0s  02.00 iters/s

running (02m28.9s), 000/225 VUs, 241 complete and 0 interrupted iterations
openloop_spike   [  17% ] 000/225 VUs  02m00.7s/12m0s  03.50 iters/s

running (02m29.9s), 000/225 VUs, 247 complete and 0 interrupted iterations
openloop_spike   [  17% ] 000/225 VUs  02m01.7s/12m0s  06.78 iters/s

running (02m30.9s), 001/225 VUs, 254 complete and 0 interrupted iterations
openloop_spike   [  17% ] 001/225 VUs  02m02.7s/12m0s  09.53 iters/s

running (02m31.9s), 004/225 VUs, 262 complete and 0 interrupted iterations
openloop_spike   [  17% ] 004/225 VUs  02m03.7s/12m0s  12.34 iters/s

running (02m32.9s), 004/225 VUs, 275 complete and 0 interrupted iterations
openloop_spike   [  17% ] 004/225 VUs  02m04.7s/12m0s  15.01 iters/s

running (02m33.9s), 003/225 VUs, 293 complete and 0 interrupted iterations
openloop_spike   [  17% ] 003/225 VUs  02m05.7s/12m0s  17.90 iters/s

running (02m34.9s), 005/225 VUs, 310 complete and 0 interrupted iterations
openloop_spike   [  18% ] 005/225 VUs  02m06.7s/12m0s  20.66 iters/s

running (02m35.9s), 007/225 VUs, 330 complete and 0 interrupted iterations
openloop_spike   [  18% ] 007/225 VUs  02m07.7s/12m0s  23.45 iters/s

running (02m36.9s), 022/225 VUs, 340 complete and 0 interrupted iterations
openloop_spike   [  18% ] 022/225 VUs  02m08.7s/12m0s  26.27 iters/s

running (02m37.9s), 045/225 VUs, 345 complete and 0 interrupted iterations
openloop_spike   [  18% ] 045/225 VUs  02m09.7s/12m0s  29.10 iters/s

running (02m38.9s), 073/225 VUs, 346 complete and 0 interrupted iterations
openloop_spike   [  18% ] 073/225 VUs  02m10.7s/12m0s  30.00 iters/s
time="2026-10-06T00:24:17Z" level=warning msg="Request Failed" error="Post \"http://auth-service.ecommerce.svc.cluster.local:8001/auth/login\": request timeout"

running (02m39.9s), 100/225 VUs, 349 complete and 0 interrupted iterations
openloop_spike   [  18% ] 100/225 VUs  02m11.7s/12m0s  30.00 iters/s
time="2026-10-06T00:24:18Z" level=warning msg="Request Failed" error="Post \"http://auth-service.ecommerce.svc.cluster.local:8001/auth/login\": request timeout"
time="2026-10-06T00:24:18Z" level=warning msg="Request Failed" error="Post \"http://auth-service.ecommerce.svc.cluster.local:8001/auth/login\": request timeout"
time="2026-10-06T00:24:18Z" level=warning msg="Request Failed" error="Post \"http://auth-service.ecommerce.svc.cluster.local:8001/auth/login\": request timeout"
time="2026-10-06T00:24:18Z" level=warning msg="Request Failed" error="Post \"http://auth-service.ecommerce.svc.cluster.local:8001/auth/login\": request timeout"

running (02m40.9s), 121/225 VUs, 358 complete and 0 interrupted iterations
openloop_spike   [  18% ] 121/225 VUs  02m12.7s/12m0s  30.00 iters/s
time="2026-10-06T00:24:19Z" level=warning msg="Request Failed" error="Post \"http://auth-service.ecommerce.svc.cluster.local:8001/auth/login\": request timeout"
time="2026-10-06T00:24:19Z" level=warning msg="Request Failed" error="Post \"http://auth-service.ecommerce.svc.cluster.local:8001/auth/login\": request timeout"
time="2026-10-06T00:24:19Z" level=warning msg="Request Failed" error="Post \"http://auth-service.ecommerce.svc.cluster.local:8001/auth/login\": request timeout"
time="2026-10-06T00:24:19Z" level=warning msg="Request Failed" error="Post \"http://auth-service.ecommerce.svc.cluster.local:8001/auth/login\": request timeout"
time="2026-10-06T00:24:19Z" level=warning msg="Request Failed" error="Post \"http://auth-service.ecommerce.svc.cluster.local:8001/auth/login\": request timeout"
time="2026-10-06T00:24:19Z" level=warning msg="Request Failed" error="Post \"http://auth-service.ecommerce.svc.cluster.local:8001/auth/login\": request timeout"
time="2026-10-06T00:24:19Z" level=warning msg="Request Failed" error="Post \"http://auth-service.ecommerce.svc.cluster.local:8001/auth/login\": request timeout"
time="2026-10-06T00:24:19Z" level=warning msg="Request Failed" error="Post \"http://auth-service.ecommerce.svc.cluster.local:8001/auth/login\": request timeout"

running (02m41.9s), 135/225 VUs, 374 complete and 0 interrupted iterations
openloop_spike   [  19% ] 135/225 VUs  02m13.7s/12m0s  30.00 iters/s
time="2026-10-06T00:24:20Z" level=warning msg="Request Failed" error="Get \"http://auth-service.ecommerce.svc.cluster.local:8001/auth/me\": request timeout"
time="2026-10-06T00:24:20Z" level=warning msg="Request Failed" error="Post \"http://auth-service.ecommerce.svc.cluster.local:8001/auth/login\": request timeout"
time="2026-10-06T00:24:20Z" level=warning msg="Request Failed" error="Post \"http://auth-service.ecommerce.svc.cluster.local:8001/auth/login\": request timeout"
time="2026-10-06T00:24:20Z" level=warning msg="Request Failed" error="Post \"http://auth-service.ecommerce.svc.cluster.local:8001/auth/login\": request timeout"
time="2026-10-06T00:24:20Z" level=warning msg="Request Failed" error="Get \"http://auth-service.ecommerce.svc.cluster.local:8001/auth/me\": request timeout"
time="2026-10-06T00:24:20Z" level=warning msg="Request Failed" error="Post \"http://auth-service.ecommerce.svc.cluster.local:8001/auth/login\": request timeout"
time="2026-10-06T00:24:20Z" level=warning msg="Request Failed" error="Post \"http://auth-service.ecommerce.svc.cluster.local:8001/auth/login\": request timeout"
time="2026-10-06T00:24:20Z" level=warning msg="Request Failed" error="Post \"http://auth-service.ecommerce.svc.cluster.local:8001/auth/login\": request timeout"
time="2026-10-06T00:24:20Z" level=warning msg="Request Failed" error="Get \"http://auth-service.ecommerce.svc.cluster.local:8001/auth/me\": request timeout"
time="2026-10-06T00:24:20Z" level=warning msg="Request Failed" error="Post \"http://auth-service.ecommerce.svc.cluster.local:8001/auth/login\": request timeout"

running (02m42.9s), 132/225 VUs, 407 complete and 0 interrupted iterations
openloop_spike   [  19% ] 132/225 VUs  02m14.7s/12m0s  30.00 iters/s
time="2026-10-06T00:24:21Z" level=warning msg="Request Failed" error="Post \"http://auth-service.ecommerce.svc.cluster.local:8001/auth/login\": request timeout"
time="2026-10-06T00:24:21Z" level=warning msg="Request Failed" error="Post \"http://auth-service.ecommerce.svc.cluster.local:8001/auth/login\": request timeout"
time="2026-10-06T00:24:21Z" level=warning msg="Request Failed" error="Post \"http://auth-service.ecommerce.svc.cluster.local:8001/auth/login\": request timeout"
time="2026-10-06T00:24:21Z" level=warning msg="Request Failed" error="Post \"http://auth-service.ecommerce.svc.cluster.local:8001/auth/login\": request timeout"
time="2026-10-06T00:24:21Z" level=warning msg="Request Failed" error="Post \"http://auth-service.ecommerce.svc.cluster.local:8001/auth/login\": request timeout"
time="2026-10-06T00:24:21Z" level=warning msg="Request Failed" error="Post \"http://auth-service.ecommerce.svc.cluster.local:8001/auth/login\": request timeout"

running (02m43.9s), 140/225 VUs, 429 complete and 0 interrupted iterations
openloop_spike   [  19% ] 140/225 VUs  02m15.7s/12m0s  30.00 iters/s
time="2026-10-06T00:24:21Z" level=warning msg="Request Failed" error="Post \"http://auth-service.ecommerce.svc.cluster.local:8001/auth/login\": request timeout"
time="2026-10-06T00:24:22Z" level=warning msg="Request Failed" error="Post \"http://auth-service.ecommerce.svc.cluster.local:8001/auth/login\": request timeout"
time="2026-10-06T00:24:22Z" level=warning msg="Request Failed" error="Post \"http://auth-service.ecommerce.svc.cluster.local:8001/auth/login\": request timeout"
time="2026-10-06T00:24:22Z" level=warning msg="Request Failed" error="Post \"http://auth-service.ecommerce.svc.cluster.local:8001/auth/login\": request timeout"
time="2026-10-06T00:24:22Z" level=warning msg="Request Failed" error="request timeout"

running (02m44.9s), 147/225 VUs, 452 complete and 0 interrupted iterations
openloop_spike   [  19% ] 147/225 VUs  02m16.7s/12m0s  30.00 iters/s
time="2026-10-06T00:24:22Z" level=warning msg="Request Failed" error="Post \"http://auth-service.ecommerce.svc.cluster.local:8001/auth/login\": request timeout"
time="2026-10-06T00:24:23Z" level=warning msg="Request Failed" error="Post \"http://auth-service.ecommerce.svc.cluster.local:8001/auth/login\": request timeout"
time="2026-10-06T00:24:23Z" level=warning msg="Request Failed" error="Post \"http://auth-service.ecommerce.svc.cluster.local:8001/auth/login\": request timeout"
time="2026-10-06T00:24:23Z" level=warning msg="Request Failed" error="request timeout"
time="2026-10-06T00:24:23Z" level=warning msg="Request Failed" error="request timeout"
time="2026-10-06T00:24:23Z" level=warning msg="Request Failed" error="Get \"http://auth-service.ecommerce.svc.cluster.local:8001/auth/me\": request timeout"
time="2026-10-06T00:24:23Z" level=warning msg="Request Failed" error="Post \"http://auth-service.ecommerce.svc.cluster.local:8001/auth/login\": request timeout"
time="2026-10-06T00:24:23Z" level=warning msg="Request Failed" error="Post \"http://auth-service.ecommerce.svc.cluster.local:8001/auth/login\": request timeout"
time="2026-10-06T00:24:23Z" level=warning msg="Request Failed" error="request timeout"
time="2026-10-06T00:24:23Z" level=warning msg="Request Failed" error="Get \"http://auth-service.ecommerce.svc.cluster.local:8001/auth/me\": request timeout"
time="2026-10-06T00:24:23Z" level=warning msg="Request Failed" error="Post \"http://auth-service.ecommerce.svc.cluster.local:8001/auth/login\": request timeout"
time="2026-10-06T00:24:23Z" level=warning msg="Request Failed" error="Get \"http://auth-service.ecommerce.svc.cluster.local:8001/auth/me\": request timeout"
time="2026-10-06T00:24:23Z" level=warning msg="Request Failed" error="Get \"http://auth-service.ecommerce.svc.cluster.local:8001/auth/me\": request timeout"
time="2026-10-06T00:24:23Z" level=warning msg="Request Failed" error="Get \"http://auth-service.ecommerce.svc.cluster.local:8001/auth/me\": request timeout"
time="2026-10-06T00:24:23Z" level=warning msg="Request Failed" error="Get \"http://auth-service.ecommerce.svc.cluster.local:8001/auth/me\": request timeout"
time="2026-10-06T00:24:23Z" level=warning msg="Request Failed" error="Get \"http://auth-service.ecommerce.svc.cluster.local:8001/auth/me\": request timeout"
time="2026-10-06T00:24:23Z" level=warning msg="Request Failed" error="Post \"http://auth-service.ecommerce.svc.cluster.local:8001/auth/login\": request timeout"
time="2026-10-06T00:24:23Z" level=warning msg="Request Failed" error="Get \"http://auth-service.ecommerce.svc.cluster.local:8001/auth/me\": request timeout"
time="2026-10-06T00:24:23Z" level=warning msg="Request Failed" error="Post \"http://auth-service.ecommerce.svc.cluster.local:8001/auth/login\": request timeout"
time="2026-10-06T00:24:23Z" level=warning msg="Request Failed" error="Get \"http://auth-service.ecommerce.svc.cluster.local:8001/auth/me\": request timeout"
time="2026-10-06T00:24:23Z" level=warning msg="Request Failed" error="Get \"http://auth-service.ecommerce.svc.cluster.local:8001/auth/me\": request timeout"
time="2026-10-06T00:24:23Z" level=warning msg="Request Failed" error="Post \"http://auth-service.ecommerce.svc.cluster.local:8001/auth/login\": request timeout"

running (02m45.9s), 150/225 VUs, 479 complete and 0 interrupted iterations
openloop_spike   [  19% ] 150/225 VUs  02m17.7s/12m0s  30.00 iters/s
time="2026-10-06T00:24:23Z" level=warning msg="Request Failed" error="Post \"http://auth-service.ecommerce.svc.cluster.local:8001/auth/login\": request timeout"
time="2026-10-06T00:24:23Z" level=warning msg="Request Failed" error="Get \"http://auth-service.ecommerce.svc.cluster.local:8001/auth/me\": request timeout"
time="2026-10-06T00:24:24Z" level=warning msg="Request Failed" error="Get \"http://auth-service.ecommerce.svc.cluster.local:8001/auth/me\": request timeout"
time="2026-10-06T00:24:24Z" level=warning msg="Request Failed" error="Get \"http://auth-service.ecommerce.svc.cluster.local:8001/auth/me\": request timeout"
time="2026-10-06T00:24:24Z" level=warning msg="Request Failed" error="request timeout"
time="2026-10-06T00:24:24Z" level=warning msg="Request Failed" error="Post \"http://auth-service.ecommerce.svc.cluster.local:8001/auth/login\": request timeout"
time="2026-10-06T00:24:24Z" level=warning msg="Request Failed" error="Post \"http://auth-service.ecommerce.svc.cluster.local:8001/auth/login\": request timeout"
time="2026-10-06T00:24:24Z" level=warning msg="Request Failed" error="Post \"http://auth-service.ecommerce.svc.cluster.local:8001/auth/login\": request timeout"
time="2026-10-06T00:24:24Z" level=warning msg="Request Failed" error="Post \"http://auth-service.ecommerce.svc.cluster.local:8001/auth/login\": request timeout"

running (02m46.9s), 141/225 VUs, 518 complete and 0 interrupted iterations
openloop_spike   [  19% ] 141/225 VUs  02m18.7s/12m0s  30.00 iters/s
time="2026-10-06T00:24:25Z" level=warning msg="Request Failed" error="Post \"http://auth-service.ecommerce.svc.cluster.local:8001/auth/login\": request timeout"
time="2026-10-06T00:24:25Z" level=warning msg="Request Failed" error="Post \"http://auth-service.ecommerce.svc.cluster.local:8001/auth/login\": request timeout"
time="2026-10-06T00:24:25Z" level=warning msg="Request Failed" error="Post \"http://auth-service.ecommerce.svc.cluster.local:8001/auth/login\": request timeout"
time="2026-10-06T00:24:25Z" level=warning msg="Request Failed" error="Post \"http://auth-service.ecommerce.svc.cluster.local:8001/auth/login\": request timeout"
time="2026-10-06T00:24:25Z" level=warning msg="Request Failed" error="Post \"http://auth-service.ecommerce.svc.cluster.local:8001/auth/login\": request timeout"
time="2026-10-06T00:24:25Z" level=warning msg="Request Failed" error="Post \"http://auth-service.ecommerce.svc.cluster.local:8001/auth/login\": request timeout"
time="2026-10-06T00:24:25Z" level=warning msg="Request Failed" error="Post \"http://auth-service.ecommerce.svc.cluster.local:8001/auth/login\": request timeout"

running (02m47.9s), 149/225 VUs, 540 complete and 0 interrupted iterations
openloop_spike   [  19% ] 149/225 VUs  02m19.7s/12m0s  30.00 iters/s
time="2026-10-06T00:24:25Z" level=warning msg="Request Failed" error="Post \"http://auth-service.ecommerce.svc.cluster.local:8001/auth/login\": request timeout"
time="2026-10-06T00:24:25Z" level=warning msg="Request Failed" error="Post \"http://auth-service.ecommerce.svc.cluster.local:8001/auth/login\": request timeout"
time="2026-10-06T00:24:26Z" level=warning msg="Request Failed" error="Post \"http://auth-service.ecommerce.svc.cluster.local:8001/auth/login\": request timeout"
time="2026-10-06T00:24:26Z" level=warning msg="Request Failed" error="Post \"http://auth-service.ecommerce.svc.cluster.local:8001/auth/login\": request timeout"
time="2026-10-06T00:24:26Z" level=warning msg="Request Failed" error="Post \"http://auth-service.ecommerce.svc.cluster.local:8001/auth/login\": request timeout"
time="2026-10-06T00:24:26Z" level=warning msg="Request Failed" error="Post \"http://auth-service.ecommerce.svc.cluster.local:8001/auth/login\": request timeout"
time="2026-10-06T00:24:26Z" level=warning msg="Request Failed" error="Get \"http://auth-service.ecommerce.svc.cluster.local:8001/auth/me\": request timeout"
time="2026-10-06T00:24:26Z" level=warning msg="Request Failed" error="Get \"http://auth-service.ecommerce.svc.cluster.local:8001/auth/me\": request timeout"
time="2026-10-06T00:24:26Z" level=warning msg="Request Failed" error="Get \"http://auth-service.ecommerce.svc.cluster.local:8001/auth/me\": request timeout"
time="2026-10-06T00:24:26Z" level=warning msg="Request Failed" error="Get \"http://auth-service.ecommerce.svc.cluster.local:8001/auth/me\": request timeout"
time="2026-10-06T00:24:26Z" level=warning msg="Request Failed" error="Get \"http://auth-service.ecommerce.svc.cluster.local:8001/auth/me\": request timeout"
time="2026-10-06T00:24:26Z" level=warning msg="Request Failed" error="Get \"http://auth-service.ecommerce.svc.cluster.local:8001/auth/me\": request timeout"
time="2026-10-06T00:24:26Z" level=warning msg="Request Failed" error="Get \"http://auth-service.ecommerce.svc.cluster.local:8001/auth/me\": request timeout"
time="2026-10-06T00:24:26Z" level=warning msg="Request Failed" error="Get \"http://auth-service.ecommerce.svc.cluster.local:8001/auth/me\": request timeout"
time="2026-10-06T00:24:26Z" level=warning msg="Request Failed" error="Get \"http://auth-service.ecommerce.svc.cluster.local:8001/auth/me\": request timeout"
time="2026-10-06T00:24:26Z" level=warning msg="Request Failed" error="Post \"http://auth-service.ecommerce.svc.cluster.local:8001/auth/login\": request timeout"
time="2026-10-06T00:24:26Z" level=warning msg="Request Failed" error="Get \"http://auth-service.ecommerce.svc.cluster.local:8001/auth/me\": request timeout"
time="2026-10-06T00:24:26Z" level=warning msg="Request Failed" error="Get \"http://auth-service.ecommerce.svc.cluster.local:8001/auth/me\": request timeout"
time="2026-10-06T00:24:26Z" level=warning msg="Request Failed" error="Get \"http://auth-service.ecommerce.svc.cluster.local:8001/auth/me\": request timeout"
time="2026-10-06T00:24:26Z" level=warning msg="Request Failed" error="Get \"http://auth-service.ecommerce.svc.cluster.local:8001/auth/me\": request timeout"
time="2026-10-06T00:24:26Z" level=warning msg="Request Failed" error="Get \"http://auth-service.ecommerce.svc.cluster.local:8001/auth/me\": request timeout"
time="2026-10-06T00:24:26Z" level=warning msg="Request Failed" error="Get \"http://auth-service.ecommerce.svc.cluster.local:8001/auth/me\": request timeout"
time="2026-10-06T00:24:26Z" level=warning msg="Request Failed" error="Get \"http://auth-service.ecommerce.svc.cluster.local:8001/auth/me\": request timeout"
time="2026-10-06T00:24:26Z" level=warning msg="Request Failed" error="Post \"http://auth-service.ecommerce.svc.cluster.local:8001/auth/login\": request timeout"

running (02m48.9s), 150/225 VUs, 569 complete and 0 interrupted iterations
openloop_spike   [  20% ] 150/225 VUs  02m20.7s/12m0s  30.00 iters/s
time="2026-10-06T00:24:26Z" level=warning msg="Request Failed" error="Post \"http://auth-service.ecommerce.svc.cluster.local:8001/auth/login\": request timeout"
time="2026-10-06T00:24:26Z" level=warning msg="Request Failed" error="Get \"http://auth-service.ecommerce.svc.cluster.local:8001/auth/me\": request timeout"
time="2026-10-06T00:24:27Z" level=warning msg="Request Failed" error="Post \"http://auth-service.ecommerce.svc.cluster.local:8001/auth/login\": request timeout"
time="2026-10-06T00:24:27Z" level=warning msg="Request Failed" error="Get \"http://auth-service.ecommerce.svc.cluster.local:8001/auth/me\": request timeout"
time="2026-10-06T00:24:27Z" level=warning msg="Request Failed" error="Post \"http://auth-service.ecommerce.svc.cluster.local:8001/auth/login\": request timeout"
time="2026-10-06T00:24:27Z" level=warning msg="Request Failed" error="Get \"http://auth-service.ecommerce.svc.cluster.local:8001/auth/me\": request timeout"
time="2026-10-06T00:24:27Z" level=warning msg="Request Failed" error="Get \"http://auth-service.ecommerce.svc.cluster.local:8001/auth/me\": request timeout"
time="2026-10-06T00:24:27Z" level=warning msg="Request Failed" error="Get \"http://auth-service.ecommerce.svc.cluster.local:8001/auth/me\": request timeout"
time="2026-10-06T00:24:27Z" level=warning msg="Request Failed" error="Get \"http://auth-service.ecommerce.svc.cluster.local:8001/auth/me\": request timeout"
time="2026-10-06T00:24:27Z" level=warning msg="Request Failed" error="Get \"http://auth-service.ecommerce.svc.cluster.local:8001/auth/me\": request timeout"
time="2026-10-06T00:24:27Z" level=warning msg="Request Failed" error="Get \"http://auth-service.ecommerce.svc.cluster.local:8001/auth/me\": request timeout"
time="2026-10-06T00:24:27Z" level=warning msg="Request Failed" error="Get \"http://auth-service.ecommerce.svc.cluster.local:8001/auth/me\": request timeout"
time="2026-10-06T00:24:27Z" level=warning msg="Request Failed" error="Get \"http://auth-service.ecommerce.svc.cluster.local:8001/auth/me\": request timeout"
time="2026-10-06T00:24:27Z" level=warning msg="Request Failed" error="Post \"http://auth-service.ecommerce.svc.cluster.local:8001/auth/login\": request timeout"
time="2026-10-06T00:24:27Z" level=warning msg="Request Failed" error="Post \"http://auth-service.ecommerce.svc.cluster.local:8001/auth/login\": request timeout"
time="2026-10-06T00:24:27Z" level=warning msg="Request Failed" error="Get \"http://auth-service.ecommerce.svc.cluster.local:8001/auth/me\": request timeout"
time="2026-10-06T00:24:27Z" level=warning msg="Request Failed" error="Get \"http://auth-service.ecommerce.svc.cluster.local:8001/auth/me\": request timeout"
time="2026-10-06T00:24:27Z" level=warning msg="Request Failed" error="Post \"http://auth-service.ecommerce.svc.cluster.local:8001/auth/login\": request timeout"
time="2026-10-06T00:24:27Z" level=warning msg="Request Failed" error="Post \"http://auth-service.ecommerce.svc.cluster.local:8001/auth/login\": request timeout"
time="2026-10-06T00:24:27Z" level=warning msg="Request Failed" error="Post \"http://auth-service.ecommerce.svc.cluster.local:8001/auth/login\": request timeout"
time="2026-10-06T00:24:27Z" level=warning msg="Request Failed" error="Get \"http://auth-service.ecommerce.svc.cluster.local:8001/auth/me\": request timeout"
time="2026-10-06T00:24:27Z" level=warning msg="Request Failed" error="Get \"http://auth-service.ecommerce.svc.cluster.local:8001/auth/me\": request timeout"
time="2026-10-06T00:24:27Z" level=warning msg="Request Failed" error="Get \"http://auth-service.ecommerce.svc.cluster.local:8001/auth/me\": request timeout"
time="2026-10-06T00:24:27Z" level=warning msg="Request Failed" error="Get \"http://auth-service.ecommerce.svc.cluster.local:8001/auth/me\": request timeout"
time="2026-10-06T00:24:27Z" level=warning msg="Request Failed" error="Post \"http://auth-service.ecommerce.svc.cluster.local:8001/auth/login\": request timeout"
time="2026-10-06T00:24:27Z" level=warning msg="Request Failed" error="Post \"http://auth-service.ecommerce.svc.cluster.local:8001/auth/login\": request timeout"
time="2026-10-06T00:24:27Z" level=warning msg="Request Failed" error="Get \"http://auth-service.ecommerce.svc.cluster.local:8001/auth/me\": request timeout"
time="2026-10-06T00:24:27Z" level=warning msg="Request Failed" error="Get \"http://auth-service.ecommerce.svc.cluster.local:8001/auth/me\": request timeout"
time="2026-10-06T00:24:27Z" level=warning msg="Request Failed" error="Post \"http://auth-service.ecommerce.svc.cluster.local:8001/auth/login\": request timeout"
time="2026-10-06T00:24:27Z" level=warning msg="Request Failed" error="Get \"http://auth-service.ecommerce.svc.cluster.local:8001/auth/me\": request timeout"

running (02m49.9s), 150/225 VUs, 599 complete and 0 interrupted iterations
openloop_spike   [  20% ] 150/225 VUs  02m21.7s/12m0s  30.00 iters/s
time="2026-10-06T00:24:27Z" level=warning msg="Request Failed" error="Post \"http://auth-service.ecommerce.svc.cluster.local:8001/auth/login\": request timeout"
time="2026-10-06T00:24:27Z" level=warning msg="Request Failed" error="Post \"http://auth-service.ecommerce.svc.cluster.local:8001/auth/login\": request timeout"
time="2026-10-06T00:24:28Z" level=warning msg="Request Failed" error="Get \"http://auth-service.ecommerce.svc.cluster.local:8001/auth/me\": request timeout"
time="2026-10-06T00:24:28Z" level=warning msg="Request Failed" error="Get \"http://auth-service.ecommerce.svc.cluster.local:8001/auth/me\": request timeout"
time="2026-10-06T00:24:28Z" level=warning msg="Request Failed" error="Get \"http://auth-service.ecommerce.svc.cluster.local:8001/auth/me\": request timeout"
time="2026-10-06T00:24:28Z" level=warning msg="Request Failed" error="Post \"http://auth-service.ecommerce.svc.cluster.local:8001/auth/login\": request timeout"
time="2026-10-06T00:24:28Z" level=warning msg="Request Failed" error="Get \"http://auth-service.ecommerce.svc.cluster.local:8001/auth/me\": request timeout"
time="2026-10-06T00:24:28Z" level=warning msg="Request Failed" error="Get \"http://auth-service.ecommerce.svc.cluster.local:8001/auth/me\": request timeout"
time="2026-10-06T00:24:28Z" level=warning msg="Request Failed" error="Get \"http://auth-service.ecommerce.svc.cluster.local:8001/auth/me\": request timeout"
time="2026-10-06T00:24:28Z" level=warning msg="Request Failed" error="Get \"http://auth-service.ecommerce.svc.cluster.local:8001/auth/me\": request timeout"
time="2026-10-06T00:24:28Z" level=warning msg="Request Failed" error="Get \"http://auth-service.ecommerce.svc.cluster.local:8001/auth/me\": request timeout"
time="2026-10-06T00:24:28Z" level=warning msg="Request Failed" error="Get \"http://auth-service.ecommerce.svc.cluster.local:8001/auth/me\": request timeout"
time="2026-10-06T00:24:28Z" level=warning msg="Request Failed" error="Post \"http://auth-service.ecommerce.svc.cluster.local:8001/auth/login\": request timeout"
time="2026-10-06T00:24:28Z" level=warning msg="Request Failed" error="Get \"http://auth-service.ecommerce.svc.cluster.local:8001/auth/me\": request timeout"
time="2026-10-06T00:24:28Z" level=warning msg="Request Failed" error="Get \"http://auth-service.ecommerce.svc.cluster.local:8001/auth/me\": request timeout"
time="2026-10-06T00:24:28Z" level=warning msg="Request Failed" error="Get \"http://auth-service.ecommerce.svc.cluster.local:8001/auth/me\": request timeout"
time="2026-10-06T00:24:28Z" level=warning msg="Request Failed" error="Get \"http://auth-service.ecommerce.svc.cluster.local:8001/auth/me\": request timeout"
time="2026-10-06T00:24:28Z" level=warning msg="Request Failed" error="Post \"http://auth-service.ecommerce.svc.cluster.local:8001/auth/login\": request timeout"
time="2026-10-06T00:24:28Z" level=warning msg="Request Failed" error="Get \"http://auth-service.ecommerce.svc.cluster.local:8001/auth/me\": request timeout"
time="2026-10-06T00:24:28Z" level=warning msg="Request Failed" error="Post \"http://auth-service.ecommerce.svc.cluster.local:8001/auth/login\": request timeout"
time="2026-10-06T00:24:28Z" level=warning msg="Request Failed" error="Post \"http://auth-service.ecommerce.svc.cluster.local:8001/auth/login\": request timeout"
time="2026-10-06T00:24:28Z" level=warning msg="Request Failed" error="Post \"http://auth-service.ecommerce.svc.cluster.local:8001/auth/login\": request timeout"
time="2026-10-06T00:24:28Z" level=warning msg="Request Failed" error="Post \"http://auth-service.ecommerce.svc.cluster.local:8001/auth/login\": request timeout"
time="2026-10-06T00:24:28Z" level=warning msg="Request Failed" error="Post \"http://auth-service.ecommerce.svc.cluster.local:8001/auth/login\": request timeout"
time="2026-10-06T00:24:28Z" level=warning msg="Request Failed" error="Get \"http://auth-service.ecommerce.svc.cluster.local:8001/auth/me\": request timeout"
time="2026-10-06T00:24:28Z" level=warning msg="Request Failed" error="Get \"http://auth-service.ecommerce.svc.cluster.local:8001/auth/me\": request timeout"
time="2026-10-06T00:24:28Z" level=warning msg="Request Failed" error="Get \"http://auth-service.ecommerce.svc.cluster.local:8001/auth/me\": request timeout"
time="2026-10-06T00:24:28Z" level=warning msg="Request Failed" error="Post \"http://auth-service.ecommerce.svc.cluster.local:8001/auth/login\": request timeout"
time="2026-10-06T00:24:28Z" level=warning msg="Request Failed" error="Get \"http://auth-service.ecommerce.svc.cluster.local:8001/auth/me\": request timeout"
time="2026-10-06T00:24:28Z" level=warning msg="Request Failed" error="Get \"http://auth-service.ecommerce.svc.cluster.local:8001/auth/me\": request timeout"

running (02m50.9s), 150/225 VUs, 629 complete and 0 interrupted iterations
openloop_spike   [  20% ] 150/225 VUs  02m22.7s/12m0s  30.00 iters/s
time="2026-10-06T00:24:28Z" level=warning msg="Request Failed" error="Get \"http://auth-service.ecommerce.svc.cluster.local:8001/auth/me\": request timeout"
time="2026-10-06T00:24:28Z" level=warning msg="Request Failed" error="Post \"http://auth-service.ecommerce.svc.cluster.local:8001/auth/login\": request timeout"
time="2026-10-06T00:24:29Z" level=warning msg="Request Failed" error="Get \"http://auth-service.ecommerce.svc.cluster.local:8001/auth/me\": request timeout"
time="2026-10-06T00:24:29Z" level=warning msg="Request Failed" error="Get \"http://auth-service.ecommerce.svc.cluster.local:8001/auth/me\": request timeout"
time="2026-10-06T00:24:29Z" level=warning msg="Request Failed" error="Post \"http://auth-service.ecommerce.svc.cluster.local:8001/auth/login\": request timeout"
time="2026-10-06T00:24:29Z" level=warning msg="Request Failed" error="Get \"http://auth-service.ecommerce.svc.cluster.local:8001/auth/me\": request timeout"
time="2026-10-06T00:24:29Z" level=warning msg="Request Failed" error="Get \"http://auth-service.ecommerce.svc.cluster.local:8001/auth/me\": request timeout"
time="2026-10-06T00:24:29Z" level=warning msg="Request Failed" error="Get \"http://auth-service.ecommerce.svc.cluster.local:8001/auth/me\": request timeout"
time="2026-10-06T00:24:29Z" level=warning msg="Request Failed" error="Get \"http://auth-service.ecommerce.svc.cluster.local:8001/auth/me\": request timeout"
time="2026-10-06T00:24:29Z" level=warning msg="Request Failed" error="Get \"http://auth-service.ecommerce.svc.cluster.local:8001/auth/me\": request timeout"
time="2026-10-06T00:24:29Z" level=warning msg="Request Failed" error="Get \"http://auth-service.ecommerce.svc.cluster.local:8001/auth/me\": request timeout"
time="2026-10-06T00:24:29Z" level=warning msg="Request Failed" error="Get \"http://auth-service.ecommerce.svc.cluster.local:8001/auth/me\": request timeout"
time="2026-10-06T00:24:29Z" level=warning msg="Request Failed" error="Get \"http://auth-service.ecommerce.svc.cluster.local:8001/auth/me\": request timeout"
time="2026-10-06T00:24:29Z" level=warning msg="Request Failed" error="Post \"http://auth-service.ecommerce.svc.cluster.local:8001/auth/login\": request timeout"
time="2026-10-06T00:24:29Z" level=warning msg="Request Failed" error="Get \"http://auth-service.ecommerce.svc.cluster.local:8001/auth/me\": request timeout"
time="2026-10-06T00:24:29Z" level=warning msg="Request Failed" error="Get \"http://auth-service.ecommerce.svc.cluster.local:8001/auth/me\": request timeout"
time="2026-10-06T00:24:29Z" level=warning msg="Request Failed" error="Get \"http://auth-service.ecommerce.svc.cluster.local:8001/auth/me\": request timeout"
time="2026-10-06T00:24:29Z" level=warning msg="Request Failed" error="Post \"http://auth-service.ecommerce.svc.cluster.local:8001/auth/login\": request timeout"
time="2026-10-06T00:24:29Z" level=warning msg="Request Failed" error="Post \"http://auth-service.ecommerce.svc.cluster.local:8001/auth/login\": request timeout"
time="2026-10-06T00:24:29Z" level=warning msg="Request Failed" error="Get \"http://auth-service.ecommerce.svc.cluster.local:8001/auth/me\": request timeout"
time="2026-10-06T00:24:29Z" level=warning msg="Request Failed" error="Get \"http://auth-service.ecommerce.svc.cluster.local:8001/auth/me\": request timeout"
time="2026-10-06T00:24:29Z" level=warning msg="Request Failed" error="Get \"http://auth-service.ecommerce.svc.cluster.local:8001/auth/me\": request timeout"
time="2026-10-06T00:24:29Z" level=warning msg="Request Failed" error="Get \"http://auth-service.ecommerce.svc.cluster.local:8001/auth/me\": request timeout"
time="2026-10-06T00:24:29Z" level=warning msg="Request Failed" error="Get \"http://auth-service.ecommerce.svc.cluster.local:8001/auth/me\": request timeout"
time="2026-10-06T00:24:29Z" level=warning msg="Request Failed" error="Get \"http://auth-service.ecommerce.svc.cluster.local:8001/auth/me\": request timeout"
time="2026-10-06T00:24:29Z" level=warning msg="Request Failed" error="Get \"http://auth-service.ecommerce.svc.cluster.local:8001/auth/me\": request timeout"
time="2026-10-06T00:24:29Z" level=warning msg="Request Failed" error="Get \"http://auth-service.ecommerce.svc.cluster.local:8001/auth/me\": request timeout"
time="2026-10-06T00:24:29Z" level=warning msg="Request Failed" error="Post \"http://auth-service.ecommerce.svc.cluster.local:8001/auth/login\": request timeout"
time="2026-10-06T00:24:29Z" level=warning msg="Request Failed" error="Get \"http://auth-service.ecommerce.svc.cluster.local:8001/auth/me\": request timeout"
time="2026-10-06T00:24:29Z" level=warning msg="Request Failed" error="Get \"http://auth-service.ecommerce.svc.cluster.local:8001/auth/me\": request timeout"

running (02m51.9s), 150/225 VUs, 659 complete and 0 interrupted iterations
openloop_spike   [  20% ] 150/225 VUs  02m23.7s/12m0s  30.00 iters/s
time="2026-10-06T00:24:29Z" level=warning msg="Request Failed" error="Get \"http://auth-service.ecommerce.svc.cluster.local:8001/auth/me\": request timeout"
time="2026-10-06T00:24:29Z" level=warning msg="Request Failed" error="Get \"http://auth-service.ecommerce.svc.cluster.local:8001/auth/me\": request timeout"
time="2026-10-06T00:24:30Z" level=warning msg="Request Failed" error="Post \"http://auth-service.ecommerce.svc.cluster.local:8001/auth/login\": request timeout"
time="2026-10-06T00:24:30Z" level=warning msg="Request Failed" error="Get \"http://auth-service.ecommerce.svc.cluster.local:8001/auth/me\": request timeout"
time="2026-10-06T00:24:30Z" level=warning msg="Request Failed" error="Get \"http://auth-service.ecommerce.svc.cluster.local:8001/auth/me\": request timeout"
time="2026-10-06T00:24:30Z" level=warning msg="Request Failed" error="Post \"http://auth-service.ecommerce.svc.cluster.local:8001/auth/login\": request timeout"
time="2026-10-06T00:24:30Z" level=warning msg="Request Failed" error="Get \"http://auth-service.ecommerce.svc.cluster.local:8001/auth/me\": request timeout"
time="2026-10-06T00:24:30Z" level=warning msg="Request Failed" error="Get \"http://auth-service.ecommerce.svc.cluster.local:8001/auth/me\": request timeout"
time="2026-10-06T00:24:30Z" level=warning msg="Request Failed" error="Post \"http://auth-service.ecommerce.svc.cluster.local:8001/auth/login\": request timeout"
time="2026-10-06T00:24:30Z" level=warning msg="Request Failed" error="Get \"http://auth-service.ecommerce.svc.cluster.local:8001/auth/me\": request timeout"
time="2026-10-06T00:24:30Z" level=warning msg="Request Failed" error="Post \"http://auth-service.ecommerce.svc.cluster.local:8001/auth/login\": request timeout"
time="2026-10-06T00:24:30Z" level=warning msg="Request Failed" error="Get \"http://auth-service.ecommerce.svc.cluster.local:8001/auth/me\": request timeout"
time="2026-10-06T00:24:30Z" level=warning msg="Request Failed" error="Post \"http://auth-service.ecommerce.svc.cluster.local:8001/auth/login\": request timeout"
time="2026-10-06T00:24:30Z" level=warning msg="Request Failed" error="Post \"http://auth-service.ecommerce.svc.cluster.local:8001/auth/login\": request timeout"
time="2026-10-06T00:24:30Z" level=warning msg="Request Failed" error="Get \"http://auth-service.ecommerce.svc.cluster.local:8001/auth/me\": request timeout"
time="2026-10-06T00:24:30Z" level=warning msg="Request Failed" error="Get \"http://auth-service.ecommerce.svc.cluster.local:8001/auth/me\": request timeout"
time="2026-10-06T00:24:30Z" level=warning msg="Request Failed" error="Get \"http://auth-service.ecommerce.svc.cluster.local:8001/auth/me\": request timeout"
time="2026-10-06T00:24:30Z" level=warning msg="Request Failed" error="Get \"http://auth-service.ecommerce.svc.cluster.local:8001/auth/me\": request timeout"
time="2026-10-06T00:24:30Z" level=warning msg="Request Failed" error="Post \"http://auth-service.ecommerce.svc.cluster.local:8001/auth/login\": request timeout"
time="2026-10-06T00:24:30Z" level=warning msg="Request Failed" error="Post \"http://auth-service.ecommerce.svc.cluster.local:8001/auth/login\": request timeout"
time="2026-10-06T00:24:30Z" level=warning msg="Request Failed" error="Post \"http://auth-service.ecommerce.svc.cluster.local:8001/auth/login\": request timeout"
time="2026-10-06T00:24:30Z" level=warning msg="Request Failed" error="Post \"http://auth-service.ecommerce.svc.cluster.local:8001/auth/login\": request timeout"
time="2026-10-06T00:24:30Z" level=warning msg="Request Failed" error="Get \"http://auth-service.ecommerce.svc.cluster.local:8001/auth/me\": request timeout"
time="2026-10-06T00:24:30Z" level=warning msg="Request Failed" error="Get \"http://auth-service.ecommerce.svc.cluster.local:8001/auth/me\": request timeout"
time="2026-10-06T00:24:30Z" level=warning msg="Request Failed" error="Get \"http://auth-service.ecommerce.svc.cluster.local:8001/auth/me\": request timeout"
time="2026-10-06T00:24:30Z" level=warning msg="Request Failed" error="Get \"http://auth-service.ecommerce.svc.cluster.local:8001/auth/me\": request timeout"
time="2026-10-06T00:24:30Z" level=warning msg="Request Failed" error="Get \"http://auth-service.ecommerce.svc.cluster.local:8001/auth/me\": request timeout"
time="2026-10-06T00:24:30Z" level=warning msg="Request Failed" error="Get \"http://auth-service.ecommerce.svc.cluster.local:8001/auth/me\": request timeout"
time="2026-10-06T00:24:30Z" level=warning msg="Request Failed" error="Get \"http://auth-service.ecommerce.svc.cluster.local:8001/auth/me\": request timeout"
time="2026-10-06T00:24:30Z" level=warning msg="Request Failed" error="Get \"http://auth-service.ecommerce.svc.cluster.local:8001/auth/me\": request timeout"

running (02m52.9s), 150/225 VUs, 689 complete and 0 interrupted iterations
openloop_spike   [  20% ] 150/225 VUs  02m24.7s/12m0s  30.00 iters/s
time="2026-10-06T00:24:30Z" level=warning msg="Request Failed" error="Post \"http://auth-service.ecommerce.svc.cluster.local:8001/auth/login\": request timeout"
time="2026-10-06T00:24:30Z" level=warning msg="Request Failed" error="Get \"http://auth-service.ecommerce.svc.cluster.local:8001/auth/me\": request timeout"
time="2026-10-06T00:24:31Z" level=warning msg="Request Failed" error="Get \"http://auth-service.ecommerce.svc.cluster.local:8001/auth/me\": request timeout"
time="2026-10-06T00:24:31Z" level=warning msg="Request Failed" error="Post \"http://auth-service.ecommerce.svc.cluster.local:8001/auth/login\": request timeout"
time="2026-10-06T00:24:31Z" level=warning msg="Request Failed" error="Get \"http://auth-service.ecommerce.svc.cluster.local:8001/auth/me\": request timeout"
time="2026-10-06T00:24:31Z" level=warning msg="Request Failed" error="Get \"http://auth-service.ecommerce.svc.cluster.local:8001/auth/me\": request timeout"
time="2026-10-06T00:24:31Z" level=warning msg="Request Failed" error="Post \"http://auth-service.ecommerce.svc.cluster.local:8001/auth/login\": request timeout"
time="2026-10-06T00:24:31Z" level=warning msg="Request Failed" error="Get \"http://auth-service.ecommerce.svc.cluster.local:8001/auth/me\": request timeout"
time="2026-10-06T00:24:31Z" level=warning msg="Request Failed" error="Get \"http://auth-service.ecommerce.svc.cluster.local:8001/auth/me\": request timeout"
time="2026-10-06T00:24:31Z" level=warning msg="Request Failed" error="Get \"http://auth-service.ecommerce.svc.cluster.local:8001/auth/me\": request timeout"
time="2026-10-06T00:24:31Z" level=warning msg="Request Failed" error="Get \"http://auth-service.ecommerce.svc.cluster.local:8001/auth/me\": request timeout"
time="2026-10-06T00:24:31Z" level=warning msg="Request Failed" error="Get \"http://auth-service.ecommerce.svc.cluster.local:8001/auth/me\": request timeout"
time="2026-10-06T00:24:31Z" level=warning msg="Request Failed" error="Get \"http://auth-service.ecommerce.svc.cluster.local:8001/auth/me\": request timeout"
time="2026-10-06T00:24:31Z" level=warning msg="Request Failed" error="Get \"http://auth-service.ecommerce.svc.cluster.local:8001/auth/me\": request timeout"
time="2026-10-06T00:24:31Z" level=warning msg="Request Failed" error="Get \"http://auth-service.ecommerce.svc.cluster.local:8001/auth/me\": request timeout"
time="2026-10-06T00:24:31Z" level=warning msg="Request Failed" error="Post \"http://auth-service.ecommerce.svc.cluster.local:8001/auth/login\": request timeout"
time="2026-10-06T00:24:31Z" level=warning msg="Request Failed" error="Post \"http://auth-service.ecommerce.svc.cluster.local:8001/auth/login\": request timeout"
time="2026-10-06T00:24:31Z" level=warning msg="Request Failed" error="Post \"http://auth-service.ecommerce.svc.cluster.local:8001/auth/login\": request timeout"
time="2026-10-06T00:24:31Z" level=warning msg="Request Failed" error="Post \"http://auth-service.ecommerce.svc.cluster.local:8001/auth/login\": request timeout"
time="2026-10-06T00:24:31Z" level=warning msg="Request Failed" error="Get \"http://auth-service.ecommerce.svc.cluster.local:8001/auth/me\": request timeout"
time="2026-10-06T00:24:31Z" level=warning msg="Request Failed" error="Post \"http://auth-service.ecommerce.svc.cluster.local:8001/auth/login\": request timeout"
time="2026-10-06T00:24:31Z" level=warning msg="Request Failed" error="Get \"http://auth-service.ecommerce.svc.cluster.local:8001/auth/me\": request timeout"
time="2026-10-06T00:24:31Z" level=warning msg="Request Failed" error="Get \"http://auth-service.ecommerce.svc.cluster.local:8001/auth/me\": request timeout"
time="2026-10-06T00:24:31Z" level=warning msg="Request Failed" error="Get \"http://auth-service.ecommerce.svc.cluster.local:8001/auth/me\": request timeout"
time="2026-10-06T00:24:31Z" level=warning msg="Request Failed" error="Get \"http://auth-service.ecommerce.svc.cluster.local:8001/auth/me\": request timeout"
time="2026-10-06T00:24:31Z" level=warning msg="Request Failed" error="Get \"http://auth-service.ecommerce.svc.cluster.local:8001/auth/me\": request timeout"
time="2026-10-06T00:24:31Z" level=warning msg="Request Failed" error="Get \"http://auth-service.ecommerce.svc.cluster.local:8001/auth/me\": request timeout"
time="2026-10-06T00:24:31Z" level=warning msg="Request Failed" error="Get \"http://auth-service.ecommerce.svc.cluster.local:8001/auth/me\": request timeout"
time="2026-10-06T00:24:31Z" level=warning msg="Request Failed" error="Get \"http://auth-service.ecommerce.svc.cluster.local:8001/auth/me\": request timeout"
time="2026-10-06T00:24:31Z" level=warning msg="Request Failed" error="Get \"http://auth-service.ecommerce.svc.cluster.local:8001/auth/me\": request timeout"

running (02m53.9s), 150/225 VUs, 719 complete and 0 interrupted iterations
openloop_spike   [  20% ] 150/225 VUs  02m25.7s/12m0s  30.00 iters/s
time="2026-10-06T00:24:31Z" level=warning msg="Request Failed" error="Get \"http://auth-service.ecommerce.svc.cluster.local:8001/auth/me\": request timeout"
time="2026-10-06T00:24:31Z" level=warning msg="Request Failed" error="Get \"http://auth-service.ecommerce.svc.cluster.local:8001/auth/me\": request timeout"
time="2026-10-06T00:24:32Z" level=warning msg="Request Failed" error="Post \"http://auth-service.ecommerce.svc.cluster.local:8001/auth/login\": request timeout"
time="2026-10-06T00:24:32Z" level=warning msg="Request Failed" error="Get \"http://auth-service.ecommerce.svc.cluster.local:8001/auth/me\": request timeout"
time="2026-10-06T00:24:32Z" level=warning msg="Request Failed" error="Post \"http://auth-service.ecommerce.svc.cluster.local:8001/auth/login\": request timeout"
time="2026-10-06T00:24:32Z" level=warning msg="Request Failed" error="Get \"http://auth-service.ecommerce.svc.cluster.local:8001/auth/me\": request timeout"
time="2026-10-06T00:24:32Z" level=warning msg="Request Failed" error="Get \"http://auth-service.ecommerce.svc.cluster.local:8001/auth/me\": request timeout"
time="2026-10-06T00:24:32Z" level=warning msg="Request Failed" error="Get \"http://auth-service.ecommerce.svc.cluster.local:8001/auth/me\": request timeout"
time="2026-10-06T00:24:32Z" level=warning msg="Request Failed" error="Post \"http://auth-service.ecommerce.svc.cluster.local:8001/auth/login\": request timeout"
time="2026-10-06T00:24:32Z" level=warning msg="Request Failed" error="Get \"http://auth-service.ecommerce.svc.cluster.local:8001/auth/me\": request timeout"
time="2026-10-06T00:24:32Z" level=warning msg="Request Failed" error="Get \"http://auth-service.ecommerce.svc.cluster.local:8001/auth/me\": request timeout"
time="2026-10-06T00:24:32Z" level=warning msg="Request Failed" error="Post \"http://auth-service.ecommerce.svc.cluster.local:8001/auth/login\": request timeout"
time="2026-10-06T00:24:32Z" level=warning msg="Request Failed" error="Post \"http://auth-service.ecommerce.svc.cluster.local:8001/auth/login\": request timeout"
time="2026-10-06T00:24:32Z" level=warning msg="Request Failed" error="Get \"http://auth-service.ecommerce.svc.cluster.local:8001/auth/me\": request timeout"
time="2026-10-06T00:24:32Z" level=warning msg="Request Failed" error="Get \"http://auth-service.ecommerce.svc.cluster.local:8001/auth/me\": request timeout"
time="2026-10-06T00:24:32Z" level=warning msg="Request Failed" error="Get \"http://auth-service.ecommerce.svc.cluster.local:8001/auth/me\": request timeout"
time="2026-10-06T00:24:32Z" level=warning msg="Request Failed" error="Post \"http://auth-service.ecommerce.svc.cluster.local:8001/auth/login\": request timeout"
time="2026-10-06T00:24:32Z" level=warning msg="Request Failed" error="Get \"http://auth-service.ecommerce.svc.cluster.local:8001/auth/me\": request timeout"
time="2026-10-06T00:24:32Z" level=warning msg="Request Failed" error="Post \"http://auth-service.ecommerce.svc.cluster.local:8001/auth/login\": request timeout"
time="2026-10-06T00:24:32Z" level=warning msg="Request Failed" error="Get \"http://auth-service.ecommerce.svc.cluster.local:8001/auth/me\": request timeout"
time="2026-10-06T00:24:32Z" level=warning msg="Request Failed" error="Get \"http://auth-service.ecommerce.svc.cluster.local:8001/auth/me\": request timeout"
time="2026-10-06T00:24:32Z" level=warning msg="Request Failed" error="Get \"http://auth-service.ecommerce.svc.cluster.local:8001/auth/me\": request timeout"
time="2026-10-06T00:24:32Z" level=warning msg="Request Failed" error="Get \"http://auth-service.ecommerce.svc.cluster.local:8001/auth/me\": request timeout"
time="2026-10-06T00:24:32Z" level=warning msg="Request Failed" error="Get \"http://auth-service.ecommerce.svc.cluster.local:8001/auth/me\": request timeout"
time="2026-10-06T00:24:32Z" level=warning msg="Request Failed" error="Get \"http://auth-service.ecommerce.svc.cluster.local:8001/auth/me\": request timeout"
time="2026-10-06T00:24:32Z" level=warning msg="Request Failed" error="Get \"http://auth-service.ecommerce.svc.cluster.local:8001/auth/me\": request timeout"
time="2026-10-06T00:24:32Z" level=warning msg="Request Failed" error="Get \"http://auth-service.ecommerce.svc.cluster.local:8001/auth/me\": request timeout"
time="2026-10-06T00:24:32Z" level=warning msg="Request Failed" error="Post \"http://auth-service.ecommerce.svc.cluster.local:8001/auth/login\": request timeout"
time="2026-10-06T00:24:32Z" level=warning msg="Request Failed" error="Get \"http://auth-service.ecommerce.svc.cluster.local:8001/auth/me\": request timeout"
time="2026-10-06T00:24:32Z" level=warning msg="Request Failed" error="Post \"http://auth-service.ecommerce.svc.cluster.local:8001/auth/login\": request timeout"

running (02m54.9s), 150/225 VUs, 749 complete and 0 interrupted iterations
openloop_spike   [  20% ] 150/225 VUs  02m26.7s/12m0s  30.00 iters/s
time="2026-10-06T00:24:32Z" level=warning msg="Request Failed" error="Post \"http://auth-service.ecommerce.svc.cluster.local:8001/auth/login\": request timeout"
time="2026-10-06T00:24:32Z" level=warning msg="Request Failed" error="Post \"http://auth-service.ecommerce.svc.cluster.local:8001/auth/login\": request timeout"
time="2026-10-06T00:24:33Z" level=warning msg="Request Failed" error="Get \"http://auth-service.ecommerce.svc.cluster.local:8001/auth/me\": request timeout"
time="2026-10-06T00:24:33Z" level=warning msg="Request Failed" error="Get \"http://auth-service.ecommerce.svc.cluster.local:8001/auth/me\": request timeout"
time="2026-10-06T00:24:33Z" level=warning msg="Request Failed" error="Get \"http://auth-service.ecommerce.svc.cluster.local:8001/auth/me\": request timeout"
time="2026-10-06T00:24:33Z" level=warning msg="Request Failed" error="Get \"http://auth-service.ecommerce.svc.cluster.local:8001/auth/me\": request timeout"
time="2026-10-06T00:24:33Z" level=warning msg="Request Failed" error="Post \"http://auth-service.ecommerce.svc.cluster.local:8001/auth/login\": request timeout"
time="2026-10-06T00:24:33Z" level=warning msg="Request Failed" error="Get \"http://auth-service.ecommerce.svc.cluster.local:8001/auth/me\": request timeout"
time="2026-10-06T00:24:33Z" level=warning msg="Request Failed" error="Get \"http://auth-service.ecommerce.svc.cluster.local:8001/auth/me\": request timeout"
time="2026-10-06T00:24:33Z" level=warning msg="Request Failed" error="Get \"http://auth-service.ecommerce.svc.cluster.local:8001/auth/me\": request timeout"
time="2026-10-06T00:24:33Z" level=warning msg="Request Failed" error="Get \"http://auth-service.ecommerce.svc.cluster.local:8001/auth/me\": request timeout"
time="2026-10-06T00:24:33Z" level=warning msg="Request Failed" error="Get \"http://auth-service.ecommerce.svc.cluster.local:8001/auth/me\": request timeout"
time="2026-10-06T00:24:33Z" level=warning msg="Request Failed" error="Get \"http://auth-service.ecommerce.svc.cluster.local:8001/auth/me\": request timeout"
time="2026-10-06T00:24:33Z" level=warning msg="Request Failed" error="Get \"http://auth-service.ecommerce.svc.cluster.local:8001/auth/me\": request timeout"
time="2026-10-06T00:24:33Z" level=warning msg="Request Failed" error="Get \"http://auth-service.ecommerce.svc.cluster.local:8001/auth/me\": request timeout"
time="2026-10-06T00:24:33Z" level=warning msg="Request Failed" error="Post \"http://auth-service.ecommerce.svc.cluster.local:8001/auth/login\": request timeout"
time="2026-10-06T00:24:33Z" level=warning msg="Request Failed" error="Get \"http://auth-service.ecommerce.svc.cluster.local:8001/auth/me\": request timeout"
time="2026-10-06T00:24:33Z" level=warning msg="Request Failed" error="Get \"http://auth-service.ecommerce.svc.cluster.local:8001/auth/me\": request timeout"
time="2026-10-06T00:24:33Z" level=warning msg="Request Failed" error="Get \"http://auth-service.ecommerce.svc.cluster.local:8001/auth/me\": request timeout"
time="2026-10-06T00:24:33Z" level=warning msg="Request Failed" error="Get \"http://auth-service.ecommerce.svc.cluster.local:8001/auth/me\": request timeout"
time="2026-10-06T00:24:33Z" level=warning msg="Request Failed" error="Get \"http://auth-service.ecommerce.svc.cluster.local:8001/auth/me\": request timeout"
time="2026-10-06T00:24:33Z" level=warning msg="Request Failed" error="Get \"http://auth-service.ecommerce.svc.cluster.local:8001/auth/me\": request timeout"
time="2026-10-06T00:24:33Z" level=warning msg="Request Failed" error="Get \"http://auth-service.ecommerce.svc.cluster.local:8001/auth/me\": request timeout"
time="2026-10-06T00:24:33Z" level=warning msg="Request Failed" error="Get \"http://auth-service.ecommerce.svc.cluster.local:8001/auth/me\": request timeout"
time="2026-10-06T00:24:33Z" level=warning msg="Request Failed" error="Get \"http://auth-service.ecommerce.svc.cluster.local:8001/auth/me\": request timeout"
time="2026-10-06T00:24:33Z" level=warning msg="Request Failed" error="Get \"http://auth-service.ecommerce.svc.cluster.local:8001/auth/me\": request timeout"
time="2026-10-06T00:24:33Z" level=warning msg="Request Failed" error="Post \"http://auth-service.ecommerce.svc.cluster.local:8001/auth/login\": request timeout"
time="2026-10-06T00:24:33Z" level=warning msg="Request Failed" error="Get \"http://auth-service.ecommerce.svc.cluster.local:8001/auth/me\": request timeout"
time="2026-10-06T00:24:33Z" level=warning msg="Request Failed" error="Post \"http://auth-service.ecommerce.svc.cluster.local:8001/auth/login\": request timeout"
time="2026-10-06T00:24:33Z" level=warning msg="Request Failed" error="Get \"http://auth-service.ecommerce.svc.cluster.local:8001/auth/me\": request timeout"

running (02m55.9s), 150/225 VUs, 779 complete and 0 interrupted iterations
openloop_spike   [  21% ] 150/225 VUs  02m27.7s/12m0s  30.00 iters/s
time="2026-10-06T00:24:33Z" level=warning msg="Request Failed" error="Get \"http://auth-service.ecommerce.svc.cluster.local:8001/auth/me\": request timeout"
time="2026-10-06T00:24:33Z" level=warning msg="Request Failed" error="Get \"http://auth-service.ecommerce.svc.cluster.local:8001/auth/me\": request timeout"
time="2026-10-06T00:24:34Z" level=warning msg="Request Failed" error="Get \"http://auth-service.ecommerce.svc.cluster.local:8001/auth/me\": request timeout"
time="2026-10-06T00:24:34Z" level=warning msg="Request Failed" error="Post \"http://auth-service.ecommerce.svc.cluster.local:8001/auth/login\": request timeout"
time="2026-10-06T00:24:34Z" level=warning msg="Request Failed" error="Post \"http://auth-service.ecommerce.svc.cluster.local:8001/auth/login\": request timeout"
time="2026-10-06T00:24:34Z" level=warning msg="Request Failed" error="Get \"http://auth-service.ecommerce.svc.cluster.local:8001/auth/me\": request timeout"
time="2026-10-06T00:24:34Z" level=warning msg="Request Failed" error="Post \"http://auth-service.ecommerce.svc.cluster.local:8001/auth/login\": request timeout"
time="2026-10-06T00:24:34Z" level=warning msg="Request Failed" error="Get \"http://auth-service.ecommerce.svc.cluster.local:8001/auth/me\": request timeout"
time="2026-10-06T00:24:34Z" level=warning msg="Request Failed" error="Post \"http://auth-service.ecommerce.svc.cluster.local:8001/auth/login\": request timeout"
time="2026-10-06T00:24:34Z" level=warning msg="Request Failed" error="Get \"http://auth-service.ecommerce.svc.cluster.local:8001/auth/me\": request timeout"
time="2026-10-06T00:24:34Z" level=warning msg="Request Failed" error="Get \"http://auth-service.ecommerce.svc.cluster.local:8001/auth/me\": request timeout"
time="2026-10-06T00:24:34Z" level=warning msg="Request Failed" error="Post \"http://auth-service.ecommerce.svc.cluster.local:8001/auth/login\": request timeout"
time="2026-10-06T00:24:34Z" level=warning msg="Request Failed" error="Get \"http://auth-service.ecommerce.svc.cluster.local:8001/auth/me\": request timeout"
time="2026-10-06T00:24:34Z" level=warning msg="Request Failed" error="Get \"http://auth-service.ecommerce.svc.cluster.local:8001/auth/me\": request timeout"
time="2026-10-06T00:24:34Z" level=warning msg="Request Failed" error="Get \"http://auth-service.ecommerce.svc.cluster.local:8001/auth/me\": request timeout"
time="2026-10-06T00:24:34Z" level=warning msg="Request Failed" error="Get \"http://auth-service.ecommerce.svc.cluster.local:8001/auth/me\": request timeout"
time="2026-10-06T00:24:34Z" level=warning msg="Request Failed" error="Get \"http://auth-service.ecommerce.svc.cluster.local:8001/auth/me\": request timeout"
time="2026-10-06T00:24:34Z" level=warning msg="Request Failed" error="Get \"http://auth-service.ecommerce.svc.cluster.local:8001/auth/me\": request timeout"
time="2026-10-06T00:24:34Z" level=warning msg="Request Failed" error="Post \"http://auth-service.ecommerce.svc.cluster.local:8001/auth/login\": request timeout"
time="2026-10-06T00:24:34Z" level=warning msg="Request Failed" error="Get \"http://auth-service.ecommerce.svc.cluster.local:8001/auth/me\": request timeout"
time="2026-10-06T00:24:34Z" level=warning msg="Request Failed" error="Get \"http://auth-service.ecommerce.svc.cluster.local:8001/auth/me\": request timeout"
time="2026-10-06T00:24:34Z" level=warning msg="Request Failed" error="Get \"http://auth-service.ecommerce.svc.cluster.local:8001/auth/me\": request timeout"
time="2026-10-06T00:24:34Z" level=warning msg="Request Failed" error="Get \"http://auth-service.ecommerce.svc.cluster.local:8001/auth/me\": request timeout"
time="2026-10-06T00:24:34Z" level=warning msg="Request Failed" error="Post \"http://auth-service.ecommerce.svc.cluster.local:8001/auth/login\": request timeout"
time="2026-10-06T00:24:34Z" level=warning msg="Request Failed" error="Get \"http://auth-service.ecommerce.svc.cluster.local:8001/auth/me\": request timeout"
time="2026-10-06T00:24:34Z" level=warning msg="Request Failed" error="Get \"http://auth-service.ecommerce.svc.cluster.local:8001/auth/me\": request timeout"
time="2026-10-06T00:24:34Z" level=warning msg="Request Failed" error="Get \"http://auth-service.ecommerce.svc.cluster.local:8001/auth/me\": request timeout"
time="2026-10-06T00:24:34Z" level=warning msg="Request Failed" error="Get \"http://auth-service.ecommerce.svc.cluster.local:8001/auth/me\": request timeout"
time="2026-10-06T00:24:34Z" level=warning msg="Request Failed" error="Get \"http://auth-service.ecommerce.svc.cluster.local:8001/auth/me\": request timeout"
time="2026-10-06T00:24:34Z" level=warning msg="Request Failed" error="Get \"http://auth-service.ecommerce.svc.cluster.local:8001/auth/me\": request timeout"

running (02m56.9s), 150/225 VUs, 809 complete and 0 interrupted iterations
openloop_spike   [  21% ] 150/225 VUs  02m28.7s/12m0s  30.00 iters/s
time="2026-10-06T00:24:34Z" level=warning msg="Request Failed" error="Get \"http://auth-service.ecommerce.svc.cluster.local:8001/auth/me\": request timeout"
time="2026-10-06T00:24:34Z" level=warning msg="Request Failed" error="Get \"http://auth-service.ecommerce.svc.cluster.local:8001/auth/me\": request timeout"
time="2026-10-06T00:24:35Z" level=warning msg="Request Failed" error="Get \"http://auth-service.ecommerce.svc.cluster.local:8001/auth/me\": request timeout"
time="2026-10-06T00:24:35Z" level=warning msg="Request Failed" error="Get \"http://auth-service.ecommerce.svc.cluster.local:8001/auth/me\": request timeout"
time="2026-10-06T00:24:35Z" level=warning msg="Request Failed" error="Get \"http://auth-service.ecommerce.svc.cluster.local:8001/auth/me\": request timeout"
time="2026-10-06T00:24:35Z" level=warning msg="Request Failed" error="Post \"http://auth-service.ecommerce.svc.cluster.local:8001/auth/login\": request timeout"
time="2026-10-06T00:24:35Z" level=warning msg="Request Failed" error="Get \"http://auth-service.ecommerce.svc.cluster.local:8001/auth/me\": request timeout"
time="2026-10-06T00:24:35Z" level=warning msg="Request Failed" error="Get \"http://auth-service.ecommerce.svc.cluster.local:8001/auth/me\": request timeout"
time="2026-10-06T00:24:35Z" level=warning msg="Request Failed" error="Post \"http://auth-service.ecommerce.svc.cluster.local:8001/auth/login\": request timeout"
time="2026-10-06T00:24:35Z" level=warning msg="Request Failed" error="Get \"http://auth-service.ecommerce.svc.cluster.local:8001/auth/me\": request timeout"
time="2026-10-06T00:24:35Z" level=warning msg="Request Failed" error="Post \"http://auth-service.ecommerce.svc.cluster.local:8001/auth/login\": request timeout"
time="2026-10-06T00:24:35Z" level=warning msg="Request Failed" error="Get \"http://auth-service.ecommerce.svc.cluster.local:8001/auth/me\": request timeout"
time="2026-10-06T00:24:35Z" level=warning msg="Request Failed" error="Post \"http://auth-service.ecommerce.svc.cluster.local:8001/auth/login\": request timeout"
time="2026-10-06T00:24:35Z" level=warning msg="Request Failed" error="Post \"http://auth-service.ecommerce.svc.cluster.local:8001/auth/login\": request timeout"
time="2026-10-06T00:24:35Z" level=warning msg="Request Failed" error="Get \"http://auth-service.ecommerce.svc.cluster.local:8001/auth/me\": request timeout"
time="2026-10-06T00:24:35Z" level=warning msg="Request Failed" error="Get \"http://auth-service.ecommerce.svc.cluster.local:8001/auth/me\": request timeout"
time="2026-10-06T00:24:35Z" level=warning msg="Request Failed" error="Get \"http://auth-service.ecommerce.svc.cluster.local:8001/auth/me\": request timeout"
time="2026-10-06T00:24:35Z" level=warning msg="Request Failed" error="Post \"http://auth-service.ecommerce.svc.cluster.local:8001/auth/login\": request timeout"
time="2026-10-06T00:24:35Z" level=warning msg="Request Failed" error="Post \"http://auth-service.ecommerce.svc.cluster.local:8001/auth/login\": request timeout"

running (02m57.9s), 135/225 VUs, 854 complete and 0 interrupted iterations
openloop_spike   [  21% ] 135/225 VUs  02m29.7s/12m0s  30.00 iters/s
time="2026-10-06T00:24:36Z" level=warning msg="Request Failed" error="Post \"http://auth-service.ecommerce.svc.cluster.local:8001/auth/login\": request timeout"
time="2026-10-06T00:24:36Z" level=warning msg="Request Failed" error="Post \"http://auth-service.ecommerce.svc.cluster.local:8001/auth/login\": request timeout"
time="2026-10-06T00:24:36Z" level=warning msg="Request Failed" error="Post \"http://auth-service.ecommerce.svc.cluster.local:8001/auth/login\": request timeout"
time="2026-10-06T00:24:36Z" level=warning msg="Request Failed" error="Post \"http://auth-service.ecommerce.svc.cluster.local:8001/auth/login\": request timeout"
time="2026-10-06T00:24:36Z" level=warning msg="Request Failed" error="Post \"http://auth-service.ecommerce.svc.cluster.local:8001/auth/login\": request timeout"
time="2026-10-06T00:24:36Z" level=warning msg="Request Failed" error="Post \"http://auth-service.ecommerce.svc.cluster.local:8001/auth/login\": request timeout"
time="2026-10-06T00:24:36Z" level=warning msg="Request Failed" error="Post \"http://auth-service.ecommerce.svc.cluster.local:8001/auth/login\": request timeout"
time="2026-10-06T00:24:36Z" level=warning msg="Request Failed" error="Post \"http://auth-service.ecommerce.svc.cluster.local:8001/auth/login\": request timeout"
time="2026-10-06T00:24:36Z" level=warning msg="Request Failed" error="Post \"http://auth-service.ecommerce.svc.cluster.local:8001/auth/login\": request timeout"
time="2026-10-06T00:24:36Z" level=warning msg="Request Failed" error="Get \"http://auth-service.ecommerce.svc.cluster.local:8001/auth/me\": request timeout"
time="2026-10-06T00:24:36Z" level=warning msg="Request Failed" error="Post \"http://auth-service.ecommerce.svc.cluster.local:8001/auth/login\": request timeout"
time="2026-10-06T00:24:36Z" level=warning msg="Request Failed" error="Get \"http://auth-service.ecommerce.svc.cluster.local:8001/auth/me\": request timeout"
time="2026-10-06T00:24:36Z" level=warning msg="Request Failed" error="Get \"http://auth-service.ecommerce.svc.cluster.local:8001/auth/me\": request timeout"

running (02m58.9s), 150/225 VUs, 869 complete and 0 interrupted iterations
openloop_spike   [  21% ] 150/225 VUs  02m30.7s/12m0s  30.00 iters/s
time="2026-10-06T00:24:36Z" level=warning msg="Request Failed" error="Post \"http://auth-service.ecommerce.svc.cluster.local:8001/auth/login\": request timeout"
time="2026-10-06T00:24:36Z" level=warning msg="Request Failed" error="Post \"http://auth-service.ecommerce.svc.cluster.local:8001/auth/login\": request timeout"
time="2026-10-06T00:24:37Z" level=warning msg="Request Failed" error="Post \"http://auth-service.ecommerce.svc.cluster.local:8001/auth/login\": request timeout"
time="2026-10-06T00:24:37Z" level=warning msg="Request Failed" error="Post \"http://auth-service.ecommerce.svc.cluster.local:8001/auth/login\": request timeout"
time="2026-10-06T00:24:37Z" level=warning msg="Request Failed" error="Post \"http://auth-service.ecommerce.svc.cluster.local:8001/auth/login\": request timeout"
time="2026-10-06T00:24:37Z" level=warning msg="Request Failed" error="Get \"http://auth-service.ecommerce.svc.cluster.local:8001/auth/me\": request timeout"
time="2026-10-06T00:24:37Z" level=warning msg="Request Failed" error="Get \"http://auth-service.ecommerce.svc.cluster.local:8001/auth/me\": request timeout"
time="2026-10-06T00:24:37Z" level=warning msg="Request Failed" error="Get \"http://auth-service.ecommerce.svc.cluster.local:8001/auth/me\": request timeout"
time="2026-10-06T00:24:37Z" level=warning msg="Request Failed" error="Get \"http://auth-service.ecommerce.svc.cluster.local:8001/auth/me\": request timeout"
time="2026-10-06T00:24:37Z" level=warning msg="Request Failed" error="Get \"http://auth-service.ecommerce.svc.cluster.local:8001/auth/me\": request timeout"
time="2026-10-06T00:24:37Z" level=warning msg="Request Failed" error="Get \"http://auth-service.ecommerce.svc.cluster.local:8001/auth/me\": request timeout"
time="2026-10-06T00:24:37Z" level=warning msg="Request Failed" error="Get \"http://auth-service.ecommerce.svc.cluster.local:8001/auth/me\": request timeout"
time="2026-10-06T00:24:37Z" level=warning msg="Request Failed" error="Get \"http://auth-service.ecommerce.svc.cluster.local:8001/auth/me\": request timeout"
time="2026-10-06T00:24:37Z" level=warning msg="Request Failed" error="Get \"http://auth-service.ecommerce.svc.cluster.local:8001/auth/me\": request timeout"
time="2026-10-06T00:24:37Z" level=warning msg="Request Failed" error="Get \"http://auth-service.ecommerce.svc.cluster.local:8001/auth/me\": request timeout"
time="2026-10-06T00:24:37Z" level=warning msg="Request Failed" error="Get \"http://auth-service.ecommerce.svc.cluster.local:8001/auth/me\": request timeout"
time="2026-10-06T00:24:37Z" level=warning msg="Request Failed" error="Get \"http://auth-service.ecommerce.svc.cluster.local:8001/auth/me\": request timeout"
time="2026-10-06T00:24:37Z" level=warning msg="Request Failed" error="Get \"http://auth-service.ecommerce.svc.cluster.local:8001/auth/me\": request timeout"
time="2026-10-06T00:24:37Z" level=warning msg="Request Failed" error="Get \"http://auth-service.ecommerce.svc.cluster.local:8001/auth/me\": request timeout"
time="2026-10-06T00:24:37Z" level=warning msg="Request Failed" error="Post \"http://auth-service.ecommerce.svc.cluster.local:8001/auth/login\": request timeout"
time="2026-10-06T00:24:37Z" level=warning msg="Request Failed" error="Get \"http://auth-service.ecommerce.svc.cluster.local:8001/auth/me\": request timeout"
time="2026-10-06T00:24:37Z" level=warning msg="Request Failed" error="Get \"http://auth-service.ecommerce.svc.cluster.local:8001/auth/me\": request timeout"
time="2026-10-06T00:24:37Z" level=warning msg="Request Failed" error="Get \"http://auth-service.ecommerce.svc.cluster.local:8001/auth/me\": request timeout"
time="2026-10-06T00:24:37Z" level=warning msg="Request Failed" error="Get \"http://auth-service.ecommerce.svc.cluster.local:8001/auth/me\": request timeout"
time="2026-10-06T00:24:37Z" level=warning msg="Request Failed" error="Get \"http://auth-service.ecommerce.svc.cluster.local:8001/auth/me\": request timeout"
time="2026-10-06T00:24:37Z" level=warning msg="Request Failed" error="Get \"http://auth-service.ecommerce.svc.cluster.local:8001/auth/me\": request timeout"
time="2026-10-06T00:24:37Z" level=warning msg="Request Failed" error="Get \"http://auth-service.ecommerce.svc.cluster.local:8001/auth/me\": request timeout"
time="2026-10-06T00:24:37Z" level=warning msg="Request Failed" error="Post \"http://auth-service.ecommerce.svc.cluster.local:8001/auth/login\": request timeout"
time="2026-10-06T00:24:37Z" level=warning msg="Request Failed" error="Get \"http://auth-service.ecommerce.svc.cluster.local:8001/auth/me\": request timeout"
time="2026-10-06T00:24:37Z" level=warning msg="Request Failed" error="Post \"http://auth-service.ecommerce.svc.cluster.local:8001/auth/login\": request timeout"

running (02m59.9s), 150/225 VUs, 899 complete and 0 interrupted iterations
openloop_spike   [  21% ] 150/225 VUs  02m31.7s/12m0s  30.00 iters/s
time="2026-10-06T00:24:37Z" level=warning msg="Request Failed" error="Get \"http://auth-service.ecommerce.svc.cluster.local:8001/auth/me\": request timeout"
time="2026-10-06T00:24:37Z" level=warning msg="Request Failed" error="Post \"http://auth-service.ecommerce.svc.cluster.local:8001/auth/login\": request timeout"
time="2026-10-06T00:24:38Z" level=warning msg="Request Failed" error="Get \"http://auth-service.ecommerce.svc.cluster.local:8001/auth/me\": request timeout"
time="2026-10-06T00:24:38Z" level=warning msg="Request Failed" error="Post \"http://auth-service.ecommerce.svc.cluster.local:8001/auth/login\": request timeout"
time="2026-10-06T00:24:38Z" level=warning msg="Request Failed" error="Post \"http://auth-service.ecommerce.svc.cluster.local:8001/auth/login\": request timeout"
time="2026-10-06T00:24:38Z" level=warning msg="Request Failed" error="Post \"http://auth-service.ecommerce.svc.cluster.local:8001/auth/login\": request timeout"
time="2026-10-06T00:24:38Z" level=warning msg="Request Failed" error="Post \"http://auth-service.ecommerce.svc.cluster.local:8001/auth/login\": request timeout"
time="2026-10-06T00:24:38Z" level=warning msg="Request Failed" error="Get \"http://auth-service.ecommerce.svc.cluster.local:8001/auth/me\": request timeout"
time="2026-10-06T00:24:38Z" level=warning msg="Request Failed" error="Get \"http://auth-service.ecommerce.svc.cluster.local:8001/auth/me\": request timeout"
time="2026-10-06T00:24:38Z" level=warning msg="Request Failed" error="Get \"http://auth-service.ecommerce.svc.cluster.local:8001/auth/me\": request timeout"
time="2026-10-06T00:24:38Z" level=warning msg="Request Failed" error="Get \"http://auth-service.ecommerce.svc.cluster.local:8001/auth/me\": request timeout"
time="2026-10-06T00:24:38Z" level=warning msg="Request Failed" error="Get \"http://auth-service.ecommerce.svc.cluster.local:8001/auth/me\": request timeout"
time="2026-10-06T00:24:38Z" level=warning msg="Request Failed" error="Get \"http://auth-service.ecommerce.svc.cluster.local:8001/auth/me\": request timeout"
time="2026-10-06T00:24:38Z" level=warning msg="Request Failed" error="Get \"http://auth-service.ecommerce.svc.cluster.local:8001/auth/me\": request timeout"
time="2026-10-06T00:24:38Z" level=warning msg="Request Failed" error="Get \"http://auth-service.ecommerce.svc.cluster.local:8001/auth/me\": request timeout"
time="2026-10-06T00:24:38Z" level=warning msg="Request Failed" error="Get \"http://auth-service.ecommerce.svc.cluster.local:8001/auth/me\": request timeout"
time="2026-10-06T00:24:38Z" level=warning msg="Request Failed" error="Get \"http://auth-service.ecommerce.svc.cluster.local:8001/auth/me\": request timeout"
time="2026-10-06T00:24:38Z" level=warning msg="Request Failed" error="Get \"http://auth-service.ecommerce.svc.cluster.local:8001/auth/me\": request timeout"
time="2026-10-06T00:24:38Z" level=warning msg="Request Failed" error="Get \"http://auth-service.ecommerce.svc.cluster.local:8001/auth/me\": request timeout"
time="2026-10-06T00:24:38Z" level=warning msg="Request Failed" error="Get \"http://auth-service.ecommerce.svc.cluster.local:8001/auth/me\": request timeout"
time="2026-10-06T00:24:38Z" level=warning msg="Request Failed" error="Get \"http://auth-service.ecommerce.svc.cluster.local:8001/auth/me\": request timeout"
time="2026-10-06T00:24:38Z" level=warning msg="Request Failed" error="Post \"http://auth-service.ecommerce.svc.cluster.local:8001/auth/login\": request timeout"
time="2026-10-06T00:24:38Z" level=warning msg="Request Failed" error="Get \"http://auth-service.ecommerce.svc.cluster.local:8001/auth/me\": request timeout"
time="2026-10-06T00:24:38Z" level=warning msg="Request Failed" error="Get \"http://auth-service.ecommerce.svc.cluster.local:8001/auth/me\": request timeout"
time="2026-10-06T00:24:38Z" level=warning msg="Request Failed" error="Get \"http://auth-service.ecommerce.svc.cluster.local:8001/auth/me\": request timeout"
time="2026-10-06T00:24:38Z" level=warning msg="Request Failed" error="Get \"http://auth-service.ecommerce.svc.cluster.local:8001/auth/me\": request timeout"
time="2026-10-06T00:24:38Z" level=warning msg="Request Failed" error="Get \"http://auth-service.ecommerce.svc.cluster.local:8001/auth/me\": request timeout"
time="2026-10-06T00:24:38Z" level=warning msg="Request Failed" error="Post \"http://auth-service.ecommerce.svc.cluster.local:8001/auth/login\": request timeout"
time="2026-10-06T00:24:38Z" level=warning msg="Request Failed" error="Get \"http://auth-service.ecommerce.svc.cluster.local:8001/auth/me\": request timeout"
time="2026-10-06T00:24:38Z" level=warning msg="Request Failed" error="Get \"http://auth-service.ecommerce.svc.cluster.local:8001/auth/me\": request timeout"

running (03m00.9s), 150/225 VUs, 929 complete and 0 interrupted iterations
openloop_spike   [  21% ] 150/225 VUs  02m32.7s/12m0s  30.00 iters/s
time="2026-10-06T00:24:38Z" level=warning msg="Request Failed" error="Get \"http://auth-service.ecommerce.svc.cluster.local:8001/auth/me\": request timeout"
time="2026-10-06T00:24:38Z" level=warning msg="Request Failed" error="Get \"http://auth-service.ecommerce.svc.cluster.local:8001/auth/me\": request timeout"
time="2026-10-06T00:24:39Z" level=warning msg="Request Failed" error="Get \"http://auth-service.ecommerce.svc.cluster.local:8001/auth/me\": request timeout"
time="2026-10-06T00:24:39Z" level=warning msg="Request Failed" error="Get \"http://auth-service.ecommerce.svc.cluster.local:8001/auth/me\": request timeout"
time="2026-10-06T00:24:39Z" level=warning msg="Request Failed" error="Get \"http://auth-service.ecommerce.svc.cluster.local:8001/auth/me\": request timeout"
time="2026-10-06T00:24:39Z" level=warning msg="Request Failed" error="Get \"http://auth-service.ecommerce.svc.cluster.local:8001/auth/me\": request timeout"
time="2026-10-06T00:24:39Z" level=warning msg="Request Failed" error="Get \"http://auth-service.ecommerce.svc.cluster.local:8001/auth/me\": request timeout"
time="2026-10-06T00:24:39Z" level=warning msg="Request Failed" error="Get \"http://auth-service.ecommerce.svc.cluster.local:8001/auth/me\": request timeout"
time="2026-10-06T00:24:39Z" level=warning msg="Request Failed" error="Get \"http://auth-service.ecommerce.svc.cluster.local:8001/auth/me\": request timeout"
time="2026-10-06T00:24:39Z" level=warning msg="Request Failed" error="Get \"http://auth-service.ecommerce.svc.cluster.local:8001/auth/me\": request timeout"
time="2026-10-06T00:24:39Z" level=warning msg="Request Failed" error="Get \"http://auth-service.ecommerce.svc.cluster.local:8001/auth/me\": request timeout"
time="2026-10-06T00:24:39Z" level=warning msg="Request Failed" error="Get \"http://auth-service.ecommerce.svc.cluster.local:8001/auth/me\": request timeout"
time="2026-10-06T00:24:39Z" level=warning msg="Request Failed" error="Get \"http://auth-service.ecommerce.svc.cluster.local:8001/auth/me\": request timeout"
time="2026-10-06T00:24:39Z" level=warning msg="Request Failed" error="Get \"http://auth-service.ecommerce.svc.cluster.local:8001/auth/me\": request timeout"
time="2026-10-06T00:24:39Z" level=warning msg="Request Failed" error="Get \"http://auth-service.ecommerce.svc.cluster.local:8001/auth/me\": request timeout"
time="2026-10-06T00:24:39Z" level=warning msg="Request Failed" error="Post \"http://auth-service.ecommerce.svc.cluster.local:8001/auth/login\": request timeout"
time="2026-10-06T00:24:39Z" level=warning msg="Request Failed" error="Post \"http://auth-service.ecommerce.svc.cluster.local:8001/auth/login\": request timeout"
time="2026-10-06T00:24:39Z" level=warning msg="Request Failed" error="Get \"http://auth-service.ecommerce.svc.cluster.local:8001/auth/me\": request timeout"
time="2026-10-06T00:24:39Z" level=warning msg="Request Failed" error="Get \"http://auth-service.ecommerce.svc.cluster.local:8001/auth/me\": request timeout"
time="2026-10-06T00:24:39Z" level=warning msg="Request Failed" error="Get \"http://auth-service.ecommerce.svc.cluster.local:8001/auth/me\": request timeout"
time="2026-10-06T00:24:39Z" level=warning msg="Request Failed" error="Post \"http://auth-service.ecommerce.svc.cluster.local:8001/auth/login\": request timeout"
time="2026-10-06T00:24:39Z" level=warning msg="Request Failed" error="Get \"http://auth-service.ecommerce.svc.cluster.local:8001/auth/me\": request timeout"
time="2026-10-06T00:24:39Z" level=warning msg="Request Failed" error="Get \"http://auth-service.ecommerce.svc.cluster.local:8001/auth/me\": request timeout"
time="2026-10-06T00:24:39Z" level=warning msg="Request Failed" error="Get \"http://auth-service.ecommerce.svc.cluster.local:8001/auth/me\": request timeout"

running (03m01.9s), 136/225 VUs, 973 complete and 0 interrupted iterations
openloop_spike   [  21% ] 136/225 VUs  02m33.7s/12m0s  30.00 iters/s
time="2026-10-06T00:24:40Z" level=warning msg="Request Failed" error="Post \"http://auth-service.ecommerce.svc.cluster.local:8001/auth/login\": request timeout"
time="2026-10-06T00:24:40Z" level=warning msg="Request Failed" error="Post \"http://auth-service.ecommerce.svc.cluster.local:8001/auth/login\": request timeout"
time="2026-10-06T00:24:40Z" level=warning msg="Request Failed" error="Post \"http://auth-service.ecommerce.svc.cluster.local:8001/auth/login\": request timeout"
time="2026-10-06T00:24:40Z" level=warning msg="Request Failed" error="Post \"http://auth-service.ecommerce.svc.cluster.local:8001/auth/login\": request timeout"
time="2026-10-06T00:24:40Z" level=warning msg="Request Failed" error="Post \"http://auth-service.ecommerce.svc.cluster.local:8001/auth/login\": request timeout"

running (03m02.9s), 141/225 VUs, 998 complete and 0 interrupted iterations
openloop_spike   [  21% ] 141/225 VUs  02m34.7s/12m0s  30.00 iters/s
time="2026-10-06T00:24:40Z" level=warning msg="Request Failed" error="Post \"http://auth-service.ecommerce.svc.cluster.local:8001/auth/login\": request timeout"
time="2026-10-06T00:24:41Z" level=warning msg="Request Failed" error="Post \"http://auth-service.ecommerce.svc.cluster.local:8001/auth/login\": request timeout"
time="2026-10-06T00:24:41Z" level=warning msg="Request Failed" error="Post \"http://auth-service.ecommerce.svc.cluster.local:8001/auth/login\": request timeout"
time="2026-10-06T00:24:41Z" level=warning msg="Request Failed" error="Post \"http://auth-service.ecommerce.svc.cluster.local:8001/auth/login\": request timeout"
time="2026-10-06T00:24:41Z" level=warning msg="Request Failed" error="Post \"http://auth-service.ecommerce.svc.cluster.local:8001/auth/login\": request timeout"
time="2026-10-06T00:24:41Z" level=warning msg="Request Failed" error="Post \"http://auth-service.ecommerce.svc.cluster.local:8001/auth/login\": request timeout"
time="2026-10-06T00:24:41Z" level=warning msg="Request Failed" error="Post \"http://auth-service.ecommerce.svc.cluster.local:8001/auth/login\": request timeout"

running (03m03.9s), 148/225 VUs, 1021 complete and 0 interrupted iterations
openloop_spike   [  22% ] 148/225 VUs  02m35.7s/12m0s  30.00 iters/s
time="2026-10-06T00:24:41Z" level=warning msg="Request Failed" error="Post \"http://auth-service.ecommerce.svc.cluster.local:8001/auth/login\": request timeout"
time="2026-10-06T00:24:41Z" level=warning msg="Request Failed" error="Post \"http://auth-service.ecommerce.svc.cluster.local:8001/auth/login\": request timeout"
time="2026-10-06T00:24:42Z" level=warning msg="Request Failed" error="Post \"http://auth-service.ecommerce.svc.cluster.local:8001/auth/login\": request timeout"
time="2026-10-06T00:24:42Z" level=warning msg="Request Failed" error="Post \"http://auth-service.ecommerce.svc.cluster.local:8001/auth/login\": request timeout"
time="2026-10-06T00:24:42Z" level=warning msg="Request Failed" error="request timeout"
time="2026-10-06T00:24:42Z" level=warning msg="Request Failed" error="request timeout"
time="2026-10-06T00:24:42Z" level=warning msg="Request Failed" error="Get \"http://auth-service.ecommerce.svc.cluster.local:8001/auth/me\": request timeout"
time="2026-10-06T00:24:42Z" level=warning msg="Request Failed" error="Get \"http://auth-service.ecommerce.svc.cluster.local:8001/auth/me\": request timeout"
time="2026-10-06T00:24:42Z" level=warning msg="Request Failed" error="Get \"http://auth-service.ecommerce.svc.cluster.local:8001/auth/me\": request timeout"
time="2026-10-06T00:24:42Z" level=warning msg="Request Failed" error="Get \"http://auth-service.ecommerce.svc.cluster.local:8001/auth/me\": request timeout"
time="2026-10-06T00:24:42Z" level=warning msg="Request Failed" error="Post \"http://auth-service.ecommerce.svc.cluster.local:8001/auth/login\": request timeout"
time="2026-10-06T00:24:42Z" level=warning msg="Request Failed" error="Get \"http://auth-service.ecommerce.svc.cluster.local:8001/auth/me\": request timeout"
time="2026-10-06T00:24:42Z" level=warning msg="Request Failed" error="Get \"http://auth-service.ecommerce.svc.cluster.local:8001/auth/me\": request timeout"
time="2026-10-06T00:24:42Z" level=warning msg="Request Failed" error="Get \"http://auth-service.ecommerce.svc.cluster.local:8001/auth/me\": request timeout"
time="2026-10-06T00:24:42Z" level=warning msg="Request Failed" error="Post \"http://auth-service.ecommerce.svc.cluster.local:8001/auth/login\": request timeout"
time="2026-10-06T00:24:42Z" level=warning msg="Request Failed" error="Post \"http://auth-service.ecommerce.svc.cluster.local:8001/auth/login\": request timeout"
time="2026-10-06T00:24:42Z" level=warning msg="Request Failed" error="Post \"http://auth-service.ecommerce.svc.cluster.local:8001/auth/login\": request timeout"
time="2026-10-06T00:24:42Z" level=warning msg="Request Failed" error="Post \"http://auth-service.ecommerce.svc.cluster.local:8001/auth/login\": request timeout"
time="2026-10-06T00:24:42Z" level=warning msg="Request Failed" error="Get \"http://auth-service.ecommerce.svc.cluster.local:8001/auth/me\": request timeout"
time="2026-10-06T00:24:42Z" level=warning msg="Request Failed" error="Post \"http://auth-service.ecommerce.svc.cluster.local:8001/auth/login\": request timeout"
time="2026-10-06T00:24:42Z" level=warning msg="Request Failed" error="Get \"http://auth-service.ecommerce.svc.cluster.local:8001/auth/me\": request timeout"
time="2026-10-06T00:24:42Z" level=warning msg="Request Failed" error="Get \"http://auth-service.ecommerce.svc.cluster.local:8001/auth/me\": request timeout"
time="2026-10-06T00:24:42Z" level=warning msg="Request Failed" error="Get \"http://auth-service.ecommerce.svc.cluster.local:8001/auth/me\": request timeout"
time="2026-10-06T00:24:42Z" level=warning msg="Request Failed" error="Post \"http://auth-service.ecommerce.svc.cluster.local:8001/auth/login\": request timeout"

running (03m04.9s), 150/225 VUs, 1049 complete and 0 interrupted iterations
openloop_spike   [  22% ] 150/225 VUs  02m36.7s/12m0s  30.00 iters/s
time="2026-10-06T00:24:42Z" level=warning msg="Request Failed" error="Get \"http://auth-service.ecommerce.svc.cluster.local:8001/auth/me\": request timeout"
time="2026-10-06T00:24:42Z" level=warning msg="Request Failed" error="Get \"http://auth-service.ecommerce.svc.cluster.local:8001/auth/me\": request timeout"
time="2026-10-06T00:24:43Z" level=warning msg="Request Failed" error="Get \"http://auth-service.ecommerce.svc.cluster.local:8001/auth/me\": request timeout"
time="2026-10-06T00:24:43Z" level=warning msg="Request Failed" error="Post \"http://auth-service.ecommerce.svc.cluster.local:8001/auth/login\": request timeout"
time="2026-10-06T00:24:43Z" level=warning msg="Request Failed" error="Get \"http://auth-service.ecommerce.svc.cluster.local:8001/auth/me\": request timeout"
time="2026-10-06T00:24:43Z" level=warning msg="Request Failed" error="Get \"http://auth-service.ecommerce.svc.cluster.local:8001/auth/me\": request timeout"
time="2026-10-06T00:24:43Z" level=warning msg="Request Failed" error="Get \"http://auth-service.ecommerce.svc.cluster.local:8001/auth/me\": request timeout"
time="2026-10-06T00:24:43Z" level=warning msg="Request Failed" error="Post \"http://auth-service.ecommerce.svc.cluster.local:8001/auth/login\": request timeout"
time="2026-10-06T00:24:43Z" level=warning msg="Request Failed" error="Get \"http://auth-service.ecommerce.svc.cluster.local:8001/auth/me\": request timeout"
time="2026-10-06T00:24:43Z" level=warning msg="Request Failed" error="Post \"http://auth-service.ecommerce.svc.cluster.local:8001/auth/login\": request timeout"
time="2026-10-06T00:24:43Z" level=warning msg="Request Failed" error="Get \"http://auth-service.ecommerce.svc.cluster.local:8001/auth/me\": request timeout"
time="2026-10-06T00:24:43Z" level=warning msg="Request Failed" error="Get \"http://auth-service.ecommerce.svc.cluster.local:8001/auth/me\": request timeout"
time="2026-10-06T00:24:43Z" level=warning msg="Request Failed" error="Get \"http://auth-service.ecommerce.svc.cluster.local:8001/auth/me\": request timeout"
time="2026-10-06T00:24:43Z" level=warning msg="Request Failed" error="Get \"http://auth-service.ecommerce.svc.cluster.local:8001/auth/me\": request timeout"
time="2026-10-06T00:24:43Z" level=warning msg="Request Failed" error="Get \"http://auth-service.ecommerce.svc.cluster.local:8001/auth/me\": request timeout"
time="2026-10-06T00:24:43Z" level=warning msg="Request Failed" error="Post \"http://auth-service.ecommerce.svc.cluster.local:8001/auth/login\": request timeout"
time="2026-10-06T00:24:43Z" level=warning msg="Request Failed" error="Get \"http://auth-service.ecommerce.svc.cluster.local:8001/auth/me\": request timeout"
time="2026-10-06T00:24:43Z" level=warning msg="Request Failed" error="Get \"http://auth-service.ecommerce.svc.cluster.local:8001/auth/me\": request timeout"
time="2026-10-06T00:24:43Z" level=warning msg="Request Failed" error="Get \"http://auth-service.ecommerce.svc.cluster.local:8001/auth/me\": request timeout"
time="2026-10-06T00:24:43Z" level=warning msg="Request Failed" error="Get \"http://auth-service.ecommerce.svc.cluster.local:8001/auth/me\": request timeout"
time="2026-10-06T00:24:43Z" level=warning msg="Request Failed" error="Post \"http://auth-service.ecommerce.svc.cluster.local:8001/auth/login\": request timeout"
time="2026-10-06T00:24:43Z" level=warning msg="Request Failed" error="Get \"http://auth-service.ecommerce.svc.cluster.local:8001/auth/me\": request timeout"
time="2026-10-06T00:24:43Z" level=warning msg="Request Failed" error="Get \"http://auth-service.ecommerce.svc.cluster.local:8001/auth/me\": request timeout"
time="2026-10-06T00:24:43Z" level=warning msg="Request Failed" error="Get \"http://auth-service.ecommerce.svc.cluster.local:8001/auth/me\": request timeout"
time="2026-10-06T00:24:43Z" level=warning msg="Request Failed" error="Get \"http://auth-service.ecommerce.svc.cluster.local:8001/auth/me\": request timeout"
time="2026-10-06T00:24:43Z" level=warning msg="Request Failed" error="Get \"http://auth-service.ecommerce.svc.cluster.local:8001/auth/me\": request timeout"
time="2026-10-06T00:24:43Z" level=warning msg="Request Failed" error="Get \"http://auth-service.ecommerce.svc.cluster.local:8001/auth/me\": request timeout"
time="2026-10-06T00:24:43Z" level=warning msg="Request Failed" error="Get \"http://auth-service.ecommerce.svc.cluster.local:8001/auth/me\": request timeout"
time="2026-10-06T00:24:43Z" level=warning msg="Request Failed" error="Get \"http://auth-service.ecommerce.svc.cluster.local:8001/auth/me\": request timeout"
time="2026-10-06T00:24:43Z" level=warning msg="Request Failed" error="Post \"http://auth-service.ecommerce.svc.cluster.local:8001/auth/login\": request timeout"

running (03m05.9s), 150/225 VUs, 1079 complete and 0 interrupted iterations
openloop_spike   [  22% ] 150/225 VUs  02m37.7s/12m0s  30.00 iters/s
time="2026-10-06T00:24:43Z" level=warning msg="Request Failed" error="Get \"http://auth-service.ecommerce.svc.cluster.local:8001/auth/me\": request timeout"
time="2026-10-06T00:24:43Z" level=warning msg="Request Failed" error="Get \"http://auth-service.ecommerce.svc.cluster.local:8001/auth/me\": request timeout"
time="2026-10-06T00:24:44Z" level=warning msg="Request Failed" error="Get \"http://auth-service.ecommerce.svc.cluster.local:8001/auth/me\": request timeout"
time="2026-10-06T00:24:44Z" level=warning msg="Request Failed" error="Get \"http://auth-service.ecommerce.svc.cluster.local:8001/auth/me\": request timeout"
time="2026-10-06T00:24:44Z" level=warning msg="Request Failed" error="Post \"http://auth-service.ecommerce.svc.cluster.local:8001/auth/login\": request timeout"
time="2026-10-06T00:24:44Z" level=warning msg="Request Failed" error="Get \"http://auth-service.ecommerce.svc.cluster.local:8001/auth/me\": request timeout"
time="2026-10-06T00:24:44Z" level=warning msg="Request Failed" error="Post \"http://auth-service.ecommerce.svc.cluster.local:8001/auth/login\": request timeout"
time="2026-10-06T00:24:44Z" level=warning msg="Request Failed" error="Get \"http://auth-service.ecommerce.svc.cluster.local:8001/auth/me\": request timeout"
time="2026-10-06T00:24:44Z" level=warning msg="Request Failed" error="Post \"http://auth-service.ecommerce.svc.cluster.local:8001/auth/login\": request timeout"
time="2026-10-06T00:24:44Z" level=warning msg="Request Failed" error="Get \"http://auth-service.ecommerce.svc.cluster.local:8001/auth/me\": request timeout"
time="2026-10-06T00:24:44Z" level=warning msg="Request Failed" error="Get \"http://auth-service.ecommerce.svc.cluster.local:8001/auth/me\": request timeout"
time="2026-10-06T00:24:44Z" level=warning msg="Request Failed" error="Post \"http://auth-service.ecommerce.svc.cluster.local:8001/auth/login\": request timeout"
time="2026-10-06T00:24:44Z" level=warning msg="Request Failed" error="Get \"http://auth-service.ecommerce.svc.cluster.local:8001/auth/me\": request timeout"
time="2026-10-06T00:24:44Z" level=warning msg="Request Failed" error="Get \"http://auth-service.ecommerce.svc.cluster.local:8001/auth/me\": request timeout"
time="2026-10-06T00:24:44Z" level=warning msg="Request Failed" error="Post \"http://auth-service.ecommerce.svc.cluster.local:8001/auth/login\": request timeout"
time="2026-10-06T00:24:44Z" level=warning msg="Request Failed" error="Get \"http://auth-service.ecommerce.svc.cluster.local:8001/auth/me\": request timeout"
time="2026-10-06T00:24:44Z" level=warning msg="Request Failed" error="Get \"http://auth-service.ecommerce.svc.cluster.local:8001/auth/me\": request timeout"
time="2026-10-06T00:24:44Z" level=warning msg="Request Failed" error="Get \"http://auth-service.ecommerce.svc.cluster.local:8001/auth/me\": request timeout"
time="2026-10-06T00:24:44Z" level=warning msg="Request Failed" error="Get \"http://auth-service.ecommerce.svc.cluster.local:8001/auth/me\": request timeout"
time="2026-10-06T00:24:44Z" level=warning msg="Request Failed" error="Get \"http://auth-service.ecommerce.svc.cluster.local:8001/auth/me\": request timeout"
time="2026-10-06T00:24:44Z" level=warning msg="Request Failed" error="Post \"http://auth-service.ecommerce.svc.cluster.local:8001/auth/login\": request timeout"
time="2026-10-06T00:24:44Z" level=warning msg="Request Failed" error="Get \"http://auth-service.ecommerce.svc.cluster.local:8001/auth/me\": request timeout"
time="2026-10-06T00:24:44Z" level=warning msg="Request Failed" error="Post \"http://auth-service.ecommerce.svc.cluster.local:8001/auth/login\": request timeout"
time="2026-10-06T00:24:44Z" level=warning msg="Request Failed" error="Get \"http://auth-service.ecommerce.svc.cluster.local:8001/auth/me\": request timeout"
time="2026-10-06T00:24:44Z" level=warning msg="Request Failed" error="Get \"http://auth-service.ecommerce.svc.cluster.local:8001/auth/me\": request timeout"
time="2026-10-06T00:24:44Z" level=warning msg="Request Failed" error="Post \"http://auth-service.ecommerce.svc.cluster.local:8001/auth/login\": request timeout"
time="2026-10-06T00:24:44Z" level=warning msg="Request Failed" error="Get \"http://auth-service.ecommerce.svc.cluster.local:8001/auth/me\": request timeout"
time="2026-10-06T00:24:44Z" level=warning msg="Request Failed" error="Get \"http://auth-service.ecommerce.svc.cluster.local:8001/auth/me\": request timeout"
time="2026-10-06T00:24:44Z" level=warning msg="Request Failed" error="Get \"http://auth-service.ecommerce.svc.cluster.local:8001/auth/me\": request timeout"
time="2026-10-06T00:24:44Z" level=warning msg="Request Failed" error="Get \"http://auth-service.ecommerce.svc.cluster.local:8001/auth/me\": request timeout"

running (03m06.9s), 150/225 VUs, 1109 complete and 0 interrupted iterations
openloop_spike   [  22% ] 150/225 VUs  02m38.7s/12m0s  30.00 iters/s
time="2026-10-06T00:24:44Z" level=warning msg="Request Failed" error="Post \"http://auth-service.ecommerce.svc.cluster.local:8001/auth/login\": request timeout"
time="2026-10-06T00:24:44Z" level=warning msg="Request Failed" error="Get \"http://auth-service.ecommerce.svc.cluster.local:8001/auth/me\": request timeout"
time="2026-10-06T00:24:45Z" level=warning msg="Request Failed" error="Post \"http://auth-service.ecommerce.svc.cluster.local:8001/auth/login\": request timeout"
time="2026-10-06T00:24:45Z" level=warning msg="Request Failed" error="Get \"http://auth-service.ecommerce.svc.cluster.local:8001/auth/me\": request timeout"
time="2026-10-06T00:24:45Z" level=warning msg="Request Failed" error="Get \"http://auth-service.ecommerce.svc.cluster.local:8001/auth/me\": request timeout"
time="2026-10-06T00:24:45Z" level=warning msg="Request Failed" error="Post \"http://auth-service.ecommerce.svc.cluster.local:8001/auth/login\": request timeout"
time="2026-10-06T00:24:45Z" level=warning msg="Request Failed" error="Post \"http://auth-service.ecommerce.svc.cluster.local:8001/auth/login\": request timeout"
time="2026-10-06T00:24:45Z" level=warning msg="Request Failed" error="Get \"http://auth-service.ecommerce.svc.cluster.local:8001/auth/me\": request timeout"
time="2026-10-06T00:24:45Z" level=warning msg="Request Failed" error="Get \"http://auth-service.ecommerce.svc.cluster.local:8001/auth/me\": request timeout"
time="2026-10-06T00:24:45Z" level=warning msg="Request Failed" error="Post \"http://auth-service.ecommerce.svc.cluster.local:8001/auth/login\": request timeout"
time="2026-10-06T00:24:45Z" level=warning msg="Request Failed" error="Get \"http://auth-service.ecommerce.svc.cluster.local:8001/auth/me\": request timeout"
time="2026-10-06T00:24:45Z" level=warning msg="Request Failed" error="Post \"http://auth-service.ecommerce.svc.cluster.local:8001/auth/login\": request timeout"
time="2026-10-06T00:24:45Z" level=warning msg="Request Failed" error="Get \"http://auth-service.ecommerce.svc.cluster.local:8001/auth/me\": request timeout"
time="2026-10-06T00:24:45Z" level=warning msg="Request Failed" error="Post \"http://auth-service.ecommerce.svc.cluster.local:8001/auth/login\": request timeout"
time="2026-10-06T00:24:45Z" level=warning msg="Request Failed" error="Post \"http://auth-service.ecommerce.svc.cluster.local:8001/auth/login\": request timeout"
time="2026-10-06T00:24:45Z" level=warning msg="Request Failed" error="Get \"http://auth-service.ecommerce.svc.cluster.local:8001/auth/me\": request timeout"
time="2026-10-06T00:24:45Z" level=warning msg="Request Failed" error="Get \"http://auth-service.ecommerce.svc.cluster.local:8001/auth/me\": request timeout"
time="2026-10-06T00:24:45Z" level=warning msg="Request Failed" error="Get \"http://auth-service.ecommerce.svc.cluster.local:8001/auth/me\": request timeout"
time="2026-10-06T00:24:45Z" level=warning msg="Request Failed" error="Get \"http://auth-service.ecommerce.svc.cluster.local:8001/auth/me\": request timeout"
time="2026-10-06T00:24:45Z" level=warning msg="Request Failed" error="Get \"http://auth-service.ecommerce.svc.cluster.local:8001/auth/me\": request timeout"
time="2026-10-06T00:24:45Z" level=warning msg="Request Failed" error="Get \"http://auth-service.ecommerce.svc.cluster.local:8001/auth/me\": request timeout"
time="2026-10-06T00:24:45Z" level=warning msg="Request Failed" error="Get \"http://auth-service.ecommerce.svc.cluster.local:8001/auth/me\": request timeout"
time="2026-10-06T00:24:45Z" level=warning msg="Request Failed" error="Post \"http://auth-service.ecommerce.svc.cluster.local:8001/auth/login\": request timeout"
time="2026-10-06T00:24:45Z" level=warning msg="Request Failed" error="Get \"http://auth-service.ecommerce.svc.cluster.local:8001/auth/me\": request timeout"
time="2026-10-06T00:24:45Z" level=warning msg="Request Failed" error="Get \"http://auth-service.ecommerce.svc.cluster.local:8001/auth/me\": request timeout"
time="2026-10-06T00:24:45Z" level=warning msg="Request Failed" error="Get \"http://auth-service.ecommerce.svc.cluster.local:8001/auth/me\": request timeout"
time="2026-10-06T00:24:45Z" level=warning msg="Request Failed" error="Get \"http://auth-service.ecommerce.svc.cluster.local:8001/auth/me\": request timeout"
time="2026-10-06T00:24:45Z" level=warning msg="Request Failed" error="Post \"http://auth-service.ecommerce.svc.cluster.local:8001/auth/login\": request timeout"
time="2026-10-06T00:24:45Z" level=warning msg="Request Failed" error="Get \"http://auth-service.ecommerce.svc.cluster.local:8001/auth/me\": request timeout"
time="2026-10-06T00:24:45Z" level=warning msg="Request Failed" error="Get \"http://auth-service.ecommerce.svc.cluster.local:8001/auth/me\": request timeout"

running (03m07.9s), 150/225 VUs, 1139 complete and 0 interrupted iterations
openloop_spike   [  22% ] 150/225 VUs  02m39.7s/12m0s  30.00 iters/s
time="2026-10-06T00:24:45Z" level=warning msg="Request Failed" error="Get \"http://auth-service.ecommerce.svc.cluster.local:8001/auth/me\": request timeout"
time="2026-10-06T00:24:45Z" level=warning msg="Request Failed" error="Get \"http://auth-service.ecommerce.svc.cluster.local:8001/auth/me\": request timeout"
time="2026-10-06T00:24:46Z" level=warning msg="Request Failed" error="Post \"http://auth-service.ecommerce.svc.cluster.local:8001/auth/login\": request timeout"
time="2026-10-06T00:24:46Z" level=warning msg="Request Failed" error="Get \"http://auth-service.ecommerce.svc.cluster.local:8001/auth/me\": request timeout"
time="2026-10-06T00:24:46Z" level=warning msg="Request Failed" error="Get \"http://auth-service.ecommerce.svc.cluster.local:8001/auth/me\": request timeout"
time="2026-10-06T00:24:46Z" level=warning msg="Request Failed" error="Get \"http://auth-service.ecommerce.svc.cluster.local:8001/auth/me\": request timeout"
time="2026-10-06T00:24:46Z" level=warning msg="Request Failed" error="Get \"http://auth-service.ecommerce.svc.cluster.local:8001/auth/me\": request timeout"
time="2026-10-06T00:24:46Z" level=warning msg="Request Failed" error="Post \"http://auth-service.ecommerce.svc.cluster.local:8001/auth/login\": request timeout"
time="2026-10-06T00:24:46Z" level=warning msg="Request Failed" error="Get \"http://auth-service.ecommerce.svc.cluster.local:8001/auth/me\": request timeout"
time="2026-10-06T00:24:46Z" level=warning msg="Request Failed" error="Get \"http://auth-service.ecommerce.svc.cluster.local:8001/auth/me\": request timeout"
time="2026-10-06T00:24:46Z" level=warning msg="Request Failed" error="Get \"http://auth-service.ecommerce.svc.cluster.local:8001/auth/me\": request timeout"
time="2026-10-06T00:24:46Z" level=warning msg="Request Failed" error="Post \"http://auth-service.ecommerce.svc.cluster.local:8001/auth/login\": request timeout"
time="2026-10-06T00:24:46Z" level=warning msg="Request Failed" error="Get \"http://auth-service.ecommerce.svc.cluster.local:8001/auth/me\": request timeout"
time="2026-10-06T00:24:46Z" level=warning msg="Request Failed" error="Get \"http://auth-service.ecommerce.svc.cluster.local:8001/auth/me\": request timeout"
time="2026-10-06T00:24:46Z" level=warning msg="Request Failed" error="Post \"http://auth-service.ecommerce.svc.cluster.local:8001/auth/login\": request timeout"
time="2026-10-06T00:24:46Z" level=warning msg="Request Failed" error="Get \"http://auth-service.ecommerce.svc.cluster.local:8001/auth/me\": request timeout"
time="2026-10-06T00:24:46Z" level=warning msg="Request Failed" error="Get \"http://auth-service.ecommerce.svc.cluster.local:8001/auth/me\": request timeout"
time="2026-10-06T00:24:46Z" level=warning msg="Request Failed" error="Get \"http://auth-service.ecommerce.svc.cluster.local:8001/auth/me\": request timeout"
time="2026-10-06T00:24:46Z" level=warning msg="Request Failed" error="Get \"http://auth-service.ecommerce.svc.cluster.local:8001/auth/me\": request timeout"
time="2026-10-06T00:24:46Z" level=warning msg="Request Failed" error="Get \"http://auth-service.ecommerce.svc.cluster.local:8001/auth/me\": request timeout"
time="2026-10-06T00:24:46Z" level=warning msg="Request Failed" error="Get \"http://auth-service.ecommerce.svc.cluster.local:8001/auth/me\": request timeout"
time="2026-10-06T00:24:46Z" level=warning msg="Request Failed" error="Get \"http://auth-service.ecommerce.svc.cluster.local:8001/auth/me\": request timeout"
time="2026-10-06T00:24:46Z" level=warning msg="Request Failed" error="Post \"http://auth-service.ecommerce.svc.cluster.local:8001/auth/login\": request timeout"
time="2026-10-06T00:24:46Z" level=warning msg="Request Failed" error="Post \"http://auth-service.ecommerce.svc.cluster.local:8001/auth/login\": request timeout"
time="2026-10-06T00:24:46Z" level=warning msg="Request Failed" error="Post \"http://auth-service.ecommerce.svc.cluster.local:8001/auth/login\": request timeout"
time="2026-10-06T00:24:46Z" level=warning msg="Request Failed" error="Get \"http://auth-service.ecommerce.svc.cluster.local:8001/auth/me\": request timeout"
time="2026-10-06T00:24:46Z" level=warning msg="Request Failed" error="Get \"http://auth-service.ecommerce.svc.cluster.local:8001/auth/me\": request timeout"
time="2026-10-06T00:24:46Z" level=warning msg="Request Failed" error="Get \"http://auth-service.ecommerce.svc.cluster.local:8001/auth/me\": request timeout"
time="2026-10-06T00:24:46Z" level=warning msg="Request Failed" error="Get \"http://auth-service.ecommerce.svc.cluster.local:8001/auth/me\": request timeout"
time="2026-10-06T00:24:46Z" level=warning msg="Request Failed" error="Get \"http://auth-service.ecommerce.svc.cluster.local:8001/auth/me\": request timeout"

running (03m08.9s), 150/225 VUs, 1169 complete and 0 interrupted iterations
openloop_spike   [  22% ] 150/225 VUs  02m40.7s/12m0s  30.00 iters/s
time="2026-10-06T00:24:46Z" level=warning msg="Request Failed" error="Get \"http://auth-service.ecommerce.svc.cluster.local:8001/auth/me\": request timeout"
time="2026-10-06T00:24:46Z" level=warning msg="Request Failed" error="Post \"http://auth-service.ecommerce.svc.cluster.local:8001/auth/login\": request timeout"
time="2026-10-06T00:24:47Z" level=warning msg="Request Failed" error="Get \"http://auth-service.ecommerce.svc.cluster.local:8001/auth/me\": request timeout"
time="2026-10-06T00:24:47Z" level=warning msg="Request Failed" error="Get \"http://auth-service.ecommerce.svc.cluster.local:8001/auth/me\": request timeout"
time="2026-10-06T00:24:47Z" level=warning msg="Request Failed" error="Post \"http://auth-service.ecommerce.svc.cluster.local:8001/auth/login\": request timeout"
time="2026-10-06T00:24:47Z" level=warning msg="Request Failed" error="Get \"http://auth-service.ecommerce.svc.cluster.local:8001/auth/me\": request timeout"
time="2026-10-06T00:24:47Z" level=warning msg="Request Failed" error="Get \"http://auth-service.ecommerce.svc.cluster.local:8001/auth/me\": request timeout"
time="2026-10-06T00:24:47Z" level=warning msg="Request Failed" error="Post \"http://auth-service.ecommerce.svc.cluster.local:8001/auth/login\": request timeout"
time="2026-10-06T00:24:47Z" level=warning msg="Request Failed" error="Get \"http://auth-service.ecommerce.svc.cluster.local:8001/auth/me\": request timeout"
time="2026-10-06T00:24:47Z" level=warning msg="Request Failed" error="Post \"http://auth-service.ecommerce.svc.cluster.local:8001/auth/login\": request timeout"
time="2026-10-06T00:24:47Z" level=warning msg="Request Failed" error="Get \"http://auth-service.ecommerce.svc.cluster.local:8001/auth/me\": request timeout"
time="2026-10-06T00:24:47Z" level=warning msg="Request Failed" error="Get \"http://auth-service.ecommerce.svc.cluster.local:8001/auth/me\": request timeout"
time="2026-10-06T00:24:47Z" level=warning msg="Request Failed" error="Post \"http://auth-service.ecommerce.svc.cluster.local:8001/auth/login\": request timeout"
time="2026-10-06T00:24:47Z" level=warning msg="Request Failed" error="Get \"http://auth-service.ecommerce.svc.cluster.local:8001/auth/me\": request timeout"
time="2026-10-06T00:24:47Z" level=warning msg="Request Failed" error="Get \"http://auth-service.ecommerce.svc.cluster.local:8001/auth/me\": request timeout"
time="2026-10-06T00:24:47Z" level=warning msg="Request Failed" error="Get \"http://auth-service.ecommerce.svc.cluster.local:8001/auth/me\": request timeout"
time="2026-10-06T00:24:47Z" level=warning msg="Request Failed" error="Get \"http://auth-service.ecommerce.svc.cluster.local:8001/auth/me\": request timeout"
time="2026-10-06T00:24:47Z" level=warning msg="Request Failed" error="Get \"http://auth-service.ecommerce.svc.cluster.local:8001/auth/me\": request timeout"
time="2026-10-06T00:24:47Z" level=warning msg="Request Failed" error="Get \"http://auth-service.ecommerce.svc.cluster.local:8001/auth/me\": request timeout"
time="2026-10-06T00:24:47Z" level=warning msg="Request Failed" error="Get \"http://auth-service.ecommerce.svc.cluster.local:8001/auth/me\": request timeout"
time="2026-10-06T00:24:47Z" level=warning msg="Request Failed" error="Get \"http://auth-service.ecommerce.svc.cluster.local:8001/auth/me\": request timeout"
time="2026-10-06T00:24:47Z" level=warning msg="Request Failed" error="Get \"http://auth-service.ecommerce.svc.cluster.local:8001/auth/me\": request timeout"
time="2026-10-06T00:24:47Z" level=warning msg="Request Failed" error="Get \"http://auth-service.ecommerce.svc.cluster.local:8001/auth/me\": request timeout"
time="2026-10-06T00:24:47Z" level=warning msg="Request Failed" error="Get \"http://auth-service.ecommerce.svc.cluster.local:8001/auth/me\": request timeout"
time="2026-10-06T00:24:47Z" level=warning msg="Request Failed" error="Get \"http://auth-service.ecommerce.svc.cluster.local:8001/auth/me\": request timeout"
time="2026-10-06T00:24:47Z" level=warning msg="Request Failed" error="Get \"http://auth-service.ecommerce.svc.cluster.local:8001/auth/me\": request timeout"
time="2026-10-06T00:24:47Z" level=warning msg="Request Failed" error="Get \"http://auth-service.ecommerce.svc.cluster.local:8001/auth/me\": request timeout"
time="2026-10-06T00:24:47Z" level=warning msg="Request Failed" error="Get \"http://auth-service.ecommerce.svc.cluster.local:8001/auth/me\": request timeout"
time="2026-10-06T00:24:47Z" level=warning msg="Request Failed" error="Get \"http://auth-service.ecommerce.svc.cluster.local:8001/auth/me\": request timeout"
time="2026-10-06T00:24:47Z" level=warning msg="Request Failed" error="Get \"http://auth-service.ecommerce.svc.cluster.local:8001/auth/me\": request timeout"

running (03m09.9s), 150/225 VUs, 1199 complete and 0 interrupted iterations
openloop_spike   [  22% ] 150/225 VUs  02m41.7s/12m0s  30.00 iters/s
time="2026-10-06T00:24:47Z" level=warning msg="Request Failed" error="Get \"http://auth-service.ecommerce.svc.cluster.local:8001/auth/me\": request timeout"
time="2026-10-06T00:24:47Z" level=warning msg="Request Failed" error="Get \"http://auth-service.ecommerce.svc.cluster.local:8001/auth/me\": request timeout"
time="2026-10-06T00:24:48Z" level=warning msg="Request Failed" error="Get \"http://auth-service.ecommerce.svc.cluster.local:8001/auth/me\": request timeout"
time="2026-10-06T00:24:48Z" level=warning msg="Request Failed" error="Post \"http://auth-service.ecommerce.svc.cluster.local:8001/auth/login\": request timeout"
time="2026-10-06T00:24:48Z" level=warning msg="Request Failed" error="Get \"http://auth-service.ecommerce.svc.cluster.local:8001/auth/me\": request timeout"
time="2026-10-06T00:24:48Z" level=warning msg="Request Failed" error="Get \"http://auth-service.ecommerce.svc.cluster.local:8001/auth/me\": request timeout"
time="2026-10-06T00:24:48Z" level=warning msg="Request Failed" error="Get \"http://auth-service.ecommerce.svc.cluster.local:8001/auth/me\": request timeout"
time="2026-10-06T00:24:48Z" level=warning msg="Request Failed" error="Get \"http://auth-service.ecommerce.svc.cluster.local:8001/auth/me\": request timeout"
time="2026-10-06T00:24:48Z" level=warning msg="Request Failed" error="Post \"http://auth-service.ecommerce.svc.cluster.local:8001/auth/login\": request timeout"
time="2026-10-06T00:24:48Z" level=warning msg="Request Failed" error="Post \"http://auth-service.ecommerce.svc.cluster.local:8001/auth/login\": request timeout"
time="2026-10-06T00:24:48Z" level=warning msg="Request Failed" error="Post \"http://auth-service.ecommerce.svc.cluster.local:8001/auth/login\": request timeout"
time="2026-10-06T00:24:48Z" level=warning msg="Request Failed" error="Get \"http://auth-service.ecommerce.svc.cluster.local:8001/auth/me\": request timeout"
time="2026-10-06T00:24:48Z" level=warning msg="Request Failed" error="Get \"http://auth-service.ecommerce.svc.cluster.local:8001/auth/me\": request timeout"
time="2026-10-06T00:24:48Z" level=warning msg="Request Failed" error="Get \"http://auth-service.ecommerce.svc.cluster.local:8001/auth/me\": request timeout"
time="2026-10-06T00:24:48Z" level=warning msg="Request Failed" error="Post \"http://auth-service.ecommerce.svc.cluster.local:8001/auth/login\": request timeout"
time="2026-10-06T00:24:48Z" level=warning msg="Request Failed" error="Get \"http://auth-service.ecommerce.svc.cluster.local:8001/auth/me\": request timeout"
time="2026-10-06T00:24:48Z" level=warning msg="Request Failed" error="Get \"http://auth-service.ecommerce.svc.cluster.local:8001/auth/me\": request timeout"
time="2026-10-06T00:24:48Z" level=warning msg="Request Failed" error="Get \"http://auth-service.ecommerce.svc.cluster.local:8001/auth/me\": request timeout"
time="2026-10-06T00:24:48Z" level=warning msg="Request Failed" error="Get \"http://auth-service.ecommerce.svc.cluster.local:8001/auth/me\": request timeout"
time="2026-10-06T00:24:48Z" level=warning msg="Request Failed" error="Get \"http://auth-service.ecommerce.svc.cluster.local:8001/auth/me\": request timeout"
time="2026-10-06T00:24:48Z" level=warning msg="Request Failed" error="Post \"http://auth-service.ecommerce.svc.cluster.local:8001/auth/login\": request timeout"
time="2026-10-06T00:24:48Z" level=warning msg="Request Failed" error="Get \"http://auth-service.ecommerce.svc.cluster.local:8001/auth/me\": request timeout"
time="2026-10-06T00:24:48Z" level=warning msg="Request Failed" error="Get \"http://auth-service.ecommerce.svc.cluster.local:8001/auth/me\": request timeout"
time="2026-10-06T00:24:48Z" level=warning msg="Request Failed" error="Get \"http://auth-service.ecommerce.svc.cluster.local:8001/auth/me\": request timeout"
time="2026-10-06T00:24:48Z" level=warning msg="Request Failed" error="Get \"http://auth-service.ecommerce.svc.cluster.local:8001/auth/me\": request timeout"
time="2026-10-06T00:24:48Z" level=warning msg="Request Failed" error="Get \"http://auth-service.ecommerce.svc.cluster.local:8001/auth/me\": request timeout"
time="2026-10-06T00:24:48Z" level=warning msg="Request Failed" error="Get \"http://auth-service.ecommerce.svc.cluster.local:8001/auth/me\": request timeout"
time="2026-10-06T00:24:48Z" level=warning msg="Request Failed" error="Get \"http://auth-service.ecommerce.svc.cluster.local:8001/auth/me\": request timeout"
time="2026-10-06T00:24:48Z" level=warning msg="Request Failed" error="Get \"http://auth-service.ecommerce.svc.cluster.local:8001/auth/me\": request timeout"
time="2026-10-06T00:24:48Z" level=warning msg="Request Failed" error="Get \"http://auth-service.ecommerce.svc.cluster.local:8001/auth/me\": request timeout"

running (03m10.9s), 150/225 VUs, 1229 complete and 0 interrupted iterations
openloop_spike   [  23% ] 150/225 VUs  02m42.7s/12m0s  30.00 iters/s
time="2026-10-06T00:24:48Z" level=warning msg="Request Failed" error="Get \"http://auth-service.ecommerce.svc.cluster.local:8001/auth/me\": request timeout"
time="2026-10-06T00:24:48Z" level=warning msg="Request Failed" error="Get \"http://auth-service.ecommerce.svc.cluster.local:8001/auth/me\": request timeout"
time="2026-10-06T00:24:49Z" level=warning msg="Request Failed" error="Get \"http://auth-service.ecommerce.svc.cluster.local:8001/auth/me\": request timeout"
time="2026-10-06T00:24:49Z" level=warning msg="Request Failed" error="Get \"http://auth-service.ecommerce.svc.cluster.local:8001/auth/me\": request timeout"
time="2026-10-06T00:24:49Z" level=warning msg="Request Failed" error="Get \"http://auth-service.ecommerce.svc.cluster.local:8001/auth/me\": request timeout"
time="2026-10-06T00:24:49Z" level=warning msg="Request Failed" error="Post \"http://auth-service.ecommerce.svc.cluster.local:8001/auth/login\": request timeout"
time="2026-10-06T00:24:49Z" level=warning msg="Request Failed" error="Get \"http://auth-service.ecommerce.svc.cluster.local:8001/auth/me\": request timeout"
time="2026-10-06T00:24:49Z" level=warning msg="Request Failed" error="Get \"http://auth-service.ecommerce.svc.cluster.local:8001/auth/me\": request timeout"
time="2026-10-06T00:24:49Z" level=warning msg="Request Failed" error="Get \"http://auth-service.ecommerce.svc.cluster.local:8001/auth/me\": request timeout"
time="2026-10-06T00:24:49Z" level=warning msg="Request Failed" error="Get \"http://auth-service.ecommerce.svc.cluster.local:8001/auth/me\": request timeout"
time="2026-10-06T00:24:49Z" level=warning msg="Request Failed" error="Post \"http://auth-service.ecommerce.svc.cluster.local:8001/auth/login\": request timeout"
time="2026-10-06T00:24:49Z" level=warning msg="Request Failed" error="Get \"http://auth-service.ecommerce.svc.cluster.local:8001/auth/me\": request timeout"
time="2026-10-06T00:24:49Z" level=warning msg="Request Failed" error="Post \"http://auth-service.ecommerce.svc.cluster.local:8001/auth/login\": request timeout"
time="2026-10-06T00:24:49Z" level=warning msg="Request Failed" error="Post \"http://auth-service.ecommerce.svc.cluster.local:8001/auth/login\": request timeout"
time="2026-10-06T00:24:49Z" level=warning msg="Request Failed" error="Get \"http://auth-service.ecommerce.svc.cluster.local:8001/auth/me\": request timeout"
time="2026-10-06T00:24:49Z" level=warning msg="Request Failed" error="Get \"http://auth-service.ecommerce.svc.cluster.local:8001/auth/me\": request timeout"
time="2026-10-06T00:24:49Z" level=warning msg="Request Failed" error="Get \"http://auth-service.ecommerce.svc.cluster.local:8001/auth/me\": request timeout"
time="2026-10-06T00:24:49Z" level=warning msg="Request Failed" error="Get \"http://auth-service.ecommerce.svc.cluster.local:8001/auth/me\": request timeout"
time="2026-10-06T00:24:49Z" level=warning msg="Request Failed" error="Post \"http://auth-service.ecommerce.svc.cluster.local:8001/auth/login\": request timeout"
time="2026-10-06T00:24:49Z" level=warning msg="Request Failed" error="Post \"http://auth-service.ecommerce.svc.cluster.local:8001/auth/login\": request timeout"
time="2026-10-06T00:24:49Z" level=warning msg="Request Failed" error="Get \"http://auth-service.ecommerce.svc.cluster.local:8001/auth/me\": request timeout"
time="2026-10-06T00:24:49Z" level=warning msg="Request Failed" error="Post \"http://auth-service.ecommerce.svc.cluster.local:8001/auth/login\": request timeout"
time="2026-10-06T00:24:49Z" level=warning msg="Request Failed" error="Get \"http://auth-service.ecommerce.svc.cluster.local:8001/auth/me\": request timeout"
time="2026-10-06T00:24:49Z" level=warning msg="Request Failed" error="Get \"http://auth-service.ecommerce.svc.cluster.local:8001/auth/me\": request timeout"
time="2026-10-06T00:24:49Z" level=warning msg="Request Failed" error="Get \"http://auth-service.ecommerce.svc.cluster.local:8001/auth/me\": request timeout"
time="2026-10-06T00:24:49Z" level=warning msg="Request Failed" error="Get \"http://auth-service.ecommerce.svc.cluster.local:8001/auth/me\": request timeout"
time="2026-10-06T00:24:49Z" level=warning msg="Request Failed" error="Get \"http://auth-service.ecommerce.svc.cluster.local:8001/auth/me\": request timeout"
time="2026-10-06T00:24:49Z" level=warning msg="Request Failed" error="Post \"http://auth-service.ecommerce.svc.cluster.local:8001/auth/login\": request timeout"
time="2026-10-06T00:24:49Z" level=warning msg="Request Failed" error="Get \"http://auth-service.ecommerce.svc.cluster.local:8001/auth/me\": request timeout"
time="2026-10-06T00:24:49Z" level=warning msg="Request Failed" error="Get \"http://auth-service.ecommerce.svc.cluster.local:8001/auth/me\": request timeout"

running (03m11.9s), 150/225 VUs, 1259 complete and 0 interrupted iterations
openloop_spike   [  23% ] 150/225 VUs  02m43.7s/12m0s  30.00 iters/s
time="2026-10-06T00:24:49Z" level=warning msg="Request Failed" error="Post \"http://auth-service.ecommerce.svc.cluster.local:8001/auth/login\": request timeout"
time="2026-10-06T00:24:49Z" level=warning msg="Request Failed" error="Get \"http://auth-service.ecommerce.svc.cluster.local:8001/auth/me\": request timeout"
time="2026-10-06T00:24:50Z" level=warning msg="Request Failed" error="Get \"http://auth-service.ecommerce.svc.cluster.local:8001/auth/me\": request timeout"
time="2026-10-06T00:24:50Z" level=warning msg="Request Failed" error="Get \"http://auth-service.ecommerce.svc.cluster.local:8001/auth/me\": request timeout"
time="2026-10-06T00:24:50Z" level=warning msg="Request Failed" error="Get \"http://auth-service.ecommerce.svc.cluster.local:8001/auth/me\": request timeout"
time="2026-10-06T00:24:50Z" level=warning msg="Request Failed" error="Post \"http://auth-service.ecommerce.svc.cluster.local:8001/auth/login\": request timeout"
time="2026-10-06T00:24:50Z" level=warning msg="Request Failed" error="Post \"http://auth-service.ecommerce.svc.cluster.local:8001/auth/login\": request timeout"
time="2026-10-06T00:24:50Z" level=warning msg="Request Failed" error="Get \"http://auth-service.ecommerce.svc.cluster.local:8001/auth/me\": request timeout"
time="2026-10-06T00:24:50Z" level=warning msg="Request Failed" error="Get \"http://auth-service.ecommerce.svc.cluster.local:8001/auth/me\": request timeout"
time="2026-10-06T00:24:50Z" level=warning msg="Request Failed" error="Get \"http://auth-service.ecommerce.svc.cluster.local:8001/auth/me\": request timeout"
time="2026-10-06T00:24:50Z" level=warning msg="Request Failed" error="Post \"http://auth-service.ecommerce.svc.cluster.local:8001/auth/login\": request timeout"
time="2026-10-06T00:24:50Z" level=warning msg="Request Failed" error="Post \"http://auth-service.ecommerce.svc.cluster.local:8001/auth/login\": request timeout"
time="2026-10-06T00:24:50Z" level=warning msg="Request Failed" error="Get \"http://auth-service.ecommerce.svc.cluster.local:8001/auth/me\": request timeout"
time="2026-10-06T00:24:50Z" level=warning msg="Request Failed" error="Get \"http://auth-service.ecommerce.svc.cluster.local:8001/auth/me\": request timeout"
time="2026-10-06T00:24:50Z" level=warning msg="Request Failed" error="Get \"http://auth-service.ecommerce.svc.cluster.local:8001/auth/me\": request timeout"
time="2026-10-06T00:24:50Z" level=warning msg="Request Failed" error="Post \"http://auth-service.ecommerce.svc.cluster.local:8001/auth/login\": request timeout"
time="2026-10-06T00:24:50Z" level=warning msg="Request Failed" error="Get \"http://auth-service.ecommerce.svc.cluster.local:8001/auth/me\": request timeout"
time="2026-10-06T00:24:50Z" level=warning msg="Request Failed" error="Post \"http://auth-service.ecommerce.svc.cluster.local:8001/auth/login\": request timeout"
time="2026-10-06T00:24:50Z" level=warning msg="Request Failed" error="Post \"http://auth-service.ecommerce.svc.cluster.local:8001/auth/login\": request timeout"
time="2026-10-06T00:24:50Z" level=warning msg="Request Failed" error="Post \"http://auth-service.ecommerce.svc.cluster.local:8001/auth/login\": request timeout"
time="2026-10-06T00:24:50Z" level=warning msg="Request Failed" error="Get \"http://auth-service.ecommerce.svc.cluster.local:8001/auth/me\": request timeout"
time="2026-10-06T00:24:50Z" level=warning msg="Request Failed" error="Get \"http://auth-service.ecommerce.svc.cluster.local:8001/auth/me\": request timeout"
time="2026-10-06T00:24:50Z" level=warning msg="Request Failed" error="Get \"http://auth-service.ecommerce.svc.cluster.local:8001/auth/me\": request timeout"
time="2026-10-06T00:24:50Z" level=warning msg="Request Failed" error="Get \"http://auth-service.ecommerce.svc.cluster.local:8001/auth/me\": request timeout"
time="2026-10-06T00:24:50Z" level=warning msg="Request Failed" error="Get \"http://auth-service.ecommerce.svc.cluster.local:8001/auth/me\": request timeout"
time="2026-10-06T00:24:50Z" level=warning msg="Request Failed" error="Post \"http://auth-service.ecommerce.svc.cluster.local:8001/auth/login\": request timeout"
time="2026-10-06T00:24:50Z" level=warning msg="Request Failed" error="Get \"http://auth-service.ecommerce.svc.cluster.local:8001/auth/me\": request timeout"
time="2026-10-06T00:24:50Z" level=warning msg="Request Failed" error="Post \"http://auth-service.ecommerce.svc.cluster.local:8001/auth/login\": request timeout"
time="2026-10-06T00:24:50Z" level=warning msg="Request Failed" error="Get \"http://auth-service.ecommerce.svc.cluster.local:8001/auth/me\": request timeout"
time="2026-10-06T00:24:50Z" level=warning msg="Request Failed" error="Get \"http://auth-service.ecommerce.svc.cluster.local:8001/auth/me\": request timeout"

running (03m12.9s), 150/225 VUs, 1289 complete and 0 interrupted iterations
openloop_spike   [  23% ] 150/225 VUs  02m44.7s/12m0s  30.00 iters/s
time="2026-10-06T00:24:50Z" level=warning msg="Request Failed" error="Get \"http://auth-service.ecommerce.svc.cluster.local:8001/auth/me\": request timeout"
time="2026-10-06T00:24:50Z" level=warning msg="Request Failed" error="Get \"http://auth-service.ecommerce.svc.cluster.local:8001/auth/me\": request timeout"
time="2026-10-06T00:24:51Z" level=warning msg="Request Failed" error="Get \"http://auth-service.ecommerce.svc.cluster.local:8001/auth/me\": request timeout"
time="2026-10-06T00:24:51Z" level=warning msg="Request Failed" error="Get \"http://auth-service.ecommerce.svc.cluster.local:8001/auth/me\": request timeout"
time="2026-10-06T00:24:51Z" level=warning msg="Request Failed" error="Post \"http://auth-service.ecommerce.svc.cluster.local:8001/auth/login\": request timeout"
time="2026-10-06T00:24:51Z" level=warning msg="Request Failed" error="Get \"http://auth-service.ecommerce.svc.cluster.local:8001/auth/me\": request timeout"
time="2026-10-06T00:24:51Z" level=warning msg="Request Failed" error="Get \"http://auth-service.ecommerce.svc.cluster.local:8001/auth/me\": request timeout"
time="2026-10-06T00:24:51Z" level=warning msg="Request Failed" error="Get \"http://auth-service.ecommerce.svc.cluster.local:8001/auth/me\": request timeout"
time="2026-10-06T00:24:51Z" level=warning msg="Request Failed" error="Get \"http://auth-service.ecommerce.svc.cluster.local:8001/auth/me\": request timeout"
time="2026-10-06T00:24:51Z" level=warning msg="Request Failed" error="Get \"http://auth-service.ecommerce.svc.cluster.local:8001/auth/me\": request timeout"
time="2026-10-06T00:24:51Z" level=warning msg="Request Failed" error="Get \"http://auth-service.ecommerce.svc.cluster.local:8001/auth/me\": request timeout"
time="2026-10-06T00:24:51Z" level=warning msg="Request Failed" error="Post \"http://auth-service.ecommerce.svc.cluster.local:8001/auth/login\": request timeout"
time="2026-10-06T00:24:51Z" level=warning msg="Request Failed" error="Get \"http://auth-service.ecommerce.svc.cluster.local:8001/auth/me\": request timeout"
time="2026-10-06T00:24:51Z" level=warning msg="Request Failed" error="Post \"http://auth-service.ecommerce.svc.cluster.local:8001/auth/login\": request timeout"
time="2026-10-06T00:24:51Z" level=warning msg="Request Failed" error="Get \"http://auth-service.ecommerce.svc.cluster.local:8001/auth/me\": request timeout"
time="2026-10-06T00:24:51Z" level=warning msg="Request Failed" error="Post \"http://auth-service.ecommerce.svc.cluster.local:8001/auth/login\": request timeout"
time="2026-10-06T00:24:51Z" level=warning msg="Request Failed" error="Get \"http://auth-service.ecommerce.svc.cluster.local:8001/auth/me\": request timeout"
time="2026-10-06T00:24:51Z" level=warning msg="Request Failed" error="Post \"http://auth-service.ecommerce.svc.cluster.local:8001/auth/login\": request timeout"
time="2026-10-06T00:24:51Z" level=warning msg="Request Failed" error="Post \"http://auth-service.ecommerce.svc.cluster.local:8001/auth/login\": request timeout"
time="2026-10-06T00:24:51Z" level=warning msg="Request Failed" error="Post \"http://auth-service.ecommerce.svc.cluster.local:8001/auth/login\": request timeout"
time="2026-10-06T00:24:51Z" level=warning msg="Request Failed" error="Post \"http://auth-service.ecommerce.svc.cluster.local:8001/auth/login\": request timeout"
time="2026-10-06T00:24:51Z" level=warning msg="Request Failed" error="Post \"http://auth-service.ecommerce.svc.cluster.local:8001/auth/login\": request timeout"

running (03m13.9s), 149/225 VUs, 1320 complete and 0 interrupted iterations
openloop_spike   [  23% ] 149/225 VUs  02m45.7s/12m0s  30.00 iters/s
time="2026-10-06T00:24:51Z" level=warning msg="Request Failed" error="Post \"http://auth-service.ecommerce.svc.cluster.local:8001/auth/login\": request timeout"
time="2026-10-06T00:24:52Z" level=warning msg="Request Failed" error="Post \"http://auth-service.ecommerce.svc.cluster.local:8001/auth/login\": request timeout"
time="2026-10-06T00:24:52Z" level=warning msg="Request Failed" error="request timeout"
time="2026-10-06T00:24:52Z" level=warning msg="Request Failed" error="Post \"http://auth-service.ecommerce.svc.cluster.local:8001/auth/login\": request timeout"
time="2026-10-06T00:24:52Z" level=warning msg="Request Failed" error="Post \"http://auth-service.ecommerce.svc.cluster.local:8001/auth/login\": request timeout"
time="2026-10-06T00:24:52Z" level=warning msg="Request Failed" error="Get \"http://auth-service.ecommerce.svc.cluster.local:8001/auth/me\": request timeout"
time="2026-10-06T00:24:52Z" level=warning msg="Request Failed" error="Post \"http://auth-service.ecommerce.svc.cluster.local:8001/auth/login\": request timeout"
time="2026-10-06T00:24:52Z" level=warning msg="Request Failed" error="Get \"http://auth-service.ecommerce.svc.cluster.local:8001/auth/me\": request timeout"
time="2026-10-06T00:24:52Z" level=warning msg="Request Failed" error="Post \"http://auth-service.ecommerce.svc.cluster.local:8001/auth/login\": request timeout"
time="2026-10-06T00:24:52Z" level=warning msg="Request Failed" error="Get \"http://auth-service.ecommerce.svc.cluster.local:8001/auth/me\": request timeout"
time="2026-10-06T00:24:52Z" level=warning msg="Request Failed" error="Get \"http://auth-service.ecommerce.svc.cluster.local:8001/auth/me\": request timeout"
time="2026-10-06T00:24:52Z" level=warning msg="Request Failed" error="Get \"http://auth-service.ecommerce.svc.cluster.local:8001/auth/me\": request timeout"
time="2026-10-06T00:24:52Z" level=warning msg="Request Failed" error="Get \"http://auth-service.ecommerce.svc.cluster.local:8001/auth/me\": request timeout"
time="2026-10-06T00:24:52Z" level=warning msg="Request Failed" error="Post \"http://auth-service.ecommerce.svc.cluster.local:8001/auth/login\": request timeout"
time="2026-10-06T00:24:52Z" level=warning msg="Request Failed" error="Get \"http://auth-service.ecommerce.svc.cluster.local:8001/auth/me\": request timeout"
time="2026-10-06T00:24:52Z" level=warning msg="Request Failed" error="Post \"http://auth-service.ecommerce.svc.cluster.local:8001/auth/login\": request timeout"
time="2026-10-06T00:24:52Z" level=warning msg="Request Failed" error="Get \"http://auth-service.ecommerce.svc.cluster.local:8001/auth/me\": request timeout"
time="2026-10-06T00:24:52Z" level=warning msg="Request Failed" error="Get \"http://auth-service.ecommerce.svc.cluster.local:8001/auth/me\": request timeout"
time="2026-10-06T00:24:52Z" level=warning msg="Request Failed" error="Get \"http://auth-service.ecommerce.svc.cluster.local:8001/auth/me\": request timeout"
time="2026-10-06T00:24:52Z" level=warning msg="Request Failed" error="Post \"http://auth-service.ecommerce.svc.cluster.local:8001/auth/login\": request timeout"
time="2026-10-06T00:24:52Z" level=warning msg="Request Failed" error="Get \"http://auth-service.ecommerce.svc.cluster.local:8001/auth/me\": request timeout"

running (03m14.9s), 150/225 VUs, 1349 complete and 0 interrupted iterations
openloop_spike   [  23% ] 150/225 VUs  02m46.7s/12m0s  30.00 iters/s
time="2026-10-06T00:24:52Z" level=warning msg="Request Failed" error="Post \"http://auth-service.ecommerce.svc.cluster.local:8001/auth/login\": request timeout"
time="2026-10-06T00:24:52Z" level=warning msg="Request Failed" error="Get \"http://auth-service.ecommerce.svc.cluster.local:8001/auth/me\": request timeout"
time="2026-10-06T00:24:53Z" level=warning msg="Request Failed" error="Get \"http://auth-service.ecommerce.svc.cluster.local:8001/auth/me\": request timeout"
time="2026-10-06T00:24:53Z" level=warning msg="Request Failed" error="Post \"http://auth-service.ecommerce.svc.cluster.local:8001/auth/login\": request timeout"
time="2026-10-06T00:24:53Z" level=warning msg="Request Failed" error="Get \"http://auth-service.ecommerce.svc.cluster.local:8001/auth/me\": request timeout"
time="2026-10-06T00:24:53Z" level=warning msg="Request Failed" error="Post \"http://auth-service.ecommerce.svc.cluster.local:8001/auth/login\": request timeout"
time="2026-10-06T00:24:53Z" level=warning msg="Request Failed" error="Get \"http://auth-service.ecommerce.svc.cluster.local:8001/auth/me\": request timeout"
time="2026-10-06T00:24:53Z" level=warning msg="Request Failed" error="Get \"http://auth-service.ecommerce.svc.cluster.local:8001/auth/me\": request timeout"
time="2026-10-06T00:24:53Z" level=warning msg="Request Failed" error="Get \"http://auth-service.ecommerce.svc.cluster.local:8001/auth/me\": request timeout"
time="2026-10-06T00:24:53Z" level=warning msg="Request Failed" error="Post \"http://auth-service.ecommerce.svc.cluster.local:8001/auth/login\": request timeout"
time="2026-10-06T00:24:53Z" level=warning msg="Request Failed" error="Get \"http://auth-service.ecommerce.svc.cluster.local:8001/auth/me\": request timeout"
time="2026-10-06T00:24:53Z" level=warning msg="Request Failed" error="Get \"http://auth-service.ecommerce.svc.cluster.local:8001/auth/me\": request timeout"
time="2026-10-06T00:24:53Z" level=warning msg="Request Failed" error="Post \"http://auth-service.ecommerce.svc.cluster.local:8001/auth/login\": request timeout"
time="2026-10-06T00:24:53Z" level=warning msg="Request Failed" error="Get \"http://auth-service.ecommerce.svc.cluster.local:8001/auth/me\": request timeout"
time="2026-10-06T00:24:53Z" level=warning msg="Request Failed" error="Get \"http://auth-service.ecommerce.svc.cluster.local:8001/auth/me\": request timeout"
time="2026-10-06T00:24:53Z" level=warning msg="Request Failed" error="Get \"http://auth-service.ecommerce.svc.cluster.local:8001/auth/me\": request timeout"
time="2026-10-06T00:24:53Z" level=warning msg="Request Failed" error="Post \"http://auth-service.ecommerce.svc.cluster.local:8001/auth/login\": request timeout"
time="2026-10-06T00:24:53Z" level=warning msg="Request Failed" error="Get \"http://auth-service.ecommerce.svc.cluster.local:8001/auth/me\": request timeout"
time="2026-10-06T00:24:53Z" level=warning msg="Request Failed" error="Get \"http://auth-service.ecommerce.svc.cluster.local:8001/auth/me\": request timeout"
time="2026-10-06T00:24:53Z" level=warning msg="Request Failed" error="Post \"http://auth-service.ecommerce.svc.cluster.local:8001/auth/login\": request timeout"
time="2026-10-06T00:24:53Z" level=warning msg="Request Failed" error="Post \"http://auth-service.ecommerce.svc.cluster.local:8001/auth/login\": request timeout"
time="2026-10-06T00:24:53Z" level=warning msg="Request Failed" error="Get \"http://auth-service.ecommerce.svc.cluster.local:8001/auth/me\": request timeout"
time="2026-10-06T00:24:53Z" level=warning msg="Request Failed" error="Post \"http://auth-service.ecommerce.svc.cluster.local:8001/auth/login\": request timeout"
time="2026-10-06T00:24:53Z" level=warning msg="Request Failed" error="Post \"http://auth-service.ecommerce.svc.cluster.local:8001/auth/login\": request timeout"
time="2026-10-06T00:24:53Z" level=warning msg="Request Failed" error="Get \"http://auth-service.ecommerce.svc.cluster.local:8001/auth/me\": request timeout"
time="2026-10-06T00:24:53Z" level=warning msg="Request Failed" error="Get \"http://auth-service.ecommerce.svc.cluster.local:8001/auth/me\": request timeout"
time="2026-10-06T00:24:53Z" level=warning msg="Request Failed" error="Get \"http://auth-service.ecommerce.svc.cluster.local:8001/auth/me\": request timeout"
time="2026-10-06T00:24:53Z" level=warning msg="Request Failed" error="Post \"http://auth-service.ecommerce.svc.cluster.local:8001/auth/login\": request timeout"
time="2026-10-06T00:24:53Z" level=warning msg="Request Failed" error="Get \"http://auth-service.ecommerce.svc.cluster.local:8001/auth/me\": request timeout"
time="2026-10-06T00:24:53Z" level=warning msg="Request Failed" error="Get \"http://auth-service.ecommerce.svc.cluster.local:8001/auth/me\": request timeout"

running (03m15.9s), 150/225 VUs, 1379 complete and 0 interrupted iterations
openloop_spike   [  23% ] 150/225 VUs  02m47.7s/12m0s  30.00 iters/s
time="2026-10-06T00:24:53Z" level=warning msg="Request Failed" error="Get \"http://auth-service.ecommerce.svc.cluster.local:8001/auth/me\": request timeout"
time="2026-10-06T00:24:53Z" level=warning msg="Request Failed" error="Get \"http://auth-service.ecommerce.svc.cluster.local:8001/auth/me\": request timeout"
time="2026-10-06T00:24:54Z" level=warning msg="Request Failed" error="Get \"http://auth-service.ecommerce.svc.cluster.local:8001/auth/me\": request timeout"
time="2026-10-06T00:24:54Z" level=warning msg="Request Failed" error="Get \"http://auth-service.ecommerce.svc.cluster.local:8001/auth/me\": request timeout"
time="2026-10-06T00:24:54Z" level=warning msg="Request Failed" error="Get \"http://auth-service.ecommerce.svc.cluster.local:8001/auth/me\": request timeout"
time="2026-10-06T00:24:54Z" level=warning msg="Request Failed" error="Post \"http://auth-service.ecommerce.svc.cluster.local:8001/auth/login\": request timeout"
time="2026-10-06T00:24:54Z" level=warning msg="Request Failed" error="Get \"http://auth-service.ecommerce.svc.cluster.local:8001/auth/me\": request timeout"
time="2026-10-06T00:24:54Z" level=warning msg="Request Failed" error="Post \"http://auth-service.ecommerce.svc.cluster.local:8001/auth/login\": request timeout"
time="2026-10-06T00:24:54Z" level=warning msg="Request Failed" error="Get \"http://auth-service.ecommerce.svc.cluster.local:8001/auth/me\": request timeout"
time="2026-10-06T00:24:54Z" level=warning msg="Request Failed" error="Get \"http://auth-service.ecommerce.svc.cluster.local:8001/auth/me\": request timeout"
time="2026-10-06T00:24:54Z" level=warning msg="Request Failed" error="Get \"http://auth-service.ecommerce.svc.cluster.local:8001/auth/me\": request timeout"
time="2026-10-06T00:24:54Z" level=warning msg="Request Failed" error="Get \"http://auth-service.ecommerce.svc.cluster.local:8001/auth/me\": request timeout"
time="2026-10-06T00:24:54Z" level=warning msg="Request Failed" error="Get \"http://auth-service.ecommerce.svc.cluster.local:8001/auth/me\": request timeout"
time="2026-10-06T00:24:54Z" level=warning msg="Request Failed" error="Get \"http://auth-service.ecommerce.svc.cluster.local:8001/auth/me\": request timeout"
time="2026-10-06T00:24:54Z" level=warning msg="Request Failed" error="Get \"http://auth-service.ecommerce.svc.cluster.local:8001/auth/me\": request timeout"
time="2026-10-06T00:24:54Z" level=warning msg="Request Failed" error="Get \"http://auth-service.ecommerce.svc.cluster.local:8001/auth/me\": request timeout"
time="2026-10-06T00:24:54Z" level=warning msg="Request Failed" error="Get \"http://auth-service.ecommerce.svc.cluster.local:8001/auth/me\": request timeout"
time="2026-10-06T00:24:54Z" level=warning msg="Request Failed" error="Get \"http://auth-service.ecommerce.svc.cluster.local:8001/auth/me\": request timeout"
time="2026-10-06T00:24:54Z" level=warning msg="Request Failed" error="Get \"http://auth-service.ecommerce.svc.cluster.local:8001/auth/me\": request timeout"
time="2026-10-06T00:24:54Z" level=warning msg="Request Failed" error="Post \"http://auth-service.ecommerce.svc.cluster.local:8001/auth/login\": request timeout"
time="2026-10-06T00:24:54Z" level=warning msg="Request Failed" error="Post \"http://auth-service.ecommerce.svc.cluster.local:8001/auth/login\": request timeout"
time="2026-10-06T00:24:54Z" level=warning msg="Request Failed" error="Get \"http://auth-service.ecommerce.svc.cluster.local:8001/auth/me\": request timeout"
time="2026-10-06T00:24:54Z" level=warning msg="Request Failed" error="Get \"http://auth-service.ecommerce.svc.cluster.local:8001/auth/me\": request timeout"
time="2026-10-06T00:24:54Z" level=warning msg="Request Failed" error="Get \"http://auth-service.ecommerce.svc.cluster.local:8001/auth/me\": request timeout"
time="2026-10-06T00:24:54Z" level=warning msg="Request Failed" error="Post \"http://auth-service.ecommerce.svc.cluster.local:8001/auth/login\": request timeout"
time="2026-10-06T00:24:54Z" level=warning msg="Request Failed" error="Post \"http://auth-service.ecommerce.svc.cluster.local:8001/auth/login\": request timeout"
time="2026-10-06T00:24:54Z" level=warning msg="Request Failed" error="Get \"http://auth-service.ecommerce.svc.cluster.local:8001/auth/me\": request timeout"
time="2026-10-06T00:24:54Z" level=warning msg="Request Failed" error="Post \"http://auth-service.ecommerce.svc.cluster.local:8001/auth/login\": request timeout"
time="2026-10-06T00:24:54Z" level=warning msg="Request Failed" error="Get \"http://auth-service.ecommerce.svc.cluster.local:8001/auth/me\": request timeout"
time="2026-10-06T00:24:54Z" level=warning msg="Request Failed" error="Post \"http://auth-service.ecommerce.svc.cluster.local:8001/auth/login\": request timeout"

running (03m16.9s), 150/225 VUs, 1409 complete and 0 interrupted iterations
openloop_spike   [  23% ] 150/225 VUs  02m48.7s/12m0s  30.00 iters/s
time="2026-10-06T00:24:54Z" level=warning msg="Request Failed" error="Get \"http://auth-service.ecommerce.svc.cluster.local:8001/auth/me\": request timeout"
time="2026-10-06T00:24:54Z" level=warning msg="Request Failed" error="Get \"http://auth-service.ecommerce.svc.cluster.local:8001/auth/me\": request timeout"
time="2026-10-06T00:24:55Z" level=warning msg="Request Failed" error="Get \"http://auth-service.ecommerce.svc.cluster.local:8001/auth/me\": request timeout"
time="2026-10-06T00:24:55Z" level=warning msg="Request Failed" error="Post \"http://auth-service.ecommerce.svc.cluster.local:8001/auth/login\": request timeout"
time="2026-10-06T00:24:55Z" level=warning msg="Request Failed" error="Get \"http://auth-service.ecommerce.svc.cluster.local:8001/auth/me\": request timeout"
time="2026-10-06T00:24:55Z" level=warning msg="Request Failed" error="Post \"http://auth-service.ecommerce.svc.cluster.local:8001/auth/login\": request timeout"
time="2026-10-06T00:24:55Z" level=warning msg="Request Failed" error="Post \"http://auth-service.ecommerce.svc.cluster.local:8001/auth/login\": request timeout"
time="2026-10-06T00:24:55Z" level=warning msg="Request Failed" error="Get \"http://auth-service.ecommerce.svc.cluster.local:8001/auth/me\": request timeout"
time="2026-10-06T00:24:55Z" level=warning msg="Request Failed" error="Post \"http://auth-service.ecommerce.svc.cluster.local:8001/auth/login\": request timeout"
time="2026-10-06T00:24:55Z" level=warning msg="Request Failed" error="Post \"http://auth-service.ecommerce.svc.cluster.local:8001/auth/login\": request timeout"
time="2026-10-06T00:24:55Z" level=warning msg="Request Failed" error="Get \"http://auth-service.ecommerce.svc.cluster.local:8001/auth/me\": request timeout"
time="2026-10-06T00:24:55Z" level=warning msg="Request Failed" error="Get \"http://auth-service.ecommerce.svc.cluster.local:8001/auth/me\": request timeout"
time="2026-10-06T00:24:55Z" level=warning msg="Request Failed" error="Get \"http://auth-service.ecommerce.svc.cluster.local:8001/auth/me\": request timeout"
time="2026-10-06T00:24:55Z" level=warning msg="Request Failed" error="Get \"http://auth-service.ecommerce.svc.cluster.local:8001/auth/me\": request timeout"
time="2026-10-06T00:24:55Z" level=warning msg="Request Failed" error="Post \"http://auth-service.ecommerce.svc.cluster.local:8001/auth/login\": request timeout"
time="2026-10-06T00:24:55Z" level=warning msg="Request Failed" error="Get \"http://auth-service.ecommerce.svc.cluster.local:8001/auth/me\": request timeout"
time="2026-10-06T00:24:55Z" level=warning msg="Request Failed" error="Get \"http://auth-service.ecommerce.svc.cluster.local:8001/auth/me\": request timeout"
time="2026-10-06T00:24:55Z" level=warning msg="Request Failed" error="Get \"http://auth-service.ecommerce.svc.cluster.local:8001/auth/me\": request timeout"
time="2026-10-06T00:24:55Z" level=warning msg="Request Failed" error="Get \"http://auth-service.ecommerce.svc.cluster.local:8001/auth/me\": request timeout"
time="2026-10-06T00:24:55Z" level=warning msg="Request Failed" error="Get \"http://auth-service.ecommerce.svc.cluster.local:8001/auth/me\": request timeout"
time="2026-10-06T00:24:55Z" level=warning msg="Request Failed" error="Post \"http://auth-service.ecommerce.svc.cluster.local:8001/auth/login\": request timeout"
time="2026-10-06T00:24:55Z" level=warning msg="Request Failed" error="Get \"http://auth-service.ecommerce.svc.cluster.local:8001/auth/me\": request timeout"
time="2026-10-06T00:24:55Z" level=warning msg="Request Failed" error="Get \"http://auth-service.ecommerce.svc.cluster.local:8001/auth/me\": request timeout"
time="2026-10-06T00:24:55Z" level=warning msg="Request Failed" error="Get \"http://auth-service.ecommerce.svc.cluster.local:8001/auth/me\": request timeout"
time="2026-10-06T00:24:55Z" level=warning msg="Request Failed" error="Get \"http://auth-service.ecommerce.svc.cluster.local:8001/auth/me\": request timeout"
time="2026-10-06T00:24:55Z" level=warning msg="Request Failed" error="Get \"http://auth-service.ecommerce.svc.cluster.local:8001/auth/me\": request timeout"
time="2026-10-06T00:24:55Z" level=warning msg="Request Failed" error="Post \"http://auth-service.ecommerce.svc.cluster.local:8001/auth/login\": request timeout"
time="2026-10-06T00:24:55Z" level=warning msg="Request Failed" error="Get \"http://auth-service.ecommerce.svc.cluster.local:8001/auth/me\": request timeout"
time="2026-10-06T00:24:55Z" level=warning msg="Request Failed" error="Get \"http://auth-service.ecommerce.svc.cluster.local:8001/auth/me\": request timeout"
time="2026-10-06T00:24:55Z" level=warning msg="Request Failed" error="Get \"http://auth-service.ecommerce.svc.cluster.local:8001/auth/me\": request timeout"

running (03m17.9s), 150/225 VUs, 1439 complete and 0 interrupted iterations
openloop_spike   [  24% ] 150/225 VUs  02m49.7s/12m0s  30.00 iters/s
time="2026-10-06T00:24:55Z" level=warning msg="Request Failed" error="Get \"http://auth-service.ecommerce.svc.cluster.local:8001/auth/me\": request timeout"
time="2026-10-06T00:24:55Z" level=warning msg="Request Failed" error="Get \"http://auth-service.ecommerce.svc.cluster.local:8001/auth/me\": request timeout"
time="2026-10-06T00:24:56Z" level=warning msg="Request Failed" error="Post \"http://auth-service.ecommerce.svc.cluster.local:8001/auth/login\": request timeout"
time="2026-10-06T00:24:56Z" level=warning msg="Request Failed" error="Post \"http://auth-service.ecommerce.svc.cluster.local:8001/auth/login\": request timeout"
time="2026-10-06T00:24:56Z" level=warning msg="Request Failed" error="Post \"http://auth-service.ecommerce.svc.cluster.local:8001/auth/login\": request timeout"
time="2026-10-06T00:24:56Z" level=warning msg="Request Failed" error="Post \"http://auth-service.ecommerce.svc.cluster.local:8001/auth/login\": request timeout"
time="2026-10-06T00:24:56Z" level=warning msg="Request Failed" error="Post \"http://auth-service.ecommerce.svc.cluster.local:8001/auth/login\": request timeout"
time="2026-10-06T00:24:56Z" level=warning msg="Request Failed" error="request timeout"
time="2026-10-06T00:24:56Z" level=warning msg="Request Failed" error="request timeout"
time="2026-10-06T00:24:56Z" level=warning msg="Request Failed" error="Post \"http://auth-service.ecommerce.svc.cluster.local:8001/auth/login\": request timeout"
time="2026-10-06T00:24:56Z" level=warning msg="Request Failed" error="Post \"http://auth-service.ecommerce.svc.cluster.local:8001/auth/login\": request timeout"
time="2026-10-06T00:24:56Z" level=warning msg="Request Failed" error="Post \"http://auth-service.ecommerce.svc.cluster.local:8001/auth/login\": request timeout"
time="2026-10-06T00:24:56Z" level=warning msg="Request Failed" error="Post \"http://auth-service.ecommerce.svc.cluster.local:8001/auth/login\": request timeout"
time="2026-10-06T00:24:56Z" level=warning msg="Request Failed" error="Get \"http://auth-service.ecommerce.svc.cluster.local:8001/auth/me\": request timeout"
time="2026-10-06T00:24:56Z" level=warning msg="Request Failed" error="Get \"http://auth-service.ecommerce.svc.cluster.local:8001/auth/me\": request timeout"

running (03m18.9s), 150/225 VUs, 1469 complete and 0 interrupted iterations
openloop_spike   [  24% ] 150/225 VUs  02m50.7s/12m0s  30.00 iters/s
time="2026-10-06T00:24:56Z" level=warning msg="Request Failed" error="Post \"http://auth-service.ecommerce.svc.cluster.local:8001/auth/login\": request timeout"
time="2026-10-06T00:24:56Z" level=warning msg="Request Failed" error="Get \"http://auth-service.ecommerce.svc.cluster.local:8001/auth/me\": request timeout"
time="2026-10-06T00:24:57Z" level=warning msg="Request Failed" error="Get \"http://auth-service.ecommerce.svc.cluster.local:8001/auth/me\": request timeout"
time="2026-10-06T00:24:57Z" level=warning msg="Request Failed" error="Get \"http://auth-service.ecommerce.svc.cluster.local:8001/auth/me\": request timeout"
time="2026-10-06T00:24:57Z" level=warning msg="Request Failed" error="Get \"http://auth-service.ecommerce.svc.cluster.local:8001/auth/me\": request timeout"
time="2026-10-06T00:24:57Z" level=warning msg="Request Failed" error="Get \"http://auth-service.ecommerce.svc.cluster.local:8001/auth/me\": request timeout"
time="2026-10-06T00:24:57Z" level=warning msg="Request Failed" error="Get \"http://auth-service.ecommerce.svc.cluster.local:8001/auth/me\": request timeout"
time="2026-10-06T00:24:57Z" level=warning msg="Request Failed" error="Post \"http://auth-service.ecommerce.svc.cluster.local:8001/auth/login\": request timeout"
time="2026-10-06T00:24:57Z" level=warning msg="Request Failed" error="Post \"http://auth-service.ecommerce.svc.cluster.local:8001/auth/login\": request timeout"
time="2026-10-06T00:24:57Z" level=warning msg="Request Failed" error="Get \"http://auth-service.ecommerce.svc.cluster.local:8001/auth/me\": request timeout"
time="2026-10-06T00:24:57Z" level=warning msg="Request Failed" error="Get \"http://auth-service.ecommerce.svc.cluster.local:8001/auth/me\": request timeout"
time="2026-10-06T00:24:57Z" level=warning msg="Request Failed" error="Get \"http://auth-service.ecommerce.svc.cluster.local:8001/auth/me\": request timeout"
time="2026-10-06T00:24:57Z" level=warning msg="Request Failed" error="Post \"http://auth-service.ecommerce.svc.cluster.local:8001/auth/login\": request timeout"
time="2026-10-06T00:24:57Z" level=warning msg="Request Failed" error="Post \"http://auth-service.ecommerce.svc.cluster.local:8001/auth/login\": request timeout"
time="2026-10-06T00:24:57Z" level=warning msg="Request Failed" error="Get \"http://auth-service.ecommerce.svc.cluster.local:8001/auth/me\": request timeout"
time="2026-10-06T00:24:57Z" level=warning msg="Request Failed" error="Get \"http://auth-service.ecommerce.svc.cluster.local:8001/auth/me\": request timeout"
time="2026-10-06T00:24:57Z" level=warning msg="Request Failed" error="Get \"http://auth-service.ecommerce.svc.cluster.local:8001/auth/me\": request timeout"
time="2026-10-06T00:24:57Z" level=warning msg="Request Failed" error="Post \"http://auth-service.ecommerce.svc.cluster.local:8001/auth/login\": request timeout"
time="2026-10-06T00:24:57Z" level=warning msg="Request Failed" error="Get \"http://auth-service.ecommerce.svc.cluster.local:8001/auth/me\": request timeout"
time="2026-10-06T00:24:57Z" level=warning msg="Request Failed" error="Get \"http://auth-service.ecommerce.svc.cluster.local:8001/auth/me\": request timeout"
time="2026-10-06T00:24:57Z" level=warning msg="Request Failed" error="Post \"http://auth-service.ecommerce.svc.cluster.local:8001/auth/login\": request timeout"
time="2026-10-06T00:24:57Z" level=warning msg="Request Failed" error="Get \"http://auth-service.ecommerce.svc.cluster.local:8001/auth/me\": request timeout"
time="2026-10-06T00:24:57Z" level=warning msg="Request Failed" error="Get \"http://auth-service.ecommerce.svc.cluster.local:8001/auth/me\": request timeout"
time="2026-10-06T00:24:57Z" level=warning msg="Request Failed" error="Post \"http://auth-service.ecommerce.svc.cluster.local:8001/auth/login\": request timeout"
time="2026-10-06T00:24:57Z" level=warning msg="Request Failed" error="Get \"http://auth-service.ecommerce.svc.cluster.local:8001/auth/me\": request timeout"
time="2026-10-06T00:24:57Z" level=warning msg="Request Failed" error="Post \"http://auth-service.ecommerce.svc.cluster.local:8001/auth/login\": request timeout"
time="2026-10-06T00:24:57Z" level=warning msg="Request Failed" error="Get \"http://auth-service.ecommerce.svc.cluster.local:8001/auth/me\": request timeout"
time="2026-10-06T00:24:57Z" level=warning msg="Request Failed" error="Get \"http://auth-service.ecommerce.svc.cluster.local:8001/auth/me\": request timeout"
time="2026-10-06T00:24:57Z" level=warning msg="Request Failed" error="Get \"http://auth-service.ecommerce.svc.cluster.local:8001/auth/me\": request timeout"
time="2026-10-06T00:24:57Z" level=warning msg="Request Failed" error="Get \"http://auth-service.ecommerce.svc.cluster.local:8001/auth/me\": request timeout"

running (03m19.9s), 150/225 VUs, 1499 complete and 0 interrupted iterations
openloop_spike   [  24% ] 150/225 VUs  02m51.7s/12m0s  30.00 iters/s
time="2026-10-06T00:24:57Z" level=warning msg="Request Failed" error="Post \"http://auth-service.ecommerce.svc.cluster.local:8001/auth/login\": request timeout"
time="2026-10-06T00:24:57Z" level=warning msg="Request Failed" error="Get \"http://auth-service.ecommerce.svc.cluster.local:8001/auth/me\": request timeout"
time="2026-10-06T00:24:58Z" level=warning msg="Request Failed" error="Get \"http://auth-service.ecommerce.svc.cluster.local:8001/auth/me\": request timeout"
time="2026-10-06T00:24:58Z" level=warning msg="Request Failed" error="Post \"http://auth-service.ecommerce.svc.cluster.local:8001/auth/login\": request timeout"
time="2026-10-06T00:24:58Z" level=warning msg="Request Failed" error="Post \"http://auth-service.ecommerce.svc.cluster.local:8001/auth/login\": request timeout"
time="2026-10-06T00:24:58Z" level=warning msg="Request Failed" error="Get \"http://auth-service.ecommerce.svc.cluster.local:8001/auth/me\": request timeout"
time="2026-10-06T00:24:58Z" level=warning msg="Request Failed" error="Post \"http://auth-service.ecommerce.svc.cluster.local:8001/auth/login\": request timeout"
time="2026-10-06T00:24:58Z" level=warning msg="Request Failed" error="Post \"http://auth-service.ecommerce.svc.cluster.local:8001/auth/login\": request timeout"
time="2026-10-06T00:24:58Z" level=warning msg="Request Failed" error="Get \"http://auth-service.ecommerce.svc.cluster.local:8001/auth/me\": request timeout"
time="2026-10-06T00:24:58Z" level=warning msg="Request Failed" error="Post \"http://auth-service.ecommerce.svc.cluster.local:8001/auth/login\": request timeout"
time="2026-10-06T00:24:58Z" level=warning msg="Request Failed" error="Get \"http://auth-service.ecommerce.svc.cluster.local:8001/auth/me\": request timeout"
time="2026-10-06T00:24:58Z" level=warning msg="Request Failed" error="Get \"http://auth-service.ecommerce.svc.cluster.local:8001/auth/me\": request timeout"
time="2026-10-06T00:24:58Z" level=warning msg="Request Failed" error="Post \"http://auth-service.ecommerce.svc.cluster.local:8001/auth/login\": request timeout"
time="2026-10-06T00:24:58Z" level=warning msg="Request Failed" error="Get \"http://auth-service.ecommerce.svc.cluster.local:8001/auth/me\": request timeout"
time="2026-10-06T00:24:58Z" level=warning msg="Request Failed" error="Get \"http://auth-service.ecommerce.svc.cluster.local:8001/auth/me\": request timeout"
time="2026-10-06T00:24:58Z" level=warning msg="Request Failed" error="Post \"http://auth-service.ecommerce.svc.cluster.local:8001/auth/login\": request timeout"
time="2026-10-06T00:24:58Z" level=warning msg="Request Failed" error="Post \"http://auth-service.ecommerce.svc.cluster.local:8001/auth/login\": request timeout"
time="2026-10-06T00:24:58Z" level=warning msg="Request Failed" error="Get \"http://auth-service.ecommerce.svc.cluster.local:8001/auth/me\": request timeout"
time="2026-10-06T00:24:58Z" level=warning msg="Request Failed" error="Get \"http://auth-service.ecommerce.svc.cluster.local:8001/auth/me\": request timeout"
time="2026-10-06T00:24:58Z" level=warning msg="Request Failed" error="Post \"http://auth-service.ecommerce.svc.cluster.local:8001/auth/login\": request timeout"
time="2026-10-06T00:24:58Z" level=warning msg="Request Failed" error="Get \"http://auth-service.ecommerce.svc.cluster.local:8001/auth/me\": request timeout"
time="2026-10-06T00:24:58Z" level=warning msg="Request Failed" error="Get \"http://auth-service.ecommerce.svc.cluster.local:8001/auth/me\": request timeout"
time="2026-10-06T00:24:58Z" level=warning msg="Request Failed" error="Get \"http://auth-service.ecommerce.svc.cluster.local:8001/auth/me\": request timeout"
time="2026-10-06T00:24:58Z" level=warning msg="Request Failed" error="Post \"http://auth-service.ecommerce.svc.cluster.local:8001/auth/login\": request timeout"
time="2026-10-06T00:24:58Z" level=warning msg="Request Failed" error="Get \"http://auth-service.ecommerce.svc.cluster.local:8001/auth/me\": request timeout"
time="2026-10-06T00:24:58Z" level=warning msg="Request Failed" error="Get \"http://auth-service.ecommerce.svc.cluster.local:8001/auth/me\": request timeout"
time="2026-10-06T00:24:58Z" level=warning msg="Request Failed" error="Post \"http://auth-service.ecommerce.svc.cluster.local:8001/auth/login\": request timeout"
time="2026-10-06T00:24:58Z" level=warning msg="Request Failed" error="Post \"http://auth-service.ecommerce.svc.cluster.local:8001/auth/login\": request timeout"
time="2026-10-06T00:24:58Z" level=warning msg="Request Failed" error="Get \"http://auth-service.ecommerce.svc.cluster.local:8001/auth/me\": request timeout"
time="2026-10-06T00:24:58Z" level=warning msg="Request Failed" error="Post \"http://auth-service.ecommerce.svc.cluster.local:8001/auth/login\": request timeout"

running (03m20.9s), 150/225 VUs, 1529 complete and 0 interrupted iterations
openloop_spike   [  24% ] 150/225 VUs  02m52.7s/12m0s  30.00 iters/s
time="2026-10-06T00:24:58Z" level=warning msg="Request Failed" error="Get \"http://auth-service.ecommerce.svc.cluster.local:8001/auth/me\": request timeout"
time="2026-10-06T00:24:58Z" level=warning msg="Request Failed" error="Post \"http://auth-service.ecommerce.svc.cluster.local:8001/auth/login\": request timeout"
time="2026-10-06T00:24:59Z" level=warning msg="Request Failed" error="Get \"http://auth-service.ecommerce.svc.cluster.local:8001/auth/me\": request timeout"
time="2026-10-06T00:24:59Z" level=warning msg="Request Failed" error="Get \"http://auth-service.ecommerce.svc.cluster.local:8001/auth/me\": request timeout"
time="2026-10-06T00:24:59Z" level=warning msg="Request Failed" error="Get \"http://auth-service.ecommerce.svc.cluster.local:8001/auth/me\": request timeout"
time="2026-10-06T00:24:59Z" level=warning msg="Request Failed" error="Post \"http://auth-service.ecommerce.svc.cluster.local:8001/auth/login\": request timeout"
time="2026-10-06T00:24:59Z" level=warning msg="Request Failed" error="Get \"http://auth-service.ecommerce.svc.cluster.local:8001/auth/me\": request timeout"
time="2026-10-06T00:24:59Z" level=warning msg="Request Failed" error="Get \"http://auth-service.ecommerce.svc.cluster.local:8001/auth/me\": request timeout"
time="2026-10-06T00:24:59Z" level=warning msg="Request Failed" error="Get \"http://auth-service.ecommerce.svc.cluster.local:8001/auth/me\": request timeout"
time="2026-10-06T00:24:59Z" level=warning msg="Request Failed" error="Get \"http://auth-service.ecommerce.svc.cluster.local:8001/auth/me\": request timeout"
time="2026-10-06T00:24:59Z" level=warning msg="Request Failed" error="Get \"http://auth-service.ecommerce.svc.cluster.local:8001/auth/me\": request timeout"
time="2026-10-06T00:24:59Z" level=warning msg="Request Failed" error="Get \"http://auth-service.ecommerce.svc.cluster.local:8001/auth/me\": request timeout"
time="2026-10-06T00:24:59Z" level=warning msg="Request Failed" error="Post \"http://auth-service.ecommerce.svc.cluster.local:8001/auth/login\": request timeout"
time="2026-10-06T00:24:59Z" level=warning msg="Request Failed" error="Post \"http://auth-service.ecommerce.svc.cluster.local:8001/auth/login\": request timeout"
time="2026-10-06T00:24:59Z" level=warning msg="Request Failed" error="Post \"http://auth-service.ecommerce.svc.cluster.local:8001/auth/login\": request timeout"
time="2026-10-06T00:24:59Z" level=warning msg="Request Failed" error="Get \"http://auth-service.ecommerce.svc.cluster.local:8001/auth/me\": request timeout"
time="2026-10-06T00:24:59Z" level=warning msg="Request Failed" error="Post \"http://auth-service.ecommerce.svc.cluster.local:8001/auth/login\": request timeout"
time="2026-10-06T00:24:59Z" level=warning msg="Request Failed" error="Get \"http://auth-service.ecommerce.svc.cluster.local:8001/auth/me\": request timeout"
time="2026-10-06T00:24:59Z" level=warning msg="Request Failed" error="Get \"http://auth-service.ecommerce.svc.cluster.local:8001/auth/me\": request timeout"
time="2026-10-06T00:24:59Z" level=warning msg="Request Failed" error="Get \"http://auth-service.ecommerce.svc.cluster.local:8001/auth/me\": request timeout"
time="2026-10-06T00:24:59Z" level=warning msg="Request Failed" error="Get \"http://auth-service.ecommerce.svc.cluster.local:8001/auth/me\": request timeout"
time="2026-10-06T00:24:59Z" level=warning msg="Request Failed" error="Get \"http://auth-service.ecommerce.svc.cluster.local:8001/auth/me\": request timeout"
time="2026-10-06T00:24:59Z" level=warning msg="Request Failed" error="Get \"http://auth-service.ecommerce.svc.cluster.local:8001/auth/me\": request timeout"
time="2026-10-06T00:24:59Z" level=warning msg="Request Failed" error="Post \"http://auth-service.ecommerce.svc.cluster.local:8001/auth/login\": request timeout"
time="2026-10-06T00:24:59Z" level=warning msg="Request Failed" error="Get \"http://auth-service.ecommerce.svc.cluster.local:8001/auth/me\": request timeout"
time="2026-10-06T00:24:59Z" level=warning msg="Request Failed" error="Get \"http://auth-service.ecommerce.svc.cluster.local:8001/auth/me\": request timeout"
time="2026-10-06T00:24:59Z" level=warning msg="Request Failed" error="Post \"http://auth-service.ecommerce.svc.cluster.local:8001/auth/login\": request timeout"
time="2026-10-06T00:24:59Z" level=warning msg="Request Failed" error="Post \"http://auth-service.ecommerce.svc.cluster.local:8001/auth/login\": request timeout"
time="2026-10-06T00:24:59Z" level=warning msg="Request Failed" error="Get \"http://auth-service.ecommerce.svc.cluster.local:8001/auth/me\": request timeout"
time="2026-10-06T00:24:59Z" level=warning msg="Request Failed" error="Get \"http://auth-service.ecommerce.svc.cluster.local:8001/auth/me\": request timeout"

running (03m21.9s), 150/225 VUs, 1559 complete and 0 interrupted iterations
openloop_spike   [  24% ] 150/225 VUs  02m53.7s/12m0s  30.00 iters/s
time="2026-10-06T00:24:59Z" level=warning msg="Request Failed" error="Get \"http://auth-service.ecommerce.svc.cluster.local:8001/auth/me\": request timeout"
time="2026-10-06T00:24:59Z" level=warning msg="Request Failed" error="Get \"http://auth-service.ecommerce.svc.cluster.local:8001/auth/me\": request timeout"
time="2026-10-06T00:25:00Z" level=warning msg="Request Failed" error="Get \"http://auth-service.ecommerce.svc.cluster.local:8001/auth/me\": request timeout"
time="2026-10-06T00:25:00Z" level=warning msg="Request Failed" error="Get \"http://auth-service.ecommerce.svc.cluster.local:8001/auth/me\": request timeout"
time="2026-10-06T00:25:00Z" level=warning msg="Request Failed" error="Get \"http://auth-service.ecommerce.svc.cluster.local:8001/auth/me\": request timeout"
time="2026-10-06T00:25:00Z" level=warning msg="Request Failed" error="Post \"http://auth-service.ecommerce.svc.cluster.local:8001/auth/login\": request timeout"
time="2026-10-06T00:25:00Z" level=warning msg="Request Failed" error="Get \"http://auth-service.ecommerce.svc.cluster.local:8001/auth/me\": request timeout"
time="2026-10-06T00:25:00Z" level=warning msg="Request Failed" error="Get \"http://auth-service.ecommerce.svc.cluster.local:8001/auth/me\": request timeout"
time="2026-10-06T00:25:00Z" level=warning msg="Request Failed" error="Post \"http://auth-service.ecommerce.svc.cluster.local:8001/auth/login\": request timeout"
time="2026-10-06T00:25:00Z" level=warning msg="Request Failed" error="Get \"http://auth-service.ecommerce.svc.cluster.local:8001/auth/me\": request timeout"
time="2026-10-06T00:25:00Z" level=warning msg="Request Failed" error="Post \"http://auth-service.ecommerce.svc.cluster.local:8001/auth/login\": request timeout"
time="2026-10-06T00:25:00Z" level=warning msg="Request Failed" error="Get \"http://auth-service.ecommerce.svc.cluster.local:8001/auth/me\": request timeout"
time="2026-10-06T00:25:00Z" level=warning msg="Request Failed" error="Get \"http://auth-service.ecommerce.svc.cluster.local:8001/auth/me\": request timeout"
time="2026-10-06T00:25:00Z" level=warning msg="Request Failed" error="Get \"http://auth-service.ecommerce.svc.cluster.local:8001/auth/me\": request timeout"
time="2026-10-06T00:25:00Z" level=warning msg="Request Failed" error="Get \"http://auth-service.ecommerce.svc.cluster.local:8001/auth/me\": request timeout"
time="2026-10-06T00:25:00Z" level=warning msg="Request Failed" error="Get \"http://auth-service.ecommerce.svc.cluster.local:8001/auth/me\": request timeout"
time="2026-10-06T00:25:00Z" level=warning msg="Request Failed" error="Post \"http://auth-service.ecommerce.svc.cluster.local:8001/auth/login\": request timeout"
time="2026-10-06T00:25:00Z" level=warning msg="Request Failed" error="Get \"http://auth-service.ecommerce.svc.cluster.local:8001/auth/me\": request timeout"
time="2026-10-06T00:25:00Z" level=warning msg="Request Failed" error="Post \"http://auth-service.ecommerce.svc.cluster.local:8001/auth/login\": request timeout"
time="2026-10-06T00:25:00Z" level=warning msg="Request Failed" error="Post \"http://auth-service.ecommerce.svc.cluster.local:8001/auth/login\": request timeout"
time="2026-10-06T00:25:00Z" level=warning msg="Request Failed" error="Get \"http://auth-service.ecommerce.svc.cluster.local:8001/auth/me\": request timeout"
time="2026-10-06T00:25:00Z" level=warning msg="Request Failed" error="Get \"http://auth-service.ecommerce.svc.cluster.local:8001/auth/me\": request timeout"
time="2026-10-06T00:25:00Z" level=warning msg="Request Failed" error="Post \"http://auth-service.ecommerce.svc.cluster.local:8001/auth/login\": request timeout"
time="2026-10-06T00:25:00Z" level=warning msg="Request Failed" error="Post \"http://auth-service.ecommerce.svc.cluster.local:8001/auth/login\": request timeout"
time="2026-10-06T00:25:00Z" level=warning msg="Request Failed" error="Get \"http://auth-service.ecommerce.svc.cluster.local:8001/auth/me\": request timeout"
time="2026-10-06T00:25:00Z" level=warning msg="Request Failed" error="Get \"http://auth-service.ecommerce.svc.cluster.local:8001/auth/me\": request timeout"
time="2026-10-06T00:25:00Z" level=warning msg="Request Failed" error="Get \"http://auth-service.ecommerce.svc.cluster.local:8001/auth/me\": request timeout"
time="2026-10-06T00:25:00Z" level=warning msg="Request Failed" error="Post \"http://auth-service.ecommerce.svc.cluster.local:8001/auth/login\": request timeout"
time="2026-10-06T00:25:00Z" level=warning msg="Request Failed" error="Get \"http://auth-service.ecommerce.svc.cluster.local:8001/auth/me\": request timeout"
time="2026-10-06T00:25:00Z" level=warning msg="Request Failed" error="Get \"http://auth-service.ecommerce.svc.cluster.local:8001/auth/me\": request timeout"

running (03m22.9s), 150/225 VUs, 1589 complete and 0 interrupted iterations
openloop_spike   [  24% ] 150/225 VUs  02m54.7s/12m0s  30.00 iters/s
time="2026-10-06T00:25:00Z" level=warning msg="Request Failed" error="Get \"http://auth-service.ecommerce.svc.cluster.local:8001/auth/me\": request timeout"
time="2026-10-06T00:25:00Z" level=warning msg="Request Failed" error="Post \"http://auth-service.ecommerce.svc.cluster.local:8001/auth/login\": request timeout"
time="2026-10-06T00:25:01Z" level=warning msg="Request Failed" error="Get \"http://auth-service.ecommerce.svc.cluster.local:8001/auth/me\": request timeout"
time="2026-10-06T00:25:01Z" level=warning msg="Request Failed" error="Get \"http://auth-service.ecommerce.svc.cluster.local:8001/auth/me\": request timeout"
time="2026-10-06T00:25:01Z" level=warning msg="Request Failed" error="Get \"http://auth-service.ecommerce.svc.cluster.local:8001/auth/me\": request timeout"
time="2026-10-06T00:25:01Z" level=warning msg="Request Failed" error="Get \"http://auth-service.ecommerce.svc.cluster.local:8001/auth/me\": request timeout"
time="2026-10-06T00:25:01Z" level=warning msg="Request Failed" error="Get \"http://auth-service.ecommerce.svc.cluster.local:8001/auth/me\": request timeout"
time="2026-10-06T00:25:01Z" level=warning msg="Request Failed" error="Get \"http://auth-service.ecommerce.svc.cluster.local:8001/auth/me\": request timeout"
time="2026-10-06T00:25:01Z" level=warning msg="Request Failed" error="Post \"http://auth-service.ecommerce.svc.cluster.local:8001/auth/login\": request timeout"
time="2026-10-06T00:25:01Z" level=warning msg="Request Failed" error="Get \"http://auth-service.ecommerce.svc.cluster.local:8001/auth/me\": request timeout"
time="2026-10-06T00:25:01Z" level=warning msg="Request Failed" error="Get \"http://auth-service.ecommerce.svc.cluster.local:8001/auth/me\": request timeout"
time="2026-10-06T00:25:01Z" level=warning msg="Request Failed" error="Post \"http://auth-service.ecommerce.svc.cluster.local:8001/auth/login\": request timeout"
time="2026-10-06T00:25:01Z" level=warning msg="Request Failed" error="Get \"http://auth-service.ecommerce.svc.cluster.local:8001/auth/me\": request timeout"
time="2026-10-06T00:25:01Z" level=warning msg="Request Failed" error="Get \"http://auth-service.ecommerce.svc.cluster.local:8001/auth/me\": request timeout"
time="2026-10-06T00:25:01Z" level=warning msg="Request Failed" error="Get \"http://auth-service.ecommerce.svc.cluster.local:8001/auth/me\": request timeout"
time="2026-10-06T00:25:01Z" level=warning msg="Request Failed" error="Get \"http://auth-service.ecommerce.svc.cluster.local:8001/auth/me\": request timeout"
time="2026-10-06T00:25:01Z" level=warning msg="Request Failed" error="Get \"http://auth-service.ecommerce.svc.cluster.local:8001/auth/me\": request timeout"
time="2026-10-06T00:25:01Z" level=warning msg="Request Failed" error="Get \"http://auth-service.ecommerce.svc.cluster.local:8001/auth/me\": request timeout"
time="2026-10-06T00:25:01Z" level=warning msg="Request Failed" error="Get \"http://auth-service.ecommerce.svc.cluster.local:8001/auth/me\": request timeout"
time="2026-10-06T00:25:01Z" level=warning msg="Request Failed" error="Get \"http://auth-service.ecommerce.svc.cluster.local:8001/auth/me\": request timeout"
time="2026-10-06T00:25:01Z" level=warning msg="Request Failed" error="Get \"http://auth-service.ecommerce.svc.cluster.local:8001/auth/me\": request timeout"
time="2026-10-06T00:25:01Z" level=warning msg="Request Failed" error="Get \"http://auth-service.ecommerce.svc.cluster.local:8001/auth/me\": request timeout"
time="2026-10-06T00:25:01Z" level=warning msg="Request Failed" error="Get \"http://auth-service.ecommerce.svc.cluster.local:8001/auth/me\": request timeout"
time="2026-10-06T00:25:01Z" level=warning msg="Request Failed" error="Get \"http://auth-service.ecommerce.svc.cluster.local:8001/auth/me\": request timeout"
time="2026-10-06T00:25:01Z" level=warning msg="Request Failed" error="Get \"http://auth-service.ecommerce.svc.cluster.local:8001/auth/me\": request timeout"
time="2026-10-06T00:25:01Z" level=warning msg="Request Failed" error="Get \"http://auth-service.ecommerce.svc.cluster.local:8001/auth/me\": request timeout"
time="2026-10-06T00:25:01Z" level=warning msg="Request Failed" error="Post \"http://auth-service.ecommerce.svc.cluster.local:8001/auth/login\": request timeout"

running (03m23.9s), 143/225 VUs, 1626 complete and 0 interrupted iterations
openloop_spike   [  24% ] 143/225 VUs  02m55.7s/12m0s  30.00 iters/s
time="2026-10-06T00:25:01Z" level=warning msg="Request Failed" error="Post \"http://auth-service.ecommerce.svc.cluster.local:8001/auth/login\": request timeout"
time="2026-10-06T00:25:02Z" level=warning msg="Request Failed" error="Post \"http://auth-service.ecommerce.svc.cluster.local:8001/auth/login\": request timeout"
time="2026-10-06T00:25:02Z" level=warning msg="Request Failed" error="Post \"http://auth-service.ecommerce.svc.cluster.local:8001/auth/login\": request timeout"
time="2026-10-06T00:25:02Z" level=warning msg="Request Failed" error="Post \"http://auth-service.ecommerce.svc.cluster.local:8001/auth/login\": request timeout"
time="2026-10-06T00:25:02Z" level=warning msg="Request Failed" error="Post \"http://auth-service.ecommerce.svc.cluster.local:8001/auth/login\": request timeout"
time="2026-10-06T00:25:02Z" level=warning msg="Request Failed" error="Post \"http://auth-service.ecommerce.svc.cluster.local:8001/auth/login\": request timeout"
time="2026-10-06T00:25:02Z" level=warning msg="Request Failed" error="Post \"http://auth-service.ecommerce.svc.cluster.local:8001/auth/login\": request timeout"
time="2026-10-06T00:25:02Z" level=warning msg="Request Failed" error="Post \"http://auth-service.ecommerce.svc.cluster.local:8001/auth/login\": request timeout"

running (03m24.9s), 131/225 VUs, 1668 complete and 0 interrupted iterations
openloop_spike   [  25% ] 131/225 VUs  02m56.7s/12m0s  30.00 iters/s
time="2026-10-06T00:25:03Z" level=warning msg="Request Failed" error="Post \"http://auth-service.ecommerce.svc.cluster.local:8001/auth/login\": request timeout"
time="2026-10-06T00:25:03Z" level=warning msg="Request Failed" error="Post \"http://auth-service.ecommerce.svc.cluster.local:8001/auth/login\": request timeout"
time="2026-10-06T00:25:03Z" level=warning msg="Request Failed" error="Post \"http://auth-service.ecommerce.svc.cluster.local:8001/auth/login\": request timeout"
time="2026-10-06T00:25:03Z" level=warning msg="Request Failed" error="Post \"http://auth-service.ecommerce.svc.cluster.local:8001/auth/login\": request timeout"
time="2026-10-06T00:25:03Z" level=warning msg="Request Failed" error="Post \"http://auth-service.ecommerce.svc.cluster.local:8001/auth/login\": request timeout"
time="2026-10-06T00:25:03Z" level=warning msg="Request Failed" error="Post \"http://auth-service.ecommerce.svc.cluster.local:8001/auth/login\": request timeout"
time="2026-10-06T00:25:03Z" level=warning msg="Request Failed" error="Post \"http://auth-service.ecommerce.svc.cluster.local:8001/auth/login\": request timeout"
time="2026-10-06T00:25:03Z" level=warning msg="Request Failed" error="Post \"http://auth-service.ecommerce.svc.cluster.local:8001/auth/login\": request timeout"
time="2026-10-06T00:25:03Z" level=warning msg="Request Failed" error="Post \"http://auth-service.ecommerce.svc.cluster.local:8001/auth/login\": request timeout"

running (03m25.9s), 125/225 VUs, 1704 complete and 0 interrupted iterations
openloop_spike   [  25% ] 125/225 VUs  02m57.7s/12m0s  30.00 iters/s
time="2026-10-06T00:25:04Z" level=warning msg="Request Failed" error="Post \"http://auth-service.ecommerce.svc.cluster.local:8001/auth/login\": request timeout"
time="2026-10-06T00:25:04Z" level=warning msg="Request Failed" error="Post \"http://auth-service.ecommerce.svc.cluster.local:8001/auth/login\": request timeout"
time="2026-10-06T00:25:04Z" level=warning msg="Request Failed" error="Post \"http://auth-service.ecommerce.svc.cluster.local:8001/auth/login\": request timeout"
time="2026-10-06T00:25:04Z" level=warning msg="Request Failed" error="Post \"http://auth-service.ecommerce.svc.cluster.local:8001/auth/login\": request timeout"
time="2026-10-06T00:25:04Z" level=warning msg="Request Failed" error="Post \"http://auth-service.ecommerce.svc.cluster.local:8001/auth/login\": request timeout"
time="2026-10-06T00:25:04Z" level=warning msg="Request Failed" error="Post \"http://auth-service.ecommerce.svc.cluster.local:8001/auth/login\": request timeout"
time="2026-10-06T00:25:04Z" level=warning msg="Request Failed" error="Post \"http://auth-service.ecommerce.svc.cluster.local:8001/auth/login\": request timeout"
time="2026-10-06T00:25:04Z" level=warning msg="Request Failed" error="Post \"http://auth-service.ecommerce.svc.cluster.local:8001/auth/login\": request timeout"
time="2026-10-06T00:25:04Z" level=warning msg="Request Failed" error="Post \"http://auth-service.ecommerce.svc.cluster.local:8001/auth/login\": request timeout"
time="2026-10-06T00:25:04Z" level=warning msg="Request Failed" error="Post \"http://auth-service.ecommerce.svc.cluster.local:8001/auth/login\": request timeout"

running (03m26.9s), 122/225 VUs, 1737 complete and 0 interrupted iterations
openloop_spike   [  25% ] 122/225 VUs  02m58.7s/12m0s  30.00 iters/s
time="2026-10-06T00:25:05Z" level=warning msg="Request Failed" error="Post \"http://auth-service.ecommerce.svc.cluster.local:8001/auth/login\": request timeout"
time="2026-10-06T00:25:05Z" level=warning msg="Request Failed" error="Post \"http://auth-service.ecommerce.svc.cluster.local:8001/auth/login\": request timeout"
time="2026-10-06T00:25:05Z" level=warning msg="Request Failed" error="Post \"http://auth-service.ecommerce.svc.cluster.local:8001/auth/login\": request timeout"
time="2026-10-06T00:25:05Z" level=warning msg="Request Failed" error="Post \"http://auth-service.ecommerce.svc.cluster.local:8001/auth/login\": request timeout"
time="2026-10-06T00:25:05Z" level=warning msg="Request Failed" error="Post \"http://auth-service.ecommerce.svc.cluster.local:8001/auth/login\": request timeout"
time="2026-10-06T00:25:05Z" level=warning msg="Request Failed" error="Post \"http://auth-service.ecommerce.svc.cluster.local:8001/auth/login\": request timeout"
time="2026-10-06T00:25:05Z" level=warning msg="Request Failed" error="Post \"http://auth-service.ecommerce.svc.cluster.local:8001/auth/login\": request timeout"
time="2026-10-06T00:25:05Z" level=warning msg="Request Failed" error="Post \"http://auth-service.ecommerce.svc.cluster.local:8001/auth/login\": request timeout"
time="2026-10-06T00:25:05Z" level=warning msg="Request Failed" error="Post \"http://auth-service.ecommerce.svc.cluster.local:8001/auth/login\": request timeout"
time="2026-10-06T00:25:05Z" level=warning msg="Request Failed" error="Post \"http://auth-service.ecommerce.svc.cluster.local:8001/auth/login\": request timeout"
time="2026-10-06T00:25:05Z" level=warning msg="Request Failed" error="Post \"http://auth-service.ecommerce.svc.cluster.local:8001/auth/login\": request timeout"
time="2026-10-06T00:25:05Z" level=warning msg="Request Failed" error="Get \"http://auth-service.ecommerce.svc.cluster.local:8001/auth/me\": request timeout"
time="2026-10-06T00:25:05Z" level=warning msg="Request Failed" error="Get \"http://auth-service.ecommerce.svc.cluster.local:8001/auth/me\": request timeout"
time="2026-10-06T00:25:05Z" level=warning msg="Request Failed" error="Post \"http://auth-service.ecommerce.svc.cluster.local:8001/auth/login\": request timeout"
time="2026-10-06T00:25:05Z" level=warning msg="Request Failed" error="Get \"http://auth-service.ecommerce.svc.cluster.local:8001/auth/me\": request timeout"

running (03m27.9s), 115/225 VUs, 1774 complete and 0 interrupted iterations
openloop_spike   [  25% ] 115/225 VUs  02m59.7s/12m0s  30.00 iters/s
time="2026-10-06T00:25:05Z" level=warning msg="Request Failed" error="request timeout"
time="2026-10-06T00:25:05Z" level=warning msg="Request Failed" error="Post \"http://auth-service.ecommerce.svc.cluster.local:8001/auth/login\": request timeout"
time="2026-10-06T00:25:06Z" level=warning msg="Request Failed" error="Get \"http://auth-service.ecommerce.svc.cluster.local:8001/auth/me\": request timeout"
time="2026-10-06T00:25:06Z" level=warning msg="Request Failed" error="Get \"http://auth-service.ecommerce.svc.cluster.local:8001/auth/me\": request timeout"
time="2026-10-06T00:25:06Z" level=warning msg="Request Failed" error="Post \"http://auth-service.ecommerce.svc.cluster.local:8001/auth/login\": request timeout"
time="2026-10-06T00:25:06Z" level=warning msg="Request Failed" error="Get \"http://auth-service.ecommerce.svc.cluster.local:8001/auth/me\": request timeout"
time="2026-10-06T00:25:06Z" level=warning msg="Request Failed" error="Get \"http://auth-service.ecommerce.svc.cluster.local:8001/auth/me\": request timeout"
time="2026-10-06T00:25:06Z" level=warning msg="Request Failed" error="Get \"http://auth-service.ecommerce.svc.cluster.local:8001/auth/me\": request timeout"
time="2026-10-06T00:25:06Z" level=warning msg="Request Failed" error="Get \"http://auth-service.ecommerce.svc.cluster.local:8001/auth/me\": request timeout"
time="2026-10-06T00:25:06Z" level=warning msg="Request Failed" error="Post \"http://auth-service.ecommerce.svc.cluster.local:8001/auth/login\": request timeout"
time="2026-10-06T00:25:06Z" level=warning msg="Request Failed" error="Get \"http://auth-service.ecommerce.svc.cluster.local:8001/auth/me\": request timeout"
time="2026-10-06T00:25:06Z" level=warning msg="Request Failed" error="Get \"http://auth-service.ecommerce.svc.cluster.local:8001/auth/me\": request timeout"
time="2026-10-06T00:25:06Z" level=warning msg="Request Failed" error="Post \"http://auth-service.ecommerce.svc.cluster.local:8001/auth/login\": request timeout"
time="2026-10-06T00:25:06Z" level=warning msg="Request Failed" error="Get \"http://auth-service.ecommerce.svc.cluster.local:8001/auth/me\": request timeout"
time="2026-10-06T00:25:06Z" level=warning msg="Request Failed" error="Post \"http://auth-service.ecommerce.svc.cluster.local:8001/auth/login\": request timeout"
time="2026-10-06T00:25:06Z" level=warning msg="Request Failed" error="Get \"http://auth-service.ecommerce.svc.cluster.local:8001/auth/me\": request timeout"
time="2026-10-06T00:25:06Z" level=warning msg="Request Failed" error="Post \"http://auth-service.ecommerce.svc.cluster.local:8001/auth/login\": request timeout"
time="2026-10-06T00:25:06Z" level=warning msg="Request Failed" error="Get \"http://auth-service.ecommerce.svc.cluster.local:8001/auth/me\": request timeout"
time="2026-10-06T00:25:06Z" level=warning msg="Request Failed" error="Get \"http://auth-service.ecommerce.svc.cluster.local:8001/auth/me\": request timeout"
time="2026-10-06T00:25:06Z" level=warning msg="Request Failed" error="Get \"http://auth-service.ecommerce.svc.cluster.local:8001/auth/me\": request timeout"
time="2026-10-06T00:25:06Z" level=warning msg="Request Failed" error="Post \"http://auth-service.ecommerce.svc.cluster.local:8001/auth/login\": request timeout"
time="2026-10-06T00:25:06Z" level=warning msg="Request Failed" error="Get \"http://auth-service.ecommerce.svc.cluster.local:8001/auth/me\": request timeout"
time="2026-10-06T00:25:06Z" level=warning msg="Request Failed" error="Post \"http://auth-service.ecommerce.svc.cluster.local:8001/auth/login\": request timeout"
time="2026-10-06T00:25:06Z" level=warning msg="Request Failed" error="Post \"http://auth-service.ecommerce.svc.cluster.local:8001/auth/login\": request timeout"
time="2026-10-06T00:25:06Z" level=warning msg="Request Failed" error="Post \"http://auth-service.ecommerce.svc.cluster.local:8001/auth/login\": request timeout"
time="2026-10-06T00:25:06Z" level=warning msg="Request Failed" error="Post \"http://auth-service.ecommerce.svc.cluster.local:8001/auth/login\": request timeout"
time="2026-10-06T00:25:06Z" level=warning msg="Request Failed" error="Get \"http://auth-service.ecommerce.svc.cluster.local:8001/auth/me\": request timeout"
time="2026-10-06T00:25:06Z" level=warning msg="Request Failed" error="Post \"http://auth-service.ecommerce.svc.cluster.local:8001/auth/login\": request timeout"
time="2026-10-06T00:25:06Z" level=warning msg="Request Failed" error="Get \"http://auth-service.ecommerce.svc.cluster.local:8001/auth/me\": request timeout"
time="2026-10-06T00:25:06Z" level=warning msg="Request Failed" error="Get \"http://auth-service.ecommerce.svc.cluster.local:8001/auth/me\": request timeout"

running (03m28.9s), 104/225 VUs, 1815 complete and 0 interrupted iterations
openloop_spike   [  25% ] 104/225 VUs  03m00.7s/12m0s  30.00 iters/s
time="2026-10-06T00:25:06Z" level=warning msg="Request Failed" error="Post \"http://auth-service.ecommerce.svc.cluster.local:8001/auth/login\": request timeout"
time="2026-10-06T00:25:06Z" level=warning msg="Request Failed" error="Get \"http://auth-service.ecommerce.svc.cluster.local:8001/auth/me\": request timeout"
time="2026-10-06T00:25:07Z" level=warning msg="Request Failed" error="Post \"http://auth-service.ecommerce.svc.cluster.local:8001/auth/login\": request timeout"
time="2026-10-06T00:25:07Z" level=warning msg="Request Failed" error="Get \"http://auth-service.ecommerce.svc.cluster.local:8001/auth/me\": request timeout"
time="2026-10-06T00:25:07Z" level=warning msg="Request Failed" error="Get \"http://auth-service.ecommerce.svc.cluster.local:8001/auth/me\": request timeout"
time="2026-10-06T00:25:07Z" level=warning msg="Request Failed" error="Post \"http://auth-service.ecommerce.svc.cluster.local:8001/auth/login\": request timeout"
time="2026-10-06T00:25:07Z" level=warning msg="Request Failed" error="Get \"http://auth-service.ecommerce.svc.cluster.local:8001/auth/me\": request timeout"
time="2026-10-06T00:25:07Z" level=warning msg="Request Failed" error="Get \"http://auth-service.ecommerce.svc.cluster.local:8001/auth/me\": request timeout"
time="2026-10-06T00:25:07Z" level=warning msg="Request Failed" error="Post \"http://auth-service.ecommerce.svc.cluster.local:8001/auth/login\": request timeout"
time="2026-10-06T00:25:07Z" level=warning msg="Request Failed" error="Post \"http://auth-service.ecommerce.svc.cluster.local:8001/auth/login\": request timeout"
time="2026-10-06T00:25:07Z" level=warning msg="Request Failed" error="Get \"http://auth-service.ecommerce.svc.cluster.local:8001/auth/me\": request timeout"
time="2026-10-06T00:25:07Z" level=warning msg="Request Failed" error="Get \"http://auth-service.ecommerce.svc.cluster.local:8001/auth/me\": request timeout"
time="2026-10-06T00:25:07Z" level=warning msg="Request Failed" error="Get \"http://auth-service.ecommerce.svc.cluster.local:8001/auth/me\": request timeout"
time="2026-10-06T00:25:07Z" level=warning msg="Request Failed" error="Get \"http://auth-service.ecommerce.svc.cluster.local:8001/auth/me\": request timeout"
time="2026-10-06T00:25:07Z" level=warning msg="Request Failed" error="Get \"http://auth-service.ecommerce.svc.cluster.local:8001/auth/me\": request timeout"
time="2026-10-06T00:25:07Z" level=warning msg="Request Failed" error="Get \"http://auth-service.ecommerce.svc.cluster.local:8001/auth/me\": request timeout"
time="2026-10-06T00:25:07Z" level=warning msg="Request Failed" error="Get \"http://auth-service.ecommerce.svc.cluster.local:8001/auth/me\": request timeout"
time="2026-10-06T00:25:07Z" level=warning msg="Request Failed" error="Post \"http://auth-service.ecommerce.svc.cluster.local:8001/auth/login\": request timeout"
time="2026-10-06T00:25:07Z" level=warning msg="Request Failed" error="Post \"http://auth-service.ecommerce.svc.cluster.local:8001/auth/login\": request timeout"
time="2026-10-06T00:25:07Z" level=warning msg="Request Failed" error="Get \"http://auth-service.ecommerce.svc.cluster.local:8001/auth/me\": request timeout"
time="2026-10-06T00:25:07Z" level=warning msg="Request Failed" error="Post \"http://auth-service.ecommerce.svc.cluster.local:8001/auth/login\": request timeout"
time="2026-10-06T00:25:07Z" level=warning msg="Request Failed" error="Get \"http://auth-service.ecommerce.svc.cluster.local:8001/auth/me\": request timeout"
time="2026-10-06T00:25:07Z" level=warning msg="Request Failed" error="Get \"http://auth-service.ecommerce.svc.cluster.local:8001/auth/me\": request timeout"
time="2026-10-06T00:25:07Z" level=warning msg="Request Failed" error="Get \"http://auth-service.ecommerce.svc.cluster.local:8001/auth/me\": request timeout"
time="2026-10-06T00:25:07Z" level=warning msg="Request Failed" error="Get \"http://auth-service.ecommerce.svc.cluster.local:8001/auth/me\": request timeout"
time="2026-10-06T00:25:07Z" level=warning msg="Request Failed" error="Get \"http://auth-service.ecommerce.svc.cluster.local:8001/auth/me\": request timeout"
time="2026-10-06T00:25:07Z" level=warning msg="Request Failed" error="Get \"http://auth-service.ecommerce.svc.cluster.local:8001/auth/me\": request timeout"
time="2026-10-06T00:25:07Z" level=warning msg="Request Failed" error="Get \"http://auth-service.ecommerce.svc.cluster.local:8001/auth/me\": request timeout"
time="2026-10-06T00:25:07Z" level=warning msg="Request Failed" error="Post \"http://auth-service.ecommerce.svc.cluster.local:8001/auth/login\": request timeout"
time="2026-10-06T00:25:07Z" level=warning msg="Request Failed" error="Get \"http://auth-service.ecommerce.svc.cluster.local:8001/auth/me\": request timeout"

running (03m29.9s), 087/225 VUs, 1862 complete and 0 interrupted iterations
openloop_spike   [  25% ] 087/225 VUs  03m01.7s/12m0s  30.00 iters/s
time="2026-10-06T00:25:07Z" level=warning msg="Request Failed" error="Post \"http://auth-service.ecommerce.svc.cluster.local:8001/auth/login\": request timeout"
time="2026-10-06T00:25:07Z" level=warning msg="Request Failed" error="Get \"http://auth-service.ecommerce.svc.cluster.local:8001/auth/me\": request timeout"
time="2026-10-06T00:25:08Z" level=warning msg="Request Failed" error="Get \"http://auth-service.ecommerce.svc.cluster.local:8001/auth/me\": request timeout"
time="2026-10-06T00:25:08Z" level=warning msg="Request Failed" error="Post \"http://auth-service.ecommerce.svc.cluster.local:8001/auth/login\": request timeout"
time="2026-10-06T00:25:08Z" level=warning msg="Request Failed" error="Get \"http://auth-service.ecommerce.svc.cluster.local:8001/auth/me\": request timeout"
time="2026-10-06T00:25:08Z" level=warning msg="Request Failed" error="Get \"http://auth-service.ecommerce.svc.cluster.local:8001/auth/me\": request timeout"
time="2026-10-06T00:25:08Z" level=warning msg="Request Failed" error="Get \"http://auth-service.ecommerce.svc.cluster.local:8001/auth/me\": request timeout"
time="2026-10-06T00:25:08Z" level=warning msg="Request Failed" error="Get \"http://auth-service.ecommerce.svc.cluster.local:8001/auth/me\": request timeout"
time="2026-10-06T00:25:08Z" level=warning msg="Request Failed" error="Post \"http://auth-service.ecommerce.svc.cluster.local:8001/auth/login\": request timeout"
time="2026-10-06T00:25:08Z" level=warning msg="Request Failed" error="Get \"http://auth-service.ecommerce.svc.cluster.local:8001/auth/me\": request timeout"
time="2026-10-06T00:25:08Z" level=warning msg="Request Failed" error="Get \"http://auth-service.ecommerce.svc.cluster.local:8001/auth/me\": request timeout"
time="2026-10-06T00:25:08Z" level=warning msg="Request Failed" error="Post \"http://auth-service.ecommerce.svc.cluster.local:8001/auth/login\": request timeout"
time="2026-10-06T00:25:08Z" level=warning msg="Request Failed" error="Get \"http://auth-service.ecommerce.svc.cluster.local:8001/auth/me\": request timeout"
time="2026-10-06T00:25:08Z" level=warning msg="Request Failed" error="Get \"http://auth-service.ecommerce.svc.cluster.local:8001/auth/me\": request timeout"
time="2026-10-06T00:25:08Z" level=warning msg="Request Failed" error="Post \"http://auth-service.ecommerce.svc.cluster.local:8001/auth/login\": request timeout"
time="2026-10-06T00:25:08Z" level=warning msg="Request Failed" error="Post \"http://auth-service.ecommerce.svc.cluster.local:8001/auth/login\": request timeout"
time="2026-10-06T00:25:08Z" level=warning msg="Request Failed" error="Get \"http://auth-service.ecommerce.svc.cluster.local:8001/auth/me\": request timeout"
time="2026-10-06T00:25:08Z" level=warning msg="Request Failed" error="Post \"http://auth-service.ecommerce.svc.cluster.local:8001/auth/login\": request timeout"
time="2026-10-06T00:25:08Z" level=warning msg="Request Failed" error="Get \"http://auth-service.ecommerce.svc.cluster.local:8001/auth/me\": request timeout"
time="2026-10-06T00:25:08Z" level=warning msg="Request Failed" error="Get \"http://auth-service.ecommerce.svc.cluster.local:8001/auth/me\": request timeout"
time="2026-10-06T00:25:08Z" level=warning msg="Request Failed" error="Get \"http://auth-service.ecommerce.svc.cluster.local:8001/auth/me\": request timeout"
time="2026-10-06T00:25:08Z" level=warning msg="Request Failed" error="Get \"http://auth-service.ecommerce.svc.cluster.local:8001/auth/me\": request timeout"
time="2026-10-06T00:25:08Z" level=warning msg="Request Failed" error="Get \"http://auth-service.ecommerce.svc.cluster.local:8001/auth/me\": request timeout"
time="2026-10-06T00:25:08Z" level=warning msg="Request Failed" error="Post \"http://auth-service.ecommerce.svc.cluster.local:8001/auth/login\": request timeout"
time="2026-10-06T00:25:08Z" level=warning msg="Request Failed" error="Post \"http://auth-service.ecommerce.svc.cluster.local:8001/auth/login\": request timeout"
time="2026-10-06T00:25:08Z" level=warning msg="Request Failed" error="Post \"http://auth-service.ecommerce.svc.cluster.local:8001/auth/login\": request timeout"
time="2026-10-06T00:25:08Z" level=warning msg="Request Failed" error="Post \"http://auth-service.ecommerce.svc.cluster.local:8001/auth/login\": request timeout"
time="2026-10-06T00:25:08Z" level=warning msg="Request Failed" error="Get \"http://auth-service.ecommerce.svc.cluster.local:8001/auth/me\": request timeout"
time="2026-10-06T00:25:08Z" level=warning msg="Request Failed" error="Get \"http://auth-service.ecommerce.svc.cluster.local:8001/auth/me\": request timeout"
time="2026-10-06T00:25:08Z" level=warning msg="Request Failed" error="Post \"http://auth-service.ecommerce.svc.cluster.local:8001/auth/login\": request timeout"

running (03m30.9s), 068/225 VUs, 1911 complete and 0 interrupted iterations
openloop_spike   [  25% ] 068/225 VUs  03m02.7s/12m0s  30.00 iters/s
time="2026-10-06T00:25:08Z" level=warning msg="Request Failed" error="Post \"http://auth-service.ecommerce.svc.cluster.local:8001/auth/login\": request timeout"
time="2026-10-06T00:25:08Z" level=warning msg="Request Failed" error="Post \"http://auth-service.ecommerce.svc.cluster.local:8001/auth/login\": request timeout"
time="2026-10-06T00:25:09Z" level=warning msg="Request Failed" error="Post \"http://auth-service.ecommerce.svc.cluster.local:8001/auth/login\": request timeout"
time="2026-10-06T00:25:09Z" level=warning msg="Request Failed" error="Post \"http://auth-service.ecommerce.svc.cluster.local:8001/auth/login\": request timeout"
time="2026-10-06T00:25:09Z" level=warning msg="Request Failed" error="Get \"http://auth-service.ecommerce.svc.cluster.local:8001/auth/me\": request timeout"
time="2026-10-06T00:25:09Z" level=warning msg="Request Failed" error="Post \"http://auth-service.ecommerce.svc.cluster.local:8001/auth/login\": request timeout"
time="2026-10-06T00:25:09Z" level=warning msg="Request Failed" error="Get \"http://auth-service.ecommerce.svc.cluster.local:8001/auth/me\": request timeout"
time="2026-10-06T00:25:09Z" level=warning msg="Request Failed" error="Get \"http://auth-service.ecommerce.svc.cluster.local:8001/auth/me\": request timeout"
time="2026-10-06T00:25:09Z" level=warning msg="Request Failed" error="Post \"http://auth-service.ecommerce.svc.cluster.local:8001/auth/login\": request timeout"
time="2026-10-06T00:25:09Z" level=warning msg="Request Failed" error="Post \"http://auth-service.ecommerce.svc.cluster.local:8001/auth/login\": request timeout"
time="2026-10-06T00:25:09Z" level=warning msg="Request Failed" error="Post \"http://auth-service.ecommerce.svc.cluster.local:8001/auth/login\": request timeout"

running (03m31.9s), 074/225 VUs, 1935 complete and 0 interrupted iterations
openloop_spike   [  26% ] 074/225 VUs  03m03.7s/12m0s  30.00 iters/s
time="2026-10-06T00:25:10Z" level=warning msg="Request Failed" error="Get \"http://auth-service.ecommerce.svc.cluster.local:8001/auth/me\": request timeout"
time="2026-10-06T00:25:10Z" level=warning msg="Request Failed" error="Post \"http://auth-service.ecommerce.svc.cluster.local:8001/auth/login\": request timeout"
time="2026-10-06T00:25:10Z" level=warning msg="Request Failed" error="Post \"http://auth-service.ecommerce.svc.cluster.local:8001/auth/login\": request timeout"
time="2026-10-06T00:25:10Z" level=warning msg="Request Failed" error="Get \"http://auth-service.ecommerce.svc.cluster.local:8001/auth/me\": request timeout"
time="2026-10-06T00:25:10Z" level=warning msg="Request Failed" error="Get \"http://auth-service.ecommerce.svc.cluster.local:8001/auth/me\": request timeout"
time="2026-10-06T00:25:10Z" level=warning msg="Request Failed" error="Get \"http://auth-service.ecommerce.svc.cluster.local:8001/auth/me\": request timeout"
time="2026-10-06T00:25:10Z" level=warning msg="Request Failed" error="Get \"http://auth-service.ecommerce.svc.cluster.local:8001/auth/me\": request timeout"
time="2026-10-06T00:25:10Z" level=warning msg="Request Failed" error="Get \"http://auth-service.ecommerce.svc.cluster.local:8001/auth/me\": request timeout"
time="2026-10-06T00:25:10Z" level=warning msg="Request Failed" error="Get \"http://auth-service.ecommerce.svc.cluster.local:8001/auth/me\": request timeout"

running (03m32.9s), 079/225 VUs, 1960 complete and 0 interrupted iterations
openloop_spike   [  26% ] 079/225 VUs  03m04.7s/12m0s  30.00 iters/s
time="2026-10-06T00:25:11Z" level=warning msg="Request Failed" error="Post \"http://auth-service.ecommerce.svc.cluster.local:8001/auth/login\": request timeout"
time="2026-10-06T00:25:11Z" level=warning msg="Request Failed" error="Get \"http://auth-service.ecommerce.svc.cluster.local:8001/auth/me\": request timeout"
time="2026-10-06T00:25:11Z" level=warning msg="Request Failed" error="Get \"http://auth-service.ecommerce.svc.cluster.local:8001/auth/me\": request timeout"
time="2026-10-06T00:25:11Z" level=warning msg="Request Failed" error="Get \"http://auth-service.ecommerce.svc.cluster.local:8001/auth/me\": request timeout"
time="2026-10-06T00:25:11Z" level=warning msg="Request Failed" error="Get \"http://auth-service.ecommerce.svc.cluster.local:8001/auth/me\": request timeout"
time="2026-10-06T00:25:11Z" level=warning msg="Request Failed" error="Get \"http://auth-service.ecommerce.svc.cluster.local:8001/auth/me\": request timeout"
time="2026-10-06T00:25:11Z" level=warning msg="Request Failed" error="Get \"http://auth-service.ecommerce.svc.cluster.local:8001/auth/me\": request timeout"
time="2026-10-06T00:25:11Z" level=warning msg="Request Failed" error="Get \"http://auth-service.ecommerce.svc.cluster.local:8001/auth/me\": request timeout"
time="2026-10-06T00:25:11Z" level=warning msg="Request Failed" error="Post \"http://auth-service.ecommerce.svc.cluster.local:8001/auth/login\": request timeout"
time="2026-10-06T00:25:11Z" level=warning msg="Request Failed" error="Post \"http://auth-service.ecommerce.svc.cluster.local:8001/auth/login\": request timeout"
time="2026-10-06T00:25:11Z" level=warning msg="Request Failed" error="Post \"http://auth-service.ecommerce.svc.cluster.local:8001/auth/login\": request timeout"

running (03m33.9s), 081/225 VUs, 1988 complete and 0 interrupted iterations
openloop_spike   [  26% ] 081/225 VUs  03m05.7s/12m0s  30.00 iters/s
time="2026-10-06T00:25:11Z" level=warning msg="Request Failed" error="Get \"http://auth-service.ecommerce.svc.cluster.local:8001/auth/me\": request timeout"
time="2026-10-06T00:25:12Z" level=warning msg="Request Failed" error="Get \"http://auth-service.ecommerce.svc.cluster.local:8001/auth/me\": request timeout"
time="2026-10-06T00:25:12Z" level=warning msg="Request Failed" error="Get \"http://auth-service.ecommerce.svc.cluster.local:8001/auth/me\": request timeout"
time="2026-10-06T00:25:12Z" level=warning msg="Request Failed" error="Get \"http://auth-service.ecommerce.svc.cluster.local:8001/auth/me\": request timeout"
time="2026-10-06T00:25:12Z" level=warning msg="Request Failed" error="Post \"http://auth-service.ecommerce.svc.cluster.local:8001/auth/login\": request timeout"
time="2026-10-06T00:25:12Z" level=warning msg="Request Failed" error="Get \"http://auth-service.ecommerce.svc.cluster.local:8001/auth/me\": request timeout"
time="2026-10-06T00:25:12Z" level=warning msg="Request Failed" error="Get \"http://auth-service.ecommerce.svc.cluster.local:8001/auth/me\": request timeout"
time="2026-10-06T00:25:12Z" level=warning msg="Request Failed" error="Get \"http://auth-service.ecommerce.svc.cluster.local:8001/auth/me\": request timeout"
time="2026-10-06T00:25:12Z" level=warning msg="Request Failed" error="Get \"http://auth-service.ecommerce.svc.cluster.local:8001/auth/me\": request timeout"
time="2026-10-06T00:25:12Z" level=warning msg="Request Failed" error="Post \"http://auth-service.ecommerce.svc.cluster.local:8001/auth/login\": request timeout"
time="2026-10-06T00:25:12Z" level=warning msg="Request Failed" error="Get \"http://auth-service.ecommerce.svc.cluster.local:8001/auth/me\": request timeout"

running (03m34.9s), 063/225 VUs, 2036 complete and 0 interrupted iterations
openloop_spike   [  26% ] 063/225 VUs  03m06.7s/12m0s  30.00 iters/s
time="2026-10-06T00:25:12Z" level=warning msg="Request Failed" error="Get \"http://auth-service.ecommerce.svc.cluster.local:8001/auth/me\": request timeout"
time="2026-10-06T00:25:13Z" level=warning msg="Request Failed" error="Get \"http://auth-service.ecommerce.svc.cluster.local:8001/auth/me\": request timeout"
time="2026-10-06T00:25:13Z" level=warning msg="Request Failed" error="Get \"http://auth-service.ecommerce.svc.cluster.local:8001/auth/me\": request timeout"
time="2026-10-06T00:25:13Z" level=warning msg="Request Failed" error="Get \"http://auth-service.ecommerce.svc.cluster.local:8001/auth/me\": request timeout"
time="2026-10-06T00:25:13Z" level=warning msg="Request Failed" error="Get \"http://auth-service.ecommerce.svc.cluster.local:8001/auth/me\": request timeout"
time="2026-10-06T00:25:13Z" level=warning msg="Request Failed" error="Get \"http://auth-service.ecommerce.svc.cluster.local:8001/auth/me\": request timeout"
time="2026-10-06T00:25:13Z" level=warning msg="Request Failed" error="Get \"http://auth-service.ecommerce.svc.cluster.local:8001/auth/me\": request timeout"
time="2026-10-06T00:25:13Z" level=warning msg="Request Failed" error="Get \"http://auth-service.ecommerce.svc.cluster.local:8001/auth/me\": request timeout"

running (03m35.9s), 059/225 VUs, 2070 complete and 0 interrupted iterations
openloop_spike   [  26% ] 059/225 VUs  03m07.7s/12m0s  30.00 iters/s
time="2026-10-06T00:25:13Z" level=warning msg="Request Failed" error="Get \"http://auth-service.ecommerce.svc.cluster.local:8001/auth/me\": request timeout"
time="2026-10-06T00:25:14Z" level=warning msg="Request Failed" error="Get \"http://auth-service.ecommerce.svc.cluster.local:8001/auth/me\": request timeout"
time="2026-10-06T00:25:14Z" level=warning msg="Request Failed" error="Get \"http://auth-service.ecommerce.svc.cluster.local:8001/auth/me\": request timeout"
time="2026-10-06T00:25:14Z" level=warning msg="Request Failed" error="Get \"http://auth-service.ecommerce.svc.cluster.local:8001/auth/me\": request timeout"
time="2026-10-06T00:25:14Z" level=warning msg="Request Failed" error="Get \"http://auth-service.ecommerce.svc.cluster.local:8001/auth/me\": request timeout"
time="2026-10-06T00:25:14Z" level=warning msg="Request Failed" error="Get \"http://auth-service.ecommerce.svc.cluster.local:8001/auth/me\": request timeout"
time="2026-10-06T00:25:14Z" level=warning msg="Request Failed" error="Post \"http://auth-service.ecommerce.svc.cluster.local:8001/auth/login\": request timeout"
time="2026-10-06T00:25:14Z" level=warning msg="Request Failed" error="Post \"http://auth-service.ecommerce.svc.cluster.local:8001/auth/login\": request timeout"
time="2026-10-06T00:25:14Z" level=warning msg="Request Failed" error="Get \"http://auth-service.ecommerce.svc.cluster.local:8001/auth/me\": request timeout"
time="2026-10-06T00:25:14Z" level=warning msg="Request Failed" error="Get \"http://auth-service.ecommerce.svc.cluster.local:8001/auth/me\": request timeout"

running (03m36.9s), 060/225 VUs, 2099 complete and 0 interrupted iterations
openloop_spike   [  26% ] 060/225 VUs  03m08.7s/12m0s  30.00 iters/s
time="2026-10-06T00:25:14Z" level=warning msg="Request Failed" error="Get \"http://auth-service.ecommerce.svc.cluster.local:8001/auth/me\": request timeout"
time="2026-10-06T00:25:15Z" level=warning msg="Request Failed" error="Get \"http://auth-service.ecommerce.svc.cluster.local:8001/auth/me\": request timeout"
time="2026-10-06T00:25:15Z" level=warning msg="Request Failed" error="Get \"http://auth-service.ecommerce.svc.cluster.local:8001/auth/me\": request timeout"
time="2026-10-06T00:25:15Z" level=warning msg="Request Failed" error="Get \"http://auth-service.ecommerce.svc.cluster.local:8001/auth/me\": request timeout"
time="2026-10-06T00:25:15Z" level=warning msg="Request Failed" error="Get \"http://auth-service.ecommerce.svc.cluster.local:8001/auth/me\": request timeout"
time="2026-10-06T00:25:15Z" level=warning msg="Request Failed" error="Get \"http://auth-service.ecommerce.svc.cluster.local:8001/auth/me\": request timeout"
time="2026-10-06T00:25:15Z" level=warning msg="Request Failed" error="Get \"http://auth-service.ecommerce.svc.cluster.local:8001/auth/me\": request timeout"
time="2026-10-06T00:25:15Z" level=warning msg="Request Failed" error="Post \"http://auth-service.ecommerce.svc.cluster.local:8001/auth/login\": request timeout"

running (03m37.9s), 042/225 VUs, 2147 complete and 0 interrupted iterations
openloop_spike   [  26% ] 042/225 VUs  03m09.7s/12m0s  30.00 iters/s
time="2026-10-06T00:25:16Z" level=warning msg="Request Failed" error="Post \"http://auth-service.ecommerce.svc.cluster.local:8001/auth/login\": request timeout"
time="2026-10-06T00:25:16Z" level=warning msg="Request Failed" error="request timeout"

running (03m38.9s), 040/225 VUs, 2179 complete and 0 interrupted iterations
openloop_spike   [  26% ] 040/225 VUs  03m10.7s/12m0s  30.00 iters/s
time="2026-10-06T00:25:17Z" level=warning msg="Request Failed" error="Post \"http://auth-service.ecommerce.svc.cluster.local:8001/auth/login\": request timeout"

running (03m39.9s), 041/225 VUs, 2208 complete and 0 interrupted iterations
openloop_spike   [  27% ] 041/225 VUs  03m11.7s/12m0s  30.00 iters/s
time="2026-10-06T00:25:18Z" level=warning msg="Request Failed" error="Post \"http://auth-service.ecommerce.svc.cluster.local:8001/auth/login\": request timeout"
time="2026-10-06T00:25:18Z" level=warning msg="Request Failed" error="Post \"http://auth-service.ecommerce.svc.cluster.local:8001/auth/login\": request timeout"

running (03m40.9s), 038/225 VUs, 2241 complete and 0 interrupted iterations
openloop_spike   [  27% ] 038/225 VUs  03m12.7s/12m0s  30.00 iters/s
time="2026-10-06T00:25:19Z" level=warning msg="Request Failed" error="Get \"http://auth-service.ecommerce.svc.cluster.local:8001/auth/me\": request timeout"
time="2026-10-06T00:25:19Z" level=warning msg="Request Failed" error="Post \"http://auth-service.ecommerce.svc.cluster.local:8001/auth/login\": request timeout"
time="2026-10-06T00:25:19Z" level=warning msg="Request Failed" error="Post \"http://auth-service.ecommerce.svc.cluster.local:8001/auth/login\": request timeout"
time="2026-10-06T00:25:19Z" level=warning msg="Request Failed" error="Post \"http://auth-service.ecommerce.svc.cluster.local:8001/auth/login\": request timeout"
time="2026-10-06T00:25:19Z" level=warning msg="Request Failed" error="Post \"http://auth-service.ecommerce.svc.cluster.local:8001/auth/login\": request timeout"

running (03m41.9s), 035/225 VUs, 2274 complete and 0 interrupted iterations
openloop_spike   [  27% ] 035/225 VUs  03m13.7s/12m0s  30.00 iters/s
time="2026-10-06T00:25:20Z" level=warning msg="Request Failed" error="Post \"http://auth-service.ecommerce.svc.cluster.local:8001/auth/login\": request timeout"
time="2026-10-06T00:25:20Z" level=warning msg="Request Failed" error="request timeout"
time="2026-10-06T00:25:20Z" level=warning msg="Request Failed" error="Post \"http://auth-service.ecommerce.svc.cluster.local:8001/auth/login\": request timeout"

running (03m42.9s), 035/225 VUs, 2304 complete and 0 interrupted iterations
openloop_spike   [  27% ] 035/225 VUs  03m14.7s/12m0s  30.00 iters/s
time="2026-10-06T00:25:21Z" level=warning msg="Request Failed" error="Post \"http://auth-service.ecommerce.svc.cluster.local:8001/auth/login\": request timeout"
time="2026-10-06T00:25:21Z" level=warning msg="Request Failed" error="Post \"http://auth-service.ecommerce.svc.cluster.local:8001/auth/login\": request timeout"

running (03m43.9s), 012/225 VUs, 2357 complete and 0 interrupted iterations
openloop_spike   [  27% ] 012/225 VUs  03m15.7s/12m0s  30.00 iters/s

running (03m44.9s), 015/225 VUs, 2384 complete and 0 interrupted iterations
openloop_spike   [  27% ] 015/225 VUs  03m16.7s/12m0s  30.00 iters/s

running (03m45.9s), 024/225 VUs, 2405 complete and 0 interrupted iterations
openloop_spike   [  27% ] 024/225 VUs  03m17.7s/12m0s  30.00 iters/s

running (03m46.9s), 018/225 VUs, 2441 complete and 0 interrupted iterations
openloop_spike   [  28% ] 018/225 VUs  03m18.7s/12m0s  30.00 iters/s

running (03m47.9s), 006/225 VUs, 2483 complete and 0 interrupted iterations
openloop_spike   [  28% ] 006/225 VUs  03m19.7s/12m0s  30.00 iters/s

running (03m48.9s), 009/225 VUs, 2510 complete and 0 interrupted iterations
openloop_spike   [  28% ] 009/225 VUs  03m20.7s/12m0s  30.00 iters/s

running (03m49.9s), 011/225 VUs, 2538 complete and 0 interrupted iterations
openloop_spike   [  28% ] 011/225 VUs  03m21.7s/12m0s  30.00 iters/s

running (03m50.9s), 011/225 VUs, 2568 complete and 0 interrupted iterations
openloop_spike   [  28% ] 011/225 VUs  03m22.7s/12m0s  30.00 iters/s

running (03m51.9s), 011/225 VUs, 2598 complete and 0 interrupted iterations
openloop_spike   [  28% ] 011/225 VUs  03m23.7s/12m0s  30.00 iters/s

running (03m52.9s), 009/225 VUs, 2630 complete and 0 interrupted iterations
openloop_spike   [  28% ] 009/225 VUs  03m24.7s/12m0s  30.00 iters/s

running (03m53.9s), 006/225 VUs, 2663 complete and 0 interrupted iterations
openloop_spike   [  29% ] 006/225 VUs  03m25.7s/12m0s  30.00 iters/s

running (03m54.9s), 004/225 VUs, 2695 complete and 0 interrupted iterations
openloop_spike   [  29% ] 004/225 VUs  03m26.7s/12m0s  30.00 iters/s

running (03m55.9s), 002/225 VUs, 2727 complete and 0 interrupted iterations
openloop_spike   [  29% ] 002/225 VUs  03m27.7s/12m0s  30.00 iters/s

running (03m56.9s), 004/225 VUs, 2755 complete and 0 interrupted iterations
openloop_spike   [  29% ] 004/225 VUs  03m28.7s/12m0s  30.00 iters/s

running (03m57.9s), 004/225 VUs, 2785 complete and 0 interrupted iterations
openloop_spike   [  29% ] 004/225 VUs  03m29.7s/12m0s  30.00 iters/s

running (03m58.9s), 004/225 VUs, 2815 complete and 0 interrupted iterations
openloop_spike   [  29% ] 004/225 VUs  03m30.7s/12m0s  30.00 iters/s

running (03m59.9s), 005/225 VUs, 2844 complete and 0 interrupted iterations
openloop_spike   [  29% ] 005/225 VUs  03m31.7s/12m0s  30.00 iters/s

running (04m00.9s), 004/225 VUs, 2875 complete and 0 interrupted iterations
openloop_spike   [  30% ] 004/225 VUs  03m32.7s/12m0s  30.00 iters/s

running (04m01.9s), 004/225 VUs, 2905 complete and 0 interrupted iterations
openloop_spike   [  30% ] 004/225 VUs  03m33.7s/12m0s  30.00 iters/s

running (04m02.9s), 003/225 VUs, 2936 complete and 0 interrupted iterations
openloop_spike   [  30% ] 003/225 VUs  03m34.7s/12m0s  30.00 iters/s

running (04m03.9s), 002/225 VUs, 2967 complete and 0 interrupted iterations
openloop_spike   [  30% ] 002/225 VUs  03m35.7s/12m0s  30.00 iters/s

running (04m04.9s), 005/225 VUs, 2994 complete and 0 interrupted iterations
openloop_spike   [  30% ] 005/225 VUs  03m36.7s/12m0s  30.00 iters/s

running (04m05.9s), 003/225 VUs, 3026 complete and 0 interrupted iterations
openloop_spike   [  30% ] 003/225 VUs  03m37.7s/12m0s  30.00 iters/s

running (04m06.9s), 004/225 VUs, 3055 complete and 0 interrupted iterations
openloop_spike   [  30% ] 004/225 VUs  03m38.7s/12m0s  30.00 iters/s

running (04m07.9s), 005/225 VUs, 3084 complete and 0 interrupted iterations
openloop_spike   [  31% ] 005/225 VUs  03m39.7s/12m0s  30.00 iters/s

running (04m08.9s), 002/225 VUs, 3117 complete and 0 interrupted iterations
openloop_spike   [  31% ] 002/225 VUs  03m40.7s/12m0s  30.00 iters/s

running (04m09.9s), 001/225 VUs, 3148 complete and 0 interrupted iterations
openloop_spike   [  31% ] 001/225 VUs  03m41.7s/12m0s  30.00 iters/s

running (04m10.9s), 002/225 VUs, 3177 complete and 0 interrupted iterations
openloop_spike   [  31% ] 002/225 VUs  03m42.7s/12m0s  30.00 iters/s

running (04m11.9s), 001/225 VUs, 3208 complete and 0 interrupted iterations
openloop_spike   [  31% ] 001/225 VUs  03m43.7s/12m0s  30.00 iters/s

running (04m12.9s), 005/225 VUs, 3234 complete and 0 interrupted iterations
openloop_spike   [  31% ] 005/225 VUs  03m44.7s/12m0s  30.00 iters/s

running (04m13.9s), 004/225 VUs, 3265 complete and 0 interrupted iterations
openloop_spike   [  31% ] 004/225 VUs  03m45.7s/12m0s  30.00 iters/s

running (04m14.9s), 004/225 VUs, 3295 complete and 0 interrupted iterations
openloop_spike   [  31% ] 004/225 VUs  03m46.7s/12m0s  30.00 iters/s

running (04m15.9s), 002/225 VUs, 3327 complete and 0 interrupted iterations
openloop_spike   [  32% ] 002/225 VUs  03m47.7s/12m0s  30.00 iters/s

running (04m16.9s), 001/225 VUs, 3358 complete and 0 interrupted iterations
openloop_spike   [  32% ] 001/225 VUs  03m48.7s/12m0s  30.00 iters/s

running (04m17.9s), 001/225 VUs, 3388 complete and 0 interrupted iterations
openloop_spike   [  32% ] 001/225 VUs  03m49.7s/12m0s  30.00 iters/s

running (04m18.9s), 005/225 VUs, 3414 complete and 0 interrupted iterations
openloop_spike   [  32% ] 005/225 VUs  03m50.7s/12m0s  30.00 iters/s

running (04m19.9s), 005/225 VUs, 3444 complete and 0 interrupted iterations
openloop_spike   [  32% ] 005/225 VUs  03m51.7s/12m0s  30.00 iters/s

running (04m20.9s), 003/225 VUs, 3476 complete and 0 interrupted iterations
openloop_spike   [  32% ] 003/225 VUs  03m52.7s/12m0s  30.00 iters/s

running (04m21.9s), 001/225 VUs, 3508 complete and 0 interrupted iterations
openloop_spike   [  32% ] 001/225 VUs  03m53.7s/12m0s  30.00 iters/s

running (04m22.9s), 001/225 VUs, 3538 complete and 0 interrupted iterations
openloop_spike   [  33% ] 001/225 VUs  03m54.7s/12m0s  30.00 iters/s

running (04m23.9s), 001/225 VUs, 3568 complete and 0 interrupted iterations
openloop_spike   [  33% ] 001/225 VUs  03m55.7s/12m0s  30.00 iters/s

running (04m24.9s), 002/225 VUs, 3597 complete and 0 interrupted iterations
openloop_spike   [  33% ] 002/225 VUs  03m56.7s/12m0s  30.00 iters/s

running (04m25.9s), 005/225 VUs, 3624 complete and 0 interrupted iterations
openloop_spike   [  33% ] 005/225 VUs  03m57.7s/12m0s  30.00 iters/s

running (04m26.9s), 002/225 VUs, 3657 complete and 0 interrupted iterations
openloop_spike   [  33% ] 002/225 VUs  03m58.7s/12m0s  30.00 iters/s

running (04m27.9s), 005/225 VUs, 3684 complete and 0 interrupted iterations
openloop_spike   [  33% ] 005/225 VUs  03m59.7s/12m0s  30.00 iters/s

running (04m28.9s), 001/225 VUs, 3718 complete and 0 interrupted iterations
openloop_spike   [  33% ] 001/225 VUs  04m00.7s/12m0s  30.00 iters/s

running (04m29.9s), 004/225 VUs, 3745 complete and 0 interrupted iterations
openloop_spike   [  34% ] 004/225 VUs  04m01.7s/12m0s  30.00 iters/s

running (04m30.9s), 002/225 VUs, 3777 complete and 0 interrupted iterations
openloop_spike   [  34% ] 002/225 VUs  04m02.7s/12m0s  30.00 iters/s

running (04m31.9s), 005/225 VUs, 3804 complete and 0 interrupted iterations
openloop_spike   [  34% ] 005/225 VUs  04m03.7s/12m0s  30.00 iters/s

running (04m32.9s), 005/225 VUs, 3834 complete and 0 interrupted iterations
openloop_spike   [  34% ] 005/225 VUs  04m04.7s/12m0s  30.00 iters/s

running (04m33.9s), 008/225 VUs, 3861 complete and 0 interrupted iterations
openloop_spike   [  34% ] 008/225 VUs  04m05.7s/12m0s  30.00 iters/s

running (04m34.9s), 007/225 VUs, 3892 complete and 0 interrupted iterations
openloop_spike   [  34% ] 007/225 VUs  04m06.7s/12m0s  30.00 iters/s

running (04m35.9s), 006/225 VUs, 3923 complete and 0 interrupted iterations
openloop_spike   [  34% ] 006/225 VUs  04m07.7s/12m0s  30.00 iters/s

running (04m36.9s), 003/225 VUs, 3956 complete and 0 interrupted iterations
openloop_spike   [  35% ] 003/225 VUs  04m08.7s/12m0s  30.00 iters/s

running (04m37.9s), 006/225 VUs, 3983 complete and 0 interrupted iterations
openloop_spike   [  35% ] 006/225 VUs  04m09.7s/12m0s  30.00 iters/s

running (04m38.9s), 010/225 VUs, 4009 complete and 0 interrupted iterations
openloop_spike   [  35% ] 010/225 VUs  04m10.7s/12m0s  30.00 iters/s

running (04m39.9s), 004/225 VUs, 4045 complete and 0 interrupted iterations
openloop_spike   [  35% ] 004/225 VUs  04m11.7s/12m0s  30.00 iters/s

running (04m40.9s), 004/225 VUs, 4075 complete and 0 interrupted iterations
openloop_spike   [  35% ] 004/225 VUs  04m12.7s/12m0s  30.00 iters/s

running (04m41.9s), 003/225 VUs, 4106 complete and 0 interrupted iterations
openloop_spike   [  35% ] 003/225 VUs  04m13.7s/12m0s  30.00 iters/s

running (04m42.9s), 007/225 VUs, 4132 complete and 0 interrupted iterations
openloop_spike   [  35% ] 007/225 VUs  04m14.7s/12m0s  30.00 iters/s

running (04m43.9s), 009/225 VUs, 4160 complete and 0 interrupted iterations
openloop_spike   [  36% ] 009/225 VUs  04m15.7s/12m0s  30.00 iters/s

running (04m44.9s), 003/225 VUs, 4196 complete and 0 interrupted iterations
openloop_spike   [  36% ] 003/225 VUs  04m16.7s/12m0s  30.00 iters/s

running (04m45.9s), 002/225 VUs, 4227 complete and 0 interrupted iterations
openloop_spike   [  36% ] 002/225 VUs  04m17.7s/12m0s  30.00 iters/s

running (04m46.9s), 003/225 VUs, 4256 complete and 0 interrupted iterations
openloop_spike   [  36% ] 003/225 VUs  04m18.7s/12m0s  30.00 iters/s

running (04m47.9s), 005/225 VUs, 4284 complete and 0 interrupted iterations
openloop_spike   [  36% ] 005/225 VUs  04m19.7s/12m0s  30.00 iters/s

running (04m48.9s), 005/225 VUs, 4314 complete and 0 interrupted iterations
openloop_spike   [  36% ] 005/225 VUs  04m20.7s/12m0s  30.00 iters/s

running (04m49.9s), 005/225 VUs, 4344 complete and 0 interrupted iterations
openloop_spike   [  36% ] 005/225 VUs  04m21.7s/12m0s  30.00 iters/s

running (04m50.9s), 001/225 VUs, 4378 complete and 0 interrupted iterations
openloop_spike   [  36% ] 001/225 VUs  04m22.7s/12m0s  30.00 iters/s

running (04m51.9s), 001/225 VUs, 4408 complete and 0 interrupted iterations
openloop_spike   [  37% ] 001/225 VUs  04m23.7s/12m0s  30.00 iters/s

running (04m52.9s), 002/225 VUs, 4437 complete and 0 interrupted iterations
openloop_spike   [  37% ] 002/225 VUs  04m24.7s/12m0s  30.00 iters/s

running (04m53.9s), 003/225 VUs, 4466 complete and 0 interrupted iterations
openloop_spike   [  37% ] 003/225 VUs  04m25.7s/12m0s  30.00 iters/s

running (04m54.9s), 004/225 VUs, 4495 complete and 0 interrupted iterations
openloop_spike   [  37% ] 004/225 VUs  04m26.7s/12m0s  30.00 iters/s

running (04m55.9s), 003/225 VUs, 4526 complete and 0 interrupted iterations
openloop_spike   [  37% ] 003/225 VUs  04m27.7s/12m0s  30.00 iters/s

running (04m56.9s), 004/225 VUs, 4555 complete and 0 interrupted iterations
openloop_spike   [  37% ] 004/225 VUs  04m28.7s/12m0s  30.00 iters/s

running (04m57.9s), 003/225 VUs, 4586 complete and 0 interrupted iterations
openloop_spike   [  37% ] 003/225 VUs  04m29.7s/12m0s  30.00 iters/s

running (04m58.9s), 001/225 VUs, 4618 complete and 0 interrupted iterations
openloop_spike   [  38% ] 001/225 VUs  04m30.7s/12m0s  30.00 iters/s

running (04m59.9s), 003/225 VUs, 4646 complete and 0 interrupted iterations
openloop_spike   [  38% ] 003/225 VUs  04m31.7s/12m0s  30.00 iters/s

running (05m00.9s), 005/225 VUs, 4674 complete and 0 interrupted iterations
openloop_spike   [  38% ] 005/225 VUs  04m32.7s/12m0s  30.00 iters/s

running (05m01.9s), 003/225 VUs, 4706 complete and 0 interrupted iterations
openloop_spike   [  38% ] 003/225 VUs  04m33.7s/12m0s  30.00 iters/s

running (05m02.9s), 004/225 VUs, 4735 complete and 0 interrupted iterations
openloop_spike   [  38% ] 004/225 VUs  04m34.7s/12m0s  30.00 iters/s

running (05m03.9s), 003/225 VUs, 4766 complete and 0 interrupted iterations
openloop_spike   [  38% ] 003/225 VUs  04m35.7s/12m0s  30.00 iters/s

running (05m04.9s), 000/225 VUs, 4799 complete and 0 interrupted iterations
openloop_spike   [  38% ] 000/225 VUs  04m36.7s/12m0s  30.00 iters/s

running (05m05.9s), 002/225 VUs, 4827 complete and 0 interrupted iterations
openloop_spike   [  39% ] 002/225 VUs  04m37.7s/12m0s  30.00 iters/s

running (05m06.9s), 000/225 VUs, 4859 complete and 0 interrupted iterations
openloop_spike   [  39% ] 000/225 VUs  04m38.7s/12m0s  30.00 iters/s

running (05m07.9s), 002/225 VUs, 4887 complete and 0 interrupted iterations
openloop_spike   [  39% ] 002/225 VUs  04m39.7s/12m0s  30.00 iters/s

running (05m08.9s), 004/225 VUs, 4915 complete and 0 interrupted iterations
openloop_spike   [  39% ] 004/225 VUs  04m40.7s/12m0s  30.00 iters/s

running (05m09.9s), 004/225 VUs, 4945 complete and 0 interrupted iterations
openloop_spike   [  39% ] 004/225 VUs  04m41.7s/12m0s  30.00 iters/s

running (05m10.9s), 006/225 VUs, 4973 complete and 0 interrupted iterations
openloop_spike   [  39% ] 006/225 VUs  04m42.7s/12m0s  30.00 iters/s

running (05m11.9s), 007/225 VUs, 5002 complete and 0 interrupted iterations
openloop_spike   [  39% ] 007/225 VUs  04m43.7s/12m0s  30.00 iters/s

running (05m12.9s), 002/225 VUs, 5037 complete and 0 interrupted iterations
openloop_spike   [  40% ] 002/225 VUs  04m44.7s/12m0s  30.00 iters/s

running (05m13.9s), 003/225 VUs, 5066 complete and 0 interrupted iterations
openloop_spike   [  40% ] 003/225 VUs  04m45.7s/12m0s  30.00 iters/s

running (05m14.9s), 002/225 VUs, 5097 complete and 0 interrupted iterations
openloop_spike   [  40% ] 002/225 VUs  04m46.7s/12m0s  30.00 iters/s

running (05m15.9s), 002/225 VUs, 5127 complete and 0 interrupted iterations
openloop_spike   [  40% ] 002/225 VUs  04m47.7s/12m0s  30.00 iters/s

running (05m16.9s), 005/225 VUs, 5154 complete and 0 interrupted iterations
openloop_spike   [  40% ] 005/225 VUs  04m48.7s/12m0s  30.00 iters/s

running (05m17.9s), 004/225 VUs, 5185 complete and 0 interrupted iterations
openloop_spike   [  40% ] 004/225 VUs  04m49.7s/12m0s  30.00 iters/s

running (05m18.9s), 003/225 VUs, 5216 complete and 0 interrupted iterations
openloop_spike   [  40% ] 003/225 VUs  04m50.7s/12m0s  30.00 iters/s

running (05m19.9s), 004/225 VUs, 5245 complete and 0 interrupted iterations
openloop_spike   [  41% ] 004/225 VUs  04m51.7s/12m0s  30.00 iters/s

running (05m20.9s), 003/225 VUs, 5276 complete and 0 interrupted iterations
openloop_spike   [  41% ] 003/225 VUs  04m52.7s/12m0s  30.00 iters/s

running (05m21.9s), 008/225 VUs, 5301 complete and 0 interrupted iterations
openloop_spike   [  41% ] 008/225 VUs  04m53.7s/12m0s  30.00 iters/s

running (05m22.9s), 006/225 VUs, 5333 complete and 0 interrupted iterations
openloop_spike   [  41% ] 006/225 VUs  04m54.7s/12m0s  30.00 iters/s

running (05m23.9s), 001/225 VUs, 5368 complete and 0 interrupted iterations
openloop_spike   [  41% ] 001/225 VUs  04m55.7s/12m0s  30.00 iters/s

running (05m24.9s), 003/225 VUs, 5396 complete and 0 interrupted iterations
openloop_spike   [  41% ] 003/225 VUs  04m56.7s/12m0s  30.00 iters/s

running (05m25.9s), 002/225 VUs, 5427 complete and 0 interrupted iterations
openloop_spike   [  41% ] 002/225 VUs  04m57.7s/12m0s  30.00 iters/s

running (05m26.9s), 001/225 VUs, 5458 complete and 0 interrupted iterations
openloop_spike   [  41% ] 001/225 VUs  04m58.7s/12m0s  30.00 iters/s

running (05m27.9s), 001/225 VUs, 5488 complete and 0 interrupted iterations
openloop_spike   [  42% ] 001/225 VUs  04m59.7s/12m0s  30.00 iters/s

running (05m28.9s), 004/225 VUs, 5515 complete and 0 interrupted iterations
openloop_spike   [  42% ] 004/225 VUs  05m00.7s/12m0s  30.00 iters/s

running (05m29.9s), 007/225 VUs, 5542 complete and 0 interrupted iterations
openloop_spike   [  42% ] 007/225 VUs  05m01.7s/12m0s  30.00 iters/s

running (05m30.9s), 002/225 VUs, 5577 complete and 0 interrupted iterations
openloop_spike   [  42% ] 002/225 VUs  05m02.7s/12m0s  30.00 iters/s

running (05m31.9s), 003/225 VUs, 5606 complete and 0 interrupted iterations
openloop_spike   [  42% ] 003/225 VUs  05m03.7s/12m0s  30.00 iters/s

running (05m32.9s), 005/225 VUs, 5634 complete and 0 interrupted iterations
openloop_spike   [  42% ] 005/225 VUs  05m04.7s/12m0s  30.00 iters/s

running (05m33.9s), 004/225 VUs, 5665 complete and 0 interrupted iterations
openloop_spike   [  42% ] 004/225 VUs  05m05.7s/12m0s  30.00 iters/s

running (05m34.9s), 006/225 VUs, 5693 complete and 0 interrupted iterations
openloop_spike   [  43% ] 006/225 VUs  05m06.7s/12m0s  30.00 iters/s

running (05m35.9s), 005/225 VUs, 5724 complete and 0 interrupted iterations
openloop_spike   [  43% ] 005/225 VUs  05m07.7s/12m0s  30.00 iters/s

running (05m36.9s), 002/225 VUs, 5757 complete and 0 interrupted iterations
openloop_spike   [  43% ] 002/225 VUs  05m08.7s/12m0s  30.00 iters/s

running (05m37.9s), 001/225 VUs, 5788 complete and 0 interrupted iterations
openloop_spike   [  43% ] 001/225 VUs  05m09.7s/12m0s  30.00 iters/s

running (05m38.9s), 000/225 VUs, 5819 complete and 0 interrupted iterations
openloop_spike   [  43% ] 000/225 VUs  05m10.7s/12m0s  30.00 iters/s

running (05m39.9s), 003/225 VUs, 5846 complete and 0 interrupted iterations
openloop_spike   [  43% ] 003/225 VUs  05m11.7s/12m0s  30.00 iters/s

running (05m40.9s), 003/225 VUs, 5876 complete and 0 interrupted iterations
openloop_spike   [  43% ] 003/225 VUs  05m12.7s/12m0s  30.00 iters/s

running (05m41.9s), 008/225 VUs, 5901 complete and 0 interrupted iterations
openloop_spike   [  44% ] 008/225 VUs  05m13.7s/12m0s  30.00 iters/s

running (05m42.9s), 007/225 VUs, 5932 complete and 0 interrupted iterations
openloop_spike   [  44% ] 007/225 VUs  05m14.7s/12m0s  30.00 iters/s

running (05m43.9s), 008/225 VUs, 5961 complete and 0 interrupted iterations
openloop_spike   [  44% ] 008/225 VUs  05m15.7s/12m0s  30.00 iters/s

running (05m44.9s), 008/225 VUs, 5991 complete and 0 interrupted iterations
openloop_spike   [  44% ] 008/225 VUs  05m16.7s/12m0s  30.00 iters/s

running (05m45.9s), 005/225 VUs, 6024 complete and 0 interrupted iterations
openloop_spike   [  44% ] 005/225 VUs  05m17.7s/12m0s  30.00 iters/s

running (05m46.9s), 002/225 VUs, 6057 complete and 0 interrupted iterations
openloop_spike   [  44% ] 002/225 VUs  05m18.7s/12m0s  30.00 iters/s

running (05m47.9s), 002/225 VUs, 6087 complete and 0 interrupted iterations
openloop_spike   [  44% ] 002/225 VUs  05m19.7s/12m0s  30.00 iters/s

running (05m48.9s), 001/225 VUs, 6118 complete and 0 interrupted iterations
openloop_spike   [  45% ] 001/225 VUs  05m20.7s/12m0s  30.00 iters/s

running (05m49.9s), 005/225 VUs, 6144 complete and 0 interrupted iterations
openloop_spike   [  45% ] 005/225 VUs  05m21.7s/12m0s  30.00 iters/s

running (05m50.9s), 004/225 VUs, 6175 complete and 0 interrupted iterations
openloop_spike   [  45% ] 004/225 VUs  05m22.7s/12m0s  30.00 iters/s

running (05m51.9s), 009/225 VUs, 6200 complete and 0 interrupted iterations
openloop_spike   [  45% ] 009/225 VUs  05m23.7s/12m0s  30.00 iters/s

running (05m52.9s), 006/225 VUs, 6233 complete and 0 interrupted iterations
openloop_spike   [  45% ] 006/225 VUs  05m24.7s/12m0s  30.00 iters/s

running (05m53.9s), 003/225 VUs, 6266 complete and 0 interrupted iterations
openloop_spike   [  45% ] 003/225 VUs  05m25.7s/12m0s  30.00 iters/s

running (05m54.9s), 005/225 VUs, 6294 complete and 0 interrupted iterations
openloop_spike   [  45% ] 005/225 VUs  05m26.7s/12m0s  30.00 iters/s

running (05m55.9s), 003/225 VUs, 6326 complete and 0 interrupted iterations
openloop_spike   [  46% ] 003/225 VUs  05m27.7s/12m0s  30.00 iters/s

running (05m56.9s), 002/225 VUs, 6357 complete and 0 interrupted iterations
openloop_spike   [  46% ] 002/225 VUs  05m28.7s/12m0s  30.00 iters/s

running (05m57.9s), 002/225 VUs, 6387 complete and 0 interrupted iterations
openloop_spike   [  46% ] 002/225 VUs  05m29.7s/12m0s  30.00 iters/s

running (05m58.9s), 003/225 VUs, 6416 complete and 0 interrupted iterations
openloop_spike   [  46% ] 003/225 VUs  05m30.7s/12m0s  30.00 iters/s

running (05m59.9s), 004/225 VUs, 6445 complete and 0 interrupted iterations
openloop_spike   [  46% ] 004/225 VUs  05m31.7s/12m0s  30.00 iters/s

running (06m00.9s), 002/225 VUs, 6477 complete and 0 interrupted iterations
openloop_spike   [  46% ] 002/225 VUs  05m32.7s/12m0s  30.00 iters/s

running (06m01.9s), 004/225 VUs, 6505 complete and 0 interrupted iterations
openloop_spike   [  46% ] 004/225 VUs  05m33.7s/12m0s  30.00 iters/s

running (06m02.9s), 006/225 VUs, 6533 complete and 0 interrupted iterations
openloop_spike   [  46% ] 006/225 VUs  05m34.7s/12m0s  30.00 iters/s

running (06m03.9s), 005/225 VUs, 6564 complete and 0 interrupted iterations
openloop_spike   [  47% ] 005/225 VUs  05m35.7s/12m0s  30.00 iters/s

running (06m04.9s), 003/225 VUs, 6596 complete and 0 interrupted iterations
openloop_spike   [  47% ] 003/225 VUs  05m36.7s/12m0s  30.00 iters/s

running (06m05.9s), 003/225 VUs, 6626 complete and 0 interrupted iterations
openloop_spike   [  47% ] 003/225 VUs  05m37.7s/12m0s  30.00 iters/s

running (06m06.9s), 005/225 VUs, 6654 complete and 0 interrupted iterations
openloop_spike   [  47% ] 005/225 VUs  05m38.7s/12m0s  30.00 iters/s

running (06m07.9s), 001/225 VUs, 6688 complete and 0 interrupted iterations
openloop_spike   [  47% ] 001/225 VUs  05m39.7s/12m0s  30.00 iters/s

running (06m08.9s), 005/225 VUs, 6714 complete and 0 interrupted iterations
openloop_spike   [  47% ] 005/225 VUs  05m40.7s/12m0s  30.00 iters/s

running (06m09.9s), 002/225 VUs, 6747 complete and 0 interrupted iterations
openloop_spike   [  47% ] 002/225 VUs  05m41.7s/12m0s  30.00 iters/s

running (06m10.9s), 000/225 VUs, 6779 complete and 0 interrupted iterations
openloop_spike   [  48% ] 000/225 VUs  05m42.7s/12m0s  30.00 iters/s

running (06m11.9s), 000/225 VUs, 6809 complete and 0 interrupted iterations
openloop_spike   [  48% ] 000/225 VUs  05m43.7s/12m0s  30.00 iters/s

running (06m12.9s), 002/225 VUs, 6837 complete and 0 interrupted iterations
openloop_spike   [  48% ] 002/225 VUs  05m44.7s/12m0s  30.00 iters/s

running (06m13.9s), 002/225 VUs, 6867 complete and 0 interrupted iterations
openloop_spike   [  48% ] 002/225 VUs  05m45.7s/12m0s  30.00 iters/s

running (06m14.9s), 002/225 VUs, 6897 complete and 0 interrupted iterations
openloop_spike   [  48% ] 002/225 VUs  05m46.7s/12m0s  30.00 iters/s

running (06m15.9s), 001/225 VUs, 6928 complete and 0 interrupted iterations
openloop_spike   [  48% ] 001/225 VUs  05m47.7s/12m0s  30.00 iters/s

running (06m16.9s), 004/225 VUs, 6955 complete and 0 interrupted iterations
openloop_spike   [  48% ] 004/225 VUs  05m48.7s/12m0s  30.00 iters/s

running (06m17.9s), 004/225 VUs, 6985 complete and 0 interrupted iterations
openloop_spike   [  49% ] 004/225 VUs  05m49.7s/12m0s  30.00 iters/s

running (06m18.9s), 002/225 VUs, 7017 complete and 0 interrupted iterations
openloop_spike   [  49% ] 002/225 VUs  05m50.7s/12m0s  30.00 iters/s

running (06m19.9s), 007/225 VUs, 7042 complete and 0 interrupted iterations
openloop_spike   [  49% ] 007/225 VUs  05m51.7s/12m0s  30.00 iters/s

running (06m20.9s), 001/225 VUs, 7078 complete and 0 interrupted iterations
openloop_spike   [  49% ] 001/225 VUs  05m52.7s/12m0s  30.00 iters/s

running (06m21.9s), 001/225 VUs, 7108 complete and 0 interrupted iterations
openloop_spike   [  49% ] 001/225 VUs  05m53.7s/12m0s  30.00 iters/s

running (06m22.9s), 002/225 VUs, 7137 complete and 0 interrupted iterations
openloop_spike   [  49% ] 002/225 VUs  05m54.7s/12m0s  30.00 iters/s

running (06m23.9s), 003/225 VUs, 7166 complete and 0 interrupted iterations
openloop_spike   [  49% ] 003/225 VUs  05m55.7s/12m0s  30.00 iters/s

running (06m24.9s), 001/225 VUs, 7198 complete and 0 interrupted iterations
openloop_spike   [  50% ] 001/225 VUs  05m56.7s/12m0s  30.00 iters/s

running (06m25.9s), 001/225 VUs, 7228 complete and 0 interrupted iterations
openloop_spike   [  50% ] 001/225 VUs  05m57.7s/12m0s  30.00 iters/s

running (06m26.9s), 004/225 VUs, 7255 complete and 0 interrupted iterations
openloop_spike   [  50% ] 004/225 VUs  05m58.7s/12m0s  30.00 iters/s

running (06m27.9s), 004/225 VUs, 7285 complete and 0 interrupted iterations
openloop_spike   [  50% ] 004/225 VUs  05m59.7s/12m0s  30.00 iters/s

running (06m28.9s), 003/225 VUs, 7316 complete and 0 interrupted iterations
openloop_spike   [  50% ] 003/225 VUs  06m00.7s/12m0s  30.00 iters/s

running (06m29.9s), 004/225 VUs, 7345 complete and 0 interrupted iterations
openloop_spike   [  50% ] 004/225 VUs  06m01.7s/12m0s  30.00 iters/s

running (06m30.9s), 000/225 VUs, 7379 complete and 0 interrupted iterations
openloop_spike   [  50% ] 000/225 VUs  06m02.7s/12m0s  30.00 iters/s

running (06m31.9s), 000/225 VUs, 7409 complete and 0 interrupted iterations
openloop_spike   [  51% ] 000/225 VUs  06m03.7s/12m0s  30.00 iters/s

running (06m32.9s), 001/225 VUs, 7438 complete and 0 interrupted iterations
openloop_spike   [  51% ] 001/225 VUs  06m04.7s/12m0s  30.00 iters/s

running (06m33.9s), 006/225 VUs, 7463 complete and 0 interrupted iterations
openloop_spike   [  51% ] 006/225 VUs  06m05.7s/12m0s  30.00 iters/s

running (06m34.9s), 003/225 VUs, 7496 complete and 0 interrupted iterations
openloop_spike   [  51% ] 003/225 VUs  06m06.7s/12m0s  30.00 iters/s

running (06m35.9s), 006/225 VUs, 7523 complete and 0 interrupted iterations
openloop_spike   [  51% ] 006/225 VUs  06m07.7s/12m0s  30.00 iters/s

running (06m36.9s), 008/225 VUs, 7551 complete and 0 interrupted iterations
openloop_spike   [  51% ] 008/225 VUs  06m08.7s/12m0s  30.00 iters/s

running (06m37.9s), 015/225 VUs, 7574 complete and 0 interrupted iterations
openloop_spike   [  51% ] 015/225 VUs  06m09.7s/12m0s  30.00 iters/s

running (06m38.9s), 011/225 VUs, 7608 complete and 0 interrupted iterations
openloop_spike   [  51% ] 011/225 VUs  06m10.7s/12m0s  30.00 iters/s

running (06m39.9s), 002/225 VUs, 7647 complete and 0 interrupted iterations
openloop_spike   [  52% ] 002/225 VUs  06m11.7s/12m0s  30.00 iters/s

running (06m40.9s), 003/225 VUs, 7676 complete and 0 interrupted iterations
openloop_spike   [  52% ] 003/225 VUs  06m12.7s/12m0s  30.00 iters/s

running (06m41.9s), 002/225 VUs, 7707 complete and 0 interrupted iterations
openloop_spike   [  52% ] 002/225 VUs  06m13.7s/12m0s  30.00 iters/s

running (06m42.9s), 002/225 VUs, 7737 complete and 0 interrupted iterations
openloop_spike   [  52% ] 002/225 VUs  06m14.7s/12m0s  30.00 iters/s

running (06m43.9s), 007/225 VUs, 7762 complete and 0 interrupted iterations
openloop_spike   [  52% ] 007/225 VUs  06m15.7s/12m0s  30.00 iters/s

running (06m44.9s), 005/225 VUs, 7794 complete and 0 interrupted iterations
openloop_spike   [  52% ] 005/225 VUs  06m16.7s/12m0s  30.00 iters/s

running (06m45.9s), 007/225 VUs, 7822 complete and 0 interrupted iterations
openloop_spike   [  52% ] 007/225 VUs  06m17.7s/12m0s  30.00 iters/s

running (06m46.9s), 009/225 VUs, 7850 complete and 0 interrupted iterations
openloop_spike   [  53% ] 009/225 VUs  06m18.7s/12m0s  30.00 iters/s

running (06m47.9s), 009/225 VUs, 7880 complete and 0 interrupted iterations
openloop_spike   [  53% ] 009/225 VUs  06m19.7s/12m0s  30.00 iters/s

running (06m48.9s), 003/225 VUs, 7916 complete and 0 interrupted iterations
openloop_spike   [  53% ] 003/225 VUs  06m20.7s/12m0s  30.00 iters/s

running (06m49.9s), 003/225 VUs, 7946 complete and 0 interrupted iterations
openloop_spike   [  53% ] 003/225 VUs  06m21.7s/12m0s  30.00 iters/s

running (06m50.9s), 004/225 VUs, 7975 complete and 0 interrupted iterations
openloop_spike   [  53% ] 004/225 VUs  06m22.7s/12m0s  30.00 iters/s

running (06m51.9s), 007/225 VUs, 8002 complete and 0 interrupted iterations
openloop_spike   [  53% ] 007/225 VUs  06m23.7s/12m0s  30.00 iters/s

running (06m52.9s), 005/225 VUs, 8034 complete and 0 interrupted iterations
openloop_spike   [  53% ] 005/225 VUs  06m24.7s/12m0s  30.00 iters/s

running (06m53.9s), 003/225 VUs, 8066 complete and 0 interrupted iterations
openloop_spike   [  54% ] 003/225 VUs  06m25.7s/12m0s  30.00 iters/s

running (06m54.9s), 003/225 VUs, 8096 complete and 0 interrupted iterations
openloop_spike   [  54% ] 003/225 VUs  06m26.7s/12m0s  30.00 iters/s

running (06m55.9s), 001/225 VUs, 8128 complete and 0 interrupted iterations
openloop_spike   [  54% ] 001/225 VUs  06m27.7s/12m0s  30.00 iters/s

running (06m56.9s), 000/225 VUs, 8159 complete and 0 interrupted iterations
openloop_spike   [  54% ] 000/225 VUs  06m28.7s/12m0s  30.00 iters/s

running (06m57.9s), 000/225 VUs, 8189 complete and 0 interrupted iterations
openloop_spike   [  54% ] 000/225 VUs  06m29.7s/12m0s  30.00 iters/s

running (06m58.9s), 002/225 VUs, 8217 complete and 0 interrupted iterations
openloop_spike   [  54% ] 002/225 VUs  06m30.7s/12m0s  30.00 iters/s

running (06m59.9s), 001/225 VUs, 8248 complete and 0 interrupted iterations
openloop_spike   [  54% ] 001/225 VUs  06m31.7s/12m0s  30.00 iters/s

running (07m00.9s), 003/225 VUs, 8276 complete and 0 interrupted iterations
openloop_spike   [  55% ] 003/225 VUs  06m32.7s/12m0s  30.00 iters/s

running (07m01.9s), 002/225 VUs, 8307 complete and 0 interrupted iterations
openloop_spike   [  55% ] 002/225 VUs  06m33.7s/12m0s  30.00 iters/s

running (07m02.9s), 003/225 VUs, 8336 complete and 0 interrupted iterations
openloop_spike   [  55% ] 003/225 VUs  06m34.7s/12m0s  30.00 iters/s

running (07m03.9s), 003/225 VUs, 8366 complete and 0 interrupted iterations
openloop_spike   [  55% ] 003/225 VUs  06m35.7s/12m0s  30.00 iters/s

running (07m04.9s), 008/225 VUs, 8391 complete and 0 interrupted iterations
openloop_spike   [  55% ] 008/225 VUs  06m36.7s/12m0s  30.00 iters/s

running (07m05.9s), 009/225 VUs, 8420 complete and 0 interrupted iterations
openloop_spike   [  55% ] 009/225 VUs  06m37.7s/12m0s  30.00 iters/s

running (07m06.9s), 005/225 VUs, 8454 complete and 0 interrupted iterations
openloop_spike   [  55% ] 005/225 VUs  06m38.7s/12m0s  30.00 iters/s

running (07m07.9s), 002/225 VUs, 8487 complete and 0 interrupted iterations
openloop_spike   [  56% ] 002/225 VUs  06m39.7s/12m0s  30.00 iters/s

running (07m08.9s), 000/225 VUs, 8519 complete and 0 interrupted iterations
openloop_spike   [  56% ] 000/225 VUs  06m40.7s/12m0s  30.00 iters/s

running (07m09.9s), 001/225 VUs, 8548 complete and 0 interrupted iterations
openloop_spike   [  56% ] 001/225 VUs  06m41.7s/12m0s  30.00 iters/s

running (07m10.9s), 000/225 VUs, 8579 complete and 0 interrupted iterations
openloop_spike   [  56% ] 000/225 VUs  06m42.7s/12m0s  30.00 iters/s

running (07m11.9s), 005/225 VUs, 8604 complete and 0 interrupted iterations
openloop_spike   [  56% ] 005/225 VUs  06m43.7s/12m0s  30.00 iters/s

running (07m12.9s), 006/225 VUs, 8633 complete and 0 interrupted iterations
openloop_spike   [  56% ] 006/225 VUs  06m44.7s/12m0s  30.00 iters/s

running (07m13.9s), 009/225 VUs, 8660 complete and 0 interrupted iterations
openloop_spike   [  56% ] 009/225 VUs  06m45.7s/12m0s  30.00 iters/s

running (07m14.9s), 010/225 VUs, 8689 complete and 0 interrupted iterations
openloop_spike   [  56% ] 010/225 VUs  06m46.7s/12m0s  30.00 iters/s

running (07m15.9s), 014/225 VUs, 8715 complete and 0 interrupted iterations
openloop_spike   [  57% ] 014/225 VUs  06m47.7s/12m0s  30.00 iters/s

running (07m16.9s), 008/225 VUs, 8751 complete and 0 interrupted iterations
openloop_spike   [  57% ] 008/225 VUs  06m48.7s/12m0s  30.00 iters/s

running (07m17.9s), 010/225 VUs, 8779 complete and 0 interrupted iterations
openloop_spike   [  57% ] 010/225 VUs  06m49.7s/12m0s  30.00 iters/s

running (07m18.9s), 007/225 VUs, 8812 complete and 0 interrupted iterations
openloop_spike   [  57% ] 007/225 VUs  06m50.7s/12m0s  30.00 iters/s

running (07m19.9s), 005/225 VUs, 8844 complete and 0 interrupted iterations
openloop_spike   [  57% ] 005/225 VUs  06m51.7s/12m0s  30.00 iters/s

running (07m20.9s), 002/225 VUs, 8877 complete and 0 interrupted iterations
openloop_spike   [  57% ] 002/225 VUs  06m52.7s/12m0s  30.00 iters/s

running (07m21.9s), 003/225 VUs, 8906 complete and 0 interrupted iterations
openloop_spike   [  57% ] 003/225 VUs  06m53.7s/12m0s  30.00 iters/s

running (07m22.9s), 004/225 VUs, 8935 complete and 0 interrupted iterations
openloop_spike   [  58% ] 004/225 VUs  06m54.7s/12m0s  30.00 iters/s

running (07m23.9s), 004/225 VUs, 8965 complete and 0 interrupted iterations
openloop_spike   [  58% ] 004/225 VUs  06m55.7s/12m0s  30.00 iters/s

running (07m24.9s), 001/225 VUs, 8998 complete and 0 interrupted iterations
openloop_spike   [  58% ] 001/225 VUs  06m56.7s/12m0s  30.00 iters/s

running (07m25.9s), 004/225 VUs, 9025 complete and 0 interrupted iterations
openloop_spike   [  58% ] 004/225 VUs  06m57.7s/12m0s  30.00 iters/s

running (07m26.9s), 004/225 VUs, 9055 complete and 0 interrupted iterations
openloop_spike   [  58% ] 004/225 VUs  06m58.7s/12m0s  30.00 iters/s

running (07m27.9s), 001/225 VUs, 9088 complete and 0 interrupted iterations
openloop_spike   [  58% ] 001/225 VUs  06m59.7s/12m0s  30.00 iters/s

running (07m28.9s), 004/225 VUs, 9115 complete and 0 interrupted iterations
openloop_spike   [  58% ] 004/225 VUs  07m00.7s/12m0s  30.00 iters/s

running (07m29.9s), 004/225 VUs, 9145 complete and 0 interrupted iterations
openloop_spike   [  59% ] 004/225 VUs  07m01.7s/12m0s  30.00 iters/s

running (07m30.9s), 001/225 VUs, 9178 complete and 0 interrupted iterations
openloop_spike   [  59% ] 001/225 VUs  07m02.7s/12m0s  30.00 iters/s

running (07m31.9s), 002/225 VUs, 9207 complete and 0 interrupted iterations
openloop_spike   [  59% ] 002/225 VUs  07m03.7s/12m0s  30.00 iters/s

running (07m32.9s), 001/225 VUs, 9238 complete and 0 interrupted iterations
openloop_spike   [  59% ] 001/225 VUs  07m04.7s/12m0s  30.00 iters/s

running (07m33.9s), 004/225 VUs, 9265 complete and 0 interrupted iterations
openloop_spike   [  59% ] 004/225 VUs  07m05.7s/12m0s  30.00 iters/s

running (07m34.9s), 008/225 VUs, 9291 complete and 0 interrupted iterations
openloop_spike   [  59% ] 008/225 VUs  07m06.7s/12m0s  30.00 iters/s

running (07m35.9s), 005/225 VUs, 9324 complete and 0 interrupted iterations
openloop_spike   [  59% ] 005/225 VUs  07m07.7s/12m0s  30.00 iters/s

running (07m36.9s), 006/225 VUs, 9353 complete and 0 interrupted iterations
openloop_spike   [  60% ] 006/225 VUs  07m08.7s/12m0s  30.00 iters/s

running (07m37.9s), 002/225 VUs, 9388 complete and 0 interrupted iterations
openloop_spike   [  60% ] 002/225 VUs  07m09.7s/12m0s  30.00 iters/s

running (07m38.9s), 004/225 VUs, 9415 complete and 0 interrupted iterations
openloop_spike   [  60% ] 004/225 VUs  07m10.7s/12m0s  30.00 iters/s

running (07m39.9s), 002/225 VUs, 9447 complete and 0 interrupted iterations
openloop_spike   [  60% ] 002/225 VUs  07m11.7s/12m0s  30.00 iters/s

running (07m40.9s), 008/225 VUs, 9471 complete and 0 interrupted iterations
openloop_spike   [  60% ] 008/225 VUs  07m12.7s/12m0s  30.00 iters/s

running (07m41.9s), 005/225 VUs, 9504 complete and 0 interrupted iterations
openloop_spike   [  60% ] 005/225 VUs  07m13.7s/12m0s  30.00 iters/s

running (07m42.9s), 003/225 VUs, 9537 complete and 0 interrupted iterations
openloop_spike   [  60% ] 003/225 VUs  07m14.7s/12m0s  30.00 iters/s

running (07m43.9s), 000/225 VUs, 9569 complete and 0 interrupted iterations
openloop_spike   [  61% ] 000/225 VUs  07m15.7s/12m0s  30.00 iters/s

running (07m44.9s), 000/225 VUs, 9599 complete and 0 interrupted iterations
openloop_spike   [  61% ] 000/225 VUs  07m16.7s/12m0s  30.00 iters/s

running (07m45.9s), 002/225 VUs, 9627 complete and 0 interrupted iterations
openloop_spike   [  61% ] 002/225 VUs  07m17.7s/12m0s  30.00 iters/s

running (07m46.9s), 000/225 VUs, 9659 complete and 0 interrupted iterations
openloop_spike   [  61% ] 000/225 VUs  07m18.7s/12m0s  30.00 iters/s

running (07m47.9s), 001/225 VUs, 9688 complete and 0 interrupted iterations
openloop_spike   [  61% ] 001/225 VUs  07m19.7s/12m0s  30.00 iters/s

running (07m48.9s), 004/225 VUs, 9715 complete and 0 interrupted iterations
openloop_spike   [  61% ] 004/225 VUs  07m20.7s/12m0s  30.00 iters/s

running (07m49.9s), 008/225 VUs, 9741 complete and 0 interrupted iterations
openloop_spike   [  61% ] 008/225 VUs  07m21.7s/12m0s  30.00 iters/s

running (07m50.9s), 007/225 VUs, 9772 complete and 0 interrupted iterations
openloop_spike   [  61% ] 007/225 VUs  07m22.7s/12m0s  30.00 iters/s

running (07m51.9s), 003/225 VUs, 9806 complete and 0 interrupted iterations
openloop_spike   [  62% ] 003/225 VUs  07m23.7s/12m0s  30.00 iters/s

running (07m52.9s), 000/225 VUs, 9839 complete and 0 interrupted iterations
openloop_spike   [  62% ] 000/225 VUs  07m24.7s/12m0s  30.00 iters/s

running (07m53.9s), 005/225 VUs, 9864 complete and 0 interrupted iterations
openloop_spike   [  62% ] 005/225 VUs  07m25.7s/12m0s  30.00 iters/s

running (07m54.9s), 002/225 VUs, 9897 complete and 0 interrupted iterations
openloop_spike   [  62% ] 002/225 VUs  07m26.7s/12m0s  30.00 iters/s

running (07m55.9s), 002/225 VUs, 9927 complete and 0 interrupted iterations
openloop_spike   [  62% ] 002/225 VUs  07m27.7s/12m0s  30.00 iters/s

running (07m56.9s), 002/225 VUs, 9957 complete and 0 interrupted iterations
openloop_spike   [  62% ] 002/225 VUs  07m28.7s/12m0s  30.00 iters/s

running (07m57.9s), 002/225 VUs, 9987 complete and 0 interrupted iterations
openloop_spike   [  62% ] 002/225 VUs  07m29.7s/12m0s  30.00 iters/s

running (07m58.9s), 004/225 VUs, 10015 complete and 0 interrupted iterations
openloop_spike   [  63% ] 004/225 VUs  07m30.7s/12m0s  30.00 iters/s

running (07m59.9s), 001/225 VUs, 10048 complete and 0 interrupted iterations
openloop_spike   [  63% ] 001/225 VUs  07m31.7s/12m0s  30.00 iters/s

running (08m00.9s), 002/225 VUs, 10077 complete and 0 interrupted iterations
openloop_spike   [  63% ] 002/225 VUs  07m32.7s/12m0s  30.00 iters/s

running (08m01.9s), 003/225 VUs, 10106 complete and 0 interrupted iterations
openloop_spike   [  63% ] 003/225 VUs  07m33.7s/12m0s  30.00 iters/s

running (08m02.9s), 002/225 VUs, 10137 complete and 0 interrupted iterations
openloop_spike   [  63% ] 002/225 VUs  07m34.7s/12m0s  30.00 iters/s

running (08m03.9s), 003/225 VUs, 10166 complete and 0 interrupted iterations
openloop_spike   [  63% ] 003/225 VUs  07m35.7s/12m0s  30.00 iters/s

running (08m04.9s), 008/225 VUs, 10191 complete and 0 interrupted iterations
openloop_spike   [  63% ] 008/225 VUs  07m36.7s/12m0s  30.00 iters/s

running (08m05.9s), 002/225 VUs, 10227 complete and 0 interrupted iterations
openloop_spike   [  64% ] 002/225 VUs  07m37.7s/12m0s  30.00 iters/s

running (08m06.9s), 005/225 VUs, 10254 complete and 0 interrupted iterations
openloop_spike   [  64% ] 005/225 VUs  07m38.7s/12m0s  30.00 iters/s

running (08m07.9s), 008/225 VUs, 10281 complete and 0 interrupted iterations
openloop_spike   [  64% ] 008/225 VUs  07m39.7s/12m0s  30.00 iters/s

running (08m08.9s), 007/225 VUs, 10312 complete and 0 interrupted iterations
openloop_spike   [  64% ] 007/225 VUs  07m40.7s/12m0s  30.00 iters/s

running (08m09.9s), 003/225 VUs, 10346 complete and 0 interrupted iterations
openloop_spike   [  64% ] 003/225 VUs  07m41.7s/12m0s  30.00 iters/s

running (08m10.9s), 001/225 VUs, 10378 complete and 0 interrupted iterations
openloop_spike   [  64% ] 001/225 VUs  07m42.7s/12m0s  30.00 iters/s

running (08m11.9s), 002/225 VUs, 10407 complete and 0 interrupted iterations
openloop_spike   [  64% ] 002/225 VUs  07m43.7s/12m0s  30.00 iters/s

running (08m12.9s), 002/225 VUs, 10437 complete and 0 interrupted iterations
openloop_spike   [  65% ] 002/225 VUs  07m44.7s/12m0s  30.00 iters/s

running (08m13.9s), 004/225 VUs, 10465 complete and 0 interrupted iterations
openloop_spike   [  65% ] 004/225 VUs  07m45.7s/12m0s  30.00 iters/s

running (08m14.9s), 007/225 VUs, 10492 complete and 0 interrupted iterations
openloop_spike   [  65% ] 007/225 VUs  07m46.7s/12m0s  30.00 iters/s

running (08m15.9s), 003/225 VUs, 10526 complete and 0 interrupted iterations
openloop_spike   [  65% ] 003/225 VUs  07m47.7s/12m0s  30.00 iters/s

running (08m16.9s), 002/225 VUs, 10557 complete and 0 interrupted iterations
openloop_spike   [  65% ] 002/225 VUs  07m48.7s/12m0s  30.00 iters/s

running (08m17.9s), 001/225 VUs, 10588 complete and 0 interrupted iterations
openloop_spike   [  65% ] 001/225 VUs  07m49.7s/12m0s  30.00 iters/s

running (08m18.9s), 006/225 VUs, 10613 complete and 0 interrupted iterations
openloop_spike   [  65% ] 006/225 VUs  07m50.7s/12m0s  30.00 iters/s

running (08m19.9s), 003/225 VUs, 10646 complete and 0 interrupted iterations
openloop_spike   [  66% ] 003/225 VUs  07m51.7s/12m0s  30.00 iters/s

running (08m20.9s), 002/225 VUs, 10677 complete and 0 interrupted iterations
openloop_spike   [  66% ] 002/225 VUs  07m52.7s/12m0s  30.00 iters/s

running (08m21.9s), 001/225 VUs, 10708 complete and 0 interrupted iterations
openloop_spike   [  66% ] 001/225 VUs  07m53.7s/12m0s  30.00 iters/s

running (08m22.9s), 003/225 VUs, 10736 complete and 0 interrupted iterations
openloop_spike   [  66% ] 003/225 VUs  07m54.7s/12m0s  30.00 iters/s

running (08m23.9s), 005/225 VUs, 10764 complete and 0 interrupted iterations
openloop_spike   [  66% ] 005/225 VUs  07m55.7s/12m0s  30.00 iters/s

running (08m24.9s), 005/225 VUs, 10794 complete and 0 interrupted iterations
openloop_spike   [  66% ] 005/225 VUs  07m56.7s/12m0s  30.00 iters/s

running (08m25.9s), 003/225 VUs, 10826 complete and 0 interrupted iterations
openloop_spike   [  66% ] 003/225 VUs  07m57.7s/12m0s  30.00 iters/s

running (08m26.9s), 004/225 VUs, 10855 complete and 0 interrupted iterations
openloop_spike   [  66% ] 004/225 VUs  07m58.7s/12m0s  30.00 iters/s

running (08m27.9s), 003/225 VUs, 10886 complete and 0 interrupted iterations
openloop_spike   [  67% ] 003/225 VUs  07m59.7s/12m0s  30.00 iters/s

running (08m28.9s), 006/225 VUs, 10913 complete and 0 interrupted iterations
openloop_spike   [  67% ] 006/225 VUs  08m00.7s/12m0s  30.00 iters/s

running (08m29.9s), 010/225 VUs, 10939 complete and 0 interrupted iterations
openloop_spike   [  67% ] 010/225 VUs  08m01.7s/12m0s  30.00 iters/s

running (08m30.9s), 006/225 VUs, 10973 complete and 0 interrupted iterations
openloop_spike   [  67% ] 006/225 VUs  08m02.7s/12m0s  30.00 iters/s

running (08m31.9s), 003/225 VUs, 11006 complete and 0 interrupted iterations
openloop_spike   [  67% ] 003/225 VUs  08m03.7s/12m0s  30.00 iters/s

running (08m32.9s), 006/225 VUs, 11033 complete and 0 interrupted iterations
openloop_spike   [  67% ] 006/225 VUs  08m04.7s/12m0s  30.00 iters/s

running (08m33.9s), 006/225 VUs, 11063 complete and 0 interrupted iterations
openloop_spike   [  67% ] 006/225 VUs  08m05.7s/12m0s  30.00 iters/s

running (08m34.9s), 002/225 VUs, 11097 complete and 0 interrupted iterations
openloop_spike   [  68% ] 002/225 VUs  08m06.7s/12m0s  30.00 iters/s

running (08m35.9s), 003/225 VUs, 11126 complete and 0 interrupted iterations
openloop_spike   [  68% ] 003/225 VUs  08m07.7s/12m0s  30.00 iters/s

running (08m36.9s), 003/225 VUs, 11156 complete and 0 interrupted iterations
openloop_spike   [  68% ] 003/225 VUs  08m08.7s/12m0s  30.00 iters/s

running (08m37.9s), 004/225 VUs, 11185 complete and 0 interrupted iterations
openloop_spike   [  68% ] 004/225 VUs  08m09.7s/12m0s  30.00 iters/s

running (08m38.9s), 005/225 VUs, 11214 complete and 0 interrupted iterations
openloop_spike   [  68% ] 005/225 VUs  08m10.7s/12m0s  30.00 iters/s

running (08m39.9s), 003/225 VUs, 11246 complete and 0 interrupted iterations
openloop_spike   [  68% ] 003/225 VUs  08m11.7s/12m0s  30.00 iters/s

running (08m40.9s), 001/225 VUs, 11278 complete and 0 interrupted iterations
openloop_spike   [  68% ] 001/225 VUs  08m12.7s/12m0s  30.00 iters/s

running (08m41.9s), 001/225 VUs, 11308 complete and 0 interrupted iterations
openloop_spike   [  69% ] 001/225 VUs  08m13.7s/12m0s  30.00 iters/s

running (08m42.9s), 001/225 VUs, 11338 complete and 0 interrupted iterations
openloop_spike   [  69% ] 001/225 VUs  08m14.7s/12m0s  30.00 iters/s

running (08m43.9s), 002/225 VUs, 11367 complete and 0 interrupted iterations
openloop_spike   [  69% ] 002/225 VUs  08m15.7s/12m0s  30.00 iters/s

running (08m44.9s), 001/225 VUs, 11398 complete and 0 interrupted iterations
openloop_spike   [  69% ] 001/225 VUs  08m16.7s/12m0s  30.00 iters/s

running (08m45.9s), 002/225 VUs, 11427 complete and 0 interrupted iterations
openloop_spike   [  69% ] 002/225 VUs  08m17.7s/12m0s  30.00 iters/s

running (08m46.9s), 002/225 VUs, 11457 complete and 0 interrupted iterations
openloop_spike   [  69% ] 002/225 VUs  08m18.7s/12m0s  30.00 iters/s

running (08m47.9s), 006/225 VUs, 11483 complete and 0 interrupted iterations
openloop_spike   [  69% ] 006/225 VUs  08m19.7s/12m0s  30.00 iters/s

running (08m48.9s), 003/225 VUs, 11516 complete and 0 interrupted iterations
openloop_spike   [  70% ] 003/225 VUs  08m20.7s/12m0s  30.00 iters/s

running (08m49.9s), 003/225 VUs, 11546 complete and 0 interrupted iterations
openloop_spike   [  70% ] 003/225 VUs  08m21.7s/12m0s  30.00 iters/s

running (08m50.9s), 001/225 VUs, 11578 complete and 0 interrupted iterations
openloop_spike   [  70% ] 001/225 VUs  08m22.7s/12m0s  30.00 iters/s

running (08m51.9s), 003/225 VUs, 11606 complete and 0 interrupted iterations
openloop_spike   [  70% ] 003/225 VUs  08m23.7s/12m0s  30.00 iters/s

running (08m52.9s), 012/225 VUs, 11627 complete and 0 interrupted iterations
openloop_spike   [  70% ] 012/225 VUs  08m24.7s/12m0s  30.00 iters/s

running (08m53.9s), 009/225 VUs, 11660 complete and 0 interrupted iterations
openloop_spike   [  70% ] 009/225 VUs  08m25.7s/12m0s  30.00 iters/s

running (08m54.9s), 009/225 VUs, 11690 complete and 0 interrupted iterations
openloop_spike   [  70% ] 009/225 VUs  08m26.7s/12m0s  30.00 iters/s

running (08m55.9s), 007/225 VUs, 11722 complete and 0 interrupted iterations
openloop_spike   [  71% ] 007/225 VUs  08m27.7s/12m0s  30.00 iters/s

running (08m56.9s), 000/225 VUs, 11759 complete and 0 interrupted iterations
openloop_spike   [  71% ] 000/225 VUs  08m28.7s/12m0s  30.00 iters/s

running (08m57.9s), 006/225 VUs, 11783 complete and 0 interrupted iterations
openloop_spike   [  71% ] 006/225 VUs  08m29.7s/12m0s  30.00 iters/s

running (08m58.9s), 001/225 VUs, 11818 complete and 0 interrupted iterations
openloop_spike   [  71% ] 001/225 VUs  08m30.7s/12m0s  30.00 iters/s

running (08m59.9s), 001/225 VUs, 11848 complete and 0 interrupted iterations
openloop_spike   [  71% ] 001/225 VUs  08m31.7s/12m0s  30.00 iters/s

running (09m00.9s), 000/225 VUs, 11879 complete and 0 interrupted iterations
openloop_spike   [  71% ] 000/225 VUs  08m32.7s/12m0s  30.00 iters/s

running (09m01.9s), 003/225 VUs, 11906 complete and 0 interrupted iterations
openloop_spike   [  71% ] 003/225 VUs  08m33.7s/12m0s  30.00 iters/s

running (09m02.9s), 004/225 VUs, 11935 complete and 0 interrupted iterations
openloop_spike   [  71% ] 004/225 VUs  08m34.7s/12m0s  30.00 iters/s

running (09m03.9s), 004/225 VUs, 11965 complete and 0 interrupted iterations
openloop_spike   [  72% ] 004/225 VUs  08m35.7s/12m0s  30.00 iters/s

running (09m04.9s), 003/225 VUs, 11996 complete and 0 interrupted iterations
openloop_spike   [  72% ] 003/225 VUs  08m36.7s/12m0s  30.00 iters/s

running (09m05.9s), 004/225 VUs, 12025 complete and 0 interrupted iterations
openloop_spike   [  72% ] 004/225 VUs  08m37.7s/12m0s  30.00 iters/s

running (09m06.9s), 002/225 VUs, 12057 complete and 0 interrupted iterations
openloop_spike   [  72% ] 002/225 VUs  08m38.7s/12m0s  30.00 iters/s

running (09m07.9s), 009/225 VUs, 12080 complete and 0 interrupted iterations
openloop_spike   [  72% ] 009/225 VUs  08m39.7s/12m0s  30.00 iters/s

running (09m08.9s), 007/225 VUs, 12112 complete and 0 interrupted iterations
openloop_spike   [  72% ] 007/225 VUs  08m40.7s/12m0s  30.00 iters/s

running (09m09.9s), 005/225 VUs, 12144 complete and 0 interrupted iterations
openloop_spike   [  72% ] 005/225 VUs  08m41.7s/12m0s  30.00 iters/s

running (09m10.9s), 003/225 VUs, 12176 complete and 0 interrupted iterations
openloop_spike   [  73% ] 003/225 VUs  08m42.7s/12m0s  30.00 iters/s

running (09m11.9s), 003/225 VUs, 12206 complete and 0 interrupted iterations
openloop_spike   [  73% ] 003/225 VUs  08m43.7s/12m0s  30.00 iters/s

running (09m12.9s), 002/225 VUs, 12237 complete and 0 interrupted iterations
openloop_spike   [  73% ] 002/225 VUs  08m44.7s/12m0s  30.00 iters/s

running (09m13.9s), 003/225 VUs, 12266 complete and 0 interrupted iterations
openloop_spike   [  73% ] 003/225 VUs  08m45.7s/12m0s  30.00 iters/s

running (09m14.9s), 002/225 VUs, 12297 complete and 0 interrupted iterations
openloop_spike   [  73% ] 002/225 VUs  08m46.7s/12m0s  30.00 iters/s

running (09m15.9s), 003/225 VUs, 12326 complete and 0 interrupted iterations
openloop_spike   [  73% ] 003/225 VUs  08m47.7s/12m0s  30.00 iters/s

running (09m16.9s), 005/225 VUs, 12354 complete and 0 interrupted iterations
openloop_spike   [  73% ] 005/225 VUs  08m48.7s/12m0s  30.00 iters/s

running (09m17.9s), 003/225 VUs, 12386 complete and 0 interrupted iterations
openloop_spike   [  74% ] 003/225 VUs  08m49.7s/12m0s  30.00 iters/s

running (09m18.9s), 003/225 VUs, 12416 complete and 0 interrupted iterations
openloop_spike   [  74% ] 003/225 VUs  08m50.7s/12m0s  30.00 iters/s

running (09m19.9s), 003/225 VUs, 12446 complete and 0 interrupted iterations
openloop_spike   [  74% ] 003/225 VUs  08m51.7s/12m0s  30.00 iters/s

running (09m20.9s), 004/225 VUs, 12475 complete and 0 interrupted iterations
openloop_spike   [  74% ] 004/225 VUs  08m52.7s/12m0s  30.00 iters/s

running (09m21.9s), 003/225 VUs, 12506 complete and 0 interrupted iterations
openloop_spike   [  74% ] 003/225 VUs  08m53.7s/12m0s  30.00 iters/s

running (09m22.9s), 004/225 VUs, 12535 complete and 0 interrupted iterations
openloop_spike   [  74% ] 004/225 VUs  08m54.7s/12m0s  30.00 iters/s

running (09m23.9s), 004/225 VUs, 12565 complete and 0 interrupted iterations
openloop_spike   [  74% ] 004/225 VUs  08m55.7s/12m0s  30.00 iters/s

running (09m24.9s), 004/225 VUs, 12595 complete and 0 interrupted iterations
openloop_spike   [  75% ] 004/225 VUs  08m56.7s/12m0s  30.00 iters/s

running (09m25.9s), 003/225 VUs, 12626 complete and 0 interrupted iterations
openloop_spike   [  75% ] 003/225 VUs  08m57.7s/12m0s  30.00 iters/s

running (09m26.9s), 003/225 VUs, 12656 complete and 0 interrupted iterations
openloop_spike   [  75% ] 003/225 VUs  08m58.7s/12m0s  30.00 iters/s

running (09m27.9s), 004/225 VUs, 12685 complete and 0 interrupted iterations
openloop_spike   [  75% ] 004/225 VUs  08m59.7s/12m0s  30.00 iters/s

running (09m28.9s), 002/225 VUs, 12717 complete and 0 interrupted iterations
openloop_spike   [  75% ] 002/225 VUs  09m00.7s/12m0s  29.89 iters/s

running (09m29.9s), 005/225 VUs, 12744 complete and 0 interrupted iterations
openloop_spike   [  75% ] 005/225 VUs  09m01.7s/12m0s  29.72 iters/s

running (09m30.9s), 004/225 VUs, 12775 complete and 0 interrupted iterations
openloop_spike   [  75% ] 004/225 VUs  09m02.7s/12m0s  29.56 iters/s

running (09m31.9s), 006/225 VUs, 12802 complete and 0 interrupted iterations
openloop_spike   [  76% ] 006/225 VUs  09m03.7s/12m0s  29.39 iters/s

running (09m32.9s), 003/225 VUs, 12835 complete and 0 interrupted iterations
openloop_spike   [  76% ] 003/225 VUs  09m04.7s/12m0s  29.22 iters/s

running (09m33.9s), 007/225 VUs, 12860 complete and 0 interrupted iterations
openloop_spike   [  76% ] 007/225 VUs  09m05.7s/12m0s  29.05 iters/s

running (09m34.9s), 001/225 VUs, 12895 complete and 0 interrupted iterations
openloop_spike   [  76% ] 001/225 VUs  09m06.7s/12m0s  28.89 iters/s

running (09m35.9s), 004/225 VUs, 12921 complete and 0 interrupted iterations
openloop_spike   [  76% ] 004/225 VUs  09m07.7s/12m0s  28.72 iters/s

running (09m36.9s), 005/225 VUs, 12948 complete and 0 interrupted iterations
openloop_spike   [  76% ] 005/225 VUs  09m08.7s/12m0s  28.56 iters/s

running (09m37.9s), 006/225 VUs, 12976 complete and 0 interrupted iterations
openloop_spike   [  76% ] 006/225 VUs  09m09.7s/12m0s  28.39 iters/s

running (09m38.9s), 003/225 VUs, 13007 complete and 0 interrupted iterations
openloop_spike   [  76% ] 003/225 VUs  09m10.7s/12m0s  28.22 iters/s

running (09m39.9s), 002/225 VUs, 13036 complete and 0 interrupted iterations
openloop_spike   [  77% ] 002/225 VUs  09m11.7s/12m0s  28.06 iters/s

running (09m40.9s), 000/225 VUs, 13066 complete and 0 interrupted iterations
openloop_spike   [  77% ] 000/225 VUs  09m12.7s/12m0s  27.89 iters/s

running (09m41.9s), 005/225 VUs, 13089 complete and 0 interrupted iterations
openloop_spike   [  77% ] 005/225 VUs  09m13.7s/12m0s  27.72 iters/s

running (09m42.9s), 003/225 VUs, 13119 complete and 0 interrupted iterations
openloop_spike   [  77% ] 003/225 VUs  09m14.7s/12m0s  27.55 iters/s

running (09m43.9s), 002/225 VUs, 13147 complete and 0 interrupted iterations
openloop_spike   [  77% ] 002/225 VUs  09m15.7s/12m0s  27.39 iters/s

running (09m44.9s), 001/225 VUs, 13175 complete and 0 interrupted iterations
openloop_spike   [  77% ] 001/225 VUs  09m16.7s/12m0s  27.22 iters/s

running (09m45.9s), 006/225 VUs, 13197 complete and 0 interrupted iterations
openloop_spike   [  77% ] 006/225 VUs  09m17.7s/12m0s  27.06 iters/s

running (09m46.9s), 006/225 VUs, 13224 complete and 0 interrupted iterations
openloop_spike   [  78% ] 006/225 VUs  09m18.7s/12m0s  26.89 iters/s

running (09m47.9s), 007/225 VUs, 13250 complete and 0 interrupted iterations
openloop_spike   [  78% ] 007/225 VUs  09m19.7s/12m0s  26.72 iters/s

running (09m48.9s), 004/225 VUs, 13280 complete and 0 interrupted iterations
openloop_spike   [  78% ] 004/225 VUs  09m20.7s/12m0s  26.55 iters/s

running (09m49.9s), 005/225 VUs, 13305 complete and 0 interrupted iterations
openloop_spike   [  78% ] 005/225 VUs  09m21.7s/12m0s  26.39 iters/s

running (09m50.9s), 004/225 VUs, 13333 complete and 0 interrupted iterations
openloop_spike   [  78% ] 004/225 VUs  09m22.7s/12m0s  26.22 iters/s

running (09m51.9s), 001/225 VUs, 13362 complete and 0 interrupted iterations
openloop_spike   [  78% ] 001/225 VUs  09m23.7s/12m0s  26.05 iters/s

running (09m52.9s), 004/225 VUs, 13385 complete and 0 interrupted iterations
openloop_spike   [  78% ] 004/225 VUs  09m24.7s/12m0s  25.89 iters/s

running (09m53.9s), 005/225 VUs, 13410 complete and 0 interrupted iterations
openloop_spike   [  79% ] 005/225 VUs  09m25.7s/12m0s  25.72 iters/s

running (09m54.9s), 002/225 VUs, 13438 complete and 0 interrupted iterations
openloop_spike   [  79% ] 002/225 VUs  09m26.7s/12m0s  25.56 iters/s

running (09m55.9s), 007/225 VUs, 13459 complete and 0 interrupted iterations
openloop_spike   [  79% ] 007/225 VUs  09m27.7s/12m0s  25.39 iters/s

running (09m56.9s), 002/225 VUs, 13489 complete and 0 interrupted iterations
openloop_spike   [  79% ] 002/225 VUs  09m28.7s/12m0s  25.22 iters/s

running (09m57.9s), 004/225 VUs, 13512 complete and 0 interrupted iterations
openloop_spike   [  79% ] 004/225 VUs  09m29.7s/12m0s  25.06 iters/s

running (09m58.9s), 003/225 VUs, 13538 complete and 0 interrupted iterations
openloop_spike   [  79% ] 003/225 VUs  09m30.7s/12m0s  24.89 iters/s

running (09m59.9s), 002/225 VUs, 13564 complete and 0 interrupted iterations
openloop_spike   [  79% ] 002/225 VUs  09m31.7s/12m0s  24.72 iters/s

running (10m00.9s), 003/225 VUs, 13588 complete and 0 interrupted iterations
openloop_spike   [  80% ] 003/225 VUs  09m32.7s/12m0s  24.55 iters/s

running (10m01.9s), 004/225 VUs, 13611 complete and 0 interrupted iterations
openloop_spike   [  80% ] 004/225 VUs  09m33.7s/12m0s  24.39 iters/s

running (10m02.9s), 000/225 VUs, 13639 complete and 0 interrupted iterations
openloop_spike   [  80% ] 000/225 VUs  09m34.7s/12m0s  24.22 iters/s

running (10m03.9s), 001/225 VUs, 13662 complete and 0 interrupted iterations
openloop_spike   [  80% ] 001/225 VUs  09m35.7s/12m0s  24.06 iters/s

running (10m04.9s), 005/225 VUs, 13682 complete and 0 interrupted iterations
openloop_spike   [  80% ] 005/225 VUs  09m36.7s/12m0s  23.89 iters/s

running (10m05.9s), 002/225 VUs, 13709 complete and 0 interrupted iterations
openloop_spike   [  80% ] 002/225 VUs  09m37.7s/12m0s  23.72 iters/s

running (10m06.9s), 002/225 VUs, 13733 complete and 0 interrupted iterations
openloop_spike   [  80% ] 002/225 VUs  09m38.7s/12m0s  23.55 iters/s

running (10m07.9s), 006/225 VUs, 13752 complete and 0 interrupted iterations
openloop_spike   [  81% ] 006/225 VUs  09m39.7s/12m0s  23.39 iters/s

running (10m08.9s), 002/225 VUs, 13780 complete and 0 interrupted iterations
openloop_spike   [  81% ] 002/225 VUs  09m40.7s/12m0s  23.22 iters/s

running (10m09.9s), 005/225 VUs, 13800 complete and 0 interrupted iterations
openloop_spike   [  81% ] 005/225 VUs  09m41.7s/12m0s  23.05 iters/s

running (10m10.9s), 006/225 VUs, 13822 complete and 0 interrupted iterations
openloop_spike   [  81% ] 006/225 VUs  09m42.7s/12m0s  22.89 iters/s

running (10m11.9s), 008/225 VUs, 13843 complete and 0 interrupted iterations
openloop_spike   [  81% ] 008/225 VUs  09m43.7s/12m0s  22.72 iters/s

running (10m12.9s), 003/225 VUs, 13870 complete and 0 interrupted iterations
openloop_spike   [  81% ] 003/225 VUs  09m44.7s/12m0s  22.56 iters/s

running (10m13.9s), 002/225 VUs, 13894 complete and 0 interrupted iterations
openloop_spike   [  81% ] 002/225 VUs  09m45.7s/12m0s  22.39 iters/s

running (10m14.9s), 000/225 VUs, 13918 complete and 0 interrupted iterations
openloop_spike   [  81% ] 000/225 VUs  09m46.7s/12m0s  22.22 iters/s

running (10m15.9s), 003/225 VUs, 13937 complete and 0 interrupted iterations
openloop_spike   [  82% ] 003/225 VUs  09m47.7s/12m0s  22.06 iters/s

running (10m16.9s), 001/225 VUs, 13961 complete and 0 interrupted iterations
openloop_spike   [  82% ] 001/225 VUs  09m48.7s/12m0s  21.89 iters/s

running (10m17.9s), 002/225 VUs, 13982 complete and 0 interrupted iterations
openloop_spike   [  82% ] 002/225 VUs  09m49.7s/12m0s  21.72 iters/s

running (10m18.9s), 003/225 VUs, 14003 complete and 0 interrupted iterations
openloop_spike   [  82% ] 003/225 VUs  09m50.7s/12m0s  21.55 iters/s

running (10m19.9s), 001/225 VUs, 14026 complete and 0 interrupted iterations
openloop_spike   [  82% ] 001/225 VUs  09m51.7s/12m0s  21.39 iters/s

running (10m20.9s), 000/225 VUs, 14048 complete and 0 interrupted iterations
openloop_spike   [  82% ] 000/225 VUs  09m52.7s/12m0s  21.22 iters/s

running (10m21.9s), 002/225 VUs, 14067 complete and 0 interrupted iterations
openloop_spike   [  82% ] 002/225 VUs  09m53.7s/12m0s  21.06 iters/s

running (10m22.9s), 001/225 VUs, 14089 complete and 0 interrupted iterations
openloop_spike   [  83% ] 001/225 VUs  09m54.7s/12m0s  20.89 iters/s

running (10m23.9s), 000/225 VUs, 14111 complete and 0 interrupted iterations
openloop_spike   [  83% ] 000/225 VUs  09m55.7s/12m0s  20.72 iters/s

running (10m24.9s), 002/225 VUs, 14130 complete and 0 interrupted iterations
openloop_spike   [  83% ] 002/225 VUs  09m56.7s/12m0s  20.55 iters/s

running (10m25.9s), 001/225 VUs, 14151 complete and 0 interrupted iterations
openloop_spike   [  83% ] 001/225 VUs  09m57.7s/12m0s  20.39 iters/s

running (10m26.9s), 002/225 VUs, 14171 complete and 0 interrupted iterations
openloop_spike   [  83% ] 002/225 VUs  09m58.7s/12m0s  20.22 iters/s

running (10m27.9s), 003/225 VUs, 14190 complete and 0 interrupted iterations
openloop_spike   [  83% ] 003/225 VUs  09m59.7s/12m0s  20.05 iters/s

running (10m28.9s), 005/225 VUs, 14208 complete and 0 interrupted iterations
openloop_spike   [  83% ] 005/225 VUs  10m00.7s/12m0s  19.89 iters/s

running (10m29.9s), 006/225 VUs, 14227 complete and 0 interrupted iterations
openloop_spike   [  84% ] 006/225 VUs  10m01.7s/12m0s  19.72 iters/s

running (10m30.9s), 005/225 VUs, 14247 complete and 0 interrupted iterations
openloop_spike   [  84% ] 005/225 VUs  10m02.7s/12m0s  19.56 iters/s

running (10m31.9s), 003/225 VUs, 14269 complete and 0 interrupted iterations
openloop_spike   [  84% ] 003/225 VUs  10m03.7s/12m0s  19.39 iters/s

running (10m32.9s), 002/225 VUs, 14289 complete and 0 interrupted iterations
openloop_spike   [  84% ] 002/225 VUs  10m04.7s/12m0s  19.22 iters/s

running (10m33.9s), 002/225 VUs, 14308 complete and 0 interrupted iterations
openloop_spike   [  84% ] 002/225 VUs  10m05.7s/12m0s  19.06 iters/s

running (10m34.9s), 000/225 VUs, 14329 complete and 0 interrupted iterations
openloop_spike   [  84% ] 000/225 VUs  10m06.7s/12m0s  18.89 iters/s

running (10m35.9s), 002/225 VUs, 14346 complete and 0 interrupted iterations
openloop_spike   [  84% ] 002/225 VUs  10m07.7s/12m0s  18.72 iters/s

running (10m36.9s), 002/225 VUs, 14365 complete and 0 interrupted iterations
openloop_spike   [  85% ] 002/225 VUs  10m08.7s/12m0s  18.55 iters/s

running (10m37.9s), 001/225 VUs, 14384 complete and 0 interrupted iterations
openloop_spike   [  85% ] 001/225 VUs  10m09.7s/12m0s  18.39 iters/s

running (10m38.9s), 001/225 VUs, 14402 complete and 0 interrupted iterations
openloop_spike   [  85% ] 001/225 VUs  10m10.7s/12m0s  18.23 iters/s

running (10m39.9s), 002/225 VUs, 14419 complete and 0 interrupted iterations
openloop_spike   [  85% ] 002/225 VUs  10m11.7s/12m0s  18.06 iters/s

running (10m40.9s), 000/225 VUs, 14439 complete and 0 interrupted iterations
openloop_spike   [  85% ] 000/225 VUs  10m12.7s/12m0s  17.89 iters/s

running (10m41.9s), 001/225 VUs, 14456 complete and 0 interrupted iterations
openloop_spike   [  85% ] 001/225 VUs  10m13.7s/12m0s  17.72 iters/s

running (10m42.9s), 004/225 VUs, 14471 complete and 0 interrupted iterations
openloop_spike   [  85% ] 004/225 VUs  10m14.7s/12m0s  17.55 iters/s

running (10m43.9s), 001/225 VUs, 14491 complete and 0 interrupted iterations
openloop_spike   [  86% ] 001/225 VUs  10m15.7s/12m0s  17.39 iters/s

running (10m44.9s), 001/225 VUs, 14509 complete and 0 interrupted iterations
openloop_spike   [  86% ] 001/225 VUs  10m16.7s/12m0s  17.22 iters/s

running (10m45.9s), 000/225 VUs, 14527 complete and 0 interrupted iterations
openloop_spike   [  86% ] 000/225 VUs  10m17.7s/12m0s  17.05 iters/s

running (10m46.9s), 001/225 VUs, 14543 complete and 0 interrupted iterations
openloop_spike   [  86% ] 001/225 VUs  10m18.7s/12m0s  16.89 iters/s

running (10m47.9s), 002/225 VUs, 14559 complete and 0 interrupted iterations
openloop_spike   [  86% ] 002/225 VUs  10m19.7s/12m0s  16.72 iters/s

running (10m48.9s), 000/225 VUs, 14577 complete and 0 interrupted iterations
openloop_spike   [  86% ] 000/225 VUs  10m20.7s/12m0s  16.56 iters/s

running (10m49.9s), 000/225 VUs, 14594 complete and 0 interrupted iterations
openloop_spike   [  86% ] 000/225 VUs  10m21.7s/12m0s  16.39 iters/s

running (10m50.9s), 002/225 VUs, 14608 complete and 0 interrupted iterations
openloop_spike   [  86% ] 002/225 VUs  10m22.7s/12m0s  16.22 iters/s

running (10m51.9s), 000/225 VUs, 14626 complete and 0 interrupted iterations
openloop_spike   [  87% ] 000/225 VUs  10m23.7s/12m0s  16.06 iters/s

running (10m52.9s), 000/225 VUs, 14642 complete and 0 interrupted iterations
openloop_spike   [  87% ] 000/225 VUs  10m24.7s/12m0s  15.89 iters/s

running (10m53.9s), 000/225 VUs, 14658 complete and 0 interrupted iterations
openloop_spike   [  87% ] 000/225 VUs  10m25.7s/12m0s  15.72 iters/s

running (10m54.9s), 002/225 VUs, 14672 complete and 0 interrupted iterations
openloop_spike   [  87% ] 002/225 VUs  10m26.7s/12m0s  15.55 iters/s

running (10m55.9s), 000/225 VUs, 14689 complete and 0 interrupted iterations
openloop_spike   [  87% ] 000/225 VUs  10m27.7s/12m0s  15.39 iters/s

running (10m56.9s), 000/225 VUs, 14704 complete and 0 interrupted iterations
openloop_spike   [  87% ] 000/225 VUs  10m28.7s/12m0s  15.23 iters/s

running (10m57.9s), 001/225 VUs, 14718 complete and 0 interrupted iterations
openloop_spike   [  87% ] 001/225 VUs  10m29.7s/12m0s  15.06 iters/s

running (10m58.9s), 002/225 VUs, 14732 complete and 0 interrupted iterations
openloop_spike   [  88% ] 002/225 VUs  10m30.7s/12m0s  14.89 iters/s

running (10m59.9s), 000/225 VUs, 14749 complete and 0 interrupted iterations
openloop_spike   [  88% ] 000/225 VUs  10m31.7s/12m0s  14.73 iters/s

running (11m00.9s), 001/225 VUs, 14763 complete and 0 interrupted iterations
openloop_spike   [  88% ] 001/225 VUs  10m32.7s/12m0s  14.55 iters/s

running (11m01.9s), 004/225 VUs, 14774 complete and 0 interrupted iterations
openloop_spike   [  88% ] 004/225 VUs  10m33.7s/12m0s  14.39 iters/s

running (11m02.9s), 000/225 VUs, 14793 complete and 0 interrupted iterations
openloop_spike   [  88% ] 000/225 VUs  10m34.7s/12m0s  14.22 iters/s

running (11m03.9s), 001/225 VUs, 14806 complete and 0 interrupted iterations
openloop_spike   [  88% ] 001/225 VUs  10m35.7s/12m0s  14.05 iters/s

running (11m04.9s), 003/225 VUs, 14818 complete and 0 interrupted iterations
openloop_spike   [  88% ] 003/225 VUs  10m36.7s/12m0s  13.89 iters/s

running (11m05.9s), 000/225 VUs, 14835 complete and 0 interrupted iterations
openloop_spike   [  89% ] 000/225 VUs  10m37.7s/12m0s  13.72 iters/s

running (11m06.9s), 000/225 VUs, 14848 complete and 0 interrupted iterations
openloop_spike   [  89% ] 000/225 VUs  10m38.7s/12m0s  13.56 iters/s

running (11m07.9s), 004/225 VUs, 14858 complete and 0 interrupted iterations
openloop_spike   [  89% ] 004/225 VUs  10m39.7s/12m0s  13.39 iters/s

running (11m08.9s), 001/225 VUs, 14874 complete and 0 interrupted iterations
openloop_spike   [  89% ] 001/225 VUs  10m40.7s/12m0s  13.22 iters/s

running (11m09.9s), 000/225 VUs, 14888 complete and 0 interrupted iterations
openloop_spike   [  89% ] 000/225 VUs  10m41.7s/12m0s  13.06 iters/s

running (11m10.9s), 000/225 VUs, 14901 complete and 0 interrupted iterations
openloop_spike   [  89% ] 000/225 VUs  10m42.7s/12m0s  12.89 iters/s

running (11m11.9s), 001/225 VUs, 14913 complete and 0 interrupted iterations
openloop_spike   [  89% ] 001/225 VUs  10m43.7s/12m0s  12.72 iters/s

running (11m12.9s), 003/225 VUs, 14924 complete and 0 interrupted iterations
openloop_spike   [  90% ] 003/225 VUs  10m44.7s/12m0s  12.55 iters/s

running (11m13.9s), 000/225 VUs, 14939 complete and 0 interrupted iterations
openloop_spike   [  90% ] 000/225 VUs  10m45.7s/12m0s  12.39 iters/s

running (11m14.9s), 000/225 VUs, 14951 complete and 0 interrupted iterations
openloop_spike   [  90% ] 000/225 VUs  10m46.7s/12m0s  12.23 iters/s

running (11m15.9s), 002/225 VUs, 14961 complete and 0 interrupted iterations
openloop_spike   [  90% ] 002/225 VUs  10m47.7s/12m0s  12.06 iters/s

running (11m16.9s), 000/225 VUs, 14975 complete and 0 interrupted iterations
openloop_spike   [  90% ] 000/225 VUs  10m48.7s/12m0s  11.90 iters/s

running (11m17.9s), 001/225 VUs, 14986 complete and 0 interrupted iterations
openloop_spike   [  90% ] 001/225 VUs  10m49.7s/12m0s  11.73 iters/s

running (11m18.9s), 002/225 VUs, 14997 complete and 0 interrupted iterations
openloop_spike   [  90% ] 002/225 VUs  10m50.7s/12m0s  11.55 iters/s

running (11m19.9s), 002/225 VUs, 15008 complete and 0 interrupted iterations
openloop_spike   [  91% ] 002/225 VUs  10m51.7s/12m0s  11.39 iters/s

running (11m20.9s), 002/225 VUs, 15020 complete and 0 interrupted iterations
openloop_spike   [  91% ] 002/225 VUs  10m52.7s/12m0s  11.22 iters/s

running (11m21.9s), 000/225 VUs, 15033 complete and 0 interrupted iterations
openloop_spike   [  91% ] 000/225 VUs  10m53.7s/12m0s  11.05 iters/s

running (11m22.9s), 000/225 VUs, 15044 complete and 0 interrupted iterations
openloop_spike   [  91% ] 000/225 VUs  10m54.7s/12m0s  10.89 iters/s

running (11m23.9s), 001/225 VUs, 15054 complete and 0 interrupted iterations
openloop_spike   [  91% ] 001/225 VUs  10m55.7s/12m0s  10.72 iters/s

running (11m24.9s), 001/225 VUs, 15064 complete and 0 interrupted iterations
openloop_spike   [  91% ] 001/225 VUs  10m56.7s/12m0s  10.56 iters/s

running (11m25.9s), 000/225 VUs, 15076 complete and 0 interrupted iterations
openloop_spike   [  91% ] 000/225 VUs  10m57.7s/12m0s  10.38 iters/s

running (11m26.9s), 001/225 VUs, 15085 complete and 0 interrupted iterations
openloop_spike   [  91% ] 001/225 VUs  10m58.7s/12m0s  10.22 iters/s

running (11m27.9s), 002/225 VUs, 15094 complete and 0 interrupted iterations
openloop_spike   [  92% ] 002/225 VUs  10m59.7s/12m0s  10.06 iters/s

running (11m28.9s), 002/225 VUs, 15104 complete and 0 interrupted iterations
openloop_spike   [  92% ] 002/225 VUs  11m00.7s/12m0s  09.89 iters/s

running (11m29.9s), 001/225 VUs, 15115 complete and 0 interrupted iterations
openloop_spike   [  92% ] 001/225 VUs  11m01.7s/12m0s  09.72 iters/s

running (11m30.9s), 001/225 VUs, 15125 complete and 0 interrupted iterations
openloop_spike   [  92% ] 001/225 VUs  11m02.7s/12m0s  09.55 iters/s

running (11m31.9s), 002/225 VUs, 15133 complete and 0 interrupted iterations
openloop_spike   [  92% ] 002/225 VUs  11m03.7s/12m0s  09.39 iters/s

running (11m32.9s), 000/225 VUs, 15144 complete and 0 interrupted iterations
openloop_spike   [  92% ] 000/225 VUs  11m04.7s/12m0s  09.23 iters/s

running (11m33.9s), 000/225 VUs, 15153 complete and 0 interrupted iterations
openloop_spike   [  92% ] 000/225 VUs  11m05.7s/12m0s  09.06 iters/s

running (11m34.9s), 002/225 VUs, 15160 complete and 0 interrupted iterations
openloop_spike   [  93% ] 002/225 VUs  11m06.7s/12m0s  08.90 iters/s

running (11m35.9s), 000/225 VUs, 15171 complete and 0 interrupted iterations
openloop_spike   [  93% ] 000/225 VUs  11m07.7s/12m0s  08.73 iters/s

running (11m36.9s), 001/225 VUs, 15179 complete and 0 interrupted iterations
openloop_spike   [  93% ] 001/225 VUs  11m08.7s/12m0s  08.55 iters/s

running (11m37.9s), 000/225 VUs, 15188 complete and 0 interrupted iterations
openloop_spike   [  93% ] 000/225 VUs  11m09.7s/12m0s  08.40 iters/s

running (11m38.9s), 000/225 VUs, 15197 complete and 0 interrupted iterations
openloop_spike   [  93% ] 000/225 VUs  11m10.7s/12m0s  08.22 iters/s

running (11m39.9s), 000/225 VUs, 15205 complete and 0 interrupted iterations
openloop_spike   [  93% ] 000/225 VUs  11m11.7s/12m0s  08.05 iters/s

running (11m40.9s), 000/225 VUs, 15213 complete and 0 interrupted iterations
openloop_spike   [  93% ] 000/225 VUs  11m12.7s/12m0s  07.88 iters/s

running (11m41.9s), 002/225 VUs, 15219 complete and 0 interrupted iterations
openloop_spike   [  94% ] 002/225 VUs  11m13.7s/12m0s  07.71 iters/s

running (11m42.9s), 000/225 VUs, 15228 complete and 0 interrupted iterations
openloop_spike   [  94% ] 000/225 VUs  11m14.7s/12m0s  07.56 iters/s

running (11m43.9s), 002/225 VUs, 15234 complete and 0 interrupted iterations
openloop_spike   [  94% ] 002/225 VUs  11m15.7s/12m0s  07.38 iters/s

running (11m44.9s), 002/225 VUs, 15241 complete and 0 interrupted iterations
openloop_spike   [  94% ] 002/225 VUs  11m16.7s/12m0s  07.22 iters/s

running (11m45.9s), 000/225 VUs, 15250 complete and 0 interrupted iterations
openloop_spike   [  94% ] 000/225 VUs  11m17.7s/12m0s  07.06 iters/s

running (11m46.9s), 000/225 VUs, 15257 complete and 0 interrupted iterations
openloop_spike   [  94% ] 000/225 VUs  11m18.7s/12m0s  06.89 iters/s

running (11m47.9s), 000/225 VUs, 15264 complete and 0 interrupted iterations
openloop_spike   [  94% ] 000/225 VUs  11m19.7s/12m0s  06.72 iters/s

running (11m48.9s), 000/225 VUs, 15271 complete and 0 interrupted iterations
openloop_spike   [  95% ] 000/225 VUs  11m20.7s/12m0s  06.54 iters/s

running (11m49.9s), 000/225 VUs, 15277 complete and 0 interrupted iterations
openloop_spike   [  95% ] 000/225 VUs  11m21.7s/12m0s  06.39 iters/s

running (11m50.9s), 000/225 VUs, 15283 complete and 0 interrupted iterations
openloop_spike   [  95% ] 000/225 VUs  11m22.7s/12m0s  06.23 iters/s

running (11m51.9s), 000/225 VUs, 15289 complete and 0 interrupted iterations
openloop_spike   [  95% ] 000/225 VUs  11m23.7s/12m0s  06.07 iters/s

running (11m52.9s), 000/225 VUs, 15295 complete and 0 interrupted iterations
openloop_spike   [  95% ] 000/225 VUs  11m24.7s/12m0s  05.90 iters/s

running (11m53.9s), 000/225 VUs, 15301 complete and 0 interrupted iterations
openloop_spike   [  95% ] 000/225 VUs  11m25.7s/12m0s  05.73 iters/s

running (11m54.9s), 001/225 VUs, 15306 complete and 0 interrupted iterations
openloop_spike   [  95% ] 001/225 VUs  11m26.7s/12m0s  05.55 iters/s

running (11m55.9s), 000/225 VUs, 15312 complete and 0 interrupted iterations
openloop_spike   [  96% ] 000/225 VUs  11m27.7s/12m0s  05.40 iters/s

running (11m56.9s), 000/225 VUs, 15318 complete and 0 interrupted iterations
openloop_spike   [  96% ] 000/225 VUs  11m28.7s/12m0s  05.21 iters/s

running (11m57.9s), 000/225 VUs, 15323 complete and 0 interrupted iterations
openloop_spike   [  96% ] 000/225 VUs  11m29.7s/12m0s  05.05 iters/s

running (11m58.9s), 000/225 VUs, 15328 complete and 0 interrupted iterations
openloop_spike   [  96% ] 000/225 VUs  11m30.7s/12m0s  04.88 iters/s

running (11m59.9s), 000/225 VUs, 15333 complete and 0 interrupted iterations
openloop_spike   [  96% ] 000/225 VUs  11m31.7s/12m0s  04.71 iters/s

running (12m00.9s), 000/225 VUs, 15337 complete and 0 interrupted iterations
openloop_spike   [  96% ] 000/225 VUs  11m32.7s/12m0s  04.56 iters/s

running (12m01.9s), 001/225 VUs, 15341 complete and 0 interrupted iterations
openloop_spike   [  96% ] 001/225 VUs  11m33.7s/12m0s  04.38 iters/s

running (12m02.9s), 001/225 VUs, 15345 complete and 0 interrupted iterations
openloop_spike   [  96% ] 001/225 VUs  11m34.7s/12m0s  04.22 iters/s

running (12m03.9s), 000/225 VUs, 15350 complete and 0 interrupted iterations
openloop_spike   [  97% ] 000/225 VUs  11m35.7s/12m0s  04.06 iters/s

running (12m04.9s), 000/225 VUs, 15354 complete and 0 interrupted iterations
openloop_spike   [  97% ] 000/225 VUs  11m36.7s/12m0s  03.89 iters/s

running (12m05.9s), 000/225 VUs, 15358 complete and 0 interrupted iterations
openloop_spike   [  97% ] 000/225 VUs  11m37.7s/12m0s  03.72 iters/s

running (12m06.9s), 000/225 VUs, 15362 complete and 0 interrupted iterations
openloop_spike   [  97% ] 000/225 VUs  11m38.7s/12m0s  03.54 iters/s

running (12m07.9s), 001/225 VUs, 15364 complete and 0 interrupted iterations
openloop_spike   [  97% ] 001/225 VUs  11m39.7s/12m0s  03.39 iters/s

running (12m08.9s), 000/225 VUs, 15368 complete and 0 interrupted iterations
openloop_spike   [  97% ] 000/225 VUs  11m40.7s/12m0s  03.24 iters/s

running (12m09.9s), 000/225 VUs, 15371 complete and 0 interrupted iterations
openloop_spike   [  97% ] 000/225 VUs  11m41.7s/12m0s  03.08 iters/s

running (12m10.9s), 000/225 VUs, 15374 complete and 0 interrupted iterations
openloop_spike   [  98% ] 000/225 VUs  11m42.7s/12m0s  02.92 iters/s

running (12m11.9s), 000/225 VUs, 15377 complete and 0 interrupted iterations
openloop_spike   [  98% ] 000/225 VUs  11m43.7s/12m0s  02.74 iters/s

running (12m12.9s), 000/225 VUs, 15380 complete and 0 interrupted iterations
openloop_spike   [  98% ] 000/225 VUs  11m44.7s/12m0s  02.55 iters/s

running (12m13.9s), 000/225 VUs, 15382 complete and 0 interrupted iterations
openloop_spike   [  98% ] 000/225 VUs  11m45.7s/12m0s  02.41 iters/s

running (12m14.9s), 000/225 VUs, 15385 complete and 0 interrupted iterations
openloop_spike   [  98% ] 000/225 VUs  11m46.7s/12m0s  02.20 iters/s

running (12m15.9s), 000/225 VUs, 15387 complete and 0 interrupted iterations
openloop_spike   [  98% ] 000/225 VUs  11m47.7s/12m0s  02.04 iters/s

running (12m16.9s), 000/225 VUs, 15389 complete and 0 interrupted iterations
openloop_spike   [  98% ] 000/225 VUs  11m48.7s/12m0s  01.87 iters/s

running (12m17.9s), 000/225 VUs, 15391 complete and 0 interrupted iterations
openloop_spike   [  99% ] 000/225 VUs  11m49.7s/12m0s  01.68 iters/s

running (12m18.9s), 000/225 VUs, 15392 complete and 0 interrupted iterations
openloop_spike   [  99% ] 000/225 VUs  11m50.7s/12m0s  01.58 iters/s

running (12m19.9s), 000/225 VUs, 15394 complete and 0 interrupted iterations
openloop_spike   [  99% ] 000/225 VUs  11m51.7s/12m0s  01.35 iters/s

running (12m20.9s), 000/225 VUs, 15395 complete and 0 interrupted iterations
openloop_spike   [  99% ] 000/225 VUs  11m52.7s/12m0s  01.22 iters/s

running (12m21.9s), 000/225 VUs, 15396 complete and 0 interrupted iterations
openloop_spike   [  99% ] 000/225 VUs  11m53.7s/12m0s  01.08 iters/s

running (12m22.9s), 000/225 VUs, 15397 complete and 0 interrupted iterations
openloop_spike   [  99% ] 000/225 VUs  11m54.7s/12m0s  00.91 iters/s

running (12m23.9s), 000/225 VUs, 15398 complete and 0 interrupted iterations
openloop_spike   [  99% ] 000/225 VUs  11m55.7s/12m0s  00.70 iters/s

running (12m24.9s), 001/225 VUs, 15398 complete and 0 interrupted iterations
openloop_spike   [ 100% ] 001/225 VUs  11m56.7s/12m0s  00.70 iters/s

     ✗ login status is 200
      ↳  90% — ✓ 4144 / ✗ 450
     ✗ login returns access token
      ↳  90% — ✓ 4144 / ✗ 450
     ✗ login response time < 1000ms
      ↳  78% — ✓ 3593 / ✗ 1001
     ✗ me status is 200
      ↳  92% — ✓ 10017 / ✗ 788
     ✗ me returns user data
      ↳  92% — ✓ 10017 / ✗ 788
     ✗ me response time < 500ms
      ↳  88% — ✓ 9559 / ✗ 1246

     █ setup

     checks.........................: 89.77% ✓ 41474     ✗ 4723 
     data_received..................: 7.5 MB 10 kB/s
     data_sent......................: 7.7 MB 10 kB/s
     http_req_blocked...............: avg=1.07ms   min=124.59µs med=1.09ms  max=25.98ms  p(90)=1.36ms   p(95)=1.55ms   p(99)=3.78ms 
     http_req_connecting............: avg=1.02ms   min=98.85µs  med=1.05ms  max=25.93ms  p(90)=1.31ms   p(95)=1.49ms   p(99)=3.71ms 
     http_req_duration..............: avg=641.08ms min=2.48ms   med=15.17ms max=5s       p(90)=4.06s    p(95)=4.99s    p(99)=4.99s  
       { expected_response:true }...: avg=263.28ms min=2.48ms   med=11.02ms max=4.99s    p(90)=598.26ms p(95)=1.38s    p(99)=4.69s  
     http_req_failed................: 7.97%  ✓ 1238      ✗ 14281
     http_req_receiving.............: avg=1.45ms   min=0s       med=78.94µs max=907.19ms p(90)=171.31µs p(95)=334.24µs p(99)=54.69ms
     http_req_sending...............: avg=43.44µs  min=14.41µs  med=41.83µs max=7.19ms   p(90)=58.11µs  p(95)=63.8µs   p(99)=77.08µs
     http_req_tls_handshaking.......: avg=0s       min=0s       med=0s      max=0s       p(90)=0s       p(95)=0s       p(99)=0s     
     http_req_waiting...............: avg=639.58ms min=2.37ms   med=14.87ms max=5s       p(90)=4.03s    p(95)=4.99s    p(99)=4.99s  
     http_reqs......................: 15519  20.824154/s
     iteration_duration.............: avg=647.33ms min=3.63ms   med=16.07ms max=28.19s   p(90)=4.16s    p(95)=5s       p(99)=5s     
     iterations.....................: 15399  20.663132/s
     req_e2e_duration...............: avg=645.4ms  min=3ms      med=16ms    max=5s       p(90)=4.16s    p(95)=5s       p(99)=5s     
     vus............................: 1      min=0       max=150
     vus_max........................: 225    min=225     max=225


running (12m25.2s), 000/225 VUs, 15399 complete and 0 interrupted iterations
openloop_spike ✗ [ 100% ] 000/225 VUs  11m57.0s/12m0s  00.70 iters/s
[openloop-wrapper] k6 exit code 0
