
          /\      |‾‾| /‾‾/   /‾‾/   
     /\  /  \     |  |/  /   /  /    
    /  \/    \    |     (   /   ‾‾\  
   /          \   |  |\  \ |  (‾)  | 
  / __________ \  |__| \__\ \_____/ .io

  execution: local
     script: /scripts/load-test.js
     output: json (/results/results.json.gz)

  scenarios: (100.00%) 1 scenario, 225 max VUs, 12m30s max duration (incl. graceful stop):
           * openloop_oscillating: Up to 30.00 iterations/s for 12m0s over 12 stages (maxVUs: 225, gracefulStop: 30s)

time="2026-10-07T00:08:41Z" level=info msg="OPENLOOP_CONFIG service=auth-service pattern=oscillating base_rate=2 peak_rate=30 timeout=5s vu_factor=1.5 openloop_oscillating:ramping-arrival-rate:vus=225/225" source=console
time="2026-10-07T00:08:41Z" level=info msg="PREAUTH_USED tokens=120" source=console
time="2026-10-07T00:08:42Z" level=info msg="SCENARIO_START name=openloop_oscillating start_ms=1791331721558" source=console

running (00m00.8s), 001/225 VUs, 0 complete and 0 interrupted iterations
openloop_oscillating   [   0% ] 001/225 VUs  00m00.8s/12m0s  02.00 iters/s

running (00m01.8s), 000/225 VUs, 3 complete and 0 interrupted iterations
openloop_oscillating   [   0% ] 000/225 VUs  00m01.8s/12m0s  02.00 iters/s

running (00m02.8s), 000/225 VUs, 5 complete and 0 interrupted iterations
openloop_oscillating   [   0% ] 000/225 VUs  00m02.8s/12m0s  02.00 iters/s

running (00m03.8s), 000/225 VUs, 7 complete and 0 interrupted iterations
openloop_oscillating   [   1% ] 000/225 VUs  00m03.8s/12m0s  02.00 iters/s

running (00m04.8s), 000/225 VUs, 9 complete and 0 interrupted iterations
openloop_oscillating   [   1% ] 000/225 VUs  00m04.8s/12m0s  02.00 iters/s

running (00m05.8s), 000/225 VUs, 11 complete and 0 interrupted iterations
openloop_oscillating   [   1% ] 000/225 VUs  00m05.8s/12m0s  02.00 iters/s

running (00m06.8s), 000/225 VUs, 13 complete and 0 interrupted iterations
openloop_oscillating   [   1% ] 000/225 VUs  00m06.8s/12m0s  02.00 iters/s

running (00m07.8s), 000/225 VUs, 15 complete and 0 interrupted iterations
openloop_oscillating   [   1% ] 000/225 VUs  00m07.8s/12m0s  02.00 iters/s

running (00m08.8s), 000/225 VUs, 17 complete and 0 interrupted iterations
openloop_oscillating   [   1% ] 000/225 VUs  00m08.8s/12m0s  02.00 iters/s

running (00m09.8s), 000/225 VUs, 19 complete and 0 interrupted iterations
openloop_oscillating   [   1% ] 000/225 VUs  00m09.8s/12m0s  02.00 iters/s

running (00m10.8s), 000/225 VUs, 21 complete and 0 interrupted iterations
openloop_oscillating   [   2% ] 000/225 VUs  00m10.8s/12m0s  02.00 iters/s

running (00m11.8s), 000/225 VUs, 23 complete and 0 interrupted iterations
openloop_oscillating   [   2% ] 000/225 VUs  00m11.8s/12m0s  02.00 iters/s

running (00m12.8s), 001/225 VUs, 24 complete and 0 interrupted iterations
openloop_oscillating   [   2% ] 001/225 VUs  00m12.8s/12m0s  02.00 iters/s

running (00m13.8s), 000/225 VUs, 27 complete and 0 interrupted iterations
openloop_oscillating   [   2% ] 000/225 VUs  00m13.8s/12m0s  02.00 iters/s

running (00m14.8s), 000/225 VUs, 29 complete and 0 interrupted iterations
openloop_oscillating   [   2% ] 000/225 VUs  00m14.8s/12m0s  02.00 iters/s

running (00m15.8s), 000/225 VUs, 31 complete and 0 interrupted iterations
openloop_oscillating   [   2% ] 000/225 VUs  00m15.8s/12m0s  02.00 iters/s

running (00m16.8s), 000/225 VUs, 33 complete and 0 interrupted iterations
openloop_oscillating   [   2% ] 000/225 VUs  00m16.8s/12m0s  02.00 iters/s

running (00m17.8s), 000/225 VUs, 35 complete and 0 interrupted iterations
openloop_oscillating   [   2% ] 000/225 VUs  00m17.8s/12m0s  02.00 iters/s

running (00m18.8s), 000/225 VUs, 37 complete and 0 interrupted iterations
openloop_oscillating   [   3% ] 000/225 VUs  00m18.8s/12m0s  02.00 iters/s

running (00m19.8s), 000/225 VUs, 39 complete and 0 interrupted iterations
openloop_oscillating   [   3% ] 000/225 VUs  00m19.8s/12m0s  02.00 iters/s

running (00m20.8s), 000/225 VUs, 41 complete and 0 interrupted iterations
openloop_oscillating   [   3% ] 000/225 VUs  00m20.8s/12m0s  02.00 iters/s

running (00m21.8s), 000/225 VUs, 43 complete and 0 interrupted iterations
openloop_oscillating   [   3% ] 000/225 VUs  00m21.8s/12m0s  02.00 iters/s

running (00m22.8s), 000/225 VUs, 45 complete and 0 interrupted iterations
openloop_oscillating   [   3% ] 000/225 VUs  00m22.8s/12m0s  02.00 iters/s

running (00m23.8s), 000/225 VUs, 47 complete and 0 interrupted iterations
openloop_oscillating   [   3% ] 000/225 VUs  00m23.8s/12m0s  02.00 iters/s

running (00m24.8s), 000/225 VUs, 49 complete and 0 interrupted iterations
openloop_oscillating   [   3% ] 000/225 VUs  00m24.8s/12m0s  02.00 iters/s

running (00m25.8s), 000/225 VUs, 51 complete and 0 interrupted iterations
openloop_oscillating   [   4% ] 000/225 VUs  00m25.8s/12m0s  02.00 iters/s

running (00m26.8s), 000/225 VUs, 53 complete and 0 interrupted iterations
openloop_oscillating   [   4% ] 000/225 VUs  00m26.8s/12m0s  02.00 iters/s

running (00m27.8s), 000/225 VUs, 55 complete and 0 interrupted iterations
openloop_oscillating   [   4% ] 000/225 VUs  00m27.8s/12m0s  02.00 iters/s

running (00m28.8s), 000/225 VUs, 57 complete and 0 interrupted iterations
openloop_oscillating   [   4% ] 000/225 VUs  00m28.8s/12m0s  02.00 iters/s

running (00m29.8s), 000/225 VUs, 59 complete and 0 interrupted iterations
openloop_oscillating   [   4% ] 000/225 VUs  00m29.8s/12m0s  02.00 iters/s

running (00m30.8s), 000/225 VUs, 61 complete and 0 interrupted iterations
openloop_oscillating   [   4% ] 000/225 VUs  00m30.8s/12m0s  02.00 iters/s

running (00m31.8s), 000/225 VUs, 63 complete and 0 interrupted iterations
openloop_oscillating   [   4% ] 000/225 VUs  00m31.8s/12m0s  02.00 iters/s

running (00m32.8s), 000/225 VUs, 65 complete and 0 interrupted iterations
openloop_oscillating   [   5% ] 000/225 VUs  00m32.8s/12m0s  02.00 iters/s

running (00m33.8s), 000/225 VUs, 67 complete and 0 interrupted iterations
openloop_oscillating   [   5% ] 000/225 VUs  00m33.8s/12m0s  02.00 iters/s

running (00m34.8s), 000/225 VUs, 69 complete and 0 interrupted iterations
openloop_oscillating   [   5% ] 000/225 VUs  00m34.8s/12m0s  02.00 iters/s

running (00m35.8s), 000/225 VUs, 71 complete and 0 interrupted iterations
openloop_oscillating   [   5% ] 000/225 VUs  00m35.8s/12m0s  02.00 iters/s

running (00m36.8s), 000/225 VUs, 73 complete and 0 interrupted iterations
openloop_oscillating   [   5% ] 000/225 VUs  00m36.8s/12m0s  02.00 iters/s

running (00m37.8s), 000/225 VUs, 75 complete and 0 interrupted iterations
openloop_oscillating   [   5% ] 000/225 VUs  00m37.8s/12m0s  02.00 iters/s

running (00m38.8s), 000/225 VUs, 77 complete and 0 interrupted iterations
openloop_oscillating   [   5% ] 000/225 VUs  00m38.8s/12m0s  02.00 iters/s

running (00m39.8s), 000/225 VUs, 79 complete and 0 interrupted iterations
openloop_oscillating   [   6% ] 000/225 VUs  00m39.8s/12m0s  02.00 iters/s

running (00m40.8s), 000/225 VUs, 81 complete and 0 interrupted iterations
openloop_oscillating   [   6% ] 000/225 VUs  00m40.8s/12m0s  02.00 iters/s

running (00m41.8s), 000/225 VUs, 83 complete and 0 interrupted iterations
openloop_oscillating   [   6% ] 000/225 VUs  00m41.8s/12m0s  02.00 iters/s

running (00m42.8s), 001/225 VUs, 84 complete and 0 interrupted iterations
openloop_oscillating   [   6% ] 001/225 VUs  00m42.8s/12m0s  02.00 iters/s

running (00m43.8s), 000/225 VUs, 87 complete and 0 interrupted iterations
openloop_oscillating   [   6% ] 000/225 VUs  00m43.8s/12m0s  02.00 iters/s

running (00m44.8s), 001/225 VUs, 88 complete and 0 interrupted iterations
openloop_oscillating   [   6% ] 001/225 VUs  00m44.8s/12m0s  02.00 iters/s

running (00m45.8s), 000/225 VUs, 91 complete and 0 interrupted iterations
openloop_oscillating   [   6% ] 000/225 VUs  00m45.8s/12m0s  02.00 iters/s

running (00m46.8s), 000/225 VUs, 93 complete and 0 interrupted iterations
openloop_oscillating   [   7% ] 000/225 VUs  00m46.8s/12m0s  02.00 iters/s

running (00m47.8s), 001/225 VUs, 94 complete and 0 interrupted iterations
openloop_oscillating   [   7% ] 001/225 VUs  00m47.8s/12m0s  02.00 iters/s

running (00m48.8s), 000/225 VUs, 97 complete and 0 interrupted iterations
openloop_oscillating   [   7% ] 000/225 VUs  00m48.8s/12m0s  02.00 iters/s

running (00m49.8s), 000/225 VUs, 99 complete and 0 interrupted iterations
openloop_oscillating   [   7% ] 000/225 VUs  00m49.8s/12m0s  02.00 iters/s

running (00m50.8s), 000/225 VUs, 101 complete and 0 interrupted iterations
openloop_oscillating   [   7% ] 000/225 VUs  00m50.8s/12m0s  02.00 iters/s

running (00m51.8s), 000/225 VUs, 103 complete and 0 interrupted iterations
openloop_oscillating   [   7% ] 000/225 VUs  00m51.8s/12m0s  02.00 iters/s

running (00m52.8s), 000/225 VUs, 105 complete and 0 interrupted iterations
openloop_oscillating   [   7% ] 000/225 VUs  00m52.8s/12m0s  02.00 iters/s

running (00m53.8s), 000/225 VUs, 107 complete and 0 interrupted iterations
openloop_oscillating   [   7% ] 000/225 VUs  00m53.8s/12m0s  02.00 iters/s

running (00m54.8s), 001/225 VUs, 108 complete and 0 interrupted iterations
openloop_oscillating   [   8% ] 001/225 VUs  00m54.8s/12m0s  02.00 iters/s

running (00m55.8s), 000/225 VUs, 111 complete and 0 interrupted iterations
openloop_oscillating   [   8% ] 000/225 VUs  00m55.8s/12m0s  02.00 iters/s

running (00m56.8s), 000/225 VUs, 113 complete and 0 interrupted iterations
openloop_oscillating   [   8% ] 000/225 VUs  00m56.8s/12m0s  02.00 iters/s

running (00m57.8s), 001/225 VUs, 114 complete and 0 interrupted iterations
openloop_oscillating   [   8% ] 001/225 VUs  00m57.8s/12m0s  02.00 iters/s

running (00m58.8s), 001/225 VUs, 116 complete and 0 interrupted iterations
openloop_oscillating   [   8% ] 001/225 VUs  00m58.8s/12m0s  02.00 iters/s

running (00m59.8s), 000/225 VUs, 119 complete and 0 interrupted iterations
openloop_oscillating   [   8% ] 000/225 VUs  00m59.8s/12m0s  02.00 iters/s

running (01m00.8s), 000/225 VUs, 121 complete and 0 interrupted iterations
openloop_oscillating   [   8% ] 000/225 VUs  01m00.8s/12m0s  02.00 iters/s

running (01m01.8s), 000/225 VUs, 123 complete and 0 interrupted iterations
openloop_oscillating   [   9% ] 000/225 VUs  01m01.8s/12m0s  02.00 iters/s

running (01m02.8s), 000/225 VUs, 125 complete and 0 interrupted iterations
openloop_oscillating   [   9% ] 000/225 VUs  01m02.8s/12m0s  02.00 iters/s

running (01m03.8s), 000/225 VUs, 127 complete and 0 interrupted iterations
openloop_oscillating   [   9% ] 000/225 VUs  01m03.8s/12m0s  02.00 iters/s

running (01m04.8s), 000/225 VUs, 129 complete and 0 interrupted iterations
openloop_oscillating   [   9% ] 000/225 VUs  01m04.8s/12m0s  02.00 iters/s

running (01m05.8s), 000/225 VUs, 131 complete and 0 interrupted iterations
openloop_oscillating   [   9% ] 000/225 VUs  01m05.8s/12m0s  02.00 iters/s

running (01m06.8s), 000/225 VUs, 133 complete and 0 interrupted iterations
openloop_oscillating   [   9% ] 000/225 VUs  01m06.8s/12m0s  02.00 iters/s

running (01m07.8s), 000/225 VUs, 135 complete and 0 interrupted iterations
openloop_oscillating   [   9% ] 000/225 VUs  01m07.8s/12m0s  02.00 iters/s

running (01m08.8s), 000/225 VUs, 137 complete and 0 interrupted iterations
openloop_oscillating   [  10% ] 000/225 VUs  01m08.8s/12m0s  02.00 iters/s

running (01m09.8s), 001/225 VUs, 138 complete and 0 interrupted iterations
openloop_oscillating   [  10% ] 001/225 VUs  01m09.8s/12m0s  02.00 iters/s

running (01m10.8s), 000/225 VUs, 141 complete and 0 interrupted iterations
openloop_oscillating   [  10% ] 000/225 VUs  01m10.8s/12m0s  02.00 iters/s

running (01m11.8s), 000/225 VUs, 143 complete and 0 interrupted iterations
openloop_oscillating   [  10% ] 000/225 VUs  01m11.8s/12m0s  02.00 iters/s

running (01m12.8s), 000/225 VUs, 145 complete and 0 interrupted iterations
openloop_oscillating   [  10% ] 000/225 VUs  01m12.8s/12m0s  02.00 iters/s

running (01m13.8s), 000/225 VUs, 147 complete and 0 interrupted iterations
openloop_oscillating   [  10% ] 000/225 VUs  01m13.8s/12m0s  02.00 iters/s

running (01m14.8s), 000/225 VUs, 149 complete and 0 interrupted iterations
openloop_oscillating   [  10% ] 000/225 VUs  01m14.8s/12m0s  02.00 iters/s

running (01m15.8s), 000/225 VUs, 151 complete and 0 interrupted iterations
openloop_oscillating   [  11% ] 000/225 VUs  01m15.8s/12m0s  02.00 iters/s

running (01m16.8s), 000/225 VUs, 153 complete and 0 interrupted iterations
openloop_oscillating   [  11% ] 000/225 VUs  01m16.8s/12m0s  02.00 iters/s

running (01m17.8s), 000/225 VUs, 155 complete and 0 interrupted iterations
openloop_oscillating   [  11% ] 000/225 VUs  01m17.8s/12m0s  02.00 iters/s

running (01m18.8s), 000/225 VUs, 157 complete and 0 interrupted iterations
openloop_oscillating   [  11% ] 000/225 VUs  01m18.8s/12m0s  02.00 iters/s

running (01m19.8s), 000/225 VUs, 159 complete and 0 interrupted iterations
openloop_oscillating   [  11% ] 000/225 VUs  01m19.8s/12m0s  02.00 iters/s

running (01m20.8s), 000/225 VUs, 161 complete and 0 interrupted iterations
openloop_oscillating   [  11% ] 000/225 VUs  01m20.8s/12m0s  02.00 iters/s

running (01m21.8s), 000/225 VUs, 163 complete and 0 interrupted iterations
openloop_oscillating   [  11% ] 000/225 VUs  01m21.8s/12m0s  02.00 iters/s

running (01m22.8s), 000/225 VUs, 165 complete and 0 interrupted iterations
openloop_oscillating   [  12% ] 000/225 VUs  01m22.8s/12m0s  02.00 iters/s

running (01m23.8s), 000/225 VUs, 167 complete and 0 interrupted iterations
openloop_oscillating   [  12% ] 000/225 VUs  01m23.8s/12m0s  02.00 iters/s

running (01m24.8s), 000/225 VUs, 169 complete and 0 interrupted iterations
openloop_oscillating   [  12% ] 000/225 VUs  01m24.8s/12m0s  02.00 iters/s

running (01m25.8s), 000/225 VUs, 171 complete and 0 interrupted iterations
openloop_oscillating   [  12% ] 000/225 VUs  01m25.8s/12m0s  02.00 iters/s

running (01m26.8s), 000/225 VUs, 173 complete and 0 interrupted iterations
openloop_oscillating   [  12% ] 000/225 VUs  01m26.8s/12m0s  02.00 iters/s

running (01m27.8s), 000/225 VUs, 175 complete and 0 interrupted iterations
openloop_oscillating   [  12% ] 000/225 VUs  01m27.8s/12m0s  02.00 iters/s

running (01m28.8s), 000/225 VUs, 177 complete and 0 interrupted iterations
openloop_oscillating   [  12% ] 000/225 VUs  01m28.8s/12m0s  02.00 iters/s

running (01m29.8s), 000/225 VUs, 179 complete and 0 interrupted iterations
openloop_oscillating   [  12% ] 000/225 VUs  01m29.8s/12m0s  02.00 iters/s

running (01m30.8s), 001/225 VUs, 180 complete and 0 interrupted iterations
openloop_oscillating   [  13% ] 001/225 VUs  01m30.8s/12m0s  02.00 iters/s

running (01m31.8s), 000/225 VUs, 183 complete and 0 interrupted iterations
openloop_oscillating   [  13% ] 000/225 VUs  01m31.8s/12m0s  02.00 iters/s

running (01m32.8s), 000/225 VUs, 185 complete and 0 interrupted iterations
openloop_oscillating   [  13% ] 000/225 VUs  01m32.8s/12m0s  02.00 iters/s

running (01m33.8s), 000/225 VUs, 187 complete and 0 interrupted iterations
openloop_oscillating   [  13% ] 000/225 VUs  01m33.8s/12m0s  02.00 iters/s

running (01m34.8s), 000/225 VUs, 189 complete and 0 interrupted iterations
openloop_oscillating   [  13% ] 000/225 VUs  01m34.8s/12m0s  02.00 iters/s

running (01m35.8s), 000/225 VUs, 191 complete and 0 interrupted iterations
openloop_oscillating   [  13% ] 000/225 VUs  01m35.8s/12m0s  02.00 iters/s

running (01m36.8s), 000/225 VUs, 193 complete and 0 interrupted iterations
openloop_oscillating   [  13% ] 000/225 VUs  01m36.8s/12m0s  02.00 iters/s

running (01m37.8s), 001/225 VUs, 194 complete and 0 interrupted iterations
openloop_oscillating   [  14% ] 001/225 VUs  01m37.8s/12m0s  02.00 iters/s

running (01m38.8s), 000/225 VUs, 197 complete and 0 interrupted iterations
openloop_oscillating   [  14% ] 000/225 VUs  01m38.8s/12m0s  02.00 iters/s

running (01m39.8s), 000/225 VUs, 199 complete and 0 interrupted iterations
openloop_oscillating   [  14% ] 000/225 VUs  01m39.8s/12m0s  02.00 iters/s

running (01m40.8s), 000/225 VUs, 201 complete and 0 interrupted iterations
openloop_oscillating   [  14% ] 000/225 VUs  01m40.8s/12m0s  02.00 iters/s

running (01m41.8s), 000/225 VUs, 203 complete and 0 interrupted iterations
openloop_oscillating   [  14% ] 000/225 VUs  01m41.8s/12m0s  02.00 iters/s

running (01m42.8s), 000/225 VUs, 205 complete and 0 interrupted iterations
openloop_oscillating   [  14% ] 000/225 VUs  01m42.8s/12m0s  02.00 iters/s

running (01m43.8s), 001/225 VUs, 206 complete and 0 interrupted iterations
openloop_oscillating   [  14% ] 001/225 VUs  01m43.8s/12m0s  02.00 iters/s

running (01m44.8s), 000/225 VUs, 209 complete and 0 interrupted iterations
openloop_oscillating   [  15% ] 000/225 VUs  01m44.8s/12m0s  02.00 iters/s

running (01m45.8s), 000/225 VUs, 211 complete and 0 interrupted iterations
openloop_oscillating   [  15% ] 000/225 VUs  01m45.8s/12m0s  02.00 iters/s

running (01m46.8s), 001/225 VUs, 212 complete and 0 interrupted iterations
openloop_oscillating   [  15% ] 001/225 VUs  01m46.8s/12m0s  02.00 iters/s

running (01m47.8s), 000/225 VUs, 215 complete and 0 interrupted iterations
openloop_oscillating   [  15% ] 000/225 VUs  01m47.8s/12m0s  02.00 iters/s

running (01m48.8s), 000/225 VUs, 217 complete and 0 interrupted iterations
openloop_oscillating   [  15% ] 000/225 VUs  01m48.8s/12m0s  02.00 iters/s

running (01m49.8s), 000/225 VUs, 219 complete and 0 interrupted iterations
openloop_oscillating   [  15% ] 000/225 VUs  01m49.8s/12m0s  02.00 iters/s

running (01m50.8s), 000/225 VUs, 221 complete and 0 interrupted iterations
openloop_oscillating   [  15% ] 000/225 VUs  01m50.8s/12m0s  02.00 iters/s

running (01m51.8s), 000/225 VUs, 223 complete and 0 interrupted iterations
openloop_oscillating   [  16% ] 000/225 VUs  01m51.8s/12m0s  02.00 iters/s

running (01m52.8s), 000/225 VUs, 225 complete and 0 interrupted iterations
openloop_oscillating   [  16% ] 000/225 VUs  01m52.8s/12m0s  02.00 iters/s

running (01m53.8s), 000/225 VUs, 227 complete and 0 interrupted iterations
openloop_oscillating   [  16% ] 000/225 VUs  01m53.8s/12m0s  02.00 iters/s

running (01m54.8s), 000/225 VUs, 229 complete and 0 interrupted iterations
openloop_oscillating   [  16% ] 000/225 VUs  01m54.8s/12m0s  02.00 iters/s

running (01m55.8s), 000/225 VUs, 231 complete and 0 interrupted iterations
openloop_oscillating   [  16% ] 000/225 VUs  01m55.8s/12m0s  02.00 iters/s

running (01m56.8s), 000/225 VUs, 233 complete and 0 interrupted iterations
openloop_oscillating   [  16% ] 000/225 VUs  01m56.8s/12m0s  02.00 iters/s

running (01m57.8s), 000/225 VUs, 235 complete and 0 interrupted iterations
openloop_oscillating   [  16% ] 000/225 VUs  01m57.8s/12m0s  02.00 iters/s

running (01m58.8s), 001/225 VUs, 236 complete and 0 interrupted iterations
openloop_oscillating   [  17% ] 001/225 VUs  01m58.8s/12m0s  02.00 iters/s

running (01m59.8s), 000/225 VUs, 239 complete and 0 interrupted iterations
openloop_oscillating   [  17% ] 000/225 VUs  01m59.8s/12m0s  02.00 iters/s

running (02m00.8s), 000/225 VUs, 242 complete and 0 interrupted iterations
openloop_oscillating   [  17% ] 000/225 VUs  02m00.8s/12m0s  04.23 iters/s

running (02m01.8s), 000/225 VUs, 248 complete and 0 interrupted iterations
openloop_oscillating   [  17% ] 000/225 VUs  02m01.8s/12m0s  07.18 iters/s

running (02m02.8s), 000/225 VUs, 256 complete and 0 interrupted iterations
openloop_oscillating   [  17% ] 000/225 VUs  02m02.8s/12m0s  09.82 iters/s

running (02m03.8s), 000/225 VUs, 267 complete and 0 interrupted iterations
openloop_oscillating   [  17% ] 000/225 VUs  02m03.8s/12m0s  12.57 iters/s

running (02m04.8s), 003/225 VUs, 278 complete and 0 interrupted iterations
openloop_oscillating   [  17% ] 003/225 VUs  02m04.8s/12m0s  15.38 iters/s

running (02m05.8s), 002/225 VUs, 296 complete and 0 interrupted iterations
openloop_oscillating   [  17% ] 002/225 VUs  02m05.8s/12m0s  18.21 iters/s

running (02m06.8s), 014/225 VUs, 304 complete and 0 interrupted iterations
openloop_oscillating   [  18% ] 014/225 VUs  02m06.8s/12m0s  21.06 iters/s

running (02m07.8s), 028/225 VUs, 312 complete and 0 interrupted iterations
openloop_oscillating   [  18% ] 028/225 VUs  02m07.8s/12m0s  23.81 iters/s

running (02m08.8s), 031/225 VUs, 334 complete and 0 interrupted iterations
openloop_oscillating   [  18% ] 031/225 VUs  02m08.8s/12m0s  26.69 iters/s

running (02m09.8s), 036/225 VUs, 358 complete and 0 interrupted iterations
openloop_oscillating   [  18% ] 036/225 VUs  02m09.8s/12m0s  29.48 iters/s

running (02m10.8s), 032/225 VUs, 391 complete and 0 interrupted iterations
openloop_oscillating   [  18% ] 032/225 VUs  02m10.8s/12m0s  30.00 iters/s
time="2026-10-07T00:10:52Z" level=warning msg="Request Failed" error="Post \"http://auth-service.ecommerce.svc.cluster.local:8001/auth/login\": request timeout"
time="2026-10-07T00:10:52Z" level=warning msg="Request Failed" error="Post \"http://auth-service.ecommerce.svc.cluster.local:8001/auth/login\": request timeout"
time="2026-10-07T00:10:53Z" level=warning msg="Request Failed" error="Post \"http://auth-service.ecommerce.svc.cluster.local:8001/auth/login\": request timeout"
time="2026-10-07T00:10:53Z" level=warning msg="Request Failed" error="Post \"http://auth-service.ecommerce.svc.cluster.local:8001/auth/login\": request timeout"

running (02m11.8s), 030/225 VUs, 424 complete and 0 interrupted iterations
openloop_oscillating   [  18% ] 030/225 VUs  02m11.8s/12m0s  30.00 iters/s
time="2026-10-07T00:10:53Z" level=warning msg="Request Failed" error="Post \"http://auth-service.ecommerce.svc.cluster.local:8001/auth/login\": request timeout"
time="2026-10-07T00:10:53Z" level=warning msg="Request Failed" error="Post \"http://auth-service.ecommerce.svc.cluster.local:8001/auth/login\": request timeout"
time="2026-10-07T00:10:53Z" level=warning msg="Request Failed" error="Post \"http://auth-service.ecommerce.svc.cluster.local:8001/auth/login\": request timeout"

running (02m12.8s), 033/225 VUs, 450 complete and 0 interrupted iterations
openloop_oscillating   [  18% ] 033/225 VUs  02m12.8s/12m0s  30.00 iters/s
time="2026-10-07T00:10:54Z" level=warning msg="Request Failed" error="Post \"http://auth-service.ecommerce.svc.cluster.local:8001/auth/login\": request timeout"
time="2026-10-07T00:10:54Z" level=warning msg="Request Failed" error="Post \"http://auth-service.ecommerce.svc.cluster.local:8001/auth/login\": request timeout"
time="2026-10-07T00:10:55Z" level=warning msg="Request Failed" error="Post \"http://auth-service.ecommerce.svc.cluster.local:8001/auth/login\": request timeout"
time="2026-10-07T00:10:55Z" level=warning msg="Request Failed" error="Post \"http://auth-service.ecommerce.svc.cluster.local:8001/auth/login\": request timeout"

running (02m13.8s), 035/225 VUs, 478 complete and 0 interrupted iterations
openloop_oscillating   [  19% ] 035/225 VUs  02m13.8s/12m0s  30.00 iters/s
time="2026-10-07T00:10:55Z" level=warning msg="Request Failed" error="Post \"http://auth-service.ecommerce.svc.cluster.local:8001/auth/login\": request timeout"

running (02m14.8s), 033/225 VUs, 511 complete and 0 interrupted iterations
openloop_oscillating   [  19% ] 033/225 VUs  02m14.8s/12m0s  30.00 iters/s
time="2026-10-07T00:10:57Z" level=warning msg="Request Failed" error="Post \"http://auth-service.ecommerce.svc.cluster.local:8001/auth/login\": request timeout"

running (02m15.8s), 041/225 VUs, 532 complete and 0 interrupted iterations
openloop_oscillating   [  19% ] 041/225 VUs  02m15.8s/12m0s  30.00 iters/s
time="2026-10-07T00:10:58Z" level=warning msg="Request Failed" error="Post \"http://auth-service.ecommerce.svc.cluster.local:8001/auth/login\": request timeout"

running (02m16.8s), 048/225 VUs, 556 complete and 0 interrupted iterations
openloop_oscillating   [  19% ] 048/225 VUs  02m16.8s/12m0s  30.00 iters/s
time="2026-10-07T00:10:58Z" level=warning msg="Request Failed" error="Post \"http://auth-service.ecommerce.svc.cluster.local:8001/auth/login\": request timeout"

running (02m17.8s), 041/225 VUs, 592 complete and 0 interrupted iterations
openloop_oscillating   [  19% ] 041/225 VUs  02m17.8s/12m0s  30.00 iters/s
time="2026-10-07T00:10:59Z" level=warning msg="Request Failed" error="Post \"http://auth-service.ecommerce.svc.cluster.local:8001/auth/login\": request timeout"
time="2026-10-07T00:10:59Z" level=warning msg="Request Failed" error="Post \"http://auth-service.ecommerce.svc.cluster.local:8001/auth/login\": request timeout"

running (02m18.8s), 064/225 VUs, 599 complete and 0 interrupted iterations
openloop_oscillating   [  19% ] 064/225 VUs  02m18.8s/12m0s  30.00 iters/s

running (02m19.8s), 057/225 VUs, 637 complete and 0 interrupted iterations
openloop_oscillating   [  19% ] 057/225 VUs  02m19.8s/12m0s  30.00 iters/s
time="2026-10-07T00:11:01Z" level=warning msg="Request Failed" error="Post \"http://auth-service.ecommerce.svc.cluster.local:8001/auth/login\": request timeout"
time="2026-10-07T00:11:02Z" level=warning msg="Request Failed" error="Post \"http://auth-service.ecommerce.svc.cluster.local:8001/auth/login\": request timeout"

running (02m20.8s), 062/225 VUs, 662 complete and 0 interrupted iterations
openloop_oscillating   [  20% ] 062/225 VUs  02m20.8s/12m0s  30.00 iters/s
time="2026-10-07T00:11:03Z" level=warning msg="Request Failed" error="request timeout"
time="2026-10-07T00:11:03Z" level=warning msg="Request Failed" error="Post \"http://auth-service.ecommerce.svc.cluster.local:8001/auth/login\": request timeout"

running (02m21.8s), 068/225 VUs, 686 complete and 0 interrupted iterations
openloop_oscillating   [  20% ] 068/225 VUs  02m21.8s/12m0s  30.00 iters/s
time="2026-10-07T00:11:03Z" level=warning msg="Request Failed" error="Post \"http://auth-service.ecommerce.svc.cluster.local:8001/auth/login\": request timeout"

running (02m22.8s), 065/225 VUs, 719 complete and 0 interrupted iterations
openloop_oscillating   [  20% ] 065/225 VUs  02m22.8s/12m0s  30.00 iters/s
time="2026-10-07T00:11:04Z" level=warning msg="Request Failed" error="Post \"http://auth-service.ecommerce.svc.cluster.local:8001/auth/login\": request timeout"
time="2026-10-07T00:11:05Z" level=warning msg="Request Failed" error="Post \"http://auth-service.ecommerce.svc.cluster.local:8001/auth/login\": request timeout"

running (02m23.8s), 064/225 VUs, 749 complete and 0 interrupted iterations
openloop_oscillating   [  20% ] 064/225 VUs  02m23.8s/12m0s  30.00 iters/s
time="2026-10-07T00:11:05Z" level=warning msg="Request Failed" error="Post \"http://auth-service.ecommerce.svc.cluster.local:8001/auth/login\": request timeout"

running (02m24.8s), 077/225 VUs, 766 complete and 0 interrupted iterations
openloop_oscillating   [  20% ] 077/225 VUs  02m24.8s/12m0s  30.00 iters/s
time="2026-10-07T00:11:06Z" level=warning msg="Request Failed" error="Post \"http://auth-service.ecommerce.svc.cluster.local:8001/auth/login\": request timeout"

running (02m25.8s), 104/225 VUs, 769 complete and 0 interrupted iterations
openloop_oscillating   [  20% ] 104/225 VUs  02m25.8s/12m0s  30.00 iters/s
time="2026-10-07T00:11:07Z" level=warning msg="Request Failed" error="Post \"http://auth-service.ecommerce.svc.cluster.local:8001/auth/login\": request timeout"
time="2026-10-07T00:11:07Z" level=warning msg="Request Failed" error="Post \"http://auth-service.ecommerce.svc.cluster.local:8001/auth/login\": request timeout"
time="2026-10-07T00:11:07Z" level=warning msg="Request Failed" error="Post \"http://auth-service.ecommerce.svc.cluster.local:8001/auth/login\": request timeout"
time="2026-10-07T00:11:07Z" level=warning msg="Request Failed" error="Post \"http://auth-service.ecommerce.svc.cluster.local:8001/auth/login\": request timeout"
time="2026-10-07T00:11:08Z" level=warning msg="Request Failed" error="Post \"http://auth-service.ecommerce.svc.cluster.local:8001/auth/login\": request timeout"
time="2026-10-07T00:11:08Z" level=warning msg="Request Failed" error="Post \"http://auth-service.ecommerce.svc.cluster.local:8001/auth/login\": request timeout"
time="2026-10-07T00:11:08Z" level=warning msg="Request Failed" error="Post \"http://auth-service.ecommerce.svc.cluster.local:8001/auth/login\": request timeout"

running (02m26.8s), 125/225 VUs, 778 complete and 0 interrupted iterations
openloop_oscillating   [  20% ] 125/225 VUs  02m26.8s/12m0s  30.00 iters/s
time="2026-10-07T00:11:08Z" level=warning msg="Request Failed" error="Post \"http://auth-service.ecommerce.svc.cluster.local:8001/auth/login\": request timeout"
time="2026-10-07T00:11:08Z" level=warning msg="Request Failed" error="Post \"http://auth-service.ecommerce.svc.cluster.local:8001/auth/login\": request timeout"
time="2026-10-07T00:11:08Z" level=warning msg="Request Failed" error="Post \"http://auth-service.ecommerce.svc.cluster.local:8001/auth/login\": request timeout"
time="2026-10-07T00:11:08Z" level=warning msg="Request Failed" error="Post \"http://auth-service.ecommerce.svc.cluster.local:8001/auth/login\": request timeout"
time="2026-10-07T00:11:09Z" level=warning msg="Request Failed" error="Get \"http://auth-service.ecommerce.svc.cluster.local:8001/auth/me\": request timeout"

running (02m27.8s), 131/225 VUs, 803 complete and 0 interrupted iterations
openloop_oscillating   [  21% ] 131/225 VUs  02m27.8s/12m0s  30.00 iters/s
time="2026-10-07T00:11:09Z" level=warning msg="Request Failed" error="Post \"http://auth-service.ecommerce.svc.cluster.local:8001/auth/login\": request timeout"
time="2026-10-07T00:11:10Z" level=warning msg="Request Failed" error="Post \"http://auth-service.ecommerce.svc.cluster.local:8001/auth/login\": request timeout"

running (02m28.8s), 116/225 VUs, 848 complete and 0 interrupted iterations
openloop_oscillating   [  21% ] 116/225 VUs  02m28.8s/12m0s  30.00 iters/s
time="2026-10-07T00:11:10Z" level=warning msg="Request Failed" error="Post \"http://auth-service.ecommerce.svc.cluster.local:8001/auth/login\": request timeout"

running (02m29.8s), 124/225 VUs, 869 complete and 0 interrupted iterations
openloop_oscillating   [  21% ] 124/225 VUs  02m29.8s/12m0s  30.00 iters/s
time="2026-10-07T00:11:11Z" level=warning msg="Request Failed" error="Post \"http://auth-service.ecommerce.svc.cluster.local:8001/auth/login\": request timeout"
time="2026-10-07T00:11:11Z" level=warning msg="Request Failed" error="Post \"http://auth-service.ecommerce.svc.cluster.local:8001/auth/login\": request timeout"
time="2026-10-07T00:11:11Z" level=warning msg="Request Failed" error="Post \"http://auth-service.ecommerce.svc.cluster.local:8001/auth/login\": request timeout"
time="2026-10-07T00:11:11Z" level=warning msg="Request Failed" error="Post \"http://auth-service.ecommerce.svc.cluster.local:8001/auth/login\": request timeout"
time="2026-10-07T00:11:11Z" level=warning msg="Request Failed" error="Post \"http://auth-service.ecommerce.svc.cluster.local:8001/auth/login\": request timeout"
time="2026-10-07T00:11:11Z" level=warning msg="Request Failed" error="Post \"http://auth-service.ecommerce.svc.cluster.local:8001/auth/login\": request timeout"
time="2026-10-07T00:11:12Z" level=warning msg="Request Failed" error="Post \"http://auth-service.ecommerce.svc.cluster.local:8001/auth/login\": request timeout"

running (02m30.8s), 135/225 VUs, 889 complete and 0 interrupted iterations
openloop_oscillating   [  21% ] 135/225 VUs  02m30.8s/12m0s  30.00 iters/s
time="2026-10-07T00:11:12Z" level=warning msg="Request Failed" error="Post \"http://auth-service.ecommerce.svc.cluster.local:8001/auth/login\": request timeout"

running (02m31.8s), 127/225 VUs, 927 complete and 0 interrupted iterations
openloop_oscillating   [  21% ] 127/225 VUs  02m31.8s/12m0s  30.00 iters/s
time="2026-10-07T00:11:13Z" level=warning msg="Request Failed" error="Post \"http://auth-service.ecommerce.svc.cluster.local:8001/auth/login\": request timeout"
time="2026-10-07T00:11:13Z" level=warning msg="Request Failed" error="Post \"http://auth-service.ecommerce.svc.cluster.local:8001/auth/login\": request timeout"

running (02m32.8s), 145/225 VUs, 939 complete and 0 interrupted iterations
openloop_oscillating   [  21% ] 145/225 VUs  02m32.8s/12m0s  30.00 iters/s
time="2026-10-07T00:11:14Z" level=warning msg="Request Failed" error="Post \"http://auth-service.ecommerce.svc.cluster.local:8001/auth/login\": request timeout"
time="2026-10-07T00:11:14Z" level=warning msg="Request Failed" error="Post \"http://auth-service.ecommerce.svc.cluster.local:8001/auth/login\": request timeout"
time="2026-10-07T00:11:14Z" level=warning msg="Request Failed" error="Post \"http://auth-service.ecommerce.svc.cluster.local:8001/auth/login\": request timeout"

running (02m33.8s), 130/225 VUs, 983 complete and 0 interrupted iterations
openloop_oscillating   [  21% ] 130/225 VUs  02m33.8s/12m0s  30.00 iters/s
time="2026-10-07T00:11:15Z" level=warning msg="Request Failed" error="Post \"http://auth-service.ecommerce.svc.cluster.local:8001/auth/login\": request timeout"
time="2026-10-07T00:11:15Z" level=warning msg="Request Failed" error="Post \"http://auth-service.ecommerce.svc.cluster.local:8001/auth/login\": request timeout"
time="2026-10-07T00:11:15Z" level=warning msg="Request Failed" error="Post \"http://auth-service.ecommerce.svc.cluster.local:8001/auth/login\": request timeout"
time="2026-10-07T00:11:15Z" level=warning msg="Request Failed" error="Post \"http://auth-service.ecommerce.svc.cluster.local:8001/auth/login\": request timeout"
time="2026-10-07T00:11:16Z" level=warning msg="Request Failed" error="Post \"http://auth-service.ecommerce.svc.cluster.local:8001/auth/login\": request timeout"
time="2026-10-07T00:11:16Z" level=warning msg="Request Failed" error="Post \"http://auth-service.ecommerce.svc.cluster.local:8001/auth/login\": request timeout"

running (02m34.8s), 142/225 VUs, 1001 complete and 0 interrupted iterations
openloop_oscillating   [  22% ] 142/225 VUs  02m34.8s/12m0s  30.00 iters/s
time="2026-10-07T00:11:16Z" level=warning msg="Request Failed" error="Post \"http://auth-service.ecommerce.svc.cluster.local:8001/auth/login\": request timeout"
time="2026-10-07T00:11:16Z" level=warning msg="Request Failed" error="Post \"http://auth-service.ecommerce.svc.cluster.local:8001/auth/login\": request timeout"
time="2026-10-07T00:11:16Z" level=warning msg="Request Failed" error="request timeout"
time="2026-10-07T00:11:16Z" level=warning msg="Request Failed" error="Get \"http://auth-service.ecommerce.svc.cluster.local:8001/auth/me\": request timeout"
time="2026-10-07T00:11:16Z" level=warning msg="Request Failed" error="Get \"http://auth-service.ecommerce.svc.cluster.local:8001/auth/me\": request timeout"
time="2026-10-07T00:11:16Z" level=warning msg="Request Failed" error="Post \"http://auth-service.ecommerce.svc.cluster.local:8001/auth/login\": request timeout"
time="2026-10-07T00:11:16Z" level=warning msg="Request Failed" error="request timeout"
time="2026-10-07T00:11:16Z" level=warning msg="Request Failed" error="Post \"http://auth-service.ecommerce.svc.cluster.local:8001/auth/login\": request timeout"
time="2026-10-07T00:11:17Z" level=warning msg="Request Failed" error="Get \"http://auth-service.ecommerce.svc.cluster.local:8001/auth/me\": request timeout"
time="2026-10-07T00:11:17Z" level=warning msg="Request Failed" error="Get \"http://auth-service.ecommerce.svc.cluster.local:8001/auth/me\": request timeout"

running (02m35.8s), 146/225 VUs, 1028 complete and 0 interrupted iterations
openloop_oscillating   [  22% ] 146/225 VUs  02m35.8s/12m0s  30.00 iters/s
time="2026-10-07T00:11:17Z" level=warning msg="Request Failed" error="Get \"http://auth-service.ecommerce.svc.cluster.local:8001/auth/me\": request timeout"
time="2026-10-07T00:11:17Z" level=warning msg="Request Failed" error="Post \"http://auth-service.ecommerce.svc.cluster.local:8001/auth/login\": request timeout"
time="2026-10-07T00:11:17Z" level=warning msg="Request Failed" error="Get \"http://auth-service.ecommerce.svc.cluster.local:8001/auth/me\": request timeout"
time="2026-10-07T00:11:17Z" level=warning msg="Request Failed" error="Get \"http://auth-service.ecommerce.svc.cluster.local:8001/auth/me\": request timeout"
time="2026-10-07T00:11:17Z" level=warning msg="Request Failed" error="Get \"http://auth-service.ecommerce.svc.cluster.local:8001/auth/me\": request timeout"
time="2026-10-07T00:11:17Z" level=warning msg="Request Failed" error="Get \"http://auth-service.ecommerce.svc.cluster.local:8001/auth/me\": request timeout"
time="2026-10-07T00:11:17Z" level=warning msg="Request Failed" error="Get \"http://auth-service.ecommerce.svc.cluster.local:8001/auth/me\": request timeout"
time="2026-10-07T00:11:17Z" level=warning msg="Request Failed" error="Get \"http://auth-service.ecommerce.svc.cluster.local:8001/auth/me\": request timeout"
time="2026-10-07T00:11:17Z" level=warning msg="Request Failed" error="Get \"http://auth-service.ecommerce.svc.cluster.local:8001/auth/me\": request timeout"
time="2026-10-07T00:11:17Z" level=warning msg="Request Failed" error="Get \"http://auth-service.ecommerce.svc.cluster.local:8001/auth/me\": request timeout"
time="2026-10-07T00:11:17Z" level=warning msg="Request Failed" error="Post \"http://auth-service.ecommerce.svc.cluster.local:8001/auth/login\": request timeout"
time="2026-10-07T00:11:17Z" level=warning msg="Request Failed" error="Get \"http://auth-service.ecommerce.svc.cluster.local:8001/auth/me\": request timeout"
time="2026-10-07T00:11:17Z" level=warning msg="Request Failed" error="Post \"http://auth-service.ecommerce.svc.cluster.local:8001/auth/login\": request timeout"
time="2026-10-07T00:11:18Z" level=warning msg="Request Failed" error="Post \"http://auth-service.ecommerce.svc.cluster.local:8001/auth/login\": request timeout"
time="2026-10-07T00:11:18Z" level=warning msg="Request Failed" error="Post \"http://auth-service.ecommerce.svc.cluster.local:8001/auth/login\": request timeout"
time="2026-10-07T00:11:18Z" level=warning msg="Request Failed" error="Get \"http://auth-service.ecommerce.svc.cluster.local:8001/auth/me\": request timeout"
time="2026-10-07T00:11:18Z" level=warning msg="Request Failed" error="Post \"http://auth-service.ecommerce.svc.cluster.local:8001/auth/login\": request timeout"
time="2026-10-07T00:11:18Z" level=warning msg="Request Failed" error="Get \"http://auth-service.ecommerce.svc.cluster.local:8001/auth/me\": request timeout"

running (02m36.8s), 150/225 VUs, 1054 complete and 0 interrupted iterations
openloop_oscillating   [  22% ] 150/225 VUs  02m36.8s/12m0s  30.00 iters/s
time="2026-10-07T00:11:18Z" level=warning msg="Request Failed" error="Get \"http://auth-service.ecommerce.svc.cluster.local:8001/auth/me\": request timeout"
time="2026-10-07T00:11:18Z" level=warning msg="Request Failed" error="Post \"http://auth-service.ecommerce.svc.cluster.local:8001/auth/login\": request timeout"
time="2026-10-07T00:11:18Z" level=warning msg="Request Failed" error="Get \"http://auth-service.ecommerce.svc.cluster.local:8001/auth/me\": request timeout"
time="2026-10-07T00:11:18Z" level=warning msg="Request Failed" error="Get \"http://auth-service.ecommerce.svc.cluster.local:8001/auth/me\": request timeout"
time="2026-10-07T00:11:18Z" level=warning msg="Request Failed" error="Get \"http://auth-service.ecommerce.svc.cluster.local:8001/auth/me\": request timeout"
time="2026-10-07T00:11:18Z" level=warning msg="Request Failed" error="Post \"http://auth-service.ecommerce.svc.cluster.local:8001/auth/login\": request timeout"
time="2026-10-07T00:11:18Z" level=warning msg="Request Failed" error="Get \"http://auth-service.ecommerce.svc.cluster.local:8001/auth/me\": request timeout"
time="2026-10-07T00:11:18Z" level=warning msg="Request Failed" error="Post \"http://auth-service.ecommerce.svc.cluster.local:8001/auth/login\": request timeout"
time="2026-10-07T00:11:18Z" level=warning msg="Request Failed" error="Post \"http://auth-service.ecommerce.svc.cluster.local:8001/auth/login\": request timeout"
time="2026-10-07T00:11:18Z" level=warning msg="Request Failed" error="Post \"http://auth-service.ecommerce.svc.cluster.local:8001/auth/login\": request timeout"
time="2026-10-07T00:11:18Z" level=warning msg="Request Failed" error="Get \"http://auth-service.ecommerce.svc.cluster.local:8001/auth/me\": request timeout"
time="2026-10-07T00:11:18Z" level=warning msg="Request Failed" error="Get \"http://auth-service.ecommerce.svc.cluster.local:8001/auth/me\": request timeout"
time="2026-10-07T00:11:18Z" level=warning msg="Request Failed" error="Post \"http://auth-service.ecommerce.svc.cluster.local:8001/auth/login\": request timeout"
time="2026-10-07T00:11:18Z" level=warning msg="Request Failed" error="Get \"http://auth-service.ecommerce.svc.cluster.local:8001/auth/me\": request timeout"
time="2026-10-07T00:11:19Z" level=warning msg="Request Failed" error="Get \"http://auth-service.ecommerce.svc.cluster.local:8001/auth/me\": request timeout"
time="2026-10-07T00:11:19Z" level=warning msg="Request Failed" error="Post \"http://auth-service.ecommerce.svc.cluster.local:8001/auth/login\": request timeout"
time="2026-10-07T00:11:19Z" level=warning msg="Request Failed" error="Post \"http://auth-service.ecommerce.svc.cluster.local:8001/auth/login\": request timeout"
time="2026-10-07T00:11:19Z" level=warning msg="Request Failed" error="Post \"http://auth-service.ecommerce.svc.cluster.local:8001/auth/login\": request timeout"
time="2026-10-07T00:11:19Z" level=warning msg="Request Failed" error="Post \"http://auth-service.ecommerce.svc.cluster.local:8001/auth/login\": request timeout"
time="2026-10-07T00:11:19Z" level=warning msg="Request Failed" error="Get \"http://auth-service.ecommerce.svc.cluster.local:8001/auth/me\": request timeout"
time="2026-10-07T00:11:19Z" level=warning msg="Request Failed" error="Post \"http://auth-service.ecommerce.svc.cluster.local:8001/auth/login\": request timeout"
time="2026-10-07T00:11:19Z" level=warning msg="Request Failed" error="Get \"http://auth-service.ecommerce.svc.cluster.local:8001/auth/me\": request timeout"
time="2026-10-07T00:11:19Z" level=warning msg="Request Failed" error="Get \"http://auth-service.ecommerce.svc.cluster.local:8001/auth/me\": request timeout"
time="2026-10-07T00:11:19Z" level=warning msg="Request Failed" error="Post \"http://auth-service.ecommerce.svc.cluster.local:8001/auth/login\": request timeout"

running (02m37.8s), 150/225 VUs, 1083 complete and 0 interrupted iterations
openloop_oscillating   [  22% ] 150/225 VUs  02m37.8s/12m0s  30.00 iters/s
time="2026-10-07T00:11:19Z" level=warning msg="Request Failed" error="Get \"http://auth-service.ecommerce.svc.cluster.local:8001/auth/me\": request timeout"
time="2026-10-07T00:11:19Z" level=warning msg="Request Failed" error="Get \"http://auth-service.ecommerce.svc.cluster.local:8001/auth/me\": request timeout"
time="2026-10-07T00:11:19Z" level=warning msg="Request Failed" error="Post \"http://auth-service.ecommerce.svc.cluster.local:8001/auth/login\": request timeout"
time="2026-10-07T00:11:19Z" level=warning msg="Request Failed" error="Get \"http://auth-service.ecommerce.svc.cluster.local:8001/auth/me\": request timeout"
time="2026-10-07T00:11:19Z" level=warning msg="Request Failed" error="Get \"http://auth-service.ecommerce.svc.cluster.local:8001/auth/me\": request timeout"
time="2026-10-07T00:11:19Z" level=warning msg="Request Failed" error="Get \"http://auth-service.ecommerce.svc.cluster.local:8001/auth/me\": request timeout"
time="2026-10-07T00:11:19Z" level=warning msg="Request Failed" error="Post \"http://auth-service.ecommerce.svc.cluster.local:8001/auth/login\": request timeout"
time="2026-10-07T00:11:19Z" level=warning msg="Request Failed" error="Get \"http://auth-service.ecommerce.svc.cluster.local:8001/auth/me\": request timeout"
time="2026-10-07T00:11:19Z" level=warning msg="Request Failed" error="Post \"http://auth-service.ecommerce.svc.cluster.local:8001/auth/login\": request timeout"
time="2026-10-07T00:11:19Z" level=warning msg="Request Failed" error="Post \"http://auth-service.ecommerce.svc.cluster.local:8001/auth/login\": request timeout"
time="2026-10-07T00:11:19Z" level=warning msg="Request Failed" error="Get \"http://auth-service.ecommerce.svc.cluster.local:8001/auth/me\": request timeout"
time="2026-10-07T00:11:19Z" level=warning msg="Request Failed" error="Get \"http://auth-service.ecommerce.svc.cluster.local:8001/auth/me\": request timeout"
time="2026-10-07T00:11:19Z" level=warning msg="Request Failed" error="Get \"http://auth-service.ecommerce.svc.cluster.local:8001/auth/me\": request timeout"
time="2026-10-07T00:11:19Z" level=warning msg="Request Failed" error="Get \"http://auth-service.ecommerce.svc.cluster.local:8001/auth/me\": request timeout"
time="2026-10-07T00:11:19Z" level=warning msg="Request Failed" error="Post \"http://auth-service.ecommerce.svc.cluster.local:8001/auth/login\": request timeout"
time="2026-10-07T00:11:19Z" level=warning msg="Request Failed" error="Get \"http://auth-service.ecommerce.svc.cluster.local:8001/auth/me\": request timeout"
time="2026-10-07T00:11:19Z" level=warning msg="Request Failed" error="Post \"http://auth-service.ecommerce.svc.cluster.local:8001/auth/login\": request timeout"
time="2026-10-07T00:11:19Z" level=warning msg="Request Failed" error="Post \"http://auth-service.ecommerce.svc.cluster.local:8001/auth/login\": request timeout"
time="2026-10-07T00:11:19Z" level=warning msg="Request Failed" error="Get \"http://auth-service.ecommerce.svc.cluster.local:8001/auth/me\": request timeout"
time="2026-10-07T00:11:19Z" level=warning msg="Request Failed" error="Get \"http://auth-service.ecommerce.svc.cluster.local:8001/auth/me\": request timeout"
time="2026-10-07T00:11:20Z" level=warning msg="Request Failed" error="Get \"http://auth-service.ecommerce.svc.cluster.local:8001/auth/me\": request timeout"
time="2026-10-07T00:11:20Z" level=warning msg="Request Failed" error="Get \"http://auth-service.ecommerce.svc.cluster.local:8001/auth/me\": request timeout"
time="2026-10-07T00:11:20Z" level=warning msg="Request Failed" error="Post \"http://auth-service.ecommerce.svc.cluster.local:8001/auth/login\": request timeout"
time="2026-10-07T00:11:20Z" level=warning msg="Request Failed" error="Post \"http://auth-service.ecommerce.svc.cluster.local:8001/auth/login\": request timeout"
time="2026-10-07T00:11:20Z" level=warning msg="Request Failed" error="Get \"http://auth-service.ecommerce.svc.cluster.local:8001/auth/me\": request timeout"
time="2026-10-07T00:11:20Z" level=warning msg="Request Failed" error="Post \"http://auth-service.ecommerce.svc.cluster.local:8001/auth/login\": request timeout"
time="2026-10-07T00:11:20Z" level=warning msg="Request Failed" error="Post \"http://auth-service.ecommerce.svc.cluster.local:8001/auth/login\": request timeout"
time="2026-10-07T00:11:20Z" level=warning msg="Request Failed" error="Get \"http://auth-service.ecommerce.svc.cluster.local:8001/auth/me\": request timeout"
time="2026-10-07T00:11:20Z" level=warning msg="Request Failed" error="Post \"http://auth-service.ecommerce.svc.cluster.local:8001/auth/login\": request timeout"
time="2026-10-07T00:11:20Z" level=warning msg="Request Failed" error="Get \"http://auth-service.ecommerce.svc.cluster.local:8001/auth/me\": request timeout"

running (02m38.8s), 150/225 VUs, 1113 complete and 0 interrupted iterations
openloop_oscillating   [  22% ] 150/225 VUs  02m38.8s/12m0s  30.00 iters/s
time="2026-10-07T00:11:20Z" level=warning msg="Request Failed" error="Post \"http://auth-service.ecommerce.svc.cluster.local:8001/auth/login\": request timeout"
time="2026-10-07T00:11:20Z" level=warning msg="Request Failed" error="Get \"http://auth-service.ecommerce.svc.cluster.local:8001/auth/me\": request timeout"
time="2026-10-07T00:11:20Z" level=warning msg="Request Failed" error="Get \"http://auth-service.ecommerce.svc.cluster.local:8001/auth/me\": request timeout"
time="2026-10-07T00:11:20Z" level=warning msg="Request Failed" error="Post \"http://auth-service.ecommerce.svc.cluster.local:8001/auth/login\": request timeout"
time="2026-10-07T00:11:20Z" level=warning msg="Request Failed" error="Get \"http://auth-service.ecommerce.svc.cluster.local:8001/auth/me\": request timeout"
time="2026-10-07T00:11:20Z" level=warning msg="Request Failed" error="Post \"http://auth-service.ecommerce.svc.cluster.local:8001/auth/login\": request timeout"
time="2026-10-07T00:11:20Z" level=warning msg="Request Failed" error="Post \"http://auth-service.ecommerce.svc.cluster.local:8001/auth/login\": request timeout"
time="2026-10-07T00:11:20Z" level=warning msg="Request Failed" error="Get \"http://auth-service.ecommerce.svc.cluster.local:8001/auth/me\": request timeout"
time="2026-10-07T00:11:20Z" level=warning msg="Request Failed" error="Get \"http://auth-service.ecommerce.svc.cluster.local:8001/auth/me\": request timeout"
time="2026-10-07T00:11:20Z" level=warning msg="Request Failed" error="Get \"http://auth-service.ecommerce.svc.cluster.local:8001/auth/me\": request timeout"
time="2026-10-07T00:11:20Z" level=warning msg="Request Failed" error="Post \"http://auth-service.ecommerce.svc.cluster.local:8001/auth/login\": request timeout"
time="2026-10-07T00:11:20Z" level=warning msg="Request Failed" error="Post \"http://auth-service.ecommerce.svc.cluster.local:8001/auth/login\": request timeout"
time="2026-10-07T00:11:20Z" level=warning msg="Request Failed" error="Get \"http://auth-service.ecommerce.svc.cluster.local:8001/auth/me\": request timeout"
time="2026-10-07T00:11:20Z" level=warning msg="Request Failed" error="Post \"http://auth-service.ecommerce.svc.cluster.local:8001/auth/login\": request timeout"
time="2026-10-07T00:11:20Z" level=warning msg="Request Failed" error="Get \"http://auth-service.ecommerce.svc.cluster.local:8001/auth/me\": request timeout"
time="2026-10-07T00:11:20Z" level=warning msg="Request Failed" error="Post \"http://auth-service.ecommerce.svc.cluster.local:8001/auth/login\": request timeout"
time="2026-10-07T00:11:20Z" level=warning msg="Request Failed" error="Get \"http://auth-service.ecommerce.svc.cluster.local:8001/auth/me\": request timeout"
time="2026-10-07T00:11:20Z" level=warning msg="Request Failed" error="Get \"http://auth-service.ecommerce.svc.cluster.local:8001/auth/me\": request timeout"
time="2026-10-07T00:11:20Z" level=warning msg="Request Failed" error="Get \"http://auth-service.ecommerce.svc.cluster.local:8001/auth/me\": request timeout"
time="2026-10-07T00:11:21Z" level=warning msg="Request Failed" error="Post \"http://auth-service.ecommerce.svc.cluster.local:8001/auth/login\": request timeout"
time="2026-10-07T00:11:21Z" level=warning msg="Request Failed" error="Get \"http://auth-service.ecommerce.svc.cluster.local:8001/auth/me\": request timeout"
time="2026-10-07T00:11:21Z" level=warning msg="Request Failed" error="Get \"http://auth-service.ecommerce.svc.cluster.local:8001/auth/me\": request timeout"
time="2026-10-07T00:11:21Z" level=warning msg="Request Failed" error="Get \"http://auth-service.ecommerce.svc.cluster.local:8001/auth/me\": request timeout"
time="2026-10-07T00:11:21Z" level=warning msg="Request Failed" error="Get \"http://auth-service.ecommerce.svc.cluster.local:8001/auth/me\": request timeout"
time="2026-10-07T00:11:21Z" level=warning msg="Request Failed" error="Post \"http://auth-service.ecommerce.svc.cluster.local:8001/auth/login\": request timeout"
time="2026-10-07T00:11:21Z" level=warning msg="Request Failed" error="Get \"http://auth-service.ecommerce.svc.cluster.local:8001/auth/me\": request timeout"

running (02m39.8s), 151/225 VUs, 1143 complete and 0 interrupted iterations
openloop_oscillating   [  22% ] 151/225 VUs  02m39.8s/12m0s  30.00 iters/s
time="2026-10-07T00:11:21Z" level=warning msg="Request Failed" error="Get \"http://auth-service.ecommerce.svc.cluster.local:8001/auth/me\": request timeout"
time="2026-10-07T00:11:21Z" level=warning msg="Request Failed" error="Get \"http://auth-service.ecommerce.svc.cluster.local:8001/auth/me\": request timeout"
time="2026-10-07T00:11:21Z" level=warning msg="Request Failed" error="Get \"http://auth-service.ecommerce.svc.cluster.local:8001/auth/me\": request timeout"
time="2026-10-07T00:11:21Z" level=warning msg="Request Failed" error="Get \"http://auth-service.ecommerce.svc.cluster.local:8001/auth/me\": request timeout"
time="2026-10-07T00:11:21Z" level=warning msg="Request Failed" error="Post \"http://auth-service.ecommerce.svc.cluster.local:8001/auth/login\": request timeout"
time="2026-10-07T00:11:21Z" level=warning msg="Request Failed" error="Get \"http://auth-service.ecommerce.svc.cluster.local:8001/auth/me\": request timeout"
time="2026-10-07T00:11:21Z" level=warning msg="Request Failed" error="Get \"http://auth-service.ecommerce.svc.cluster.local:8001/auth/me\": request timeout"
time="2026-10-07T00:11:21Z" level=warning msg="Request Failed" error="Get \"http://auth-service.ecommerce.svc.cluster.local:8001/auth/me\": request timeout"
time="2026-10-07T00:11:21Z" level=warning msg="Request Failed" error="Post \"http://auth-service.ecommerce.svc.cluster.local:8001/auth/login\": request timeout"
time="2026-10-07T00:11:21Z" level=warning msg="Request Failed" error="Get \"http://auth-service.ecommerce.svc.cluster.local:8001/auth/me\": request timeout"
time="2026-10-07T00:11:21Z" level=warning msg="Request Failed" error="Post \"http://auth-service.ecommerce.svc.cluster.local:8001/auth/login\": request timeout"
time="2026-10-07T00:11:21Z" level=warning msg="Request Failed" error="Get \"http://auth-service.ecommerce.svc.cluster.local:8001/auth/me\": request timeout"
time="2026-10-07T00:11:21Z" level=warning msg="Request Failed" error="Get \"http://auth-service.ecommerce.svc.cluster.local:8001/auth/me\": request timeout"
time="2026-10-07T00:11:21Z" level=warning msg="Request Failed" error="Get \"http://auth-service.ecommerce.svc.cluster.local:8001/auth/me\": request timeout"
time="2026-10-07T00:11:21Z" level=warning msg="Request Failed" error="Post \"http://auth-service.ecommerce.svc.cluster.local:8001/auth/login\": request timeout"
time="2026-10-07T00:11:21Z" level=warning msg="Request Failed" error="Get \"http://auth-service.ecommerce.svc.cluster.local:8001/auth/me\": request timeout"
time="2026-10-07T00:11:21Z" level=warning msg="Request Failed" error="Get \"http://auth-service.ecommerce.svc.cluster.local:8001/auth/me\": request timeout"
time="2026-10-07T00:11:21Z" level=warning msg="Request Failed" error="Post \"http://auth-service.ecommerce.svc.cluster.local:8001/auth/login\": request timeout"
time="2026-10-07T00:11:21Z" level=warning msg="Request Failed" error="Get \"http://auth-service.ecommerce.svc.cluster.local:8001/auth/me\": request timeout"
time="2026-10-07T00:11:21Z" level=warning msg="Request Failed" error="Get \"http://auth-service.ecommerce.svc.cluster.local:8001/auth/me\": request timeout"
time="2026-10-07T00:11:22Z" level=warning msg="Request Failed" error="Get \"http://auth-service.ecommerce.svc.cluster.local:8001/auth/me\": request timeout"
time="2026-10-07T00:11:22Z" level=warning msg="Request Failed" error="Get \"http://auth-service.ecommerce.svc.cluster.local:8001/auth/me\": request timeout"
time="2026-10-07T00:11:22Z" level=warning msg="Request Failed" error="Post \"http://auth-service.ecommerce.svc.cluster.local:8001/auth/login\": request timeout"
time="2026-10-07T00:11:22Z" level=warning msg="Request Failed" error="Get \"http://auth-service.ecommerce.svc.cluster.local:8001/auth/me\": request timeout"
time="2026-10-07T00:11:22Z" level=warning msg="Request Failed" error="Get \"http://auth-service.ecommerce.svc.cluster.local:8001/auth/me\": request timeout"
time="2026-10-07T00:11:22Z" level=warning msg="Request Failed" error="Get \"http://auth-service.ecommerce.svc.cluster.local:8001/auth/me\": request timeout"
time="2026-10-07T00:11:22Z" level=warning msg="Request Failed" error="Get \"http://auth-service.ecommerce.svc.cluster.local:8001/auth/me\": request timeout"
time="2026-10-07T00:11:22Z" level=warning msg="Request Failed" error="Get \"http://auth-service.ecommerce.svc.cluster.local:8001/auth/me\": request timeout"
time="2026-10-07T00:11:22Z" level=warning msg="Request Failed" error="Get \"http://auth-service.ecommerce.svc.cluster.local:8001/auth/me\": request timeout"
time="2026-10-07T00:11:22Z" level=warning msg="Request Failed" error="Get \"http://auth-service.ecommerce.svc.cluster.local:8001/auth/me\": request timeout"

running (02m40.8s), 149/225 VUs, 1174 complete and 0 interrupted iterations
openloop_oscillating   [  22% ] 149/225 VUs  02m40.8s/12m0s  30.00 iters/s
time="2026-10-07T00:11:22Z" level=warning msg="Request Failed" error="Post \"http://auth-service.ecommerce.svc.cluster.local:8001/auth/login\": request timeout"
time="2026-10-07T00:11:22Z" level=warning msg="Request Failed" error="Post \"http://auth-service.ecommerce.svc.cluster.local:8001/auth/login\": request timeout"
time="2026-10-07T00:11:22Z" level=warning msg="Request Failed" error="Get \"http://auth-service.ecommerce.svc.cluster.local:8001/auth/me\": request timeout"
time="2026-10-07T00:11:22Z" level=warning msg="Request Failed" error="Get \"http://auth-service.ecommerce.svc.cluster.local:8001/auth/me\": request timeout"
time="2026-10-07T00:11:22Z" level=warning msg="Request Failed" error="Get \"http://auth-service.ecommerce.svc.cluster.local:8001/auth/me\": request timeout"
time="2026-10-07T00:11:22Z" level=warning msg="Request Failed" error="Get \"http://auth-service.ecommerce.svc.cluster.local:8001/auth/me\": request timeout"
time="2026-10-07T00:11:22Z" level=warning msg="Request Failed" error="Get \"http://auth-service.ecommerce.svc.cluster.local:8001/auth/me\": request timeout"
time="2026-10-07T00:11:22Z" level=warning msg="Request Failed" error="Get \"http://auth-service.ecommerce.svc.cluster.local:8001/auth/me\": request timeout"
time="2026-10-07T00:11:22Z" level=warning msg="Request Failed" error="Get \"http://auth-service.ecommerce.svc.cluster.local:8001/auth/me\": request timeout"
time="2026-10-07T00:11:22Z" level=warning msg="Request Failed" error="Get \"http://auth-service.ecommerce.svc.cluster.local:8001/auth/me\": request timeout"
time="2026-10-07T00:11:22Z" level=warning msg="Request Failed" error="Get \"http://auth-service.ecommerce.svc.cluster.local:8001/auth/me\": request timeout"
time="2026-10-07T00:11:22Z" level=warning msg="Request Failed" error="Post \"http://auth-service.ecommerce.svc.cluster.local:8001/auth/login\": request timeout"
time="2026-10-07T00:11:22Z" level=warning msg="Request Failed" error="Get \"http://auth-service.ecommerce.svc.cluster.local:8001/auth/me\": request timeout"
time="2026-10-07T00:11:22Z" level=warning msg="Request Failed" error="Get \"http://auth-service.ecommerce.svc.cluster.local:8001/auth/me\": request timeout"
time="2026-10-07T00:11:22Z" level=warning msg="Request Failed" error="Get \"http://auth-service.ecommerce.svc.cluster.local:8001/auth/me\": request timeout"
time="2026-10-07T00:11:22Z" level=warning msg="Request Failed" error="Get \"http://auth-service.ecommerce.svc.cluster.local:8001/auth/me\": request timeout"
time="2026-10-07T00:11:23Z" level=warning msg="Request Failed" error="Get \"http://auth-service.ecommerce.svc.cluster.local:8001/auth/me\": request timeout"
time="2026-10-07T00:11:23Z" level=warning msg="Request Failed" error="Post \"http://auth-service.ecommerce.svc.cluster.local:8001/auth/login\": request timeout"
time="2026-10-07T00:11:23Z" level=warning msg="Request Failed" error="Get \"http://auth-service.ecommerce.svc.cluster.local:8001/auth/me\": request timeout"
time="2026-10-07T00:11:23Z" level=warning msg="Request Failed" error="Get \"http://auth-service.ecommerce.svc.cluster.local:8001/auth/me\": request timeout"
time="2026-10-07T00:11:23Z" level=warning msg="Request Failed" error="Get \"http://auth-service.ecommerce.svc.cluster.local:8001/auth/me\": request timeout"

running (02m41.8s), 146/225 VUs, 1208 complete and 0 interrupted iterations
openloop_oscillating   [  22% ] 146/225 VUs  02m41.8s/12m0s  30.00 iters/s
time="2026-10-07T00:11:23Z" level=warning msg="Request Failed" error="Get \"http://auth-service.ecommerce.svc.cluster.local:8001/auth/me\": request timeout"
time="2026-10-07T00:11:23Z" level=warning msg="Request Failed" error="Get \"http://auth-service.ecommerce.svc.cluster.local:8001/auth/me\": request timeout"
time="2026-10-07T00:11:23Z" level=warning msg="Request Failed" error="Get \"http://auth-service.ecommerce.svc.cluster.local:8001/auth/me\": request timeout"
time="2026-10-07T00:11:23Z" level=warning msg="Request Failed" error="Get \"http://auth-service.ecommerce.svc.cluster.local:8001/auth/me\": request timeout"
time="2026-10-07T00:11:23Z" level=warning msg="Request Failed" error="Get \"http://auth-service.ecommerce.svc.cluster.local:8001/auth/me\": request timeout"
time="2026-10-07T00:11:23Z" level=warning msg="Request Failed" error="Get \"http://auth-service.ecommerce.svc.cluster.local:8001/auth/me\": request timeout"
time="2026-10-07T00:11:23Z" level=warning msg="Request Failed" error="Get \"http://auth-service.ecommerce.svc.cluster.local:8001/auth/me\": request timeout"
time="2026-10-07T00:11:23Z" level=warning msg="Request Failed" error="Post \"http://auth-service.ecommerce.svc.cluster.local:8001/auth/login\": request timeout"
time="2026-10-07T00:11:23Z" level=warning msg="Request Failed" error="Post \"http://auth-service.ecommerce.svc.cluster.local:8001/auth/login\": request timeout"
time="2026-10-07T00:11:23Z" level=warning msg="Request Failed" error="Get \"http://auth-service.ecommerce.svc.cluster.local:8001/auth/me\": request timeout"
time="2026-10-07T00:11:23Z" level=warning msg="Request Failed" error="Post \"http://auth-service.ecommerce.svc.cluster.local:8001/auth/login\": request timeout"
time="2026-10-07T00:11:24Z" level=warning msg="Request Failed" error="Post \"http://auth-service.ecommerce.svc.cluster.local:8001/auth/login\": request timeout"
time="2026-10-07T00:11:24Z" level=warning msg="Request Failed" error="Post \"http://auth-service.ecommerce.svc.cluster.local:8001/auth/login\": request timeout"
time="2026-10-07T00:11:24Z" level=warning msg="Request Failed" error="Get \"http://auth-service.ecommerce.svc.cluster.local:8001/auth/me\": request timeout"
time="2026-10-07T00:11:24Z" level=warning msg="Request Failed" error="Get \"http://auth-service.ecommerce.svc.cluster.local:8001/auth/me\": request timeout"
time="2026-10-07T00:11:24Z" level=warning msg="Request Failed" error="Post \"http://auth-service.ecommerce.svc.cluster.local:8001/auth/login\": request timeout"
time="2026-10-07T00:11:24Z" level=warning msg="Request Failed" error="Post \"http://auth-service.ecommerce.svc.cluster.local:8001/auth/login\": request timeout"

running (02m42.8s), 151/225 VUs, 1233 complete and 0 interrupted iterations
openloop_oscillating   [  23% ] 151/225 VUs  02m42.8s/12m0s  30.00 iters/s
time="2026-10-07T00:11:24Z" level=warning msg="Request Failed" error="Post \"http://auth-service.ecommerce.svc.cluster.local:8001/auth/login\": request timeout"
time="2026-10-07T00:11:24Z" level=warning msg="Request Failed" error="Get \"http://auth-service.ecommerce.svc.cluster.local:8001/auth/me\": request timeout"
time="2026-10-07T00:11:24Z" level=warning msg="Request Failed" error="Get \"http://auth-service.ecommerce.svc.cluster.local:8001/auth/me\": request timeout"
time="2026-10-07T00:11:24Z" level=warning msg="Request Failed" error="Get \"http://auth-service.ecommerce.svc.cluster.local:8001/auth/me\": request timeout"
time="2026-10-07T00:11:24Z" level=warning msg="Request Failed" error="Get \"http://auth-service.ecommerce.svc.cluster.local:8001/auth/me\": request timeout"
time="2026-10-07T00:11:24Z" level=warning msg="Request Failed" error="Get \"http://auth-service.ecommerce.svc.cluster.local:8001/auth/me\": request timeout"
time="2026-10-07T00:11:24Z" level=warning msg="Request Failed" error="Post \"http://auth-service.ecommerce.svc.cluster.local:8001/auth/login\": request timeout"
time="2026-10-07T00:11:24Z" level=warning msg="Request Failed" error="Get \"http://auth-service.ecommerce.svc.cluster.local:8001/auth/me\": request timeout"
time="2026-10-07T00:11:24Z" level=warning msg="Request Failed" error="Get \"http://auth-service.ecommerce.svc.cluster.local:8001/auth/me\": request timeout"
time="2026-10-07T00:11:24Z" level=warning msg="Request Failed" error="Get \"http://auth-service.ecommerce.svc.cluster.local:8001/auth/me\": request timeout"
time="2026-10-07T00:11:24Z" level=warning msg="Request Failed" error="Post \"http://auth-service.ecommerce.svc.cluster.local:8001/auth/login\": request timeout"
time="2026-10-07T00:11:24Z" level=warning msg="Request Failed" error="Post \"http://auth-service.ecommerce.svc.cluster.local:8001/auth/login\": request timeout"
time="2026-10-07T00:11:24Z" level=warning msg="Request Failed" error="Get \"http://auth-service.ecommerce.svc.cluster.local:8001/auth/me\": request timeout"
time="2026-10-07T00:11:24Z" level=warning msg="Request Failed" error="Post \"http://auth-service.ecommerce.svc.cluster.local:8001/auth/login\": request timeout"
time="2026-10-07T00:11:24Z" level=warning msg="Request Failed" error="Get \"http://auth-service.ecommerce.svc.cluster.local:8001/auth/me\": request timeout"
time="2026-10-07T00:11:24Z" level=warning msg="Request Failed" error="Get \"http://auth-service.ecommerce.svc.cluster.local:8001/auth/me\": request timeout"
time="2026-10-07T00:11:24Z" level=warning msg="Request Failed" error="Get \"http://auth-service.ecommerce.svc.cluster.local:8001/auth/me\": request timeout"
time="2026-10-07T00:11:24Z" level=warning msg="Request Failed" error="Get \"http://auth-service.ecommerce.svc.cluster.local:8001/auth/me\": request timeout"
time="2026-10-07T00:11:24Z" level=warning msg="Request Failed" error="Get \"http://auth-service.ecommerce.svc.cluster.local:8001/auth/me\": request timeout"
time="2026-10-07T00:11:24Z" level=warning msg="Request Failed" error="Get \"http://auth-service.ecommerce.svc.cluster.local:8001/auth/me\": request timeout"
time="2026-10-07T00:11:25Z" level=warning msg="Request Failed" error="Get \"http://auth-service.ecommerce.svc.cluster.local:8001/auth/me\": request timeout"
time="2026-10-07T00:11:25Z" level=warning msg="Request Failed" error="Get \"http://auth-service.ecommerce.svc.cluster.local:8001/auth/me\": request timeout"
time="2026-10-07T00:11:25Z" level=warning msg="Request Failed" error="Get \"http://auth-service.ecommerce.svc.cluster.local:8001/auth/me\": request timeout"
time="2026-10-07T00:11:25Z" level=warning msg="Request Failed" error="Post \"http://auth-service.ecommerce.svc.cluster.local:8001/auth/login\": request timeout"
time="2026-10-07T00:11:25Z" level=warning msg="Request Failed" error="Get \"http://auth-service.ecommerce.svc.cluster.local:8001/auth/me\": request timeout"
time="2026-10-07T00:11:25Z" level=warning msg="Request Failed" error="Get \"http://auth-service.ecommerce.svc.cluster.local:8001/auth/me\": request timeout"
time="2026-10-07T00:11:25Z" level=warning msg="Request Failed" error="Post \"http://auth-service.ecommerce.svc.cluster.local:8001/auth/login\": request timeout"
time="2026-10-07T00:11:25Z" level=warning msg="Request Failed" error="Get \"http://auth-service.ecommerce.svc.cluster.local:8001/auth/me\": request timeout"
time="2026-10-07T00:11:25Z" level=warning msg="Request Failed" error="Post \"http://auth-service.ecommerce.svc.cluster.local:8001/auth/login\": request timeout"
time="2026-10-07T00:11:25Z" level=warning msg="Request Failed" error="Post \"http://auth-service.ecommerce.svc.cluster.local:8001/auth/login\": request timeout"

running (02m43.8s), 151/225 VUs, 1263 complete and 0 interrupted iterations
openloop_oscillating   [  23% ] 151/225 VUs  02m43.8s/12m0s  30.00 iters/s
time="2026-10-07T00:11:25Z" level=warning msg="Request Failed" error="Get \"http://auth-service.ecommerce.svc.cluster.local:8001/auth/me\": request timeout"
time="2026-10-07T00:11:25Z" level=warning msg="Request Failed" error="Post \"http://auth-service.ecommerce.svc.cluster.local:8001/auth/login\": request timeout"
time="2026-10-07T00:11:25Z" level=warning msg="Request Failed" error="Post \"http://auth-service.ecommerce.svc.cluster.local:8001/auth/login\": request timeout"
time="2026-10-07T00:11:25Z" level=warning msg="Request Failed" error="Post \"http://auth-service.ecommerce.svc.cluster.local:8001/auth/login\": request timeout"
time="2026-10-07T00:11:25Z" level=warning msg="Request Failed" error="Get \"http://auth-service.ecommerce.svc.cluster.local:8001/auth/me\": request timeout"
time="2026-10-07T00:11:25Z" level=warning msg="Request Failed" error="Get \"http://auth-service.ecommerce.svc.cluster.local:8001/auth/me\": request timeout"
time="2026-10-07T00:11:25Z" level=warning msg="Request Failed" error="Get \"http://auth-service.ecommerce.svc.cluster.local:8001/auth/me\": request timeout"
time="2026-10-07T00:11:25Z" level=warning msg="Request Failed" error="Post \"http://auth-service.ecommerce.svc.cluster.local:8001/auth/login\": request timeout"
time="2026-10-07T00:11:25Z" level=warning msg="Request Failed" error="Get \"http://auth-service.ecommerce.svc.cluster.local:8001/auth/me\": request timeout"
time="2026-10-07T00:11:25Z" level=warning msg="Request Failed" error="Post \"http://auth-service.ecommerce.svc.cluster.local:8001/auth/login\": request timeout"
time="2026-10-07T00:11:25Z" level=warning msg="Request Failed" error="Post \"http://auth-service.ecommerce.svc.cluster.local:8001/auth/login\": request timeout"
time="2026-10-07T00:11:25Z" level=warning msg="Request Failed" error="Post \"http://auth-service.ecommerce.svc.cluster.local:8001/auth/login\": request timeout"
time="2026-10-07T00:11:25Z" level=warning msg="Request Failed" error="Get \"http://auth-service.ecommerce.svc.cluster.local:8001/auth/me\": request timeout"
time="2026-10-07T00:11:25Z" level=warning msg="Request Failed" error="Post \"http://auth-service.ecommerce.svc.cluster.local:8001/auth/login\": request timeout"
time="2026-10-07T00:11:25Z" level=warning msg="Request Failed" error="Get \"http://auth-service.ecommerce.svc.cluster.local:8001/auth/me\": request timeout"
time="2026-10-07T00:11:25Z" level=warning msg="Request Failed" error="Get \"http://auth-service.ecommerce.svc.cluster.local:8001/auth/me\": request timeout"
time="2026-10-07T00:11:25Z" level=warning msg="Request Failed" error="Get \"http://auth-service.ecommerce.svc.cluster.local:8001/auth/me\": request timeout"
time="2026-10-07T00:11:25Z" level=warning msg="Request Failed" error="Get \"http://auth-service.ecommerce.svc.cluster.local:8001/auth/me\": request timeout"
time="2026-10-07T00:11:25Z" level=warning msg="Request Failed" error="Get \"http://auth-service.ecommerce.svc.cluster.local:8001/auth/me\": request timeout"
time="2026-10-07T00:11:26Z" level=warning msg="Request Failed" error="Get \"http://auth-service.ecommerce.svc.cluster.local:8001/auth/me\": request timeout"
time="2026-10-07T00:11:26Z" level=warning msg="Request Failed" error="Get \"http://auth-service.ecommerce.svc.cluster.local:8001/auth/me\": request timeout"
time="2026-10-07T00:11:26Z" level=warning msg="Request Failed" error="Get \"http://auth-service.ecommerce.svc.cluster.local:8001/auth/me\": request timeout"
time="2026-10-07T00:11:26Z" level=warning msg="Request Failed" error="Get \"http://auth-service.ecommerce.svc.cluster.local:8001/auth/me\": request timeout"
time="2026-10-07T00:11:26Z" level=warning msg="Request Failed" error="Get \"http://auth-service.ecommerce.svc.cluster.local:8001/auth/me\": request timeout"
time="2026-10-07T00:11:26Z" level=warning msg="Request Failed" error="Post \"http://auth-service.ecommerce.svc.cluster.local:8001/auth/login\": request timeout"
time="2026-10-07T00:11:26Z" level=warning msg="Request Failed" error="Post \"http://auth-service.ecommerce.svc.cluster.local:8001/auth/login\": request timeout"
time="2026-10-07T00:11:26Z" level=warning msg="Request Failed" error="Get \"http://auth-service.ecommerce.svc.cluster.local:8001/auth/me\": request timeout"
time="2026-10-07T00:11:26Z" level=warning msg="Request Failed" error="Post \"http://auth-service.ecommerce.svc.cluster.local:8001/auth/login\": request timeout"

running (02m44.8s), 147/225 VUs, 1297 complete and 0 interrupted iterations
openloop_oscillating   [  23% ] 147/225 VUs  02m44.8s/12m0s  30.00 iters/s
time="2026-10-07T00:11:26Z" level=warning msg="Request Failed" error="Post \"http://auth-service.ecommerce.svc.cluster.local:8001/auth/login\": request timeout"
time="2026-10-07T00:11:26Z" level=warning msg="Request Failed" error="request timeout"
time="2026-10-07T00:11:26Z" level=warning msg="Request Failed" error="Get \"http://auth-service.ecommerce.svc.cluster.local:8001/auth/me\": request timeout"
time="2026-10-07T00:11:26Z" level=warning msg="Request Failed" error="Post \"http://auth-service.ecommerce.svc.cluster.local:8001/auth/login\": request timeout"
time="2026-10-07T00:11:26Z" level=warning msg="Request Failed" error="Post \"http://auth-service.ecommerce.svc.cluster.local:8001/auth/login\": request timeout"
time="2026-10-07T00:11:26Z" level=warning msg="Request Failed" error="Get \"http://auth-service.ecommerce.svc.cluster.local:8001/auth/me\": request timeout"
time="2026-10-07T00:11:26Z" level=warning msg="Request Failed" error="Get \"http://auth-service.ecommerce.svc.cluster.local:8001/auth/me\": request timeout"
time="2026-10-07T00:11:26Z" level=warning msg="Request Failed" error="Post \"http://auth-service.ecommerce.svc.cluster.local:8001/auth/login\": request timeout"
time="2026-10-07T00:11:26Z" level=warning msg="Request Failed" error="Get \"http://auth-service.ecommerce.svc.cluster.local:8001/auth/me\": request timeout"
time="2026-10-07T00:11:26Z" level=warning msg="Request Failed" error="Get \"http://auth-service.ecommerce.svc.cluster.local:8001/auth/me\": request timeout"
time="2026-10-07T00:11:27Z" level=warning msg="Request Failed" error="Post \"http://auth-service.ecommerce.svc.cluster.local:8001/auth/login\": request timeout"
time="2026-10-07T00:11:27Z" level=warning msg="Request Failed" error="Get \"http://auth-service.ecommerce.svc.cluster.local:8001/auth/me\": request timeout"
time="2026-10-07T00:11:27Z" level=warning msg="Request Failed" error="Get \"http://auth-service.ecommerce.svc.cluster.local:8001/auth/me\": request timeout"
time="2026-10-07T00:11:27Z" level=warning msg="Request Failed" error="Get \"http://auth-service.ecommerce.svc.cluster.local:8001/auth/me\": request timeout"

running (02m45.8s), 147/225 VUs, 1326 complete and 0 interrupted iterations
openloop_oscillating   [  23% ] 147/225 VUs  02m45.8s/12m0s  30.00 iters/s
time="2026-10-07T00:11:27Z" level=warning msg="Request Failed" error="Post \"http://auth-service.ecommerce.svc.cluster.local:8001/auth/login\": request timeout"
time="2026-10-07T00:11:27Z" level=warning msg="Request Failed" error="Get \"http://auth-service.ecommerce.svc.cluster.local:8001/auth/me\": request timeout"
time="2026-10-07T00:11:27Z" level=warning msg="Request Failed" error="Get \"http://auth-service.ecommerce.svc.cluster.local:8001/auth/me\": request timeout"
time="2026-10-07T00:11:27Z" level=warning msg="Request Failed" error="Get \"http://auth-service.ecommerce.svc.cluster.local:8001/auth/me\": request timeout"
time="2026-10-07T00:11:27Z" level=warning msg="Request Failed" error="Get \"http://auth-service.ecommerce.svc.cluster.local:8001/auth/me\": request timeout"
time="2026-10-07T00:11:27Z" level=warning msg="Request Failed" error="Get \"http://auth-service.ecommerce.svc.cluster.local:8001/auth/me\": request timeout"
time="2026-10-07T00:11:27Z" level=warning msg="Request Failed" error="Get \"http://auth-service.ecommerce.svc.cluster.local:8001/auth/me\": request timeout"
time="2026-10-07T00:11:27Z" level=warning msg="Request Failed" error="Get \"http://auth-service.ecommerce.svc.cluster.local:8001/auth/me\": request timeout"
time="2026-10-07T00:11:27Z" level=warning msg="Request Failed" error="Get \"http://auth-service.ecommerce.svc.cluster.local:8001/auth/me\": request timeout"
time="2026-10-07T00:11:27Z" level=warning msg="Request Failed" error="Post \"http://auth-service.ecommerce.svc.cluster.local:8001/auth/login\": request timeout"
time="2026-10-07T00:11:27Z" level=warning msg="Request Failed" error="Get \"http://auth-service.ecommerce.svc.cluster.local:8001/auth/me\": request timeout"
time="2026-10-07T00:11:27Z" level=warning msg="Request Failed" error="Get \"http://auth-service.ecommerce.svc.cluster.local:8001/auth/me\": request timeout"
time="2026-10-07T00:11:27Z" level=warning msg="Request Failed" error="Get \"http://auth-service.ecommerce.svc.cluster.local:8001/auth/me\": request timeout"
time="2026-10-07T00:11:28Z" level=warning msg="Request Failed" error="Post \"http://auth-service.ecommerce.svc.cluster.local:8001/auth/login\": request timeout"
time="2026-10-07T00:11:28Z" level=warning msg="Request Failed" error="Get \"http://auth-service.ecommerce.svc.cluster.local:8001/auth/me\": request timeout"
time="2026-10-07T00:11:28Z" level=warning msg="Request Failed" error="Get \"http://auth-service.ecommerce.svc.cluster.local:8001/auth/me\": request timeout"
time="2026-10-07T00:11:28Z" level=warning msg="Request Failed" error="Post \"http://auth-service.ecommerce.svc.cluster.local:8001/auth/login\": request timeout"

running (02m46.8s), 150/225 VUs, 1353 complete and 0 interrupted iterations
openloop_oscillating   [  23% ] 150/225 VUs  02m46.8s/12m0s  30.00 iters/s
time="2026-10-07T00:11:28Z" level=warning msg="Request Failed" error="Post \"http://auth-service.ecommerce.svc.cluster.local:8001/auth/login\": request timeout"
time="2026-10-07T00:11:28Z" level=warning msg="Request Failed" error="Post \"http://auth-service.ecommerce.svc.cluster.local:8001/auth/login\": request timeout"
time="2026-10-07T00:11:28Z" level=warning msg="Request Failed" error="Get \"http://auth-service.ecommerce.svc.cluster.local:8001/auth/me\": request timeout"
time="2026-10-07T00:11:28Z" level=warning msg="Request Failed" error="Get \"http://auth-service.ecommerce.svc.cluster.local:8001/auth/me\": request timeout"
time="2026-10-07T00:11:28Z" level=warning msg="Request Failed" error="Get \"http://auth-service.ecommerce.svc.cluster.local:8001/auth/me\": request timeout"
time="2026-10-07T00:11:28Z" level=warning msg="Request Failed" error="Get \"http://auth-service.ecommerce.svc.cluster.local:8001/auth/me\": request timeout"
time="2026-10-07T00:11:28Z" level=warning msg="Request Failed" error="Get \"http://auth-service.ecommerce.svc.cluster.local:8001/auth/me\": request timeout"
time="2026-10-07T00:11:28Z" level=warning msg="Request Failed" error="Get \"http://auth-service.ecommerce.svc.cluster.local:8001/auth/me\": request timeout"
time="2026-10-07T00:11:28Z" level=warning msg="Request Failed" error="Post \"http://auth-service.ecommerce.svc.cluster.local:8001/auth/login\": request timeout"
time="2026-10-07T00:11:28Z" level=warning msg="Request Failed" error="Get \"http://auth-service.ecommerce.svc.cluster.local:8001/auth/me\": request timeout"
time="2026-10-07T00:11:28Z" level=warning msg="Request Failed" error="Post \"http://auth-service.ecommerce.svc.cluster.local:8001/auth/login\": request timeout"
time="2026-10-07T00:11:28Z" level=warning msg="Request Failed" error="Get \"http://auth-service.ecommerce.svc.cluster.local:8001/auth/me\": request timeout"
time="2026-10-07T00:11:28Z" level=warning msg="Request Failed" error="Post \"http://auth-service.ecommerce.svc.cluster.local:8001/auth/login\": request timeout"
time="2026-10-07T00:11:28Z" level=warning msg="Request Failed" error="request timeout"
time="2026-10-07T00:11:29Z" level=warning msg="Request Failed" error="Post \"http://auth-service.ecommerce.svc.cluster.local:8001/auth/login\": request timeout"

running (02m47.8s), 134/225 VUs, 1400 complete and 0 interrupted iterations
openloop_oscillating   [  23% ] 134/225 VUs  02m47.8s/12m0s  30.00 iters/s
time="2026-10-07T00:11:29Z" level=warning msg="Request Failed" error="Post \"http://auth-service.ecommerce.svc.cluster.local:8001/auth/login\": request timeout"
time="2026-10-07T00:11:29Z" level=warning msg="Request Failed" error="Post \"http://auth-service.ecommerce.svc.cluster.local:8001/auth/login\": request timeout"
time="2026-10-07T00:11:29Z" level=warning msg="Request Failed" error="Post \"http://auth-service.ecommerce.svc.cluster.local:8001/auth/login\": request timeout"
time="2026-10-07T00:11:29Z" level=warning msg="Request Failed" error="Post \"http://auth-service.ecommerce.svc.cluster.local:8001/auth/login\": request timeout"
time="2026-10-07T00:11:29Z" level=warning msg="Request Failed" error="request timeout"
time="2026-10-07T00:11:30Z" level=warning msg="Request Failed" error="Post \"http://auth-service.ecommerce.svc.cluster.local:8001/auth/login\": request timeout"
time="2026-10-07T00:11:30Z" level=warning msg="Request Failed" error="request timeout"
time="2026-10-07T00:11:30Z" level=warning msg="Request Failed" error="request timeout"
time="2026-10-07T00:11:30Z" level=warning msg="Request Failed" error="Post \"http://auth-service.ecommerce.svc.cluster.local:8001/auth/login\": request timeout"
time="2026-10-07T00:11:30Z" level=warning msg="Request Failed" error="Post \"http://auth-service.ecommerce.svc.cluster.local:8001/auth/login\": request timeout"
time="2026-10-07T00:11:30Z" level=warning msg="Request Failed" error="Get \"http://auth-service.ecommerce.svc.cluster.local:8001/auth/me\": request timeout"

running (02m48.8s), 145/225 VUs, 1418 complete and 0 interrupted iterations
openloop_oscillating   [  23% ] 145/225 VUs  02m48.8s/12m0s  30.00 iters/s
time="2026-10-07T00:11:30Z" level=warning msg="Request Failed" error="Get \"http://auth-service.ecommerce.svc.cluster.local:8001/auth/me\": request timeout"
time="2026-10-07T00:11:30Z" level=warning msg="Request Failed" error="Get \"http://auth-service.ecommerce.svc.cluster.local:8001/auth/me\": request timeout"
time="2026-10-07T00:11:30Z" level=warning msg="Request Failed" error="Post \"http://auth-service.ecommerce.svc.cluster.local:8001/auth/login\": request timeout"
time="2026-10-07T00:11:30Z" level=warning msg="Request Failed" error="Get \"http://auth-service.ecommerce.svc.cluster.local:8001/auth/me\": request timeout"
time="2026-10-07T00:11:30Z" level=warning msg="Request Failed" error="Post \"http://auth-service.ecommerce.svc.cluster.local:8001/auth/login\": request timeout"
time="2026-10-07T00:11:30Z" level=warning msg="Request Failed" error="Get \"http://auth-service.ecommerce.svc.cluster.local:8001/auth/me\": request timeout"
time="2026-10-07T00:11:30Z" level=warning msg="Request Failed" error="Get \"http://auth-service.ecommerce.svc.cluster.local:8001/auth/me\": request timeout"
time="2026-10-07T00:11:30Z" level=warning msg="Request Failed" error="Get \"http://auth-service.ecommerce.svc.cluster.local:8001/auth/me\": request timeout"
time="2026-10-07T00:11:30Z" level=warning msg="Request Failed" error="Get \"http://auth-service.ecommerce.svc.cluster.local:8001/auth/me\": request timeout"
time="2026-10-07T00:11:31Z" level=warning msg="Request Failed" error="Post \"http://auth-service.ecommerce.svc.cluster.local:8001/auth/login\": request timeout"
time="2026-10-07T00:11:31Z" level=warning msg="Request Failed" error="Get \"http://auth-service.ecommerce.svc.cluster.local:8001/auth/me\": request timeout"
time="2026-10-07T00:11:31Z" level=warning msg="Request Failed" error="Get \"http://auth-service.ecommerce.svc.cluster.local:8001/auth/me\": request timeout"
time="2026-10-07T00:11:31Z" level=warning msg="Request Failed" error="Post \"http://auth-service.ecommerce.svc.cluster.local:8001/auth/login\": request timeout"
time="2026-10-07T00:11:31Z" level=warning msg="Request Failed" error="Get \"http://auth-service.ecommerce.svc.cluster.local:8001/auth/me\": request timeout"
time="2026-10-07T00:11:31Z" level=warning msg="Request Failed" error="Get \"http://auth-service.ecommerce.svc.cluster.local:8001/auth/me\": request timeout"
time="2026-10-07T00:11:31Z" level=warning msg="Request Failed" error="Get \"http://auth-service.ecommerce.svc.cluster.local:8001/auth/me\": request timeout"

running (02m49.8s), 144/225 VUs, 1450 complete and 0 interrupted iterations
openloop_oscillating   [  24% ] 144/225 VUs  02m49.8s/12m0s  30.00 iters/s
time="2026-10-07T00:11:31Z" level=warning msg="Request Failed" error="Get \"http://auth-service.ecommerce.svc.cluster.local:8001/auth/me\": request timeout"
time="2026-10-07T00:11:31Z" level=warning msg="Request Failed" error="Post \"http://auth-service.ecommerce.svc.cluster.local:8001/auth/login\": request timeout"
time="2026-10-07T00:11:31Z" level=warning msg="Request Failed" error="Get \"http://auth-service.ecommerce.svc.cluster.local:8001/auth/me\": request timeout"
time="2026-10-07T00:11:31Z" level=warning msg="Request Failed" error="Post \"http://auth-service.ecommerce.svc.cluster.local:8001/auth/login\": request timeout"
time="2026-10-07T00:11:31Z" level=warning msg="Request Failed" error="Get \"http://auth-service.ecommerce.svc.cluster.local:8001/auth/me\": request timeout"
time="2026-10-07T00:11:31Z" level=warning msg="Request Failed" error="Get \"http://auth-service.ecommerce.svc.cluster.local:8001/auth/me\": request timeout"
time="2026-10-07T00:11:31Z" level=warning msg="Request Failed" error="Get \"http://auth-service.ecommerce.svc.cluster.local:8001/auth/me\": request timeout"
time="2026-10-07T00:11:31Z" level=warning msg="Request Failed" error="Get \"http://auth-service.ecommerce.svc.cluster.local:8001/auth/me\": request timeout"
time="2026-10-07T00:11:32Z" level=warning msg="Request Failed" error="request timeout"
time="2026-10-07T00:11:32Z" level=warning msg="Request Failed" error="Post \"http://auth-service.ecommerce.svc.cluster.local:8001/auth/login\": request timeout"
time="2026-10-07T00:11:32Z" level=warning msg="Request Failed" error="Get \"http://auth-service.ecommerce.svc.cluster.local:8001/auth/me\": request timeout"
time="2026-10-07T00:11:32Z" level=warning msg="Request Failed" error="Get \"http://auth-service.ecommerce.svc.cluster.local:8001/auth/me\": request timeout"
time="2026-10-07T00:11:32Z" level=warning msg="Request Failed" error="Get \"http://auth-service.ecommerce.svc.cluster.local:8001/auth/me\": request timeout"
time="2026-10-07T00:11:32Z" level=warning msg="Request Failed" error="Post \"http://auth-service.ecommerce.svc.cluster.local:8001/auth/login\": request timeout"
time="2026-10-07T00:11:32Z" level=warning msg="Request Failed" error="Post \"http://auth-service.ecommerce.svc.cluster.local:8001/auth/login\": request timeout"

running (02m50.8s), 143/225 VUs, 1480 complete and 0 interrupted iterations
openloop_oscillating   [  24% ] 143/225 VUs  02m50.8s/12m0s  30.00 iters/s
time="2026-10-07T00:11:32Z" level=warning msg="Request Failed" error="Post \"http://auth-service.ecommerce.svc.cluster.local:8001/auth/login\": request timeout"
time="2026-10-07T00:11:32Z" level=warning msg="Request Failed" error="Get \"http://auth-service.ecommerce.svc.cluster.local:8001/auth/me\": request timeout"
time="2026-10-07T00:11:32Z" level=warning msg="Request Failed" error="Post \"http://auth-service.ecommerce.svc.cluster.local:8001/auth/login\": request timeout"
time="2026-10-07T00:11:32Z" level=warning msg="Request Failed" error="Get \"http://auth-service.ecommerce.svc.cluster.local:8001/auth/me\": request timeout"
time="2026-10-07T00:11:32Z" level=warning msg="Request Failed" error="Post \"http://auth-service.ecommerce.svc.cluster.local:8001/auth/login\": request timeout"
time="2026-10-07T00:11:32Z" level=warning msg="Request Failed" error="Get \"http://auth-service.ecommerce.svc.cluster.local:8001/auth/me\": request timeout"
time="2026-10-07T00:11:32Z" level=warning msg="Request Failed" error="Post \"http://auth-service.ecommerce.svc.cluster.local:8001/auth/login\": request timeout"
time="2026-10-07T00:11:32Z" level=warning msg="Request Failed" error="Get \"http://auth-service.ecommerce.svc.cluster.local:8001/auth/me\": request timeout"
time="2026-10-07T00:11:33Z" level=warning msg="Request Failed" error="Post \"http://auth-service.ecommerce.svc.cluster.local:8001/auth/login\": request timeout"
time="2026-10-07T00:11:33Z" level=warning msg="Request Failed" error="Post \"http://auth-service.ecommerce.svc.cluster.local:8001/auth/login\": request timeout"
time="2026-10-07T00:11:33Z" level=warning msg="Request Failed" error="Get \"http://auth-service.ecommerce.svc.cluster.local:8001/auth/me\": request timeout"
time="2026-10-07T00:11:33Z" level=warning msg="Request Failed" error="Get \"http://auth-service.ecommerce.svc.cluster.local:8001/auth/me\": request timeout"
time="2026-10-07T00:11:33Z" level=warning msg="Request Failed" error="Get \"http://auth-service.ecommerce.svc.cluster.local:8001/auth/me\": request timeout"
time="2026-10-07T00:11:33Z" level=warning msg="Request Failed" error="Get \"http://auth-service.ecommerce.svc.cluster.local:8001/auth/me\": request timeout"
time="2026-10-07T00:11:33Z" level=warning msg="Request Failed" error="Post \"http://auth-service.ecommerce.svc.cluster.local:8001/auth/login\": request timeout"
time="2026-10-07T00:11:33Z" level=warning msg="Request Failed" error="Get \"http://auth-service.ecommerce.svc.cluster.local:8001/auth/me\": request timeout"
time="2026-10-07T00:11:33Z" level=warning msg="Request Failed" error="Post \"http://auth-service.ecommerce.svc.cluster.local:8001/auth/login\": request timeout"

running (02m51.8s), 151/225 VUs, 1503 complete and 0 interrupted iterations
openloop_oscillating   [  24% ] 151/225 VUs  02m51.8s/12m0s  30.00 iters/s
time="2026-10-07T00:11:33Z" level=warning msg="Request Failed" error="Get \"http://auth-service.ecommerce.svc.cluster.local:8001/auth/me\": request timeout"
time="2026-10-07T00:11:33Z" level=warning msg="Request Failed" error="Post \"http://auth-service.ecommerce.svc.cluster.local:8001/auth/login\": request timeout"
time="2026-10-07T00:11:33Z" level=warning msg="Request Failed" error="Post \"http://auth-service.ecommerce.svc.cluster.local:8001/auth/login\": request timeout"
time="2026-10-07T00:11:33Z" level=warning msg="Request Failed" error="Get \"http://auth-service.ecommerce.svc.cluster.local:8001/auth/me\": request timeout"
time="2026-10-07T00:11:33Z" level=warning msg="Request Failed" error="Post \"http://auth-service.ecommerce.svc.cluster.local:8001/auth/login\": request timeout"
time="2026-10-07T00:11:33Z" level=warning msg="Request Failed" error="Get \"http://auth-service.ecommerce.svc.cluster.local:8001/auth/me\": request timeout"
time="2026-10-07T00:11:33Z" level=warning msg="Request Failed" error="Post \"http://auth-service.ecommerce.svc.cluster.local:8001/auth/login\": request timeout"
time="2026-10-07T00:11:33Z" level=warning msg="Request Failed" error="Get \"http://auth-service.ecommerce.svc.cluster.local:8001/auth/me\": request timeout"
time="2026-10-07T00:11:33Z" level=warning msg="Request Failed" error="Get \"http://auth-service.ecommerce.svc.cluster.local:8001/auth/me\": request timeout"
time="2026-10-07T00:11:33Z" level=warning msg="Request Failed" error="Get \"http://auth-service.ecommerce.svc.cluster.local:8001/auth/me\": request timeout"
time="2026-10-07T00:11:33Z" level=warning msg="Request Failed" error="Get \"http://auth-service.ecommerce.svc.cluster.local:8001/auth/me\": request timeout"
time="2026-10-07T00:11:33Z" level=warning msg="Request Failed" error="Get \"http://auth-service.ecommerce.svc.cluster.local:8001/auth/me\": request timeout"
time="2026-10-07T00:11:33Z" level=warning msg="Request Failed" error="Get \"http://auth-service.ecommerce.svc.cluster.local:8001/auth/me\": request timeout"
time="2026-10-07T00:11:33Z" level=warning msg="Request Failed" error="Get \"http://auth-service.ecommerce.svc.cluster.local:8001/auth/me\": request timeout"
time="2026-10-07T00:11:33Z" level=warning msg="Request Failed" error="Get \"http://auth-service.ecommerce.svc.cluster.local:8001/auth/me\": request timeout"
time="2026-10-07T00:11:33Z" level=warning msg="Request Failed" error="Get \"http://auth-service.ecommerce.svc.cluster.local:8001/auth/me\": request timeout"
time="2026-10-07T00:11:33Z" level=warning msg="Request Failed" error="Get \"http://auth-service.ecommerce.svc.cluster.local:8001/auth/me\": request timeout"
time="2026-10-07T00:11:33Z" level=warning msg="Request Failed" error="Get \"http://auth-service.ecommerce.svc.cluster.local:8001/auth/me\": request timeout"
time="2026-10-07T00:11:33Z" level=warning msg="Request Failed" error="Get \"http://auth-service.ecommerce.svc.cluster.local:8001/auth/me\": request timeout"
time="2026-10-07T00:11:33Z" level=warning msg="Request Failed" error="Post \"http://auth-service.ecommerce.svc.cluster.local:8001/auth/login\": request timeout"
time="2026-10-07T00:11:34Z" level=warning msg="Request Failed" error="Get \"http://auth-service.ecommerce.svc.cluster.local:8001/auth/me\": request timeout"
time="2026-10-07T00:11:34Z" level=warning msg="Request Failed" error="Get \"http://auth-service.ecommerce.svc.cluster.local:8001/auth/me\": request timeout"
time="2026-10-07T00:11:34Z" level=warning msg="Request Failed" error="Get \"http://auth-service.ecommerce.svc.cluster.local:8001/auth/me\": request timeout"
time="2026-10-07T00:11:34Z" level=warning msg="Request Failed" error="Get \"http://auth-service.ecommerce.svc.cluster.local:8001/auth/me\": request timeout"
time="2026-10-07T00:11:34Z" level=warning msg="Request Failed" error="Post \"http://auth-service.ecommerce.svc.cluster.local:8001/auth/login\": request timeout"
time="2026-10-07T00:11:34Z" level=warning msg="Request Failed" error="Get \"http://auth-service.ecommerce.svc.cluster.local:8001/auth/me\": request timeout"
time="2026-10-07T00:11:34Z" level=warning msg="Request Failed" error="Get \"http://auth-service.ecommerce.svc.cluster.local:8001/auth/me\": request timeout"
time="2026-10-07T00:11:34Z" level=warning msg="Request Failed" error="Post \"http://auth-service.ecommerce.svc.cluster.local:8001/auth/login\": request timeout"
time="2026-10-07T00:11:34Z" level=warning msg="Request Failed" error="Get \"http://auth-service.ecommerce.svc.cluster.local:8001/auth/me\": request timeout"
time="2026-10-07T00:11:34Z" level=warning msg="Request Failed" error="Post \"http://auth-service.ecommerce.svc.cluster.local:8001/auth/login\": request timeout"

running (02m52.8s), 150/225 VUs, 1533 complete and 0 interrupted iterations
openloop_oscillating   [  24% ] 150/225 VUs  02m52.8s/12m0s  30.00 iters/s
time="2026-10-07T00:11:34Z" level=warning msg="Request Failed" error="Post \"http://auth-service.ecommerce.svc.cluster.local:8001/auth/login\": request timeout"
time="2026-10-07T00:11:34Z" level=warning msg="Request Failed" error="Get \"http://auth-service.ecommerce.svc.cluster.local:8001/auth/me\": request timeout"
time="2026-10-07T00:11:34Z" level=warning msg="Request Failed" error="Get \"http://auth-service.ecommerce.svc.cluster.local:8001/auth/me\": request timeout"
time="2026-10-07T00:11:34Z" level=warning msg="Request Failed" error="Post \"http://auth-service.ecommerce.svc.cluster.local:8001/auth/login\": request timeout"
time="2026-10-07T00:11:34Z" level=warning msg="Request Failed" error="Get \"http://auth-service.ecommerce.svc.cluster.local:8001/auth/me\": request timeout"
time="2026-10-07T00:11:34Z" level=warning msg="Request Failed" error="Post \"http://auth-service.ecommerce.svc.cluster.local:8001/auth/login\": request timeout"
time="2026-10-07T00:11:34Z" level=warning msg="Request Failed" error="Get \"http://auth-service.ecommerce.svc.cluster.local:8001/auth/me\": request timeout"
time="2026-10-07T00:11:34Z" level=warning msg="Request Failed" error="Get \"http://auth-service.ecommerce.svc.cluster.local:8001/auth/me\": request timeout"
time="2026-10-07T00:11:34Z" level=warning msg="Request Failed" error="Get \"http://auth-service.ecommerce.svc.cluster.local:8001/auth/me\": request timeout"
time="2026-10-07T00:11:34Z" level=warning msg="Request Failed" error="Post \"http://auth-service.ecommerce.svc.cluster.local:8001/auth/login\": request timeout"
time="2026-10-07T00:11:34Z" level=warning msg="Request Failed" error="Get \"http://auth-service.ecommerce.svc.cluster.local:8001/auth/me\": request timeout"
time="2026-10-07T00:11:34Z" level=warning msg="Request Failed" error="Post \"http://auth-service.ecommerce.svc.cluster.local:8001/auth/login\": request timeout"
time="2026-10-07T00:11:34Z" level=warning msg="Request Failed" error="Get \"http://auth-service.ecommerce.svc.cluster.local:8001/auth/me\": request timeout"
time="2026-10-07T00:11:34Z" level=warning msg="Request Failed" error="Post \"http://auth-service.ecommerce.svc.cluster.local:8001/auth/login\": request timeout"
time="2026-10-07T00:11:34Z" level=warning msg="Request Failed" error="Get \"http://auth-service.ecommerce.svc.cluster.local:8001/auth/me\": request timeout"
time="2026-10-07T00:11:34Z" level=warning msg="Request Failed" error="Get \"http://auth-service.ecommerce.svc.cluster.local:8001/auth/me\": request timeout"
time="2026-10-07T00:11:34Z" level=warning msg="Request Failed" error="Post \"http://auth-service.ecommerce.svc.cluster.local:8001/auth/login\": request timeout"
time="2026-10-07T00:11:34Z" level=warning msg="Request Failed" error="Post \"http://auth-service.ecommerce.svc.cluster.local:8001/auth/login\": request timeout"
time="2026-10-07T00:11:34Z" level=warning msg="Request Failed" error="Get \"http://auth-service.ecommerce.svc.cluster.local:8001/auth/me\": request timeout"
time="2026-10-07T00:11:34Z" level=warning msg="Request Failed" error="Get \"http://auth-service.ecommerce.svc.cluster.local:8001/auth/me\": request timeout"
time="2026-10-07T00:11:35Z" level=warning msg="Request Failed" error="Post \"http://auth-service.ecommerce.svc.cluster.local:8001/auth/login\": request timeout"
time="2026-10-07T00:11:35Z" level=warning msg="Request Failed" error="Get \"http://auth-service.ecommerce.svc.cluster.local:8001/auth/me\": request timeout"
time="2026-10-07T00:11:35Z" level=warning msg="Request Failed" error="Post \"http://auth-service.ecommerce.svc.cluster.local:8001/auth/login\": request timeout"
time="2026-10-07T00:11:35Z" level=warning msg="Request Failed" error="Get \"http://auth-service.ecommerce.svc.cluster.local:8001/auth/me\": request timeout"
time="2026-10-07T00:11:35Z" level=warning msg="Request Failed" error="Get \"http://auth-service.ecommerce.svc.cluster.local:8001/auth/me\": request timeout"
time="2026-10-07T00:11:35Z" level=warning msg="Request Failed" error="Get \"http://auth-service.ecommerce.svc.cluster.local:8001/auth/me\": request timeout"
time="2026-10-07T00:11:35Z" level=warning msg="Request Failed" error="Get \"http://auth-service.ecommerce.svc.cluster.local:8001/auth/me\": request timeout"
time="2026-10-07T00:11:35Z" level=warning msg="Request Failed" error="Get \"http://auth-service.ecommerce.svc.cluster.local:8001/auth/me\": request timeout"

running (02m53.8s), 147/225 VUs, 1566 complete and 0 interrupted iterations
openloop_oscillating   [  24% ] 147/225 VUs  02m53.8s/12m0s  30.00 iters/s
time="2026-10-07T00:11:35Z" level=warning msg="Request Failed" error="Post \"http://auth-service.ecommerce.svc.cluster.local:8001/auth/login\": request timeout"
time="2026-10-07T00:11:35Z" level=warning msg="Request Failed" error="Post \"http://auth-service.ecommerce.svc.cluster.local:8001/auth/login\": request timeout"
time="2026-10-07T00:11:35Z" level=warning msg="Request Failed" error="Post \"http://auth-service.ecommerce.svc.cluster.local:8001/auth/login\": request timeout"
time="2026-10-07T00:11:35Z" level=warning msg="Request Failed" error="Get \"http://auth-service.ecommerce.svc.cluster.local:8001/auth/me\": request timeout"
time="2026-10-07T00:11:35Z" level=warning msg="Request Failed" error="Get \"http://auth-service.ecommerce.svc.cluster.local:8001/auth/me\": request timeout"
time="2026-10-07T00:11:35Z" level=warning msg="Request Failed" error="Get \"http://auth-service.ecommerce.svc.cluster.local:8001/auth/me\": request timeout"
time="2026-10-07T00:11:35Z" level=warning msg="Request Failed" error="Post \"http://auth-service.ecommerce.svc.cluster.local:8001/auth/login\": request timeout"
time="2026-10-07T00:11:35Z" level=warning msg="Request Failed" error="Get \"http://auth-service.ecommerce.svc.cluster.local:8001/auth/me\": request timeout"
time="2026-10-07T00:11:35Z" level=warning msg="Request Failed" error="Post \"http://auth-service.ecommerce.svc.cluster.local:8001/auth/login\": request timeout"
time="2026-10-07T00:11:35Z" level=warning msg="Request Failed" error="Post \"http://auth-service.ecommerce.svc.cluster.local:8001/auth/login\": request timeout"
time="2026-10-07T00:11:35Z" level=warning msg="Request Failed" error="Get \"http://auth-service.ecommerce.svc.cluster.local:8001/auth/me\": request timeout"
time="2026-10-07T00:11:35Z" level=warning msg="Request Failed" error="Get \"http://auth-service.ecommerce.svc.cluster.local:8001/auth/me\": request timeout"
time="2026-10-07T00:11:35Z" level=warning msg="Request Failed" error="Get \"http://auth-service.ecommerce.svc.cluster.local:8001/auth/me\": request timeout"
time="2026-10-07T00:11:36Z" level=warning msg="Request Failed" error="Post \"http://auth-service.ecommerce.svc.cluster.local:8001/auth/login\": request timeout"
time="2026-10-07T00:11:36Z" level=warning msg="Request Failed" error="Get \"http://auth-service.ecommerce.svc.cluster.local:8001/auth/me\": request timeout"
time="2026-10-07T00:11:36Z" level=warning msg="Request Failed" error="Get \"http://auth-service.ecommerce.svc.cluster.local:8001/auth/me\": request timeout"

running (02m54.8s), 147/225 VUs, 1596 complete and 0 interrupted iterations
openloop_oscillating   [  24% ] 147/225 VUs  02m54.8s/12m0s  30.00 iters/s
time="2026-10-07T00:11:36Z" level=warning msg="Request Failed" error="Get \"http://auth-service.ecommerce.svc.cluster.local:8001/auth/me\": request timeout"
time="2026-10-07T00:11:36Z" level=warning msg="Request Failed" error="Get \"http://auth-service.ecommerce.svc.cluster.local:8001/auth/me\": request timeout"
time="2026-10-07T00:11:36Z" level=warning msg="Request Failed" error="Get \"http://auth-service.ecommerce.svc.cluster.local:8001/auth/me\": request timeout"
time="2026-10-07T00:11:36Z" level=warning msg="Request Failed" error="Get \"http://auth-service.ecommerce.svc.cluster.local:8001/auth/me\": request timeout"
time="2026-10-07T00:11:36Z" level=warning msg="Request Failed" error="Post \"http://auth-service.ecommerce.svc.cluster.local:8001/auth/login\": request timeout"
time="2026-10-07T00:11:36Z" level=warning msg="Request Failed" error="Post \"http://auth-service.ecommerce.svc.cluster.local:8001/auth/login\": request timeout"
time="2026-10-07T00:11:36Z" level=warning msg="Request Failed" error="Get \"http://auth-service.ecommerce.svc.cluster.local:8001/auth/me\": request timeout"
time="2026-10-07T00:11:36Z" level=warning msg="Request Failed" error="Get \"http://auth-service.ecommerce.svc.cluster.local:8001/auth/me\": request timeout"
time="2026-10-07T00:11:36Z" level=warning msg="Request Failed" error="Post \"http://auth-service.ecommerce.svc.cluster.local:8001/auth/login\": request timeout"
time="2026-10-07T00:11:36Z" level=warning msg="Request Failed" error="Post \"http://auth-service.ecommerce.svc.cluster.local:8001/auth/login\": request timeout"
time="2026-10-07T00:11:36Z" level=warning msg="Request Failed" error="Get \"http://auth-service.ecommerce.svc.cluster.local:8001/auth/me\": request timeout"
time="2026-10-07T00:11:37Z" level=warning msg="Request Failed" error="Post \"http://auth-service.ecommerce.svc.cluster.local:8001/auth/login\": request timeout"
time="2026-10-07T00:11:37Z" level=warning msg="Request Failed" error="Post \"http://auth-service.ecommerce.svc.cluster.local:8001/auth/login\": request timeout"
time="2026-10-07T00:11:37Z" level=warning msg="Request Failed" error="Post \"http://auth-service.ecommerce.svc.cluster.local:8001/auth/login\": request timeout"
time="2026-10-07T00:11:37Z" level=warning msg="Request Failed" error="Post \"http://auth-service.ecommerce.svc.cluster.local:8001/auth/login\": request timeout"
time="2026-10-07T00:11:37Z" level=warning msg="Request Failed" error="Post \"http://auth-service.ecommerce.svc.cluster.local:8001/auth/login\": request timeout"
time="2026-10-07T00:11:37Z" level=warning msg="Request Failed" error="Post \"http://auth-service.ecommerce.svc.cluster.local:8001/auth/login\": request timeout"
time="2026-10-07T00:11:37Z" level=warning msg="Request Failed" error="Get \"http://auth-service.ecommerce.svc.cluster.local:8001/auth/me\": request timeout"

running (02m55.8s), 141/225 VUs, 1633 complete and 0 interrupted iterations
openloop_oscillating   [  24% ] 141/225 VUs  02m55.8s/12m0s  30.00 iters/s
time="2026-10-07T00:11:37Z" level=warning msg="Request Failed" error="Post \"http://auth-service.ecommerce.svc.cluster.local:8001/auth/login\": request timeout"
time="2026-10-07T00:11:37Z" level=warning msg="Request Failed" error="Post \"http://auth-service.ecommerce.svc.cluster.local:8001/auth/login\": request timeout"
time="2026-10-07T00:11:37Z" level=warning msg="Request Failed" error="Get \"http://auth-service.ecommerce.svc.cluster.local:8001/auth/me\": request timeout"
time="2026-10-07T00:11:37Z" level=warning msg="Request Failed" error="Get \"http://auth-service.ecommerce.svc.cluster.local:8001/auth/me\": request timeout"
time="2026-10-07T00:11:37Z" level=warning msg="Request Failed" error="Post \"http://auth-service.ecommerce.svc.cluster.local:8001/auth/login\": request timeout"
time="2026-10-07T00:11:37Z" level=warning msg="Request Failed" error="Get \"http://auth-service.ecommerce.svc.cluster.local:8001/auth/me\": request timeout"
time="2026-10-07T00:11:37Z" level=warning msg="Request Failed" error="Get \"http://auth-service.ecommerce.svc.cluster.local:8001/auth/me\": request timeout"
time="2026-10-07T00:11:37Z" level=warning msg="Request Failed" error="Get \"http://auth-service.ecommerce.svc.cluster.local:8001/auth/me\": request timeout"
time="2026-10-07T00:11:37Z" level=warning msg="Request Failed" error="Get \"http://auth-service.ecommerce.svc.cluster.local:8001/auth/me\": request timeout"
time="2026-10-07T00:11:38Z" level=warning msg="Request Failed" error="Post \"http://auth-service.ecommerce.svc.cluster.local:8001/auth/login\": request timeout"
time="2026-10-07T00:11:38Z" level=warning msg="Request Failed" error="Get \"http://auth-service.ecommerce.svc.cluster.local:8001/auth/me\": request timeout"
time="2026-10-07T00:11:38Z" level=warning msg="Request Failed" error="Get \"http://auth-service.ecommerce.svc.cluster.local:8001/auth/me\": request timeout"
time="2026-10-07T00:11:38Z" level=warning msg="Request Failed" error="Get \"http://auth-service.ecommerce.svc.cluster.local:8001/auth/me\": request timeout"
time="2026-10-07T00:11:38Z" level=warning msg="Request Failed" error="Get \"http://auth-service.ecommerce.svc.cluster.local:8001/auth/me\": request timeout"
time="2026-10-07T00:11:38Z" level=warning msg="Request Failed" error="Get \"http://auth-service.ecommerce.svc.cluster.local:8001/auth/me\": request timeout"
time="2026-10-07T00:11:38Z" level=warning msg="Request Failed" error="Get \"http://auth-service.ecommerce.svc.cluster.local:8001/auth/me\": request timeout"
time="2026-10-07T00:11:38Z" level=warning msg="Request Failed" error="Post \"http://auth-service.ecommerce.svc.cluster.local:8001/auth/login\": request timeout"
time="2026-10-07T00:11:38Z" level=warning msg="Request Failed" error="Get \"http://auth-service.ecommerce.svc.cluster.local:8001/auth/me\": request timeout"
time="2026-10-07T00:11:38Z" level=warning msg="Request Failed" error="Get \"http://auth-service.ecommerce.svc.cluster.local:8001/auth/me\": request timeout"
time="2026-10-07T00:11:38Z" level=warning msg="Request Failed" error="Get \"http://auth-service.ecommerce.svc.cluster.local:8001/auth/me\": request timeout"

running (02m56.8s), 151/225 VUs, 1653 complete and 0 interrupted iterations
openloop_oscillating   [  25% ] 151/225 VUs  02m56.8s/12m0s  30.00 iters/s
time="2026-10-07T00:11:38Z" level=warning msg="Request Failed" error="Get \"http://auth-service.ecommerce.svc.cluster.local:8001/auth/me\": request timeout"
time="2026-10-07T00:11:38Z" level=warning msg="Request Failed" error="Get \"http://auth-service.ecommerce.svc.cluster.local:8001/auth/me\": request timeout"
time="2026-10-07T00:11:38Z" level=warning msg="Request Failed" error="Get \"http://auth-service.ecommerce.svc.cluster.local:8001/auth/me\": request timeout"
time="2026-10-07T00:11:38Z" level=warning msg="Request Failed" error="Get \"http://auth-service.ecommerce.svc.cluster.local:8001/auth/me\": request timeout"
time="2026-10-07T00:11:38Z" level=warning msg="Request Failed" error="Post \"http://auth-service.ecommerce.svc.cluster.local:8001/auth/login\": request timeout"
time="2026-10-07T00:11:38Z" level=warning msg="Request Failed" error="Post \"http://auth-service.ecommerce.svc.cluster.local:8001/auth/login\": request timeout"
time="2026-10-07T00:11:38Z" level=warning msg="Request Failed" error="Get \"http://auth-service.ecommerce.svc.cluster.local:8001/auth/me\": request timeout"
time="2026-10-07T00:11:38Z" level=warning msg="Request Failed" error="Post \"http://auth-service.ecommerce.svc.cluster.local:8001/auth/login\": request timeout"
time="2026-10-07T00:11:38Z" level=warning msg="Request Failed" error="Post \"http://auth-service.ecommerce.svc.cluster.local:8001/auth/login\": request timeout"
time="2026-10-07T00:11:38Z" level=warning msg="Request Failed" error="Post \"http://auth-service.ecommerce.svc.cluster.local:8001/auth/login\": request timeout"
time="2026-10-07T00:11:38Z" level=warning msg="Request Failed" error="Get \"http://auth-service.ecommerce.svc.cluster.local:8001/auth/me\": request timeout"
time="2026-10-07T00:11:38Z" level=warning msg="Request Failed" error="Get \"http://auth-service.ecommerce.svc.cluster.local:8001/auth/me\": request timeout"
time="2026-10-07T00:11:38Z" level=warning msg="Request Failed" error="Get \"http://auth-service.ecommerce.svc.cluster.local:8001/auth/me\": request timeout"
time="2026-10-07T00:11:38Z" level=warning msg="Request Failed" error="Get \"http://auth-service.ecommerce.svc.cluster.local:8001/auth/me\": request timeout"
time="2026-10-07T00:11:38Z" level=warning msg="Request Failed" error="Post \"http://auth-service.ecommerce.svc.cluster.local:8001/auth/login\": request timeout"
time="2026-10-07T00:11:38Z" level=warning msg="Request Failed" error="Get \"http://auth-service.ecommerce.svc.cluster.local:8001/auth/me\": request timeout"
time="2026-10-07T00:11:38Z" level=warning msg="Request Failed" error="Get \"http://auth-service.ecommerce.svc.cluster.local:8001/auth/me\": request timeout"
time="2026-10-07T00:11:38Z" level=warning msg="Request Failed" error="Get \"http://auth-service.ecommerce.svc.cluster.local:8001/auth/me\": request timeout"
time="2026-10-07T00:11:38Z" level=warning msg="Request Failed" error="Post \"http://auth-service.ecommerce.svc.cluster.local:8001/auth/login\": request timeout"
time="2026-10-07T00:11:39Z" level=warning msg="Request Failed" error="Get \"http://auth-service.ecommerce.svc.cluster.local:8001/auth/me\": request timeout"
time="2026-10-07T00:11:39Z" level=warning msg="Request Failed" error="Get \"http://auth-service.ecommerce.svc.cluster.local:8001/auth/me\": request timeout"
time="2026-10-07T00:11:39Z" level=warning msg="Request Failed" error="Get \"http://auth-service.ecommerce.svc.cluster.local:8001/auth/me\": request timeout"
time="2026-10-07T00:11:39Z" level=warning msg="Request Failed" error="Get \"http://auth-service.ecommerce.svc.cluster.local:8001/auth/me\": request timeout"
time="2026-10-07T00:11:39Z" level=warning msg="Request Failed" error="Get \"http://auth-service.ecommerce.svc.cluster.local:8001/auth/me\": request timeout"
time="2026-10-07T00:11:39Z" level=warning msg="Request Failed" error="Get \"http://auth-service.ecommerce.svc.cluster.local:8001/auth/me\": request timeout"
time="2026-10-07T00:11:39Z" level=warning msg="Request Failed" error="Get \"http://auth-service.ecommerce.svc.cluster.local:8001/auth/me\": request timeout"

running (02m57.8s), 151/225 VUs, 1683 complete and 0 interrupted iterations
openloop_oscillating   [  25% ] 151/225 VUs  02m57.8s/12m0s  30.00 iters/s
time="2026-10-07T00:11:39Z" level=warning msg="Request Failed" error="Post \"http://auth-service.ecommerce.svc.cluster.local:8001/auth/login\": request timeout"
time="2026-10-07T00:11:39Z" level=warning msg="Request Failed" error="Get \"http://auth-service.ecommerce.svc.cluster.local:8001/auth/me\": request timeout"
time="2026-10-07T00:11:39Z" level=warning msg="Request Failed" error="Get \"http://auth-service.ecommerce.svc.cluster.local:8001/auth/me\": request timeout"
time="2026-10-07T00:11:39Z" level=warning msg="Request Failed" error="Get \"http://auth-service.ecommerce.svc.cluster.local:8001/auth/me\": request timeout"
time="2026-10-07T00:11:39Z" level=warning msg="Request Failed" error="Get \"http://auth-service.ecommerce.svc.cluster.local:8001/auth/me\": request timeout"
time="2026-10-07T00:11:39Z" level=warning msg="Request Failed" error="Get \"http://auth-service.ecommerce.svc.cluster.local:8001/auth/me\": request timeout"
time="2026-10-07T00:11:39Z" level=warning msg="Request Failed" error="Get \"http://auth-service.ecommerce.svc.cluster.local:8001/auth/me\": request timeout"
time="2026-10-07T00:11:39Z" level=warning msg="Request Failed" error="Post \"http://auth-service.ecommerce.svc.cluster.local:8001/auth/login\": request timeout"
time="2026-10-07T00:11:39Z" level=warning msg="Request Failed" error="Post \"http://auth-service.ecommerce.svc.cluster.local:8001/auth/login\": request timeout"
time="2026-10-07T00:11:39Z" level=warning msg="Request Failed" error="Post \"http://auth-service.ecommerce.svc.cluster.local:8001/auth/login\": request timeout"

running (02m58.8s), 106/225 VUs, 1758 complete and 0 interrupted iterations
openloop_oscillating   [  25% ] 106/225 VUs  02m58.8s/12m0s  30.00 iters/s
time="2026-10-07T00:11:40Z" level=warning msg="Request Failed" error="Post \"http://auth-service.ecommerce.svc.cluster.local:8001/auth/login\": request timeout"

running (02m59.8s), 083/225 VUs, 1810 complete and 0 interrupted iterations
openloop_oscillating   [  25% ] 083/225 VUs  02m59.8s/12m0s  30.00 iters/s
time="2026-10-07T00:11:41Z" level=warning msg="Request Failed" error="Post \"http://auth-service.ecommerce.svc.cluster.local:8001/auth/login\": request timeout"

running (03m00.8s), 061/225 VUs, 1862 complete and 0 interrupted iterations
openloop_oscillating   [  25% ] 061/225 VUs  03m00.8s/12m0s  30.00 iters/s
time="2026-10-07T00:11:42Z" level=warning msg="Request Failed" error="Post \"http://auth-service.ecommerce.svc.cluster.local:8001/auth/login\": request timeout"
time="2026-10-07T00:11:42Z" level=warning msg="Request Failed" error="Post \"http://auth-service.ecommerce.svc.cluster.local:8001/auth/login\": request timeout"

running (03m01.8s), 029/225 VUs, 1924 complete and 0 interrupted iterations
openloop_oscillating   [  25% ] 029/225 VUs  03m01.8s/12m0s  30.00 iters/s
time="2026-10-07T00:11:43Z" level=warning msg="Request Failed" error="Post \"http://auth-service.ecommerce.svc.cluster.local:8001/auth/login\": request timeout"
time="2026-10-07T00:11:44Z" level=warning msg="Request Failed" error="Post \"http://auth-service.ecommerce.svc.cluster.local:8001/auth/login\": request timeout"
time="2026-10-07T00:11:44Z" level=warning msg="Request Failed" error="Post \"http://auth-service.ecommerce.svc.cluster.local:8001/auth/login\": request timeout"

running (03m02.8s), 017/225 VUs, 1967 complete and 0 interrupted iterations
openloop_oscillating   [  25% ] 017/225 VUs  03m02.8s/12m0s  30.00 iters/s
time="2026-10-07T00:11:44Z" level=warning msg="Request Failed" error="Post \"http://auth-service.ecommerce.svc.cluster.local:8001/auth/login\": request timeout"
time="2026-10-07T00:11:44Z" level=warning msg="Request Failed" error="Post \"http://auth-service.ecommerce.svc.cluster.local:8001/auth/login\": request timeout"
time="2026-10-07T00:11:45Z" level=warning msg="Request Failed" error="Post \"http://auth-service.ecommerce.svc.cluster.local:8001/auth/login\": request timeout"

running (03m03.8s), 014/225 VUs, 1999 complete and 0 interrupted iterations
openloop_oscillating   [  26% ] 014/225 VUs  03m03.8s/12m0s  30.00 iters/s
time="2026-10-07T00:11:45Z" level=warning msg="Request Failed" error="Post \"http://auth-service.ecommerce.svc.cluster.local:8001/auth/login\": request timeout"
time="2026-10-07T00:11:46Z" level=warning msg="Request Failed" error="Post \"http://auth-service.ecommerce.svc.cluster.local:8001/auth/login\": request timeout"

running (03m04.8s), 015/225 VUs, 2028 complete and 0 interrupted iterations
openloop_oscillating   [  26% ] 015/225 VUs  03m04.8s/12m0s  30.00 iters/s
time="2026-10-07T00:11:46Z" level=warning msg="Request Failed" error="Post \"http://auth-service.ecommerce.svc.cluster.local:8001/auth/login\": request timeout"
time="2026-10-07T00:11:46Z" level=warning msg="Request Failed" error="Post \"http://auth-service.ecommerce.svc.cluster.local:8001/auth/login\": request timeout"
time="2026-10-07T00:11:47Z" level=warning msg="Request Failed" error="Post \"http://auth-service.ecommerce.svc.cluster.local:8001/auth/login\": request timeout"

running (03m05.8s), 014/225 VUs, 2059 complete and 0 interrupted iterations
openloop_oscillating   [  26% ] 014/225 VUs  03m05.8s/12m0s  30.00 iters/s

running (03m06.8s), 021/225 VUs, 2083 complete and 0 interrupted iterations
openloop_oscillating   [  26% ] 021/225 VUs  03m06.8s/12m0s  30.00 iters/s
time="2026-10-07T00:11:48Z" level=warning msg="Request Failed" error="Post \"http://auth-service.ecommerce.svc.cluster.local:8001/auth/login\": request timeout"
time="2026-10-07T00:11:48Z" level=warning msg="Request Failed" error="Post \"http://auth-service.ecommerce.svc.cluster.local:8001/auth/login\": request timeout"
time="2026-10-07T00:11:49Z" level=warning msg="Request Failed" error="Post \"http://auth-service.ecommerce.svc.cluster.local:8001/auth/login\": request timeout"

running (03m07.8s), 016/225 VUs, 2117 complete and 0 interrupted iterations
openloop_oscillating   [  26% ] 016/225 VUs  03m07.8s/12m0s  30.00 iters/s
time="2026-10-07T00:11:49Z" level=warning msg="Request Failed" error="Post \"http://auth-service.ecommerce.svc.cluster.local:8001/auth/login\": request timeout"
time="2026-10-07T00:11:50Z" level=warning msg="Request Failed" error="Post \"http://auth-service.ecommerce.svc.cluster.local:8001/auth/login\": request timeout"

running (03m08.8s), 016/225 VUs, 2147 complete and 0 interrupted iterations
openloop_oscillating   [  26% ] 016/225 VUs  03m08.8s/12m0s  30.00 iters/s
time="2026-10-07T00:11:50Z" level=warning msg="Request Failed" error="Post \"http://auth-service.ecommerce.svc.cluster.local:8001/auth/login\": request timeout"

running (03m09.8s), 018/225 VUs, 2176 complete and 0 interrupted iterations
openloop_oscillating   [  26% ] 018/225 VUs  03m09.8s/12m0s  30.00 iters/s
time="2026-10-07T00:11:51Z" level=warning msg="Request Failed" error="Post \"http://auth-service.ecommerce.svc.cluster.local:8001/auth/login\": request timeout"
time="2026-10-07T00:11:51Z" level=warning msg="Request Failed" error="Post \"http://auth-service.ecommerce.svc.cluster.local:8001/auth/login\": request timeout"
time="2026-10-07T00:11:52Z" level=warning msg="Request Failed" error="Post \"http://auth-service.ecommerce.svc.cluster.local:8001/auth/login\": request timeout"

running (03m10.8s), 015/225 VUs, 2208 complete and 0 interrupted iterations
openloop_oscillating   [  27% ] 015/225 VUs  03m10.8s/12m0s  30.00 iters/s
time="2026-10-07T00:11:52Z" level=warning msg="Request Failed" error="Post \"http://auth-service.ecommerce.svc.cluster.local:8001/auth/login\": request timeout"
time="2026-10-07T00:11:52Z" level=warning msg="Request Failed" error="Post \"http://auth-service.ecommerce.svc.cluster.local:8001/auth/login\": request timeout"
time="2026-10-07T00:11:53Z" level=warning msg="Request Failed" error="Post \"http://auth-service.ecommerce.svc.cluster.local:8001/auth/login\": request timeout"
time="2026-10-07T00:11:53Z" level=warning msg="Request Failed" error="Post \"http://auth-service.ecommerce.svc.cluster.local:8001/auth/login\": request timeout"
time="2026-10-07T00:11:53Z" level=warning msg="Request Failed" error="Post \"http://auth-service.ecommerce.svc.cluster.local:8001/auth/login\": request timeout"

running (03m11.8s), 014/225 VUs, 2240 complete and 0 interrupted iterations
openloop_oscillating   [  27% ] 014/225 VUs  03m11.8s/12m0s  30.00 iters/s
time="2026-10-07T00:11:53Z" level=warning msg="Request Failed" error="Post \"http://auth-service.ecommerce.svc.cluster.local:8001/auth/login\": request timeout"
time="2026-10-07T00:11:53Z" level=warning msg="Request Failed" error="Post \"http://auth-service.ecommerce.svc.cluster.local:8001/auth/login\": request timeout"
time="2026-10-07T00:11:53Z" level=warning msg="Request Failed" error="Post \"http://auth-service.ecommerce.svc.cluster.local:8001/auth/login\": request timeout"

running (03m12.8s), 015/225 VUs, 2269 complete and 0 interrupted iterations
openloop_oscillating   [  27% ] 015/225 VUs  03m12.8s/12m0s  30.00 iters/s
time="2026-10-07T00:11:54Z" level=warning msg="Request Failed" error="Post \"http://auth-service.ecommerce.svc.cluster.local:8001/auth/login\": request timeout"

running (03m13.8s), 015/225 VUs, 2298 complete and 0 interrupted iterations
openloop_oscillating   [  27% ] 015/225 VUs  03m13.8s/12m0s  30.00 iters/s

running (03m14.8s), 014/225 VUs, 2329 complete and 0 interrupted iterations
openloop_oscillating   [  27% ] 014/225 VUs  03m14.8s/12m0s  30.00 iters/s
time="2026-10-07T00:11:56Z" level=warning msg="Request Failed" error="Post \"http://auth-service.ecommerce.svc.cluster.local:8001/auth/login\": request timeout"

running (03m15.8s), 021/225 VUs, 2353 complete and 0 interrupted iterations
openloop_oscillating   [  27% ] 021/225 VUs  03m15.8s/12m0s  30.00 iters/s
time="2026-10-07T00:11:57Z" level=warning msg="Request Failed" error="Post \"http://auth-service.ecommerce.svc.cluster.local:8001/auth/login\": request timeout"
time="2026-10-07T00:11:57Z" level=warning msg="Request Failed" error="Post \"http://auth-service.ecommerce.svc.cluster.local:8001/auth/login\": request timeout"
time="2026-10-07T00:11:58Z" level=warning msg="Request Failed" error="request timeout"

running (03m16.8s), 034/225 VUs, 2370 complete and 0 interrupted iterations
openloop_oscillating   [  27% ] 034/225 VUs  03m16.8s/12m0s  30.00 iters/s
time="2026-10-07T00:11:59Z" level=warning msg="Request Failed" error="Post \"http://auth-service.ecommerce.svc.cluster.local:8001/auth/login\": request timeout"
time="2026-10-07T00:11:59Z" level=warning msg="Request Failed" error="request timeout"

running (03m17.8s), 053/225 VUs, 2380 complete and 0 interrupted iterations
openloop_oscillating   [  27% ] 053/225 VUs  03m17.8s/12m0s  30.00 iters/s
time="2026-10-07T00:11:59Z" level=warning msg="Request Failed" error="Post \"http://auth-service.ecommerce.svc.cluster.local:8001/auth/login\": request timeout"
time="2026-10-07T00:11:59Z" level=warning msg="Request Failed" error="Post \"http://auth-service.ecommerce.svc.cluster.local:8001/auth/login\": request timeout"
time="2026-10-07T00:12:00Z" level=warning msg="Request Failed" error="Post \"http://auth-service.ecommerce.svc.cluster.local:8001/auth/login\": request timeout"

running (03m18.8s), 066/225 VUs, 2397 complete and 0 interrupted iterations
openloop_oscillating   [  28% ] 066/225 VUs  03m18.8s/12m0s  30.00 iters/s

running (03m19.8s), 068/225 VUs, 2426 complete and 0 interrupted iterations
openloop_oscillating   [  28% ] 068/225 VUs  03m19.8s/12m0s  30.00 iters/s

running (03m20.8s), 052/225 VUs, 2472 complete and 0 interrupted iterations
openloop_oscillating   [  28% ] 052/225 VUs  03m20.8s/12m0s  30.00 iters/s
time="2026-10-07T00:12:03Z" level=warning msg="Request Failed" error="Post \"http://auth-service.ecommerce.svc.cluster.local:8001/auth/login\": request timeout"

running (03m21.8s), 063/225 VUs, 2490 complete and 0 interrupted iterations
openloop_oscillating   [  28% ] 063/225 VUs  03m21.8s/12m0s  30.00 iters/s
time="2026-10-07T00:12:03Z" level=warning msg="Request Failed" error="Post \"http://auth-service.ecommerce.svc.cluster.local:8001/auth/login\": request timeout"
time="2026-10-07T00:12:04Z" level=warning msg="Request Failed" error="Post \"http://auth-service.ecommerce.svc.cluster.local:8001/auth/login\": request timeout"

running (03m22.8s), 074/225 VUs, 2510 complete and 0 interrupted iterations
openloop_oscillating   [  28% ] 074/225 VUs  03m22.8s/12m0s  30.00 iters/s
time="2026-10-07T00:12:04Z" level=warning msg="Request Failed" error="Post \"http://auth-service.ecommerce.svc.cluster.local:8001/auth/login\": request timeout"

running (03m23.8s), 090/225 VUs, 2524 complete and 0 interrupted iterations
openloop_oscillating   [  28% ] 090/225 VUs  03m23.8s/12m0s  30.00 iters/s
time="2026-10-07T00:12:05Z" level=warning msg="Request Failed" error="Post \"http://auth-service.ecommerce.svc.cluster.local:8001/auth/login\": request timeout"
time="2026-10-07T00:12:05Z" level=warning msg="Request Failed" error="Post \"http://auth-service.ecommerce.svc.cluster.local:8001/auth/login\": request timeout"
time="2026-10-07T00:12:05Z" level=warning msg="Request Failed" error="Post \"http://auth-service.ecommerce.svc.cluster.local:8001/auth/login\": request timeout"
time="2026-10-07T00:12:06Z" level=warning msg="Request Failed" error="Post \"http://auth-service.ecommerce.svc.cluster.local:8001/auth/login\": request timeout"

running (03m24.8s), 088/225 VUs, 2556 complete and 0 interrupted iterations
openloop_oscillating   [  28% ] 088/225 VUs  03m24.8s/12m0s  30.00 iters/s

running (03m25.8s), 082/225 VUs, 2591 complete and 0 interrupted iterations
openloop_oscillating   [  29% ] 082/225 VUs  03m25.8s/12m0s  30.00 iters/s
time="2026-10-07T00:12:07Z" level=warning msg="Request Failed" error="Post \"http://auth-service.ecommerce.svc.cluster.local:8001/auth/login\": request timeout"
time="2026-10-07T00:12:07Z" level=warning msg="Request Failed" error="Post \"http://auth-service.ecommerce.svc.cluster.local:8001/auth/login\": request timeout"
time="2026-10-07T00:12:07Z" level=warning msg="Request Failed" error="Post \"http://auth-service.ecommerce.svc.cluster.local:8001/auth/login\": request timeout"

running (03m26.8s), 096/225 VUs, 2607 complete and 0 interrupted iterations
openloop_oscillating   [  29% ] 096/225 VUs  03m26.8s/12m0s  30.00 iters/s
time="2026-10-07T00:12:08Z" level=warning msg="Request Failed" error="Post \"http://auth-service.ecommerce.svc.cluster.local:8001/auth/login\": request timeout"

running (03m27.8s), 106/225 VUs, 2627 complete and 0 interrupted iterations
openloop_oscillating   [  29% ] 106/225 VUs  03m27.8s/12m0s  30.00 iters/s
time="2026-10-07T00:12:09Z" level=warning msg="Request Failed" error="Post \"http://auth-service.ecommerce.svc.cluster.local:8001/auth/login\": request timeout"
time="2026-10-07T00:12:09Z" level=warning msg="Request Failed" error="Post \"http://auth-service.ecommerce.svc.cluster.local:8001/auth/login\": request timeout"
time="2026-10-07T00:12:09Z" level=warning msg="Request Failed" error="Post \"http://auth-service.ecommerce.svc.cluster.local:8001/auth/login\": request timeout"
time="2026-10-07T00:12:10Z" level=warning msg="Request Failed" error="Post \"http://auth-service.ecommerce.svc.cluster.local:8001/auth/login\": request timeout"

running (03m28.8s), 104/225 VUs, 2660 complete and 0 interrupted iterations
openloop_oscillating   [  29% ] 104/225 VUs  03m28.8s/12m0s  30.00 iters/s
time="2026-10-07T00:12:10Z" level=warning msg="Request Failed" error="Post \"http://auth-service.ecommerce.svc.cluster.local:8001/auth/login\": request timeout"

running (03m29.8s), 102/225 VUs, 2692 complete and 0 interrupted iterations
openloop_oscillating   [  29% ] 102/225 VUs  03m29.8s/12m0s  30.00 iters/s
time="2026-10-07T00:12:11Z" level=warning msg="Request Failed" error="Post \"http://auth-service.ecommerce.svc.cluster.local:8001/auth/login\": request timeout"
time="2026-10-07T00:12:11Z" level=warning msg="Request Failed" error="Post \"http://auth-service.ecommerce.svc.cluster.local:8001/auth/login\": request timeout"
time="2026-10-07T00:12:12Z" level=warning msg="Request Failed" error="Post \"http://auth-service.ecommerce.svc.cluster.local:8001/auth/login\": request timeout"

running (03m30.8s), 106/225 VUs, 2717 complete and 0 interrupted iterations
openloop_oscillating   [  29% ] 106/225 VUs  03m30.8s/12m0s  27.72 iters/s
time="2026-10-07T00:12:13Z" level=warning msg="Request Failed" error="Post \"http://auth-service.ecommerce.svc.cluster.local:8001/auth/login\": request timeout"
time="2026-10-07T00:12:13Z" level=warning msg="Request Failed" error="Post \"http://auth-service.ecommerce.svc.cluster.local:8001/auth/login\": request timeout"

running (03m31.8s), 109/225 VUs, 2740 complete and 0 interrupted iterations
openloop_oscillating   [  29% ] 109/225 VUs  03m31.8s/12m0s  24.96 iters/s
time="2026-10-07T00:12:13Z" level=warning msg="Request Failed" error="Post \"http://auth-service.ecommerce.svc.cluster.local:8001/auth/login\": request timeout"
time="2026-10-07T00:12:13Z" level=warning msg="Request Failed" error="Post \"http://auth-service.ecommerce.svc.cluster.local:8001/auth/login\": request timeout"
time="2026-10-07T00:12:13Z" level=warning msg="Request Failed" error="Post \"http://auth-service.ecommerce.svc.cluster.local:8001/auth/login\": request timeout"
time="2026-10-07T00:12:14Z" level=warning msg="Request Failed" error="Post \"http://auth-service.ecommerce.svc.cluster.local:8001/auth/login\": request timeout"

running (03m32.8s), 129/225 VUs, 2744 complete and 0 interrupted iterations
openloop_oscillating   [  30% ] 129/225 VUs  03m32.8s/12m0s  22.10 iters/s
time="2026-10-07T00:12:14Z" level=warning msg="Request Failed" error="Get \"http://auth-service.ecommerce.svc.cluster.local:8001/auth/me\": request timeout"
time="2026-10-07T00:12:14Z" level=warning msg="Request Failed" error="Post \"http://auth-service.ecommerce.svc.cluster.local:8001/auth/login\": request timeout"
time="2026-10-07T00:12:14Z" level=warning msg="Request Failed" error="Get \"http://auth-service.ecommerce.svc.cluster.local:8001/auth/me\": request timeout"
time="2026-10-07T00:12:14Z" level=warning msg="Request Failed" error="Get \"http://auth-service.ecommerce.svc.cluster.local:8001/auth/me\": request timeout"
time="2026-10-07T00:12:14Z" level=warning msg="Request Failed" error="Get \"http://auth-service.ecommerce.svc.cluster.local:8001/auth/me\": request timeout"
time="2026-10-07T00:12:14Z" level=warning msg="Request Failed" error="Get \"http://auth-service.ecommerce.svc.cluster.local:8001/auth/me\": request timeout"
time="2026-10-07T00:12:14Z" level=warning msg="Request Failed" error="Post \"http://auth-service.ecommerce.svc.cluster.local:8001/auth/login\": request timeout"
time="2026-10-07T00:12:14Z" level=warning msg="Request Failed" error="Get \"http://auth-service.ecommerce.svc.cluster.local:8001/auth/me\": request timeout"
time="2026-10-07T00:12:15Z" level=warning msg="Request Failed" error="Get \"http://auth-service.ecommerce.svc.cluster.local:8001/auth/me\": request timeout"
time="2026-10-07T00:12:15Z" level=warning msg="Request Failed" error="Get \"http://auth-service.ecommerce.svc.cluster.local:8001/auth/me\": request timeout"

running (03m33.8s), 125/225 VUs, 2768 complete and 0 interrupted iterations
openloop_oscillating   [  30% ] 125/225 VUs  03m33.8s/12m0s  19.40 iters/s
time="2026-10-07T00:12:15Z" level=warning msg="Request Failed" error="Get \"http://auth-service.ecommerce.svc.cluster.local:8001/auth/me\": request timeout"
time="2026-10-07T00:12:15Z" level=warning msg="Request Failed" error="Get \"http://auth-service.ecommerce.svc.cluster.local:8001/auth/me\": request timeout"
time="2026-10-07T00:12:15Z" level=warning msg="Request Failed" error="Get \"http://auth-service.ecommerce.svc.cluster.local:8001/auth/me\": request timeout"
time="2026-10-07T00:12:15Z" level=warning msg="Request Failed" error="Get \"http://auth-service.ecommerce.svc.cluster.local:8001/auth/me\": request timeout"
time="2026-10-07T00:12:15Z" level=warning msg="Request Failed" error="Get \"http://auth-service.ecommerce.svc.cluster.local:8001/auth/me\": request timeout"
time="2026-10-07T00:12:15Z" level=warning msg="Request Failed" error="Get \"http://auth-service.ecommerce.svc.cluster.local:8001/auth/me\": request timeout"
time="2026-10-07T00:12:15Z" level=warning msg="Request Failed" error="Get \"http://auth-service.ecommerce.svc.cluster.local:8001/auth/me\": request timeout"
time="2026-10-07T00:12:15Z" level=warning msg="Request Failed" error="Get \"http://auth-service.ecommerce.svc.cluster.local:8001/auth/me\": request timeout"
time="2026-10-07T00:12:15Z" level=warning msg="Request Failed" error="Get \"http://auth-service.ecommerce.svc.cluster.local:8001/auth/me\": request timeout"
time="2026-10-07T00:12:15Z" level=warning msg="Request Failed" error="Get \"http://auth-service.ecommerce.svc.cluster.local:8001/auth/me\": request timeout"
time="2026-10-07T00:12:15Z" level=warning msg="Request Failed" error="Get \"http://auth-service.ecommerce.svc.cluster.local:8001/auth/me\": request timeout"
time="2026-10-07T00:12:15Z" level=warning msg="Request Failed" error="Get \"http://auth-service.ecommerce.svc.cluster.local:8001/auth/me\": request timeout"
time="2026-10-07T00:12:16Z" level=warning msg="Request Failed" error="Get \"http://auth-service.ecommerce.svc.cluster.local:8001/auth/me\": request timeout"
time="2026-10-07T00:12:16Z" level=warning msg="Request Failed" error="Post \"http://auth-service.ecommerce.svc.cluster.local:8001/auth/login\": request timeout"
time="2026-10-07T00:12:16Z" level=warning msg="Request Failed" error="Get \"http://auth-service.ecommerce.svc.cluster.local:8001/auth/me\": request timeout"
time="2026-10-07T00:12:16Z" level=warning msg="Request Failed" error="Get \"http://auth-service.ecommerce.svc.cluster.local:8001/auth/me\": request timeout"
time="2026-10-07T00:12:16Z" level=warning msg="Request Failed" error="Post \"http://auth-service.ecommerce.svc.cluster.local:8001/auth/login\": request timeout"
time="2026-10-07T00:12:16Z" level=warning msg="Request Failed" error="Post \"http://auth-service.ecommerce.svc.cluster.local:8001/auth/login\": request timeout"
time="2026-10-07T00:12:16Z" level=warning msg="Request Failed" error="Get \"http://auth-service.ecommerce.svc.cluster.local:8001/auth/me\": request timeout"
time="2026-10-07T00:12:16Z" level=warning msg="Request Failed" error="Post \"http://auth-service.ecommerce.svc.cluster.local:8001/auth/login\": request timeout"
time="2026-10-07T00:12:16Z" level=warning msg="Request Failed" error="Get \"http://auth-service.ecommerce.svc.cluster.local:8001/auth/me\": request timeout"
time="2026-10-07T00:12:16Z" level=warning msg="Request Failed" error="Get \"http://auth-service.ecommerce.svc.cluster.local:8001/auth/me\": request timeout"

running (03m34.8s), 118/225 VUs, 2793 complete and 0 interrupted iterations
openloop_oscillating   [  30% ] 118/225 VUs  03m34.8s/12m0s  16.60 iters/s
time="2026-10-07T00:12:16Z" level=warning msg="Request Failed" error="Post \"http://auth-service.ecommerce.svc.cluster.local:8001/auth/login\": request timeout"
time="2026-10-07T00:12:16Z" level=warning msg="Request Failed" error="Post \"http://auth-service.ecommerce.svc.cluster.local:8001/auth/login\": request timeout"
time="2026-10-07T00:12:16Z" level=warning msg="Request Failed" error="Get \"http://auth-service.ecommerce.svc.cluster.local:8001/auth/me\": request timeout"
time="2026-10-07T00:12:16Z" level=warning msg="Request Failed" error="Get \"http://auth-service.ecommerce.svc.cluster.local:8001/auth/me\": request timeout"
time="2026-10-07T00:12:16Z" level=warning msg="Request Failed" error="Post \"http://auth-service.ecommerce.svc.cluster.local:8001/auth/login\": request timeout"
time="2026-10-07T00:12:16Z" level=warning msg="Request Failed" error="Get \"http://auth-service.ecommerce.svc.cluster.local:8001/auth/me\": request timeout"
time="2026-10-07T00:12:16Z" level=warning msg="Request Failed" error="Post \"http://auth-service.ecommerce.svc.cluster.local:8001/auth/login\": request timeout"
time="2026-10-07T00:12:16Z" level=warning msg="Request Failed" error="Get \"http://auth-service.ecommerce.svc.cluster.local:8001/auth/me\": request timeout"
time="2026-10-07T00:12:16Z" level=warning msg="Request Failed" error="Post \"http://auth-service.ecommerce.svc.cluster.local:8001/auth/login\": request timeout"
time="2026-10-07T00:12:16Z" level=warning msg="Request Failed" error="Get \"http://auth-service.ecommerce.svc.cluster.local:8001/auth/me\": request timeout"
time="2026-10-07T00:12:16Z" level=warning msg="Request Failed" error="Get \"http://auth-service.ecommerce.svc.cluster.local:8001/auth/me\": request timeout"
time="2026-10-07T00:12:16Z" level=warning msg="Request Failed" error="Get \"http://auth-service.ecommerce.svc.cluster.local:8001/auth/me\": request timeout"
time="2026-10-07T00:12:16Z" level=warning msg="Request Failed" error="Post \"http://auth-service.ecommerce.svc.cluster.local:8001/auth/login\": request timeout"
time="2026-10-07T00:12:16Z" level=warning msg="Request Failed" error="Get \"http://auth-service.ecommerce.svc.cluster.local:8001/auth/me\": request timeout"
time="2026-10-07T00:12:16Z" level=warning msg="Request Failed" error="Get \"http://auth-service.ecommerce.svc.cluster.local:8001/auth/me\": request timeout"
time="2026-10-07T00:12:16Z" level=warning msg="Request Failed" error="Get \"http://auth-service.ecommerce.svc.cluster.local:8001/auth/me\": request timeout"
time="2026-10-07T00:12:16Z" level=warning msg="Request Failed" error="Get \"http://auth-service.ecommerce.svc.cluster.local:8001/auth/me\": request timeout"
time="2026-10-07T00:12:16Z" level=warning msg="Request Failed" error="Get \"http://auth-service.ecommerce.svc.cluster.local:8001/auth/me\": request timeout"
time="2026-10-07T00:12:17Z" level=warning msg="Request Failed" error="Post \"http://auth-service.ecommerce.svc.cluster.local:8001/auth/login\": request timeout"
time="2026-10-07T00:12:17Z" level=warning msg="Request Failed" error="Post \"http://auth-service.ecommerce.svc.cluster.local:8001/auth/login\": request timeout"
time="2026-10-07T00:12:17Z" level=warning msg="Request Failed" error="Get \"http://auth-service.ecommerce.svc.cluster.local:8001/auth/me\": request timeout"
time="2026-10-07T00:12:17Z" level=warning msg="Request Failed" error="Get \"http://auth-service.ecommerce.svc.cluster.local:8001/auth/me\": request timeout"
time="2026-10-07T00:12:17Z" level=warning msg="Request Failed" error="Get \"http://auth-service.ecommerce.svc.cluster.local:8001/auth/me\": request timeout"
time="2026-10-07T00:12:17Z" level=warning msg="Request Failed" error="Get \"http://auth-service.ecommerce.svc.cluster.local:8001/auth/me\": request timeout"
time="2026-10-07T00:12:17Z" level=warning msg="Request Failed" error="Get \"http://auth-service.ecommerce.svc.cluster.local:8001/auth/me\": request timeout"
time="2026-10-07T00:12:17Z" level=warning msg="Request Failed" error="Get \"http://auth-service.ecommerce.svc.cluster.local:8001/auth/me\": request timeout"
time="2026-10-07T00:12:17Z" level=warning msg="Request Failed" error="Get \"http://auth-service.ecommerce.svc.cluster.local:8001/auth/me\": request timeout"

running (03m35.8s), 101/225 VUs, 2825 complete and 0 interrupted iterations
openloop_oscillating   [  30% ] 101/225 VUs  03m35.8s/12m0s  13.84 iters/s
time="2026-10-07T00:12:17Z" level=warning msg="Request Failed" error="Post \"http://auth-service.ecommerce.svc.cluster.local:8001/auth/login\": request timeout"
time="2026-10-07T00:12:17Z" level=warning msg="Request Failed" error="Post \"http://auth-service.ecommerce.svc.cluster.local:8001/auth/login\": request timeout"
time="2026-10-07T00:12:17Z" level=warning msg="Request Failed" error="Get \"http://auth-service.ecommerce.svc.cluster.local:8001/auth/me\": request timeout"
time="2026-10-07T00:12:17Z" level=warning msg="Request Failed" error="Post \"http://auth-service.ecommerce.svc.cluster.local:8001/auth/login\": request timeout"
time="2026-10-07T00:12:17Z" level=warning msg="Request Failed" error="Get \"http://auth-service.ecommerce.svc.cluster.local:8001/auth/me\": request timeout"
time="2026-10-07T00:12:17Z" level=warning msg="Request Failed" error="Get \"http://auth-service.ecommerce.svc.cluster.local:8001/auth/me\": request timeout"
time="2026-10-07T00:12:17Z" level=warning msg="Request Failed" error="Post \"http://auth-service.ecommerce.svc.cluster.local:8001/auth/login\": request timeout"
time="2026-10-07T00:12:17Z" level=warning msg="Request Failed" error="Get \"http://auth-service.ecommerce.svc.cluster.local:8001/auth/me\": request timeout"
time="2026-10-07T00:12:17Z" level=warning msg="Request Failed" error="Get \"http://auth-service.ecommerce.svc.cluster.local:8001/auth/me\": request timeout"
time="2026-10-07T00:12:17Z" level=warning msg="Request Failed" error="Get \"http://auth-service.ecommerce.svc.cluster.local:8001/auth/me\": request timeout"
time="2026-10-07T00:12:18Z" level=warning msg="Request Failed" error="Post \"http://auth-service.ecommerce.svc.cluster.local:8001/auth/login\": request timeout"
time="2026-10-07T00:12:18Z" level=warning msg="Request Failed" error="Get \"http://auth-service.ecommerce.svc.cluster.local:8001/auth/me\": request timeout"
time="2026-10-07T00:12:18Z" level=warning msg="Request Failed" error="Get \"http://auth-service.ecommerce.svc.cluster.local:8001/auth/me\": request timeout"
time="2026-10-07T00:12:18Z" level=warning msg="Request Failed" error="Get \"http://auth-service.ecommerce.svc.cluster.local:8001/auth/me\": request timeout"
time="2026-10-07T00:12:18Z" level=warning msg="Request Failed" error="Get \"http://auth-service.ecommerce.svc.cluster.local:8001/auth/me\": request timeout"
time="2026-10-07T00:12:18Z" level=warning msg="Request Failed" error="Get \"http://auth-service.ecommerce.svc.cluster.local:8001/auth/me\": request timeout"
time="2026-10-07T00:12:18Z" level=warning msg="Request Failed" error="Get \"http://auth-service.ecommerce.svc.cluster.local:8001/auth/me\": request timeout"

running (03m36.8s), 086/225 VUs, 2853 complete and 0 interrupted iterations
openloop_oscillating   [  30% ] 086/225 VUs  03m36.8s/12m0s  10.90 iters/s
time="2026-10-07T00:12:18Z" level=warning msg="Request Failed" error="Get \"http://auth-service.ecommerce.svc.cluster.local:8001/auth/me\": request timeout"
time="2026-10-07T00:12:18Z" level=warning msg="Request Failed" error="Get \"http://auth-service.ecommerce.svc.cluster.local:8001/auth/me\": request timeout"
time="2026-10-07T00:12:18Z" level=warning msg="Request Failed" error="Get \"http://auth-service.ecommerce.svc.cluster.local:8001/auth/me\": request timeout"
time="2026-10-07T00:12:18Z" level=warning msg="Request Failed" error="Get \"http://auth-service.ecommerce.svc.cluster.local:8001/auth/me\": request timeout"
time="2026-10-07T00:12:18Z" level=warning msg="Request Failed" error="Get \"http://auth-service.ecommerce.svc.cluster.local:8001/auth/me\": request timeout"
time="2026-10-07T00:12:18Z" level=warning msg="Request Failed" error="Get \"http://auth-service.ecommerce.svc.cluster.local:8001/auth/me\": request timeout"
time="2026-10-07T00:12:18Z" level=warning msg="Request Failed" error="Post \"http://auth-service.ecommerce.svc.cluster.local:8001/auth/login\": request timeout"
time="2026-10-07T00:12:18Z" level=warning msg="Request Failed" error="Get \"http://auth-service.ecommerce.svc.cluster.local:8001/auth/me\": request timeout"
time="2026-10-07T00:12:18Z" level=warning msg="Request Failed" error="Post \"http://auth-service.ecommerce.svc.cluster.local:8001/auth/login\": request timeout"
time="2026-10-07T00:12:19Z" level=warning msg="Request Failed" error="Post \"http://auth-service.ecommerce.svc.cluster.local:8001/auth/login\": request timeout"
time="2026-10-07T00:12:19Z" level=warning msg="Request Failed" error="Post \"http://auth-service.ecommerce.svc.cluster.local:8001/auth/login\": request timeout"
time="2026-10-07T00:12:19Z" level=warning msg="Request Failed" error="Get \"http://auth-service.ecommerce.svc.cluster.local:8001/auth/me\": request timeout"
time="2026-10-07T00:12:19Z" level=warning msg="Request Failed" error="Get \"http://auth-service.ecommerce.svc.cluster.local:8001/auth/me\": request timeout"
time="2026-10-07T00:12:19Z" level=warning msg="Request Failed" error="Get \"http://auth-service.ecommerce.svc.cluster.local:8001/auth/me\": request timeout"
time="2026-10-07T00:12:19Z" level=warning msg="Request Failed" error="Get \"http://auth-service.ecommerce.svc.cluster.local:8001/auth/me\": request timeout"

running (03m37.8s), 075/225 VUs, 2873 complete and 0 interrupted iterations
openloop_oscillating   [  30% ] 075/225 VUs  03m37.8s/12m0s  08.27 iters/s
time="2026-10-07T00:12:19Z" level=warning msg="Request Failed" error="Get \"http://auth-service.ecommerce.svc.cluster.local:8001/auth/me\": request timeout"
time="2026-10-07T00:12:19Z" level=warning msg="Request Failed" error="Get \"http://auth-service.ecommerce.svc.cluster.local:8001/auth/me\": request timeout"
time="2026-10-07T00:12:19Z" level=warning msg="Request Failed" error="Post \"http://auth-service.ecommerce.svc.cluster.local:8001/auth/login\": request timeout"
time="2026-10-07T00:12:19Z" level=warning msg="Request Failed" error="Get \"http://auth-service.ecommerce.svc.cluster.local:8001/auth/me\": request timeout"
time="2026-10-07T00:12:19Z" level=warning msg="Request Failed" error="Get \"http://auth-service.ecommerce.svc.cluster.local:8001/auth/me\": request timeout"
time="2026-10-07T00:12:19Z" level=warning msg="Request Failed" error="Get \"http://auth-service.ecommerce.svc.cluster.local:8001/auth/me\": request timeout"
time="2026-10-07T00:12:19Z" level=warning msg="Request Failed" error="Get \"http://auth-service.ecommerce.svc.cluster.local:8001/auth/me\": request timeout"
time="2026-10-07T00:12:19Z" level=warning msg="Request Failed" error="Get \"http://auth-service.ecommerce.svc.cluster.local:8001/auth/me\": request timeout"
time="2026-10-07T00:12:19Z" level=warning msg="Request Failed" error="Get \"http://auth-service.ecommerce.svc.cluster.local:8001/auth/me\": request timeout"
time="2026-10-07T00:12:19Z" level=warning msg="Request Failed" error="Get \"http://auth-service.ecommerce.svc.cluster.local:8001/auth/me\": request timeout"
time="2026-10-07T00:12:20Z" level=warning msg="Request Failed" error="Get \"http://auth-service.ecommerce.svc.cluster.local:8001/auth/me\": request timeout"
time="2026-10-07T00:12:20Z" level=warning msg="Request Failed" error="Get \"http://auth-service.ecommerce.svc.cluster.local:8001/auth/me\": request timeout"
time="2026-10-07T00:12:20Z" level=warning msg="Request Failed" error="Get \"http://auth-service.ecommerce.svc.cluster.local:8001/auth/me\": request timeout"
time="2026-10-07T00:12:20Z" level=warning msg="Request Failed" error="Post \"http://auth-service.ecommerce.svc.cluster.local:8001/auth/login\": request timeout"
time="2026-10-07T00:12:20Z" level=warning msg="Request Failed" error="Get \"http://auth-service.ecommerce.svc.cluster.local:8001/auth/me\": request timeout"
time="2026-10-07T00:12:20Z" level=warning msg="Request Failed" error="Get \"http://auth-service.ecommerce.svc.cluster.local:8001/auth/me\": request timeout"
time="2026-10-07T00:12:20Z" level=warning msg="Request Failed" error="Get \"http://auth-service.ecommerce.svc.cluster.local:8001/auth/me\": request timeout"

running (03m38.8s), 060/225 VUs, 2895 complete and 0 interrupted iterations
openloop_oscillating   [  30% ] 060/225 VUs  03m38.8s/12m0s  05.40 iters/s
time="2026-10-07T00:12:20Z" level=warning msg="Request Failed" error="Get \"http://auth-service.ecommerce.svc.cluster.local:8001/auth/me\": request timeout"
time="2026-10-07T00:12:20Z" level=warning msg="Request Failed" error="Post \"http://auth-service.ecommerce.svc.cluster.local:8001/auth/login\": request timeout"
time="2026-10-07T00:12:20Z" level=warning msg="Request Failed" error="Get \"http://auth-service.ecommerce.svc.cluster.local:8001/auth/me\": request timeout"
time="2026-10-07T00:12:20Z" level=warning msg="Request Failed" error="Post \"http://auth-service.ecommerce.svc.cluster.local:8001/auth/login\": request timeout"

running (03m39.8s), 033/225 VUs, 2926 complete and 0 interrupted iterations
openloop_oscillating   [  31% ] 033/225 VUs  03m39.8s/12m0s  02.55 iters/s
time="2026-10-07T00:12:21Z" level=warning msg="Request Failed" error="Post \"http://auth-service.ecommerce.svc.cluster.local:8001/auth/login\": request timeout"
time="2026-10-07T00:12:21Z" level=warning msg="Request Failed" error="Post \"http://auth-service.ecommerce.svc.cluster.local:8001/auth/login\": request timeout"
time="2026-10-07T00:12:21Z" level=warning msg="Request Failed" error="Post \"http://auth-service.ecommerce.svc.cluster.local:8001/auth/login\": request timeout"
time="2026-10-07T00:12:21Z" level=warning msg="Request Failed" error="Post \"http://auth-service.ecommerce.svc.cluster.local:8001/auth/login\": request timeout"
time="2026-10-07T00:12:21Z" level=warning msg="Request Failed" error="Post \"http://auth-service.ecommerce.svc.cluster.local:8001/auth/login\": request timeout"

running (03m40.8s), 009/225 VUs, 2952 complete and 0 interrupted iterations
openloop_oscillating   [  31% ] 009/225 VUs  03m40.8s/12m0s  02.00 iters/s
time="2026-10-07T00:12:23Z" level=warning msg="Request Failed" error="Post \"http://auth-service.ecommerce.svc.cluster.local:8001/auth/login\": request timeout"

running (03m41.8s), 001/225 VUs, 2962 complete and 0 interrupted iterations
openloop_oscillating   [  31% ] 001/225 VUs  03m41.8s/12m0s  02.00 iters/s

running (03m42.8s), 002/225 VUs, 2963 complete and 0 interrupted iterations
openloop_oscillating   [  31% ] 002/225 VUs  03m42.8s/12m0s  02.00 iters/s

running (03m43.8s), 000/225 VUs, 2967 complete and 0 interrupted iterations
openloop_oscillating   [  31% ] 000/225 VUs  03m43.8s/12m0s  02.00 iters/s

running (03m44.8s), 000/225 VUs, 2969 complete and 0 interrupted iterations
openloop_oscillating   [  31% ] 000/225 VUs  03m44.8s/12m0s  02.00 iters/s

running (03m45.8s), 000/225 VUs, 2971 complete and 0 interrupted iterations
openloop_oscillating   [  31% ] 000/225 VUs  03m45.8s/12m0s  02.00 iters/s

running (03m46.8s), 000/225 VUs, 2973 complete and 0 interrupted iterations
openloop_oscillating   [  32% ] 000/225 VUs  03m46.8s/12m0s  02.00 iters/s

running (03m47.8s), 000/225 VUs, 2975 complete and 0 interrupted iterations
openloop_oscillating   [  32% ] 000/225 VUs  03m47.8s/12m0s  02.00 iters/s

running (03m48.8s), 000/225 VUs, 2977 complete and 0 interrupted iterations
openloop_oscillating   [  32% ] 000/225 VUs  03m48.8s/12m0s  02.00 iters/s

running (03m49.8s), 001/225 VUs, 2978 complete and 0 interrupted iterations
openloop_oscillating   [  32% ] 001/225 VUs  03m49.8s/12m0s  02.00 iters/s

running (03m50.8s), 000/225 VUs, 2981 complete and 0 interrupted iterations
openloop_oscillating   [  32% ] 000/225 VUs  03m50.8s/12m0s  02.00 iters/s

running (03m51.8s), 000/225 VUs, 2983 complete and 0 interrupted iterations
openloop_oscillating   [  32% ] 000/225 VUs  03m51.8s/12m0s  02.00 iters/s

running (03m52.8s), 000/225 VUs, 2985 complete and 0 interrupted iterations
openloop_oscillating   [  32% ] 000/225 VUs  03m52.8s/12m0s  02.00 iters/s

running (03m53.8s), 001/225 VUs, 2986 complete and 0 interrupted iterations
openloop_oscillating   [  32% ] 001/225 VUs  03m53.8s/12m0s  02.00 iters/s

running (03m54.8s), 000/225 VUs, 2989 complete and 0 interrupted iterations
openloop_oscillating   [  33% ] 000/225 VUs  03m54.8s/12m0s  02.00 iters/s

running (03m55.8s), 000/225 VUs, 2991 complete and 0 interrupted iterations
openloop_oscillating   [  33% ] 000/225 VUs  03m55.8s/12m0s  02.00 iters/s

running (03m56.8s), 000/225 VUs, 2993 complete and 0 interrupted iterations
openloop_oscillating   [  33% ] 000/225 VUs  03m56.8s/12m0s  02.00 iters/s

running (03m57.8s), 000/225 VUs, 2995 complete and 0 interrupted iterations
openloop_oscillating   [  33% ] 000/225 VUs  03m57.8s/12m0s  02.00 iters/s

running (03m58.8s), 000/225 VUs, 2997 complete and 0 interrupted iterations
openloop_oscillating   [  33% ] 000/225 VUs  03m58.8s/12m0s  02.00 iters/s

running (03m59.8s), 001/225 VUs, 2998 complete and 0 interrupted iterations
openloop_oscillating   [  33% ] 001/225 VUs  03m59.8s/12m0s  02.00 iters/s

running (04m00.8s), 000/225 VUs, 3001 complete and 0 interrupted iterations
openloop_oscillating   [  33% ] 000/225 VUs  04m00.8s/12m0s  02.00 iters/s

running (04m01.8s), 000/225 VUs, 3003 complete and 0 interrupted iterations
openloop_oscillating   [  34% ] 000/225 VUs  04m01.8s/12m0s  02.00 iters/s

running (04m02.8s), 000/225 VUs, 3005 complete and 0 interrupted iterations
openloop_oscillating   [  34% ] 000/225 VUs  04m02.8s/12m0s  02.00 iters/s

running (04m03.8s), 000/225 VUs, 3007 complete and 0 interrupted iterations
openloop_oscillating   [  34% ] 000/225 VUs  04m03.8s/12m0s  02.00 iters/s

running (04m04.8s), 000/225 VUs, 3009 complete and 0 interrupted iterations
openloop_oscillating   [  34% ] 000/225 VUs  04m04.8s/12m0s  02.00 iters/s

running (04m05.8s), 000/225 VUs, 3011 complete and 0 interrupted iterations
openloop_oscillating   [  34% ] 000/225 VUs  04m05.8s/12m0s  02.00 iters/s

running (04m06.8s), 001/225 VUs, 3012 complete and 0 interrupted iterations
openloop_oscillating   [  34% ] 001/225 VUs  04m06.8s/12m0s  02.00 iters/s

running (04m07.8s), 000/225 VUs, 3015 complete and 0 interrupted iterations
openloop_oscillating   [  34% ] 000/225 VUs  04m07.8s/12m0s  02.00 iters/s

running (04m08.8s), 000/225 VUs, 3017 complete and 0 interrupted iterations
openloop_oscillating   [  35% ] 000/225 VUs  04m08.8s/12m0s  02.00 iters/s

running (04m09.8s), 000/225 VUs, 3019 complete and 0 interrupted iterations
openloop_oscillating   [  35% ] 000/225 VUs  04m09.8s/12m0s  02.00 iters/s

running (04m10.8s), 000/225 VUs, 3021 complete and 0 interrupted iterations
openloop_oscillating   [  35% ] 000/225 VUs  04m10.8s/12m0s  02.00 iters/s

running (04m11.8s), 000/225 VUs, 3023 complete and 0 interrupted iterations
openloop_oscillating   [  35% ] 000/225 VUs  04m11.8s/12m0s  02.00 iters/s

running (04m12.8s), 000/225 VUs, 3025 complete and 0 interrupted iterations
openloop_oscillating   [  35% ] 000/225 VUs  04m12.8s/12m0s  02.00 iters/s

running (04m13.8s), 000/225 VUs, 3027 complete and 0 interrupted iterations
openloop_oscillating   [  35% ] 000/225 VUs  04m13.8s/12m0s  02.00 iters/s

running (04m14.8s), 000/225 VUs, 3029 complete and 0 interrupted iterations
openloop_oscillating   [  35% ] 000/225 VUs  04m14.8s/12m0s  02.00 iters/s

running (04m15.8s), 000/225 VUs, 3031 complete and 0 interrupted iterations
openloop_oscillating   [  36% ] 000/225 VUs  04m15.8s/12m0s  02.00 iters/s

running (04m16.8s), 000/225 VUs, 3033 complete and 0 interrupted iterations
openloop_oscillating   [  36% ] 000/225 VUs  04m16.8s/12m0s  02.00 iters/s

running (04m17.8s), 000/225 VUs, 3035 complete and 0 interrupted iterations
openloop_oscillating   [  36% ] 000/225 VUs  04m17.8s/12m0s  02.00 iters/s

running (04m18.8s), 000/225 VUs, 3037 complete and 0 interrupted iterations
openloop_oscillating   [  36% ] 000/225 VUs  04m18.8s/12m0s  02.00 iters/s

running (04m19.8s), 001/225 VUs, 3038 complete and 0 interrupted iterations
openloop_oscillating   [  36% ] 001/225 VUs  04m19.8s/12m0s  02.00 iters/s

running (04m20.8s), 000/225 VUs, 3041 complete and 0 interrupted iterations
openloop_oscillating   [  36% ] 000/225 VUs  04m20.8s/12m0s  02.00 iters/s

running (04m21.8s), 001/225 VUs, 3042 complete and 0 interrupted iterations
openloop_oscillating   [  36% ] 001/225 VUs  04m21.8s/12m0s  02.00 iters/s

running (04m22.8s), 000/225 VUs, 3045 complete and 0 interrupted iterations
openloop_oscillating   [  37% ] 000/225 VUs  04m22.8s/12m0s  02.00 iters/s

running (04m23.8s), 001/225 VUs, 3046 complete and 0 interrupted iterations
openloop_oscillating   [  37% ] 001/225 VUs  04m23.8s/12m0s  02.00 iters/s

running (04m24.8s), 000/225 VUs, 3049 complete and 0 interrupted iterations
openloop_oscillating   [  37% ] 000/225 VUs  04m24.8s/12m0s  02.00 iters/s

running (04m25.8s), 000/225 VUs, 3051 complete and 0 interrupted iterations
openloop_oscillating   [  37% ] 000/225 VUs  04m25.8s/12m0s  02.00 iters/s

running (04m26.8s), 000/225 VUs, 3053 complete and 0 interrupted iterations
openloop_oscillating   [  37% ] 000/225 VUs  04m26.8s/12m0s  02.00 iters/s

running (04m27.8s), 000/225 VUs, 3055 complete and 0 interrupted iterations
openloop_oscillating   [  37% ] 000/225 VUs  04m27.8s/12m0s  02.00 iters/s

running (04m28.8s), 000/225 VUs, 3057 complete and 0 interrupted iterations
openloop_oscillating   [  37% ] 000/225 VUs  04m28.8s/12m0s  02.00 iters/s

running (04m29.8s), 000/225 VUs, 3059 complete and 0 interrupted iterations
openloop_oscillating   [  37% ] 000/225 VUs  04m29.8s/12m0s  02.00 iters/s

running (04m30.8s), 001/225 VUs, 3060 complete and 0 interrupted iterations
openloop_oscillating   [  38% ] 001/225 VUs  04m30.8s/12m0s  02.00 iters/s

running (04m31.8s), 000/225 VUs, 3063 complete and 0 interrupted iterations
openloop_oscillating   [  38% ] 000/225 VUs  04m31.8s/12m0s  02.00 iters/s

running (04m32.8s), 000/225 VUs, 3065 complete and 0 interrupted iterations
openloop_oscillating   [  38% ] 000/225 VUs  04m32.8s/12m0s  02.00 iters/s

running (04m33.8s), 000/225 VUs, 3067 complete and 0 interrupted iterations
openloop_oscillating   [  38% ] 000/225 VUs  04m33.8s/12m0s  02.00 iters/s

running (04m34.8s), 000/225 VUs, 3069 complete and 0 interrupted iterations
openloop_oscillating   [  38% ] 000/225 VUs  04m34.8s/12m0s  02.00 iters/s

running (04m35.8s), 000/225 VUs, 3071 complete and 0 interrupted iterations
openloop_oscillating   [  38% ] 000/225 VUs  04m35.8s/12m0s  02.00 iters/s

running (04m36.8s), 001/225 VUs, 3072 complete and 0 interrupted iterations
openloop_oscillating   [  38% ] 001/225 VUs  04m36.8s/12m0s  02.00 iters/s

running (04m37.8s), 000/225 VUs, 3075 complete and 0 interrupted iterations
openloop_oscillating   [  39% ] 000/225 VUs  04m37.8s/12m0s  02.00 iters/s

running (04m38.8s), 000/225 VUs, 3077 complete and 0 interrupted iterations
openloop_oscillating   [  39% ] 000/225 VUs  04m38.8s/12m0s  02.00 iters/s

running (04m39.8s), 000/225 VUs, 3079 complete and 0 interrupted iterations
openloop_oscillating   [  39% ] 000/225 VUs  04m39.8s/12m0s  02.00 iters/s

running (04m40.8s), 001/225 VUs, 3080 complete and 0 interrupted iterations
openloop_oscillating   [  39% ] 001/225 VUs  04m40.8s/12m0s  02.00 iters/s

running (04m41.8s), 000/225 VUs, 3083 complete and 0 interrupted iterations
openloop_oscillating   [  39% ] 000/225 VUs  04m41.8s/12m0s  02.00 iters/s

running (04m42.8s), 000/225 VUs, 3085 complete and 0 interrupted iterations
openloop_oscillating   [  39% ] 000/225 VUs  04m42.8s/12m0s  02.00 iters/s

running (04m43.8s), 000/225 VUs, 3087 complete and 0 interrupted iterations
openloop_oscillating   [  39% ] 000/225 VUs  04m43.8s/12m0s  02.00 iters/s

running (04m44.8s), 001/225 VUs, 3088 complete and 0 interrupted iterations
openloop_oscillating   [  40% ] 001/225 VUs  04m44.8s/12m0s  02.00 iters/s

running (04m45.8s), 000/225 VUs, 3091 complete and 0 interrupted iterations
openloop_oscillating   [  40% ] 000/225 VUs  04m45.8s/12m0s  02.00 iters/s

running (04m46.8s), 000/225 VUs, 3093 complete and 0 interrupted iterations
openloop_oscillating   [  40% ] 000/225 VUs  04m46.8s/12m0s  02.00 iters/s

running (04m47.8s), 000/225 VUs, 3095 complete and 0 interrupted iterations
openloop_oscillating   [  40% ] 000/225 VUs  04m47.8s/12m0s  02.00 iters/s

running (04m48.8s), 000/225 VUs, 3097 complete and 0 interrupted iterations
openloop_oscillating   [  40% ] 000/225 VUs  04m48.8s/12m0s  02.00 iters/s

running (04m49.8s), 000/225 VUs, 3099 complete and 0 interrupted iterations
openloop_oscillating   [  40% ] 000/225 VUs  04m49.8s/12m0s  02.00 iters/s

running (04m50.8s), 000/225 VUs, 3101 complete and 0 interrupted iterations
openloop_oscillating   [  40% ] 000/225 VUs  04m50.8s/12m0s  02.00 iters/s

running (04m51.8s), 000/225 VUs, 3103 complete and 0 interrupted iterations
openloop_oscillating   [  41% ] 000/225 VUs  04m51.8s/12m0s  02.00 iters/s

running (04m52.8s), 000/225 VUs, 3105 complete and 0 interrupted iterations
openloop_oscillating   [  41% ] 000/225 VUs  04m52.8s/12m0s  02.00 iters/s

running (04m53.8s), 000/225 VUs, 3107 complete and 0 interrupted iterations
openloop_oscillating   [  41% ] 000/225 VUs  04m53.8s/12m0s  02.00 iters/s

running (04m54.8s), 000/225 VUs, 3109 complete and 0 interrupted iterations
openloop_oscillating   [  41% ] 000/225 VUs  04m54.8s/12m0s  02.00 iters/s

running (04m55.8s), 000/225 VUs, 3111 complete and 0 interrupted iterations
openloop_oscillating   [  41% ] 000/225 VUs  04m55.8s/12m0s  02.00 iters/s

running (04m56.8s), 000/225 VUs, 3113 complete and 0 interrupted iterations
openloop_oscillating   [  41% ] 000/225 VUs  04m56.8s/12m0s  02.00 iters/s

running (04m57.8s), 000/225 VUs, 3115 complete and 0 interrupted iterations
openloop_oscillating   [  41% ] 000/225 VUs  04m57.8s/12m0s  02.00 iters/s

running (04m58.8s), 001/225 VUs, 3116 complete and 0 interrupted iterations
openloop_oscillating   [  42% ] 001/225 VUs  04m58.8s/12m0s  02.00 iters/s

running (04m59.8s), 000/225 VUs, 3119 complete and 0 interrupted iterations
openloop_oscillating   [  42% ] 000/225 VUs  04m59.8s/12m0s  02.00 iters/s

running (05m00.8s), 000/225 VUs, 3122 complete and 0 interrupted iterations
openloop_oscillating   [  42% ] 000/225 VUs  05m00.8s/12m0s  04.23 iters/s

running (05m01.8s), 000/225 VUs, 3128 complete and 0 interrupted iterations
openloop_oscillating   [  42% ] 000/225 VUs  05m01.8s/12m0s  07.18 iters/s

running (05m02.8s), 001/225 VUs, 3135 complete and 0 interrupted iterations
openloop_oscillating   [  42% ] 001/225 VUs  05m02.8s/12m0s  09.82 iters/s

running (05m03.8s), 001/225 VUs, 3146 complete and 0 interrupted iterations
openloop_oscillating   [  42% ] 001/225 VUs  05m03.8s/12m0s  12.57 iters/s

running (05m04.8s), 000/225 VUs, 3161 complete and 0 interrupted iterations
openloop_oscillating   [  42% ] 000/225 VUs  05m04.8s/12m0s  15.38 iters/s

running (05m05.8s), 001/225 VUs, 3177 complete and 0 interrupted iterations
openloop_oscillating   [  42% ] 001/225 VUs  05m05.8s/12m0s  18.21 iters/s

running (05m06.8s), 005/225 VUs, 3193 complete and 0 interrupted iterations
openloop_oscillating   [  43% ] 005/225 VUs  05m06.8s/12m0s  21.06 iters/s

running (05m07.8s), 014/225 VUs, 3206 complete and 0 interrupted iterations
openloop_oscillating   [  43% ] 014/225 VUs  05m07.8s/12m0s  23.81 iters/s

running (05m08.8s), 030/225 VUs, 3216 complete and 0 interrupted iterations
openloop_oscillating   [  43% ] 030/225 VUs  05m08.8s/12m0s  26.69 iters/s

running (05m09.8s), 019/225 VUs, 3255 complete and 0 interrupted iterations
openloop_oscillating   [  43% ] 019/225 VUs  05m09.8s/12m0s  29.48 iters/s

running (05m10.8s), 032/225 VUs, 3271 complete and 0 interrupted iterations
openloop_oscillating   [  43% ] 032/225 VUs  05m10.8s/12m0s  30.00 iters/s
time="2026-10-07T00:13:53Z" level=warning msg="Request Failed" error="Post \"http://auth-service.ecommerce.svc.cluster.local:8001/auth/login\": request timeout"

running (05m11.8s), 043/225 VUs, 3290 complete and 0 interrupted iterations
openloop_oscillating   [  43% ] 043/225 VUs  05m11.8s/12m0s  30.00 iters/s
time="2026-10-07T00:13:53Z" level=warning msg="Request Failed" error="Post \"http://auth-service.ecommerce.svc.cluster.local:8001/auth/login\": request timeout"
time="2026-10-07T00:13:54Z" level=warning msg="Request Failed" error="Post \"http://auth-service.ecommerce.svc.cluster.local:8001/auth/login\": request timeout"

running (05m12.8s), 068/225 VUs, 3296 complete and 0 interrupted iterations
openloop_oscillating   [  43% ] 068/225 VUs  05m12.8s/12m0s  30.00 iters/s

running (05m13.8s), 046/225 VUs, 3348 complete and 0 interrupted iterations
openloop_oscillating   [  44% ] 046/225 VUs  05m13.8s/12m0s  30.00 iters/s

running (05m14.8s), 025/225 VUs, 3399 complete and 0 interrupted iterations
openloop_oscillating   [  44% ] 025/225 VUs  05m14.8s/12m0s  30.00 iters/s
time="2026-10-07T00:13:57Z" level=warning msg="Request Failed" error="Post \"http://auth-service.ecommerce.svc.cluster.local:8001/auth/login\": request timeout"

running (05m15.8s), 024/225 VUs, 3429 complete and 0 interrupted iterations
openloop_oscillating   [  44% ] 025/225 VUs  05m15.8s/12m0s  30.00 iters/s
time="2026-10-07T00:13:57Z" level=warning msg="Request Failed" error="Post \"http://auth-service.ecommerce.svc.cluster.local:8001/auth/login\": request timeout"

running (05m16.8s), 047/225 VUs, 3437 complete and 0 interrupted iterations
openloop_oscillating   [  44% ] 047/225 VUs  05m16.8s/12m0s  30.00 iters/s

running (05m17.8s), 053/225 VUs, 3461 complete and 0 interrupted iterations
openloop_oscillating   [  44% ] 053/225 VUs  05m17.8s/12m0s  30.00 iters/s
time="2026-10-07T00:13:59Z" level=warning msg="Request Failed" error="Post \"http://auth-service.ecommerce.svc.cluster.local:8001/auth/login\": request timeout"

running (05m18.8s), 051/225 VUs, 3493 complete and 0 interrupted iterations
openloop_oscillating   [  44% ] 051/225 VUs  05m18.8s/12m0s  30.00 iters/s

running (05m19.8s), 033/225 VUs, 3541 complete and 0 interrupted iterations
openloop_oscillating   [  44% ] 033/225 VUs  05m19.8s/12m0s  30.00 iters/s
time="2026-10-07T00:14:01Z" level=warning msg="Request Failed" error="Post \"http://auth-service.ecommerce.svc.cluster.local:8001/auth/login\": request timeout"

running (05m20.8s), 033/225 VUs, 3571 complete and 0 interrupted iterations
openloop_oscillating   [  45% ] 033/225 VUs  05m20.8s/12m0s  30.00 iters/s

running (05m21.8s), 040/225 VUs, 3594 complete and 0 interrupted iterations
openloop_oscillating   [  45% ] 040/225 VUs  05m21.8s/12m0s  30.00 iters/s
time="2026-10-07T00:14:03Z" level=warning msg="Request Failed" error="Post \"http://auth-service.ecommerce.svc.cluster.local:8001/auth/login\": request timeout"

running (05m22.8s), 053/225 VUs, 3611 complete and 0 interrupted iterations
openloop_oscillating   [  45% ] 053/225 VUs  05m22.8s/12m0s  30.00 iters/s
time="2026-10-07T00:14:04Z" level=warning msg="Request Failed" error="Post \"http://auth-service.ecommerce.svc.cluster.local:8001/auth/login\": request timeout"
time="2026-10-07T00:14:05Z" level=warning msg="Request Failed" error="Post \"http://auth-service.ecommerce.svc.cluster.local:8001/auth/login\": request timeout"

running (05m23.8s), 051/225 VUs, 3642 complete and 0 interrupted iterations
openloop_oscillating   [  45% ] 051/225 VUs  05m23.8s/12m0s  30.00 iters/s
time="2026-10-07T00:14:05Z" level=warning msg="Request Failed" error="Post \"http://auth-service.ecommerce.svc.cluster.local:8001/auth/login\": request timeout"

running (05m24.8s), 046/225 VUs, 3677 complete and 0 interrupted iterations
openloop_oscillating   [  45% ] 046/225 VUs  05m24.8s/12m0s  30.00 iters/s
time="2026-10-07T00:14:06Z" level=warning msg="Request Failed" error="Post \"http://auth-service.ecommerce.svc.cluster.local:8001/auth/login\": request timeout"

running (05m25.8s), 045/225 VUs, 3709 complete and 0 interrupted iterations
openloop_oscillating   [  45% ] 045/225 VUs  05m25.8s/12m0s  30.00 iters/s
time="2026-10-07T00:14:07Z" level=warning msg="Request Failed" error="Post \"http://auth-service.ecommerce.svc.cluster.local:8001/auth/login\": request timeout"
time="2026-10-07T00:14:07Z" level=warning msg="Request Failed" error="Post \"http://auth-service.ecommerce.svc.cluster.local:8001/auth/login\": request timeout"
time="2026-10-07T00:14:07Z" level=warning msg="Request Failed" error="Post \"http://auth-service.ecommerce.svc.cluster.local:8001/auth/login\": request timeout"

running (05m26.8s), 045/225 VUs, 3739 complete and 0 interrupted iterations
openloop_oscillating   [  45% ] 045/225 VUs  05m26.8s/12m0s  30.00 iters/s

running (05m27.8s), 049/225 VUs, 3764 complete and 0 interrupted iterations
openloop_oscillating   [  46% ] 049/225 VUs  05m27.8s/12m0s  30.00 iters/s
time="2026-10-07T00:14:09Z" level=warning msg="Request Failed" error="Post \"http://auth-service.ecommerce.svc.cluster.local:8001/auth/login\": request timeout"

running (05m28.8s), 040/225 VUs, 3804 complete and 0 interrupted iterations
openloop_oscillating   [  46% ] 040/225 VUs  05m28.8s/12m0s  30.00 iters/s
time="2026-10-07T00:14:10Z" level=warning msg="Request Failed" error="Post \"http://auth-service.ecommerce.svc.cluster.local:8001/auth/login\": request timeout"
time="2026-10-07T00:14:10Z" level=warning msg="Request Failed" error="Post \"http://auth-service.ecommerce.svc.cluster.local:8001/auth/login\": request timeout"

running (05m29.8s), 044/225 VUs, 3829 complete and 0 interrupted iterations
openloop_oscillating   [  46% ] 044/225 VUs  05m29.8s/12m0s  30.00 iters/s
time="2026-10-07T00:14:11Z" level=warning msg="Request Failed" error="Post \"http://auth-service.ecommerce.svc.cluster.local:8001/auth/login\": request timeout"
time="2026-10-07T00:14:11Z" level=warning msg="Request Failed" error="Post \"http://auth-service.ecommerce.svc.cluster.local:8001/auth/login\": request timeout"
time="2026-10-07T00:14:11Z" level=warning msg="Request Failed" error="Post \"http://auth-service.ecommerce.svc.cluster.local:8001/auth/login\": request timeout"
time="2026-10-07T00:14:12Z" level=warning msg="Request Failed" error="Post \"http://auth-service.ecommerce.svc.cluster.local:8001/auth/login\": request timeout"
time="2026-10-07T00:14:12Z" level=warning msg="Request Failed" error="Post \"http://auth-service.ecommerce.svc.cluster.local:8001/auth/login\": request timeout"

running (05m30.8s), 041/225 VUs, 3863 complete and 0 interrupted iterations
openloop_oscillating   [  46% ] 041/225 VUs  05m30.8s/12m0s  30.00 iters/s
time="2026-10-07T00:14:12Z" level=warning msg="Request Failed" error="Post \"http://auth-service.ecommerce.svc.cluster.local:8001/auth/login\": request timeout"

running (05m31.8s), 046/225 VUs, 3887 complete and 0 interrupted iterations
openloop_oscillating   [  46% ] 046/225 VUs  05m31.8s/12m0s  30.00 iters/s

running (05m32.8s), 051/225 VUs, 3913 complete and 0 interrupted iterations
openloop_oscillating   [  46% ] 051/225 VUs  05m32.8s/12m0s  30.00 iters/s
time="2026-10-07T00:14:15Z" level=warning msg="Request Failed" error="Post \"http://auth-service.ecommerce.svc.cluster.local:8001/auth/login\": request timeout"
time="2026-10-07T00:14:15Z" level=warning msg="Request Failed" error="Post \"http://auth-service.ecommerce.svc.cluster.local:8001/auth/login\": request timeout"
time="2026-10-07T00:14:15Z" level=warning msg="Request Failed" error="Post \"http://auth-service.ecommerce.svc.cluster.local:8001/auth/login\": request timeout"

running (05m33.8s), 063/225 VUs, 3930 complete and 0 interrupted iterations
openloop_oscillating   [  46% ] 063/225 VUs  05m33.8s/12m0s  30.00 iters/s
time="2026-10-07T00:14:15Z" level=warning msg="Request Failed" error="Post \"http://auth-service.ecommerce.svc.cluster.local:8001/auth/login\": request timeout"

running (05m34.8s), 079/225 VUs, 3945 complete and 0 interrupted iterations
openloop_oscillating   [  47% ] 079/225 VUs  05m34.8s/12m0s  30.00 iters/s
time="2026-10-07T00:14:16Z" level=warning msg="Request Failed" error="Post \"http://auth-service.ecommerce.svc.cluster.local:8001/auth/login\": request timeout"

running (05m35.8s), 085/225 VUs, 3969 complete and 0 interrupted iterations
openloop_oscillating   [  47% ] 085/225 VUs  05m35.8s/12m0s  30.00 iters/s
time="2026-10-07T00:14:17Z" level=warning msg="Request Failed" error="Post \"http://auth-service.ecommerce.svc.cluster.local:8001/auth/login\": request timeout"
time="2026-10-07T00:14:17Z" level=warning msg="Request Failed" error="Post \"http://auth-service.ecommerce.svc.cluster.local:8001/auth/login\": request timeout"

running (05m36.8s), 095/225 VUs, 3988 complete and 0 interrupted iterations
openloop_oscillating   [  47% ] 095/225 VUs  05m36.8s/12m0s  30.00 iters/s
time="2026-10-07T00:14:18Z" level=warning msg="Request Failed" error="Post \"http://auth-service.ecommerce.svc.cluster.local:8001/auth/login\": request timeout"
time="2026-10-07T00:14:18Z" level=warning msg="Request Failed" error="Post \"http://auth-service.ecommerce.svc.cluster.local:8001/auth/login\": request timeout"
time="2026-10-07T00:14:18Z" level=warning msg="Request Failed" error="Post \"http://auth-service.ecommerce.svc.cluster.local:8001/auth/login\": request timeout"
time="2026-10-07T00:14:18Z" level=warning msg="Request Failed" error="Post \"http://auth-service.ecommerce.svc.cluster.local:8001/auth/login\": request timeout"
time="2026-10-07T00:14:19Z" level=warning msg="Request Failed" error="Post \"http://auth-service.ecommerce.svc.cluster.local:8001/auth/login\": request timeout"

running (05m37.8s), 114/225 VUs, 4000 complete and 0 interrupted iterations
openloop_oscillating   [  47% ] 114/225 VUs  05m37.8s/12m0s  30.00 iters/s
time="2026-10-07T00:14:20Z" level=warning msg="Request Failed" error="Post \"http://auth-service.ecommerce.svc.cluster.local:8001/auth/login\": request timeout"

running (05m38.8s), 098/225 VUs, 4045 complete and 0 interrupted iterations
openloop_oscillating   [  47% ] 098/225 VUs  05m38.8s/12m0s  30.00 iters/s
time="2026-10-07T00:14:20Z" level=warning msg="Request Failed" error="Post \"http://auth-service.ecommerce.svc.cluster.local:8001/auth/login\": request timeout"

running (05m39.8s), 096/225 VUs, 4078 complete and 0 interrupted iterations
openloop_oscillating   [  47% ] 096/225 VUs  05m39.8s/12m0s  30.00 iters/s
time="2026-10-07T00:14:22Z" level=warning msg="Request Failed" error="Post \"http://auth-service.ecommerce.svc.cluster.local:8001/auth/login\": request timeout"
time="2026-10-07T00:14:22Z" level=warning msg="Request Failed" error="Post \"http://auth-service.ecommerce.svc.cluster.local:8001/auth/login\": request timeout"

running (05m40.8s), 103/225 VUs, 4100 complete and 0 interrupted iterations
openloop_oscillating   [  47% ] 103/225 VUs  05m40.8s/12m0s  30.00 iters/s
time="2026-10-07T00:14:22Z" level=warning msg="Request Failed" error="Post \"http://auth-service.ecommerce.svc.cluster.local:8001/auth/login\": request timeout"
time="2026-10-07T00:14:22Z" level=warning msg="Request Failed" error="Post \"http://auth-service.ecommerce.svc.cluster.local:8001/auth/login\": request timeout"
time="2026-10-07T00:14:23Z" level=warning msg="Request Failed" error="Post \"http://auth-service.ecommerce.svc.cluster.local:8001/auth/login\": request timeout"
time="2026-10-07T00:14:23Z" level=warning msg="Request Failed" error="Post \"http://auth-service.ecommerce.svc.cluster.local:8001/auth/login\": request timeout"

running (05m41.8s), 099/225 VUs, 4134 complete and 0 interrupted iterations
openloop_oscillating   [  47% ] 099/225 VUs  05m41.8s/12m0s  30.00 iters/s
time="2026-10-07T00:14:23Z" level=warning msg="Request Failed" error="Post \"http://auth-service.ecommerce.svc.cluster.local:8001/auth/login\": request timeout"
time="2026-10-07T00:14:23Z" level=warning msg="Request Failed" error="Post \"http://auth-service.ecommerce.svc.cluster.local:8001/auth/login\": request timeout"
time="2026-10-07T00:14:23Z" level=warning msg="Request Failed" error="Post \"http://auth-service.ecommerce.svc.cluster.local:8001/auth/login\": request timeout"

running (05m42.8s), 092/225 VUs, 4172 complete and 0 interrupted iterations
openloop_oscillating   [  48% ] 092/225 VUs  05m42.8s/12m0s  30.00 iters/s
time="2026-10-07T00:14:24Z" level=warning msg="Request Failed" error="Post \"http://auth-service.ecommerce.svc.cluster.local:8001/auth/login\": request timeout"
time="2026-10-07T00:14:24Z" level=warning msg="Request Failed" error="Post \"http://auth-service.ecommerce.svc.cluster.local:8001/auth/login\": request timeout"
time="2026-10-07T00:14:24Z" level=warning msg="Request Failed" error="Post \"http://auth-service.ecommerce.svc.cluster.local:8001/auth/login\": request timeout"
time="2026-10-07T00:14:24Z" level=warning msg="Request Failed" error="Post \"http://auth-service.ecommerce.svc.cluster.local:8001/auth/login\": request timeout"
time="2026-10-07T00:14:25Z" level=warning msg="Request Failed" error="Post \"http://auth-service.ecommerce.svc.cluster.local:8001/auth/login\": request timeout"

running (05m43.8s), 085/225 VUs, 4209 complete and 0 interrupted iterations
openloop_oscillating   [  48% ] 085/225 VUs  05m43.8s/12m0s  30.00 iters/s
time="2026-10-07T00:14:25Z" level=warning msg="Request Failed" error="Post \"http://auth-service.ecommerce.svc.cluster.local:8001/auth/login\": request timeout"
time="2026-10-07T00:14:25Z" level=warning msg="Request Failed" error="Post \"http://auth-service.ecommerce.svc.cluster.local:8001/auth/login\": request timeout"

running (05m44.8s), 096/225 VUs, 4228 complete and 0 interrupted iterations
openloop_oscillating   [  48% ] 096/225 VUs  05m44.8s/12m0s  30.00 iters/s
time="2026-10-07T00:14:26Z" level=warning msg="Request Failed" error="Post \"http://auth-service.ecommerce.svc.cluster.local:8001/auth/login\": request timeout"
time="2026-10-07T00:14:27Z" level=warning msg="Request Failed" error="Post \"http://auth-service.ecommerce.svc.cluster.local:8001/auth/login\": request timeout"

running (05m45.8s), 107/225 VUs, 4246 complete and 0 interrupted iterations
openloop_oscillating   [  48% ] 107/225 VUs  05m45.8s/12m0s  30.00 iters/s

running (05m46.8s), 071/225 VUs, 4313 complete and 0 interrupted iterations
openloop_oscillating   [  48% ] 071/225 VUs  05m46.8s/12m0s  30.00 iters/s

running (05m47.8s), 062/225 VUs, 4352 complete and 0 interrupted iterations
openloop_oscillating   [  48% ] 062/225 VUs  05m47.8s/12m0s  30.00 iters/s
time="2026-10-07T00:14:29Z" level=warning msg="Request Failed" error="Post \"http://auth-service.ecommerce.svc.cluster.local:8001/auth/login\": request timeout"
time="2026-10-07T00:14:29Z" level=warning msg="Request Failed" error="Post \"http://auth-service.ecommerce.svc.cluster.local:8001/auth/login\": request timeout"

running (05m48.8s), 075/225 VUs, 4368 complete and 0 interrupted iterations
openloop_oscillating   [  48% ] 075/225 VUs  05m48.8s/12m0s  30.00 iters/s
time="2026-10-07T00:14:30Z" level=warning msg="Request Failed" error="Post \"http://auth-service.ecommerce.svc.cluster.local:8001/auth/login\": request timeout"
time="2026-10-07T00:14:31Z" level=warning msg="Request Failed" error="Post \"http://auth-service.ecommerce.svc.cluster.local:8001/auth/login\": request timeout"

running (05m49.8s), 062/225 VUs, 4412 complete and 0 interrupted iterations
openloop_oscillating   [  49% ] 062/225 VUs  05m49.8s/12m0s  30.00 iters/s
time="2026-10-07T00:14:31Z" level=warning msg="Request Failed" error="Post \"http://auth-service.ecommerce.svc.cluster.local:8001/auth/login\": request timeout"

running (05m50.8s), 053/225 VUs, 4451 complete and 0 interrupted iterations
openloop_oscillating   [  49% ] 053/225 VUs  05m50.8s/12m0s  30.00 iters/s
time="2026-10-07T00:14:32Z" level=warning msg="Request Failed" error="Post \"http://auth-service.ecommerce.svc.cluster.local:8001/auth/login\": request timeout"

running (05m51.8s), 047/225 VUs, 4486 complete and 0 interrupted iterations
openloop_oscillating   [  49% ] 047/225 VUs  05m51.8s/12m0s  30.00 iters/s
time="2026-10-07T00:14:33Z" level=warning msg="Request Failed" error="Post \"http://auth-service.ecommerce.svc.cluster.local:8001/auth/login\": request timeout"

running (05m52.8s), 027/225 VUs, 4536 complete and 0 interrupted iterations
openloop_oscillating   [  49% ] 027/225 VUs  05m52.8s/12m0s  30.00 iters/s

running (05m53.8s), 036/225 VUs, 4558 complete and 0 interrupted iterations
openloop_oscillating   [  49% ] 036/225 VUs  05m53.8s/12m0s  30.00 iters/s

running (05m54.8s), 036/225 VUs, 4587 complete and 0 interrupted iterations
openloop_oscillating   [  49% ] 036/225 VUs  05m54.8s/12m0s  30.00 iters/s

running (05m55.8s), 051/225 VUs, 4602 complete and 0 interrupted iterations
openloop_oscillating   [  49% ] 051/225 VUs  05m55.8s/12m0s  30.00 iters/s

running (05m56.8s), 053/225 VUs, 4630 complete and 0 interrupted iterations
openloop_oscillating   [  50% ] 053/225 VUs  05m56.8s/12m0s  30.00 iters/s

running (05m57.8s), 053/225 VUs, 4660 complete and 0 interrupted iterations
openloop_oscillating   [  50% ] 053/225 VUs  05m57.8s/12m0s  30.00 iters/s
time="2026-10-07T00:14:39Z" level=warning msg="Request Failed" error="Post \"http://auth-service.ecommerce.svc.cluster.local:8001/auth/login\": request timeout"

running (05m58.8s), 061/225 VUs, 4682 complete and 0 interrupted iterations
openloop_oscillating   [  50% ] 061/225 VUs  05m58.8s/12m0s  30.00 iters/s
time="2026-10-07T00:14:40Z" level=warning msg="Request Failed" error="Post \"http://auth-service.ecommerce.svc.cluster.local:8001/auth/login\": request timeout"
time="2026-10-07T00:14:40Z" level=warning msg="Request Failed" error="Post \"http://auth-service.ecommerce.svc.cluster.local:8001/auth/login\": request timeout"
time="2026-10-07T00:14:40Z" level=warning msg="Request Failed" error="Post \"http://auth-service.ecommerce.svc.cluster.local:8001/auth/login\": request timeout"

running (05m59.8s), 071/225 VUs, 4703 complete and 0 interrupted iterations
openloop_oscillating   [  50% ] 071/225 VUs  05m59.8s/12m0s  30.00 iters/s
time="2026-10-07T00:14:41Z" level=warning msg="Request Failed" error="Post \"http://auth-service.ecommerce.svc.cluster.local:8001/auth/login\": request timeout"
time="2026-10-07T00:14:42Z" level=warning msg="Request Failed" error="Post \"http://auth-service.ecommerce.svc.cluster.local:8001/auth/login\": request timeout"

running (06m00.8s), 088/225 VUs, 4716 complete and 0 interrupted iterations
openloop_oscillating   [  50% ] 088/225 VUs  06m00.8s/12m0s  30.00 iters/s
time="2026-10-07T00:14:42Z" level=warning msg="Request Failed" error="Post \"http://auth-service.ecommerce.svc.cluster.local:8001/auth/login\": request timeout"
time="2026-10-07T00:14:43Z" level=warning msg="Request Failed" error="Post \"http://auth-service.ecommerce.svc.cluster.local:8001/auth/login\": request timeout"

running (06m01.8s), 087/225 VUs, 4747 complete and 0 interrupted iterations
openloop_oscillating   [  50% ] 087/225 VUs  06m01.8s/12m0s  30.00 iters/s
time="2026-10-07T00:14:43Z" level=warning msg="Request Failed" error="Post \"http://auth-service.ecommerce.svc.cluster.local:8001/auth/login\": request timeout"
time="2026-10-07T00:14:43Z" level=warning msg="Request Failed" error="Post \"http://auth-service.ecommerce.svc.cluster.local:8001/auth/login\": request timeout"

running (06m02.8s), 061/225 VUs, 4803 complete and 0 interrupted iterations
openloop_oscillating   [  50% ] 061/225 VUs  06m02.8s/12m0s  30.00 iters/s

running (06m03.8s), 053/225 VUs, 4840 complete and 0 interrupted iterations
openloop_oscillating   [  51% ] 053/225 VUs  06m03.8s/12m0s  30.00 iters/s

running (06m04.8s), 051/225 VUs, 4872 complete and 0 interrupted iterations
openloop_oscillating   [  51% ] 051/225 VUs  06m04.8s/12m0s  30.00 iters/s
time="2026-10-07T00:14:46Z" level=warning msg="Request Failed" error="Post \"http://auth-service.ecommerce.svc.cluster.local:8001/auth/login\": request timeout"
time="2026-10-07T00:14:46Z" level=warning msg="Request Failed" error="Post \"http://auth-service.ecommerce.svc.cluster.local:8001/auth/login\": request timeout"
time="2026-10-07T00:14:47Z" level=warning msg="Request Failed" error="Post \"http://auth-service.ecommerce.svc.cluster.local:8001/auth/login\": request timeout"

running (06m05.8s), 045/225 VUs, 4908 complete and 0 interrupted iterations
openloop_oscillating   [  51% ] 045/225 VUs  06m05.8s/12m0s  30.00 iters/s
time="2026-10-07T00:14:47Z" level=warning msg="Request Failed" error="Post \"http://auth-service.ecommerce.svc.cluster.local:8001/auth/login\": request timeout"
time="2026-10-07T00:14:47Z" level=warning msg="Request Failed" error="Post \"http://auth-service.ecommerce.svc.cluster.local:8001/auth/login\": request timeout"
time="2026-10-07T00:14:48Z" level=warning msg="Request Failed" error="Post \"http://auth-service.ecommerce.svc.cluster.local:8001/auth/login\": request timeout"

running (06m06.8s), 037/225 VUs, 4947 complete and 0 interrupted iterations
openloop_oscillating   [  51% ] 037/225 VUs  06m06.8s/12m0s  30.00 iters/s

running (06m07.8s), 013/225 VUs, 5001 complete and 0 interrupted iterations
openloop_oscillating   [  51% ] 013/225 VUs  06m07.8s/12m0s  30.00 iters/s
time="2026-10-07T00:14:50Z" level=warning msg="Request Failed" error="Post \"http://auth-service.ecommerce.svc.cluster.local:8001/auth/login\": request timeout"
time="2026-10-07T00:14:50Z" level=warning msg="Request Failed" error="Post \"http://auth-service.ecommerce.svc.cluster.local:8001/auth/login\": request timeout"

running (06m08.8s), 022/225 VUs, 5021 complete and 0 interrupted iterations
openloop_oscillating   [  51% ] 022/225 VUs  06m08.8s/12m0s  30.00 iters/s
time="2026-10-07T00:14:50Z" level=warning msg="Request Failed" error="Post \"http://auth-service.ecommerce.svc.cluster.local:8001/auth/login\": request timeout"
time="2026-10-07T00:14:51Z" level=warning msg="Request Failed" error="Post \"http://auth-service.ecommerce.svc.cluster.local:8001/auth/login\": request timeout"

running (06m09.8s), 023/225 VUs, 5051 complete and 0 interrupted iterations
openloop_oscillating   [  51% ] 023/225 VUs  06m09.8s/12m0s  30.00 iters/s
time="2026-10-07T00:14:52Z" level=warning msg="Request Failed" error="Post \"http://auth-service.ecommerce.svc.cluster.local:8001/auth/login\": request timeout"

running (06m10.8s), 043/225 VUs, 5061 complete and 0 interrupted iterations
openloop_oscillating   [  52% ] 043/225 VUs  06m10.8s/12m0s  30.00 iters/s
time="2026-10-07T00:14:52Z" level=warning msg="Request Failed" error="Post \"http://auth-service.ecommerce.svc.cluster.local:8001/auth/login\": request timeout"
time="2026-10-07T00:14:52Z" level=warning msg="Request Failed" error="Post \"http://auth-service.ecommerce.svc.cluster.local:8001/auth/login\": request timeout"
time="2026-10-07T00:14:53Z" level=warning msg="Request Failed" error="Post \"http://auth-service.ecommerce.svc.cluster.local:8001/auth/login\": request timeout"

running (06m11.8s), 060/225 VUs, 5073 complete and 0 interrupted iterations
openloop_oscillating   [  52% ] 060/225 VUs  06m11.8s/12m0s  30.00 iters/s
time="2026-10-07T00:14:53Z" level=warning msg="Request Failed" error="request timeout"
time="2026-10-07T00:14:54Z" level=warning msg="Request Failed" error="Post \"http://auth-service.ecommerce.svc.cluster.local:8001/auth/login\": request timeout"

running (06m12.8s), 072/225 VUs, 5092 complete and 0 interrupted iterations
openloop_oscillating   [  52% ] 072/225 VUs  06m12.8s/12m0s  30.00 iters/s
time="2026-10-07T00:14:54Z" level=warning msg="Request Failed" error="Post \"http://auth-service.ecommerce.svc.cluster.local:8001/auth/login\": request timeout"
time="2026-10-07T00:14:54Z" level=warning msg="Request Failed" error="Post \"http://auth-service.ecommerce.svc.cluster.local:8001/auth/login\": request timeout"

running (06m13.8s), 050/225 VUs, 5144 complete and 0 interrupted iterations
openloop_oscillating   [  52% ] 050/225 VUs  06m13.8s/12m0s  30.00 iters/s

running (06m14.8s), 045/225 VUs, 5178 complete and 0 interrupted iterations
openloop_oscillating   [  52% ] 045/225 VUs  06m14.8s/12m0s  30.00 iters/s
time="2026-10-07T00:14:57Z" level=warning msg="Request Failed" error="Post \"http://auth-service.ecommerce.svc.cluster.local:8001/auth/login\": request timeout"

running (06m15.8s), 050/225 VUs, 5203 complete and 0 interrupted iterations
openloop_oscillating   [  52% ] 050/225 VUs  06m15.8s/12m0s  30.00 iters/s
time="2026-10-07T00:14:57Z" level=warning msg="Request Failed" error="Post \"http://auth-service.ecommerce.svc.cluster.local:8001/auth/login\": request timeout"
time="2026-10-07T00:14:58Z" level=warning msg="Request Failed" error="Post \"http://auth-service.ecommerce.svc.cluster.local:8001/auth/login\": request timeout"

running (06m16.8s), 021/225 VUs, 5263 complete and 0 interrupted iterations
openloop_oscillating   [  52% ] 021/225 VUs  06m16.8s/12m0s  30.00 iters/s
time="2026-10-07T00:14:58Z" level=warning msg="Request Failed" error="Post \"http://auth-service.ecommerce.svc.cluster.local:8001/auth/login\": request timeout"
time="2026-10-07T00:14:58Z" level=warning msg="Request Failed" error="Post \"http://auth-service.ecommerce.svc.cluster.local:8001/auth/login\": request timeout"

running (06m17.8s), 020/225 VUs, 5294 complete and 0 interrupted iterations
openloop_oscillating   [  52% ] 020/225 VUs  06m17.8s/12m0s  30.00 iters/s
time="2026-10-07T00:14:59Z" level=warning msg="Request Failed" error="Post \"http://auth-service.ecommerce.svc.cluster.local:8001/auth/login\": request timeout"
time="2026-10-07T00:14:59Z" level=warning msg="Request Failed" error="Post \"http://auth-service.ecommerce.svc.cluster.local:8001/auth/login\": request timeout"

running (06m18.8s), 029/225 VUs, 5314 complete and 0 interrupted iterations
openloop_oscillating   [  53% ] 029/225 VUs  06m18.8s/12m0s  30.00 iters/s
time="2026-10-07T00:15:00Z" level=warning msg="Request Failed" error="Post \"http://auth-service.ecommerce.svc.cluster.local:8001/auth/login\": request timeout"

running (06m19.8s), 049/225 VUs, 5324 complete and 0 interrupted iterations
openloop_oscillating   [  53% ] 049/225 VUs  06m19.8s/12m0s  30.00 iters/s
time="2026-10-07T00:15:01Z" level=warning msg="Request Failed" error="Post \"http://auth-service.ecommerce.svc.cluster.local:8001/auth/login\": request timeout"
time="2026-10-07T00:15:02Z" level=warning msg="Request Failed" error="Post \"http://auth-service.ecommerce.svc.cluster.local:8001/auth/login\": request timeout"
time="2026-10-07T00:15:02Z" level=warning msg="Request Failed" error="Post \"http://auth-service.ecommerce.svc.cluster.local:8001/auth/login\": request timeout"

running (06m20.8s), 074/225 VUs, 5330 complete and 0 interrupted iterations
openloop_oscillating   [  53% ] 074/225 VUs  06m20.8s/12m0s  30.00 iters/s
time="2026-10-07T00:15:02Z" level=warning msg="Request Failed" error="Post \"http://auth-service.ecommerce.svc.cluster.local:8001/auth/login\": request timeout"

running (06m21.8s), 063/225 VUs, 5370 complete and 0 interrupted iterations
openloop_oscillating   [  53% ] 063/225 VUs  06m21.8s/12m0s  30.00 iters/s
time="2026-10-07T00:15:03Z" level=warning msg="Request Failed" error="Post \"http://auth-service.ecommerce.svc.cluster.local:8001/auth/login\": request timeout"

running (06m22.8s), 063/225 VUs, 5400 complete and 0 interrupted iterations
openloop_oscillating   [  53% ] 063/225 VUs  06m22.8s/12m0s  30.00 iters/s

running (06m23.8s), 065/225 VUs, 5429 complete and 0 interrupted iterations
openloop_oscillating   [  53% ] 065/225 VUs  06m23.8s/12m0s  30.00 iters/s
time="2026-10-07T00:15:05Z" level=warning msg="Request Failed" error="Post \"http://auth-service.ecommerce.svc.cluster.local:8001/auth/login\": request timeout"
time="2026-10-07T00:15:05Z" level=warning msg="Request Failed" error="Post \"http://auth-service.ecommerce.svc.cluster.local:8001/auth/login\": request timeout"

running (06m24.8s), 066/225 VUs, 5458 complete and 0 interrupted iterations
openloop_oscillating   [  53% ] 066/225 VUs  06m24.8s/12m0s  30.00 iters/s
time="2026-10-07T00:15:06Z" level=warning msg="Request Failed" error="Post \"http://auth-service.ecommerce.svc.cluster.local:8001/auth/login\": request timeout"
time="2026-10-07T00:15:07Z" level=warning msg="Request Failed" error="Post \"http://auth-service.ecommerce.svc.cluster.local:8001/auth/login\": request timeout"

running (06m25.8s), 039/225 VUs, 5514 complete and 0 interrupted iterations
openloop_oscillating   [  54% ] 039/225 VUs  06m25.8s/12m0s  30.00 iters/s
time="2026-10-07T00:15:07Z" level=warning msg="Request Failed" error="Post \"http://auth-service.ecommerce.svc.cluster.local:8001/auth/login\": request timeout"
time="2026-10-07T00:15:07Z" level=warning msg="Request Failed" error="Post \"http://auth-service.ecommerce.svc.cluster.local:8001/auth/login\": request timeout"
time="2026-10-07T00:15:07Z" level=warning msg="Request Failed" error="Post \"http://auth-service.ecommerce.svc.cluster.local:8001/auth/login\": request timeout"

running (06m26.8s), 018/225 VUs, 5566 complete and 0 interrupted iterations
openloop_oscillating   [  54% ] 018/225 VUs  06m26.8s/12m0s  30.00 iters/s
time="2026-10-07T00:15:08Z" level=warning msg="Request Failed" error="Post \"http://auth-service.ecommerce.svc.cluster.local:8001/auth/login\": request timeout"

running (06m27.8s), 017/225 VUs, 5596 complete and 0 interrupted iterations
openloop_oscillating   [  54% ] 017/225 VUs  06m27.8s/12m0s  30.00 iters/s
time="2026-10-07T00:15:09Z" level=warning msg="Request Failed" error="Post \"http://auth-service.ecommerce.svc.cluster.local:8001/auth/login\": request timeout"
time="2026-10-07T00:15:09Z" level=warning msg="Request Failed" error="Post \"http://auth-service.ecommerce.svc.cluster.local:8001/auth/login\": request timeout"
time="2026-10-07T00:15:10Z" level=warning msg="Request Failed" error="Post \"http://auth-service.ecommerce.svc.cluster.local:8001/auth/login\": request timeout"

running (06m28.8s), 017/225 VUs, 5626 complete and 0 interrupted iterations
openloop_oscillating   [  54% ] 017/225 VUs  06m28.8s/12m0s  30.00 iters/s
time="2026-10-07T00:15:10Z" level=warning msg="Request Failed" error="Post \"http://auth-service.ecommerce.svc.cluster.local:8001/auth/login\": request timeout"

running (06m29.8s), 019/225 VUs, 5655 complete and 0 interrupted iterations
openloop_oscillating   [  54% ] 019/225 VUs  06m29.8s/12m0s  30.00 iters/s
time="2026-10-07T00:15:11Z" level=warning msg="Request Failed" error="Post \"http://auth-service.ecommerce.svc.cluster.local:8001/auth/login\": request timeout"
time="2026-10-07T00:15:11Z" level=warning msg="Request Failed" error="Post \"http://auth-service.ecommerce.svc.cluster.local:8001/auth/login\": request timeout"
time="2026-10-07T00:15:12Z" level=warning msg="Request Failed" error="Post \"http://auth-service.ecommerce.svc.cluster.local:8001/auth/login\": request timeout"

running (06m30.8s), 025/225 VUs, 5678 complete and 0 interrupted iterations
openloop_oscillating   [  54% ] 025/225 VUs  06m30.8s/12m0s  27.72 iters/s
time="2026-10-07T00:15:12Z" level=warning msg="Request Failed" error="Post \"http://auth-service.ecommerce.svc.cluster.local:8001/auth/login\": request timeout"
time="2026-10-07T00:15:12Z" level=warning msg="Request Failed" error="Post \"http://auth-service.ecommerce.svc.cluster.local:8001/auth/login\": request timeout"
time="2026-10-07T00:15:13Z" level=warning msg="Request Failed" error="Post \"http://auth-service.ecommerce.svc.cluster.local:8001/auth/login\": request timeout"

running (06m31.8s), 031/225 VUs, 5698 complete and 0 interrupted iterations
openloop_oscillating   [  54% ] 031/225 VUs  06m31.8s/12m0s  24.96 iters/s
time="2026-10-07T00:15:13Z" level=warning msg="Request Failed" error="Post \"http://auth-service.ecommerce.svc.cluster.local:8001/auth/login\": request timeout"
time="2026-10-07T00:15:13Z" level=warning msg="Request Failed" error="Post \"http://auth-service.ecommerce.svc.cluster.local:8001/auth/login\": request timeout"
time="2026-10-07T00:15:14Z" level=warning msg="Request Failed" error="Post \"http://auth-service.ecommerce.svc.cluster.local:8001/auth/login\": request timeout"

running (06m32.8s), 038/225 VUs, 5715 complete and 0 interrupted iterations
openloop_oscillating   [  55% ] 038/225 VUs  06m32.8s/12m0s  22.10 iters/s
time="2026-10-07T00:15:14Z" level=warning msg="Request Failed" error="Post \"http://auth-service.ecommerce.svc.cluster.local:8001/auth/login\": request timeout"
time="2026-10-07T00:15:15Z" level=warning msg="Request Failed" error="Post \"http://auth-service.ecommerce.svc.cluster.local:8001/auth/login\": request timeout"

running (06m33.8s), 041/225 VUs, 5732 complete and 0 interrupted iterations
openloop_oscillating   [  55% ] 041/225 VUs  06m33.8s/12m0s  19.40 iters/s
time="2026-10-07T00:15:15Z" level=warning msg="Request Failed" error="Post \"http://auth-service.ecommerce.svc.cluster.local:8001/auth/login\": request timeout"
time="2026-10-07T00:15:15Z" level=warning msg="Request Failed" error="Post \"http://auth-service.ecommerce.svc.cluster.local:8001/auth/login\": request timeout"
time="2026-10-07T00:15:15Z" level=warning msg="Request Failed" error="Post \"http://auth-service.ecommerce.svc.cluster.local:8001/auth/login\": request timeout"
time="2026-10-07T00:15:15Z" level=warning msg="Request Failed" error="Post \"http://auth-service.ecommerce.svc.cluster.local:8001/auth/login\": request timeout"

running (06m34.8s), 035/225 VUs, 5756 complete and 0 interrupted iterations
openloop_oscillating   [  55% ] 035/225 VUs  06m34.8s/12m0s  16.60 iters/s
time="2026-10-07T00:15:16Z" level=warning msg="Request Failed" error="Post \"http://auth-service.ecommerce.svc.cluster.local:8001/auth/login\": request timeout"

running (06m35.8s), 021/225 VUs, 5785 complete and 0 interrupted iterations
openloop_oscillating   [  55% ] 021/225 VUs  06m35.8s/12m0s  13.84 iters/s
time="2026-10-07T00:15:17Z" level=warning msg="Request Failed" error="Post \"http://auth-service.ecommerce.svc.cluster.local:8001/auth/login\": request timeout"

running (06m36.8s), 011/225 VUs, 5808 complete and 0 interrupted iterations
openloop_oscillating   [  55% ] 011/225 VUs  06m36.8s/12m0s  10.90 iters/s
time="2026-10-07T00:15:18Z" level=warning msg="Request Failed" error="Post \"http://auth-service.ecommerce.svc.cluster.local:8001/auth/login\": request timeout"
time="2026-10-07T00:15:18Z" level=warning msg="Request Failed" error="Post \"http://auth-service.ecommerce.svc.cluster.local:8001/auth/login\": request timeout"
time="2026-10-07T00:15:19Z" level=warning msg="Request Failed" error="Post \"http://auth-service.ecommerce.svc.cluster.local:8001/auth/login\": request timeout"
time="2026-10-07T00:15:19Z" level=warning msg="Request Failed" error="Post \"http://auth-service.ecommerce.svc.cluster.local:8001/auth/login\": request timeout"

running (06m37.8s), 008/225 VUs, 5820 complete and 0 interrupted iterations
openloop_oscillating   [  55% ] 008/225 VUs  06m37.8s/12m0s  08.27 iters/s

running (06m38.8s), 006/225 VUs, 5829 complete and 0 interrupted iterations
openloop_oscillating   [  55% ] 006/225 VUs  06m38.8s/12m0s  05.40 iters/s

running (06m39.8s), 005/225 VUs, 5834 complete and 0 interrupted iterations
openloop_oscillating   [  56% ] 005/225 VUs  06m39.8s/12m0s  02.55 iters/s

running (06m40.8s), 005/225 VUs, 5836 complete and 0 interrupted iterations
openloop_oscillating   [  56% ] 005/225 VUs  06m40.8s/12m0s  02.00 iters/s

running (06m41.8s), 004/225 VUs, 5839 complete and 0 interrupted iterations
openloop_oscillating   [  56% ] 004/225 VUs  06m41.8s/12m0s  02.00 iters/s

running (06m42.8s), 001/225 VUs, 5844 complete and 0 interrupted iterations
openloop_oscillating   [  56% ] 001/225 VUs  06m42.8s/12m0s  02.00 iters/s

running (06m43.8s), 000/225 VUs, 5847 complete and 0 interrupted iterations
openloop_oscillating   [  56% ] 000/225 VUs  06m43.8s/12m0s  02.00 iters/s

running (06m44.8s), 000/225 VUs, 5849 complete and 0 interrupted iterations
openloop_oscillating   [  56% ] 000/225 VUs  06m44.8s/12m0s  02.00 iters/s

running (06m45.8s), 000/225 VUs, 5851 complete and 0 interrupted iterations
openloop_oscillating   [  56% ] 000/225 VUs  06m45.8s/12m0s  02.00 iters/s

running (06m46.8s), 000/225 VUs, 5853 complete and 0 interrupted iterations
openloop_oscillating   [  57% ] 000/225 VUs  06m46.8s/12m0s  02.00 iters/s

running (06m47.8s), 000/225 VUs, 5855 complete and 0 interrupted iterations
openloop_oscillating   [  57% ] 000/225 VUs  06m47.8s/12m0s  02.00 iters/s

running (06m48.8s), 000/225 VUs, 5857 complete and 0 interrupted iterations
openloop_oscillating   [  57% ] 000/225 VUs  06m48.8s/12m0s  02.00 iters/s

running (06m49.8s), 000/225 VUs, 5859 complete and 0 interrupted iterations
openloop_oscillating   [  57% ] 000/225 VUs  06m49.8s/12m0s  02.00 iters/s

running (06m50.8s), 000/225 VUs, 5861 complete and 0 interrupted iterations
openloop_oscillating   [  57% ] 000/225 VUs  06m50.8s/12m0s  02.00 iters/s

running (06m51.8s), 000/225 VUs, 5863 complete and 0 interrupted iterations
openloop_oscillating   [  57% ] 000/225 VUs  06m51.8s/12m0s  02.00 iters/s

running (06m52.8s), 000/225 VUs, 5865 complete and 0 interrupted iterations
openloop_oscillating   [  57% ] 000/225 VUs  06m52.8s/12m0s  02.00 iters/s

running (06m53.8s), 000/225 VUs, 5867 complete and 0 interrupted iterations
openloop_oscillating   [  57% ] 000/225 VUs  06m53.8s/12m0s  02.00 iters/s

running (06m54.8s), 000/225 VUs, 5869 complete and 0 interrupted iterations
openloop_oscillating   [  58% ] 000/225 VUs  06m54.8s/12m0s  02.00 iters/s

running (06m55.8s), 000/225 VUs, 5871 complete and 0 interrupted iterations
openloop_oscillating   [  58% ] 000/225 VUs  06m55.8s/12m0s  02.00 iters/s

running (06m56.8s), 000/225 VUs, 5873 complete and 0 interrupted iterations
openloop_oscillating   [  58% ] 000/225 VUs  06m56.8s/12m0s  02.00 iters/s

running (06m57.8s), 000/225 VUs, 5875 complete and 0 interrupted iterations
openloop_oscillating   [  58% ] 000/225 VUs  06m57.8s/12m0s  02.00 iters/s

running (06m58.8s), 000/225 VUs, 5877 complete and 0 interrupted iterations
openloop_oscillating   [  58% ] 000/225 VUs  06m58.8s/12m0s  02.00 iters/s

running (06m59.8s), 000/225 VUs, 5879 complete and 0 interrupted iterations
openloop_oscillating   [  58% ] 000/225 VUs  06m59.8s/12m0s  02.00 iters/s

running (07m00.8s), 000/225 VUs, 5881 complete and 0 interrupted iterations
openloop_oscillating   [  58% ] 000/225 VUs  07m00.8s/12m0s  02.00 iters/s

running (07m01.8s), 000/225 VUs, 5883 complete and 0 interrupted iterations
openloop_oscillating   [  59% ] 000/225 VUs  07m01.8s/12m0s  02.00 iters/s

running (07m02.8s), 000/225 VUs, 5885 complete and 0 interrupted iterations
openloop_oscillating   [  59% ] 000/225 VUs  07m02.8s/12m0s  02.00 iters/s

running (07m03.8s), 000/225 VUs, 5887 complete and 0 interrupted iterations
openloop_oscillating   [  59% ] 000/225 VUs  07m03.8s/12m0s  02.00 iters/s

running (07m04.8s), 001/225 VUs, 5888 complete and 0 interrupted iterations
openloop_oscillating   [  59% ] 001/225 VUs  07m04.8s/12m0s  02.00 iters/s

running (07m05.8s), 000/225 VUs, 5891 complete and 0 interrupted iterations
openloop_oscillating   [  59% ] 000/225 VUs  07m05.8s/12m0s  02.00 iters/s

running (07m06.8s), 000/225 VUs, 5893 complete and 0 interrupted iterations
openloop_oscillating   [  59% ] 000/225 VUs  07m06.8s/12m0s  02.00 iters/s

running (07m07.8s), 000/225 VUs, 5895 complete and 0 interrupted iterations
openloop_oscillating   [  59% ] 000/225 VUs  07m07.8s/12m0s  02.00 iters/s

running (07m08.8s), 000/225 VUs, 5897 complete and 0 interrupted iterations
openloop_oscillating   [  60% ] 000/225 VUs  07m08.8s/12m0s  02.00 iters/s

running (07m09.8s), 001/225 VUs, 5898 complete and 0 interrupted iterations
openloop_oscillating   [  60% ] 001/225 VUs  07m09.8s/12m0s  02.00 iters/s

running (07m10.8s), 000/225 VUs, 5901 complete and 0 interrupted iterations
openloop_oscillating   [  60% ] 000/225 VUs  07m10.8s/12m0s  02.00 iters/s

running (07m11.8s), 000/225 VUs, 5903 complete and 0 interrupted iterations
openloop_oscillating   [  60% ] 000/225 VUs  07m11.8s/12m0s  02.00 iters/s

running (07m12.8s), 000/225 VUs, 5905 complete and 0 interrupted iterations
openloop_oscillating   [  60% ] 000/225 VUs  07m12.8s/12m0s  02.00 iters/s

running (07m13.8s), 000/225 VUs, 5907 complete and 0 interrupted iterations
openloop_oscillating   [  60% ] 000/225 VUs  07m13.8s/12m0s  02.00 iters/s

running (07m14.8s), 000/225 VUs, 5909 complete and 0 interrupted iterations
openloop_oscillating   [  60% ] 000/225 VUs  07m14.8s/12m0s  02.00 iters/s

running (07m15.8s), 000/225 VUs, 5911 complete and 0 interrupted iterations
openloop_oscillating   [  61% ] 000/225 VUs  07m15.8s/12m0s  02.00 iters/s

running (07m16.8s), 000/225 VUs, 5913 complete and 0 interrupted iterations
openloop_oscillating   [  61% ] 000/225 VUs  07m16.8s/12m0s  02.00 iters/s

running (07m17.8s), 000/225 VUs, 5915 complete and 0 interrupted iterations
openloop_oscillating   [  61% ] 000/225 VUs  07m17.8s/12m0s  02.00 iters/s

running (07m18.8s), 000/225 VUs, 5917 complete and 0 interrupted iterations
openloop_oscillating   [  61% ] 000/225 VUs  07m18.8s/12m0s  02.00 iters/s

running (07m19.8s), 000/225 VUs, 5919 complete and 0 interrupted iterations
openloop_oscillating   [  61% ] 000/225 VUs  07m19.8s/12m0s  02.00 iters/s

running (07m20.8s), 000/225 VUs, 5921 complete and 0 interrupted iterations
openloop_oscillating   [  61% ] 000/225 VUs  07m20.8s/12m0s  02.00 iters/s

running (07m21.8s), 000/225 VUs, 5923 complete and 0 interrupted iterations
openloop_oscillating   [  61% ] 000/225 VUs  07m21.8s/12m0s  02.00 iters/s

running (07m22.8s), 001/225 VUs, 5924 complete and 0 interrupted iterations
openloop_oscillating   [  62% ] 001/225 VUs  07m22.8s/12m0s  02.00 iters/s

running (07m23.8s), 000/225 VUs, 5927 complete and 0 interrupted iterations
openloop_oscillating   [  62% ] 000/225 VUs  07m23.8s/12m0s  02.00 iters/s

running (07m24.8s), 000/225 VUs, 5929 complete and 0 interrupted iterations
openloop_oscillating   [  62% ] 000/225 VUs  07m24.8s/12m0s  02.00 iters/s

running (07m25.8s), 001/225 VUs, 5930 complete and 0 interrupted iterations
openloop_oscillating   [  62% ] 001/225 VUs  07m25.8s/12m0s  02.00 iters/s

running (07m26.8s), 000/225 VUs, 5933 complete and 0 interrupted iterations
openloop_oscillating   [  62% ] 000/225 VUs  07m26.8s/12m0s  02.00 iters/s

running (07m27.8s), 000/225 VUs, 5935 complete and 0 interrupted iterations
openloop_oscillating   [  62% ] 000/225 VUs  07m27.8s/12m0s  02.00 iters/s

running (07m28.8s), 000/225 VUs, 5937 complete and 0 interrupted iterations
openloop_oscillating   [  62% ] 000/225 VUs  07m28.8s/12m0s  02.00 iters/s

running (07m29.8s), 000/225 VUs, 5939 complete and 0 interrupted iterations
openloop_oscillating   [  62% ] 000/225 VUs  07m29.8s/12m0s  02.00 iters/s

running (07m30.8s), 000/225 VUs, 5941 complete and 0 interrupted iterations
openloop_oscillating   [  63% ] 000/225 VUs  07m30.8s/12m0s  02.00 iters/s

running (07m31.8s), 000/225 VUs, 5943 complete and 0 interrupted iterations
openloop_oscillating   [  63% ] 000/225 VUs  07m31.8s/12m0s  02.00 iters/s

running (07m32.8s), 001/225 VUs, 5944 complete and 0 interrupted iterations
openloop_oscillating   [  63% ] 001/225 VUs  07m32.8s/12m0s  02.00 iters/s

running (07m33.8s), 000/225 VUs, 5947 complete and 0 interrupted iterations
openloop_oscillating   [  63% ] 000/225 VUs  07m33.8s/12m0s  02.00 iters/s

running (07m34.8s), 000/225 VUs, 5949 complete and 0 interrupted iterations
openloop_oscillating   [  63% ] 000/225 VUs  07m34.8s/12m0s  02.00 iters/s

running (07m35.8s), 000/225 VUs, 5951 complete and 0 interrupted iterations
openloop_oscillating   [  63% ] 000/225 VUs  07m35.8s/12m0s  02.00 iters/s

running (07m36.8s), 000/225 VUs, 5953 complete and 0 interrupted iterations
openloop_oscillating   [  63% ] 000/225 VUs  07m36.8s/12m0s  02.00 iters/s

running (07m37.8s), 000/225 VUs, 5955 complete and 0 interrupted iterations
openloop_oscillating   [  64% ] 000/225 VUs  07m37.8s/12m0s  02.00 iters/s

running (07m38.8s), 001/225 VUs, 5956 complete and 0 interrupted iterations
openloop_oscillating   [  64% ] 001/225 VUs  07m38.8s/12m0s  02.00 iters/s

running (07m39.8s), 000/225 VUs, 5959 complete and 0 interrupted iterations
openloop_oscillating   [  64% ] 000/225 VUs  07m39.8s/12m0s  02.00 iters/s

running (07m40.8s), 000/225 VUs, 5961 complete and 0 interrupted iterations
openloop_oscillating   [  64% ] 000/225 VUs  07m40.8s/12m0s  02.00 iters/s

running (07m41.8s), 000/225 VUs, 5963 complete and 0 interrupted iterations
openloop_oscillating   [  64% ] 000/225 VUs  07m41.8s/12m0s  02.00 iters/s

running (07m42.8s), 000/225 VUs, 5965 complete and 0 interrupted iterations
openloop_oscillating   [  64% ] 000/225 VUs  07m42.8s/12m0s  02.00 iters/s

running (07m43.8s), 000/225 VUs, 5967 complete and 0 interrupted iterations
openloop_oscillating   [  64% ] 000/225 VUs  07m43.8s/12m0s  02.00 iters/s

running (07m44.8s), 001/225 VUs, 5968 complete and 0 interrupted iterations
openloop_oscillating   [  65% ] 001/225 VUs  07m44.8s/12m0s  02.00 iters/s

running (07m45.8s), 000/225 VUs, 5971 complete and 0 interrupted iterations
openloop_oscillating   [  65% ] 000/225 VUs  07m45.8s/12m0s  02.00 iters/s

running (07m46.8s), 000/225 VUs, 5973 complete and 0 interrupted iterations
openloop_oscillating   [  65% ] 000/225 VUs  07m46.8s/12m0s  02.00 iters/s

running (07m47.8s), 000/225 VUs, 5975 complete and 0 interrupted iterations
openloop_oscillating   [  65% ] 000/225 VUs  07m47.8s/12m0s  02.00 iters/s

running (07m48.8s), 000/225 VUs, 5977 complete and 0 interrupted iterations
openloop_oscillating   [  65% ] 000/225 VUs  07m48.8s/12m0s  02.00 iters/s

running (07m49.8s), 000/225 VUs, 5979 complete and 0 interrupted iterations
openloop_oscillating   [  65% ] 000/225 VUs  07m49.8s/12m0s  02.00 iters/s

running (07m50.8s), 000/225 VUs, 5981 complete and 0 interrupted iterations
openloop_oscillating   [  65% ] 000/225 VUs  07m50.8s/12m0s  02.00 iters/s

running (07m51.8s), 000/225 VUs, 5983 complete and 0 interrupted iterations
openloop_oscillating   [  66% ] 000/225 VUs  07m51.8s/12m0s  02.00 iters/s

running (07m52.8s), 000/225 VUs, 5985 complete and 0 interrupted iterations
openloop_oscillating   [  66% ] 000/225 VUs  07m52.8s/12m0s  02.00 iters/s

running (07m53.8s), 000/225 VUs, 5987 complete and 0 interrupted iterations
openloop_oscillating   [  66% ] 000/225 VUs  07m53.8s/12m0s  02.00 iters/s

running (07m54.8s), 000/225 VUs, 5989 complete and 0 interrupted iterations
openloop_oscillating   [  66% ] 000/225 VUs  07m54.8s/12m0s  02.00 iters/s

running (07m55.8s), 000/225 VUs, 5991 complete and 0 interrupted iterations
openloop_oscillating   [  66% ] 000/225 VUs  07m55.8s/12m0s  02.00 iters/s

running (07m56.8s), 001/225 VUs, 5992 complete and 0 interrupted iterations
openloop_oscillating   [  66% ] 001/225 VUs  07m56.8s/12m0s  02.00 iters/s

running (07m57.8s), 000/225 VUs, 5995 complete and 0 interrupted iterations
openloop_oscillating   [  66% ] 000/225 VUs  07m57.8s/12m0s  02.00 iters/s

running (07m58.8s), 000/225 VUs, 5997 complete and 0 interrupted iterations
openloop_oscillating   [  67% ] 000/225 VUs  07m58.8s/12m0s  02.00 iters/s

running (07m59.8s), 000/225 VUs, 5999 complete and 0 interrupted iterations
openloop_oscillating   [  67% ] 000/225 VUs  07m59.8s/12m0s  02.00 iters/s

running (08m00.8s), 001/225 VUs, 6001 complete and 0 interrupted iterations
openloop_oscillating   [  67% ] 001/225 VUs  08m00.8s/12m0s  04.23 iters/s

running (08m01.8s), 000/225 VUs, 6008 complete and 0 interrupted iterations
openloop_oscillating   [  67% ] 000/225 VUs  08m01.8s/12m0s  07.18 iters/s

running (08m02.8s), 000/225 VUs, 6016 complete and 0 interrupted iterations
openloop_oscillating   [  67% ] 000/225 VUs  08m02.8s/12m0s  09.82 iters/s

running (08m03.8s), 002/225 VUs, 6025 complete and 0 interrupted iterations
openloop_oscillating   [  67% ] 002/225 VUs  08m03.8s/12m0s  12.57 iters/s

running (08m04.8s), 001/225 VUs, 6040 complete and 0 interrupted iterations
openloop_oscillating   [  67% ] 001/225 VUs  08m04.8s/12m0s  15.38 iters/s

running (08m05.8s), 002/225 VUs, 6056 complete and 0 interrupted iterations
openloop_oscillating   [  67% ] 002/225 VUs  08m05.8s/12m0s  18.21 iters/s

running (08m06.8s), 007/225 VUs, 6071 complete and 0 interrupted iterations
openloop_oscillating   [  68% ] 007/225 VUs  08m06.8s/12m0s  21.06 iters/s

running (08m07.8s), 021/225 VUs, 6079 complete and 0 interrupted iterations
openloop_oscillating   [  68% ] 021/225 VUs  08m07.8s/12m0s  23.81 iters/s

running (08m08.8s), 009/225 VUs, 6117 complete and 0 interrupted iterations
openloop_oscillating   [  68% ] 009/225 VUs  08m08.8s/12m0s  26.69 iters/s

running (08m09.8s), 030/225 VUs, 6124 complete and 0 interrupted iterations
openloop_oscillating   [  68% ] 030/225 VUs  08m09.8s/12m0s  29.48 iters/s

running (08m10.8s), 032/225 VUs, 6152 complete and 0 interrupted iterations
openloop_oscillating   [  68% ] 032/225 VUs  08m10.8s/12m0s  30.00 iters/s

running (08m11.8s), 018/225 VUs, 6196 complete and 0 interrupted iterations
openloop_oscillating   [  68% ] 018/225 VUs  08m11.8s/12m0s  30.00 iters/s

running (08m12.8s), 023/225 VUs, 6220 complete and 0 interrupted iterations
openloop_oscillating   [  68% ] 023/225 VUs  08m12.8s/12m0s  30.00 iters/s

running (08m13.8s), 021/225 VUs, 6253 complete and 0 interrupted iterations
openloop_oscillating   [  69% ] 021/225 VUs  08m13.8s/12m0s  30.00 iters/s

running (08m14.8s), 020/225 VUs, 6283 complete and 0 interrupted iterations
openloop_oscillating   [  69% ] 020/225 VUs  08m14.8s/12m0s  30.00 iters/s

running (08m15.8s), 019/225 VUs, 6315 complete and 0 interrupted iterations
openloop_oscillating   [  69% ] 019/225 VUs  08m15.8s/12m0s  30.00 iters/s
time="2026-10-07T00:16:57Z" level=warning msg="Request Failed" error="Post \"http://auth-service.ecommerce.svc.cluster.local:8001/auth/login\": request timeout"

running (08m16.8s), 031/225 VUs, 6333 complete and 0 interrupted iterations
openloop_oscillating   [  69% ] 031/225 VUs  08m16.8s/12m0s  30.00 iters/s
time="2026-10-07T00:16:58Z" level=warning msg="Request Failed" error="request timeout"
time="2026-10-07T00:16:58Z" level=warning msg="Request Failed" error="Post \"http://auth-service.ecommerce.svc.cluster.local:8001/auth/login\": request timeout"

running (08m17.8s), 028/225 VUs, 6365 complete and 0 interrupted iterations
openloop_oscillating   [  69% ] 028/225 VUs  08m17.8s/12m0s  30.00 iters/s
time="2026-10-07T00:16:59Z" level=warning msg="Request Failed" error="Post \"http://auth-service.ecommerce.svc.cluster.local:8001/auth/login\": request timeout"
time="2026-10-07T00:16:59Z" level=warning msg="Request Failed" error="Post \"http://auth-service.ecommerce.svc.cluster.local:8001/auth/login\": request timeout"
time="2026-10-07T00:16:59Z" level=warning msg="Request Failed" error="Post \"http://auth-service.ecommerce.svc.cluster.local:8001/auth/login\": request timeout"

running (08m18.8s), 027/225 VUs, 6396 complete and 0 interrupted iterations
openloop_oscillating   [  69% ] 027/225 VUs  08m18.8s/12m0s  30.00 iters/s
time="2026-10-07T00:17:01Z" level=warning msg="Request Failed" error="Post \"http://auth-service.ecommerce.svc.cluster.local:8001/auth/login\": request timeout"

running (08m19.8s), 015/225 VUs, 6438 complete and 0 interrupted iterations
openloop_oscillating   [  69% ] 015/225 VUs  08m19.8s/12m0s  30.00 iters/s

running (08m20.8s), 022/225 VUs, 6462 complete and 0 interrupted iterations
openloop_oscillating   [  70% ] 022/225 VUs  08m20.8s/12m0s  30.00 iters/s
time="2026-10-07T00:17:02Z" level=warning msg="Request Failed" error="Post \"http://auth-service.ecommerce.svc.cluster.local:8001/auth/login\": request timeout"
time="2026-10-07T00:17:02Z" level=warning msg="Request Failed" error="Post \"http://auth-service.ecommerce.svc.cluster.local:8001/auth/login\": request timeout"

running (08m21.8s), 030/225 VUs, 6484 complete and 0 interrupted iterations
openloop_oscillating   [  70% ] 030/225 VUs  08m21.8s/12m0s  30.00 iters/s
time="2026-10-07T00:17:03Z" level=warning msg="Request Failed" error="Post \"http://auth-service.ecommerce.svc.cluster.local:8001/auth/login\": request timeout"
time="2026-10-07T00:17:04Z" level=warning msg="Request Failed" error="Post \"http://auth-service.ecommerce.svc.cluster.local:8001/auth/login\": request timeout"

running (08m22.8s), 046/225 VUs, 6497 complete and 0 interrupted iterations
openloop_oscillating   [  70% ] 046/225 VUs  08m22.8s/12m0s  30.00 iters/s
time="2026-10-07T00:17:04Z" level=warning msg="Request Failed" error="Post \"http://auth-service.ecommerce.svc.cluster.local:8001/auth/login\": request timeout"

running (08m23.8s), 067/225 VUs, 6507 complete and 0 interrupted iterations
openloop_oscillating   [  70% ] 067/225 VUs  08m23.8s/12m0s  30.00 iters/s
time="2026-10-07T00:17:05Z" level=warning msg="Request Failed" error="Post \"http://auth-service.ecommerce.svc.cluster.local:8001/auth/login\": request timeout"

running (08m24.8s), 077/225 VUs, 6527 complete and 0 interrupted iterations
openloop_oscillating   [  70% ] 077/225 VUs  08m24.8s/12m0s  30.00 iters/s

running (08m25.8s), 070/225 VUs, 6563 complete and 0 interrupted iterations
openloop_oscillating   [  70% ] 070/225 VUs  08m25.8s/12m0s  30.00 iters/s
time="2026-10-07T00:17:07Z" level=warning msg="Request Failed" error="Post \"http://auth-service.ecommerce.svc.cluster.local:8001/auth/login\": request timeout"

running (08m26.8s), 084/225 VUs, 6580 complete and 0 interrupted iterations
openloop_oscillating   [  70% ] 084/225 VUs  08m26.8s/12m0s  30.00 iters/s
time="2026-10-07T00:17:08Z" level=warning msg="Request Failed" error="Post \"http://auth-service.ecommerce.svc.cluster.local:8001/auth/login\": request timeout"
time="2026-10-07T00:17:08Z" level=warning msg="Request Failed" error="Post \"http://auth-service.ecommerce.svc.cluster.local:8001/auth/login\": request timeout"
time="2026-10-07T00:17:09Z" level=warning msg="Request Failed" error="Post \"http://auth-service.ecommerce.svc.cluster.local:8001/auth/login\": request timeout"

running (08m27.8s), 087/225 VUs, 6607 complete and 0 interrupted iterations
openloop_oscillating   [  71% ] 087/225 VUs  08m27.8s/12m0s  30.00 iters/s
time="2026-10-07T00:17:09Z" level=warning msg="Request Failed" error="Post \"http://auth-service.ecommerce.svc.cluster.local:8001/auth/login\": request timeout"
time="2026-10-07T00:17:09Z" level=warning msg="Request Failed" error="Post \"http://auth-service.ecommerce.svc.cluster.local:8001/auth/login\": request timeout"
time="2026-10-07T00:17:09Z" level=warning msg="Request Failed" error="Post \"http://auth-service.ecommerce.svc.cluster.local:8001/auth/login\": request timeout"
time="2026-10-07T00:17:09Z" level=warning msg="Request Failed" error="Post \"http://auth-service.ecommerce.svc.cluster.local:8001/auth/login\": request timeout"

running (08m28.8s), 082/225 VUs, 6641 complete and 0 interrupted iterations
openloop_oscillating   [  71% ] 082/225 VUs  08m28.8s/12m0s  30.00 iters/s
time="2026-10-07T00:17:11Z" level=warning msg="Request Failed" error="Post \"http://auth-service.ecommerce.svc.cluster.local:8001/auth/login\": request timeout"

running (08m29.8s), 092/225 VUs, 6661 complete and 0 interrupted iterations
openloop_oscillating   [  71% ] 092/225 VUs  08m29.8s/12m0s  30.00 iters/s

running (08m30.8s), 090/225 VUs, 6693 complete and 0 interrupted iterations
openloop_oscillating   [  71% ] 090/225 VUs  08m30.8s/12m0s  30.00 iters/s
time="2026-10-07T00:17:12Z" level=warning msg="Request Failed" error="Post \"http://auth-service.ecommerce.svc.cluster.local:8001/auth/login\": request timeout"
time="2026-10-07T00:17:13Z" level=warning msg="Request Failed" error="Post \"http://auth-service.ecommerce.svc.cluster.local:8001/auth/login\": request timeout"
time="2026-10-07T00:17:13Z" level=warning msg="Request Failed" error="Post \"http://auth-service.ecommerce.svc.cluster.local:8001/auth/login\": request timeout"
time="2026-10-07T00:17:13Z" level=warning msg="Request Failed" error="Post \"http://auth-service.ecommerce.svc.cluster.local:8001/auth/login\": request timeout"

running (08m31.8s), 095/225 VUs, 6718 complete and 0 interrupted iterations
openloop_oscillating   [  71% ] 095/225 VUs  08m31.8s/12m0s  30.00 iters/s

running (08m32.8s), 075/225 VUs, 6768 complete and 0 interrupted iterations
openloop_oscillating   [  71% ] 075/225 VUs  08m32.8s/12m0s  30.00 iters/s

running (08m33.8s), 074/225 VUs, 6800 complete and 0 interrupted iterations
openloop_oscillating   [  71% ] 074/225 VUs  08m33.8s/12m0s  30.00 iters/s
time="2026-10-07T00:17:16Z" level=warning msg="Request Failed" error="Post \"http://auth-service.ecommerce.svc.cluster.local:8001/auth/login\": request timeout"

running (08m34.8s), 082/225 VUs, 6821 complete and 0 interrupted iterations
openloop_oscillating   [  72% ] 082/225 VUs  08m34.8s/12m0s  30.00 iters/s
time="2026-10-07T00:17:16Z" level=warning msg="Request Failed" error="Post \"http://auth-service.ecommerce.svc.cluster.local:8001/auth/login\": request timeout"
time="2026-10-07T00:17:16Z" level=warning msg="Request Failed" error="Post \"http://auth-service.ecommerce.svc.cluster.local:8001/auth/login\": request timeout"
time="2026-10-07T00:17:16Z" level=warning msg="Request Failed" error="Post \"http://auth-service.ecommerce.svc.cluster.local:8001/auth/login\": request timeout"
time="2026-10-07T00:17:17Z" level=warning msg="Request Failed" error="Post \"http://auth-service.ecommerce.svc.cluster.local:8001/auth/login\": request timeout"
time="2026-10-07T00:17:17Z" level=warning msg="Request Failed" error="Post \"http://auth-service.ecommerce.svc.cluster.local:8001/auth/login\": request timeout"

running (08m35.8s), 087/225 VUs, 6847 complete and 0 interrupted iterations
openloop_oscillating   [  72% ] 087/225 VUs  08m35.8s/12m0s  30.00 iters/s
time="2026-10-07T00:17:17Z" level=warning msg="Request Failed" error="Post \"http://auth-service.ecommerce.svc.cluster.local:8001/auth/login\": request timeout"

running (08m36.8s), 089/225 VUs, 6874 complete and 0 interrupted iterations
openloop_oscillating   [  72% ] 089/225 VUs  08m36.8s/12m0s  30.00 iters/s
time="2026-10-07T00:17:18Z" level=warning msg="Request Failed" error="Post \"http://auth-service.ecommerce.svc.cluster.local:8001/auth/login\": request timeout"
time="2026-10-07T00:17:18Z" level=warning msg="Request Failed" error="Post \"http://auth-service.ecommerce.svc.cluster.local:8001/auth/login\": request timeout"
time="2026-10-07T00:17:19Z" level=warning msg="Request Failed" error="Post \"http://auth-service.ecommerce.svc.cluster.local:8001/auth/login\": request timeout"
time="2026-10-07T00:17:19Z" level=warning msg="Request Failed" error="Post \"http://auth-service.ecommerce.svc.cluster.local:8001/auth/login\": request timeout"

running (08m37.8s), 074/225 VUs, 6920 complete and 0 interrupted iterations
openloop_oscillating   [  72% ] 074/225 VUs  08m37.8s/12m0s  30.00 iters/s
time="2026-10-07T00:17:19Z" level=warning msg="Request Failed" error="Post \"http://auth-service.ecommerce.svc.cluster.local:8001/auth/login\": request timeout"

running (08m38.8s), 080/225 VUs, 6943 complete and 0 interrupted iterations
openloop_oscillating   [  72% ] 080/225 VUs  08m38.8s/12m0s  30.00 iters/s

running (08m39.8s), 064/225 VUs, 6989 complete and 0 interrupted iterations
openloop_oscillating   [  72% ] 064/225 VUs  08m39.8s/12m0s  30.00 iters/s

running (08m40.8s), 063/225 VUs, 7020 complete and 0 interrupted iterations
openloop_oscillating   [  72% ] 063/225 VUs  08m40.8s/12m0s  30.00 iters/s

running (08m41.8s), 092/225 VUs, 7021 complete and 0 interrupted iterations
openloop_oscillating   [  72% ] 092/225 VUs  08m41.8s/12m0s  30.00 iters/s
time="2026-10-07T00:17:23Z" level=warning msg="Request Failed" error="Post \"http://auth-service.ecommerce.svc.cluster.local:8001/auth/login\": request timeout"

running (08m42.8s), 078/225 VUs, 7065 complete and 0 interrupted iterations
openloop_oscillating   [  73% ] 078/225 VUs  08m42.8s/12m0s  30.00 iters/s
time="2026-10-07T00:17:24Z" level=warning msg="Request Failed" error="Post \"http://auth-service.ecommerce.svc.cluster.local:8001/auth/login\": request timeout"

running (08m43.8s), 055/225 VUs, 7118 complete and 0 interrupted iterations
openloop_oscillating   [  73% ] 055/225 VUs  08m43.8s/12m0s  30.00 iters/s
time="2026-10-07T00:17:25Z" level=warning msg="Request Failed" error="Post \"http://auth-service.ecommerce.svc.cluster.local:8001/auth/login\": request timeout"
time="2026-10-07T00:17:25Z" level=warning msg="Request Failed" error="Post \"http://auth-service.ecommerce.svc.cluster.local:8001/auth/login\": request timeout"

running (08m44.8s), 055/225 VUs, 7149 complete and 0 interrupted iterations
openloop_oscillating   [  73% ] 055/225 VUs  08m44.8s/12m0s  30.00 iters/s

running (08m45.8s), 018/225 VUs, 7216 complete and 0 interrupted iterations
openloop_oscillating   [  73% ] 018/225 VUs  08m45.8s/12m0s  30.00 iters/s

running (08m46.8s), 025/225 VUs, 7238 complete and 0 interrupted iterations
openloop_oscillating   [  73% ] 025/225 VUs  08m46.8s/12m0s  30.00 iters/s

running (08m47.8s), 021/225 VUs, 7273 complete and 0 interrupted iterations
openloop_oscillating   [  73% ] 021/225 VUs  08m47.8s/12m0s  30.00 iters/s
time="2026-10-07T00:17:30Z" level=warning msg="Request Failed" error="request timeout"

running (08m48.8s), 022/225 VUs, 7301 complete and 0 interrupted iterations
openloop_oscillating   [  73% ] 022/225 VUs  08m48.8s/12m0s  30.00 iters/s
time="2026-10-07T00:17:30Z" level=warning msg="Request Failed" error="Post \"http://auth-service.ecommerce.svc.cluster.local:8001/auth/login\": request timeout"

running (08m49.8s), 033/225 VUs, 7321 complete and 0 interrupted iterations
openloop_oscillating   [  74% ] 033/225 VUs  08m49.8s/12m0s  30.00 iters/s
time="2026-10-07T00:17:31Z" level=warning msg="Request Failed" error="Post \"http://auth-service.ecommerce.svc.cluster.local:8001/auth/login\": request timeout"
time="2026-10-07T00:17:31Z" level=warning msg="Request Failed" error="Post \"http://auth-service.ecommerce.svc.cluster.local:8001/auth/login\": request timeout"

running (08m50.8s), 039/225 VUs, 7345 complete and 0 interrupted iterations
openloop_oscillating   [  74% ] 039/225 VUs  08m50.8s/12m0s  30.00 iters/s

running (08m51.8s), 029/225 VUs, 7385 complete and 0 interrupted iterations
openloop_oscillating   [  74% ] 029/225 VUs  08m51.8s/12m0s  30.00 iters/s

running (08m52.8s), 026/225 VUs, 7417 complete and 0 interrupted iterations
openloop_oscillating   [  74% ] 026/225 VUs  08m52.8s/12m0s  30.00 iters/s
time="2026-10-07T00:17:34Z" level=warning msg="Request Failed" error="Post \"http://auth-service.ecommerce.svc.cluster.local:8001/auth/login\": request timeout"
time="2026-10-07T00:17:35Z" level=warning msg="Request Failed" error="Post \"http://auth-service.ecommerce.svc.cluster.local:8001/auth/login\": request timeout"
time="2026-10-07T00:17:35Z" level=warning msg="Request Failed" error="Post \"http://auth-service.ecommerce.svc.cluster.local:8001/auth/login\": request timeout"

running (08m53.8s), 035/225 VUs, 7438 complete and 0 interrupted iterations
openloop_oscillating   [  74% ] 035/225 VUs  08m53.8s/12m0s  30.00 iters/s
time="2026-10-07T00:17:35Z" level=warning msg="Request Failed" error="Post \"http://auth-service.ecommerce.svc.cluster.local:8001/auth/login\": request timeout"

running (08m54.8s), 053/225 VUs, 7451 complete and 0 interrupted iterations
openloop_oscillating   [  74% ] 053/225 VUs  08m54.8s/12m0s  30.00 iters/s
time="2026-10-07T00:17:37Z" level=warning msg="Request Failed" error="Post \"http://auth-service.ecommerce.svc.cluster.local:8001/auth/login\": request timeout"

running (08m55.8s), 066/225 VUs, 7468 complete and 0 interrupted iterations
openloop_oscillating   [  74% ] 066/225 VUs  08m55.8s/12m0s  30.00 iters/s
time="2026-10-07T00:17:37Z" level=warning msg="Request Failed" error="Post \"http://auth-service.ecommerce.svc.cluster.local:8001/auth/login\": request timeout"

running (08m56.8s), 051/225 VUs, 7512 complete and 0 interrupted iterations
openloop_oscillating   [  75% ] 051/225 VUs  08m56.8s/12m0s  30.00 iters/s

running (08m57.8s), 064/225 VUs, 7530 complete and 0 interrupted iterations
openloop_oscillating   [  75% ] 064/225 VUs  08m57.8s/12m0s  30.00 iters/s

running (08m58.8s), 055/225 VUs, 7568 complete and 0 interrupted iterations
openloop_oscillating   [  75% ] 055/225 VUs  08m58.8s/12m0s  30.00 iters/s
time="2026-10-07T00:17:40Z" level=warning msg="Request Failed" error="Post \"http://auth-service.ecommerce.svc.cluster.local:8001/auth/login\": request timeout"
time="2026-10-07T00:17:40Z" level=warning msg="Request Failed" error="Post \"http://auth-service.ecommerce.svc.cluster.local:8001/auth/login\": request timeout"

running (08m59.8s), 066/225 VUs, 7587 complete and 0 interrupted iterations
openloop_oscillating   [  75% ] 066/225 VUs  08m59.8s/12m0s  30.00 iters/s
time="2026-10-07T00:17:41Z" level=warning msg="Request Failed" error="Post \"http://auth-service.ecommerce.svc.cluster.local:8001/auth/login\": request timeout"
time="2026-10-07T00:17:41Z" level=warning msg="Request Failed" error="Post \"http://auth-service.ecommerce.svc.cluster.local:8001/auth/login\": request timeout"
time="2026-10-07T00:17:41Z" level=warning msg="Request Failed" error="Post \"http://auth-service.ecommerce.svc.cluster.local:8001/auth/login\": request timeout"

running (09m00.8s), 072/225 VUs, 7611 complete and 0 interrupted iterations
openloop_oscillating   [  75% ] 072/225 VUs  09m00.8s/12m0s  29.87 iters/s

running (09m01.8s), 083/225 VUs, 7630 complete and 0 interrupted iterations
openloop_oscillating   [  75% ] 083/225 VUs  09m01.8s/12m0s  29.70 iters/s
time="2026-10-07T00:17:43Z" level=warning msg="Request Failed" error="Post \"http://auth-service.ecommerce.svc.cluster.local:8001/auth/login\": request timeout"
time="2026-10-07T00:17:43Z" level=warning msg="Request Failed" error="Post \"http://auth-service.ecommerce.svc.cluster.local:8001/auth/login\": request timeout"
time="2026-10-07T00:17:43Z" level=warning msg="Request Failed" error="Post \"http://auth-service.ecommerce.svc.cluster.local:8001/auth/login\": request timeout"

running (09m02.8s), 085/225 VUs, 7658 complete and 0 interrupted iterations
openloop_oscillating   [  75% ] 085/225 VUs  09m02.8s/12m0s  29.53 iters/s
time="2026-10-07T00:17:44Z" level=warning msg="Request Failed" error="Post \"http://auth-service.ecommerce.svc.cluster.local:8001/auth/login\": request timeout"
time="2026-10-07T00:17:44Z" level=warning msg="Request Failed" error="Post \"http://auth-service.ecommerce.svc.cluster.local:8001/auth/login\": request timeout"
time="2026-10-07T00:17:44Z" level=warning msg="Request Failed" error="Post \"http://auth-service.ecommerce.svc.cluster.local:8001/auth/login\": request timeout"

running (09m03.8s), 090/225 VUs, 7682 complete and 0 interrupted iterations
openloop_oscillating   [  76% ] 090/225 VUs  09m03.8s/12m0s  29.37 iters/s
time="2026-10-07T00:17:45Z" level=warning msg="Request Failed" error="Post \"http://auth-service.ecommerce.svc.cluster.local:8001/auth/login\": request timeout"
time="2026-10-07T00:17:45Z" level=warning msg="Request Failed" error="Post \"http://auth-service.ecommerce.svc.cluster.local:8001/auth/login\": request timeout"
time="2026-10-07T00:17:46Z" level=warning msg="Request Failed" error="Post \"http://auth-service.ecommerce.svc.cluster.local:8001/auth/login\": request timeout"

running (09m04.8s), 092/225 VUs, 7710 complete and 0 interrupted iterations
openloop_oscillating   [  76% ] 092/225 VUs  09m04.8s/12m0s  29.20 iters/s
time="2026-10-07T00:17:47Z" level=warning msg="Request Failed" error="Post \"http://auth-service.ecommerce.svc.cluster.local:8001/auth/login\": request timeout"

running (09m05.8s), 089/225 VUs, 7742 complete and 0 interrupted iterations
openloop_oscillating   [  76% ] 089/225 VUs  09m05.8s/12m0s  29.03 iters/s
time="2026-10-07T00:17:47Z" level=warning msg="Request Failed" error="Post \"http://auth-service.ecommerce.svc.cluster.local:8001/auth/login\": request timeout"
time="2026-10-07T00:17:48Z" level=warning msg="Request Failed" error="Post \"http://auth-service.ecommerce.svc.cluster.local:8001/auth/login\": request timeout"

running (09m06.8s), 087/225 VUs, 7773 complete and 0 interrupted iterations
openloop_oscillating   [  76% ] 087/225 VUs  09m06.8s/12m0s  28.86 iters/s

running (09m07.8s), 093/225 VUs, 7795 complete and 0 interrupted iterations
openloop_oscillating   [  76% ] 093/225 VUs  09m07.8s/12m0s  28.70 iters/s
time="2026-10-07T00:17:50Z" level=warning msg="Request Failed" error="Post \"http://auth-service.ecommerce.svc.cluster.local:8001/auth/login\": request timeout"

running (09m08.8s), 098/225 VUs, 7819 complete and 0 interrupted iterations
openloop_oscillating   [  76% ] 098/225 VUs  09m08.8s/12m0s  28.53 iters/s
time="2026-10-07T00:17:50Z" level=warning msg="Request Failed" error="Post \"http://auth-service.ecommerce.svc.cluster.local:8001/auth/login\": request timeout"
time="2026-10-07T00:17:50Z" level=warning msg="Request Failed" error="Post \"http://auth-service.ecommerce.svc.cluster.local:8001/auth/login\": request timeout"

running (09m09.8s), 098/225 VUs, 7848 complete and 0 interrupted iterations
openloop_oscillating   [  76% ] 098/225 VUs  09m09.8s/12m0s  28.36 iters/s
time="2026-10-07T00:17:51Z" level=warning msg="Request Failed" error="Post \"http://auth-service.ecommerce.svc.cluster.local:8001/auth/login\": request timeout"
time="2026-10-07T00:17:51Z" level=warning msg="Request Failed" error="Post \"http://auth-service.ecommerce.svc.cluster.local:8001/auth/login\": request timeout"

running (09m10.8s), 103/225 VUs, 7871 complete and 0 interrupted iterations
openloop_oscillating   [  77% ] 103/225 VUs  09m10.8s/12m0s  28.20 iters/s
time="2026-10-07T00:17:52Z" level=warning msg="Request Failed" error="Post \"http://auth-service.ecommerce.svc.cluster.local:8001/auth/login\": request timeout"
time="2026-10-07T00:17:52Z" level=warning msg="Request Failed" error="Post \"http://auth-service.ecommerce.svc.cluster.local:8001/auth/login\": request timeout"
time="2026-10-07T00:17:53Z" level=warning msg="Request Failed" error="Post \"http://auth-service.ecommerce.svc.cluster.local:8001/auth/login\": request timeout"
time="2026-10-07T00:17:53Z" level=warning msg="Request Failed" error="Post \"http://auth-service.ecommerce.svc.cluster.local:8001/auth/login\": request timeout"

running (09m11.8s), 111/225 VUs, 7891 complete and 0 interrupted iterations
openloop_oscillating   [  77% ] 111/225 VUs  09m11.8s/12m0s  28.03 iters/s
time="2026-10-07T00:17:54Z" level=warning msg="Request Failed" error="Post \"http://auth-service.ecommerce.svc.cluster.local:8001/auth/login\": request timeout"

running (09m12.8s), 118/225 VUs, 7912 complete and 0 interrupted iterations
openloop_oscillating   [  77% ] 118/225 VUs  09m12.8s/12m0s  27.87 iters/s
time="2026-10-07T00:17:54Z" level=warning msg="Request Failed" error="Post \"http://auth-service.ecommerce.svc.cluster.local:8001/auth/login\": request timeout"
time="2026-10-07T00:17:54Z" level=warning msg="Request Failed" error="Post \"http://auth-service.ecommerce.svc.cluster.local:8001/auth/login\": request timeout"
time="2026-10-07T00:17:54Z" level=warning msg="Request Failed" error="Post \"http://auth-service.ecommerce.svc.cluster.local:8001/auth/login\": request timeout"
time="2026-10-07T00:17:54Z" level=warning msg="Request Failed" error="Post \"http://auth-service.ecommerce.svc.cluster.local:8001/auth/login\": request timeout"

running (09m13.8s), 121/225 VUs, 7937 complete and 0 interrupted iterations
openloop_oscillating   [  77% ] 121/225 VUs  09m13.8s/12m0s  27.70 iters/s
time="2026-10-07T00:17:55Z" level=warning msg="Request Failed" error="Post \"http://auth-service.ecommerce.svc.cluster.local:8001/auth/login\": request timeout"
time="2026-10-07T00:17:55Z" level=warning msg="Request Failed" error="Post \"http://auth-service.ecommerce.svc.cluster.local:8001/auth/login\": request timeout"
time="2026-10-07T00:17:55Z" level=warning msg="Request Failed" error="Post \"http://auth-service.ecommerce.svc.cluster.local:8001/auth/login\": request timeout"

running (09m14.8s), 109/225 VUs, 7976 complete and 0 interrupted iterations
openloop_oscillating   [  77% ] 109/225 VUs  09m14.8s/12m0s  27.53 iters/s
time="2026-10-07T00:17:56Z" level=warning msg="Request Failed" error="Post \"http://auth-service.ecommerce.svc.cluster.local:8001/auth/login\": request timeout"
time="2026-10-07T00:17:56Z" level=warning msg="Request Failed" error="Post \"http://auth-service.ecommerce.svc.cluster.local:8001/auth/login\": request timeout"
time="2026-10-07T00:17:56Z" level=warning msg="Request Failed" error="Post \"http://auth-service.ecommerce.svc.cluster.local:8001/auth/login\": request timeout"

running (09m15.8s), 111/225 VUs, 8002 complete and 0 interrupted iterations
openloop_oscillating   [  77% ] 111/225 VUs  09m15.8s/12m0s  27.36 iters/s
time="2026-10-07T00:17:57Z" level=warning msg="Request Failed" error="Post \"http://auth-service.ecommerce.svc.cluster.local:8001/auth/login\": request timeout"
time="2026-10-07T00:17:57Z" level=warning msg="Request Failed" error="Post \"http://auth-service.ecommerce.svc.cluster.local:8001/auth/login\": request timeout"
time="2026-10-07T00:17:57Z" level=warning msg="Request Failed" error="Post \"http://auth-service.ecommerce.svc.cluster.local:8001/auth/login\": request timeout"
time="2026-10-07T00:17:57Z" level=warning msg="Request Failed" error="Post \"http://auth-service.ecommerce.svc.cluster.local:8001/auth/login\": request timeout"
time="2026-10-07T00:17:57Z" level=warning msg="Request Failed" error="Post \"http://auth-service.ecommerce.svc.cluster.local:8001/auth/login\": request timeout"
time="2026-10-07T00:17:58Z" level=warning msg="Request Failed" error="Post \"http://auth-service.ecommerce.svc.cluster.local:8001/auth/login\": request timeout"

running (09m16.8s), 119/225 VUs, 8021 complete and 0 interrupted iterations
openloop_oscillating   [  77% ] 119/225 VUs  09m16.8s/12m0s  27.20 iters/s
time="2026-10-07T00:17:58Z" level=warning msg="Request Failed" error="Get \"http://auth-service.ecommerce.svc.cluster.local:8001/auth/me\": request timeout"
time="2026-10-07T00:17:58Z" level=warning msg="Request Failed" error="request timeout"
time="2026-10-07T00:17:58Z" level=warning msg="Request Failed" error="request timeout"
time="2026-10-07T00:17:58Z" level=warning msg="Request Failed" error="Post \"http://auth-service.ecommerce.svc.cluster.local:8001/auth/login\": request timeout"
time="2026-10-07T00:17:59Z" level=warning msg="Request Failed" error="Get \"http://auth-service.ecommerce.svc.cluster.local:8001/auth/me\": request timeout"
time="2026-10-07T00:17:59Z" level=warning msg="Request Failed" error="Get \"http://auth-service.ecommerce.svc.cluster.local:8001/auth/me\": request timeout"
time="2026-10-07T00:17:59Z" level=warning msg="Request Failed" error="Get \"http://auth-service.ecommerce.svc.cluster.local:8001/auth/me\": request timeout"
time="2026-10-07T00:17:59Z" level=warning msg="Request Failed" error="Post \"http://auth-service.ecommerce.svc.cluster.local:8001/auth/login\": request timeout"
time="2026-10-07T00:17:59Z" level=warning msg="Request Failed" error="Get \"http://auth-service.ecommerce.svc.cluster.local:8001/auth/me\": request timeout"

running (09m17.8s), 137/225 VUs, 8030 complete and 0 interrupted iterations
openloop_oscillating   [  77% ] 137/225 VUs  09m17.8s/12m0s  27.03 iters/s
time="2026-10-07T00:17:59Z" level=warning msg="Request Failed" error="Post \"http://auth-service.ecommerce.svc.cluster.local:8001/auth/login\": request timeout"
time="2026-10-07T00:17:59Z" level=warning msg="Request Failed" error="Get \"http://auth-service.ecommerce.svc.cluster.local:8001/auth/me\": request timeout"
time="2026-10-07T00:17:59Z" level=warning msg="Request Failed" error="Get \"http://auth-service.ecommerce.svc.cluster.local:8001/auth/me\": request timeout"
time="2026-10-07T00:17:59Z" level=warning msg="Request Failed" error="Get \"http://auth-service.ecommerce.svc.cluster.local:8001/auth/me\": request timeout"
time="2026-10-07T00:17:59Z" level=warning msg="Request Failed" error="Get \"http://auth-service.ecommerce.svc.cluster.local:8001/auth/me\": request timeout"
time="2026-10-07T00:17:59Z" level=warning msg="Request Failed" error="Post \"http://auth-service.ecommerce.svc.cluster.local:8001/auth/login\": request timeout"
time="2026-10-07T00:17:59Z" level=warning msg="Request Failed" error="Post \"http://auth-service.ecommerce.svc.cluster.local:8001/auth/login\": request timeout"
time="2026-10-07T00:17:59Z" level=warning msg="Request Failed" error="Get \"http://auth-service.ecommerce.svc.cluster.local:8001/auth/me\": request timeout"
time="2026-10-07T00:17:59Z" level=warning msg="Request Failed" error="Get \"http://auth-service.ecommerce.svc.cluster.local:8001/auth/me\": request timeout"
time="2026-10-07T00:17:59Z" level=warning msg="Request Failed" error="Post \"http://auth-service.ecommerce.svc.cluster.local:8001/auth/login\": request timeout"
time="2026-10-07T00:17:59Z" level=warning msg="Request Failed" error="Post \"http://auth-service.ecommerce.svc.cluster.local:8001/auth/login\": request timeout"
time="2026-10-07T00:17:59Z" level=warning msg="Request Failed" error="Post \"http://auth-service.ecommerce.svc.cluster.local:8001/auth/login\": request timeout"
time="2026-10-07T00:17:59Z" level=warning msg="Request Failed" error="Post \"http://auth-service.ecommerce.svc.cluster.local:8001/auth/login\": request timeout"
time="2026-10-07T00:18:00Z" level=warning msg="Request Failed" error="Get \"http://auth-service.ecommerce.svc.cluster.local:8001/auth/me\": request timeout"
time="2026-10-07T00:18:00Z" level=warning msg="Request Failed" error="Post \"http://auth-service.ecommerce.svc.cluster.local:8001/auth/login\": request timeout"
time="2026-10-07T00:18:00Z" level=warning msg="Request Failed" error="Post \"http://auth-service.ecommerce.svc.cluster.local:8001/auth/login\": request timeout"
time="2026-10-07T00:18:00Z" level=warning msg="Request Failed" error="Get \"http://auth-service.ecommerce.svc.cluster.local:8001/auth/me\": request timeout"
time="2026-10-07T00:18:00Z" level=warning msg="Request Failed" error="Get \"http://auth-service.ecommerce.svc.cluster.local:8001/auth/me\": request timeout"
time="2026-10-07T00:18:00Z" level=warning msg="Request Failed" error="Post \"http://auth-service.ecommerce.svc.cluster.local:8001/auth/login\": request timeout"

running (09m18.8s), 136/225 VUs, 8058 complete and 0 interrupted iterations
openloop_oscillating   [  78% ] 136/225 VUs  09m18.8s/12m0s  26.87 iters/s
time="2026-10-07T00:18:00Z" level=warning msg="Request Failed" error="Post \"http://auth-service.ecommerce.svc.cluster.local:8001/auth/login\": request timeout"
time="2026-10-07T00:18:00Z" level=warning msg="Request Failed" error="Get \"http://auth-service.ecommerce.svc.cluster.local:8001/auth/me\": request timeout"
time="2026-10-07T00:18:00Z" level=warning msg="Request Failed" error="Post \"http://auth-service.ecommerce.svc.cluster.local:8001/auth/login\": request timeout"
time="2026-10-07T00:18:00Z" level=warning msg="Request Failed" error="Post \"http://auth-service.ecommerce.svc.cluster.local:8001/auth/login\": request timeout"
time="2026-10-07T00:18:00Z" level=warning msg="Request Failed" error="Get \"http://auth-service.ecommerce.svc.cluster.local:8001/auth/me\": request timeout"
time="2026-10-07T00:18:00Z" level=warning msg="Request Failed" error="Get \"http://auth-service.ecommerce.svc.cluster.local:8001/auth/me\": request timeout"
time="2026-10-07T00:18:00Z" level=warning msg="Request Failed" error="Get \"http://auth-service.ecommerce.svc.cluster.local:8001/auth/me\": request timeout"
time="2026-10-07T00:18:00Z" level=warning msg="Request Failed" error="Get \"http://auth-service.ecommerce.svc.cluster.local:8001/auth/me\": request timeout"
time="2026-10-07T00:18:00Z" level=warning msg="Request Failed" error="Post \"http://auth-service.ecommerce.svc.cluster.local:8001/auth/login\": request timeout"
time="2026-10-07T00:18:00Z" level=warning msg="Request Failed" error="Get \"http://auth-service.ecommerce.svc.cluster.local:8001/auth/me\": request timeout"
time="2026-10-07T00:18:00Z" level=warning msg="Request Failed" error="Get \"http://auth-service.ecommerce.svc.cluster.local:8001/auth/me\": request timeout"
time="2026-10-07T00:18:00Z" level=warning msg="Request Failed" error="Get \"http://auth-service.ecommerce.svc.cluster.local:8001/auth/me\": request timeout"
time="2026-10-07T00:18:00Z" level=warning msg="Request Failed" error="Get \"http://auth-service.ecommerce.svc.cluster.local:8001/auth/me\": request timeout"
time="2026-10-07T00:18:00Z" level=warning msg="Request Failed" error="Get \"http://auth-service.ecommerce.svc.cluster.local:8001/auth/me\": request timeout"
time="2026-10-07T00:18:00Z" level=warning msg="Request Failed" error="Get \"http://auth-service.ecommerce.svc.cluster.local:8001/auth/me\": request timeout"
time="2026-10-07T00:18:00Z" level=warning msg="Request Failed" error="Get \"http://auth-service.ecommerce.svc.cluster.local:8001/auth/me\": request timeout"
time="2026-10-07T00:18:00Z" level=warning msg="Request Failed" error="Get \"http://auth-service.ecommerce.svc.cluster.local:8001/auth/me\": request timeout"
time="2026-10-07T00:18:01Z" level=warning msg="Request Failed" error="Post \"http://auth-service.ecommerce.svc.cluster.local:8001/auth/login\": request timeout"
time="2026-10-07T00:18:01Z" level=warning msg="Request Failed" error="Get \"http://auth-service.ecommerce.svc.cluster.local:8001/auth/me\": request timeout"
time="2026-10-07T00:18:01Z" level=warning msg="Request Failed" error="Get \"http://auth-service.ecommerce.svc.cluster.local:8001/auth/me\": request timeout"
time="2026-10-07T00:18:01Z" level=warning msg="Request Failed" error="Post \"http://auth-service.ecommerce.svc.cluster.local:8001/auth/login\": request timeout"
time="2026-10-07T00:18:01Z" level=warning msg="Request Failed" error="Post \"http://auth-service.ecommerce.svc.cluster.local:8001/auth/login\": request timeout"
time="2026-10-07T00:18:01Z" level=warning msg="Request Failed" error="Post \"http://auth-service.ecommerce.svc.cluster.local:8001/auth/login\": request timeout"
time="2026-10-07T00:18:01Z" level=warning msg="Request Failed" error="Get \"http://auth-service.ecommerce.svc.cluster.local:8001/auth/me\": request timeout"
time="2026-10-07T00:18:01Z" level=warning msg="Request Failed" error="Get \"http://auth-service.ecommerce.svc.cluster.local:8001/auth/me\": request timeout"

running (09m19.8s), 136/225 VUs, 8085 complete and 0 interrupted iterations
openloop_oscillating   [  78% ] 136/225 VUs  09m19.8s/12m0s  26.70 iters/s
time="2026-10-07T00:18:01Z" level=warning msg="Request Failed" error="Get \"http://auth-service.ecommerce.svc.cluster.local:8001/auth/me\": request timeout"
time="2026-10-07T00:18:01Z" level=warning msg="Request Failed" error="Get \"http://auth-service.ecommerce.svc.cluster.local:8001/auth/me\": request timeout"
time="2026-10-07T00:18:01Z" level=warning msg="Request Failed" error="Get \"http://auth-service.ecommerce.svc.cluster.local:8001/auth/me\": request timeout"
time="2026-10-07T00:18:01Z" level=warning msg="Request Failed" error="Post \"http://auth-service.ecommerce.svc.cluster.local:8001/auth/login\": request timeout"
time="2026-10-07T00:18:01Z" level=warning msg="Request Failed" error="Get \"http://auth-service.ecommerce.svc.cluster.local:8001/auth/me\": request timeout"
time="2026-10-07T00:18:01Z" level=warning msg="Request Failed" error="Get \"http://auth-service.ecommerce.svc.cluster.local:8001/auth/me\": request timeout"
time="2026-10-07T00:18:01Z" level=warning msg="Request Failed" error="Post \"http://auth-service.ecommerce.svc.cluster.local:8001/auth/login\": request timeout"
time="2026-10-07T00:18:01Z" level=warning msg="Request Failed" error="Get \"http://auth-service.ecommerce.svc.cluster.local:8001/auth/me\": request timeout"
time="2026-10-07T00:18:01Z" level=warning msg="Request Failed" error="Get \"http://auth-service.ecommerce.svc.cluster.local:8001/auth/me\": request timeout"
time="2026-10-07T00:18:01Z" level=warning msg="Request Failed" error="Get \"http://auth-service.ecommerce.svc.cluster.local:8001/auth/me\": request timeout"
time="2026-10-07T00:18:01Z" level=warning msg="Request Failed" error="Get \"http://auth-service.ecommerce.svc.cluster.local:8001/auth/me\": request timeout"
time="2026-10-07T00:18:01Z" level=warning msg="Request Failed" error="Post \"http://auth-service.ecommerce.svc.cluster.local:8001/auth/login\": request timeout"
time="2026-10-07T00:18:01Z" level=warning msg="Request Failed" error="Post \"http://auth-service.ecommerce.svc.cluster.local:8001/auth/login\": request timeout"
time="2026-10-07T00:18:01Z" level=warning msg="Request Failed" error="Get \"http://auth-service.ecommerce.svc.cluster.local:8001/auth/me\": request timeout"
time="2026-10-07T00:18:01Z" level=warning msg="Request Failed" error="Post \"http://auth-service.ecommerce.svc.cluster.local:8001/auth/login\": request timeout"
time="2026-10-07T00:18:01Z" level=warning msg="Request Failed" error="Get \"http://auth-service.ecommerce.svc.cluster.local:8001/auth/me\": request timeout"
time="2026-10-07T00:18:01Z" level=warning msg="Request Failed" error="Post \"http://auth-service.ecommerce.svc.cluster.local:8001/auth/login\": request timeout"
time="2026-10-07T00:18:01Z" level=warning msg="Request Failed" error="Post \"http://auth-service.ecommerce.svc.cluster.local:8001/auth/login\": request timeout"
time="2026-10-07T00:18:02Z" level=warning msg="Request Failed" error="Get \"http://auth-service.ecommerce.svc.cluster.local:8001/auth/me\": request timeout"
time="2026-10-07T00:18:02Z" level=warning msg="Request Failed" error="Post \"http://auth-service.ecommerce.svc.cluster.local:8001/auth/login\": request timeout"
time="2026-10-07T00:18:02Z" level=warning msg="Request Failed" error="Get \"http://auth-service.ecommerce.svc.cluster.local:8001/auth/me\": request timeout"
time="2026-10-07T00:18:02Z" level=warning msg="Request Failed" error="Get \"http://auth-service.ecommerce.svc.cluster.local:8001/auth/me\": request timeout"
time="2026-10-07T00:18:02Z" level=warning msg="Request Failed" error="Post \"http://auth-service.ecommerce.svc.cluster.local:8001/auth/login\": request timeout"
time="2026-10-07T00:18:02Z" level=warning msg="Request Failed" error="Post \"http://auth-service.ecommerce.svc.cluster.local:8001/auth/login\": request timeout"
time="2026-10-07T00:18:02Z" level=warning msg="Request Failed" error="Get \"http://auth-service.ecommerce.svc.cluster.local:8001/auth/me\": request timeout"
time="2026-10-07T00:18:02Z" level=warning msg="Request Failed" error="Post \"http://auth-service.ecommerce.svc.cluster.local:8001/auth/login\": request timeout"
time="2026-10-07T00:18:02Z" level=warning msg="Request Failed" error="Get \"http://auth-service.ecommerce.svc.cluster.local:8001/auth/me\": request timeout"
time="2026-10-07T00:18:02Z" level=warning msg="Request Failed" error="Get \"http://auth-service.ecommerce.svc.cluster.local:8001/auth/me\": request timeout"

running (09m20.8s), 134/225 VUs, 8113 complete and 0 interrupted iterations
openloop_oscillating   [  78% ] 134/225 VUs  09m20.8s/12m0s  26.54 iters/s
time="2026-10-07T00:18:02Z" level=warning msg="Request Failed" error="Post \"http://auth-service.ecommerce.svc.cluster.local:8001/auth/login\": request timeout"
time="2026-10-07T00:18:02Z" level=warning msg="Request Failed" error="Get \"http://auth-service.ecommerce.svc.cluster.local:8001/auth/me\": request timeout"
time="2026-10-07T00:18:02Z" level=warning msg="Request Failed" error="Get \"http://auth-service.ecommerce.svc.cluster.local:8001/auth/me\": request timeout"
time="2026-10-07T00:18:02Z" level=warning msg="Request Failed" error="Get \"http://auth-service.ecommerce.svc.cluster.local:8001/auth/me\": request timeout"
time="2026-10-07T00:18:02Z" level=warning msg="Request Failed" error="Get \"http://auth-service.ecommerce.svc.cluster.local:8001/auth/me\": request timeout"
time="2026-10-07T00:18:02Z" level=warning msg="Request Failed" error="Get \"http://auth-service.ecommerce.svc.cluster.local:8001/auth/me\": request timeout"
time="2026-10-07T00:18:02Z" level=warning msg="Request Failed" error="Get \"http://auth-service.ecommerce.svc.cluster.local:8001/auth/me\": request timeout"
time="2026-10-07T00:18:02Z" level=warning msg="Request Failed" error="Get \"http://auth-service.ecommerce.svc.cluster.local:8001/auth/me\": request timeout"
time="2026-10-07T00:18:02Z" level=warning msg="Request Failed" error="Get \"http://auth-service.ecommerce.svc.cluster.local:8001/auth/me\": request timeout"
time="2026-10-07T00:18:02Z" level=warning msg="Request Failed" error="Post \"http://auth-service.ecommerce.svc.cluster.local:8001/auth/login\": request timeout"
time="2026-10-07T00:18:02Z" level=warning msg="Request Failed" error="Get \"http://auth-service.ecommerce.svc.cluster.local:8001/auth/me\": request timeout"
time="2026-10-07T00:18:02Z" level=warning msg="Request Failed" error="Get \"http://auth-service.ecommerce.svc.cluster.local:8001/auth/me\": request timeout"
time="2026-10-07T00:18:02Z" level=warning msg="Request Failed" error="Get \"http://auth-service.ecommerce.svc.cluster.local:8001/auth/me\": request timeout"
time="2026-10-07T00:18:02Z" level=warning msg="Request Failed" error="Get \"http://auth-service.ecommerce.svc.cluster.local:8001/auth/me\": request timeout"
time="2026-10-07T00:18:02Z" level=warning msg="Request Failed" error="Get \"http://auth-service.ecommerce.svc.cluster.local:8001/auth/me\": request timeout"
time="2026-10-07T00:18:02Z" level=warning msg="Request Failed" error="Get \"http://auth-service.ecommerce.svc.cluster.local:8001/auth/me\": request timeout"
time="2026-10-07T00:18:02Z" level=warning msg="Request Failed" error="Post \"http://auth-service.ecommerce.svc.cluster.local:8001/auth/login\": request timeout"
time="2026-10-07T00:18:03Z" level=warning msg="Request Failed" error="Get \"http://auth-service.ecommerce.svc.cluster.local:8001/auth/me\": request timeout"
time="2026-10-07T00:18:03Z" level=warning msg="Request Failed" error="Get \"http://auth-service.ecommerce.svc.cluster.local:8001/auth/me\": request timeout"
time="2026-10-07T00:18:03Z" level=warning msg="Request Failed" error="Get \"http://auth-service.ecommerce.svc.cluster.local:8001/auth/me\": request timeout"
time="2026-10-07T00:18:03Z" level=warning msg="Request Failed" error="Get \"http://auth-service.ecommerce.svc.cluster.local:8001/auth/me\": request timeout"
time="2026-10-07T00:18:03Z" level=warning msg="Request Failed" error="Post \"http://auth-service.ecommerce.svc.cluster.local:8001/auth/login\": request timeout"
time="2026-10-07T00:18:03Z" level=warning msg="Request Failed" error="Get \"http://auth-service.ecommerce.svc.cluster.local:8001/auth/me\": request timeout"
time="2026-10-07T00:18:03Z" level=warning msg="Request Failed" error="Get \"http://auth-service.ecommerce.svc.cluster.local:8001/auth/me\": request timeout"
time="2026-10-07T00:18:03Z" level=warning msg="Request Failed" error="Get \"http://auth-service.ecommerce.svc.cluster.local:8001/auth/me\": request timeout"
time="2026-10-07T00:18:03Z" level=warning msg="Request Failed" error="Get \"http://auth-service.ecommerce.svc.cluster.local:8001/auth/me\": request timeout"
time="2026-10-07T00:18:03Z" level=warning msg="Request Failed" error="Get \"http://auth-service.ecommerce.svc.cluster.local:8001/auth/me\": request timeout"

running (09m21.8s), 134/225 VUs, 8140 complete and 0 interrupted iterations
openloop_oscillating   [  78% ] 134/225 VUs  09m21.8s/12m0s  26.37 iters/s
time="2026-10-07T00:18:03Z" level=warning msg="Request Failed" error="Get \"http://auth-service.ecommerce.svc.cluster.local:8001/auth/me\": request timeout"
time="2026-10-07T00:18:03Z" level=warning msg="Request Failed" error="Post \"http://auth-service.ecommerce.svc.cluster.local:8001/auth/login\": request timeout"
time="2026-10-07T00:18:03Z" level=warning msg="Request Failed" error="Post \"http://auth-service.ecommerce.svc.cluster.local:8001/auth/login\": request timeout"
time="2026-10-07T00:18:03Z" level=warning msg="Request Failed" error="Post \"http://auth-service.ecommerce.svc.cluster.local:8001/auth/login\": request timeout"
time="2026-10-07T00:18:03Z" level=warning msg="Request Failed" error="Get \"http://auth-service.ecommerce.svc.cluster.local:8001/auth/me\": request timeout"
time="2026-10-07T00:18:03Z" level=warning msg="Request Failed" error="Get \"http://auth-service.ecommerce.svc.cluster.local:8001/auth/me\": request timeout"
time="2026-10-07T00:18:03Z" level=warning msg="Request Failed" error="Get \"http://auth-service.ecommerce.svc.cluster.local:8001/auth/me\": request timeout"
time="2026-10-07T00:18:03Z" level=warning msg="Request Failed" error="Get \"http://auth-service.ecommerce.svc.cluster.local:8001/auth/me\": request timeout"
time="2026-10-07T00:18:03Z" level=warning msg="Request Failed" error="Get \"http://auth-service.ecommerce.svc.cluster.local:8001/auth/me\": request timeout"
time="2026-10-07T00:18:03Z" level=warning msg="Request Failed" error="Get \"http://auth-service.ecommerce.svc.cluster.local:8001/auth/me\": request timeout"
time="2026-10-07T00:18:03Z" level=warning msg="Request Failed" error="Get \"http://auth-service.ecommerce.svc.cluster.local:8001/auth/me\": request timeout"
time="2026-10-07T00:18:03Z" level=warning msg="Request Failed" error="Get \"http://auth-service.ecommerce.svc.cluster.local:8001/auth/me\": request timeout"
time="2026-10-07T00:18:03Z" level=warning msg="Request Failed" error="Get \"http://auth-service.ecommerce.svc.cluster.local:8001/auth/me\": request timeout"
time="2026-10-07T00:18:03Z" level=warning msg="Request Failed" error="Get \"http://auth-service.ecommerce.svc.cluster.local:8001/auth/me\": request timeout"
time="2026-10-07T00:18:03Z" level=warning msg="Request Failed" error="Get \"http://auth-service.ecommerce.svc.cluster.local:8001/auth/me\": request timeout"
time="2026-10-07T00:18:03Z" level=warning msg="Request Failed" error="Post \"http://auth-service.ecommerce.svc.cluster.local:8001/auth/login\": request timeout"
time="2026-10-07T00:18:03Z" level=warning msg="Request Failed" error="Get \"http://auth-service.ecommerce.svc.cluster.local:8001/auth/me\": request timeout"
time="2026-10-07T00:18:04Z" level=warning msg="Request Failed" error="Get \"http://auth-service.ecommerce.svc.cluster.local:8001/auth/me\": request timeout"
time="2026-10-07T00:18:04Z" level=warning msg="Request Failed" error="Get \"http://auth-service.ecommerce.svc.cluster.local:8001/auth/me\": request timeout"
time="2026-10-07T00:18:04Z" level=warning msg="Request Failed" error="Post \"http://auth-service.ecommerce.svc.cluster.local:8001/auth/login\": request timeout"
time="2026-10-07T00:18:04Z" level=warning msg="Request Failed" error="Get \"http://auth-service.ecommerce.svc.cluster.local:8001/auth/me\": request timeout"
time="2026-10-07T00:18:04Z" level=warning msg="Request Failed" error="Get \"http://auth-service.ecommerce.svc.cluster.local:8001/auth/me\": request timeout"
time="2026-10-07T00:18:04Z" level=warning msg="Request Failed" error="Get \"http://auth-service.ecommerce.svc.cluster.local:8001/auth/me\": request timeout"
time="2026-10-07T00:18:04Z" level=warning msg="Request Failed" error="Post \"http://auth-service.ecommerce.svc.cluster.local:8001/auth/login\": request timeout"
time="2026-10-07T00:18:04Z" level=warning msg="Request Failed" error="Get \"http://auth-service.ecommerce.svc.cluster.local:8001/auth/me\": request timeout"
time="2026-10-07T00:18:04Z" level=warning msg="Request Failed" error="Get \"http://auth-service.ecommerce.svc.cluster.local:8001/auth/me\": request timeout"
time="2026-10-07T00:18:04Z" level=warning msg="Request Failed" error="Get \"http://auth-service.ecommerce.svc.cluster.local:8001/auth/me\": request timeout"

running (09m22.8s), 133/225 VUs, 8167 complete and 0 interrupted iterations
openloop_oscillating   [  78% ] 133/225 VUs  09m22.8s/12m0s  26.20 iters/s
time="2026-10-07T00:18:04Z" level=warning msg="Request Failed" error="Get \"http://auth-service.ecommerce.svc.cluster.local:8001/auth/me\": request timeout"
time="2026-10-07T00:18:04Z" level=warning msg="Request Failed" error="Get \"http://auth-service.ecommerce.svc.cluster.local:8001/auth/me\": request timeout"
time="2026-10-07T00:18:04Z" level=warning msg="Request Failed" error="Get \"http://auth-service.ecommerce.svc.cluster.local:8001/auth/me\": request timeout"
time="2026-10-07T00:18:04Z" level=warning msg="Request Failed" error="Post \"http://auth-service.ecommerce.svc.cluster.local:8001/auth/login\": request timeout"
time="2026-10-07T00:18:04Z" level=warning msg="Request Failed" error="Get \"http://auth-service.ecommerce.svc.cluster.local:8001/auth/me\": request timeout"
time="2026-10-07T00:18:04Z" level=warning msg="Request Failed" error="Get \"http://auth-service.ecommerce.svc.cluster.local:8001/auth/me\": request timeout"
time="2026-10-07T00:18:04Z" level=warning msg="Request Failed" error="Get \"http://auth-service.ecommerce.svc.cluster.local:8001/auth/me\": request timeout"
time="2026-10-07T00:18:04Z" level=warning msg="Request Failed" error="Post \"http://auth-service.ecommerce.svc.cluster.local:8001/auth/login\": request timeout"
time="2026-10-07T00:18:04Z" level=warning msg="Request Failed" error="Get \"http://auth-service.ecommerce.svc.cluster.local:8001/auth/me\": request timeout"
time="2026-10-07T00:18:04Z" level=warning msg="Request Failed" error="Get \"http://auth-service.ecommerce.svc.cluster.local:8001/auth/me\": request timeout"
time="2026-10-07T00:18:04Z" level=warning msg="Request Failed" error="Get \"http://auth-service.ecommerce.svc.cluster.local:8001/auth/me\": request timeout"
time="2026-10-07T00:18:04Z" level=warning msg="Request Failed" error="Post \"http://auth-service.ecommerce.svc.cluster.local:8001/auth/login\": request timeout"
time="2026-10-07T00:18:04Z" level=warning msg="Request Failed" error="Post \"http://auth-service.ecommerce.svc.cluster.local:8001/auth/login\": request timeout"
time="2026-10-07T00:18:04Z" level=warning msg="Request Failed" error="Post \"http://auth-service.ecommerce.svc.cluster.local:8001/auth/login\": request timeout"
time="2026-10-07T00:18:04Z" level=warning msg="Request Failed" error="Post \"http://auth-service.ecommerce.svc.cluster.local:8001/auth/login\": request timeout"
time="2026-10-07T00:18:05Z" level=warning msg="Request Failed" error="Post \"http://auth-service.ecommerce.svc.cluster.local:8001/auth/login\": request timeout"
time="2026-10-07T00:18:05Z" level=warning msg="Request Failed" error="Post \"http://auth-service.ecommerce.svc.cluster.local:8001/auth/login\": request timeout"
time="2026-10-07T00:18:05Z" level=warning msg="Request Failed" error="Post \"http://auth-service.ecommerce.svc.cluster.local:8001/auth/login\": request timeout"
time="2026-10-07T00:18:05Z" level=warning msg="Request Failed" error="Post \"http://auth-service.ecommerce.svc.cluster.local:8001/auth/login\": request timeout"
time="2026-10-07T00:18:05Z" level=warning msg="Request Failed" error="Post \"http://auth-service.ecommerce.svc.cluster.local:8001/auth/login\": request timeout"

running (09m23.8s), 103/225 VUs, 8223 complete and 0 interrupted iterations
openloop_oscillating   [  78% ] 103/225 VUs  09m23.8s/12m0s  26.04 iters/s
time="2026-10-07T00:18:05Z" level=warning msg="Request Failed" error="Post \"http://auth-service.ecommerce.svc.cluster.local:8001/auth/login\": request timeout"
time="2026-10-07T00:18:05Z" level=warning msg="Request Failed" error="Post \"http://auth-service.ecommerce.svc.cluster.local:8001/auth/login\": request timeout"
time="2026-10-07T00:18:06Z" level=warning msg="Request Failed" error="Post \"http://auth-service.ecommerce.svc.cluster.local:8001/auth/login\": request timeout"

running (09m24.8s), 011/225 VUs, 8341 complete and 0 interrupted iterations
openloop_oscillating   [  78% ] 011/225 VUs  09m24.8s/12m0s  25.87 iters/s
time="2026-10-07T00:18:06Z" level=warning msg="Request Failed" error="Post \"http://auth-service.ecommerce.svc.cluster.local:8001/auth/login\": request timeout"
time="2026-10-07T00:18:06Z" level=warning msg="Request Failed" error="Post \"http://auth-service.ecommerce.svc.cluster.local:8001/auth/login\": request timeout"
time="2026-10-07T00:18:06Z" level=warning msg="Request Failed" error="Post \"http://auth-service.ecommerce.svc.cluster.local:8001/auth/login\": request timeout"

running (09m25.8s), 013/225 VUs, 8365 complete and 0 interrupted iterations
openloop_oscillating   [  79% ] 013/225 VUs  09m25.8s/12m0s  25.70 iters/s
time="2026-10-07T00:18:08Z" level=warning msg="Request Failed" error="Post \"http://auth-service.ecommerce.svc.cluster.local:8001/auth/login\": request timeout"

running (09m26.8s), 010/225 VUs, 8394 complete and 0 interrupted iterations
openloop_oscillating   [  79% ] 010/225 VUs  09m26.8s/12m0s  25.53 iters/s
time="2026-10-07T00:18:08Z" level=warning msg="Request Failed" error="Post \"http://auth-service.ecommerce.svc.cluster.local:8001/auth/login\": request timeout"
time="2026-10-07T00:18:09Z" level=warning msg="Request Failed" error="Post \"http://auth-service.ecommerce.svc.cluster.local:8001/auth/login\": request timeout"

running (09m27.8s), 014/225 VUs, 8415 complete and 0 interrupted iterations
openloop_oscillating   [  79% ] 014/225 VUs  09m27.8s/12m0s  25.37 iters/s
time="2026-10-07T00:18:09Z" level=warning msg="Request Failed" error="Post \"http://auth-service.ecommerce.svc.cluster.local:8001/auth/login\": request timeout"

running (09m28.8s), 019/225 VUs, 8435 complete and 0 interrupted iterations
openloop_oscillating   [  79% ] 019/225 VUs  09m28.8s/12m0s  25.20 iters/s
time="2026-10-07T00:18:10Z" level=warning msg="Request Failed" error="Post \"http://auth-service.ecommerce.svc.cluster.local:8001/auth/login\": request timeout"
time="2026-10-07T00:18:10Z" level=warning msg="Request Failed" error="Post \"http://auth-service.ecommerce.svc.cluster.local:8001/auth/login\": request timeout"
time="2026-10-07T00:18:11Z" level=warning msg="Request Failed" error="Post \"http://auth-service.ecommerce.svc.cluster.local:8001/auth/login\": request timeout"

running (09m29.8s), 027/225 VUs, 8453 complete and 0 interrupted iterations
openloop_oscillating   [  79% ] 027/225 VUs  09m29.8s/12m0s  25.03 iters/s
time="2026-10-07T00:18:12Z" level=warning msg="Request Failed" error="Post \"http://auth-service.ecommerce.svc.cluster.local:8001/auth/login\": request timeout"

running (09m30.8s), 034/225 VUs, 8470 complete and 0 interrupted iterations
openloop_oscillating   [  79% ] 034/225 VUs  09m30.8s/12m0s  24.87 iters/s
time="2026-10-07T00:18:12Z" level=warning msg="Request Failed" error="Post \"http://auth-service.ecommerce.svc.cluster.local:8001/auth/login\": request timeout"

running (09m31.8s), 038/225 VUs, 8491 complete and 0 interrupted iterations
openloop_oscillating   [  79% ] 038/225 VUs  09m31.8s/12m0s  24.70 iters/s
time="2026-10-07T00:18:13Z" level=warning msg="Request Failed" error="Post \"http://auth-service.ecommerce.svc.cluster.local:8001/auth/login\": request timeout"
time="2026-10-07T00:18:13Z" level=warning msg="Request Failed" error="Post \"http://auth-service.ecommerce.svc.cluster.local:8001/auth/login\": request timeout"
time="2026-10-07T00:18:13Z" level=warning msg="Request Failed" error="Post \"http://auth-service.ecommerce.svc.cluster.local:8001/auth/login\": request timeout"

running (09m32.8s), 050/225 VUs, 8504 complete and 0 interrupted iterations
openloop_oscillating   [  80% ] 050/225 VUs  09m32.8s/12m0s  24.53 iters/s
time="2026-10-07T00:18:14Z" level=warning msg="Request Failed" error="Post \"http://auth-service.ecommerce.svc.cluster.local:8001/auth/login\": request timeout"
time="2026-10-07T00:18:14Z" level=warning msg="Request Failed" error="Post \"http://auth-service.ecommerce.svc.cluster.local:8001/auth/login\": request timeout"
time="2026-10-07T00:18:15Z" level=warning msg="Request Failed" error="Post \"http://auth-service.ecommerce.svc.cluster.local:8001/auth/login\": request timeout"

running (09m33.8s), 051/225 VUs, 8527 complete and 0 interrupted iterations
openloop_oscillating   [  80% ] 051/225 VUs  09m33.8s/12m0s  24.37 iters/s
time="2026-10-07T00:18:15Z" level=warning msg="Request Failed" error="Post \"http://auth-service.ecommerce.svc.cluster.local:8001/auth/login\": request timeout"

running (09m34.8s), 069/225 VUs, 8534 complete and 0 interrupted iterations
openloop_oscillating   [  80% ] 069/225 VUs  09m34.8s/12m0s  24.20 iters/s

running (09m35.8s), 088/225 VUs, 8539 complete and 0 interrupted iterations
openloop_oscillating   [  80% ] 088/225 VUs  09m35.8s/12m0s  24.03 iters/s
time="2026-10-07T00:18:17Z" level=warning msg="Request Failed" error="Post \"http://auth-service.ecommerce.svc.cluster.local:8001/auth/login\": request timeout"

running (09m36.8s), 091/225 VUs, 8560 complete and 0 interrupted iterations
openloop_oscillating   [  80% ] 091/225 VUs  09m36.8s/12m0s  23.86 iters/s
time="2026-10-07T00:18:18Z" level=warning msg="Request Failed" error="Get \"http://auth-service.ecommerce.svc.cluster.local:8001/auth/me\": request timeout"
time="2026-10-07T00:18:18Z" level=warning msg="Request Failed" error="Post \"http://auth-service.ecommerce.svc.cluster.local:8001/auth/login\": request timeout"

running (09m37.8s), 069/225 VUs, 8605 complete and 0 interrupted iterations
openloop_oscillating   [  80% ] 069/225 VUs  09m37.8s/12m0s  23.70 iters/s
time="2026-10-07T00:18:20Z" level=warning msg="Request Failed" error="Post \"http://auth-service.ecommerce.svc.cluster.local:8001/auth/login\": request timeout"

running (09m38.8s), 054/225 VUs, 8644 complete and 0 interrupted iterations
openloop_oscillating   [  80% ] 054/225 VUs  09m38.8s/12m0s  23.53 iters/s

running (09m39.8s), 048/225 VUs, 8673 complete and 0 interrupted iterations
openloop_oscillating   [  81% ] 048/225 VUs  09m39.8s/12m0s  23.37 iters/s
time="2026-10-07T00:18:21Z" level=warning msg="Request Failed" error="Post \"http://auth-service.ecommerce.svc.cluster.local:8001/auth/login\": request timeout"
time="2026-10-07T00:18:22Z" level=warning msg="Request Failed" error="Post \"http://auth-service.ecommerce.svc.cluster.local:8001/auth/login\": request timeout"

running (09m40.8s), 029/225 VUs, 8716 complete and 0 interrupted iterations
openloop_oscillating   [  81% ] 029/225 VUs  09m40.8s/12m0s  23.20 iters/s
time="2026-10-07T00:18:22Z" level=warning msg="Request Failed" error="Post \"http://auth-service.ecommerce.svc.cluster.local:8001/auth/login\": request timeout"
time="2026-10-07T00:18:23Z" level=warning msg="Request Failed" error="Post \"http://auth-service.ecommerce.svc.cluster.local:8001/auth/login\": request timeout"
time="2026-10-07T00:18:23Z" level=warning msg="Request Failed" error="Post \"http://auth-service.ecommerce.svc.cluster.local:8001/auth/login\": request timeout"
time="2026-10-07T00:18:23Z" level=warning msg="Request Failed" error="Post \"http://auth-service.ecommerce.svc.cluster.local:8001/auth/login\": request timeout"

running (09m41.8s), 017/225 VUs, 8751 complete and 0 interrupted iterations
openloop_oscillating   [  81% ] 017/225 VUs  09m41.8s/12m0s  23.03 iters/s
time="2026-10-07T00:18:23Z" level=warning msg="Request Failed" error="Post \"http://auth-service.ecommerce.svc.cluster.local:8001/auth/login\": request timeout"

running (09m42.8s), 019/225 VUs, 8772 complete and 0 interrupted iterations
openloop_oscillating   [  81% ] 019/225 VUs  09m42.8s/12m0s  22.87 iters/s
time="2026-10-07T00:18:25Z" level=warning msg="Request Failed" error="Post \"http://auth-service.ecommerce.svc.cluster.local:8001/auth/login\": request timeout"

running (09m43.8s), 023/225 VUs, 8791 complete and 0 interrupted iterations
openloop_oscillating   [  81% ] 023/225 VUs  09m43.8s/12m0s  22.70 iters/s
time="2026-10-07T00:18:25Z" level=warning msg="Request Failed" error="Post \"http://auth-service.ecommerce.svc.cluster.local:8001/auth/login\": request timeout"
time="2026-10-07T00:18:26Z" level=warning msg="Request Failed" error="Post \"http://auth-service.ecommerce.svc.cluster.local:8001/auth/login\": request timeout"

running (09m44.8s), 027/225 VUs, 8809 complete and 0 interrupted iterations
openloop_oscillating   [  81% ] 027/225 VUs  09m44.8s/12m0s  22.54 iters/s
time="2026-10-07T00:18:26Z" level=warning msg="Request Failed" error="Post \"http://auth-service.ecommerce.svc.cluster.local:8001/auth/login\": request timeout"

running (09m45.8s), 023/225 VUs, 8836 complete and 0 interrupted iterations
openloop_oscillating   [  81% ] 023/225 VUs  09m45.8s/12m0s  22.36 iters/s

running (09m46.8s), 023/225 VUs, 8858 complete and 0 interrupted iterations
openloop_oscillating   [  82% ] 023/225 VUs  09m46.8s/12m0s  22.20 iters/s
time="2026-10-07T00:18:28Z" level=warning msg="Request Failed" error="Post \"http://auth-service.ecommerce.svc.cluster.local:8001/auth/login\": request timeout"
time="2026-10-07T00:18:28Z" level=warning msg="Request Failed" error="Post \"http://auth-service.ecommerce.svc.cluster.local:8001/auth/login\": request timeout"
time="2026-10-07T00:18:28Z" level=warning msg="Request Failed" error="Post \"http://auth-service.ecommerce.svc.cluster.local:8001/auth/login\": request timeout"

running (09m47.8s), 014/225 VUs, 8889 complete and 0 interrupted iterations
openloop_oscillating   [  82% ] 014/225 VUs  09m47.8s/12m0s  22.03 iters/s

running (09m48.8s), 011/225 VUs, 8914 complete and 0 interrupted iterations
openloop_oscillating   [  82% ] 011/225 VUs  09m48.8s/12m0s  21.87 iters/s

running (09m49.8s), 013/225 VUs, 8934 complete and 0 interrupted iterations
openloop_oscillating   [  82% ] 013/225 VUs  09m49.8s/12m0s  21.70 iters/s

running (09m50.8s), 021/225 VUs, 8947 complete and 0 interrupted iterations
openloop_oscillating   [  82% ] 021/225 VUs  09m50.8s/12m0s  21.54 iters/s

running (09m51.8s), 027/225 VUs, 8963 complete and 0 interrupted iterations
openloop_oscillating   [  82% ] 027/225 VUs  09m51.8s/12m0s  21.37 iters/s

running (09m52.8s), 036/225 VUs, 8975 complete and 0 interrupted iterations
openloop_oscillating   [  82% ] 036/225 VUs  09m52.8s/12m0s  21.20 iters/s

running (09m53.8s), 040/225 VUs, 8992 complete and 0 interrupted iterations
openloop_oscillating   [  82% ] 040/225 VUs  09m53.8s/12m0s  21.04 iters/s
time="2026-10-07T00:18:35Z" level=warning msg="Request Failed" error="Post \"http://auth-service.ecommerce.svc.cluster.local:8001/auth/login\": request timeout"
time="2026-10-07T00:18:36Z" level=warning msg="Request Failed" error="Post \"http://auth-service.ecommerce.svc.cluster.local:8001/auth/login\": request timeout"

running (09m54.8s), 033/225 VUs, 9020 complete and 0 interrupted iterations
openloop_oscillating   [  83% ] 033/225 VUs  09m54.8s/12m0s  20.87 iters/s
time="2026-10-07T00:18:36Z" level=warning msg="Request Failed" error="Post \"http://auth-service.ecommerce.svc.cluster.local:8001/auth/login\": request timeout"
time="2026-10-07T00:18:36Z" level=warning msg="Request Failed" error="Post \"http://auth-service.ecommerce.svc.cluster.local:8001/auth/login\": request timeout"
time="2026-10-07T00:18:36Z" level=warning msg="Request Failed" error="Post \"http://auth-service.ecommerce.svc.cluster.local:8001/auth/login\": request timeout"

running (09m55.8s), 021/225 VUs, 9053 complete and 0 interrupted iterations
openloop_oscillating   [  83% ] 021/225 VUs  09m55.8s/12m0s  20.70 iters/s
time="2026-10-07T00:18:37Z" level=warning msg="Request Failed" error="Post \"http://auth-service.ecommerce.svc.cluster.local:8001/auth/login\": request timeout"
time="2026-10-07T00:18:37Z" level=warning msg="Request Failed" error="Post \"http://auth-service.ecommerce.svc.cluster.local:8001/auth/login\": request timeout"
time="2026-10-07T00:18:38Z" level=warning msg="Request Failed" error="Post \"http://auth-service.ecommerce.svc.cluster.local:8001/auth/login\": request timeout"

running (09m56.8s), 020/225 VUs, 9075 complete and 0 interrupted iterations
openloop_oscillating   [  83% ] 020/225 VUs  09m56.8s/12m0s  20.53 iters/s
time="2026-10-07T00:18:38Z" level=warning msg="Request Failed" error="Post \"http://auth-service.ecommerce.svc.cluster.local:8001/auth/login\": request timeout"

running (09m57.8s), 018/225 VUs, 9097 complete and 0 interrupted iterations
openloop_oscillating   [  83% ] 018/225 VUs  09m57.8s/12m0s  20.37 iters/s

running (09m58.8s), 017/225 VUs, 9118 complete and 0 interrupted iterations
openloop_oscillating   [  83% ] 017/225 VUs  09m58.8s/12m0s  20.20 iters/s
time="2026-10-07T00:18:41Z" level=warning msg="Request Failed" error="Post \"http://auth-service.ecommerce.svc.cluster.local:8001/auth/login\": request timeout"

running (09m59.8s), 026/225 VUs, 9129 complete and 0 interrupted iterations
openloop_oscillating   [  83% ] 026/225 VUs  09m59.8s/12m0s  20.04 iters/s
time="2026-10-07T00:18:41Z" level=warning msg="Request Failed" error="Post \"http://auth-service.ecommerce.svc.cluster.local:8001/auth/login\": request timeout"

running (10m00.8s), 017/225 VUs, 9158 complete and 0 interrupted iterations
openloop_oscillating   [  83% ] 017/225 VUs  10m00.8s/12m0s  19.87 iters/s
time="2026-10-07T00:18:42Z" level=warning msg="Request Failed" error="request timeout"
time="2026-10-07T00:18:42Z" level=warning msg="Request Failed" error="Post \"http://auth-service.ecommerce.svc.cluster.local:8001/auth/login\": request timeout"

running (10m01.8s), 015/225 VUs, 9180 complete and 0 interrupted iterations
openloop_oscillating   [  84% ] 015/225 VUs  10m01.8s/12m0s  19.70 iters/s

running (10m02.8s), 004/225 VUs, 9211 complete and 0 interrupted iterations
openloop_oscillating   [  84% ] 004/225 VUs  10m02.8s/12m0s  19.53 iters/s

running (10m03.8s), 017/225 VUs, 9217 complete and 0 interrupted iterations
openloop_oscillating   [  84% ] 017/225 VUs  10m03.8s/12m0s  19.37 iters/s

running (10m04.8s), 026/225 VUs, 9228 complete and 0 interrupted iterations
openloop_oscillating   [  84% ] 026/225 VUs  10m04.8s/12m0s  19.20 iters/s

running (10m05.8s), 021/225 VUs, 9252 complete and 0 interrupted iterations
openloop_oscillating   [  84% ] 021/225 VUs  10m05.8s/12m0s  19.03 iters/s

running (10m06.8s), 023/225 VUs, 9269 complete and 0 interrupted iterations
openloop_oscillating   [  84% ] 023/225 VUs  10m06.8s/12m0s  18.86 iters/s

running (10m07.8s), 023/225 VUs, 9287 complete and 0 interrupted iterations
openloop_oscillating   [  84% ] 023/225 VUs  10m07.8s/12m0s  18.70 iters/s
time="2026-10-07T00:18:49Z" level=warning msg="Request Failed" error="Post \"http://auth-service.ecommerce.svc.cluster.local:8001/auth/login\": request timeout"
time="2026-10-07T00:18:49Z" level=warning msg="Request Failed" error="Post \"http://auth-service.ecommerce.svc.cluster.local:8001/auth/login\": request timeout"
time="2026-10-07T00:18:50Z" level=warning msg="Request Failed" error="Post \"http://auth-service.ecommerce.svc.cluster.local:8001/auth/login\": request timeout"

running (10m08.8s), 014/225 VUs, 9315 complete and 0 interrupted iterations
openloop_oscillating   [  85% ] 014/225 VUs  10m08.8s/12m0s  18.53 iters/s
time="2026-10-07T00:18:50Z" level=warning msg="Request Failed" error="Post \"http://auth-service.ecommerce.svc.cluster.local:8001/auth/login\": request timeout"
time="2026-10-07T00:18:50Z" level=warning msg="Request Failed" error="Post \"http://auth-service.ecommerce.svc.cluster.local:8001/auth/login\": request timeout"

running (10m09.8s), 018/225 VUs, 9329 complete and 0 interrupted iterations
openloop_oscillating   [  85% ] 018/225 VUs  10m09.8s/12m0s  18.37 iters/s
time="2026-10-07T00:18:51Z" level=warning msg="Request Failed" error="Post \"http://auth-service.ecommerce.svc.cluster.local:8001/auth/login\": request timeout"
time="2026-10-07T00:18:52Z" level=warning msg="Request Failed" error="Post \"http://auth-service.ecommerce.svc.cluster.local:8001/auth/login\": request timeout"

running (10m10.8s), 018/225 VUs, 9348 complete and 0 interrupted iterations
openloop_oscillating   [  85% ] 018/225 VUs  10m10.8s/12m0s  18.20 iters/s
time="2026-10-07T00:18:52Z" level=warning msg="Request Failed" error="Post \"http://auth-service.ecommerce.svc.cluster.local:8001/auth/login\": request timeout"
time="2026-10-07T00:18:52Z" level=warning msg="Request Failed" error="Post \"http://auth-service.ecommerce.svc.cluster.local:8001/auth/login\": request timeout"

running (10m11.8s), 018/225 VUs, 9366 complete and 0 interrupted iterations
openloop_oscillating   [  85% ] 018/225 VUs  10m11.8s/12m0s  18.03 iters/s
time="2026-10-07T00:18:53Z" level=warning msg="Request Failed" error="Post \"http://auth-service.ecommerce.svc.cluster.local:8001/auth/login\": request timeout"
time="2026-10-07T00:18:53Z" level=warning msg="Request Failed" error="Post \"http://auth-service.ecommerce.svc.cluster.local:8001/auth/login\": request timeout"
time="2026-10-07T00:18:54Z" level=warning msg="Request Failed" error="Post \"http://auth-service.ecommerce.svc.cluster.local:8001/auth/login\": request timeout"

running (10m12.8s), 012/225 VUs, 9390 complete and 0 interrupted iterations
openloop_oscillating   [  85% ] 012/225 VUs  10m12.8s/12m0s  17.87 iters/s
time="2026-10-07T00:18:55Z" level=warning msg="Request Failed" error="Post \"http://auth-service.ecommerce.svc.cluster.local:8001/auth/login\": request timeout"

running (10m13.8s), 021/225 VUs, 9399 complete and 0 interrupted iterations
openloop_oscillating   [  85% ] 021/225 VUs  10m13.8s/12m0s  17.70 iters/s
time="2026-10-07T00:18:55Z" level=warning msg="Request Failed" error="Post \"http://auth-service.ecommerce.svc.cluster.local:8001/auth/login\": request timeout"
time="2026-10-07T00:18:55Z" level=warning msg="Request Failed" error="Post \"http://auth-service.ecommerce.svc.cluster.local:8001/auth/login\": request timeout"

running (10m14.8s), 018/225 VUs, 9419 complete and 0 interrupted iterations
openloop_oscillating   [  85% ] 018/225 VUs  10m14.8s/12m0s  17.54 iters/s
time="2026-10-07T00:18:56Z" level=warning msg="Request Failed" error="Post \"http://auth-service.ecommerce.svc.cluster.local:8001/auth/login\": request timeout"
time="2026-10-07T00:18:57Z" level=warning msg="Request Failed" error="Post \"http://auth-service.ecommerce.svc.cluster.local:8001/auth/login\": request timeout"

running (10m15.8s), 017/225 VUs, 9438 complete and 0 interrupted iterations
openloop_oscillating   [  86% ] 017/225 VUs  10m15.8s/12m0s  17.36 iters/s

running (10m16.8s), 019/225 VUs, 9453 complete and 0 interrupted iterations
openloop_oscillating   [  86% ] 019/225 VUs  10m16.8s/12m0s  17.20 iters/s
time="2026-10-07T00:18:58Z" level=warning msg="Request Failed" error="Post \"http://auth-service.ecommerce.svc.cluster.local:8001/auth/login\": request timeout"
time="2026-10-07T00:18:58Z" level=warning msg="Request Failed" error="Post \"http://auth-service.ecommerce.svc.cluster.local:8001/auth/login\": request timeout"

running (10m17.8s), 016/225 VUs, 9473 complete and 0 interrupted iterations
openloop_oscillating   [  86% ] 016/225 VUs  10m17.8s/12m0s  17.03 iters/s
time="2026-10-07T00:18:59Z" level=warning msg="Request Failed" error="Post \"http://auth-service.ecommerce.svc.cluster.local:8001/auth/login\": request timeout"
time="2026-10-07T00:18:59Z" level=warning msg="Request Failed" error="Post \"http://auth-service.ecommerce.svc.cluster.local:8001/auth/login\": request timeout"
time="2026-10-07T00:18:59Z" level=warning msg="Request Failed" error="Post \"http://auth-service.ecommerce.svc.cluster.local:8001/auth/login\": request timeout"
time="2026-10-07T00:18:59Z" level=warning msg="Request Failed" error="Post \"http://auth-service.ecommerce.svc.cluster.local:8001/auth/login\": request timeout"
time="2026-10-07T00:18:59Z" level=warning msg="Request Failed" error="Post \"http://auth-service.ecommerce.svc.cluster.local:8001/auth/login\": request timeout"
time="2026-10-07T00:19:00Z" level=warning msg="Request Failed" error="Post \"http://auth-service.ecommerce.svc.cluster.local:8001/auth/login\": request timeout"
time="2026-10-07T00:19:00Z" level=warning msg="Request Failed" error="Post \"http://auth-service.ecommerce.svc.cluster.local:8001/auth/login\": request timeout"

running (10m18.8s), 012/225 VUs, 9494 complete and 0 interrupted iterations
openloop_oscillating   [  86% ] 012/225 VUs  10m18.8s/12m0s  16.87 iters/s
time="2026-10-07T00:19:00Z" level=warning msg="Request Failed" error="Post \"http://auth-service.ecommerce.svc.cluster.local:8001/auth/login\": request timeout"
time="2026-10-07T00:19:00Z" level=warning msg="Request Failed" error="Post \"http://auth-service.ecommerce.svc.cluster.local:8001/auth/login\": request timeout"
time="2026-10-07T00:19:00Z" level=warning msg="Request Failed" error="Post \"http://auth-service.ecommerce.svc.cluster.local:8001/auth/login\": request timeout"
time="2026-10-07T00:19:01Z" level=warning msg="Request Failed" error="Post \"http://auth-service.ecommerce.svc.cluster.local:8001/auth/login\": request timeout"

running (10m19.8s), 015/225 VUs, 9508 complete and 0 interrupted iterations
openloop_oscillating   [  86% ] 015/225 VUs  10m19.8s/12m0s  16.70 iters/s

running (10m20.8s), 015/225 VUs, 9524 complete and 0 interrupted iterations
openloop_oscillating   [  86% ] 015/225 VUs  10m20.8s/12m0s  16.54 iters/s
time="2026-10-07T00:19:02Z" level=warning msg="Request Failed" error="Post \"http://auth-service.ecommerce.svc.cluster.local:8001/auth/login\": request timeout"
time="2026-10-07T00:19:02Z" level=warning msg="Request Failed" error="Post \"http://auth-service.ecommerce.svc.cluster.local:8001/auth/login\": request timeout"

running (10m21.8s), 021/225 VUs, 9535 complete and 0 interrupted iterations
openloop_oscillating   [  86% ] 021/225 VUs  10m21.8s/12m0s  16.37 iters/s
time="2026-10-07T00:19:03Z" level=warning msg="Request Failed" error="Post \"http://auth-service.ecommerce.svc.cluster.local:8001/auth/login\": request timeout"

running (10m22.8s), 026/225 VUs, 9546 complete and 0 interrupted iterations
openloop_oscillating   [  87% ] 026/225 VUs  10m22.8s/12m0s  16.20 iters/s
time="2026-10-07T00:19:04Z" level=warning msg="Request Failed" error="Post \"http://auth-service.ecommerce.svc.cluster.local:8001/auth/login\": request timeout"
time="2026-10-07T00:19:05Z" level=warning msg="Request Failed" error="Post \"http://auth-service.ecommerce.svc.cluster.local:8001/auth/login\": request timeout"

running (10m23.8s), 023/225 VUs, 9565 complete and 0 interrupted iterations
openloop_oscillating   [  87% ] 023/225 VUs  10m23.8s/12m0s  16.04 iters/s

running (10m24.8s), 013/225 VUs, 9591 complete and 0 interrupted iterations
openloop_oscillating   [  87% ] 013/225 VUs  10m24.8s/12m0s  15.87 iters/s

running (10m25.8s), 017/225 VUs, 9603 complete and 0 interrupted iterations
openloop_oscillating   [  87% ] 017/225 VUs  10m25.8s/12m0s  15.70 iters/s
time="2026-10-07T00:19:07Z" level=warning msg="Request Failed" error="Post \"http://auth-service.ecommerce.svc.cluster.local:8001/auth/login\": request timeout"
time="2026-10-07T00:19:08Z" level=warning msg="Request Failed" error="Post \"http://auth-service.ecommerce.svc.cluster.local:8001/auth/login\": request timeout"

running (10m26.8s), 010/225 VUs, 9626 complete and 0 interrupted iterations
openloop_oscillating   [  87% ] 010/225 VUs  10m26.8s/12m0s  15.53 iters/s

running (10m27.8s), 025/225 VUs, 9626 complete and 0 interrupted iterations
openloop_oscillating   [  87% ] 025/225 VUs  10m27.8s/12m0s  15.37 iters/s
time="2026-10-07T00:19:09Z" level=warning msg="Request Failed" error="Post \"http://auth-service.ecommerce.svc.cluster.local:8001/auth/login\": request timeout"

running (10m28.8s), 008/225 VUs, 9658 complete and 0 interrupted iterations
openloop_oscillating   [  87% ] 008/225 VUs  10m28.8s/12m0s  15.20 iters/s

running (10m29.8s), 014/225 VUs, 9668 complete and 0 interrupted iterations
openloop_oscillating   [  87% ] 014/225 VUs  10m29.8s/12m0s  15.03 iters/s
time="2026-10-07T00:19:11Z" level=warning msg="Request Failed" error="Post \"http://auth-service.ecommerce.svc.cluster.local:8001/auth/login\": request timeout"
time="2026-10-07T00:19:12Z" level=warning msg="Request Failed" error="Post \"http://auth-service.ecommerce.svc.cluster.local:8001/auth/login\": request timeout"

running (10m30.8s), 016/225 VUs, 9680 complete and 0 interrupted iterations
openloop_oscillating   [  88% ] 016/225 VUs  10m30.8s/12m0s  14.87 iters/s
time="2026-10-07T00:19:13Z" level=warning msg="Request Failed" error="Post \"http://auth-service.ecommerce.svc.cluster.local:8001/auth/login\": request timeout"

running (10m31.8s), 019/225 VUs, 9692 complete and 0 interrupted iterations
openloop_oscillating   [  88% ] 019/225 VUs  10m31.8s/12m0s  14.70 iters/s
time="2026-10-07T00:19:13Z" level=warning msg="Request Failed" error="Post \"http://auth-service.ecommerce.svc.cluster.local:8001/auth/login\": request timeout"
time="2026-10-07T00:19:13Z" level=warning msg="Request Failed" error="Post \"http://auth-service.ecommerce.svc.cluster.local:8001/auth/login\": request timeout"
time="2026-10-07T00:19:13Z" level=warning msg="Request Failed" error="Post \"http://auth-service.ecommerce.svc.cluster.local:8001/auth/login\": request timeout"

running (10m32.8s), 014/225 VUs, 9712 complete and 0 interrupted iterations
openloop_oscillating   [  88% ] 014/225 VUs  10m32.8s/12m0s  14.53 iters/s

running (10m33.8s), 022/225 VUs, 9718 complete and 0 interrupted iterations
openloop_oscillating   [  88% ] 022/225 VUs  10m33.8s/12m0s  14.37 iters/s
time="2026-10-07T00:19:15Z" level=warning msg="Request Failed" error="Post \"http://auth-service.ecommerce.svc.cluster.local:8001/auth/login\": request timeout"

running (10m34.8s), 018/225 VUs, 9737 complete and 0 interrupted iterations
openloop_oscillating   [  88% ] 018/225 VUs  10m34.8s/12m0s  14.20 iters/s
time="2026-10-07T00:19:16Z" level=warning msg="Request Failed" error="Post \"http://auth-service.ecommerce.svc.cluster.local:8001/auth/login\": request timeout"

running (10m35.8s), 016/225 VUs, 9753 complete and 0 interrupted iterations
openloop_oscillating   [  88% ] 016/225 VUs  10m35.8s/12m0s  14.03 iters/s
time="2026-10-07T00:19:17Z" level=warning msg="Request Failed" error="Post \"http://auth-service.ecommerce.svc.cluster.local:8001/auth/login\": request timeout"
time="2026-10-07T00:19:18Z" level=warning msg="Request Failed" error="Post \"http://auth-service.ecommerce.svc.cluster.local:8001/auth/login\": request timeout"

running (10m36.8s), 004/225 VUs, 9779 complete and 0 interrupted iterations
openloop_oscillating   [  88% ] 004/225 VUs  10m36.8s/12m0s  13.86 iters/s

running (10m37.8s), 002/225 VUs, 9794 complete and 0 interrupted iterations
openloop_oscillating   [  89% ] 002/225 VUs  10m37.8s/12m0s  13.71 iters/s

running (10m38.8s), 004/225 VUs, 9806 complete and 0 interrupted iterations
openloop_oscillating   [  89% ] 004/225 VUs  10m38.8s/12m0s  13.53 iters/s

running (10m39.8s), 003/225 VUs, 9821 complete and 0 interrupted iterations
openloop_oscillating   [  89% ] 003/225 VUs  10m39.8s/12m0s  13.36 iters/s

running (10m40.8s), 002/225 VUs, 9835 complete and 0 interrupted iterations
openloop_oscillating   [  89% ] 002/225 VUs  10m40.8s/12m0s  13.20 iters/s

running (10m41.8s), 004/225 VUs, 9846 complete and 0 interrupted iterations
openloop_oscillating   [  89% ] 004/225 VUs  10m41.8s/12m0s  13.03 iters/s

running (10m42.8s), 004/225 VUs, 9859 complete and 0 interrupted iterations
openloop_oscillating   [  89% ] 004/225 VUs  10m42.8s/12m0s  12.86 iters/s

running (10m43.8s), 003/225 VUs, 9873 complete and 0 interrupted iterations
openloop_oscillating   [  89% ] 003/225 VUs  10m43.8s/12m0s  12.70 iters/s

running (10m44.8s), 001/225 VUs, 9887 complete and 0 interrupted iterations
openloop_oscillating   [  90% ] 001/225 VUs  10m44.8s/12m0s  12.54 iters/s

running (10m45.8s), 004/225 VUs, 9897 complete and 0 interrupted iterations
openloop_oscillating   [  90% ] 004/225 VUs  10m45.8s/12m0s  12.36 iters/s

running (10m46.8s), 009/225 VUs, 9904 complete and 0 interrupted iterations
openloop_oscillating   [  90% ] 009/225 VUs  10m46.8s/12m0s  12.20 iters/s

running (10m47.8s), 006/225 VUs, 9919 complete and 0 interrupted iterations
openloop_oscillating   [  90% ] 006/225 VUs  10m47.8s/12m0s  12.03 iters/s

running (10m48.8s), 004/225 VUs, 9933 complete and 0 interrupted iterations
openloop_oscillating   [  90% ] 004/225 VUs  10m48.8s/12m0s  11.87 iters/s

running (10m49.8s), 000/225 VUs, 9949 complete and 0 interrupted iterations
openloop_oscillating   [  90% ] 000/225 VUs  10m49.8s/12m0s  11.70 iters/s

running (10m50.8s), 002/225 VUs, 9958 complete and 0 interrupted iterations
openloop_oscillating   [  90% ] 002/225 VUs  10m50.8s/12m0s  11.54 iters/s

running (10m51.8s), 002/225 VUs, 9970 complete and 0 interrupted iterations
openloop_oscillating   [  91% ] 002/225 VUs  10m51.8s/12m0s  11.37 iters/s

running (10m52.8s), 003/225 VUs, 9980 complete and 0 interrupted iterations
openloop_oscillating   [  91% ] 003/225 VUs  10m52.8s/12m0s  11.20 iters/s

running (10m53.8s), 006/225 VUs, 9988 complete and 0 interrupted iterations
openloop_oscillating   [  91% ] 006/225 VUs  10m53.8s/12m0s  11.04 iters/s

running (10m54.8s), 002/225 VUs, 10003 complete and 0 interrupted iterations
openloop_oscillating   [  91% ] 002/225 VUs  10m54.8s/12m0s  10.87 iters/s

running (10m55.8s), 002/225 VUs, 10014 complete and 0 interrupted iterations
openloop_oscillating   [  91% ] 002/225 VUs  10m55.8s/12m0s  10.70 iters/s

running (10m56.8s), 001/225 VUs, 10026 complete and 0 interrupted iterations
openloop_oscillating   [  91% ] 001/225 VUs  10m56.8s/12m0s  10.53 iters/s

running (10m57.8s), 001/225 VUs, 10036 complete and 0 interrupted iterations
openloop_oscillating   [  91% ] 001/225 VUs  10m57.8s/12m0s  10.37 iters/s

running (10m58.8s), 000/225 VUs, 10047 complete and 0 interrupted iterations
openloop_oscillating   [  92% ] 000/225 VUs  10m58.8s/12m0s  10.21 iters/s

running (10m59.8s), 001/225 VUs, 10056 complete and 0 interrupted iterations
openloop_oscillating   [  92% ] 001/225 VUs  10m59.8s/12m0s  10.04 iters/s

running (11m00.8s), 002/225 VUs, 10065 complete and 0 interrupted iterations
openloop_oscillating   [  92% ] 002/225 VUs  11m00.8s/12m0s  09.87 iters/s

running (11m01.8s), 002/225 VUs, 10075 complete and 0 interrupted iterations
openloop_oscillating   [  92% ] 002/225 VUs  11m01.8s/12m0s  09.70 iters/s

running (11m02.8s), 003/225 VUs, 10084 complete and 0 interrupted iterations
openloop_oscillating   [  92% ] 003/225 VUs  11m02.8s/12m0s  09.53 iters/s

running (11m03.8s), 001/225 VUs, 10095 complete and 0 interrupted iterations
openloop_oscillating   [  92% ] 001/225 VUs  11m03.8s/12m0s  09.37 iters/s

running (11m04.8s), 001/225 VUs, 10105 complete and 0 interrupted iterations
openloop_oscillating   [  92% ] 001/225 VUs  11m04.8s/12m0s  09.19 iters/s

running (11m05.8s), 000/225 VUs, 10115 complete and 0 interrupted iterations
openloop_oscillating   [  92% ] 000/225 VUs  11m05.8s/12m0s  09.03 iters/s

running (11m06.8s), 000/225 VUs, 10124 complete and 0 interrupted iterations
openloop_oscillating   [  93% ] 000/225 VUs  11m06.8s/12m0s  08.86 iters/s

running (11m07.8s), 000/225 VUs, 10132 complete and 0 interrupted iterations
openloop_oscillating   [  93% ] 000/225 VUs  11m07.8s/12m0s  08.71 iters/s

running (11m08.8s), 000/225 VUs, 10141 complete and 0 interrupted iterations
openloop_oscillating   [  93% ] 000/225 VUs  11m08.8s/12m0s  08.53 iters/s

running (11m09.8s), 001/225 VUs, 10148 complete and 0 interrupted iterations
openloop_oscillating   [  93% ] 001/225 VUs  11m09.8s/12m0s  08.38 iters/s

running (11m10.8s), 001/225 VUs, 10157 complete and 0 interrupted iterations
openloop_oscillating   [  93% ] 001/225 VUs  11m10.8s/12m0s  08.20 iters/s

running (11m11.8s), 000/225 VUs, 10166 complete and 0 interrupted iterations
openloop_oscillating   [  93% ] 000/225 VUs  11m11.8s/12m0s  08.03 iters/s

running (11m12.8s), 000/225 VUs, 10174 complete and 0 interrupted iterations
openloop_oscillating   [  93% ] 000/225 VUs  11m12.8s/12m0s  07.86 iters/s

running (11m13.8s), 001/225 VUs, 10181 complete and 0 interrupted iterations
openloop_oscillating   [  94% ] 001/225 VUs  11m13.8s/12m0s  07.69 iters/s

running (11m14.8s), 001/225 VUs, 10188 complete and 0 interrupted iterations
openloop_oscillating   [  94% ] 001/225 VUs  11m14.8s/12m0s  07.54 iters/s

running (11m15.8s), 003/225 VUs, 10194 complete and 0 interrupted iterations
openloop_oscillating   [  94% ] 003/225 VUs  11m15.8s/12m0s  07.36 iters/s

running (11m16.8s), 000/225 VUs, 10204 complete and 0 interrupted iterations
openloop_oscillating   [  94% ] 000/225 VUs  11m16.8s/12m0s  07.20 iters/s

running (11m17.8s), 000/225 VUs, 10211 complete and 0 interrupted iterations
openloop_oscillating   [  94% ] 000/225 VUs  11m17.8s/12m0s  07.04 iters/s

running (11m18.8s), 001/225 VUs, 10217 complete and 0 interrupted iterations
openloop_oscillating   [  94% ] 001/225 VUs  11m18.8s/12m0s  06.87 iters/s

running (11m19.8s), 001/225 VUs, 10224 complete and 0 interrupted iterations
openloop_oscillating   [  94% ] 001/225 VUs  11m19.8s/12m0s  06.70 iters/s

running (11m20.8s), 001/225 VUs, 10230 complete and 0 interrupted iterations
openloop_oscillating   [  95% ] 001/225 VUs  11m20.8s/12m0s  06.54 iters/s

running (11m21.8s), 001/225 VUs, 10237 complete and 0 interrupted iterations
openloop_oscillating   [  95% ] 001/225 VUs  11m21.8s/12m0s  06.36 iters/s

running (11m22.8s), 000/225 VUs, 10244 complete and 0 interrupted iterations
openloop_oscillating   [  95% ] 000/225 VUs  11m22.8s/12m0s  06.20 iters/s

running (11m23.8s), 000/225 VUs, 10250 complete and 0 interrupted iterations
openloop_oscillating   [  95% ] 000/225 VUs  11m23.8s/12m0s  06.04 iters/s

running (11m24.8s), 000/225 VUs, 10256 complete and 0 interrupted iterations
openloop_oscillating   [  95% ] 000/225 VUs  11m24.8s/12m0s  05.87 iters/s

running (11m25.8s), 002/225 VUs, 10260 complete and 0 interrupted iterations
openloop_oscillating   [  95% ] 002/225 VUs  11m25.8s/12m0s  05.70 iters/s

running (11m26.8s), 000/225 VUs, 10268 complete and 0 interrupted iterations
openloop_oscillating   [  95% ] 000/225 VUs  11m26.8s/12m0s  05.52 iters/s

running (11m27.8s), 001/225 VUs, 10272 complete and 0 interrupted iterations
openloop_oscillating   [  96% ] 001/225 VUs  11m27.8s/12m0s  05.37 iters/s

running (11m28.8s), 001/225 VUs, 10277 complete and 0 interrupted iterations
openloop_oscillating   [  96% ] 001/225 VUs  11m28.8s/12m0s  05.21 iters/s

running (11m29.8s), 000/225 VUs, 10283 complete and 0 interrupted iterations
openloop_oscillating   [  96% ] 000/225 VUs  11m29.8s/12m0s  05.05 iters/s

running (11m30.8s), 000/225 VUs, 10288 complete and 0 interrupted iterations
openloop_oscillating   [  96% ] 000/225 VUs  11m30.8s/12m0s  04.88 iters/s

running (11m31.8s), 001/225 VUs, 10292 complete and 0 interrupted iterations
openloop_oscillating   [  96% ] 001/225 VUs  11m31.8s/12m0s  04.71 iters/s

running (11m32.8s), 000/225 VUs, 10298 complete and 0 interrupted iterations
openloop_oscillating   [  96% ] 000/225 VUs  11m32.8s/12m0s  04.53 iters/s

running (11m33.8s), 000/225 VUs, 10302 complete and 0 interrupted iterations
openloop_oscillating   [  96% ] 000/225 VUs  11m33.8s/12m0s  04.38 iters/s

running (11m34.8s), 000/225 VUs, 10307 complete and 0 interrupted iterations
openloop_oscillating   [  97% ] 000/225 VUs  11m34.8s/12m0s  04.18 iters/s

running (11m35.8s), 000/225 VUs, 10311 complete and 0 interrupted iterations
openloop_oscillating   [  97% ] 000/225 VUs  11m35.8s/12m0s  04.02 iters/s

running (11m36.8s), 000/225 VUs, 10315 complete and 0 interrupted iterations
openloop_oscillating   [  97% ] 000/225 VUs  11m36.8s/12m0s  03.85 iters/s

running (11m37.8s), 000/225 VUs, 10318 complete and 0 interrupted iterations
openloop_oscillating   [  97% ] 000/225 VUs  11m37.8s/12m0s  03.72 iters/s

running (11m38.8s), 001/225 VUs, 10321 complete and 0 interrupted iterations
openloop_oscillating   [  97% ] 001/225 VUs  11m38.8s/12m0s  03.54 iters/s

running (11m39.8s), 002/225 VUs, 10323 complete and 0 interrupted iterations
openloop_oscillating   [  97% ] 002/225 VUs  11m39.8s/12m0s  03.34 iters/s

running (11m40.8s), 000/225 VUs, 10329 complete and 0 interrupted iterations
openloop_oscillating   [  97% ] 000/225 VUs  11m40.8s/12m0s  03.19 iters/s

running (11m41.8s), 001/225 VUs, 10331 complete and 0 interrupted iterations
openloop_oscillating   [  97% ] 001/225 VUs  11m41.8s/12m0s  03.03 iters/s

running (11m42.8s), 000/225 VUs, 10335 complete and 0 interrupted iterations
openloop_oscillating   [  98% ] 000/225 VUs  11m42.8s/12m0s  02.86 iters/s

running (11m43.8s), 000/225 VUs, 10338 complete and 0 interrupted iterations
openloop_oscillating   [  98% ] 000/225 VUs  11m43.8s/12m0s  02.68 iters/s

running (11m44.8s), 000/225 VUs, 10340 complete and 0 interrupted iterations
openloop_oscillating   [  98% ] 000/225 VUs  11m44.8s/12m0s  02.55 iters/s

running (11m45.8s), 000/225 VUs, 10343 complete and 0 interrupted iterations
openloop_oscillating   [  98% ] 000/225 VUs  11m45.8s/12m0s  02.34 iters/s

running (11m46.8s), 000/225 VUs, 10345 complete and 0 interrupted iterations
openloop_oscillating   [  98% ] 000/225 VUs  11m46.8s/12m0s  02.20 iters/s

running (11m47.8s), 000/225 VUs, 10347 complete and 0 interrupted iterations
openloop_oscillating   [  98% ] 000/225 VUs  11m47.8s/12m0s  02.04 iters/s

running (11m48.8s), 001/225 VUs, 10348 complete and 0 interrupted iterations
openloop_oscillating   [  98% ] 001/225 VUs  11m48.8s/12m0s  01.87 iters/s

running (11m49.8s), 000/225 VUs, 10351 complete and 0 interrupted iterations
openloop_oscillating   [  99% ] 000/225 VUs  11m49.8s/12m0s  01.68 iters/s

running (11m50.8s), 000/225 VUs, 10352 complete and 0 interrupted iterations
openloop_oscillating   [  99% ] 000/225 VUs  11m50.8s/12m0s  01.58 iters/s

running (11m51.8s), 000/225 VUs, 10354 complete and 0 interrupted iterations
openloop_oscillating   [  99% ] 000/225 VUs  11m51.8s/12m0s  01.35 iters/s

running (11m52.8s), 000/225 VUs, 10355 complete and 0 interrupted iterations
openloop_oscillating   [  99% ] 000/225 VUs  11m52.8s/12m0s  01.22 iters/s

running (11m53.8s), 000/225 VUs, 10356 complete and 0 interrupted iterations
openloop_oscillating   [  99% ] 000/225 VUs  11m53.8s/12m0s  01.08 iters/s

running (11m54.8s), 000/225 VUs, 10357 complete and 0 interrupted iterations
openloop_oscillating   [  99% ] 000/225 VUs  11m54.8s/12m0s  00.91 iters/s

running (11m55.8s), 000/225 VUs, 10358 complete and 0 interrupted iterations
openloop_oscillating   [  99% ] 000/225 VUs  11m55.8s/12m0s  00.70 iters/s

running (11m56.8s), 001/225 VUs, 10358 complete and 0 interrupted iterations
openloop_oscillating   [ 100% ] 001/225 VUs  11m56.8s/12m0s  00.29 iters/s

running (11m57.8s), 000/225 VUs, 10359 complete and 0 interrupted iterations
openloop_oscillating   [ 100% ] 000/225 VUs  11m57.8s/12m0s  00.29 iters/s

running (11m58.8s), 000/225 VUs, 10359 complete and 0 interrupted iterations
openloop_oscillating   [ 100% ] 000/225 VUs  11m58.8s/12m0s  00.29 iters/s

running (11m59.8s), 000/225 VUs, 10359 complete and 0 interrupted iterations
openloop_oscillating   [ 100% ] 000/225 VUs  11m59.8s/12m0s  00.29 iters/s

     ✗ login status is 200
      ↳  32% — ✓ 996 / ✗ 2077
     ✗ login returns access token
      ↳  32% — ✓ 996 / ✗ 2077
     ✗ login response time < 1000ms
      ↳  32% — ✓ 990 / ✗ 2083
     ✗ me status is 200
      ↳  49% — ✓ 3581 / ✗ 3705
     ✗ me returns user data
      ↳  49% — ✓ 3581 / ✗ 3705
     ✗ me response time < 500ms
      ↳  32% — ✓ 2374 / ✗ 4912

     █ setup

     checks.........................: 40.28% ✓ 12518     ✗ 18559
     data_received..................: 3.2 MB 4.5 kB/s
     data_sent......................: 5.2 MB 7.2 kB/s
     http_req_blocked...............: avg=1.21ms  min=830.06µs med=1.11ms  max=25.48ms  p(90)=1.29ms  p(95)=1.67ms  p(99)=3.79ms  
     http_req_connecting............: avg=1.16ms  min=786.49µs med=1.06ms  max=25.44ms  p(90)=1.23ms  p(95)=1.61ms  p(99)=3.67ms  
     http_req_duration..............: avg=1.91s   min=733.61µs med=1.48s   max=5s       p(90)=4.99s   p(95)=4.99s   p(99)=4.99s   
       { expected_response:true }...: avg=1.5s    min=3.78ms   med=1.17s   max=4.99s    p(90)=3.74s   p(95)=4.37s   p(99)=4.86s   
     http_req_failed................: 55.81% ✓ 5782      ✗ 4577 
     http_req_receiving.............: avg=8.1ms   min=0s       med=76.52µs max=792.83ms p(90)=2.76ms  p(95)=90.27ms p(99)=184.61ms
     http_req_sending...............: avg=42.21µs min=14.68µs  med=41.42µs max=281.94µs p(90)=55.44µs p(95)=60.13µs p(99)=70.83µs 
     http_req_tls_handshaking.......: avg=0s      min=0s       med=0s      max=0s       p(90)=0s      p(95)=0s      p(99)=0s      
     http_req_waiting...............: avg=1.9s    min=637.16µs med=1.48s   max=5s       p(90)=4.99s   p(95)=4.99s   p(99)=4.99s   
     http_reqs......................: 10359  14.386968/s
     iteration_duration.............: avg=1.91s   min=1.98ms   med=1.48s   max=5s       p(90)=5s      p(95)=5s      p(99)=5s      
     iterations.....................: 10359  14.386968/s
     req_e2e_duration...............: avg=1.91s   min=2ms      med=1.49s   max=5s       p(90)=5s      p(95)=5s      p(99)=5s      
     vus............................: 0      min=0       max=151
     vus_max........................: 225    min=225     max=225


running (12m00.0s), 000/225 VUs, 10359 complete and 0 interrupted iterations
openloop_oscillating ✓ [ 100% ] 000/225 VUs  12m0s  00.29 iters/s
[openloop-wrapper] k6 exit code 0
