
          /\      |‾‾| /‾‾/   /‾‾/   
     /\  /  \     |  |/  /   /  /    
    /  \/    \    |     (   /   ‾‾\  
   /          \   |  |\  \ |  (‾)  | 
  / __________ \  |__| \__\ \_____/ .io

  execution: local
     script: /scripts/load-test.js
     output: json (/results/results.json.gz)

  scenarios: (100.00%) 1 scenario, 788 max VUs, 12m30s max duration (incl. graceful stop):
           * openloop_spike: Up to 105.00 iterations/s for 12m0s over 4 stages (maxVUs: 788, gracefulStop: 30s)

time="2026-10-06T20:05:34Z" level=info msg="OPENLOOP_CONFIG service=shipping-rate-service pattern=spike base_rate=10 peak_rate=105 timeout=5s vu_factor=1.5 openloop_spike:ramping-arrival-rate:vus=788/788" source=console
time="2026-10-06T20:05:34Z" level=info msg="SCENARIO_START name=openloop_spike start_ms=1791317134274" source=console

running (00m00.4s), 004/788 VUs, 0 complete and 0 interrupted iterations
openloop_spike   [   0% ] 004/788 VUs  00m00.4s/12m0s  010.00 iters/s

running (00m01.4s), 007/788 VUs, 7 complete and 0 interrupted iterations
openloop_spike   [   0% ] 007/788 VUs  00m01.4s/12m0s  010.00 iters/s

running (00m02.4s), 009/788 VUs, 15 complete and 0 interrupted iterations
openloop_spike   [   0% ] 009/788 VUs  00m02.4s/12m0s  010.00 iters/s

running (00m03.4s), 008/788 VUs, 26 complete and 0 interrupted iterations
openloop_spike   [   0% ] 008/788 VUs  00m03.4s/12m0s  010.00 iters/s

running (00m04.4s), 009/788 VUs, 35 complete and 0 interrupted iterations
openloop_spike   [   1% ] 009/788 VUs  00m04.4s/12m0s  010.00 iters/s

running (00m05.4s), 008/788 VUs, 46 complete and 0 interrupted iterations
openloop_spike   [   1% ] 008/788 VUs  00m05.4s/12m0s  010.00 iters/s

running (00m06.4s), 007/788 VUs, 57 complete and 0 interrupted iterations
openloop_spike   [   1% ] 007/788 VUs  00m06.4s/12m0s  010.00 iters/s

running (00m07.4s), 008/788 VUs, 66 complete and 0 interrupted iterations
openloop_spike   [   1% ] 008/788 VUs  00m07.4s/12m0s  010.00 iters/s

running (00m08.4s), 007/788 VUs, 77 complete and 0 interrupted iterations
openloop_spike   [   1% ] 007/788 VUs  00m08.4s/12m0s  010.00 iters/s

running (00m09.4s), 007/788 VUs, 87 complete and 0 interrupted iterations
openloop_spike   [   1% ] 007/788 VUs  00m09.4s/12m0s  010.00 iters/s

running (00m10.4s), 007/788 VUs, 97 complete and 0 interrupted iterations
openloop_spike   [   1% ] 007/788 VUs  00m10.4s/12m0s  010.00 iters/s

running (00m11.4s), 009/788 VUs, 105 complete and 0 interrupted iterations
openloop_spike   [   2% ] 009/788 VUs  00m11.4s/12m0s  010.00 iters/s

running (00m12.4s), 007/788 VUs, 117 complete and 0 interrupted iterations
openloop_spike   [   2% ] 007/788 VUs  00m12.4s/12m0s  010.00 iters/s

running (00m13.4s), 010/788 VUs, 124 complete and 0 interrupted iterations
openloop_spike   [   2% ] 010/788 VUs  00m13.4s/12m0s  010.00 iters/s

running (00m14.4s), 007/788 VUs, 137 complete and 0 interrupted iterations
openloop_spike   [   2% ] 007/788 VUs  00m14.4s/12m0s  010.00 iters/s

running (00m15.4s), 007/788 VUs, 147 complete and 0 interrupted iterations
openloop_spike   [   2% ] 007/788 VUs  00m15.4s/12m0s  010.00 iters/s

running (00m16.4s), 007/788 VUs, 157 complete and 0 interrupted iterations
openloop_spike   [   2% ] 007/788 VUs  00m16.4s/12m0s  010.00 iters/s

running (00m17.4s), 008/788 VUs, 166 complete and 0 interrupted iterations
openloop_spike   [   2% ] 008/788 VUs  00m17.4s/12m0s  010.00 iters/s

running (00m18.4s), 007/788 VUs, 177 complete and 0 interrupted iterations
openloop_spike   [   3% ] 007/788 VUs  00m18.4s/12m0s  010.00 iters/s

running (00m19.4s), 007/788 VUs, 187 complete and 0 interrupted iterations
openloop_spike   [   3% ] 007/788 VUs  00m19.4s/12m0s  010.00 iters/s

running (00m20.4s), 008/788 VUs, 196 complete and 0 interrupted iterations
openloop_spike   [   3% ] 008/788 VUs  00m20.4s/12m0s  010.00 iters/s

running (00m21.4s), 005/788 VUs, 209 complete and 0 interrupted iterations
openloop_spike   [   3% ] 005/788 VUs  00m21.4s/12m0s  010.00 iters/s

running (00m22.4s), 008/788 VUs, 216 complete and 0 interrupted iterations
openloop_spike   [   3% ] 008/788 VUs  00m22.4s/12m0s  010.00 iters/s

running (00m23.4s), 007/788 VUs, 227 complete and 0 interrupted iterations
openloop_spike   [   3% ] 007/788 VUs  00m23.4s/12m0s  010.00 iters/s

running (00m24.4s), 008/788 VUs, 236 complete and 0 interrupted iterations
openloop_spike   [   3% ] 008/788 VUs  00m24.4s/12m0s  010.00 iters/s

running (00m25.4s), 008/788 VUs, 246 complete and 0 interrupted iterations
openloop_spike   [   4% ] 008/788 VUs  00m25.4s/12m0s  010.00 iters/s

running (00m26.4s), 008/788 VUs, 256 complete and 0 interrupted iterations
openloop_spike   [   4% ] 008/788 VUs  00m26.4s/12m0s  010.00 iters/s

running (00m27.4s), 008/788 VUs, 266 complete and 0 interrupted iterations
openloop_spike   [   4% ] 008/788 VUs  00m27.4s/12m0s  010.00 iters/s

running (00m28.4s), 006/788 VUs, 278 complete and 0 interrupted iterations
openloop_spike   [   4% ] 006/788 VUs  00m28.4s/12m0s  010.00 iters/s

running (00m29.4s), 007/788 VUs, 287 complete and 0 interrupted iterations
openloop_spike   [   4% ] 007/788 VUs  00m29.4s/12m0s  010.00 iters/s

running (00m30.4s), 006/788 VUs, 298 complete and 0 interrupted iterations
openloop_spike   [   4% ] 006/788 VUs  00m30.4s/12m0s  010.00 iters/s

running (00m31.4s), 008/788 VUs, 306 complete and 0 interrupted iterations
openloop_spike   [   4% ] 008/788 VUs  00m31.4s/12m0s  010.00 iters/s

running (00m32.4s), 007/788 VUs, 317 complete and 0 interrupted iterations
openloop_spike   [   5% ] 007/788 VUs  00m32.4s/12m0s  010.00 iters/s

running (00m33.4s), 006/788 VUs, 328 complete and 0 interrupted iterations
openloop_spike   [   5% ] 006/788 VUs  00m33.4s/12m0s  010.00 iters/s

running (00m34.4s), 007/788 VUs, 337 complete and 0 interrupted iterations
openloop_spike   [   5% ] 007/788 VUs  00m34.4s/12m0s  010.00 iters/s

running (00m35.4s), 008/788 VUs, 346 complete and 0 interrupted iterations
openloop_spike   [   5% ] 008/788 VUs  00m35.4s/12m0s  010.00 iters/s

running (00m36.4s), 007/788 VUs, 357 complete and 0 interrupted iterations
openloop_spike   [   5% ] 007/788 VUs  00m36.4s/12m0s  010.00 iters/s

running (00m37.4s), 006/788 VUs, 368 complete and 0 interrupted iterations
openloop_spike   [   5% ] 006/788 VUs  00m37.4s/12m0s  010.00 iters/s

running (00m38.4s), 008/788 VUs, 376 complete and 0 interrupted iterations
openloop_spike   [   5% ] 008/788 VUs  00m38.4s/12m0s  010.00 iters/s

running (00m39.4s), 007/788 VUs, 387 complete and 0 interrupted iterations
openloop_spike   [   5% ] 007/788 VUs  00m39.4s/12m0s  010.00 iters/s

running (00m40.4s), 009/788 VUs, 395 complete and 0 interrupted iterations
openloop_spike   [   6% ] 009/788 VUs  00m40.4s/12m0s  010.00 iters/s

running (00m41.4s), 008/788 VUs, 406 complete and 0 interrupted iterations
openloop_spike   [   6% ] 008/788 VUs  00m41.4s/12m0s  010.00 iters/s

running (00m42.4s), 008/788 VUs, 416 complete and 0 interrupted iterations
openloop_spike   [   6% ] 008/788 VUs  00m42.4s/12m0s  010.00 iters/s

running (00m43.4s), 007/788 VUs, 427 complete and 0 interrupted iterations
openloop_spike   [   6% ] 007/788 VUs  00m43.4s/12m0s  010.00 iters/s

running (00m44.4s), 007/788 VUs, 437 complete and 0 interrupted iterations
openloop_spike   [   6% ] 007/788 VUs  00m44.4s/12m0s  010.00 iters/s

running (00m45.4s), 008/788 VUs, 446 complete and 0 interrupted iterations
openloop_spike   [   6% ] 008/788 VUs  00m45.4s/12m0s  010.00 iters/s

running (00m46.4s), 008/788 VUs, 456 complete and 0 interrupted iterations
openloop_spike   [   6% ] 008/788 VUs  00m46.4s/12m0s  010.00 iters/s

running (00m47.4s), 008/788 VUs, 466 complete and 0 interrupted iterations
openloop_spike   [   7% ] 008/788 VUs  00m47.4s/12m0s  010.00 iters/s

running (00m48.4s), 006/788 VUs, 478 complete and 0 interrupted iterations
openloop_spike   [   7% ] 006/788 VUs  00m48.4s/12m0s  010.00 iters/s

running (00m49.4s), 008/788 VUs, 486 complete and 0 interrupted iterations
openloop_spike   [   7% ] 008/788 VUs  00m49.4s/12m0s  010.00 iters/s

running (00m50.4s), 010/788 VUs, 494 complete and 0 interrupted iterations
openloop_spike   [   7% ] 010/788 VUs  00m50.4s/12m0s  010.00 iters/s

running (00m51.4s), 008/788 VUs, 506 complete and 0 interrupted iterations
openloop_spike   [   7% ] 008/788 VUs  00m51.4s/12m0s  010.00 iters/s

running (00m52.4s), 006/788 VUs, 518 complete and 0 interrupted iterations
openloop_spike   [   7% ] 006/788 VUs  00m52.4s/12m0s  010.00 iters/s

running (00m53.4s), 007/788 VUs, 527 complete and 0 interrupted iterations
openloop_spike   [   7% ] 007/788 VUs  00m53.4s/12m0s  010.00 iters/s

running (00m54.4s), 007/788 VUs, 537 complete and 0 interrupted iterations
openloop_spike   [   8% ] 007/788 VUs  00m54.4s/12m0s  010.00 iters/s

running (00m55.4s), 005/788 VUs, 549 complete and 0 interrupted iterations
openloop_spike   [   8% ] 005/788 VUs  00m55.4s/12m0s  010.00 iters/s

running (00m56.4s), 008/788 VUs, 556 complete and 0 interrupted iterations
openloop_spike   [   8% ] 008/788 VUs  00m56.4s/12m0s  010.00 iters/s

running (00m57.4s), 010/788 VUs, 564 complete and 0 interrupted iterations
openloop_spike   [   8% ] 010/788 VUs  00m57.4s/12m0s  010.00 iters/s

running (00m58.4s), 007/788 VUs, 577 complete and 0 interrupted iterations
openloop_spike   [   8% ] 007/788 VUs  00m58.4s/12m0s  010.00 iters/s

running (00m59.4s), 008/788 VUs, 586 complete and 0 interrupted iterations
openloop_spike   [   8% ] 008/788 VUs  00m59.4s/12m0s  010.00 iters/s

running (01m00.4s), 007/788 VUs, 597 complete and 0 interrupted iterations
openloop_spike   [   8% ] 007/788 VUs  01m00.4s/12m0s  010.00 iters/s

running (01m01.4s), 008/788 VUs, 606 complete and 0 interrupted iterations
openloop_spike   [   9% ] 008/788 VUs  01m01.4s/12m0s  010.00 iters/s

running (01m02.4s), 006/788 VUs, 618 complete and 0 interrupted iterations
openloop_spike   [   9% ] 006/788 VUs  01m02.4s/12m0s  010.00 iters/s

running (01m03.4s), 007/788 VUs, 627 complete and 0 interrupted iterations
openloop_spike   [   9% ] 007/788 VUs  01m03.4s/12m0s  010.00 iters/s

running (01m04.4s), 008/788 VUs, 636 complete and 0 interrupted iterations
openloop_spike   [   9% ] 008/788 VUs  01m04.4s/12m0s  010.00 iters/s

running (01m05.4s), 007/788 VUs, 647 complete and 0 interrupted iterations
openloop_spike   [   9% ] 007/788 VUs  01m05.4s/12m0s  010.00 iters/s

running (01m06.4s), 009/788 VUs, 655 complete and 0 interrupted iterations
openloop_spike   [   9% ] 009/788 VUs  01m06.4s/12m0s  010.00 iters/s

running (01m07.4s), 007/788 VUs, 667 complete and 0 interrupted iterations
openloop_spike   [   9% ] 007/788 VUs  01m07.4s/12m0s  010.00 iters/s

running (01m08.4s), 008/788 VUs, 676 complete and 0 interrupted iterations
openloop_spike   [  10% ] 008/788 VUs  01m08.4s/12m0s  010.00 iters/s

running (01m09.4s), 007/788 VUs, 687 complete and 0 interrupted iterations
openloop_spike   [  10% ] 007/788 VUs  01m09.4s/12m0s  010.00 iters/s

running (01m10.4s), 006/788 VUs, 698 complete and 0 interrupted iterations
openloop_spike   [  10% ] 006/788 VUs  01m10.4s/12m0s  010.00 iters/s

running (01m11.4s), 007/788 VUs, 707 complete and 0 interrupted iterations
openloop_spike   [  10% ] 007/788 VUs  01m11.4s/12m0s  010.00 iters/s

running (01m12.4s), 009/788 VUs, 715 complete and 0 interrupted iterations
openloop_spike   [  10% ] 009/788 VUs  01m12.4s/12m0s  010.00 iters/s

running (01m13.4s), 008/788 VUs, 726 complete and 0 interrupted iterations
openloop_spike   [  10% ] 008/788 VUs  01m13.4s/12m0s  010.00 iters/s

running (01m14.4s), 007/788 VUs, 737 complete and 0 interrupted iterations
openloop_spike   [  10% ] 007/788 VUs  01m14.4s/12m0s  010.00 iters/s

running (01m15.4s), 008/788 VUs, 746 complete and 0 interrupted iterations
openloop_spike   [  10% ] 008/788 VUs  01m15.4s/12m0s  010.00 iters/s

running (01m16.4s), 008/788 VUs, 756 complete and 0 interrupted iterations
openloop_spike   [  11% ] 008/788 VUs  01m16.4s/12m0s  010.00 iters/s

running (01m17.4s), 008/788 VUs, 766 complete and 0 interrupted iterations
openloop_spike   [  11% ] 008/788 VUs  01m17.4s/12m0s  010.00 iters/s

running (01m18.4s), 007/788 VUs, 777 complete and 0 interrupted iterations
openloop_spike   [  11% ] 007/788 VUs  01m18.4s/12m0s  010.00 iters/s

running (01m19.4s), 008/788 VUs, 786 complete and 0 interrupted iterations
openloop_spike   [  11% ] 008/788 VUs  01m19.4s/12m0s  010.00 iters/s

running (01m20.4s), 007/788 VUs, 797 complete and 0 interrupted iterations
openloop_spike   [  11% ] 007/788 VUs  01m20.4s/12m0s  010.00 iters/s

running (01m21.4s), 009/788 VUs, 805 complete and 0 interrupted iterations
openloop_spike   [  11% ] 009/788 VUs  01m21.4s/12m0s  010.00 iters/s

running (01m22.4s), 007/788 VUs, 817 complete and 0 interrupted iterations
openloop_spike   [  11% ] 007/788 VUs  01m22.4s/12m0s  010.00 iters/s

running (01m23.4s), 006/788 VUs, 828 complete and 0 interrupted iterations
openloop_spike   [  12% ] 006/788 VUs  01m23.4s/12m0s  010.00 iters/s

running (01m24.4s), 008/788 VUs, 836 complete and 0 interrupted iterations
openloop_spike   [  12% ] 008/788 VUs  01m24.4s/12m0s  010.00 iters/s

running (01m25.4s), 008/788 VUs, 846 complete and 0 interrupted iterations
openloop_spike   [  12% ] 008/788 VUs  01m25.4s/12m0s  010.00 iters/s

running (01m26.4s), 008/788 VUs, 856 complete and 0 interrupted iterations
openloop_spike   [  12% ] 008/788 VUs  01m26.4s/12m0s  010.00 iters/s

running (01m27.4s), 009/788 VUs, 865 complete and 0 interrupted iterations
openloop_spike   [  12% ] 009/788 VUs  01m27.4s/12m0s  010.00 iters/s

running (01m28.4s), 008/788 VUs, 876 complete and 0 interrupted iterations
openloop_spike   [  12% ] 008/788 VUs  01m28.4s/12m0s  010.00 iters/s

running (01m29.4s), 008/788 VUs, 886 complete and 0 interrupted iterations
openloop_spike   [  12% ] 008/788 VUs  01m29.4s/12m0s  010.00 iters/s

running (01m30.4s), 008/788 VUs, 896 complete and 0 interrupted iterations
openloop_spike   [  13% ] 008/788 VUs  01m30.4s/12m0s  010.00 iters/s

running (01m31.4s), 007/788 VUs, 907 complete and 0 interrupted iterations
openloop_spike   [  13% ] 007/788 VUs  01m31.4s/12m0s  010.00 iters/s

running (01m32.4s), 007/788 VUs, 917 complete and 0 interrupted iterations
openloop_spike   [  13% ] 007/788 VUs  01m32.4s/12m0s  010.00 iters/s

running (01m33.4s), 009/788 VUs, 925 complete and 0 interrupted iterations
openloop_spike   [  13% ] 009/788 VUs  01m33.4s/12m0s  010.00 iters/s

running (01m34.4s), 007/788 VUs, 937 complete and 0 interrupted iterations
openloop_spike   [  13% ] 007/788 VUs  01m34.4s/12m0s  010.00 iters/s

running (01m35.4s), 006/788 VUs, 948 complete and 0 interrupted iterations
openloop_spike   [  13% ] 006/788 VUs  01m35.4s/12m0s  010.00 iters/s

running (01m36.4s), 007/788 VUs, 957 complete and 0 interrupted iterations
openloop_spike   [  13% ] 007/788 VUs  01m36.4s/12m0s  010.00 iters/s

running (01m37.4s), 006/788 VUs, 968 complete and 0 interrupted iterations
openloop_spike   [  14% ] 006/788 VUs  01m37.4s/12m0s  010.00 iters/s

running (01m38.4s), 007/788 VUs, 977 complete and 0 interrupted iterations
openloop_spike   [  14% ] 007/788 VUs  01m38.4s/12m0s  010.00 iters/s

running (01m39.4s), 006/788 VUs, 988 complete and 0 interrupted iterations
openloop_spike   [  14% ] 006/788 VUs  01m39.4s/12m0s  010.00 iters/s

running (01m40.4s), 008/788 VUs, 996 complete and 0 interrupted iterations
openloop_spike   [  14% ] 008/788 VUs  01m40.4s/12m0s  010.00 iters/s

running (01m41.4s), 008/788 VUs, 1006 complete and 0 interrupted iterations
openloop_spike   [  14% ] 008/788 VUs  01m41.4s/12m0s  010.00 iters/s

running (01m42.4s), 007/788 VUs, 1017 complete and 0 interrupted iterations
openloop_spike   [  14% ] 007/788 VUs  01m42.4s/12m0s  010.00 iters/s

running (01m43.4s), 007/788 VUs, 1027 complete and 0 interrupted iterations
openloop_spike   [  14% ] 007/788 VUs  01m43.4s/12m0s  010.00 iters/s

running (01m44.4s), 007/788 VUs, 1037 complete and 0 interrupted iterations
openloop_spike   [  15% ] 007/788 VUs  01m44.4s/12m0s  010.00 iters/s

running (01m45.4s), 007/788 VUs, 1047 complete and 0 interrupted iterations
openloop_spike   [  15% ] 007/788 VUs  01m45.4s/12m0s  010.00 iters/s

running (01m46.4s), 007/788 VUs, 1057 complete and 0 interrupted iterations
openloop_spike   [  15% ] 007/788 VUs  01m46.4s/12m0s  010.00 iters/s

running (01m47.4s), 006/788 VUs, 1068 complete and 0 interrupted iterations
openloop_spike   [  15% ] 006/788 VUs  01m47.4s/12m0s  010.00 iters/s

running (01m48.4s), 006/788 VUs, 1078 complete and 0 interrupted iterations
openloop_spike   [  15% ] 006/788 VUs  01m48.4s/12m0s  010.00 iters/s

running (01m49.4s), 007/788 VUs, 1087 complete and 0 interrupted iterations
openloop_spike   [  15% ] 007/788 VUs  01m49.4s/12m0s  010.00 iters/s

running (01m50.4s), 007/788 VUs, 1097 complete and 0 interrupted iterations
openloop_spike   [  15% ] 007/788 VUs  01m50.4s/12m0s  010.00 iters/s

running (01m51.4s), 009/788 VUs, 1105 complete and 0 interrupted iterations
openloop_spike   [  15% ] 009/788 VUs  01m51.4s/12m0s  010.00 iters/s

running (01m52.4s), 006/788 VUs, 1118 complete and 0 interrupted iterations
openloop_spike   [  16% ] 006/788 VUs  01m52.4s/12m0s  010.00 iters/s

running (01m53.4s), 008/788 VUs, 1126 complete and 0 interrupted iterations
openloop_spike   [  16% ] 008/788 VUs  01m53.4s/12m0s  010.00 iters/s

running (01m54.4s), 008/788 VUs, 1136 complete and 0 interrupted iterations
openloop_spike   [  16% ] 008/788 VUs  01m54.4s/12m0s  010.00 iters/s

running (01m55.4s), 007/788 VUs, 1147 complete and 0 interrupted iterations
openloop_spike   [  16% ] 007/788 VUs  01m55.4s/12m0s  010.00 iters/s

running (01m56.4s), 007/788 VUs, 1157 complete and 0 interrupted iterations
openloop_spike   [  16% ] 007/788 VUs  01m56.4s/12m0s  010.00 iters/s

running (01m57.4s), 007/788 VUs, 1167 complete and 0 interrupted iterations
openloop_spike   [  16% ] 007/788 VUs  01m57.4s/12m0s  010.00 iters/s

running (01m58.4s), 008/788 VUs, 1176 complete and 0 interrupted iterations
openloop_spike   [  16% ] 008/788 VUs  01m58.4s/12m0s  010.00 iters/s

running (01m59.4s), 008/788 VUs, 1186 complete and 0 interrupted iterations
openloop_spike   [  17% ] 008/788 VUs  01m59.4s/12m0s  010.00 iters/s

running (02m00.4s), 009/788 VUs, 1196 complete and 0 interrupted iterations
openloop_spike   [  17% ] 009/788 VUs  02m00.4s/12m0s  014.30 iters/s

running (02m01.4s), 014/788 VUs, 1209 complete and 0 interrupted iterations
openloop_spike   [  17% ] 014/788 VUs  02m01.4s/12m0s  023.38 iters/s

running (02m02.4s), 021/788 VUs, 1230 complete and 0 interrupted iterations
openloop_spike   [  17% ] 021/788 VUs  02m02.4s/12m0s  032.84 iters/s

running (02m03.4s), 026/788 VUs, 1263 complete and 0 interrupted iterations
openloop_spike   [  17% ] 026/788 VUs  02m03.4s/12m0s  042.43 iters/s

running (02m04.4s), 033/788 VUs, 1303 complete and 0 interrupted iterations
openloop_spike   [  17% ] 033/788 VUs  02m04.4s/12m0s  051.90 iters/s

running (02m05.4s), 043/788 VUs, 1350 complete and 0 interrupted iterations
openloop_spike   [  17% ] 043/788 VUs  02m05.4s/12m0s  061.45 iters/s

running (02m06.4s), 048/788 VUs, 1411 complete and 0 interrupted iterations
openloop_spike   [  18% ] 048/788 VUs  02m06.4s/12m0s  070.93 iters/s

running (02m07.4s), 043/788 VUs, 1492 complete and 0 interrupted iterations
openloop_spike   [  18% ] 043/788 VUs  02m07.4s/12m0s  080.46 iters/s

running (02m08.4s), 051/788 VUs, 1569 complete and 0 interrupted iterations
openloop_spike   [  18% ] 051/788 VUs  02m08.4s/12m0s  089.94 iters/s

running (02m09.4s), 052/788 VUs, 1663 complete and 0 interrupted iterations
openloop_spike   [  18% ] 052/788 VUs  02m09.4s/12m0s  099.47 iters/s

running (02m10.4s), 048/788 VUs, 1770 complete and 0 interrupted iterations
openloop_spike   [  18% ] 048/788 VUs  02m10.4s/12m0s  105.00 iters/s

running (02m11.4s), 054/788 VUs, 1869 complete and 0 interrupted iterations
openloop_spike   [  18% ] 054/788 VUs  02m11.4s/12m0s  105.00 iters/s

running (02m12.4s), 050/788 VUs, 1978 complete and 0 interrupted iterations
openloop_spike   [  18% ] 050/788 VUs  02m12.4s/12m0s  105.00 iters/s

running (02m13.4s), 051/788 VUs, 2082 complete and 0 interrupted iterations
openloop_spike   [  19% ] 051/788 VUs  02m13.4s/12m0s  105.00 iters/s

running (02m14.4s), 052/788 VUs, 2186 complete and 0 interrupted iterations
openloop_spike   [  19% ] 052/788 VUs  02m14.4s/12m0s  105.00 iters/s

running (02m15.4s), 060/788 VUs, 2283 complete and 0 interrupted iterations
openloop_spike   [  19% ] 060/788 VUs  02m15.4s/12m0s  105.00 iters/s

running (02m16.4s), 052/788 VUs, 2396 complete and 0 interrupted iterations
openloop_spike   [  19% ] 052/788 VUs  02m16.4s/12m0s  105.00 iters/s

running (02m17.4s), 051/788 VUs, 2502 complete and 0 interrupted iterations
openloop_spike   [  19% ] 051/788 VUs  02m17.4s/12m0s  105.00 iters/s

running (02m18.4s), 053/788 VUs, 2605 complete and 0 interrupted iterations
openloop_spike   [  19% ] 053/788 VUs  02m18.4s/12m0s  105.00 iters/s

running (02m19.4s), 054/788 VUs, 2709 complete and 0 interrupted iterations
openloop_spike   [  19% ] 054/788 VUs  02m19.4s/12m0s  105.00 iters/s

running (02m20.4s), 051/788 VUs, 2817 complete and 0 interrupted iterations
openloop_spike   [  20% ] 051/788 VUs  02m20.4s/12m0s  105.00 iters/s

running (02m21.4s), 054/788 VUs, 2919 complete and 0 interrupted iterations
openloop_spike   [  20% ] 054/788 VUs  02m21.4s/12m0s  105.00 iters/s

running (02m22.4s), 052/788 VUs, 3026 complete and 0 interrupted iterations
openloop_spike   [  20% ] 052/788 VUs  02m22.4s/12m0s  105.00 iters/s

running (02m23.4s), 052/788 VUs, 3131 complete and 0 interrupted iterations
openloop_spike   [  20% ] 052/788 VUs  02m23.4s/12m0s  105.00 iters/s

running (02m24.4s), 054/788 VUs, 3234 complete and 0 interrupted iterations
openloop_spike   [  20% ] 054/788 VUs  02m24.4s/12m0s  105.00 iters/s

running (02m25.4s), 053/788 VUs, 3340 complete and 0 interrupted iterations
openloop_spike   [  20% ] 053/788 VUs  02m25.4s/12m0s  105.00 iters/s

running (02m26.4s), 052/788 VUs, 3446 complete and 0 interrupted iterations
openloop_spike   [  20% ] 052/788 VUs  02m26.4s/12m0s  105.00 iters/s

running (02m27.4s), 049/788 VUs, 3554 complete and 0 interrupted iterations
openloop_spike   [  20% ] 049/788 VUs  02m27.4s/12m0s  105.00 iters/s

running (02m28.4s), 052/788 VUs, 3656 complete and 0 interrupted iterations
openloop_spike   [  21% ] 052/788 VUs  02m28.4s/12m0s  105.00 iters/s

running (02m29.4s), 059/788 VUs, 3754 complete and 0 interrupted iterations
openloop_spike   [  21% ] 059/788 VUs  02m29.4s/12m0s  105.00 iters/s

running (02m30.4s), 052/788 VUs, 3866 complete and 0 interrupted iterations
openloop_spike   [  21% ] 052/788 VUs  02m30.4s/12m0s  105.00 iters/s

running (02m31.4s), 054/788 VUs, 3969 complete and 0 interrupted iterations
openloop_spike   [  21% ] 054/788 VUs  02m31.4s/12m0s  105.00 iters/s

running (02m32.4s), 050/788 VUs, 4078 complete and 0 interrupted iterations
openloop_spike   [  21% ] 050/788 VUs  02m32.4s/12m0s  105.00 iters/s

running (02m33.4s), 054/788 VUs, 4179 complete and 0 interrupted iterations
openloop_spike   [  21% ] 054/788 VUs  02m33.4s/12m0s  105.00 iters/s

running (02m34.4s), 050/788 VUs, 4288 complete and 0 interrupted iterations
openloop_spike   [  21% ] 050/788 VUs  02m34.4s/12m0s  105.00 iters/s

running (02m35.4s), 055/788 VUs, 4388 complete and 0 interrupted iterations
openloop_spike   [  22% ] 055/788 VUs  02m35.4s/12m0s  105.00 iters/s

running (02m36.4s), 051/788 VUs, 4497 complete and 0 interrupted iterations
openloop_spike   [  22% ] 051/788 VUs  02m36.4s/12m0s  105.00 iters/s

running (02m37.4s), 051/788 VUs, 4602 complete and 0 interrupted iterations
openloop_spike   [  22% ] 051/788 VUs  02m37.4s/12m0s  105.00 iters/s

running (02m38.4s), 053/788 VUs, 4705 complete and 0 interrupted iterations
openloop_spike   [  22% ] 053/788 VUs  02m38.4s/12m0s  105.00 iters/s

running (02m39.4s), 051/788 VUs, 4812 complete and 0 interrupted iterations
openloop_spike   [  22% ] 051/788 VUs  02m39.4s/12m0s  105.00 iters/s

running (02m40.4s), 048/788 VUs, 4920 complete and 0 interrupted iterations
openloop_spike   [  22% ] 048/788 VUs  02m40.4s/12m0s  105.00 iters/s

running (02m41.4s), 052/788 VUs, 5021 complete and 0 interrupted iterations
openloop_spike   [  22% ] 052/788 VUs  02m41.4s/12m0s  105.00 iters/s

running (02m42.4s), 050/788 VUs, 5128 complete and 0 interrupted iterations
openloop_spike   [  23% ] 050/788 VUs  02m42.4s/12m0s  105.00 iters/s

running (02m43.4s), 052/788 VUs, 5231 complete and 0 interrupted iterations
openloop_spike   [  23% ] 052/788 VUs  02m43.4s/12m0s  105.00 iters/s

running (02m44.4s), 054/788 VUs, 5334 complete and 0 interrupted iterations
openloop_spike   [  23% ] 054/788 VUs  02m44.4s/12m0s  105.00 iters/s

running (02m45.4s), 050/788 VUs, 5443 complete and 0 interrupted iterations
openloop_spike   [  23% ] 050/788 VUs  02m45.4s/12m0s  105.00 iters/s

running (02m46.4s), 051/788 VUs, 5547 complete and 0 interrupted iterations
openloop_spike   [  23% ] 051/788 VUs  02m46.4s/12m0s  105.00 iters/s

running (02m47.4s), 051/788 VUs, 5652 complete and 0 interrupted iterations
openloop_spike   [  23% ] 051/788 VUs  02m47.4s/12m0s  105.00 iters/s

running (02m48.4s), 051/788 VUs, 5757 complete and 0 interrupted iterations
openloop_spike   [  23% ] 051/788 VUs  02m48.4s/12m0s  105.00 iters/s

running (02m49.4s), 055/788 VUs, 5858 complete and 0 interrupted iterations
openloop_spike   [  24% ] 055/788 VUs  02m49.4s/12m0s  105.00 iters/s

running (02m50.4s), 052/788 VUs, 5966 complete and 0 interrupted iterations
openloop_spike   [  24% ] 052/788 VUs  02m50.4s/12m0s  105.00 iters/s

running (02m51.4s), 051/788 VUs, 6072 complete and 0 interrupted iterations
openloop_spike   [  24% ] 051/788 VUs  02m51.4s/12m0s  105.00 iters/s

running (02m52.4s), 050/788 VUs, 6178 complete and 0 interrupted iterations
openloop_spike   [  24% ] 050/788 VUs  02m52.4s/12m0s  105.00 iters/s

running (02m53.4s), 051/788 VUs, 6282 complete and 0 interrupted iterations
openloop_spike   [  24% ] 051/788 VUs  02m53.4s/12m0s  105.00 iters/s

running (02m54.4s), 052/788 VUs, 6386 complete and 0 interrupted iterations
openloop_spike   [  24% ] 052/788 VUs  02m54.4s/12m0s  105.00 iters/s

running (02m55.4s), 056/788 VUs, 6487 complete and 0 interrupted iterations
openloop_spike   [  24% ] 056/788 VUs  02m55.4s/12m0s  105.00 iters/s

running (02m56.4s), 050/788 VUs, 6598 complete and 0 interrupted iterations
openloop_spike   [  25% ] 050/788 VUs  02m56.4s/12m0s  105.00 iters/s

running (02m57.4s), 054/788 VUs, 6699 complete and 0 interrupted iterations
openloop_spike   [  25% ] 054/788 VUs  02m57.4s/12m0s  105.00 iters/s

running (02m58.4s), 052/788 VUs, 6806 complete and 0 interrupted iterations
openloop_spike   [  25% ] 052/788 VUs  02m58.4s/12m0s  105.00 iters/s

running (02m59.4s), 052/788 VUs, 6911 complete and 0 interrupted iterations
openloop_spike   [  25% ] 052/788 VUs  02m59.4s/12m0s  105.00 iters/s

running (03m00.4s), 054/788 VUs, 7014 complete and 0 interrupted iterations
openloop_spike   [  25% ] 054/788 VUs  03m00.4s/12m0s  105.00 iters/s

running (03m01.4s), 048/788 VUs, 7125 complete and 0 interrupted iterations
openloop_spike   [  25% ] 048/788 VUs  03m01.4s/12m0s  105.00 iters/s

running (03m02.4s), 053/788 VUs, 7225 complete and 0 interrupted iterations
openloop_spike   [  25% ] 053/788 VUs  03m02.4s/12m0s  105.00 iters/s

running (03m03.4s), 050/788 VUs, 7333 complete and 0 interrupted iterations
openloop_spike   [  25% ] 050/788 VUs  03m03.4s/12m0s  105.00 iters/s

running (03m04.4s), 052/788 VUs, 7436 complete and 0 interrupted iterations
openloop_spike   [  26% ] 052/788 VUs  03m04.4s/12m0s  105.00 iters/s

running (03m05.4s), 049/788 VUs, 7544 complete and 0 interrupted iterations
openloop_spike   [  26% ] 049/788 VUs  03m05.4s/12m0s  105.00 iters/s

running (03m06.4s), 052/788 VUs, 7646 complete and 0 interrupted iterations
openloop_spike   [  26% ] 052/788 VUs  03m06.4s/12m0s  105.00 iters/s

running (03m07.4s), 053/788 VUs, 7750 complete and 0 interrupted iterations
openloop_spike   [  26% ] 053/788 VUs  03m07.4s/12m0s  105.00 iters/s

running (03m08.4s), 053/788 VUs, 7855 complete and 0 interrupted iterations
openloop_spike   [  26% ] 053/788 VUs  03m08.4s/12m0s  105.00 iters/s

running (03m09.4s), 050/788 VUs, 7963 complete and 0 interrupted iterations
openloop_spike   [  26% ] 050/788 VUs  03m09.4s/12m0s  105.00 iters/s

running (03m10.4s), 052/788 VUs, 8066 complete and 0 interrupted iterations
openloop_spike   [  26% ] 052/788 VUs  03m10.4s/12m0s  105.00 iters/s

running (03m11.4s), 051/788 VUs, 8172 complete and 0 interrupted iterations
openloop_spike   [  27% ] 051/788 VUs  03m11.4s/12m0s  105.00 iters/s

running (03m12.4s), 051/788 VUs, 8277 complete and 0 interrupted iterations
openloop_spike   [  27% ] 051/788 VUs  03m12.4s/12m0s  105.00 iters/s

running (03m13.4s), 052/788 VUs, 8381 complete and 0 interrupted iterations
openloop_spike   [  27% ] 052/788 VUs  03m13.4s/12m0s  105.00 iters/s

running (03m14.4s), 051/788 VUs, 8487 complete and 0 interrupted iterations
openloop_spike   [  27% ] 051/788 VUs  03m14.4s/12m0s  105.00 iters/s

running (03m15.4s), 051/788 VUs, 8592 complete and 0 interrupted iterations
openloop_spike   [  27% ] 051/788 VUs  03m15.4s/12m0s  105.00 iters/s

running (03m16.4s), 051/788 VUs, 8697 complete and 0 interrupted iterations
openloop_spike   [  27% ] 051/788 VUs  03m16.4s/12m0s  105.00 iters/s

running (03m17.4s), 054/788 VUs, 8799 complete and 0 interrupted iterations
openloop_spike   [  27% ] 054/788 VUs  03m17.4s/12m0s  105.00 iters/s

running (03m18.4s), 053/788 VUs, 8905 complete and 0 interrupted iterations
openloop_spike   [  28% ] 053/788 VUs  03m18.4s/12m0s  105.00 iters/s

running (03m19.4s), 051/788 VUs, 9012 complete and 0 interrupted iterations
openloop_spike   [  28% ] 051/788 VUs  03m19.4s/12m0s  105.00 iters/s

running (03m20.4s), 051/788 VUs, 9117 complete and 0 interrupted iterations
openloop_spike   [  28% ] 051/788 VUs  03m20.4s/12m0s  105.00 iters/s

running (03m21.4s), 053/788 VUs, 9220 complete and 0 interrupted iterations
openloop_spike   [  28% ] 053/788 VUs  03m21.4s/12m0s  105.00 iters/s

running (03m22.4s), 051/788 VUs, 9327 complete and 0 interrupted iterations
openloop_spike   [  28% ] 051/788 VUs  03m22.4s/12m0s  105.00 iters/s

running (03m23.4s), 054/788 VUs, 9429 complete and 0 interrupted iterations
openloop_spike   [  28% ] 054/788 VUs  03m23.4s/12m0s  105.00 iters/s

running (03m24.4s), 048/788 VUs, 9540 complete and 0 interrupted iterations
openloop_spike   [  28% ] 048/788 VUs  03m24.4s/12m0s  105.00 iters/s

running (03m25.4s), 047/788 VUs, 9646 complete and 0 interrupted iterations
openloop_spike   [  29% ] 047/788 VUs  03m25.4s/12m0s  105.00 iters/s

running (03m26.4s), 051/788 VUs, 9747 complete and 0 interrupted iterations
openloop_spike   [  29% ] 051/788 VUs  03m26.4s/12m0s  105.00 iters/s

running (03m27.4s), 052/788 VUs, 9851 complete and 0 interrupted iterations
openloop_spike   [  29% ] 052/788 VUs  03m27.4s/12m0s  105.00 iters/s

running (03m28.4s), 052/788 VUs, 9956 complete and 0 interrupted iterations
openloop_spike   [  29% ] 052/788 VUs  03m28.4s/12m0s  105.00 iters/s

running (03m29.4s), 051/788 VUs, 10062 complete and 0 interrupted iterations
openloop_spike   [  29% ] 051/788 VUs  03m29.4s/12m0s  105.00 iters/s

running (03m30.4s), 050/788 VUs, 10168 complete and 0 interrupted iterations
openloop_spike   [  29% ] 050/788 VUs  03m30.4s/12m0s  105.00 iters/s

running (03m31.4s), 052/788 VUs, 10271 complete and 0 interrupted iterations
openloop_spike   [  29% ] 052/788 VUs  03m31.4s/12m0s  105.00 iters/s

running (03m32.4s), 054/788 VUs, 10374 complete and 0 interrupted iterations
openloop_spike   [  30% ] 054/788 VUs  03m32.4s/12m0s  105.00 iters/s

running (03m33.4s), 048/788 VUs, 10485 complete and 0 interrupted iterations
openloop_spike   [  30% ] 048/788 VUs  03m33.4s/12m0s  105.00 iters/s

running (03m34.4s), 050/788 VUs, 10588 complete and 0 interrupted iterations
openloop_spike   [  30% ] 050/788 VUs  03m34.4s/12m0s  105.00 iters/s

running (03m35.4s), 052/788 VUs, 10691 complete and 0 interrupted iterations
openloop_spike   [  30% ] 052/788 VUs  03m35.4s/12m0s  105.00 iters/s

running (03m36.4s), 054/788 VUs, 10794 complete and 0 interrupted iterations
openloop_spike   [  30% ] 054/788 VUs  03m36.4s/12m0s  105.00 iters/s

running (03m37.4s), 051/788 VUs, 10902 complete and 0 interrupted iterations
openloop_spike   [  30% ] 051/788 VUs  03m37.4s/12m0s  105.00 iters/s

running (03m38.4s), 052/788 VUs, 11006 complete and 0 interrupted iterations
openloop_spike   [  30% ] 052/788 VUs  03m38.4s/12m0s  105.00 iters/s

running (03m39.4s), 052/788 VUs, 11111 complete and 0 interrupted iterations
openloop_spike   [  30% ] 052/788 VUs  03m39.4s/12m0s  105.00 iters/s

running (03m40.4s), 052/788 VUs, 11216 complete and 0 interrupted iterations
openloop_spike   [  31% ] 052/788 VUs  03m40.4s/12m0s  105.00 iters/s

running (03m41.4s), 054/788 VUs, 11319 complete and 0 interrupted iterations
openloop_spike   [  31% ] 054/788 VUs  03m41.4s/12m0s  105.00 iters/s

running (03m42.4s), 050/788 VUs, 11428 complete and 0 interrupted iterations
openloop_spike   [  31% ] 050/788 VUs  03m42.4s/12m0s  105.00 iters/s

running (03m43.4s), 051/788 VUs, 11532 complete and 0 interrupted iterations
openloop_spike   [  31% ] 051/788 VUs  03m43.4s/12m0s  105.00 iters/s

running (03m44.4s), 052/788 VUs, 11636 complete and 0 interrupted iterations
openloop_spike   [  31% ] 052/788 VUs  03m44.4s/12m0s  105.00 iters/s

running (03m45.4s), 052/788 VUs, 11741 complete and 0 interrupted iterations
openloop_spike   [  31% ] 052/788 VUs  03m45.4s/12m0s  105.00 iters/s

running (03m46.4s), 051/788 VUs, 11847 complete and 0 interrupted iterations
openloop_spike   [  31% ] 051/788 VUs  03m46.4s/12m0s  105.00 iters/s

running (03m47.4s), 051/788 VUs, 11952 complete and 0 interrupted iterations
openloop_spike   [  32% ] 051/788 VUs  03m47.4s/12m0s  105.00 iters/s

running (03m48.4s), 053/788 VUs, 12055 complete and 0 interrupted iterations
openloop_spike   [  32% ] 053/788 VUs  03m48.4s/12m0s  105.00 iters/s

running (03m49.4s), 053/788 VUs, 12160 complete and 0 interrupted iterations
openloop_spike   [  32% ] 053/788 VUs  03m49.4s/12m0s  105.00 iters/s

running (03m50.4s), 049/788 VUs, 12269 complete and 0 interrupted iterations
openloop_spike   [  32% ] 049/788 VUs  03m50.4s/12m0s  105.00 iters/s

running (03m51.4s), 052/788 VUs, 12371 complete and 0 interrupted iterations
openloop_spike   [  32% ] 052/788 VUs  03m51.4s/12m0s  105.00 iters/s

running (03m52.4s), 052/788 VUs, 12476 complete and 0 interrupted iterations
openloop_spike   [  32% ] 052/788 VUs  03m52.4s/12m0s  105.00 iters/s

running (03m53.4s), 052/788 VUs, 12581 complete and 0 interrupted iterations
openloop_spike   [  32% ] 052/788 VUs  03m53.4s/12m0s  105.00 iters/s

running (03m54.4s), 047/788 VUs, 12691 complete and 0 interrupted iterations
openloop_spike   [  33% ] 047/788 VUs  03m54.4s/12m0s  105.00 iters/s

running (03m55.4s), 052/788 VUs, 12791 complete and 0 interrupted iterations
openloop_spike   [  33% ] 052/788 VUs  03m55.4s/12m0s  105.00 iters/s

running (03m56.4s), 050/788 VUs, 12898 complete and 0 interrupted iterations
openloop_spike   [  33% ] 050/788 VUs  03m56.4s/12m0s  105.00 iters/s

running (03m57.4s), 053/788 VUs, 13000 complete and 0 interrupted iterations
openloop_spike   [  33% ] 053/788 VUs  03m57.4s/12m0s  105.00 iters/s

running (03m58.4s), 050/788 VUs, 13108 complete and 0 interrupted iterations
openloop_spike   [  33% ] 050/788 VUs  03m58.4s/12m0s  105.00 iters/s

running (03m59.4s), 048/788 VUs, 13215 complete and 0 interrupted iterations
openloop_spike   [  33% ] 048/788 VUs  03m59.4s/12m0s  105.00 iters/s

running (04m00.4s), 052/788 VUs, 13316 complete and 0 interrupted iterations
openloop_spike   [  33% ] 052/788 VUs  04m00.4s/12m0s  105.00 iters/s

running (04m01.4s), 054/788 VUs, 13419 complete and 0 interrupted iterations
openloop_spike   [  34% ] 054/788 VUs  04m01.4s/12m0s  105.00 iters/s

running (04m02.4s), 052/788 VUs, 13526 complete and 0 interrupted iterations
openloop_spike   [  34% ] 052/788 VUs  04m02.4s/12m0s  105.00 iters/s

running (04m03.4s), 055/788 VUs, 13628 complete and 0 interrupted iterations
openloop_spike   [  34% ] 055/788 VUs  04m03.4s/12m0s  105.00 iters/s

running (04m04.4s), 048/788 VUs, 13740 complete and 0 interrupted iterations
openloop_spike   [  34% ] 048/788 VUs  04m04.4s/12m0s  105.00 iters/s

running (04m05.4s), 050/788 VUs, 13843 complete and 0 interrupted iterations
openloop_spike   [  34% ] 050/788 VUs  04m05.4s/12m0s  105.00 iters/s

running (04m06.4s), 051/788 VUs, 13947 complete and 0 interrupted iterations
openloop_spike   [  34% ] 051/788 VUs  04m06.4s/12m0s  105.00 iters/s

running (04m07.4s), 051/788 VUs, 14052 complete and 0 interrupted iterations
openloop_spike   [  34% ] 051/788 VUs  04m07.4s/12m0s  105.00 iters/s

running (04m08.4s), 051/788 VUs, 14157 complete and 0 interrupted iterations
openloop_spike   [  35% ] 051/788 VUs  04m08.4s/12m0s  105.00 iters/s

running (04m09.4s), 051/788 VUs, 14262 complete and 0 interrupted iterations
openloop_spike   [  35% ] 051/788 VUs  04m09.4s/12m0s  105.00 iters/s

running (04m10.4s), 051/788 VUs, 14367 complete and 0 interrupted iterations
openloop_spike   [  35% ] 051/788 VUs  04m10.4s/12m0s  105.00 iters/s

running (04m11.4s), 047/788 VUs, 14476 complete and 0 interrupted iterations
openloop_spike   [  35% ] 047/788 VUs  04m11.4s/12m0s  105.00 iters/s

running (04m12.4s), 049/788 VUs, 14579 complete and 0 interrupted iterations
openloop_spike   [  35% ] 049/788 VUs  04m12.4s/12m0s  105.00 iters/s

running (04m13.4s), 051/788 VUs, 14682 complete and 0 interrupted iterations
openloop_spike   [  35% ] 051/788 VUs  04m13.4s/12m0s  105.00 iters/s

running (04m14.4s), 049/788 VUs, 14789 complete and 0 interrupted iterations
openloop_spike   [  35% ] 049/788 VUs  04m14.4s/12m0s  105.00 iters/s

running (04m15.4s), 054/788 VUs, 14889 complete and 0 interrupted iterations
openloop_spike   [  35% ] 054/788 VUs  04m15.4s/12m0s  105.00 iters/s

running (04m16.4s), 053/788 VUs, 14995 complete and 0 interrupted iterations
openloop_spike   [  36% ] 053/788 VUs  04m16.4s/12m0s  105.00 iters/s

running (04m17.4s), 052/788 VUs, 15101 complete and 0 interrupted iterations
openloop_spike   [  36% ] 052/788 VUs  04m17.4s/12m0s  105.00 iters/s

running (04m18.4s), 051/788 VUs, 15207 complete and 0 interrupted iterations
openloop_spike   [  36% ] 051/788 VUs  04m18.4s/12m0s  105.00 iters/s
time="2026-10-06T20:09:53Z" level=warning msg="Request Failed" error="Post \"http://shipping-rate-service.ecommerce.svc.cluster.local:8006/shipping/quotes\": request timeout"

running (04m19.4s), 048/788 VUs, 15315 complete and 0 interrupted iterations
openloop_spike   [  36% ] 048/788 VUs  04m19.4s/12m0s  105.00 iters/s

running (04m20.4s), 052/788 VUs, 15416 complete and 0 interrupted iterations
openloop_spike   [  36% ] 052/788 VUs  04m20.4s/12m0s  105.00 iters/s

running (04m21.4s), 054/788 VUs, 15519 complete and 0 interrupted iterations
openloop_spike   [  36% ] 054/788 VUs  04m21.4s/12m0s  105.00 iters/s

running (04m22.4s), 053/788 VUs, 15625 complete and 0 interrupted iterations
openloop_spike   [  36% ] 053/788 VUs  04m22.4s/12m0s  105.00 iters/s

running (04m23.4s), 049/788 VUs, 15734 complete and 0 interrupted iterations
openloop_spike   [  37% ] 049/788 VUs  04m23.4s/12m0s  105.00 iters/s

running (04m24.4s), 052/788 VUs, 15836 complete and 0 interrupted iterations
openloop_spike   [  37% ] 052/788 VUs  04m24.4s/12m0s  105.00 iters/s

running (04m25.4s), 049/788 VUs, 15944 complete and 0 interrupted iterations
openloop_spike   [  37% ] 049/788 VUs  04m25.4s/12m0s  105.00 iters/s

running (04m26.4s), 053/788 VUs, 16045 complete and 0 interrupted iterations
openloop_spike   [  37% ] 053/788 VUs  04m26.4s/12m0s  105.00 iters/s

running (04m27.4s), 048/788 VUs, 16155 complete and 0 interrupted iterations
openloop_spike   [  37% ] 048/788 VUs  04m27.4s/12m0s  105.00 iters/s

running (04m28.4s), 053/788 VUs, 16255 complete and 0 interrupted iterations
openloop_spike   [  37% ] 053/788 VUs  04m28.4s/12m0s  105.00 iters/s

running (04m29.4s), 050/788 VUs, 16363 complete and 0 interrupted iterations
openloop_spike   [  37% ] 050/788 VUs  04m29.4s/12m0s  105.00 iters/s

running (04m30.4s), 053/788 VUs, 16465 complete and 0 interrupted iterations
openloop_spike   [  38% ] 053/788 VUs  04m30.4s/12m0s  105.00 iters/s

running (04m31.4s), 047/788 VUs, 16576 complete and 0 interrupted iterations
openloop_spike   [  38% ] 047/788 VUs  04m31.4s/12m0s  105.00 iters/s

running (04m32.4s), 049/788 VUs, 16679 complete and 0 interrupted iterations
openloop_spike   [  38% ] 049/788 VUs  04m32.4s/12m0s  105.00 iters/s

running (04m33.4s), 054/788 VUs, 16779 complete and 0 interrupted iterations
openloop_spike   [  38% ] 054/788 VUs  04m33.4s/12m0s  105.00 iters/s

running (04m34.4s), 049/788 VUs, 16889 complete and 0 interrupted iterations
openloop_spike   [  38% ] 049/788 VUs  04m34.4s/12m0s  105.00 iters/s

running (04m35.4s), 052/788 VUs, 16991 complete and 0 interrupted iterations
openloop_spike   [  38% ] 052/788 VUs  04m35.4s/12m0s  105.00 iters/s

running (04m36.4s), 053/788 VUs, 17095 complete and 0 interrupted iterations
openloop_spike   [  38% ] 053/788 VUs  04m36.4s/12m0s  105.00 iters/s

running (04m37.4s), 054/788 VUs, 17199 complete and 0 interrupted iterations
openloop_spike   [  39% ] 054/788 VUs  04m37.4s/12m0s  105.00 iters/s

running (04m38.4s), 054/788 VUs, 17304 complete and 0 interrupted iterations
openloop_spike   [  39% ] 054/788 VUs  04m38.4s/12m0s  105.00 iters/s

running (04m39.4s), 050/788 VUs, 17413 complete and 0 interrupted iterations
openloop_spike   [  39% ] 050/788 VUs  04m39.4s/12m0s  105.00 iters/s

running (04m40.4s), 053/788 VUs, 17515 complete and 0 interrupted iterations
openloop_spike   [  39% ] 053/788 VUs  04m40.4s/12m0s  105.00 iters/s

running (04m41.4s), 055/788 VUs, 17618 complete and 0 interrupted iterations
openloop_spike   [  39% ] 055/788 VUs  04m41.4s/12m0s  105.00 iters/s

running (04m42.4s), 049/788 VUs, 17729 complete and 0 interrupted iterations
openloop_spike   [  39% ] 049/788 VUs  04m42.4s/12m0s  105.00 iters/s

running (04m43.4s), 052/788 VUs, 17831 complete and 0 interrupted iterations
openloop_spike   [  39% ] 052/788 VUs  04m43.4s/12m0s  105.00 iters/s

running (04m44.4s), 052/788 VUs, 17936 complete and 0 interrupted iterations
openloop_spike   [  40% ] 052/788 VUs  04m44.4s/12m0s  105.00 iters/s

running (04m45.4s), 048/788 VUs, 18045 complete and 0 interrupted iterations
openloop_spike   [  40% ] 048/788 VUs  04m45.4s/12m0s  105.00 iters/s

running (04m46.4s), 048/788 VUs, 18150 complete and 0 interrupted iterations
openloop_spike   [  40% ] 048/788 VUs  04m46.4s/12m0s  105.00 iters/s

running (04m47.4s), 049/788 VUs, 18254 complete and 0 interrupted iterations
openloop_spike   [  40% ] 049/788 VUs  04m47.4s/12m0s  105.00 iters/s

running (04m48.4s), 051/788 VUs, 18357 complete and 0 interrupted iterations
openloop_spike   [  40% ] 051/788 VUs  04m48.4s/12m0s  105.00 iters/s

running (04m49.4s), 057/788 VUs, 18456 complete and 0 interrupted iterations
openloop_spike   [  40% ] 057/788 VUs  04m49.4s/12m0s  105.00 iters/s

running (04m50.4s), 052/788 VUs, 18566 complete and 0 interrupted iterations
openloop_spike   [  40% ] 052/788 VUs  04m50.4s/12m0s  105.00 iters/s

running (04m51.4s), 048/788 VUs, 18675 complete and 0 interrupted iterations
openloop_spike   [  40% ] 048/788 VUs  04m51.4s/12m0s  105.00 iters/s

running (04m52.4s), 053/788 VUs, 18775 complete and 0 interrupted iterations
openloop_spike   [  41% ] 053/788 VUs  04m52.4s/12m0s  105.00 iters/s

running (04m53.4s), 050/788 VUs, 18883 complete and 0 interrupted iterations
openloop_spike   [  41% ] 050/788 VUs  04m53.4s/12m0s  105.00 iters/s

running (04m54.4s), 046/788 VUs, 18992 complete and 0 interrupted iterations
openloop_spike   [  41% ] 046/788 VUs  04m54.4s/12m0s  105.00 iters/s

running (04m55.4s), 048/788 VUs, 19095 complete and 0 interrupted iterations
openloop_spike   [  41% ] 048/788 VUs  04m55.4s/12m0s  105.00 iters/s

running (04m56.4s), 055/788 VUs, 19193 complete and 0 interrupted iterations
openloop_spike   [  41% ] 055/788 VUs  04m56.4s/12m0s  105.00 iters/s

running (04m57.4s), 054/788 VUs, 19299 complete and 0 interrupted iterations
openloop_spike   [  41% ] 054/788 VUs  04m57.4s/12m0s  105.00 iters/s

running (04m58.4s), 053/788 VUs, 19405 complete and 0 interrupted iterations
openloop_spike   [  41% ] 053/788 VUs  04m58.4s/12m0s  105.00 iters/s

running (04m59.4s), 052/788 VUs, 19511 complete and 0 interrupted iterations
openloop_spike   [  42% ] 052/788 VUs  04m59.4s/12m0s  105.00 iters/s

running (05m00.4s), 047/788 VUs, 19621 complete and 0 interrupted iterations
openloop_spike   [  42% ] 047/788 VUs  05m00.4s/12m0s  105.00 iters/s

running (05m01.4s), 050/788 VUs, 19723 complete and 0 interrupted iterations
openloop_spike   [  42% ] 050/788 VUs  05m01.4s/12m0s  105.00 iters/s

running (05m02.4s), 051/788 VUs, 19827 complete and 0 interrupted iterations
openloop_spike   [  42% ] 051/788 VUs  05m02.4s/12m0s  105.00 iters/s

running (05m03.4s), 051/788 VUs, 19932 complete and 0 interrupted iterations
openloop_spike   [  42% ] 051/788 VUs  05m03.4s/12m0s  105.00 iters/s

running (05m04.4s), 051/788 VUs, 20037 complete and 0 interrupted iterations
openloop_spike   [  42% ] 051/788 VUs  05m04.4s/12m0s  105.00 iters/s

running (05m05.4s), 053/788 VUs, 20140 complete and 0 interrupted iterations
openloop_spike   [  42% ] 053/788 VUs  05m05.4s/12m0s  105.00 iters/s

running (05m06.4s), 052/788 VUs, 20246 complete and 0 interrupted iterations
openloop_spike   [  43% ] 052/788 VUs  05m06.4s/12m0s  105.00 iters/s

running (05m07.4s), 051/788 VUs, 20352 complete and 0 interrupted iterations
openloop_spike   [  43% ] 051/788 VUs  05m07.4s/12m0s  105.00 iters/s

running (05m08.4s), 052/788 VUs, 20456 complete and 0 interrupted iterations
openloop_spike   [  43% ] 052/788 VUs  05m08.4s/12m0s  105.00 iters/s

running (05m09.4s), 050/788 VUs, 20563 complete and 0 interrupted iterations
openloop_spike   [  43% ] 050/788 VUs  05m09.4s/12m0s  105.00 iters/s

running (05m10.4s), 047/788 VUs, 20671 complete and 0 interrupted iterations
openloop_spike   [  43% ] 047/788 VUs  05m10.4s/12m0s  105.00 iters/s

running (05m11.4s), 055/788 VUs, 20768 complete and 0 interrupted iterations
openloop_spike   [  43% ] 055/788 VUs  05m11.4s/12m0s  105.00 iters/s

running (05m12.4s), 052/788 VUs, 20876 complete and 0 interrupted iterations
openloop_spike   [  43% ] 052/788 VUs  05m12.4s/12m0s  105.00 iters/s

running (05m13.4s), 050/788 VUs, 20983 complete and 0 interrupted iterations
openloop_spike   [  44% ] 050/788 VUs  05m13.4s/12m0s  105.00 iters/s

running (05m14.4s), 054/788 VUs, 21084 complete and 0 interrupted iterations
openloop_spike   [  44% ] 054/788 VUs  05m14.4s/12m0s  105.00 iters/s

running (05m15.4s), 054/788 VUs, 21189 complete and 0 interrupted iterations
openloop_spike   [  44% ] 054/788 VUs  05m15.4s/12m0s  105.00 iters/s

running (05m16.4s), 053/788 VUs, 21295 complete and 0 interrupted iterations
openloop_spike   [  44% ] 053/788 VUs  05m16.4s/12m0s  105.00 iters/s

running (05m17.4s), 048/788 VUs, 21405 complete and 0 interrupted iterations
openloop_spike   [  44% ] 048/788 VUs  05m17.4s/12m0s  105.00 iters/s

running (05m18.4s), 051/788 VUs, 21507 complete and 0 interrupted iterations
openloop_spike   [  44% ] 051/788 VUs  05m18.4s/12m0s  105.00 iters/s

running (05m19.4s), 050/788 VUs, 21613 complete and 0 interrupted iterations
openloop_spike   [  44% ] 050/788 VUs  05m19.4s/12m0s  105.00 iters/s

running (05m20.4s), 052/788 VUs, 21716 complete and 0 interrupted iterations
openloop_spike   [  45% ] 052/788 VUs  05m20.4s/12m0s  105.00 iters/s

running (05m21.4s), 052/788 VUs, 21821 complete and 0 interrupted iterations
openloop_spike   [  45% ] 052/788 VUs  05m21.4s/12m0s  105.00 iters/s

running (05m22.4s), 052/788 VUs, 21926 complete and 0 interrupted iterations
openloop_spike   [  45% ] 052/788 VUs  05m22.4s/12m0s  105.00 iters/s

running (05m23.4s), 054/788 VUs, 22029 complete and 0 interrupted iterations
openloop_spike   [  45% ] 054/788 VUs  05m23.4s/12m0s  105.00 iters/s

running (05m24.4s), 054/788 VUs, 22134 complete and 0 interrupted iterations
openloop_spike   [  45% ] 054/788 VUs  05m24.4s/12m0s  105.00 iters/s

running (05m25.4s), 053/788 VUs, 22240 complete and 0 interrupted iterations
openloop_spike   [  45% ] 053/788 VUs  05m25.4s/12m0s  105.00 iters/s

running (05m26.4s), 053/788 VUs, 22345 complete and 0 interrupted iterations
openloop_spike   [  45% ] 053/788 VUs  05m26.4s/12m0s  105.00 iters/s

running (05m27.4s), 051/788 VUs, 22452 complete and 0 interrupted iterations
openloop_spike   [  45% ] 051/788 VUs  05m27.4s/12m0s  105.00 iters/s

running (05m28.4s), 052/788 VUs, 22556 complete and 0 interrupted iterations
openloop_spike   [  46% ] 052/788 VUs  05m28.4s/12m0s  105.00 iters/s

running (05m29.4s), 055/788 VUs, 22658 complete and 0 interrupted iterations
openloop_spike   [  46% ] 055/788 VUs  05m29.4s/12m0s  105.00 iters/s

running (05m30.4s), 050/788 VUs, 22768 complete and 0 interrupted iterations
openloop_spike   [  46% ] 050/788 VUs  05m30.4s/12m0s  105.00 iters/s

running (05m31.4s), 051/788 VUs, 22872 complete and 0 interrupted iterations
openloop_spike   [  46% ] 051/788 VUs  05m31.4s/12m0s  105.00 iters/s

running (05m32.4s), 051/788 VUs, 22977 complete and 0 interrupted iterations
openloop_spike   [  46% ] 051/788 VUs  05m32.4s/12m0s  105.00 iters/s

running (05m33.4s), 050/788 VUs, 23083 complete and 0 interrupted iterations
openloop_spike   [  46% ] 050/788 VUs  05m33.4s/12m0s  105.00 iters/s

running (05m34.4s), 051/788 VUs, 23187 complete and 0 interrupted iterations
openloop_spike   [  46% ] 051/788 VUs  05m34.4s/12m0s  105.00 iters/s

running (05m35.4s), 048/788 VUs, 23295 complete and 0 interrupted iterations
openloop_spike   [  47% ] 048/788 VUs  05m35.4s/12m0s  105.00 iters/s

running (05m36.4s), 054/788 VUs, 23394 complete and 0 interrupted iterations
openloop_spike   [  47% ] 054/788 VUs  05m36.4s/12m0s  105.00 iters/s

running (05m37.4s), 052/788 VUs, 23501 complete and 0 interrupted iterations
openloop_spike   [  47% ] 052/788 VUs  05m37.4s/12m0s  105.00 iters/s

running (05m38.4s), 053/788 VUs, 23605 complete and 0 interrupted iterations
openloop_spike   [  47% ] 053/788 VUs  05m38.4s/12m0s  105.00 iters/s

running (05m39.4s), 049/788 VUs, 23714 complete and 0 interrupted iterations
openloop_spike   [  47% ] 049/788 VUs  05m39.4s/12m0s  105.00 iters/s

running (05m40.4s), 058/788 VUs, 23810 complete and 0 interrupted iterations
openloop_spike   [  47% ] 058/788 VUs  05m40.4s/12m0s  105.00 iters/s

running (05m41.4s), 050/788 VUs, 23923 complete and 0 interrupted iterations
openloop_spike   [  47% ] 050/788 VUs  05m41.4s/12m0s  105.00 iters/s

running (05m42.4s), 051/788 VUs, 24027 complete and 0 interrupted iterations
openloop_spike   [  48% ] 051/788 VUs  05m42.4s/12m0s  105.00 iters/s

running (05m43.4s), 049/788 VUs, 24134 complete and 0 interrupted iterations
openloop_spike   [  48% ] 049/788 VUs  05m43.4s/12m0s  105.00 iters/s

running (05m44.4s), 054/788 VUs, 24234 complete and 0 interrupted iterations
openloop_spike   [  48% ] 054/788 VUs  05m44.4s/12m0s  105.00 iters/s

running (05m45.4s), 055/788 VUs, 24338 complete and 0 interrupted iterations
openloop_spike   [  48% ] 055/788 VUs  05m45.4s/12m0s  105.00 iters/s

running (05m46.4s), 053/788 VUs, 24445 complete and 0 interrupted iterations
openloop_spike   [  48% ] 053/788 VUs  05m46.4s/12m0s  105.00 iters/s

running (05m47.4s), 052/788 VUs, 24551 complete and 0 interrupted iterations
openloop_spike   [  48% ] 052/788 VUs  05m47.4s/12m0s  105.00 iters/s

running (05m48.4s), 049/788 VUs, 24659 complete and 0 interrupted iterations
openloop_spike   [  48% ] 049/788 VUs  05m48.4s/12m0s  105.00 iters/s

running (05m49.4s), 047/788 VUs, 24766 complete and 0 interrupted iterations
openloop_spike   [  49% ] 047/788 VUs  05m49.4s/12m0s  105.00 iters/s

running (05m50.4s), 055/788 VUs, 24863 complete and 0 interrupted iterations
openloop_spike   [  49% ] 055/788 VUs  05m50.4s/12m0s  105.00 iters/s

running (05m51.4s), 051/788 VUs, 24972 complete and 0 interrupted iterations
openloop_spike   [  49% ] 051/788 VUs  05m51.4s/12m0s  105.00 iters/s

running (05m52.4s), 048/788 VUs, 25080 complete and 0 interrupted iterations
openloop_spike   [  49% ] 048/788 VUs  05m52.4s/12m0s  105.00 iters/s

running (05m53.4s), 057/788 VUs, 25176 complete and 0 interrupted iterations
openloop_spike   [  49% ] 057/788 VUs  05m53.4s/12m0s  105.00 iters/s

running (05m54.4s), 052/788 VUs, 25286 complete and 0 interrupted iterations
openloop_spike   [  49% ] 052/788 VUs  05m54.4s/12m0s  105.00 iters/s

running (05m55.4s), 048/788 VUs, 25395 complete and 0 interrupted iterations
openloop_spike   [  49% ] 048/788 VUs  05m55.4s/12m0s  105.00 iters/s

running (05m56.4s), 053/788 VUs, 25495 complete and 0 interrupted iterations
openloop_spike   [  50% ] 053/788 VUs  05m56.4s/12m0s  105.00 iters/s

running (05m57.4s), 053/788 VUs, 25600 complete and 0 interrupted iterations
openloop_spike   [  50% ] 053/788 VUs  05m57.4s/12m0s  105.00 iters/s

running (05m58.4s), 051/788 VUs, 25707 complete and 0 interrupted iterations
openloop_spike   [  50% ] 051/788 VUs  05m58.4s/12m0s  105.00 iters/s

running (05m59.4s), 061/788 VUs, 25802 complete and 0 interrupted iterations
openloop_spike   [  50% ] 061/788 VUs  05m59.4s/12m0s  105.00 iters/s

running (06m00.4s), 053/788 VUs, 25915 complete and 0 interrupted iterations
openloop_spike   [  50% ] 053/788 VUs  06m00.4s/12m0s  105.00 iters/s

running (06m01.4s), 055/788 VUs, 26018 complete and 0 interrupted iterations
openloop_spike   [  50% ] 055/788 VUs  06m01.4s/12m0s  105.00 iters/s

running (06m02.4s), 050/788 VUs, 26128 complete and 0 interrupted iterations
openloop_spike   [  50% ] 050/788 VUs  06m02.4s/12m0s  105.00 iters/s

running (06m03.4s), 050/788 VUs, 26233 complete and 0 interrupted iterations
openloop_spike   [  50% ] 050/788 VUs  06m03.4s/12m0s  105.00 iters/s

running (06m04.4s), 054/788 VUs, 26334 complete and 0 interrupted iterations
openloop_spike   [  51% ] 054/788 VUs  06m04.4s/12m0s  105.00 iters/s

running (06m05.4s), 052/788 VUs, 26441 complete and 0 interrupted iterations
openloop_spike   [  51% ] 052/788 VUs  06m05.4s/12m0s  105.00 iters/s

running (06m06.4s), 052/788 VUs, 26546 complete and 0 interrupted iterations
openloop_spike   [  51% ] 052/788 VUs  06m06.4s/12m0s  105.00 iters/s

running (06m07.4s), 051/788 VUs, 26652 complete and 0 interrupted iterations
openloop_spike   [  51% ] 051/788 VUs  06m07.4s/12m0s  105.00 iters/s

running (06m08.4s), 051/788 VUs, 26757 complete and 0 interrupted iterations
openloop_spike   [  51% ] 051/788 VUs  06m08.4s/12m0s  105.00 iters/s

running (06m09.4s), 047/788 VUs, 26866 complete and 0 interrupted iterations
openloop_spike   [  51% ] 047/788 VUs  06m09.4s/12m0s  105.00 iters/s

running (06m10.4s), 051/788 VUs, 26967 complete and 0 interrupted iterations
openloop_spike   [  51% ] 051/788 VUs  06m10.4s/12m0s  105.00 iters/s

running (06m11.4s), 050/788 VUs, 27073 complete and 0 interrupted iterations
openloop_spike   [  52% ] 050/788 VUs  06m11.4s/12m0s  105.00 iters/s

running (06m12.4s), 054/788 VUs, 27174 complete and 0 interrupted iterations
openloop_spike   [  52% ] 054/788 VUs  06m12.4s/12m0s  105.00 iters/s

running (06m13.4s), 045/788 VUs, 27288 complete and 0 interrupted iterations
openloop_spike   [  52% ] 045/788 VUs  06m13.4s/12m0s  105.00 iters/s

running (06m14.4s), 054/788 VUs, 27384 complete and 0 interrupted iterations
openloop_spike   [  52% ] 054/788 VUs  06m14.4s/12m0s  105.00 iters/s

running (06m15.4s), 048/788 VUs, 27495 complete and 0 interrupted iterations
openloop_spike   [  52% ] 048/788 VUs  06m15.4s/12m0s  105.00 iters/s

running (06m16.4s), 052/788 VUs, 27596 complete and 0 interrupted iterations
openloop_spike   [  52% ] 052/788 VUs  06m16.4s/12m0s  105.00 iters/s

running (06m17.4s), 053/788 VUs, 27700 complete and 0 interrupted iterations
openloop_spike   [  52% ] 053/788 VUs  06m17.4s/12m0s  105.00 iters/s

running (06m18.4s), 050/788 VUs, 27808 complete and 0 interrupted iterations
openloop_spike   [  53% ] 050/788 VUs  06m18.4s/12m0s  105.00 iters/s

running (06m19.4s), 048/788 VUs, 27915 complete and 0 interrupted iterations
openloop_spike   [  53% ] 048/788 VUs  06m19.4s/12m0s  105.00 iters/s

running (06m20.4s), 049/788 VUs, 28019 complete and 0 interrupted iterations
openloop_spike   [  53% ] 049/788 VUs  06m20.4s/12m0s  105.00 iters/s

running (06m21.4s), 052/788 VUs, 28121 complete and 0 interrupted iterations
openloop_spike   [  53% ] 052/788 VUs  06m21.4s/12m0s  105.00 iters/s

running (06m22.4s), 049/788 VUs, 28229 complete and 0 interrupted iterations
openloop_spike   [  53% ] 049/788 VUs  06m22.4s/12m0s  105.00 iters/s

running (06m23.4s), 054/788 VUs, 28329 complete and 0 interrupted iterations
openloop_spike   [  53% ] 054/788 VUs  06m23.4s/12m0s  105.00 iters/s

running (06m24.4s), 053/788 VUs, 28435 complete and 0 interrupted iterations
openloop_spike   [  53% ] 053/788 VUs  06m24.4s/12m0s  105.00 iters/s

running (06m25.4s), 049/788 VUs, 28544 complete and 0 interrupted iterations
openloop_spike   [  54% ] 049/788 VUs  06m25.4s/12m0s  105.00 iters/s

running (06m26.4s), 046/788 VUs, 28652 complete and 0 interrupted iterations
openloop_spike   [  54% ] 046/788 VUs  06m26.4s/12m0s  105.00 iters/s

running (06m27.4s), 052/788 VUs, 28751 complete and 0 interrupted iterations
openloop_spike   [  54% ] 052/788 VUs  06m27.4s/12m0s  105.00 iters/s

running (06m28.4s), 054/788 VUs, 28854 complete and 0 interrupted iterations
openloop_spike   [  54% ] 054/788 VUs  06m28.4s/12m0s  105.00 iters/s

running (06m29.4s), 052/788 VUs, 28961 complete and 0 interrupted iterations
openloop_spike   [  54% ] 052/788 VUs  06m29.4s/12m0s  105.00 iters/s

running (06m30.4s), 048/788 VUs, 29070 complete and 0 interrupted iterations
openloop_spike   [  54% ] 048/788 VUs  06m30.4s/12m0s  105.00 iters/s

running (06m31.4s), 051/788 VUs, 29172 complete and 0 interrupted iterations
openloop_spike   [  54% ] 051/788 VUs  06m31.4s/12m0s  105.00 iters/s

running (06m32.4s), 055/788 VUs, 29273 complete and 0 interrupted iterations
openloop_spike   [  55% ] 055/788 VUs  06m32.4s/12m0s  105.00 iters/s

running (06m33.4s), 052/788 VUs, 29381 complete and 0 interrupted iterations
openloop_spike   [  55% ] 052/788 VUs  06m33.4s/12m0s  105.00 iters/s

running (06m34.4s), 054/788 VUs, 29484 complete and 0 interrupted iterations
openloop_spike   [  55% ] 054/788 VUs  06m34.4s/12m0s  105.00 iters/s

running (06m35.4s), 048/788 VUs, 29595 complete and 0 interrupted iterations
openloop_spike   [  55% ] 048/788 VUs  06m35.4s/12m0s  105.00 iters/s

running (06m36.4s), 053/788 VUs, 29695 complete and 0 interrupted iterations
openloop_spike   [  55% ] 053/788 VUs  06m36.4s/12m0s  105.00 iters/s

running (06m37.4s), 053/788 VUs, 29800 complete and 0 interrupted iterations
openloop_spike   [  55% ] 053/788 VUs  06m37.4s/12m0s  105.00 iters/s

running (06m38.4s), 048/788 VUs, 29910 complete and 0 interrupted iterations
openloop_spike   [  55% ] 048/788 VUs  06m38.4s/12m0s  105.00 iters/s

running (06m39.4s), 049/788 VUs, 30014 complete and 0 interrupted iterations
openloop_spike   [  55% ] 049/788 VUs  06m39.4s/12m0s  105.00 iters/s

running (06m40.4s), 051/788 VUs, 30117 complete and 0 interrupted iterations
openloop_spike   [  56% ] 051/788 VUs  06m40.4s/12m0s  105.00 iters/s

running (06m41.4s), 047/788 VUs, 30226 complete and 0 interrupted iterations
openloop_spike   [  56% ] 047/788 VUs  06m41.4s/12m0s  105.00 iters/s

running (06m42.4s), 049/788 VUs, 30329 complete and 0 interrupted iterations
openloop_spike   [  56% ] 049/788 VUs  06m42.4s/12m0s  105.00 iters/s

running (06m43.4s), 051/788 VUs, 30432 complete and 0 interrupted iterations
openloop_spike   [  56% ] 051/788 VUs  06m43.4s/12m0s  105.00 iters/s

running (06m44.4s), 046/788 VUs, 30542 complete and 0 interrupted iterations
openloop_spike   [  56% ] 046/788 VUs  06m44.4s/12m0s  105.00 iters/s

running (06m45.4s), 050/788 VUs, 30643 complete and 0 interrupted iterations
openloop_spike   [  56% ] 050/788 VUs  06m45.4s/12m0s  105.00 iters/s

running (06m46.4s), 053/788 VUs, 30745 complete and 0 interrupted iterations
openloop_spike   [  56% ] 053/788 VUs  06m46.4s/12m0s  105.00 iters/s

running (06m47.4s), 052/788 VUs, 30851 complete and 0 interrupted iterations
openloop_spike   [  57% ] 052/788 VUs  06m47.4s/12m0s  105.00 iters/s

running (06m48.4s), 052/788 VUs, 30956 complete and 0 interrupted iterations
openloop_spike   [  57% ] 052/788 VUs  06m48.4s/12m0s  105.00 iters/s

running (06m49.4s), 054/788 VUs, 31059 complete and 0 interrupted iterations
openloop_spike   [  57% ] 054/788 VUs  06m49.4s/12m0s  105.00 iters/s

running (06m50.4s), 053/788 VUs, 31165 complete and 0 interrupted iterations
openloop_spike   [  57% ] 053/788 VUs  06m50.4s/12m0s  105.00 iters/s

running (06m51.4s), 051/788 VUs, 31272 complete and 0 interrupted iterations
openloop_spike   [  57% ] 051/788 VUs  06m51.4s/12m0s  105.00 iters/s

running (06m52.4s), 053/788 VUs, 31375 complete and 0 interrupted iterations
openloop_spike   [  57% ] 053/788 VUs  06m52.4s/12m0s  105.00 iters/s

running (06m53.4s), 048/788 VUs, 31485 complete and 0 interrupted iterations
openloop_spike   [  57% ] 048/788 VUs  06m53.4s/12m0s  105.00 iters/s

running (06m54.4s), 056/788 VUs, 31582 complete and 0 interrupted iterations
openloop_spike   [  58% ] 056/788 VUs  06m54.4s/12m0s  105.00 iters/s

running (06m55.4s), 050/788 VUs, 31693 complete and 0 interrupted iterations
openloop_spike   [  58% ] 050/788 VUs  06m55.4s/12m0s  105.00 iters/s

running (06m56.4s), 053/788 VUs, 31795 complete and 0 interrupted iterations
openloop_spike   [  58% ] 053/788 VUs  06m56.4s/12m0s  105.00 iters/s

running (06m57.4s), 049/788 VUs, 31904 complete and 0 interrupted iterations
openloop_spike   [  58% ] 049/788 VUs  06m57.4s/12m0s  105.00 iters/s

running (06m58.4s), 052/788 VUs, 32006 complete and 0 interrupted iterations
openloop_spike   [  58% ] 052/788 VUs  06m58.4s/12m0s  105.00 iters/s

running (06m59.4s), 050/788 VUs, 32113 complete and 0 interrupted iterations
openloop_spike   [  58% ] 050/788 VUs  06m59.4s/12m0s  105.00 iters/s

running (07m00.4s), 053/788 VUs, 32215 complete and 0 interrupted iterations
openloop_spike   [  58% ] 053/788 VUs  07m00.4s/12m0s  105.00 iters/s

running (07m01.4s), 053/788 VUs, 32320 complete and 0 interrupted iterations
openloop_spike   [  59% ] 053/788 VUs  07m01.4s/12m0s  105.00 iters/s

running (07m02.4s), 051/788 VUs, 32427 complete and 0 interrupted iterations
openloop_spike   [  59% ] 051/788 VUs  07m02.4s/12m0s  105.00 iters/s

running (07m03.4s), 050/788 VUs, 32533 complete and 0 interrupted iterations
openloop_spike   [  59% ] 050/788 VUs  07m03.4s/12m0s  105.00 iters/s

running (07m04.4s), 050/788 VUs, 32638 complete and 0 interrupted iterations
openloop_spike   [  59% ] 050/788 VUs  07m04.4s/12m0s  105.00 iters/s

running (07m05.4s), 052/788 VUs, 32741 complete and 0 interrupted iterations
openloop_spike   [  59% ] 052/788 VUs  07m05.4s/12m0s  105.00 iters/s

running (07m06.4s), 052/788 VUs, 32846 complete and 0 interrupted iterations
openloop_spike   [  59% ] 052/788 VUs  07m06.4s/12m0s  105.00 iters/s

running (07m07.4s), 053/788 VUs, 32950 complete and 0 interrupted iterations
openloop_spike   [  59% ] 053/788 VUs  07m07.4s/12m0s  105.00 iters/s

running (07m08.4s), 052/788 VUs, 33056 complete and 0 interrupted iterations
openloop_spike   [  60% ] 052/788 VUs  07m08.4s/12m0s  105.00 iters/s

running (07m09.4s), 048/788 VUs, 33165 complete and 0 interrupted iterations
openloop_spike   [  60% ] 048/788 VUs  07m09.4s/12m0s  105.00 iters/s

running (07m10.4s), 053/788 VUs, 33265 complete and 0 interrupted iterations
openloop_spike   [  60% ] 053/788 VUs  07m10.4s/12m0s  105.00 iters/s

running (07m11.4s), 054/788 VUs, 33369 complete and 0 interrupted iterations
openloop_spike   [  60% ] 054/788 VUs  07m11.4s/12m0s  105.00 iters/s

running (07m12.4s), 050/788 VUs, 33478 complete and 0 interrupted iterations
openloop_spike   [  60% ] 050/788 VUs  07m12.4s/12m0s  105.00 iters/s

running (07m13.4s), 052/788 VUs, 33581 complete and 0 interrupted iterations
openloop_spike   [  60% ] 052/788 VUs  07m13.4s/12m0s  105.00 iters/s

running (07m14.4s), 050/788 VUs, 33688 complete and 0 interrupted iterations
openloop_spike   [  60% ] 050/788 VUs  07m14.4s/12m0s  105.00 iters/s

running (07m15.4s), 048/788 VUs, 33795 complete and 0 interrupted iterations
openloop_spike   [  60% ] 048/788 VUs  07m15.4s/12m0s  105.00 iters/s

running (07m16.4s), 051/788 VUs, 33897 complete and 0 interrupted iterations
openloop_spike   [  61% ] 051/788 VUs  07m16.4s/12m0s  105.00 iters/s

running (07m17.4s), 055/788 VUs, 33998 complete and 0 interrupted iterations
openloop_spike   [  61% ] 055/788 VUs  07m17.4s/12m0s  105.00 iters/s

running (07m18.4s), 050/788 VUs, 34108 complete and 0 interrupted iterations
openloop_spike   [  61% ] 050/788 VUs  07m18.4s/12m0s  105.00 iters/s

running (07m19.4s), 054/788 VUs, 34209 complete and 0 interrupted iterations
openloop_spike   [  61% ] 054/788 VUs  07m19.4s/12m0s  105.00 iters/s

running (07m20.4s), 052/788 VUs, 34316 complete and 0 interrupted iterations
openloop_spike   [  61% ] 052/788 VUs  07m20.4s/12m0s  105.00 iters/s

running (07m21.4s), 051/788 VUs, 34422 complete and 0 interrupted iterations
openloop_spike   [  61% ] 051/788 VUs  07m21.4s/12m0s  105.00 iters/s

running (07m22.4s), 047/788 VUs, 34531 complete and 0 interrupted iterations
openloop_spike   [  61% ] 047/788 VUs  07m22.4s/12m0s  105.00 iters/s

running (07m23.4s), 049/788 VUs, 34634 complete and 0 interrupted iterations
openloop_spike   [  62% ] 049/788 VUs  07m23.4s/12m0s  105.00 iters/s

running (07m24.4s), 055/788 VUs, 34733 complete and 0 interrupted iterations
openloop_spike   [  62% ] 055/788 VUs  07m24.4s/12m0s  105.00 iters/s

running (07m25.4s), 050/788 VUs, 34843 complete and 0 interrupted iterations
openloop_spike   [  62% ] 050/788 VUs  07m25.4s/12m0s  105.00 iters/s

running (07m26.4s), 051/788 VUs, 34947 complete and 0 interrupted iterations
openloop_spike   [  62% ] 051/788 VUs  07m26.4s/12m0s  105.00 iters/s

running (07m27.4s), 050/788 VUs, 35053 complete and 0 interrupted iterations
openloop_spike   [  62% ] 050/788 VUs  07m27.4s/12m0s  105.00 iters/s

running (07m28.4s), 052/788 VUs, 35156 complete and 0 interrupted iterations
openloop_spike   [  62% ] 052/788 VUs  07m28.4s/12m0s  105.00 iters/s

running (07m29.4s), 052/788 VUs, 35261 complete and 0 interrupted iterations
openloop_spike   [  62% ] 052/788 VUs  07m29.4s/12m0s  105.00 iters/s

running (07m30.4s), 054/788 VUs, 35364 complete and 0 interrupted iterations
openloop_spike   [  63% ] 054/788 VUs  07m30.4s/12m0s  105.00 iters/s

running (07m31.4s), 053/788 VUs, 35470 complete and 0 interrupted iterations
openloop_spike   [  63% ] 053/788 VUs  07m31.4s/12m0s  105.00 iters/s

running (07m32.4s), 050/788 VUs, 35578 complete and 0 interrupted iterations
openloop_spike   [  63% ] 050/788 VUs  07m32.4s/12m0s  105.00 iters/s

running (07m33.4s), 052/788 VUs, 35681 complete and 0 interrupted iterations
openloop_spike   [  63% ] 052/788 VUs  07m33.4s/12m0s  105.00 iters/s

running (07m34.4s), 053/788 VUs, 35785 complete and 0 interrupted iterations
openloop_spike   [  63% ] 053/788 VUs  07m34.4s/12m0s  105.00 iters/s

running (07m35.4s), 052/788 VUs, 35891 complete and 0 interrupted iterations
openloop_spike   [  63% ] 052/788 VUs  07m35.4s/12m0s  105.00 iters/s

running (07m36.4s), 050/788 VUs, 35998 complete and 0 interrupted iterations
openloop_spike   [  63% ] 050/788 VUs  07m36.4s/12m0s  105.00 iters/s

running (07m37.4s), 049/788 VUs, 36104 complete and 0 interrupted iterations
openloop_spike   [  64% ] 049/788 VUs  07m37.4s/12m0s  105.00 iters/s

running (07m38.4s), 054/788 VUs, 36204 complete and 0 interrupted iterations
openloop_spike   [  64% ] 054/788 VUs  07m38.4s/12m0s  105.00 iters/s

running (07m39.4s), 050/788 VUs, 36313 complete and 0 interrupted iterations
openloop_spike   [  64% ] 050/788 VUs  07m39.4s/12m0s  105.00 iters/s

running (07m40.4s), 056/788 VUs, 36412 complete and 0 interrupted iterations
openloop_spike   [  64% ] 056/788 VUs  07m40.4s/12m0s  105.00 iters/s

running (07m41.4s), 049/788 VUs, 36524 complete and 0 interrupted iterations
openloop_spike   [  64% ] 049/788 VUs  07m41.4s/12m0s  105.00 iters/s

running (07m42.4s), 049/788 VUs, 36629 complete and 0 interrupted iterations
openloop_spike   [  64% ] 049/788 VUs  07m42.4s/12m0s  105.00 iters/s

running (07m43.4s), 054/788 VUs, 36729 complete and 0 interrupted iterations
openloop_spike   [  64% ] 054/788 VUs  07m43.4s/12m0s  105.00 iters/s

running (07m44.4s), 061/788 VUs, 36827 complete and 0 interrupted iterations
openloop_spike   [  65% ] 061/788 VUs  07m44.4s/12m0s  105.00 iters/s

running (07m45.4s), 050/788 VUs, 36943 complete and 0 interrupted iterations
openloop_spike   [  65% ] 050/788 VUs  07m45.4s/12m0s  105.00 iters/s

running (07m46.4s), 055/788 VUs, 37043 complete and 0 interrupted iterations
openloop_spike   [  65% ] 055/788 VUs  07m46.4s/12m0s  105.00 iters/s

running (07m47.4s), 048/788 VUs, 37155 complete and 0 interrupted iterations
openloop_spike   [  65% ] 048/788 VUs  07m47.4s/12m0s  105.00 iters/s

running (07m48.4s), 059/788 VUs, 37249 complete and 0 interrupted iterations
openloop_spike   [  65% ] 059/788 VUs  07m48.4s/12m0s  105.00 iters/s

running (07m49.4s), 050/788 VUs, 37363 complete and 0 interrupted iterations
openloop_spike   [  65% ] 050/788 VUs  07m49.4s/12m0s  105.00 iters/s

running (07m50.4s), 050/788 VUs, 37468 complete and 0 interrupted iterations
openloop_spike   [  65% ] 050/788 VUs  07m50.4s/12m0s  105.00 iters/s

running (07m51.4s), 052/788 VUs, 37571 complete and 0 interrupted iterations
openloop_spike   [  65% ] 052/788 VUs  07m51.4s/12m0s  105.00 iters/s

running (07m52.4s), 050/788 VUs, 37678 complete and 0 interrupted iterations
openloop_spike   [  66% ] 050/788 VUs  07m52.4s/12m0s  105.00 iters/s

running (07m53.4s), 052/788 VUs, 37781 complete and 0 interrupted iterations
openloop_spike   [  66% ] 052/788 VUs  07m53.4s/12m0s  105.00 iters/s

running (07m54.4s), 052/788 VUs, 37886 complete and 0 interrupted iterations
openloop_spike   [  66% ] 052/788 VUs  07m54.4s/12m0s  105.00 iters/s

running (07m55.4s), 053/788 VUs, 37990 complete and 0 interrupted iterations
openloop_spike   [  66% ] 053/788 VUs  07m55.4s/12m0s  105.00 iters/s

running (07m56.4s), 053/788 VUs, 38095 complete and 0 interrupted iterations
openloop_spike   [  66% ] 053/788 VUs  07m56.4s/12m0s  105.00 iters/s

running (07m57.4s), 057/788 VUs, 38196 complete and 0 interrupted iterations
openloop_spike   [  66% ] 057/788 VUs  07m57.4s/12m0s  105.00 iters/s

running (07m58.4s), 050/788 VUs, 38308 complete and 0 interrupted iterations
openloop_spike   [  66% ] 050/788 VUs  07m58.4s/12m0s  105.00 iters/s

running (07m59.4s), 051/788 VUs, 38412 complete and 0 interrupted iterations
openloop_spike   [  67% ] 051/788 VUs  07m59.4s/12m0s  105.00 iters/s

running (08m00.4s), 052/788 VUs, 38516 complete and 0 interrupted iterations
openloop_spike   [  67% ] 052/788 VUs  08m00.4s/12m0s  105.00 iters/s

running (08m01.4s), 052/788 VUs, 38621 complete and 0 interrupted iterations
openloop_spike   [  67% ] 052/788 VUs  08m01.4s/12m0s  105.00 iters/s

running (08m02.4s), 052/788 VUs, 38726 complete and 0 interrupted iterations
openloop_spike   [  67% ] 052/788 VUs  08m02.4s/12m0s  105.00 iters/s

running (08m03.4s), 050/788 VUs, 38833 complete and 0 interrupted iterations
openloop_spike   [  67% ] 050/788 VUs  08m03.4s/12m0s  105.00 iters/s

running (08m04.4s), 054/788 VUs, 38934 complete and 0 interrupted iterations
openloop_spike   [  67% ] 054/788 VUs  08m04.4s/12m0s  105.00 iters/s

running (08m05.4s), 053/788 VUs, 39040 complete and 0 interrupted iterations
openloop_spike   [  67% ] 053/788 VUs  08m05.4s/12m0s  105.00 iters/s

running (08m06.4s), 050/788 VUs, 39148 complete and 0 interrupted iterations
openloop_spike   [  68% ] 050/788 VUs  08m06.4s/12m0s  105.00 iters/s

running (08m07.4s), 052/788 VUs, 39251 complete and 0 interrupted iterations
openloop_spike   [  68% ] 052/788 VUs  08m07.4s/12m0s  105.00 iters/s

running (08m08.4s), 049/788 VUs, 39359 complete and 0 interrupted iterations
openloop_spike   [  68% ] 049/788 VUs  08m08.4s/12m0s  105.00 iters/s

running (08m09.4s), 052/788 VUs, 39461 complete and 0 interrupted iterations
openloop_spike   [  68% ] 052/788 VUs  08m09.4s/12m0s  105.00 iters/s

running (08m10.4s), 052/788 VUs, 39566 complete and 0 interrupted iterations
openloop_spike   [  68% ] 052/788 VUs  08m10.4s/12m0s  105.00 iters/s

running (08m11.4s), 057/788 VUs, 39666 complete and 0 interrupted iterations
openloop_spike   [  68% ] 057/788 VUs  08m11.4s/12m0s  105.00 iters/s

running (08m12.4s), 049/788 VUs, 39779 complete and 0 interrupted iterations
openloop_spike   [  68% ] 049/788 VUs  08m12.4s/12m0s  105.00 iters/s

running (08m13.4s), 053/788 VUs, 39880 complete and 0 interrupted iterations
openloop_spike   [  69% ] 053/788 VUs  08m13.4s/12m0s  105.00 iters/s

running (08m14.4s), 051/788 VUs, 39987 complete and 0 interrupted iterations
openloop_spike   [  69% ] 051/788 VUs  08m14.4s/12m0s  105.00 iters/s

running (08m15.4s), 046/788 VUs, 40097 complete and 0 interrupted iterations
openloop_spike   [  69% ] 046/788 VUs  08m15.4s/12m0s  105.00 iters/s

running (08m16.4s), 052/788 VUs, 40196 complete and 0 interrupted iterations
openloop_spike   [  69% ] 052/788 VUs  08m16.4s/12m0s  105.00 iters/s

running (08m17.4s), 050/788 VUs, 40303 complete and 0 interrupted iterations
openloop_spike   [  69% ] 050/788 VUs  08m17.4s/12m0s  105.00 iters/s

running (08m18.4s), 050/788 VUs, 40408 complete and 0 interrupted iterations
openloop_spike   [  69% ] 050/788 VUs  08m18.4s/12m0s  105.00 iters/s

running (08m19.4s), 051/788 VUs, 40512 complete and 0 interrupted iterations
openloop_spike   [  69% ] 051/788 VUs  08m19.4s/12m0s  105.00 iters/s

running (08m20.4s), 055/788 VUs, 40613 complete and 0 interrupted iterations
openloop_spike   [  70% ] 055/788 VUs  08m20.4s/12m0s  105.00 iters/s

running (08m21.4s), 050/788 VUs, 40723 complete and 0 interrupted iterations
openloop_spike   [  70% ] 050/788 VUs  08m21.4s/12m0s  105.00 iters/s

running (08m22.4s), 055/788 VUs, 40823 complete and 0 interrupted iterations
openloop_spike   [  70% ] 055/788 VUs  08m22.4s/12m0s  105.00 iters/s

running (08m23.4s), 051/788 VUs, 40932 complete and 0 interrupted iterations
openloop_spike   [  70% ] 051/788 VUs  08m23.4s/12m0s  105.00 iters/s

running (08m24.4s), 050/788 VUs, 41038 complete and 0 interrupted iterations
openloop_spike   [  70% ] 050/788 VUs  08m24.4s/12m0s  105.00 iters/s

running (08m25.4s), 054/788 VUs, 41139 complete and 0 interrupted iterations
openloop_spike   [  70% ] 054/788 VUs  08m25.4s/12m0s  105.00 iters/s

running (08m26.4s), 050/788 VUs, 41248 complete and 0 interrupted iterations
openloop_spike   [  70% ] 050/788 VUs  08m26.4s/12m0s  105.00 iters/s

running (08m27.4s), 055/788 VUs, 41348 complete and 0 interrupted iterations
openloop_spike   [  70% ] 055/788 VUs  08m27.4s/12m0s  105.00 iters/s

running (08m28.4s), 052/788 VUs, 41456 complete and 0 interrupted iterations
openloop_spike   [  71% ] 052/788 VUs  08m28.4s/12m0s  105.00 iters/s

running (08m29.4s), 051/788 VUs, 41562 complete and 0 interrupted iterations
openloop_spike   [  71% ] 051/788 VUs  08m29.4s/12m0s  105.00 iters/s

running (08m30.4s), 048/788 VUs, 41670 complete and 0 interrupted iterations
openloop_spike   [  71% ] 048/788 VUs  08m30.4s/12m0s  105.00 iters/s

running (08m31.4s), 048/788 VUs, 41775 complete and 0 interrupted iterations
openloop_spike   [  71% ] 048/788 VUs  08m31.4s/12m0s  105.00 iters/s

running (08m32.4s), 048/788 VUs, 41880 complete and 0 interrupted iterations
openloop_spike   [  71% ] 048/788 VUs  08m32.4s/12m0s  105.00 iters/s

running (08m33.4s), 048/788 VUs, 41985 complete and 0 interrupted iterations
openloop_spike   [  71% ] 048/788 VUs  08m33.4s/12m0s  105.00 iters/s

running (08m34.4s), 053/788 VUs, 42085 complete and 0 interrupted iterations
openloop_spike   [  71% ] 053/788 VUs  08m34.4s/12m0s  105.00 iters/s

running (08m35.4s), 055/788 VUs, 42188 complete and 0 interrupted iterations
openloop_spike   [  72% ] 055/788 VUs  08m35.4s/12m0s  105.00 iters/s

running (08m36.4s), 049/788 VUs, 42299 complete and 0 interrupted iterations
openloop_spike   [  72% ] 049/788 VUs  08m36.4s/12m0s  105.00 iters/s

running (08m37.4s), 051/788 VUs, 42402 complete and 0 interrupted iterations
openloop_spike   [  72% ] 051/788 VUs  08m37.4s/12m0s  105.00 iters/s

running (08m38.4s), 051/788 VUs, 42507 complete and 0 interrupted iterations
openloop_spike   [  72% ] 051/788 VUs  08m38.4s/12m0s  105.00 iters/s

running (08m39.4s), 049/788 VUs, 42614 complete and 0 interrupted iterations
openloop_spike   [  72% ] 049/788 VUs  08m39.4s/12m0s  105.00 iters/s

running (08m40.4s), 052/788 VUs, 42716 complete and 0 interrupted iterations
openloop_spike   [  72% ] 052/788 VUs  08m40.4s/12m0s  105.00 iters/s

running (08m41.4s), 051/788 VUs, 42822 complete and 0 interrupted iterations
openloop_spike   [  72% ] 051/788 VUs  08m41.4s/12m0s  105.00 iters/s

running (08m42.4s), 052/788 VUs, 42926 complete and 0 interrupted iterations
openloop_spike   [  73% ] 052/788 VUs  08m42.4s/12m0s  105.00 iters/s

running (08m43.4s), 053/788 VUs, 43030 complete and 0 interrupted iterations
openloop_spike   [  73% ] 053/788 VUs  08m43.4s/12m0s  105.00 iters/s

running (08m44.4s), 050/788 VUs, 43138 complete and 0 interrupted iterations
openloop_spike   [  73% ] 050/788 VUs  08m44.4s/12m0s  105.00 iters/s

running (08m45.4s), 052/788 VUs, 43241 complete and 0 interrupted iterations
openloop_spike   [  73% ] 052/788 VUs  08m45.4s/12m0s  105.00 iters/s

running (08m46.4s), 052/788 VUs, 43346 complete and 0 interrupted iterations
openloop_spike   [  73% ] 052/788 VUs  08m46.4s/12m0s  105.00 iters/s

running (08m47.4s), 053/788 VUs, 43450 complete and 0 interrupted iterations
openloop_spike   [  73% ] 053/788 VUs  08m47.4s/12m0s  105.00 iters/s

running (08m48.4s), 049/788 VUs, 43559 complete and 0 interrupted iterations
openloop_spike   [  73% ] 049/788 VUs  08m48.4s/12m0s  105.00 iters/s

running (08m49.4s), 050/788 VUs, 43663 complete and 0 interrupted iterations
openloop_spike   [  74% ] 050/788 VUs  08m49.4s/12m0s  105.00 iters/s

running (08m50.4s), 050/788 VUs, 43768 complete and 0 interrupted iterations
openloop_spike   [  74% ] 050/788 VUs  08m50.4s/12m0s  105.00 iters/s

running (08m51.4s), 049/788 VUs, 43874 complete and 0 interrupted iterations
openloop_spike   [  74% ] 049/788 VUs  08m51.4s/12m0s  105.00 iters/s

running (08m52.4s), 052/788 VUs, 43976 complete and 0 interrupted iterations
openloop_spike   [  74% ] 052/788 VUs  08m52.4s/12m0s  105.00 iters/s

running (08m53.4s), 046/788 VUs, 44087 complete and 0 interrupted iterations
openloop_spike   [  74% ] 046/788 VUs  08m53.4s/12m0s  105.00 iters/s

running (08m54.4s), 050/788 VUs, 44188 complete and 0 interrupted iterations
openloop_spike   [  74% ] 050/788 VUs  08m54.4s/12m0s  105.00 iters/s

running (08m55.4s), 050/788 VUs, 44293 complete and 0 interrupted iterations
openloop_spike   [  74% ] 050/788 VUs  08m55.4s/12m0s  105.00 iters/s

running (08m56.4s), 053/788 VUs, 44395 complete and 0 interrupted iterations
openloop_spike   [  75% ] 053/788 VUs  08m56.4s/12m0s  105.00 iters/s

running (08m57.4s), 050/788 VUs, 44503 complete and 0 interrupted iterations
openloop_spike   [  75% ] 050/788 VUs  08m57.4s/12m0s  105.00 iters/s

running (08m58.4s), 050/788 VUs, 44608 complete and 0 interrupted iterations
openloop_spike   [  75% ] 050/788 VUs  08m58.4s/12m0s  105.00 iters/s

running (08m59.4s), 051/788 VUs, 44712 complete and 0 interrupted iterations
openloop_spike   [  75% ] 051/788 VUs  08m59.4s/12m0s  105.00 iters/s

running (09m00.4s), 052/788 VUs, 44816 complete and 0 interrupted iterations
openloop_spike   [  75% ] 052/788 VUs  09m00.4s/12m0s  104.76 iters/s

running (09m01.4s), 054/788 VUs, 44919 complete and 0 interrupted iterations
openloop_spike   [  75% ] 054/788 VUs  09m01.4s/12m0s  104.17 iters/s

running (09m02.4s), 053/788 VUs, 45024 complete and 0 interrupted iterations
openloop_spike   [  75% ] 053/788 VUs  09m02.4s/12m0s  103.59 iters/s

running (09m03.4s), 054/788 VUs, 45126 complete and 0 interrupted iterations
openloop_spike   [  75% ] 054/788 VUs  09m03.4s/12m0s  103.01 iters/s

running (09m04.4s), 052/788 VUs, 45231 complete and 0 interrupted iterations
openloop_spike   [  76% ] 052/788 VUs  09m04.4s/12m0s  102.42 iters/s

running (09m05.4s), 052/788 VUs, 45333 complete and 0 interrupted iterations
openloop_spike   [  76% ] 052/788 VUs  09m05.4s/12m0s  101.84 iters/s

running (09m06.4s), 050/788 VUs, 45436 complete and 0 interrupted iterations
openloop_spike   [  76% ] 050/788 VUs  09m06.4s/12m0s  101.26 iters/s

running (09m07.4s), 048/788 VUs, 45539 complete and 0 interrupted iterations
openloop_spike   [  76% ] 048/788 VUs  09m07.4s/12m0s  100.67 iters/s

running (09m08.4s), 052/788 VUs, 45636 complete and 0 interrupted iterations
openloop_spike   [  76% ] 052/788 VUs  09m08.4s/12m0s  100.09 iters/s

running (09m09.4s), 058/788 VUs, 45730 complete and 0 interrupted iterations
openloop_spike   [  76% ] 058/788 VUs  09m09.4s/12m0s  099.50 iters/s

running (09m10.4s), 051/788 VUs, 45836 complete and 0 interrupted iterations
openloop_spike   [  76% ] 051/788 VUs  09m10.4s/12m0s  098.92 iters/s

running (09m11.4s), 051/788 VUs, 45934 complete and 0 interrupted iterations
openloop_spike   [  77% ] 051/788 VUs  09m11.4s/12m0s  098.34 iters/s

running (09m12.4s), 048/788 VUs, 46035 complete and 0 interrupted iterations
openloop_spike   [  77% ] 048/788 VUs  09m12.4s/12m0s  097.76 iters/s

running (09m13.4s), 054/788 VUs, 46127 complete and 0 interrupted iterations
openloop_spike   [  77% ] 054/788 VUs  09m13.4s/12m0s  097.17 iters/s

running (09m14.4s), 049/788 VUs, 46229 complete and 0 interrupted iterations
openloop_spike   [  77% ] 049/788 VUs  09m14.4s/12m0s  096.59 iters/s

running (09m15.4s), 048/788 VUs, 46326 complete and 0 interrupted iterations
openloop_spike   [  77% ] 048/788 VUs  09m15.4s/12m0s  096.01 iters/s

running (09m16.4s), 048/788 VUs, 46422 complete and 0 interrupted iterations
openloop_spike   [  77% ] 048/788 VUs  09m16.4s/12m0s  095.42 iters/s

running (09m17.4s), 053/788 VUs, 46512 complete and 0 interrupted iterations
openloop_spike   [  77% ] 053/788 VUs  09m17.4s/12m0s  094.84 iters/s

running (09m18.4s), 050/788 VUs, 46609 complete and 0 interrupted iterations
openloop_spike   [  78% ] 050/788 VUs  09m18.4s/12m0s  094.26 iters/s

running (09m19.4s), 047/788 VUs, 46706 complete and 0 interrupted iterations
openloop_spike   [  78% ] 047/788 VUs  09m19.4s/12m0s  093.68 iters/s

running (09m20.4s), 050/788 VUs, 46797 complete and 0 interrupted iterations
openloop_spike   [  78% ] 050/788 VUs  09m20.4s/12m0s  093.09 iters/s

running (09m21.4s), 051/788 VUs, 46889 complete and 0 interrupted iterations
openloop_spike   [  78% ] 051/788 VUs  09m21.4s/12m0s  092.50 iters/s

running (09m22.4s), 050/788 VUs, 46982 complete and 0 interrupted iterations
openloop_spike   [  78% ] 050/788 VUs  09m22.4s/12m0s  091.92 iters/s

running (09m23.4s), 052/788 VUs, 47071 complete and 0 interrupted iterations
openloop_spike   [  78% ] 052/788 VUs  09m23.4s/12m0s  091.34 iters/s

running (09m24.4s), 046/788 VUs, 47168 complete and 0 interrupted iterations
openloop_spike   [  78% ] 046/788 VUs  09m24.4s/12m0s  090.76 iters/s

running (09m25.4s), 047/788 VUs, 47258 complete and 0 interrupted iterations
openloop_spike   [  79% ] 047/788 VUs  09m25.4s/12m0s  090.17 iters/s

running (09m26.4s), 054/788 VUs, 47341 complete and 0 interrupted iterations
openloop_spike   [  79% ] 054/788 VUs  09m26.4s/12m0s  089.59 iters/s

running (09m27.4s), 051/788 VUs, 47433 complete and 0 interrupted iterations
openloop_spike   [  79% ] 051/788 VUs  09m27.4s/12m0s  089.01 iters/s

running (09m28.4s), 049/788 VUs, 47524 complete and 0 interrupted iterations
openloop_spike   [  79% ] 049/788 VUs  09m28.4s/12m0s  088.42 iters/s

running (09m29.4s), 052/788 VUs, 47609 complete and 0 interrupted iterations
openloop_spike   [  79% ] 052/788 VUs  09m29.4s/12m0s  087.84 iters/s

running (09m30.4s), 057/788 VUs, 47692 complete and 0 interrupted iterations
openloop_spike   [  79% ] 057/788 VUs  09m30.4s/12m0s  087.25 iters/s

running (09m31.4s), 051/788 VUs, 47785 complete and 0 interrupted iterations
openloop_spike   [  79% ] 051/788 VUs  09m31.4s/12m0s  086.67 iters/s

running (09m32.4s), 053/788 VUs, 47869 complete and 0 interrupted iterations
openloop_spike   [  80% ] 053/788 VUs  09m32.4s/12m0s  086.09 iters/s

running (09m33.4s), 052/788 VUs, 47956 complete and 0 interrupted iterations
openloop_spike   [  80% ] 052/788 VUs  09m33.4s/12m0s  085.50 iters/s

running (09m34.4s), 051/788 VUs, 48042 complete and 0 interrupted iterations
openloop_spike   [  80% ] 051/788 VUs  09m34.4s/12m0s  084.92 iters/s

running (09m35.4s), 048/788 VUs, 48130 complete and 0 interrupted iterations
openloop_spike   [  80% ] 048/788 VUs  09m35.4s/12m0s  084.34 iters/s

running (09m36.4s), 050/788 VUs, 48212 complete and 0 interrupted iterations
openloop_spike   [  80% ] 050/788 VUs  09m36.4s/12m0s  083.75 iters/s

running (09m37.4s), 052/788 VUs, 48293 complete and 0 interrupted iterations
openloop_spike   [  80% ] 052/788 VUs  09m37.4s/12m0s  083.17 iters/s

running (09m38.4s), 048/788 VUs, 48380 complete and 0 interrupted iterations
openloop_spike   [  80% ] 048/788 VUs  09m38.4s/12m0s  082.59 iters/s

running (09m39.4s), 047/788 VUs, 48463 complete and 0 interrupted iterations
openloop_spike   [  80% ] 047/788 VUs  09m39.4s/12m0s  082.01 iters/s

running (09m40.4s), 050/788 VUs, 48542 complete and 0 interrupted iterations
openloop_spike   [  81% ] 050/788 VUs  09m40.4s/12m0s  081.42 iters/s

running (09m41.4s), 050/788 VUs, 48623 complete and 0 interrupted iterations
openloop_spike   [  81% ] 050/788 VUs  09m41.4s/12m0s  080.84 iters/s

running (09m42.4s), 048/788 VUs, 48706 complete and 0 interrupted iterations
openloop_spike   [  81% ] 048/788 VUs  09m42.4s/12m0s  080.25 iters/s

running (09m43.4s), 048/788 VUs, 48785 complete and 0 interrupted iterations
openloop_spike   [  81% ] 048/788 VUs  09m43.4s/12m0s  079.68 iters/s

running (09m44.4s), 053/788 VUs, 48860 complete and 0 interrupted iterations
openloop_spike   [  81% ] 053/788 VUs  09m44.4s/12m0s  079.09 iters/s

running (09m45.4s), 052/788 VUs, 48940 complete and 0 interrupted iterations
openloop_spike   [  81% ] 052/788 VUs  09m45.4s/12m0s  078.50 iters/s

running (09m46.4s), 051/788 VUs, 49019 complete and 0 interrupted iterations
openloop_spike   [  81% ] 051/788 VUs  09m46.4s/12m0s  077.92 iters/s

running (09m47.4s), 050/788 VUs, 49098 complete and 0 interrupted iterations
openloop_spike   [  82% ] 050/788 VUs  09m47.4s/12m0s  077.34 iters/s

running (09m48.4s), 053/788 VUs, 49172 complete and 0 interrupted iterations
openloop_spike   [  82% ] 053/788 VUs  09m48.4s/12m0s  076.75 iters/s

running (09m49.4s), 048/788 VUs, 49253 complete and 0 interrupted iterations
openloop_spike   [  82% ] 048/788 VUs  09m49.4s/12m0s  076.17 iters/s

running (09m50.4s), 051/788 VUs, 49326 complete and 0 interrupted iterations
openloop_spike   [  82% ] 051/788 VUs  09m50.4s/12m0s  075.59 iters/s

running (09m51.4s), 050/788 VUs, 49402 complete and 0 interrupted iterations
openloop_spike   [  82% ] 050/788 VUs  09m51.4s/12m0s  075.01 iters/s

running (09m52.4s), 047/788 VUs, 49480 complete and 0 interrupted iterations
openloop_spike   [  82% ] 047/788 VUs  09m52.4s/12m0s  074.42 iters/s

running (09m53.4s), 050/788 VUs, 49551 complete and 0 interrupted iterations
openloop_spike   [  82% ] 050/788 VUs  09m53.4s/12m0s  073.84 iters/s

running (09m54.4s), 053/788 VUs, 49622 complete and 0 interrupted iterations
openloop_spike   [  83% ] 053/788 VUs  09m54.4s/12m0s  073.25 iters/s

running (09m55.4s), 050/788 VUs, 49698 complete and 0 interrupted iterations
openloop_spike   [  83% ] 050/788 VUs  09m55.4s/12m0s  072.67 iters/s

running (09m56.4s), 048/788 VUs, 49772 complete and 0 interrupted iterations
openloop_spike   [  83% ] 048/788 VUs  09m56.4s/12m0s  072.09 iters/s

running (09m57.4s), 052/788 VUs, 49840 complete and 0 interrupted iterations
openloop_spike   [  83% ] 052/788 VUs  09m57.4s/12m0s  071.50 iters/s

running (09m58.4s), 053/788 VUs, 49910 complete and 0 interrupted iterations
openloop_spike   [  83% ] 053/788 VUs  09m58.4s/12m0s  070.92 iters/s

running (09m59.4s), 050/788 VUs, 49984 complete and 0 interrupted iterations
openloop_spike   [  83% ] 050/788 VUs  09m59.4s/12m0s  070.34 iters/s

running (10m00.4s), 050/788 VUs, 50054 complete and 0 interrupted iterations
openloop_spike   [  83% ] 050/788 VUs  10m00.4s/12m0s  069.75 iters/s

running (10m01.4s), 051/788 VUs, 50122 complete and 0 interrupted iterations
openloop_spike   [  84% ] 051/788 VUs  10m01.4s/12m0s  069.17 iters/s

running (10m02.4s), 050/788 VUs, 50192 complete and 0 interrupted iterations
openloop_spike   [  84% ] 050/788 VUs  10m02.4s/12m0s  068.59 iters/s

running (10m03.4s), 050/788 VUs, 50260 complete and 0 interrupted iterations
openloop_spike   [  84% ] 050/788 VUs  10m03.4s/12m0s  068.01 iters/s
time="2026-10-06T20:15:37Z" level=warning msg="Request Failed" error="Post \"http://shipping-rate-service.ecommerce.svc.cluster.local:8006/shipping/quotes\": request timeout"

running (10m04.4s), 047/788 VUs, 50331 complete and 0 interrupted iterations
openloop_spike   [  84% ] 047/788 VUs  10m04.4s/12m0s  067.42 iters/s

running (10m05.4s), 048/788 VUs, 50397 complete and 0 interrupted iterations
openloop_spike   [  84% ] 048/788 VUs  10m05.4s/12m0s  066.84 iters/s

running (10m06.4s), 050/788 VUs, 50462 complete and 0 interrupted iterations
openloop_spike   [  84% ] 050/788 VUs  10m06.4s/12m0s  066.25 iters/s

running (10m07.4s), 052/788 VUs, 50526 complete and 0 interrupted iterations
openloop_spike   [  84% ] 052/788 VUs  10m07.4s/12m0s  065.67 iters/s

running (10m08.4s), 043/788 VUs, 50600 complete and 0 interrupted iterations
openloop_spike   [  85% ] 043/788 VUs  10m08.4s/12m0s  065.09 iters/s

running (10m09.4s), 048/788 VUs, 50660 complete and 0 interrupted iterations
openloop_spike   [  85% ] 048/788 VUs  10m09.4s/12m0s  064.51 iters/s

running (10m10.4s), 049/788 VUs, 50723 complete and 0 interrupted iterations
openloop_spike   [  85% ] 049/788 VUs  10m10.4s/12m0s  063.92 iters/s

running (10m11.4s), 048/788 VUs, 50788 complete and 0 interrupted iterations
openloop_spike   [  85% ] 048/788 VUs  10m11.4s/12m0s  063.34 iters/s

running (10m12.4s), 045/788 VUs, 50854 complete and 0 interrupted iterations
openloop_spike   [  85% ] 045/788 VUs  10m12.4s/12m0s  062.75 iters/s

running (10m13.4s), 044/788 VUs, 50917 complete and 0 interrupted iterations
openloop_spike   [  85% ] 044/788 VUs  10m13.4s/12m0s  062.18 iters/s

running (10m14.4s), 043/788 VUs, 50980 complete and 0 interrupted iterations
openloop_spike   [  85% ] 043/788 VUs  10m14.4s/12m0s  061.59 iters/s

running (10m15.4s), 046/788 VUs, 51038 complete and 0 interrupted iterations
openloop_spike   [  85% ] 046/788 VUs  10m15.4s/12m0s  061.01 iters/s

running (10m16.4s), 049/788 VUs, 51096 complete and 0 interrupted iterations
openloop_spike   [  86% ] 049/788 VUs  10m16.4s/12m0s  060.42 iters/s

running (10m17.4s), 049/788 VUs, 51156 complete and 0 interrupted iterations
openloop_spike   [  86% ] 049/788 VUs  10m17.4s/12m0s  059.84 iters/s

running (10m18.4s), 049/788 VUs, 51216 complete and 0 interrupted iterations
openloop_spike   [  86% ] 049/788 VUs  10m18.4s/12m0s  059.25 iters/s

running (10m19.4s), 051/788 VUs, 51273 complete and 0 interrupted iterations
openloop_spike   [  86% ] 051/788 VUs  10m19.4s/12m0s  058.67 iters/s

running (10m20.4s), 049/788 VUs, 51333 complete and 0 interrupted iterations
openloop_spike   [  86% ] 049/788 VUs  10m20.4s/12m0s  058.09 iters/s

running (10m21.4s), 047/788 VUs, 51393 complete and 0 interrupted iterations
openloop_spike   [  86% ] 047/788 VUs  10m21.4s/12m0s  057.51 iters/s

running (10m22.4s), 048/788 VUs, 51449 complete and 0 interrupted iterations
openloop_spike   [  86% ] 048/788 VUs  10m22.4s/12m0s  056.92 iters/s

running (10m23.4s), 052/788 VUs, 51502 complete and 0 interrupted iterations
openloop_spike   [  87% ] 052/788 VUs  10m23.4s/12m0s  056.34 iters/s

running (10m24.4s), 049/788 VUs, 51561 complete and 0 interrupted iterations
openloop_spike   [  87% ] 049/788 VUs  10m24.4s/12m0s  055.75 iters/s

running (10m25.4s), 048/788 VUs, 51617 complete and 0 interrupted iterations
openloop_spike   [  87% ] 048/788 VUs  10m25.4s/12m0s  055.18 iters/s

running (10m26.4s), 046/788 VUs, 51674 complete and 0 interrupted iterations
openloop_spike   [  87% ] 046/788 VUs  10m26.4s/12m0s  054.59 iters/s

running (10m27.4s), 049/788 VUs, 51725 complete and 0 interrupted iterations
openloop_spike   [  87% ] 049/788 VUs  10m27.4s/12m0s  054.00 iters/s

running (10m28.4s), 045/788 VUs, 51783 complete and 0 interrupted iterations
openloop_spike   [  87% ] 045/788 VUs  10m28.4s/12m0s  053.43 iters/s

running (10m29.4s), 045/788 VUs, 51836 complete and 0 interrupted iterations
openloop_spike   [  87% ] 045/788 VUs  10m29.4s/12m0s  052.84 iters/s

running (10m30.4s), 045/788 VUs, 51889 complete and 0 interrupted iterations
openloop_spike   [  88% ] 045/788 VUs  10m30.4s/12m0s  052.25 iters/s

running (10m31.4s), 046/788 VUs, 51940 complete and 0 interrupted iterations
openloop_spike   [  88% ] 046/788 VUs  10m31.4s/12m0s  051.67 iters/s

running (10m32.4s), 044/788 VUs, 51993 complete and 0 interrupted iterations
openloop_spike   [  88% ] 044/788 VUs  10m32.4s/12m0s  051.09 iters/s

running (10m33.4s), 047/788 VUs, 52041 complete and 0 interrupted iterations
openloop_spike   [  88% ] 047/788 VUs  10m33.4s/12m0s  050.51 iters/s

running (10m34.4s), 047/788 VUs, 52091 complete and 0 interrupted iterations
openloop_spike   [  88% ] 047/788 VUs  10m34.4s/12m0s  049.93 iters/s

running (10m35.4s), 049/788 VUs, 52139 complete and 0 interrupted iterations
openloop_spike   [  88% ] 049/788 VUs  10m35.4s/12m0s  049.34 iters/s

running (10m36.4s), 048/788 VUs, 52189 complete and 0 interrupted iterations
openloop_spike   [  88% ] 048/788 VUs  10m36.4s/12m0s  048.76 iters/s

running (10m37.4s), 045/788 VUs, 52240 complete and 0 interrupted iterations
openloop_spike   [  89% ] 045/788 VUs  10m37.4s/12m0s  048.18 iters/s

running (10m38.4s), 042/788 VUs, 52291 complete and 0 interrupted iterations
openloop_spike   [  89% ] 042/788 VUs  10m38.4s/12m0s  047.59 iters/s

running (10m39.4s), 045/788 VUs, 52336 complete and 0 interrupted iterations
openloop_spike   [  89% ] 045/788 VUs  10m39.4s/12m0s  047.00 iters/s

running (10m40.4s), 043/788 VUs, 52384 complete and 0 interrupted iterations
openloop_spike   [  89% ] 043/788 VUs  10m40.4s/12m0s  046.43 iters/s

running (10m41.4s), 038/788 VUs, 52435 complete and 0 interrupted iterations
openloop_spike   [  89% ] 038/788 VUs  10m41.4s/12m0s  045.84 iters/s

running (10m42.4s), 032/788 VUs, 52487 complete and 0 interrupted iterations
openloop_spike   [  89% ] 032/788 VUs  10m42.4s/12m0s  045.26 iters/s

running (10m43.4s), 030/788 VUs, 52534 complete and 0 interrupted iterations
openloop_spike   [  89% ] 030/788 VUs  10m43.4s/12m0s  044.67 iters/s

running (10m44.4s), 029/788 VUs, 52579 complete and 0 interrupted iterations
openloop_spike   [  90% ] 029/788 VUs  10m44.4s/12m0s  044.09 iters/s

running (10m45.4s), 031/788 VUs, 52621 complete and 0 interrupted iterations
openloop_spike   [  90% ] 031/788 VUs  10m45.4s/12m0s  043.51 iters/s

running (10m46.4s), 029/788 VUs, 52666 complete and 0 interrupted iterations
openloop_spike   [  90% ] 029/788 VUs  10m46.4s/12m0s  042.93 iters/s

running (10m47.4s), 032/788 VUs, 52706 complete and 0 interrupted iterations
openloop_spike   [  90% ] 032/788 VUs  10m47.4s/12m0s  042.34 iters/s

running (10m48.4s), 030/788 VUs, 52750 complete and 0 interrupted iterations
openloop_spike   [  90% ] 030/788 VUs  10m48.4s/12m0s  041.76 iters/s

running (10m49.4s), 030/788 VUs, 52791 complete and 0 interrupted iterations
openloop_spike   [  90% ] 030/788 VUs  10m49.4s/12m0s  041.18 iters/s

running (10m50.4s), 027/788 VUs, 52835 complete and 0 interrupted iterations
openloop_spike   [  90% ] 027/788 VUs  10m50.4s/12m0s  040.59 iters/s

running (10m51.4s), 029/788 VUs, 52874 complete and 0 interrupted iterations
openloop_spike   [  90% ] 029/788 VUs  10m51.4s/12m0s  040.00 iters/s

running (10m52.4s), 027/788 VUs, 52915 complete and 0 interrupted iterations
openloop_spike   [  91% ] 027/788 VUs  10m52.4s/12m0s  039.43 iters/s

running (10m53.4s), 030/788 VUs, 52952 complete and 0 interrupted iterations
openloop_spike   [  91% ] 030/788 VUs  10m53.4s/12m0s  038.83 iters/s

running (10m54.4s), 024/788 VUs, 52996 complete and 0 interrupted iterations
openloop_spike   [  91% ] 024/788 VUs  10m54.4s/12m0s  038.26 iters/s

running (10m55.4s), 030/788 VUs, 53028 complete and 0 interrupted iterations
openloop_spike   [  91% ] 030/788 VUs  10m55.4s/12m0s  037.67 iters/s

running (10m56.4s), 023/788 VUs, 53072 complete and 0 interrupted iterations
openloop_spike   [  91% ] 023/788 VUs  10m56.4s/12m0s  037.10 iters/s

running (10m57.4s), 026/788 VUs, 53106 complete and 0 interrupted iterations
openloop_spike   [  91% ] 026/788 VUs  10m57.4s/12m0s  036.51 iters/s

running (10m58.4s), 026/788 VUs, 53142 complete and 0 interrupted iterations
openloop_spike   [  91% ] 026/788 VUs  10m58.4s/12m0s  035.93 iters/s

running (10m59.4s), 028/788 VUs, 53176 complete and 0 interrupted iterations
openloop_spike   [  92% ] 028/788 VUs  10m59.4s/12m0s  035.34 iters/s

running (11m00.4s), 027/788 VUs, 53212 complete and 0 interrupted iterations
openloop_spike   [  92% ] 027/788 VUs  11m00.4s/12m0s  034.76 iters/s

running (11m01.4s), 023/788 VUs, 53251 complete and 0 interrupted iterations
openloop_spike   [  92% ] 023/788 VUs  11m01.4s/12m0s  034.17 iters/s

running (11m02.4s), 025/788 VUs, 53282 complete and 0 interrupted iterations
openloop_spike   [  92% ] 025/788 VUs  11m02.4s/12m0s  033.60 iters/s

running (11m03.4s), 024/788 VUs, 53317 complete and 0 interrupted iterations
openloop_spike   [  92% ] 024/788 VUs  11m03.4s/12m0s  033.00 iters/s

running (11m04.4s), 025/788 VUs, 53348 complete and 0 interrupted iterations
openloop_spike   [  92% ] 025/788 VUs  11m04.4s/12m0s  032.43 iters/s

running (11m05.4s), 019/788 VUs, 53387 complete and 0 interrupted iterations
openloop_spike   [  92% ] 019/788 VUs  11m05.4s/12m0s  031.83 iters/s

running (11m06.4s), 020/788 VUs, 53417 complete and 0 interrupted iterations
openloop_spike   [  93% ] 020/788 VUs  11m06.4s/12m0s  031.26 iters/s

running (11m07.4s), 022/788 VUs, 53446 complete and 0 interrupted iterations
openloop_spike   [  93% ] 022/788 VUs  11m07.4s/12m0s  030.67 iters/s

running (11m08.4s), 021/788 VUs, 53477 complete and 0 interrupted iterations
openloop_spike   [  93% ] 021/788 VUs  11m08.4s/12m0s  030.10 iters/s

running (11m09.4s), 020/788 VUs, 53508 complete and 0 interrupted iterations
openloop_spike   [  93% ] 020/788 VUs  11m09.4s/12m0s  029.51 iters/s

running (11m10.4s), 022/788 VUs, 53535 complete and 0 interrupted iterations
openloop_spike   [  93% ] 022/788 VUs  11m10.4s/12m0s  028.93 iters/s

running (11m11.4s), 019/788 VUs, 53567 complete and 0 interrupted iterations
openloop_spike   [  93% ] 019/788 VUs  11m11.4s/12m0s  028.34 iters/s

running (11m12.4s), 019/788 VUs, 53595 complete and 0 interrupted iterations
openloop_spike   [  93% ] 019/788 VUs  11m12.4s/12m0s  027.76 iters/s

running (11m13.4s), 021/788 VUs, 53621 complete and 0 interrupted iterations
openloop_spike   [  94% ] 021/788 VUs  11m13.4s/12m0s  027.16 iters/s

running (11m14.4s), 017/788 VUs, 53652 complete and 0 interrupted iterations
openloop_spike   [  94% ] 017/788 VUs  11m14.4s/12m0s  026.58 iters/s

running (11m15.4s), 018/788 VUs, 53677 complete and 0 interrupted iterations
openloop_spike   [  94% ] 018/788 VUs  11m15.4s/12m0s  026.00 iters/s

running (11m16.4s), 018/788 VUs, 53702 complete and 0 interrupted iterations
openloop_spike   [  94% ] 018/788 VUs  11m16.4s/12m0s  025.43 iters/s

running (11m17.4s), 019/788 VUs, 53727 complete and 0 interrupted iterations
openloop_spike   [  94% ] 019/788 VUs  11m17.4s/12m0s  024.83 iters/s

running (11m18.4s), 017/788 VUs, 53753 complete and 0 interrupted iterations
openloop_spike   [  94% ] 017/788 VUs  11m18.4s/12m0s  024.26 iters/s

running (11m19.4s), 017/788 VUs, 53777 complete and 0 interrupted iterations
openloop_spike   [  94% ] 017/788 VUs  11m19.4s/12m0s  023.68 iters/s

running (11m20.4s), 016/788 VUs, 53802 complete and 0 interrupted iterations
openloop_spike   [  95% ] 016/788 VUs  11m20.4s/12m0s  023.08 iters/s

running (11m21.4s), 017/788 VUs, 53823 complete and 0 interrupted iterations
openloop_spike   [  95% ] 017/788 VUs  11m21.4s/12m0s  022.51 iters/s

running (11m22.4s), 019/788 VUs, 53844 complete and 0 interrupted iterations
openloop_spike   [  95% ] 019/788 VUs  11m22.4s/12m0s  021.91 iters/s

running (11m23.4s), 014/788 VUs, 53870 complete and 0 interrupted iterations
openloop_spike   [  95% ] 014/788 VUs  11m23.4s/12m0s  021.34 iters/s

running (11m24.4s), 016/788 VUs, 53889 complete and 0 interrupted iterations
openloop_spike   [  95% ] 016/788 VUs  11m24.4s/12m0s  020.76 iters/s

running (11m25.4s), 015/788 VUs, 53911 complete and 0 interrupted iterations
openloop_spike   [  95% ] 015/788 VUs  11m25.4s/12m0s  020.16 iters/s

running (11m26.4s), 015/788 VUs, 53931 complete and 0 interrupted iterations
openloop_spike   [  95% ] 015/788 VUs  11m26.4s/12m0s  019.58 iters/s

running (11m27.4s), 015/788 VUs, 53950 complete and 0 interrupted iterations
openloop_spike   [  95% ] 015/788 VUs  11m27.4s/12m0s  019.00 iters/s

running (11m28.4s), 014/788 VUs, 53970 complete and 0 interrupted iterations
openloop_spike   [  96% ] 014/788 VUs  11m28.4s/12m0s  018.41 iters/s

running (11m29.4s), 012/788 VUs, 53990 complete and 0 interrupted iterations
openloop_spike   [  96% ] 012/788 VUs  11m29.4s/12m0s  017.83 iters/s

running (11m30.4s), 012/788 VUs, 54007 complete and 0 interrupted iterations
openloop_spike   [  96% ] 012/788 VUs  11m30.4s/12m0s  017.27 iters/s

running (11m31.4s), 013/788 VUs, 54023 complete and 0 interrupted iterations
openloop_spike   [  96% ] 013/788 VUs  11m31.4s/12m0s  016.68 iters/s

running (11m32.4s), 012/788 VUs, 54041 complete and 0 interrupted iterations
openloop_spike   [  96% ] 012/788 VUs  11m32.4s/12m0s  016.08 iters/s

running (11m33.4s), 010/788 VUs, 54058 complete and 0 interrupted iterations
openloop_spike   [  96% ] 010/788 VUs  11m33.4s/12m0s  015.52 iters/s

running (11m34.4s), 011/788 VUs, 54073 complete and 0 interrupted iterations
openloop_spike   [  96% ] 011/788 VUs  11m34.4s/12m0s  014.91 iters/s

running (11m35.4s), 009/788 VUs, 54089 complete and 0 interrupted iterations
openloop_spike   [  97% ] 009/788 VUs  11m35.4s/12m0s  014.35 iters/s

running (11m36.4s), 010/788 VUs, 54102 complete and 0 interrupted iterations
openloop_spike   [  97% ] 010/788 VUs  11m36.4s/12m0s  013.77 iters/s

running (11m37.4s), 009/788 VUs, 54117 complete and 0 interrupted iterations
openloop_spike   [  97% ] 009/788 VUs  11m37.4s/12m0s  013.16 iters/s

running (11m38.4s), 009/788 VUs, 54130 complete and 0 interrupted iterations
openloop_spike   [  97% ] 009/788 VUs  11m38.4s/12m0s  012.57 iters/s

running (11m39.4s), 010/788 VUs, 54141 complete and 0 interrupted iterations
openloop_spike   [  97% ] 010/788 VUs  11m39.4s/12m0s  012.00 iters/s

running (11m40.4s), 008/788 VUs, 54155 complete and 0 interrupted iterations
openloop_spike   [  97% ] 008/788 VUs  11m40.4s/12m0s  011.41 iters/s

running (11m41.4s), 008/788 VUs, 54166 complete and 0 interrupted iterations
openloop_spike   [  97% ] 008/788 VUs  11m41.4s/12m0s  010.83 iters/s

running (11m42.4s), 007/788 VUs, 54177 complete and 0 interrupted iterations
openloop_spike   [  98% ] 007/788 VUs  11m42.4s/12m0s  010.28 iters/s

running (11m43.4s), 005/788 VUs, 54189 complete and 0 interrupted iterations
openloop_spike   [  98% ] 005/788 VUs  11m43.4s/12m0s  009.69 iters/s

running (11m44.4s), 006/788 VUs, 54198 complete and 0 interrupted iterations
openloop_spike   [  98% ] 006/788 VUs  11m44.4s/12m0s  009.07 iters/s

running (11m45.4s), 006/788 VUs, 54206 complete and 0 interrupted iterations
openloop_spike   [  98% ] 006/788 VUs  11m45.4s/12m0s  008.54 iters/s

running (11m46.4s), 007/788 VUs, 54214 complete and 0 interrupted iterations
openloop_spike   [  98% ] 007/788 VUs  11m46.4s/12m0s  007.90 iters/s

running (11m47.4s), 005/788 VUs, 54223 complete and 0 interrupted iterations
openloop_spike   [  98% ] 005/788 VUs  11m47.4s/12m0s  007.37 iters/s

running (11m48.4s), 005/788 VUs, 54230 complete and 0 interrupted iterations
openloop_spike   [  98% ] 005/788 VUs  11m48.4s/12m0s  006.79 iters/s

running (11m49.4s), 005/788 VUs, 54237 complete and 0 interrupted iterations
openloop_spike   [  99% ] 005/788 VUs  11m49.4s/12m0s  006.16 iters/s

running (11m50.4s), 005/788 VUs, 54243 complete and 0 interrupted iterations
openloop_spike   [  99% ] 005/788 VUs  11m50.4s/12m0s  005.56 iters/s

running (11m51.4s), 004/788 VUs, 54249 complete and 0 interrupted iterations
openloop_spike   [  99% ] 004/788 VUs  11m51.4s/12m0s  005.01 iters/s

running (11m52.4s), 003/788 VUs, 54255 complete and 0 interrupted iterations
openloop_spike   [  99% ] 003/788 VUs  11m52.4s/12m0s  004.39 iters/s

running (11m53.4s), 003/788 VUs, 54259 complete and 0 interrupted iterations
openloop_spike   [  99% ] 003/788 VUs  11m53.4s/12m0s  003.82 iters/s

running (11m54.4s), 001/788 VUs, 54264 complete and 0 interrupted iterations
openloop_spike   [  99% ] 001/788 VUs  11m54.4s/12m0s  003.33 iters/s

running (11m55.4s), 002/788 VUs, 54266 complete and 0 interrupted iterations
openloop_spike   [  99% ] 002/788 VUs  11m55.4s/12m0s  002.75 iters/s

running (11m56.4s), 002/788 VUs, 54269 complete and 0 interrupted iterations
openloop_spike   [ 100% ] 002/788 VUs  11m56.4s/12m0s  002.02 iters/s

running (11m57.4s), 002/788 VUs, 54271 complete and 0 interrupted iterations
openloop_spike   [ 100% ] 002/788 VUs  11m57.4s/12m0s  001.30 iters/s

running (11m58.4s), 001/788 VUs, 54273 complete and 0 interrupted iterations
openloop_spike   [ 100% ] 001/788 VUs  11m58.4s/12m0s  000.54 iters/s

running (11m59.4s), 000/788 VUs, 54274 complete and 0 interrupted iterations
openloop_spike   [ 100% ] 000/788 VUs  11m59.4s/12m0s  000.54 iters/s

     ✗ status is 200
      ↳  47% — ✓ 25706 / ✗ 28568
     ✗ returns quotes
      ↳  47% — ✓ 25706 / ✗ 28568
     ✗ response time <2000ms
      ↳  99% — ✓ 54272 / ✗ 2

     █ setup

     checks.........................: 64.90% ✓ 105684    ✗ 57138
     data_received..................: 26 MB  36 kB/s
     data_sent......................: 25 MB  35 kB/s
     http_req_blocked...............: avg=1.14ms   min=762.29µs med=981.99µs max=1.01s   p(90)=1.16ms  p(95)=1.72ms  p(99)=4.09ms 
     http_req_connecting............: avg=1.09ms   min=723.18µs med=939.52µs max=1.01s   p(90)=1.11ms  p(95)=1.67ms  p(99)=4.04ms 
     http_req_duration..............: avg=509.42ms min=1.04ms   med=79.8ms   max=4.99s   p(90)=1.18s   p(95)=1.26s   p(99)=1.35s  
       { expected_response:true }...: avg=1.03s    min=469.29ms med=1.05s    max=1.51s   p(90)=1.26s   p(95)=1.3s    p(99)=1.37s  
     http_req_failed................: 52.63% ✓ 28568     ✗ 25706
     http_req_receiving.............: avg=1.8ms    min=0s       med=79.74µs  max=90.51ms p(90)=3.5ms   p(95)=4.67ms  p(99)=54.89ms
     http_req_sending...............: avg=41.08µs  min=16.81µs  med=40.55µs  max=12.14ms p(90)=50.43µs p(95)=55.81µs p(99)=69.88µs
     http_req_tls_handshaking.......: avg=0s       min=0s       med=0s       max=0s      p(90)=0s      p(95)=0s      p(99)=0s     
     http_req_waiting...............: avg=507.58ms min=980.8µs  med=79.68ms  max=4.99s   p(90)=1.17s   p(95)=1.25s   p(99)=1.35s  
     http_reqs......................: 54274  75.380352/s
     iteration_duration.............: avg=510.77ms min=148.2µs  med=80.97ms  max=5s      p(90)=1.18s   p(95)=1.26s   p(99)=1.35s  
     iterations.....................: 54274  75.380352/s
     req_e2e_duration...............: avg=510.65ms min=2ms      med=81ms     max=5s      p(90)=1.18s   p(95)=1.26s   p(99)=1.35s  
     vus............................: 0      min=0       max=61 
     vus_max........................: 788    min=788     max=788


running (12m00.0s), 000/788 VUs, 54274 complete and 0 interrupted iterations
openloop_spike ✓ [ 100% ] 000/788 VUs  12m0s  000.54 iters/s
[openloop-wrapper] k6 exit code 0
