
          /\      |‾‾| /‾‾/   /‾‾/   
     /\  /  \     |  |/  /   /  /    
    /  \/    \    |     (   /   ‾‾\  
   /          \   |  |\  \ |  (‾)  | 
  / __________ \  |__| \__\ \_____/ .io

  execution: local
     script: /scripts/load-test.js
     output: json (/results/results.json.gz)

  scenarios: (100.00%) 1 scenario, 225 max VUs, 12m30s max duration (incl. graceful stop):
           * openloop_oscillating: Up to 30.00 iterations/s for 12m0s over 12 stages (maxVUs: 225, gracefulStop: 30s)

time="2026-10-08T06:24:23Z" level=info msg="OPENLOOP_CONFIG service=auth-service pattern=oscillating base_rate=2 peak_rate=30 timeout=5s vu_factor=1.5 openloop_oscillating:ramping-arrival-rate:vus=225/225" source=console
time="2026-10-08T06:24:23Z" level=info msg="PREAUTH_USED tokens=120" source=console
time="2026-10-08T06:24:24Z" level=info msg="SCENARIO_START name=openloop_oscillating start_ms=1791440663800" source=console

running (00m00.9s), 000/225 VUs, 1 complete and 0 interrupted iterations
openloop_oscillating   [   0% ] 000/225 VUs  00m00.8s/12m0s  02.00 iters/s

running (00m01.9s), 000/225 VUs, 3 complete and 0 interrupted iterations
openloop_oscillating   [   0% ] 000/225 VUs  00m01.8s/12m0s  02.00 iters/s

running (00m02.9s), 000/225 VUs, 5 complete and 0 interrupted iterations
openloop_oscillating   [   0% ] 000/225 VUs  00m02.8s/12m0s  02.00 iters/s

running (00m03.9s), 000/225 VUs, 7 complete and 0 interrupted iterations
openloop_oscillating   [   1% ] 000/225 VUs  00m03.8s/12m0s  02.00 iters/s

running (00m04.9s), 000/225 VUs, 9 complete and 0 interrupted iterations
openloop_oscillating   [   1% ] 000/225 VUs  00m04.8s/12m0s  02.00 iters/s

running (00m05.9s), 000/225 VUs, 11 complete and 0 interrupted iterations
openloop_oscillating   [   1% ] 000/225 VUs  00m05.8s/12m0s  02.00 iters/s

running (00m06.9s), 001/225 VUs, 12 complete and 0 interrupted iterations
openloop_oscillating   [   1% ] 001/225 VUs  00m06.8s/12m0s  02.00 iters/s

running (00m07.9s), 001/225 VUs, 14 complete and 0 interrupted iterations
openloop_oscillating   [   1% ] 001/225 VUs  00m07.8s/12m0s  02.00 iters/s

running (00m08.9s), 000/225 VUs, 17 complete and 0 interrupted iterations
openloop_oscillating   [   1% ] 000/225 VUs  00m08.8s/12m0s  02.00 iters/s

running (00m09.9s), 000/225 VUs, 19 complete and 0 interrupted iterations
openloop_oscillating   [   1% ] 000/225 VUs  00m09.8s/12m0s  02.00 iters/s

running (00m10.9s), 000/225 VUs, 21 complete and 0 interrupted iterations
openloop_oscillating   [   1% ] 000/225 VUs  00m10.8s/12m0s  02.00 iters/s

running (00m11.9s), 000/225 VUs, 23 complete and 0 interrupted iterations
openloop_oscillating   [   2% ] 000/225 VUs  00m11.8s/12m0s  02.00 iters/s

running (00m12.9s), 000/225 VUs, 25 complete and 0 interrupted iterations
openloop_oscillating   [   2% ] 000/225 VUs  00m12.8s/12m0s  02.00 iters/s

running (00m13.9s), 000/225 VUs, 27 complete and 0 interrupted iterations
openloop_oscillating   [   2% ] 000/225 VUs  00m13.8s/12m0s  02.00 iters/s

running (00m14.9s), 000/225 VUs, 29 complete and 0 interrupted iterations
openloop_oscillating   [   2% ] 000/225 VUs  00m14.8s/12m0s  02.00 iters/s

running (00m15.9s), 001/225 VUs, 30 complete and 0 interrupted iterations
openloop_oscillating   [   2% ] 001/225 VUs  00m15.8s/12m0s  02.00 iters/s

running (00m16.9s), 000/225 VUs, 33 complete and 0 interrupted iterations
openloop_oscillating   [   2% ] 000/225 VUs  00m16.8s/12m0s  02.00 iters/s

running (00m17.9s), 000/225 VUs, 35 complete and 0 interrupted iterations
openloop_oscillating   [   2% ] 000/225 VUs  00m17.8s/12m0s  02.00 iters/s

running (00m18.9s), 000/225 VUs, 37 complete and 0 interrupted iterations
openloop_oscillating   [   3% ] 000/225 VUs  00m18.8s/12m0s  02.00 iters/s

running (00m19.9s), 000/225 VUs, 39 complete and 0 interrupted iterations
openloop_oscillating   [   3% ] 000/225 VUs  00m19.8s/12m0s  02.00 iters/s

running (00m20.9s), 001/225 VUs, 40 complete and 0 interrupted iterations
openloop_oscillating   [   3% ] 001/225 VUs  00m20.8s/12m0s  02.00 iters/s

running (00m21.9s), 001/225 VUs, 42 complete and 0 interrupted iterations
openloop_oscillating   [   3% ] 001/225 VUs  00m21.8s/12m0s  02.00 iters/s

running (00m22.9s), 000/225 VUs, 45 complete and 0 interrupted iterations
openloop_oscillating   [   3% ] 000/225 VUs  00m22.8s/12m0s  02.00 iters/s

running (00m23.9s), 000/225 VUs, 47 complete and 0 interrupted iterations
openloop_oscillating   [   3% ] 000/225 VUs  00m23.8s/12m0s  02.00 iters/s

running (00m24.9s), 000/225 VUs, 49 complete and 0 interrupted iterations
openloop_oscillating   [   3% ] 000/225 VUs  00m24.8s/12m0s  02.00 iters/s

running (00m25.9s), 000/225 VUs, 51 complete and 0 interrupted iterations
openloop_oscillating   [   4% ] 000/225 VUs  00m25.8s/12m0s  02.00 iters/s

running (00m26.9s), 000/225 VUs, 53 complete and 0 interrupted iterations
openloop_oscillating   [   4% ] 000/225 VUs  00m26.8s/12m0s  02.00 iters/s

running (00m27.9s), 001/225 VUs, 54 complete and 0 interrupted iterations
openloop_oscillating   [   4% ] 001/225 VUs  00m27.8s/12m0s  02.00 iters/s

running (00m28.9s), 000/225 VUs, 57 complete and 0 interrupted iterations
openloop_oscillating   [   4% ] 000/225 VUs  00m28.8s/12m0s  02.00 iters/s

running (00m29.9s), 000/225 VUs, 59 complete and 0 interrupted iterations
openloop_oscillating   [   4% ] 000/225 VUs  00m29.8s/12m0s  02.00 iters/s

running (00m30.9s), 000/225 VUs, 61 complete and 0 interrupted iterations
openloop_oscillating   [   4% ] 000/225 VUs  00m30.8s/12m0s  02.00 iters/s

running (00m31.9s), 001/225 VUs, 62 complete and 0 interrupted iterations
openloop_oscillating   [   4% ] 001/225 VUs  00m31.8s/12m0s  02.00 iters/s

running (00m32.9s), 000/225 VUs, 65 complete and 0 interrupted iterations
openloop_oscillating   [   5% ] 000/225 VUs  00m32.8s/12m0s  02.00 iters/s

running (00m33.9s), 000/225 VUs, 67 complete and 0 interrupted iterations
openloop_oscillating   [   5% ] 000/225 VUs  00m33.8s/12m0s  02.00 iters/s

running (00m34.9s), 000/225 VUs, 69 complete and 0 interrupted iterations
openloop_oscillating   [   5% ] 000/225 VUs  00m34.8s/12m0s  02.00 iters/s

running (00m35.9s), 000/225 VUs, 71 complete and 0 interrupted iterations
openloop_oscillating   [   5% ] 000/225 VUs  00m35.8s/12m0s  02.00 iters/s

running (00m36.9s), 000/225 VUs, 73 complete and 0 interrupted iterations
openloop_oscillating   [   5% ] 000/225 VUs  00m36.8s/12m0s  02.00 iters/s

running (00m37.9s), 000/225 VUs, 75 complete and 0 interrupted iterations
openloop_oscillating   [   5% ] 000/225 VUs  00m37.8s/12m0s  02.00 iters/s

running (00m38.9s), 000/225 VUs, 77 complete and 0 interrupted iterations
openloop_oscillating   [   5% ] 000/225 VUs  00m38.8s/12m0s  02.00 iters/s

running (00m39.9s), 001/225 VUs, 78 complete and 0 interrupted iterations
openloop_oscillating   [   6% ] 001/225 VUs  00m39.8s/12m0s  02.00 iters/s

running (00m40.9s), 000/225 VUs, 81 complete and 0 interrupted iterations
openloop_oscillating   [   6% ] 000/225 VUs  00m40.8s/12m0s  02.00 iters/s

running (00m41.9s), 000/225 VUs, 83 complete and 0 interrupted iterations
openloop_oscillating   [   6% ] 000/225 VUs  00m41.8s/12m0s  02.00 iters/s

running (00m42.9s), 000/225 VUs, 85 complete and 0 interrupted iterations
openloop_oscillating   [   6% ] 000/225 VUs  00m42.8s/12m0s  02.00 iters/s

running (00m43.9s), 000/225 VUs, 87 complete and 0 interrupted iterations
openloop_oscillating   [   6% ] 000/225 VUs  00m43.8s/12m0s  02.00 iters/s

running (00m44.9s), 000/225 VUs, 89 complete and 0 interrupted iterations
openloop_oscillating   [   6% ] 000/225 VUs  00m44.8s/12m0s  02.00 iters/s

running (00m45.9s), 000/225 VUs, 91 complete and 0 interrupted iterations
openloop_oscillating   [   6% ] 000/225 VUs  00m45.8s/12m0s  02.00 iters/s

running (00m46.9s), 000/225 VUs, 93 complete and 0 interrupted iterations
openloop_oscillating   [   6% ] 000/225 VUs  00m46.8s/12m0s  02.00 iters/s

running (00m47.9s), 000/225 VUs, 95 complete and 0 interrupted iterations
openloop_oscillating   [   7% ] 000/225 VUs  00m47.8s/12m0s  02.00 iters/s

running (00m48.9s), 000/225 VUs, 97 complete and 0 interrupted iterations
openloop_oscillating   [   7% ] 000/225 VUs  00m48.8s/12m0s  02.00 iters/s

running (00m49.9s), 000/225 VUs, 99 complete and 0 interrupted iterations
openloop_oscillating   [   7% ] 000/225 VUs  00m49.8s/12m0s  02.00 iters/s

running (00m50.9s), 000/225 VUs, 101 complete and 0 interrupted iterations
openloop_oscillating   [   7% ] 000/225 VUs  00m50.8s/12m0s  02.00 iters/s

running (00m51.9s), 000/225 VUs, 103 complete and 0 interrupted iterations
openloop_oscillating   [   7% ] 000/225 VUs  00m51.8s/12m0s  02.00 iters/s

running (00m52.9s), 000/225 VUs, 105 complete and 0 interrupted iterations
openloop_oscillating   [   7% ] 000/225 VUs  00m52.8s/12m0s  02.00 iters/s

running (00m53.9s), 001/225 VUs, 106 complete and 0 interrupted iterations
openloop_oscillating   [   7% ] 001/225 VUs  00m53.8s/12m0s  02.00 iters/s

running (00m54.9s), 000/225 VUs, 109 complete and 0 interrupted iterations
openloop_oscillating   [   8% ] 000/225 VUs  00m54.8s/12m0s  02.00 iters/s

running (00m55.9s), 000/225 VUs, 111 complete and 0 interrupted iterations
openloop_oscillating   [   8% ] 000/225 VUs  00m55.8s/12m0s  02.00 iters/s

running (00m56.9s), 000/225 VUs, 113 complete and 0 interrupted iterations
openloop_oscillating   [   8% ] 000/225 VUs  00m56.8s/12m0s  02.00 iters/s

running (00m57.9s), 000/225 VUs, 115 complete and 0 interrupted iterations
openloop_oscillating   [   8% ] 000/225 VUs  00m57.8s/12m0s  02.00 iters/s

running (00m58.9s), 000/225 VUs, 117 complete and 0 interrupted iterations
openloop_oscillating   [   8% ] 000/225 VUs  00m58.8s/12m0s  02.00 iters/s

running (00m59.9s), 000/225 VUs, 119 complete and 0 interrupted iterations
openloop_oscillating   [   8% ] 000/225 VUs  00m59.8s/12m0s  02.00 iters/s

running (01m00.9s), 000/225 VUs, 121 complete and 0 interrupted iterations
openloop_oscillating   [   8% ] 000/225 VUs  01m00.8s/12m0s  02.00 iters/s

running (01m01.9s), 000/225 VUs, 123 complete and 0 interrupted iterations
openloop_oscillating   [   9% ] 000/225 VUs  01m01.8s/12m0s  02.00 iters/s

running (01m02.9s), 001/225 VUs, 124 complete and 0 interrupted iterations
openloop_oscillating   [   9% ] 001/225 VUs  01m02.8s/12m0s  02.00 iters/s

running (01m03.9s), 000/225 VUs, 127 complete and 0 interrupted iterations
openloop_oscillating   [   9% ] 000/225 VUs  01m03.8s/12m0s  02.00 iters/s

running (01m04.9s), 001/225 VUs, 128 complete and 0 interrupted iterations
openloop_oscillating   [   9% ] 001/225 VUs  01m04.8s/12m0s  02.00 iters/s

running (01m05.9s), 000/225 VUs, 131 complete and 0 interrupted iterations
openloop_oscillating   [   9% ] 000/225 VUs  01m05.8s/12m0s  02.00 iters/s

running (01m06.9s), 000/225 VUs, 133 complete and 0 interrupted iterations
openloop_oscillating   [   9% ] 000/225 VUs  01m06.8s/12m0s  02.00 iters/s

running (01m07.9s), 000/225 VUs, 135 complete and 0 interrupted iterations
openloop_oscillating   [   9% ] 000/225 VUs  01m07.8s/12m0s  02.00 iters/s

running (01m08.9s), 000/225 VUs, 137 complete and 0 interrupted iterations
openloop_oscillating   [  10% ] 000/225 VUs  01m08.8s/12m0s  02.00 iters/s

running (01m09.9s), 001/225 VUs, 138 complete and 0 interrupted iterations
openloop_oscillating   [  10% ] 001/225 VUs  01m09.8s/12m0s  02.00 iters/s

running (01m10.9s), 000/225 VUs, 141 complete and 0 interrupted iterations
openloop_oscillating   [  10% ] 000/225 VUs  01m10.8s/12m0s  02.00 iters/s

running (01m11.9s), 000/225 VUs, 143 complete and 0 interrupted iterations
openloop_oscillating   [  10% ] 000/225 VUs  01m11.8s/12m0s  02.00 iters/s

running (01m12.9s), 000/225 VUs, 145 complete and 0 interrupted iterations
openloop_oscillating   [  10% ] 000/225 VUs  01m12.8s/12m0s  02.00 iters/s

running (01m13.9s), 001/225 VUs, 146 complete and 0 interrupted iterations
openloop_oscillating   [  10% ] 001/225 VUs  01m13.8s/12m0s  02.00 iters/s

running (01m14.9s), 000/225 VUs, 149 complete and 0 interrupted iterations
openloop_oscillating   [  10% ] 000/225 VUs  01m14.8s/12m0s  02.00 iters/s

running (01m15.9s), 000/225 VUs, 151 complete and 0 interrupted iterations
openloop_oscillating   [  11% ] 000/225 VUs  01m15.8s/12m0s  02.00 iters/s

running (01m16.9s), 000/225 VUs, 153 complete and 0 interrupted iterations
openloop_oscillating   [  11% ] 000/225 VUs  01m16.8s/12m0s  02.00 iters/s

running (01m17.9s), 000/225 VUs, 155 complete and 0 interrupted iterations
openloop_oscillating   [  11% ] 000/225 VUs  01m17.8s/12m0s  02.00 iters/s

running (01m18.9s), 000/225 VUs, 157 complete and 0 interrupted iterations
openloop_oscillating   [  11% ] 000/225 VUs  01m18.8s/12m0s  02.00 iters/s

running (01m19.9s), 001/225 VUs, 158 complete and 0 interrupted iterations
openloop_oscillating   [  11% ] 001/225 VUs  01m19.8s/12m0s  02.00 iters/s

running (01m20.9s), 000/225 VUs, 161 complete and 0 interrupted iterations
openloop_oscillating   [  11% ] 000/225 VUs  01m20.8s/12m0s  02.00 iters/s

running (01m21.9s), 000/225 VUs, 163 complete and 0 interrupted iterations
openloop_oscillating   [  11% ] 000/225 VUs  01m21.8s/12m0s  02.00 iters/s

running (01m22.9s), 000/225 VUs, 165 complete and 0 interrupted iterations
openloop_oscillating   [  11% ] 000/225 VUs  01m22.8s/12m0s  02.00 iters/s

running (01m23.9s), 001/225 VUs, 166 complete and 0 interrupted iterations
openloop_oscillating   [  12% ] 001/225 VUs  01m23.8s/12m0s  02.00 iters/s

running (01m24.9s), 000/225 VUs, 169 complete and 0 interrupted iterations
openloop_oscillating   [  12% ] 000/225 VUs  01m24.8s/12m0s  02.00 iters/s

running (01m25.9s), 000/225 VUs, 171 complete and 0 interrupted iterations
openloop_oscillating   [  12% ] 000/225 VUs  01m25.8s/12m0s  02.00 iters/s

running (01m26.9s), 000/225 VUs, 173 complete and 0 interrupted iterations
openloop_oscillating   [  12% ] 000/225 VUs  01m26.8s/12m0s  02.00 iters/s

running (01m27.9s), 000/225 VUs, 175 complete and 0 interrupted iterations
openloop_oscillating   [  12% ] 000/225 VUs  01m27.8s/12m0s  02.00 iters/s

running (01m28.9s), 000/225 VUs, 177 complete and 0 interrupted iterations
openloop_oscillating   [  12% ] 000/225 VUs  01m28.8s/12m0s  02.00 iters/s

running (01m29.9s), 000/225 VUs, 179 complete and 0 interrupted iterations
openloop_oscillating   [  12% ] 000/225 VUs  01m29.8s/12m0s  02.00 iters/s

running (01m30.9s), 000/225 VUs, 181 complete and 0 interrupted iterations
openloop_oscillating   [  13% ] 000/225 VUs  01m30.8s/12m0s  02.00 iters/s

running (01m31.9s), 000/225 VUs, 183 complete and 0 interrupted iterations
openloop_oscillating   [  13% ] 000/225 VUs  01m31.8s/12m0s  02.00 iters/s

running (01m32.9s), 000/225 VUs, 185 complete and 0 interrupted iterations
openloop_oscillating   [  13% ] 000/225 VUs  01m32.8s/12m0s  02.00 iters/s

running (01m33.9s), 000/225 VUs, 187 complete and 0 interrupted iterations
openloop_oscillating   [  13% ] 000/225 VUs  01m33.8s/12m0s  02.00 iters/s

running (01m34.9s), 000/225 VUs, 189 complete and 0 interrupted iterations
openloop_oscillating   [  13% ] 000/225 VUs  01m34.8s/12m0s  02.00 iters/s

running (01m35.9s), 000/225 VUs, 191 complete and 0 interrupted iterations
openloop_oscillating   [  13% ] 000/225 VUs  01m35.8s/12m0s  02.00 iters/s

running (01m36.9s), 000/225 VUs, 193 complete and 0 interrupted iterations
openloop_oscillating   [  13% ] 000/225 VUs  01m36.8s/12m0s  02.00 iters/s

running (01m37.9s), 000/225 VUs, 195 complete and 0 interrupted iterations
openloop_oscillating   [  14% ] 000/225 VUs  01m37.8s/12m0s  02.00 iters/s

running (01m38.9s), 000/225 VUs, 197 complete and 0 interrupted iterations
openloop_oscillating   [  14% ] 000/225 VUs  01m38.8s/12m0s  02.00 iters/s

running (01m39.9s), 000/225 VUs, 199 complete and 0 interrupted iterations
openloop_oscillating   [  14% ] 000/225 VUs  01m39.8s/12m0s  02.00 iters/s

running (01m40.9s), 001/225 VUs, 200 complete and 0 interrupted iterations
openloop_oscillating   [  14% ] 001/225 VUs  01m40.8s/12m0s  02.00 iters/s

running (01m41.9s), 000/225 VUs, 203 complete and 0 interrupted iterations
openloop_oscillating   [  14% ] 000/225 VUs  01m41.8s/12m0s  02.00 iters/s

running (01m42.9s), 000/225 VUs, 205 complete and 0 interrupted iterations
openloop_oscillating   [  14% ] 000/225 VUs  01m42.8s/12m0s  02.00 iters/s

running (01m43.9s), 000/225 VUs, 207 complete and 0 interrupted iterations
openloop_oscillating   [  14% ] 000/225 VUs  01m43.8s/12m0s  02.00 iters/s

running (01m44.9s), 000/225 VUs, 209 complete and 0 interrupted iterations
openloop_oscillating   [  15% ] 000/225 VUs  01m44.8s/12m0s  02.00 iters/s

running (01m45.9s), 000/225 VUs, 211 complete and 0 interrupted iterations
openloop_oscillating   [  15% ] 000/225 VUs  01m45.8s/12m0s  02.00 iters/s

running (01m46.9s), 000/225 VUs, 213 complete and 0 interrupted iterations
openloop_oscillating   [  15% ] 000/225 VUs  01m46.8s/12m0s  02.00 iters/s

running (01m47.9s), 001/225 VUs, 214 complete and 0 interrupted iterations
openloop_oscillating   [  15% ] 001/225 VUs  01m47.8s/12m0s  02.00 iters/s

running (01m48.9s), 000/225 VUs, 217 complete and 0 interrupted iterations
openloop_oscillating   [  15% ] 000/225 VUs  01m48.8s/12m0s  02.00 iters/s

running (01m49.9s), 000/225 VUs, 219 complete and 0 interrupted iterations
openloop_oscillating   [  15% ] 000/225 VUs  01m49.8s/12m0s  02.00 iters/s

running (01m50.9s), 000/225 VUs, 221 complete and 0 interrupted iterations
openloop_oscillating   [  15% ] 000/225 VUs  01m50.8s/12m0s  02.00 iters/s

running (01m51.9s), 000/225 VUs, 223 complete and 0 interrupted iterations
openloop_oscillating   [  16% ] 000/225 VUs  01m51.8s/12m0s  02.00 iters/s

running (01m52.9s), 000/225 VUs, 225 complete and 0 interrupted iterations
openloop_oscillating   [  16% ] 000/225 VUs  01m52.8s/12m0s  02.00 iters/s

running (01m53.9s), 000/225 VUs, 227 complete and 0 interrupted iterations
openloop_oscillating   [  16% ] 000/225 VUs  01m53.8s/12m0s  02.00 iters/s

running (01m54.9s), 000/225 VUs, 229 complete and 0 interrupted iterations
openloop_oscillating   [  16% ] 000/225 VUs  01m54.8s/12m0s  02.00 iters/s

running (01m55.9s), 001/225 VUs, 230 complete and 0 interrupted iterations
openloop_oscillating   [  16% ] 001/225 VUs  01m55.8s/12m0s  02.00 iters/s

running (01m56.9s), 000/225 VUs, 233 complete and 0 interrupted iterations
openloop_oscillating   [  16% ] 000/225 VUs  01m56.8s/12m0s  02.00 iters/s

running (01m57.9s), 001/225 VUs, 234 complete and 0 interrupted iterations
openloop_oscillating   [  16% ] 001/225 VUs  01m57.8s/12m0s  02.00 iters/s

running (01m58.9s), 000/225 VUs, 237 complete and 0 interrupted iterations
openloop_oscillating   [  16% ] 000/225 VUs  01m58.8s/12m0s  02.00 iters/s

running (01m59.9s), 000/225 VUs, 239 complete and 0 interrupted iterations
openloop_oscillating   [  17% ] 000/225 VUs  01m59.8s/12m0s  02.00 iters/s

running (02m00.9s), 000/225 VUs, 242 complete and 0 interrupted iterations
openloop_oscillating   [  17% ] 000/225 VUs  02m00.8s/12m0s  04.23 iters/s

running (02m01.9s), 000/225 VUs, 248 complete and 0 interrupted iterations
openloop_oscillating   [  17% ] 000/225 VUs  02m01.8s/12m0s  07.18 iters/s

running (02m02.9s), 000/225 VUs, 256 complete and 0 interrupted iterations
openloop_oscillating   [  17% ] 000/225 VUs  02m02.8s/12m0s  09.82 iters/s

running (02m03.9s), 000/225 VUs, 267 complete and 0 interrupted iterations
openloop_oscillating   [  17% ] 000/225 VUs  02m03.8s/12m0s  12.57 iters/s

running (02m04.9s), 000/225 VUs, 281 complete and 0 interrupted iterations
openloop_oscillating   [  17% ] 000/225 VUs  02m04.8s/12m0s  15.38 iters/s

running (02m05.9s), 006/225 VUs, 292 complete and 0 interrupted iterations
openloop_oscillating   [  17% ] 006/225 VUs  02m05.8s/12m0s  18.21 iters/s

running (02m06.9s), 009/225 VUs, 309 complete and 0 interrupted iterations
openloop_oscillating   [  18% ] 009/225 VUs  02m06.8s/12m0s  21.06 iters/s

running (02m07.9s), 019/225 VUs, 321 complete and 0 interrupted iterations
openloop_oscillating   [  18% ] 019/225 VUs  02m07.8s/12m0s  23.81 iters/s

running (02m08.9s), 014/225 VUs, 351 complete and 0 interrupted iterations
openloop_oscillating   [  18% ] 014/225 VUs  02m08.8s/12m0s  26.59 iters/s

running (02m09.9s), 032/225 VUs, 361 complete and 0 interrupted iterations
openloop_oscillating   [  18% ] 032/225 VUs  02m09.8s/12m0s  29.39 iters/s

running (02m10.9s), 040/225 VUs, 383 complete and 0 interrupted iterations
openloop_oscillating   [  18% ] 040/225 VUs  02m10.8s/12m0s  30.00 iters/s

running (02m11.9s), 042/225 VUs, 411 complete and 0 interrupted iterations
openloop_oscillating   [  18% ] 042/225 VUs  02m11.8s/12m0s  30.00 iters/s
time="2026-10-08T06:26:36Z" level=warning msg="Request Failed" error="Post \"http://auth-service.ecommerce.svc.cluster.local:8001/auth/login\": request timeout"

running (02m12.9s), 053/225 VUs, 430 complete and 0 interrupted iterations
openloop_oscillating   [  18% ] 053/225 VUs  02m12.8s/12m0s  30.00 iters/s

running (02m13.9s), 023/225 VUs, 490 complete and 0 interrupted iterations
openloop_oscillating   [  19% ] 023/225 VUs  02m13.8s/12m0s  30.00 iters/s

running (02m14.9s), 020/225 VUs, 523 complete and 0 interrupted iterations
openloop_oscillating   [  19% ] 020/225 VUs  02m14.8s/12m0s  30.00 iters/s

running (02m15.9s), 022/225 VUs, 551 complete and 0 interrupted iterations
openloop_oscillating   [  19% ] 022/225 VUs  02m15.8s/12m0s  30.00 iters/s
time="2026-10-08T06:26:40Z" level=warning msg="Request Failed" error="Post \"http://auth-service.ecommerce.svc.cluster.local:8001/auth/login\": request timeout"

running (02m16.9s), 022/225 VUs, 581 complete and 0 interrupted iterations
openloop_oscillating   [  19% ] 022/225 VUs  02m16.8s/12m0s  30.00 iters/s
time="2026-10-08T06:26:40Z" level=warning msg="Request Failed" error="Post \"http://auth-service.ecommerce.svc.cluster.local:8001/auth/login\": request timeout"
time="2026-10-08T06:26:40Z" level=warning msg="Request Failed" error="Post \"http://auth-service.ecommerce.svc.cluster.local:8001/auth/login\": request timeout"
time="2026-10-08T06:26:41Z" level=warning msg="Request Failed" error="Post \"http://auth-service.ecommerce.svc.cluster.local:8001/auth/login\": request timeout"
time="2026-10-08T06:26:41Z" level=warning msg="Request Failed" error="Post \"http://auth-service.ecommerce.svc.cluster.local:8001/auth/login\": request timeout"
time="2026-10-08T06:26:41Z" level=warning msg="Request Failed" error="Post \"http://auth-service.ecommerce.svc.cluster.local:8001/auth/login\": request timeout"

running (02m17.9s), 017/225 VUs, 616 complete and 0 interrupted iterations
openloop_oscillating   [  19% ] 017/225 VUs  02m17.8s/12m0s  30.00 iters/s
time="2026-10-08T06:26:41Z" level=warning msg="Request Failed" error="Post \"http://auth-service.ecommerce.svc.cluster.local:8001/auth/login\": request timeout"
time="2026-10-08T06:26:41Z" level=warning msg="Request Failed" error="Post \"http://auth-service.ecommerce.svc.cluster.local:8001/auth/login\": request timeout"
time="2026-10-08T06:26:41Z" level=warning msg="Request Failed" error="Post \"http://auth-service.ecommerce.svc.cluster.local:8001/auth/login\": request timeout"
time="2026-10-08T06:26:42Z" level=warning msg="Request Failed" error="Post \"http://auth-service.ecommerce.svc.cluster.local:8001/auth/login\": request timeout"

running (02m18.9s), 018/225 VUs, 645 complete and 0 interrupted iterations
openloop_oscillating   [  19% ] 018/225 VUs  02m18.8s/12m0s  30.00 iters/s
time="2026-10-08T06:26:42Z" level=warning msg="Request Failed" error="request timeout"
time="2026-10-08T06:26:43Z" level=warning msg="Request Failed" error="Post \"http://auth-service.ecommerce.svc.cluster.local:8001/auth/login\": request timeout"
time="2026-10-08T06:26:43Z" level=warning msg="Request Failed" error="Post \"http://auth-service.ecommerce.svc.cluster.local:8001/auth/login\": request timeout"
time="2026-10-08T06:26:43Z" level=warning msg="Request Failed" error="Post \"http://auth-service.ecommerce.svc.cluster.local:8001/auth/login\": request timeout"

running (02m19.9s), 027/225 VUs, 666 complete and 0 interrupted iterations
openloop_oscillating   [  19% ] 027/225 VUs  02m19.8s/12m0s  30.00 iters/s
time="2026-10-08T06:26:44Z" level=warning msg="Request Failed" error="Post \"http://auth-service.ecommerce.svc.cluster.local:8001/auth/login\": request timeout"

running (02m20.9s), 046/225 VUs, 677 complete and 0 interrupted iterations
openloop_oscillating   [  20% ] 046/225 VUs  02m20.8s/12m0s  30.00 iters/s

running (02m21.9s), 042/225 VUs, 711 complete and 0 interrupted iterations
openloop_oscillating   [  20% ] 042/225 VUs  02m21.8s/12m0s  30.00 iters/s
time="2026-10-08T06:26:45Z" level=warning msg="Request Failed" error="Post \"http://auth-service.ecommerce.svc.cluster.local:8001/auth/login\": request timeout"

running (02m22.9s), 040/225 VUs, 743 complete and 0 interrupted iterations
openloop_oscillating   [  20% ] 040/225 VUs  02m22.8s/12m0s  30.00 iters/s

running (02m23.9s), 026/225 VUs, 787 complete and 0 interrupted iterations
openloop_oscillating   [  20% ] 026/225 VUs  02m23.8s/12m0s  30.00 iters/s

running (02m24.9s), 015/225 VUs, 828 complete and 0 interrupted iterations
openloop_oscillating   [  20% ] 015/225 VUs  02m24.8s/12m0s  30.00 iters/s
time="2026-10-08T06:26:49Z" level=warning msg="Request Failed" error="Post \"http://auth-service.ecommerce.svc.cluster.local:8001/auth/login\": request timeout"

running (02m25.9s), 021/225 VUs, 852 complete and 0 interrupted iterations
openloop_oscillating   [  20% ] 021/225 VUs  02m25.8s/12m0s  30.00 iters/s

running (02m26.9s), 018/225 VUs, 885 complete and 0 interrupted iterations
openloop_oscillating   [  20% ] 018/225 VUs  02m26.8s/12m0s  30.00 iters/s

running (02m27.9s), 030/225 VUs, 903 complete and 0 interrupted iterations
openloop_oscillating   [  21% ] 030/225 VUs  02m27.8s/12m0s  30.00 iters/s
time="2026-10-08T06:26:52Z" level=warning msg="Request Failed" error="Post \"http://auth-service.ecommerce.svc.cluster.local:8001/auth/login\": request timeout"
time="2026-10-08T06:26:52Z" level=warning msg="Request Failed" error="Post \"http://auth-service.ecommerce.svc.cluster.local:8001/auth/login\": request timeout"

running (02m28.9s), 025/225 VUs, 938 complete and 0 interrupted iterations
openloop_oscillating   [  21% ] 025/225 VUs  02m28.8s/12m0s  30.00 iters/s
time="2026-10-08T06:26:53Z" level=warning msg="Request Failed" error="Post \"http://auth-service.ecommerce.svc.cluster.local:8001/auth/login\": request timeout"
time="2026-10-08T06:26:53Z" level=warning msg="Request Failed" error="Post \"http://auth-service.ecommerce.svc.cluster.local:8001/auth/login\": request timeout"
time="2026-10-08T06:26:53Z" level=warning msg="Request Failed" error="Post \"http://auth-service.ecommerce.svc.cluster.local:8001/auth/login\": request timeout"
time="2026-10-08T06:26:53Z" level=warning msg="Request Failed" error="Post \"http://auth-service.ecommerce.svc.cluster.local:8001/auth/login\": request timeout"
time="2026-10-08T06:26:53Z" level=warning msg="Request Failed" error="Post \"http://auth-service.ecommerce.svc.cluster.local:8001/auth/login\": request timeout"

running (02m29.9s), 028/225 VUs, 965 complete and 0 interrupted iterations
openloop_oscillating   [  21% ] 028/225 VUs  02m29.8s/12m0s  30.00 iters/s
time="2026-10-08T06:26:53Z" level=warning msg="Request Failed" error="Post \"http://auth-service.ecommerce.svc.cluster.local:8001/auth/login\": request timeout"
time="2026-10-08T06:26:53Z" level=warning msg="Request Failed" error="Post \"http://auth-service.ecommerce.svc.cluster.local:8001/auth/login\": request timeout"

running (02m30.9s), 050/225 VUs, 973 complete and 0 interrupted iterations
openloop_oscillating   [  21% ] 050/225 VUs  02m30.8s/12m0s  30.00 iters/s

running (02m31.9s), 027/225 VUs, 1026 complete and 0 interrupted iterations
openloop_oscillating   [  21% ] 027/225 VUs  02m31.8s/12m0s  30.00 iters/s

running (02m32.9s), 031/225 VUs, 1052 complete and 0 interrupted iterations
openloop_oscillating   [  21% ] 031/225 VUs  02m32.8s/12m0s  30.00 iters/s

running (02m33.9s), 044/225 VUs, 1069 complete and 0 interrupted iterations
openloop_oscillating   [  21% ] 044/225 VUs  02m33.8s/12m0s  30.00 iters/s

running (02m34.9s), 029/225 VUs, 1114 complete and 0 interrupted iterations
openloop_oscillating   [  21% ] 029/225 VUs  02m34.8s/12m0s  30.00 iters/s
time="2026-10-08T06:26:58Z" level=warning msg="Request Failed" error="Post \"http://auth-service.ecommerce.svc.cluster.local:8001/auth/login\": request timeout"
time="2026-10-08T06:26:58Z" level=warning msg="Request Failed" error="Post \"http://auth-service.ecommerce.svc.cluster.local:8001/auth/login\": request timeout"

running (02m35.9s), 024/225 VUs, 1149 complete and 0 interrupted iterations
openloop_oscillating   [  22% ] 024/225 VUs  02m35.8s/12m0s  30.00 iters/s
time="2026-10-08T06:26:59Z" level=warning msg="Request Failed" error="Post \"http://auth-service.ecommerce.svc.cluster.local:8001/auth/login\": request timeout"
time="2026-10-08T06:27:00Z" level=warning msg="Request Failed" error="Post \"http://auth-service.ecommerce.svc.cluster.local:8001/auth/login\": request timeout"
time="2026-10-08T06:27:00Z" level=warning msg="Request Failed" error="Post \"http://auth-service.ecommerce.svc.cluster.local:8001/auth/login\": request timeout"

running (02m36.9s), 021/225 VUs, 1182 complete and 0 interrupted iterations
openloop_oscillating   [  22% ] 021/225 VUs  02m36.8s/12m0s  30.00 iters/s
time="2026-10-08T06:27:01Z" level=warning msg="Request Failed" error="Post \"http://auth-service.ecommerce.svc.cluster.local:8001/auth/login\": request timeout"
time="2026-10-08T06:27:01Z" level=warning msg="Request Failed" error="Post \"http://auth-service.ecommerce.svc.cluster.local:8001/auth/login\": request timeout"

running (02m37.9s), 020/225 VUs, 1213 complete and 0 interrupted iterations
openloop_oscillating   [  22% ] 020/225 VUs  02m37.8s/12m0s  30.00 iters/s
time="2026-10-08T06:27:02Z" level=warning msg="Request Failed" error="Post \"http://auth-service.ecommerce.svc.cluster.local:8001/auth/login\": request timeout"
time="2026-10-08T06:27:02Z" level=warning msg="Request Failed" error="Post \"http://auth-service.ecommerce.svc.cluster.local:8001/auth/login\": request timeout"

running (02m38.9s), 019/225 VUs, 1244 complete and 0 interrupted iterations
openloop_oscillating   [  22% ] 019/225 VUs  02m38.8s/12m0s  30.00 iters/s
time="2026-10-08T06:27:02Z" level=warning msg="Request Failed" error="Post \"http://auth-service.ecommerce.svc.cluster.local:8001/auth/login\": request timeout"
time="2026-10-08T06:27:03Z" level=warning msg="Request Failed" error="Post \"http://auth-service.ecommerce.svc.cluster.local:8001/auth/login\": request timeout"
time="2026-10-08T06:27:03Z" level=warning msg="Request Failed" error="Post \"http://auth-service.ecommerce.svc.cluster.local:8001/auth/login\": request timeout"

running (02m39.9s), 015/225 VUs, 1278 complete and 0 interrupted iterations
openloop_oscillating   [  22% ] 015/225 VUs  02m39.8s/12m0s  30.00 iters/s
time="2026-10-08T06:27:03Z" level=warning msg="Request Failed" error="Post \"http://auth-service.ecommerce.svc.cluster.local:8001/auth/login\": request timeout"
time="2026-10-08T06:27:04Z" level=warning msg="Request Failed" error="Post \"http://auth-service.ecommerce.svc.cluster.local:8001/auth/login\": request timeout"
time="2026-10-08T06:27:04Z" level=warning msg="Request Failed" error="Post \"http://auth-service.ecommerce.svc.cluster.local:8001/auth/login\": request timeout"

running (02m40.9s), 016/225 VUs, 1307 complete and 0 interrupted iterations
openloop_oscillating   [  22% ] 016/225 VUs  02m40.8s/12m0s  30.00 iters/s
time="2026-10-08T06:27:04Z" level=warning msg="Request Failed" error="Post \"http://auth-service.ecommerce.svc.cluster.local:8001/auth/login\": request timeout"
time="2026-10-08T06:27:04Z" level=warning msg="Request Failed" error="Post \"http://auth-service.ecommerce.svc.cluster.local:8001/auth/login\": request timeout"
time="2026-10-08T06:27:05Z" level=warning msg="Request Failed" error="Post \"http://auth-service.ecommerce.svc.cluster.local:8001/auth/login\": request timeout"

running (02m41.9s), 034/225 VUs, 1319 complete and 0 interrupted iterations
openloop_oscillating   [  22% ] 034/225 VUs  02m41.8s/12m0s  30.00 iters/s
time="2026-10-08T06:27:06Z" level=warning msg="Request Failed" error="Post \"http://auth-service.ecommerce.svc.cluster.local:8001/auth/login\": request timeout"
time="2026-10-08T06:27:06Z" level=warning msg="Request Failed" error="Post \"http://auth-service.ecommerce.svc.cluster.local:8001/auth/login\": request timeout"
time="2026-10-08T06:27:06Z" level=warning msg="Request Failed" error="Post \"http://auth-service.ecommerce.svc.cluster.local:8001/auth/login\": request timeout"
time="2026-10-08T06:27:06Z" level=warning msg="Request Failed" error="Post \"http://auth-service.ecommerce.svc.cluster.local:8001/auth/login\": request timeout"

running (02m42.9s), 054/225 VUs, 1329 complete and 0 interrupted iterations
openloop_oscillating   [  23% ] 054/225 VUs  02m42.8s/12m0s  30.00 iters/s
time="2026-10-08T06:27:07Z" level=warning msg="Request Failed" error="Post \"http://auth-service.ecommerce.svc.cluster.local:8001/auth/login\": request timeout"

running (02m43.9s), 079/225 VUs, 1334 complete and 0 interrupted iterations
openloop_oscillating   [  23% ] 079/225 VUs  02m43.8s/12m0s  30.00 iters/s
time="2026-10-08T06:27:08Z" level=warning msg="Request Failed" error="Post \"http://auth-service.ecommerce.svc.cluster.local:8001/auth/login\": request timeout"
time="2026-10-08T06:27:08Z" level=warning msg="Request Failed" error="Post \"http://auth-service.ecommerce.svc.cluster.local:8001/auth/login\": request timeout"
time="2026-10-08T06:27:08Z" level=warning msg="Request Failed" error="Post \"http://auth-service.ecommerce.svc.cluster.local:8001/auth/login\": request timeout"

running (02m44.9s), 103/225 VUs, 1340 complete and 0 interrupted iterations
openloop_oscillating   [  23% ] 103/225 VUs  02m44.8s/12m0s  30.00 iters/s
time="2026-10-08T06:27:09Z" level=warning msg="Request Failed" error="Post \"http://auth-service.ecommerce.svc.cluster.local:8001/auth/login\": request timeout"

running (02m45.9s), 107/225 VUs, 1366 complete and 0 interrupted iterations
openloop_oscillating   [  23% ] 107/225 VUs  02m45.8s/12m0s  30.00 iters/s
time="2026-10-08T06:27:09Z" level=warning msg="Request Failed" error="Post \"http://auth-service.ecommerce.svc.cluster.local:8001/auth/login\": request timeout"
time="2026-10-08T06:27:10Z" level=warning msg="Request Failed" error="Post \"http://auth-service.ecommerce.svc.cluster.local:8001/auth/login\": request timeout"

running (02m46.9s), 082/225 VUs, 1421 complete and 0 interrupted iterations
openloop_oscillating   [  23% ] 082/225 VUs  02m46.8s/12m0s  30.00 iters/s

running (02m47.9s), 085/225 VUs, 1448 complete and 0 interrupted iterations
openloop_oscillating   [  23% ] 085/225 VUs  02m47.8s/12m0s  30.00 iters/s
time="2026-10-08T06:27:11Z" level=warning msg="Request Failed" error="Post \"http://auth-service.ecommerce.svc.cluster.local:8001/auth/login\": request timeout"
time="2026-10-08T06:27:12Z" level=warning msg="Request Failed" error="Post \"http://auth-service.ecommerce.svc.cluster.local:8001/auth/login\": request timeout"
time="2026-10-08T06:27:12Z" level=warning msg="Request Failed" error="Post \"http://auth-service.ecommerce.svc.cluster.local:8001/auth/login\": request timeout"

running (02m48.9s), 091/225 VUs, 1472 complete and 0 interrupted iterations
openloop_oscillating   [  23% ] 091/225 VUs  02m48.8s/12m0s  30.00 iters/s
time="2026-10-08T06:27:12Z" level=warning msg="Request Failed" error="Post \"http://auth-service.ecommerce.svc.cluster.local:8001/auth/login\": request timeout"
time="2026-10-08T06:27:13Z" level=warning msg="Request Failed" error="Post \"http://auth-service.ecommerce.svc.cluster.local:8001/auth/login\": request timeout"

running (02m49.9s), 095/225 VUs, 1498 complete and 0 interrupted iterations
openloop_oscillating   [  24% ] 095/225 VUs  02m49.8s/12m0s  30.00 iters/s
time="2026-10-08T06:27:13Z" level=warning msg="Request Failed" error="Post \"http://auth-service.ecommerce.svc.cluster.local:8001/auth/login\": request timeout"
time="2026-10-08T06:27:13Z" level=warning msg="Request Failed" error="Post \"http://auth-service.ecommerce.svc.cluster.local:8001/auth/login\": request timeout"
time="2026-10-08T06:27:14Z" level=warning msg="Request Failed" error="Post \"http://auth-service.ecommerce.svc.cluster.local:8001/auth/login\": request timeout"
time="2026-10-08T06:27:14Z" level=warning msg="Request Failed" error="Post \"http://auth-service.ecommerce.svc.cluster.local:8001/auth/login\": request timeout"
time="2026-10-08T06:27:14Z" level=warning msg="Request Failed" error="Post \"http://auth-service.ecommerce.svc.cluster.local:8001/auth/login\": request timeout"
time="2026-10-08T06:27:14Z" level=warning msg="Request Failed" error="Post \"http://auth-service.ecommerce.svc.cluster.local:8001/auth/login\": request timeout"
time="2026-10-08T06:27:14Z" level=warning msg="Request Failed" error="Post \"http://auth-service.ecommerce.svc.cluster.local:8001/auth/login\": request timeout"

running (02m50.9s), 101/225 VUs, 1522 complete and 0 interrupted iterations
openloop_oscillating   [  24% ] 101/225 VUs  02m50.8s/12m0s  30.00 iters/s
time="2026-10-08T06:27:15Z" level=warning msg="Request Failed" error="Post \"http://auth-service.ecommerce.svc.cluster.local:8001/auth/login\": request timeout"

running (02m51.9s), 110/225 VUs, 1543 complete and 0 interrupted iterations
openloop_oscillating   [  24% ] 110/225 VUs  02m51.8s/12m0s  30.00 iters/s
time="2026-10-08T06:27:15Z" level=warning msg="Request Failed" error="Post \"http://auth-service.ecommerce.svc.cluster.local:8001/auth/login\": request timeout"
time="2026-10-08T06:27:16Z" level=warning msg="Request Failed" error="Post \"http://auth-service.ecommerce.svc.cluster.local:8001/auth/login\": request timeout"
time="2026-10-08T06:27:16Z" level=warning msg="Request Failed" error="Post \"http://auth-service.ecommerce.svc.cluster.local:8001/auth/login\": request timeout"

running (02m52.9s), 121/225 VUs, 1562 complete and 0 interrupted iterations
openloop_oscillating   [  24% ] 121/225 VUs  02m52.8s/12m0s  30.00 iters/s
time="2026-10-08T06:27:17Z" level=warning msg="Request Failed" error="Post \"http://auth-service.ecommerce.svc.cluster.local:8001/auth/login\": request timeout"
time="2026-10-08T06:27:17Z" level=warning msg="Request Failed" error="Get \"http://auth-service.ecommerce.svc.cluster.local:8001/auth/me\": request timeout"
time="2026-10-08T06:27:17Z" level=warning msg="Request Failed" error="Get \"http://auth-service.ecommerce.svc.cluster.local:8001/auth/me\": request timeout"
time="2026-10-08T06:27:17Z" level=warning msg="Request Failed" error="Get \"http://auth-service.ecommerce.svc.cluster.local:8001/auth/me\": request timeout"

running (02m53.9s), 127/225 VUs, 1586 complete and 0 interrupted iterations
openloop_oscillating   [  24% ] 127/225 VUs  02m53.8s/12m0s  30.00 iters/s

running (02m54.9s), 099/225 VUs, 1644 complete and 0 interrupted iterations
openloop_oscillating   [  24% ] 099/225 VUs  02m54.8s/12m0s  30.00 iters/s
time="2026-10-08T06:27:19Z" level=warning msg="Request Failed" error="Post \"http://auth-service.ecommerce.svc.cluster.local:8001/auth/login\": request timeout"
time="2026-10-08T06:27:19Z" level=warning msg="Request Failed" error="Post \"http://auth-service.ecommerce.svc.cluster.local:8001/auth/login\": request timeout"

running (02m55.9s), 102/225 VUs, 1671 complete and 0 interrupted iterations
openloop_oscillating   [  24% ] 102/225 VUs  02m55.8s/12m0s  30.00 iters/s
time="2026-10-08T06:27:20Z" level=warning msg="Request Failed" error="Post \"http://auth-service.ecommerce.svc.cluster.local:8001/auth/login\": request timeout"
time="2026-10-08T06:27:20Z" level=warning msg="Request Failed" error="Post \"http://auth-service.ecommerce.svc.cluster.local:8001/auth/login\": request timeout"

running (02m56.9s), 104/225 VUs, 1699 complete and 0 interrupted iterations
openloop_oscillating   [  25% ] 104/225 VUs  02m56.8s/12m0s  30.00 iters/s
time="2026-10-08T06:27:20Z" level=warning msg="Request Failed" error="Post \"http://auth-service.ecommerce.svc.cluster.local:8001/auth/login\": request timeout"
time="2026-10-08T06:27:20Z" level=warning msg="Request Failed" error="Post \"http://auth-service.ecommerce.svc.cluster.local:8001/auth/login\": request timeout"
time="2026-10-08T06:27:20Z" level=warning msg="Request Failed" error="Post \"http://auth-service.ecommerce.svc.cluster.local:8001/auth/login\": request timeout"

running (02m57.9s), 102/225 VUs, 1731 complete and 0 interrupted iterations
openloop_oscillating   [  25% ] 102/225 VUs  02m57.8s/12m0s  30.00 iters/s
time="2026-10-08T06:27:21Z" level=warning msg="Request Failed" error="Post \"http://auth-service.ecommerce.svc.cluster.local:8001/auth/login\": request timeout"
time="2026-10-08T06:27:22Z" level=warning msg="Request Failed" error="Post \"http://auth-service.ecommerce.svc.cluster.local:8001/auth/login\": request timeout"
time="2026-10-08T06:27:22Z" level=warning msg="Request Failed" error="Post \"http://auth-service.ecommerce.svc.cluster.local:8001/auth/login\": request timeout"

running (02m58.9s), 068/225 VUs, 1795 complete and 0 interrupted iterations
openloop_oscillating   [  25% ] 068/225 VUs  02m58.8s/12m0s  30.00 iters/s
time="2026-10-08T06:27:22Z" level=warning msg="Request Failed" error="Post \"http://auth-service.ecommerce.svc.cluster.local:8001/auth/login\": request timeout"
time="2026-10-08T06:27:22Z" level=warning msg="Request Failed" error="Post \"http://auth-service.ecommerce.svc.cluster.local:8001/auth/login\": request timeout"
time="2026-10-08T06:27:22Z" level=warning msg="Request Failed" error="Post \"http://auth-service.ecommerce.svc.cluster.local:8001/auth/login\": request timeout"
time="2026-10-08T06:27:23Z" level=warning msg="Request Failed" error="Post \"http://auth-service.ecommerce.svc.cluster.local:8001/auth/login\": request timeout"

running (02m59.9s), 036/225 VUs, 1857 complete and 0 interrupted iterations
openloop_oscillating   [  25% ] 036/225 VUs  02m59.8s/12m0s  30.00 iters/s
time="2026-10-08T06:27:23Z" level=warning msg="Request Failed" error="Post \"http://auth-service.ecommerce.svc.cluster.local:8001/auth/login\": request timeout"
time="2026-10-08T06:27:24Z" level=warning msg="Request Failed" error="Post \"http://auth-service.ecommerce.svc.cluster.local:8001/auth/login\": request timeout"

running (03m00.9s), 037/225 VUs, 1886 complete and 0 interrupted iterations
openloop_oscillating   [  25% ] 037/225 VUs  03m00.8s/12m0s  30.00 iters/s
time="2026-10-08T06:27:24Z" level=warning msg="Request Failed" error="Post \"http://auth-service.ecommerce.svc.cluster.local:8001/auth/login\": request timeout"

running (03m01.9s), 034/225 VUs, 1919 complete and 0 interrupted iterations
openloop_oscillating   [  25% ] 034/225 VUs  03m01.8s/12m0s  30.00 iters/s
time="2026-10-08T06:27:25Z" level=warning msg="Request Failed" error="Post \"http://auth-service.ecommerce.svc.cluster.local:8001/auth/login\": request timeout"
time="2026-10-08T06:27:26Z" level=warning msg="Request Failed" error="Post \"http://auth-service.ecommerce.svc.cluster.local:8001/auth/login\": request timeout"

running (03m02.9s), 024/225 VUs, 1959 complete and 0 interrupted iterations
openloop_oscillating   [  25% ] 024/225 VUs  03m02.8s/12m0s  30.00 iters/s

running (03m03.9s), 038/225 VUs, 1975 complete and 0 interrupted iterations
openloop_oscillating   [  26% ] 038/225 VUs  03m03.8s/12m0s  30.00 iters/s
time="2026-10-08T06:27:28Z" level=warning msg="Request Failed" error="Post \"http://auth-service.ecommerce.svc.cluster.local:8001/auth/login\": request timeout"
time="2026-10-08T06:27:28Z" level=warning msg="Request Failed" error="Post \"http://auth-service.ecommerce.svc.cluster.local:8001/auth/login\": request timeout"

running (03m04.9s), 022/225 VUs, 2021 complete and 0 interrupted iterations
openloop_oscillating   [  26% ] 022/225 VUs  03m04.8s/12m0s  30.00 iters/s

running (03m05.9s), 036/225 VUs, 2037 complete and 0 interrupted iterations
openloop_oscillating   [  26% ] 036/225 VUs  03m05.8s/12m0s  30.00 iters/s
time="2026-10-08T06:27:30Z" level=warning msg="Request Failed" error="Post \"http://auth-service.ecommerce.svc.cluster.local:8001/auth/login\": request timeout"
time="2026-10-08T06:27:30Z" level=warning msg="Request Failed" error="Post \"http://auth-service.ecommerce.svc.cluster.local:8001/auth/login\": request timeout"

running (03m06.9s), 017/225 VUs, 2086 complete and 0 interrupted iterations
openloop_oscillating   [  26% ] 017/225 VUs  03m06.8s/12m0s  30.00 iters/s
time="2026-10-08T06:27:31Z" level=warning msg="Request Failed" error="Post \"http://auth-service.ecommerce.svc.cluster.local:8001/auth/login\": request timeout"

running (03m07.9s), 032/225 VUs, 2101 complete and 0 interrupted iterations
openloop_oscillating   [  26% ] 032/225 VUs  03m07.8s/12m0s  30.00 iters/s

running (03m08.9s), 022/225 VUs, 2141 complete and 0 interrupted iterations
openloop_oscillating   [  26% ] 022/225 VUs  03m08.8s/12m0s  30.00 iters/s

running (03m09.9s), 020/225 VUs, 2173 complete and 0 interrupted iterations
openloop_oscillating   [  26% ] 020/225 VUs  03m09.8s/12m0s  30.00 iters/s

running (03m10.9s), 022/225 VUs, 2201 complete and 0 interrupted iterations
openloop_oscillating   [  26% ] 022/225 VUs  03m10.8s/12m0s  30.00 iters/s
time="2026-10-08T06:27:35Z" level=warning msg="Request Failed" error="Post \"http://auth-service.ecommerce.svc.cluster.local:8001/auth/login\": request timeout"
time="2026-10-08T06:27:35Z" level=warning msg="Request Failed" error="Post \"http://auth-service.ecommerce.svc.cluster.local:8001/auth/login\": request timeout"

running (03m11.9s), 022/225 VUs, 2231 complete and 0 interrupted iterations
openloop_oscillating   [  27% ] 022/225 VUs  03m11.8s/12m0s  30.00 iters/s
time="2026-10-08T06:27:36Z" level=warning msg="Request Failed" error="Post \"http://auth-service.ecommerce.svc.cluster.local:8001/auth/login\": request timeout"
time="2026-10-08T06:27:36Z" level=warning msg="Request Failed" error="Post \"http://auth-service.ecommerce.svc.cluster.local:8001/auth/login\": request timeout"
time="2026-10-08T06:27:36Z" level=warning msg="Request Failed" error="Post \"http://auth-service.ecommerce.svc.cluster.local:8001/auth/login\": request timeout"

running (03m12.9s), 025/225 VUs, 2258 complete and 0 interrupted iterations
openloop_oscillating   [  27% ] 025/225 VUs  03m12.8s/12m0s  30.00 iters/s
time="2026-10-08T06:27:36Z" level=warning msg="Request Failed" error="Post \"http://auth-service.ecommerce.svc.cluster.local:8001/auth/login\": request timeout"
time="2026-10-08T06:27:37Z" level=warning msg="Request Failed" error="Post \"http://auth-service.ecommerce.svc.cluster.local:8001/auth/login\": request timeout"

running (03m13.9s), 016/225 VUs, 2297 complete and 0 interrupted iterations
openloop_oscillating   [  27% ] 016/225 VUs  03m13.8s/12m0s  30.00 iters/s

running (03m14.9s), 023/225 VUs, 2320 complete and 0 interrupted iterations
openloop_oscillating   [  27% ] 023/225 VUs  03m14.8s/12m0s  30.00 iters/s
time="2026-10-08T06:27:39Z" level=warning msg="Request Failed" error="Post \"http://auth-service.ecommerce.svc.cluster.local:8001/auth/login\": request timeout"
time="2026-10-08T06:27:39Z" level=warning msg="Request Failed" error="Post \"http://auth-service.ecommerce.svc.cluster.local:8001/auth/login\": request timeout"

running (03m15.9s), 032/225 VUs, 2341 complete and 0 interrupted iterations
openloop_oscillating   [  27% ] 032/225 VUs  03m15.8s/12m0s  30.00 iters/s

running (03m16.9s), 041/225 VUs, 2362 complete and 0 interrupted iterations
openloop_oscillating   [  27% ] 041/225 VUs  03m16.8s/12m0s  30.00 iters/s
time="2026-10-08T06:27:41Z" level=warning msg="Request Failed" error="Post \"http://auth-service.ecommerce.svc.cluster.local:8001/auth/login\": request timeout"
time="2026-10-08T06:27:41Z" level=warning msg="Request Failed" error="Post \"http://auth-service.ecommerce.svc.cluster.local:8001/auth/login\": request timeout"

running (03m17.9s), 037/225 VUs, 2396 complete and 0 interrupted iterations
openloop_oscillating   [  27% ] 037/225 VUs  03m17.8s/12m0s  30.00 iters/s
time="2026-10-08T06:27:41Z" level=warning msg="Request Failed" error="Post \"http://auth-service.ecommerce.svc.cluster.local:8001/auth/login\": request timeout"
time="2026-10-08T06:27:41Z" level=warning msg="Request Failed" error="Post \"http://auth-service.ecommerce.svc.cluster.local:8001/auth/login\": request timeout"
time="2026-10-08T06:27:42Z" level=warning msg="Request Failed" error="Post \"http://auth-service.ecommerce.svc.cluster.local:8001/auth/login\": request timeout"
time="2026-10-08T06:27:42Z" level=warning msg="Request Failed" error="Post \"http://auth-service.ecommerce.svc.cluster.local:8001/auth/login\": request timeout"
time="2026-10-08T06:27:42Z" level=warning msg="Request Failed" error="Post \"http://auth-service.ecommerce.svc.cluster.local:8001/auth/login\": request timeout"

running (03m18.9s), 038/225 VUs, 2425 complete and 0 interrupted iterations
openloop_oscillating   [  28% ] 038/225 VUs  03m18.8s/12m0s  30.00 iters/s
time="2026-10-08T06:27:42Z" level=warning msg="Request Failed" error="Post \"http://auth-service.ecommerce.svc.cluster.local:8001/auth/login\": request timeout"

running (03m19.9s), 051/225 VUs, 2442 complete and 0 interrupted iterations
openloop_oscillating   [  28% ] 051/225 VUs  03m19.8s/12m0s  30.00 iters/s

running (03m20.9s), 063/225 VUs, 2460 complete and 0 interrupted iterations
openloop_oscillating   [  28% ] 063/225 VUs  03m20.8s/12m0s  30.00 iters/s
time="2026-10-08T06:27:44Z" level=warning msg="Request Failed" error="Post \"http://auth-service.ecommerce.svc.cluster.local:8001/auth/login\": request timeout"

running (03m21.9s), 026/225 VUs, 2527 complete and 0 interrupted iterations
openloop_oscillating   [  28% ] 026/225 VUs  03m21.8s/12m0s  30.00 iters/s

running (03m22.9s), 028/225 VUs, 2555 complete and 0 interrupted iterations
openloop_oscillating   [  28% ] 028/225 VUs  03m22.8s/12m0s  30.00 iters/s
time="2026-10-08T06:27:47Z" level=warning msg="Request Failed" error="Post \"http://auth-service.ecommerce.svc.cluster.local:8001/auth/login\": request timeout"

running (03m23.9s), 025/225 VUs, 2588 complete and 0 interrupted iterations
openloop_oscillating   [  28% ] 025/225 VUs  03m23.8s/12m0s  30.00 iters/s

running (03m24.9s), 026/225 VUs, 2617 complete and 0 interrupted iterations
openloop_oscillating   [  28% ] 026/225 VUs  03m24.8s/12m0s  30.00 iters/s
time="2026-10-08T06:27:48Z" level=warning msg="Request Failed" error="Post \"http://auth-service.ecommerce.svc.cluster.local:8001/auth/login\": request timeout"
time="2026-10-08T06:27:49Z" level=warning msg="Request Failed" error="Post \"http://auth-service.ecommerce.svc.cluster.local:8001/auth/login\": request timeout"
time="2026-10-08T06:27:49Z" level=warning msg="Request Failed" error="Post \"http://auth-service.ecommerce.svc.cluster.local:8001/auth/login\": request timeout"

running (03m25.9s), 021/225 VUs, 2652 complete and 0 interrupted iterations
openloop_oscillating   [  29% ] 021/225 VUs  03m25.8s/12m0s  30.00 iters/s

running (03m26.9s), 024/225 VUs, 2679 complete and 0 interrupted iterations
openloop_oscillating   [  29% ] 024/225 VUs  03m26.8s/12m0s  30.00 iters/s

running (03m27.9s), 026/225 VUs, 2707 complete and 0 interrupted iterations
openloop_oscillating   [  29% ] 026/225 VUs  03m27.8s/12m0s  30.00 iters/s
time="2026-10-08T06:27:51Z" level=warning msg="Request Failed" error="Post \"http://auth-service.ecommerce.svc.cluster.local:8001/auth/login\": request timeout"
time="2026-10-08T06:27:51Z" level=warning msg="Request Failed" error="Post \"http://auth-service.ecommerce.svc.cluster.local:8001/auth/login\": request timeout"
time="2026-10-08T06:27:52Z" level=warning msg="Request Failed" error="Post \"http://auth-service.ecommerce.svc.cluster.local:8001/auth/login\": request timeout"
time="2026-10-08T06:27:52Z" level=warning msg="Request Failed" error="Post \"http://auth-service.ecommerce.svc.cluster.local:8001/auth/login\": request timeout"

running (03m28.9s), 024/225 VUs, 2739 complete and 0 interrupted iterations
openloop_oscillating   [  29% ] 024/225 VUs  03m28.8s/12m0s  30.00 iters/s
time="2026-10-08T06:27:53Z" level=warning msg="Request Failed" error="Post \"http://auth-service.ecommerce.svc.cluster.local:8001/auth/login\": request timeout"
time="2026-10-08T06:27:53Z" level=warning msg="Request Failed" error="Post \"http://auth-service.ecommerce.svc.cluster.local:8001/auth/login\": request timeout"

running (03m29.9s), 023/225 VUs, 2770 complete and 0 interrupted iterations
openloop_oscillating   [  29% ] 023/225 VUs  03m29.8s/12m0s  30.00 iters/s

running (03m30.9s), 032/225 VUs, 2790 complete and 0 interrupted iterations
openloop_oscillating   [  29% ] 032/225 VUs  03m30.8s/12m0s  27.82 iters/s
time="2026-10-08T06:27:54Z" level=warning msg="Request Failed" error="Post \"http://auth-service.ecommerce.svc.cluster.local:8001/auth/login\": request timeout"
time="2026-10-08T06:27:55Z" level=warning msg="Request Failed" error="Post \"http://auth-service.ecommerce.svc.cluster.local:8001/auth/login\": request timeout"

running (03m31.9s), 027/225 VUs, 2822 complete and 0 interrupted iterations
openloop_oscillating   [  29% ] 027/225 VUs  03m31.8s/12m0s  24.96 iters/s
time="2026-10-08T06:27:55Z" level=warning msg="Request Failed" error="Post \"http://auth-service.ecommerce.svc.cluster.local:8001/auth/login\": request timeout"

running (03m32.9s), 023/225 VUs, 2849 complete and 0 interrupted iterations
openloop_oscillating   [  30% ] 023/225 VUs  03m32.8s/12m0s  22.23 iters/s

running (03m33.9s), 016/225 VUs, 2877 complete and 0 interrupted iterations
openloop_oscillating   [  30% ] 016/225 VUs  03m33.8s/12m0s  19.40 iters/s

running (03m34.9s), 013/225 VUs, 2898 complete and 0 interrupted iterations
openloop_oscillating   [  30% ] 013/225 VUs  03m34.8s/12m0s  16.60 iters/s
time="2026-10-08T06:27:59Z" level=warning msg="Request Failed" error="Post \"http://auth-service.ecommerce.svc.cluster.local:8001/auth/login\": request timeout"

running (03m35.9s), 018/225 VUs, 2908 complete and 0 interrupted iterations
openloop_oscillating   [  30% ] 018/225 VUs  03m35.8s/12m0s  13.84 iters/s
time="2026-10-08T06:27:59Z" level=warning msg="Request Failed" error="Post \"http://auth-service.ecommerce.svc.cluster.local:8001/auth/login\": request timeout"
time="2026-10-08T06:27:59Z" level=warning msg="Request Failed" error="Post \"http://auth-service.ecommerce.svc.cluster.local:8001/auth/login\": request timeout"
time="2026-10-08T06:28:00Z" level=warning msg="Request Failed" error="Post \"http://auth-service.ecommerce.svc.cluster.local:8001/auth/login\": request timeout"

running (03m36.9s), 016/225 VUs, 2923 complete and 0 interrupted iterations
openloop_oscillating   [  30% ] 016/225 VUs  03m36.8s/12m0s  10.90 iters/s

running (03m37.9s), 016/225 VUs, 2932 complete and 0 interrupted iterations
openloop_oscillating   [  30% ] 016/225 VUs  03m37.8s/12m0s  08.27 iters/s
time="2026-10-08T06:28:01Z" level=warning msg="Request Failed" error="Post \"http://auth-service.ecommerce.svc.cluster.local:8001/auth/login\": request timeout"

running (03m38.9s), 017/225 VUs, 2938 complete and 0 interrupted iterations
openloop_oscillating   [  30% ] 017/225 VUs  03m38.8s/12m0s  05.40 iters/s
time="2026-10-08T06:28:02Z" level=warning msg="Request Failed" error="Post \"http://auth-service.ecommerce.svc.cluster.local:8001/auth/login\": request timeout"
time="2026-10-08T06:28:03Z" level=warning msg="Request Failed" error="Post \"http://auth-service.ecommerce.svc.cluster.local:8001/auth/login\": request timeout"
time="2026-10-08T06:28:03Z" level=warning msg="Request Failed" error="Post \"http://auth-service.ecommerce.svc.cluster.local:8001/auth/login\": request timeout"

running (03m39.9s), 002/225 VUs, 2957 complete and 0 interrupted iterations
openloop_oscillating   [  31% ] 002/225 VUs  03m39.8s/12m0s  02.55 iters/s
time="2026-10-08T06:28:03Z" level=warning msg="Request Failed" error="Post \"http://auth-service.ecommerce.svc.cluster.local:8001/auth/login\": request timeout"

running (03m40.9s), 001/225 VUs, 2960 complete and 0 interrupted iterations
openloop_oscillating   [  31% ] 001/225 VUs  03m40.8s/12m0s  02.00 iters/s

running (03m41.9s), 000/225 VUs, 2963 complete and 0 interrupted iterations
openloop_oscillating   [  31% ] 000/225 VUs  03m41.8s/12m0s  02.00 iters/s

running (03m42.9s), 000/225 VUs, 2965 complete and 0 interrupted iterations
openloop_oscillating   [  31% ] 000/225 VUs  03m42.8s/12m0s  02.00 iters/s

running (03m43.9s), 000/225 VUs, 2967 complete and 0 interrupted iterations
openloop_oscillating   [  31% ] 000/225 VUs  03m43.8s/12m0s  02.00 iters/s

running (03m44.9s), 000/225 VUs, 2969 complete and 0 interrupted iterations
openloop_oscillating   [  31% ] 000/225 VUs  03m44.8s/12m0s  02.00 iters/s

running (03m45.9s), 000/225 VUs, 2971 complete and 0 interrupted iterations
openloop_oscillating   [  31% ] 000/225 VUs  03m45.8s/12m0s  02.00 iters/s

running (03m46.9s), 000/225 VUs, 2973 complete and 0 interrupted iterations
openloop_oscillating   [  31% ] 000/225 VUs  03m46.8s/12m0s  02.00 iters/s

running (03m47.9s), 000/225 VUs, 2975 complete and 0 interrupted iterations
openloop_oscillating   [  32% ] 000/225 VUs  03m47.8s/12m0s  02.00 iters/s

running (03m48.9s), 000/225 VUs, 2977 complete and 0 interrupted iterations
openloop_oscillating   [  32% ] 000/225 VUs  03m48.8s/12m0s  02.00 iters/s

running (03m49.9s), 000/225 VUs, 2979 complete and 0 interrupted iterations
openloop_oscillating   [  32% ] 000/225 VUs  03m49.8s/12m0s  02.00 iters/s

running (03m50.9s), 000/225 VUs, 2981 complete and 0 interrupted iterations
openloop_oscillating   [  32% ] 000/225 VUs  03m50.8s/12m0s  02.00 iters/s

running (03m51.9s), 000/225 VUs, 2983 complete and 0 interrupted iterations
openloop_oscillating   [  32% ] 000/225 VUs  03m51.8s/12m0s  02.00 iters/s

running (03m52.9s), 000/225 VUs, 2985 complete and 0 interrupted iterations
openloop_oscillating   [  32% ] 000/225 VUs  03m52.8s/12m0s  02.00 iters/s

running (03m53.9s), 000/225 VUs, 2987 complete and 0 interrupted iterations
openloop_oscillating   [  32% ] 000/225 VUs  03m53.8s/12m0s  02.00 iters/s

running (03m54.9s), 000/225 VUs, 2989 complete and 0 interrupted iterations
openloop_oscillating   [  33% ] 000/225 VUs  03m54.8s/12m0s  02.00 iters/s

running (03m55.9s), 000/225 VUs, 2991 complete and 0 interrupted iterations
openloop_oscillating   [  33% ] 000/225 VUs  03m55.8s/12m0s  02.00 iters/s

running (03m56.9s), 001/225 VUs, 2992 complete and 0 interrupted iterations
openloop_oscillating   [  33% ] 001/225 VUs  03m56.8s/12m0s  02.00 iters/s

running (03m57.9s), 000/225 VUs, 2995 complete and 0 interrupted iterations
openloop_oscillating   [  33% ] 000/225 VUs  03m57.8s/12m0s  02.00 iters/s

running (03m58.9s), 000/225 VUs, 2997 complete and 0 interrupted iterations
openloop_oscillating   [  33% ] 000/225 VUs  03m58.8s/12m0s  02.00 iters/s

running (03m59.9s), 000/225 VUs, 2999 complete and 0 interrupted iterations
openloop_oscillating   [  33% ] 000/225 VUs  03m59.8s/12m0s  02.00 iters/s

running (04m00.9s), 000/225 VUs, 3001 complete and 0 interrupted iterations
openloop_oscillating   [  33% ] 000/225 VUs  04m00.8s/12m0s  02.00 iters/s

running (04m01.9s), 000/225 VUs, 3003 complete and 0 interrupted iterations
openloop_oscillating   [  34% ] 000/225 VUs  04m01.8s/12m0s  02.00 iters/s

running (04m02.9s), 000/225 VUs, 3005 complete and 0 interrupted iterations
openloop_oscillating   [  34% ] 000/225 VUs  04m02.8s/12m0s  02.00 iters/s

running (04m03.9s), 000/225 VUs, 3007 complete and 0 interrupted iterations
openloop_oscillating   [  34% ] 000/225 VUs  04m03.8s/12m0s  02.00 iters/s

running (04m04.9s), 001/225 VUs, 3008 complete and 0 interrupted iterations
openloop_oscillating   [  34% ] 001/225 VUs  04m04.8s/12m0s  02.00 iters/s

running (04m05.9s), 001/225 VUs, 3010 complete and 0 interrupted iterations
openloop_oscillating   [  34% ] 001/225 VUs  04m05.8s/12m0s  02.00 iters/s

running (04m06.9s), 000/225 VUs, 3013 complete and 0 interrupted iterations
openloop_oscillating   [  34% ] 000/225 VUs  04m06.8s/12m0s  02.00 iters/s

running (04m07.9s), 000/225 VUs, 3015 complete and 0 interrupted iterations
openloop_oscillating   [  34% ] 000/225 VUs  04m07.8s/12m0s  02.00 iters/s

running (04m08.9s), 000/225 VUs, 3017 complete and 0 interrupted iterations
openloop_oscillating   [  35% ] 000/225 VUs  04m08.8s/12m0s  02.00 iters/s

running (04m09.9s), 000/225 VUs, 3019 complete and 0 interrupted iterations
openloop_oscillating   [  35% ] 000/225 VUs  04m09.8s/12m0s  02.00 iters/s

running (04m10.9s), 001/225 VUs, 3020 complete and 0 interrupted iterations
openloop_oscillating   [  35% ] 001/225 VUs  04m10.8s/12m0s  02.00 iters/s

running (04m11.9s), 000/225 VUs, 3023 complete and 0 interrupted iterations
openloop_oscillating   [  35% ] 000/225 VUs  04m11.8s/12m0s  02.00 iters/s

running (04m12.9s), 000/225 VUs, 3025 complete and 0 interrupted iterations
openloop_oscillating   [  35% ] 000/225 VUs  04m12.8s/12m0s  02.00 iters/s

running (04m13.9s), 000/225 VUs, 3027 complete and 0 interrupted iterations
openloop_oscillating   [  35% ] 000/225 VUs  04m13.8s/12m0s  02.00 iters/s

running (04m14.9s), 000/225 VUs, 3029 complete and 0 interrupted iterations
openloop_oscillating   [  35% ] 000/225 VUs  04m14.8s/12m0s  02.00 iters/s

running (04m15.9s), 000/225 VUs, 3031 complete and 0 interrupted iterations
openloop_oscillating   [  36% ] 000/225 VUs  04m15.8s/12m0s  02.00 iters/s

running (04m16.9s), 000/225 VUs, 3033 complete and 0 interrupted iterations
openloop_oscillating   [  36% ] 000/225 VUs  04m16.8s/12m0s  02.00 iters/s

running (04m17.9s), 000/225 VUs, 3035 complete and 0 interrupted iterations
openloop_oscillating   [  36% ] 000/225 VUs  04m17.8s/12m0s  02.00 iters/s

running (04m18.9s), 000/225 VUs, 3037 complete and 0 interrupted iterations
openloop_oscillating   [  36% ] 000/225 VUs  04m18.8s/12m0s  02.00 iters/s

running (04m19.9s), 000/225 VUs, 3039 complete and 0 interrupted iterations
openloop_oscillating   [  36% ] 000/225 VUs  04m19.8s/12m0s  02.00 iters/s

running (04m20.9s), 001/225 VUs, 3040 complete and 0 interrupted iterations
openloop_oscillating   [  36% ] 001/225 VUs  04m20.8s/12m0s  02.00 iters/s

running (04m21.9s), 000/225 VUs, 3043 complete and 0 interrupted iterations
openloop_oscillating   [  36% ] 000/225 VUs  04m21.8s/12m0s  02.00 iters/s

running (04m22.9s), 000/225 VUs, 3045 complete and 0 interrupted iterations
openloop_oscillating   [  36% ] 000/225 VUs  04m22.8s/12m0s  02.00 iters/s

running (04m23.9s), 000/225 VUs, 3047 complete and 0 interrupted iterations
openloop_oscillating   [  37% ] 000/225 VUs  04m23.8s/12m0s  02.00 iters/s

running (04m24.9s), 000/225 VUs, 3049 complete and 0 interrupted iterations
openloop_oscillating   [  37% ] 000/225 VUs  04m24.8s/12m0s  02.00 iters/s

running (04m25.9s), 000/225 VUs, 3051 complete and 0 interrupted iterations
openloop_oscillating   [  37% ] 000/225 VUs  04m25.8s/12m0s  02.00 iters/s

running (04m26.9s), 000/225 VUs, 3053 complete and 0 interrupted iterations
openloop_oscillating   [  37% ] 000/225 VUs  04m26.8s/12m0s  02.00 iters/s

running (04m27.9s), 001/225 VUs, 3054 complete and 0 interrupted iterations
openloop_oscillating   [  37% ] 001/225 VUs  04m27.8s/12m0s  02.00 iters/s

running (04m28.9s), 000/225 VUs, 3057 complete and 0 interrupted iterations
openloop_oscillating   [  37% ] 000/225 VUs  04m28.8s/12m0s  02.00 iters/s

running (04m29.9s), 000/225 VUs, 3059 complete and 0 interrupted iterations
openloop_oscillating   [  37% ] 000/225 VUs  04m29.8s/12m0s  02.00 iters/s

running (04m30.9s), 000/225 VUs, 3061 complete and 0 interrupted iterations
openloop_oscillating   [  38% ] 000/225 VUs  04m30.8s/12m0s  02.00 iters/s

running (04m31.9s), 000/225 VUs, 3063 complete and 0 interrupted iterations
openloop_oscillating   [  38% ] 000/225 VUs  04m31.8s/12m0s  02.00 iters/s

running (04m32.9s), 001/225 VUs, 3064 complete and 0 interrupted iterations
openloop_oscillating   [  38% ] 001/225 VUs  04m32.8s/12m0s  02.00 iters/s

running (04m33.9s), 000/225 VUs, 3067 complete and 0 interrupted iterations
openloop_oscillating   [  38% ] 000/225 VUs  04m33.8s/12m0s  02.00 iters/s

running (04m34.9s), 000/225 VUs, 3069 complete and 0 interrupted iterations
openloop_oscillating   [  38% ] 000/225 VUs  04m34.8s/12m0s  02.00 iters/s

running (04m35.9s), 000/225 VUs, 3071 complete and 0 interrupted iterations
openloop_oscillating   [  38% ] 000/225 VUs  04m35.8s/12m0s  02.00 iters/s

running (04m36.9s), 001/225 VUs, 3072 complete and 0 interrupted iterations
openloop_oscillating   [  38% ] 001/225 VUs  04m36.8s/12m0s  02.00 iters/s

running (04m37.9s), 000/225 VUs, 3075 complete and 0 interrupted iterations
openloop_oscillating   [  39% ] 000/225 VUs  04m37.8s/12m0s  02.00 iters/s

running (04m38.9s), 000/225 VUs, 3077 complete and 0 interrupted iterations
openloop_oscillating   [  39% ] 000/225 VUs  04m38.8s/12m0s  02.00 iters/s

running (04m39.9s), 000/225 VUs, 3079 complete and 0 interrupted iterations
openloop_oscillating   [  39% ] 000/225 VUs  04m39.8s/12m0s  02.00 iters/s

running (04m40.9s), 000/225 VUs, 3081 complete and 0 interrupted iterations
openloop_oscillating   [  39% ] 000/225 VUs  04m40.8s/12m0s  02.00 iters/s

running (04m41.9s), 000/225 VUs, 3083 complete and 0 interrupted iterations
openloop_oscillating   [  39% ] 000/225 VUs  04m41.8s/12m0s  02.00 iters/s

running (04m42.9s), 001/225 VUs, 3084 complete and 0 interrupted iterations
openloop_oscillating   [  39% ] 001/225 VUs  04m42.8s/12m0s  02.00 iters/s

running (04m43.9s), 000/225 VUs, 3087 complete and 0 interrupted iterations
openloop_oscillating   [  39% ] 000/225 VUs  04m43.8s/12m0s  02.00 iters/s

running (04m44.9s), 000/225 VUs, 3089 complete and 0 interrupted iterations
openloop_oscillating   [  40% ] 000/225 VUs  04m44.8s/12m0s  02.00 iters/s

running (04m45.9s), 000/225 VUs, 3091 complete and 0 interrupted iterations
openloop_oscillating   [  40% ] 000/225 VUs  04m45.8s/12m0s  02.00 iters/s

running (04m46.9s), 000/225 VUs, 3093 complete and 0 interrupted iterations
openloop_oscillating   [  40% ] 000/225 VUs  04m46.8s/12m0s  02.00 iters/s

running (04m47.9s), 000/225 VUs, 3095 complete and 0 interrupted iterations
openloop_oscillating   [  40% ] 000/225 VUs  04m47.8s/12m0s  02.00 iters/s

running (04m48.9s), 000/225 VUs, 3097 complete and 0 interrupted iterations
openloop_oscillating   [  40% ] 000/225 VUs  04m48.8s/12m0s  02.00 iters/s

running (04m49.9s), 000/225 VUs, 3099 complete and 0 interrupted iterations
openloop_oscillating   [  40% ] 000/225 VUs  04m49.8s/12m0s  02.00 iters/s

running (04m50.9s), 000/225 VUs, 3101 complete and 0 interrupted iterations
openloop_oscillating   [  40% ] 000/225 VUs  04m50.8s/12m0s  02.00 iters/s

running (04m51.9s), 001/225 VUs, 3102 complete and 0 interrupted iterations
openloop_oscillating   [  41% ] 001/225 VUs  04m51.8s/12m0s  02.00 iters/s

running (04m52.9s), 001/225 VUs, 3104 complete and 0 interrupted iterations
openloop_oscillating   [  41% ] 001/225 VUs  04m52.8s/12m0s  02.00 iters/s

running (04m53.9s), 000/225 VUs, 3107 complete and 0 interrupted iterations
openloop_oscillating   [  41% ] 000/225 VUs  04m53.8s/12m0s  02.00 iters/s

running (04m54.9s), 000/225 VUs, 3109 complete and 0 interrupted iterations
openloop_oscillating   [  41% ] 000/225 VUs  04m54.8s/12m0s  02.00 iters/s

running (04m55.9s), 000/225 VUs, 3111 complete and 0 interrupted iterations
openloop_oscillating   [  41% ] 000/225 VUs  04m55.8s/12m0s  02.00 iters/s

running (04m56.9s), 000/225 VUs, 3113 complete and 0 interrupted iterations
openloop_oscillating   [  41% ] 000/225 VUs  04m56.8s/12m0s  02.00 iters/s

running (04m57.9s), 000/225 VUs, 3115 complete and 0 interrupted iterations
openloop_oscillating   [  41% ] 000/225 VUs  04m57.8s/12m0s  02.00 iters/s

running (04m58.9s), 001/225 VUs, 3116 complete and 0 interrupted iterations
openloop_oscillating   [  41% ] 001/225 VUs  04m58.8s/12m0s  02.00 iters/s

running (04m59.9s), 000/225 VUs, 3119 complete and 0 interrupted iterations
openloop_oscillating   [  42% ] 000/225 VUs  04m59.8s/12m0s  02.00 iters/s

running (05m00.9s), 001/225 VUs, 3121 complete and 0 interrupted iterations
openloop_oscillating   [  42% ] 001/225 VUs  05m00.8s/12m0s  04.23 iters/s

running (05m01.9s), 001/225 VUs, 3127 complete and 0 interrupted iterations
openloop_oscillating   [  42% ] 001/225 VUs  05m01.8s/12m0s  07.18 iters/s

running (05m02.9s), 000/225 VUs, 3136 complete and 0 interrupted iterations
openloop_oscillating   [  42% ] 000/225 VUs  05m02.8s/12m0s  09.82 iters/s

running (05m03.9s), 002/225 VUs, 3145 complete and 0 interrupted iterations
openloop_oscillating   [  42% ] 002/225 VUs  05m03.8s/12m0s  12.57 iters/s

running (05m04.9s), 001/225 VUs, 3160 complete and 0 interrupted iterations
openloop_oscillating   [  42% ] 001/225 VUs  05m04.8s/12m0s  15.38 iters/s

running (05m05.9s), 000/225 VUs, 3178 complete and 0 interrupted iterations
openloop_oscillating   [  42% ] 000/225 VUs  05m05.8s/12m0s  18.21 iters/s

running (05m06.9s), 006/225 VUs, 3192 complete and 0 interrupted iterations
openloop_oscillating   [  43% ] 006/225 VUs  05m06.8s/12m0s  21.06 iters/s

running (05m07.9s), 017/225 VUs, 3203 complete and 0 interrupted iterations
openloop_oscillating   [  43% ] 017/225 VUs  05m07.8s/12m0s  23.81 iters/s

running (05m08.9s), 015/225 VUs, 3230 complete and 0 interrupted iterations
openloop_oscillating   [  43% ] 015/225 VUs  05m08.8s/12m0s  26.59 iters/s

running (05m09.9s), 021/225 VUs, 3252 complete and 0 interrupted iterations
openloop_oscillating   [  43% ] 021/225 VUs  05m09.8s/12m0s  29.39 iters/s

running (05m10.9s), 024/225 VUs, 3279 complete and 0 interrupted iterations
openloop_oscillating   [  43% ] 024/225 VUs  05m10.8s/12m0s  30.00 iters/s
time="2026-10-08T06:29:35Z" level=warning msg="Request Failed" error="Post \"http://auth-service.ecommerce.svc.cluster.local:8001/auth/login\": request timeout"

running (05m11.9s), 027/225 VUs, 3306 complete and 0 interrupted iterations
openloop_oscillating   [  43% ] 027/225 VUs  05m11.8s/12m0s  30.00 iters/s
time="2026-10-08T06:29:35Z" level=warning msg="Request Failed" error="Post \"http://auth-service.ecommerce.svc.cluster.local:8001/auth/login\": request timeout"
time="2026-10-08T06:29:35Z" level=warning msg="Request Failed" error="Post \"http://auth-service.ecommerce.svc.cluster.local:8001/auth/login\": request timeout"
time="2026-10-08T06:29:35Z" level=warning msg="Request Failed" error="Post \"http://auth-service.ecommerce.svc.cluster.local:8001/auth/login\": request timeout"
time="2026-10-08T06:29:36Z" level=warning msg="Request Failed" error="Post \"http://auth-service.ecommerce.svc.cluster.local:8001/auth/login\": request timeout"
time="2026-10-08T06:29:36Z" level=warning msg="Request Failed" error="Post \"http://auth-service.ecommerce.svc.cluster.local:8001/auth/login\": request timeout"
time="2026-10-08T06:29:36Z" level=warning msg="Request Failed" error="Post \"http://auth-service.ecommerce.svc.cluster.local:8001/auth/login\": request timeout"

running (05m12.9s), 031/225 VUs, 3332 complete and 0 interrupted iterations
openloop_oscillating   [  43% ] 031/225 VUs  05m12.8s/12m0s  30.00 iters/s

running (05m13.9s), 048/225 VUs, 3345 complete and 0 interrupted iterations
openloop_oscillating   [  44% ] 048/225 VUs  05m13.8s/12m0s  30.00 iters/s
time="2026-10-08T06:29:38Z" level=warning msg="Request Failed" error="Post \"http://auth-service.ecommerce.svc.cluster.local:8001/auth/login\": request timeout"

running (05m14.9s), 032/225 VUs, 3391 complete and 0 interrupted iterations
openloop_oscillating   [  44% ] 032/225 VUs  05m14.8s/12m0s  30.00 iters/s

running (05m15.9s), 037/225 VUs, 3416 complete and 0 interrupted iterations
openloop_oscillating   [  44% ] 037/225 VUs  05m15.8s/12m0s  30.00 iters/s
time="2026-10-08T06:29:39Z" level=warning msg="Request Failed" error="Post \"http://auth-service.ecommerce.svc.cluster.local:8001/auth/login\": request timeout"

running (05m16.9s), 041/225 VUs, 3442 complete and 0 interrupted iterations
openloop_oscillating   [  44% ] 041/225 VUs  05m16.8s/12m0s  30.00 iters/s

running (05m17.9s), 048/225 VUs, 3465 complete and 0 interrupted iterations
openloop_oscillating   [  44% ] 048/225 VUs  05m17.8s/12m0s  30.00 iters/s
time="2026-10-08T06:29:41Z" level=warning msg="Request Failed" error="Post \"http://auth-service.ecommerce.svc.cluster.local:8001/auth/login\": request timeout"
time="2026-10-08T06:29:41Z" level=warning msg="Request Failed" error="Post \"http://auth-service.ecommerce.svc.cluster.local:8001/auth/login\": request timeout"
time="2026-10-08T06:29:41Z" level=warning msg="Request Failed" error="Post \"http://auth-service.ecommerce.svc.cluster.local:8001/auth/login\": request timeout"
time="2026-10-08T06:29:41Z" level=warning msg="Request Failed" error="Post \"http://auth-service.ecommerce.svc.cluster.local:8001/auth/login\": request timeout"
time="2026-10-08T06:29:42Z" level=warning msg="Request Failed" error="Post \"http://auth-service.ecommerce.svc.cluster.local:8001/auth/login\": request timeout"
time="2026-10-08T06:29:42Z" level=warning msg="Request Failed" error="Post \"http://auth-service.ecommerce.svc.cluster.local:8001/auth/login\": request timeout"

running (05m18.9s), 050/225 VUs, 3493 complete and 0 interrupted iterations
openloop_oscillating   [  44% ] 050/225 VUs  05m18.8s/12m0s  30.00 iters/s
time="2026-10-08T06:29:42Z" level=warning msg="Request Failed" error="Post \"http://auth-service.ecommerce.svc.cluster.local:8001/auth/login\": request timeout"

running (05m19.9s), 058/225 VUs, 3515 complete and 0 interrupted iterations
openloop_oscillating   [  44% ] 058/225 VUs  05m19.8s/12m0s  30.00 iters/s

running (05m20.9s), 074/225 VUs, 3529 complete and 0 interrupted iterations
openloop_oscillating   [  45% ] 074/225 VUs  05m20.8s/12m0s  30.00 iters/s
time="2026-10-08T06:29:44Z" level=warning msg="Request Failed" error="Post \"http://auth-service.ecommerce.svc.cluster.local:8001/auth/login\": request timeout"

running (05m21.9s), 070/225 VUs, 3563 complete and 0 interrupted iterations
openloop_oscillating   [  45% ] 070/225 VUs  05m21.8s/12m0s  30.00 iters/s
time="2026-10-08T06:29:45Z" level=warning msg="Request Failed" error="Post \"http://auth-service.ecommerce.svc.cluster.local:8001/auth/login\": request timeout"
time="2026-10-08T06:29:46Z" level=warning msg="Request Failed" error="Post \"http://auth-service.ecommerce.svc.cluster.local:8001/auth/login\": request timeout"

running (05m22.9s), 087/225 VUs, 3576 complete and 0 interrupted iterations
openloop_oscillating   [  45% ] 087/225 VUs  05m22.8s/12m0s  30.00 iters/s
time="2026-10-08T06:29:46Z" level=warning msg="Request Failed" error="Post \"http://auth-service.ecommerce.svc.cluster.local:8001/auth/login\": request timeout"
time="2026-10-08T06:29:46Z" level=warning msg="Request Failed" error="Post \"http://auth-service.ecommerce.svc.cluster.local:8001/auth/login\": request timeout"

running (05m23.9s), 092/225 VUs, 3601 complete and 0 interrupted iterations
openloop_oscillating   [  45% ] 092/225 VUs  05m23.8s/12m0s  30.00 iters/s
time="2026-10-08T06:29:47Z" level=warning msg="Request Failed" error="Post \"http://auth-service.ecommerce.svc.cluster.local:8001/auth/login\": request timeout"
time="2026-10-08T06:29:48Z" level=warning msg="Request Failed" error="Post \"http://auth-service.ecommerce.svc.cluster.local:8001/auth/login\": request timeout"
time="2026-10-08T06:29:48Z" level=warning msg="Request Failed" error="Post \"http://auth-service.ecommerce.svc.cluster.local:8001/auth/login\": request timeout"
time="2026-10-08T06:29:48Z" level=warning msg="Request Failed" error="Post \"http://auth-service.ecommerce.svc.cluster.local:8001/auth/login\": request timeout"

running (05m24.9s), 097/225 VUs, 3626 complete and 0 interrupted iterations
openloop_oscillating   [  45% ] 097/225 VUs  05m24.8s/12m0s  30.00 iters/s
time="2026-10-08T06:29:48Z" level=warning msg="Request Failed" error="Post \"http://auth-service.ecommerce.svc.cluster.local:8001/auth/login\": request timeout"

running (05m25.9s), 106/225 VUs, 3647 complete and 0 interrupted iterations
openloop_oscillating   [  45% ] 106/225 VUs  05m25.8s/12m0s  30.00 iters/s
time="2026-10-08T06:29:49Z" level=warning msg="Request Failed" error="Post \"http://auth-service.ecommerce.svc.cluster.local:8001/auth/login\": request timeout"
time="2026-10-08T06:29:50Z" level=warning msg="Request Failed" error="Post \"http://auth-service.ecommerce.svc.cluster.local:8001/auth/login\": request timeout"

running (05m26.9s), 093/225 VUs, 3690 complete and 0 interrupted iterations
openloop_oscillating   [  45% ] 093/225 VUs  05m26.8s/12m0s  30.00 iters/s
time="2026-10-08T06:29:50Z" level=warning msg="Request Failed" error="Post \"http://auth-service.ecommerce.svc.cluster.local:8001/auth/login\": request timeout"
time="2026-10-08T06:29:51Z" level=warning msg="Request Failed" error="Post \"http://auth-service.ecommerce.svc.cluster.local:8001/auth/login\": request timeout"

running (05m27.9s), 076/225 VUs, 3737 complete and 0 interrupted iterations
openloop_oscillating   [  46% ] 076/225 VUs  05m27.8s/12m0s  30.00 iters/s
time="2026-10-08T06:29:52Z" level=warning msg="Request Failed" error="Post \"http://auth-service.ecommerce.svc.cluster.local:8001/auth/login\": request timeout"
time="2026-10-08T06:29:52Z" level=warning msg="Request Failed" error="Post \"http://auth-service.ecommerce.svc.cluster.local:8001/auth/login\": request timeout"

running (05m28.9s), 083/225 VUs, 3760 complete and 0 interrupted iterations
openloop_oscillating   [  46% ] 083/225 VUs  05m28.8s/12m0s  30.00 iters/s

running (05m29.9s), 055/225 VUs, 3818 complete and 0 interrupted iterations
openloop_oscillating   [  46% ] 055/225 VUs  05m29.8s/12m0s  30.00 iters/s
time="2026-10-08T06:29:54Z" level=warning msg="Request Failed" error="Post \"http://auth-service.ecommerce.svc.cluster.local:8001/auth/login\": request timeout"
time="2026-10-08T06:29:54Z" level=warning msg="Request Failed" error="Post \"http://auth-service.ecommerce.svc.cluster.local:8001/auth/login\": request timeout"

running (05m30.9s), 050/225 VUs, 3853 complete and 0 interrupted iterations
openloop_oscillating   [  46% ] 050/225 VUs  05m30.8s/12m0s  30.00 iters/s

running (05m31.9s), 030/225 VUs, 3903 complete and 0 interrupted iterations
openloop_oscillating   [  46% ] 030/225 VUs  05m31.8s/12m0s  30.00 iters/s
time="2026-10-08T06:29:56Z" level=warning msg="Request Failed" error="Post \"http://auth-service.ecommerce.svc.cluster.local:8001/auth/login\": request timeout"
time="2026-10-08T06:29:56Z" level=warning msg="Request Failed" error="Post \"http://auth-service.ecommerce.svc.cluster.local:8001/auth/login\": request timeout"

running (05m32.9s), 017/225 VUs, 3946 complete and 0 interrupted iterations
openloop_oscillating   [  46% ] 017/225 VUs  05m32.8s/12m0s  30.00 iters/s
time="2026-10-08T06:29:56Z" level=warning msg="Request Failed" error="Post \"http://auth-service.ecommerce.svc.cluster.local:8001/auth/login\": request timeout"
time="2026-10-08T06:29:57Z" level=warning msg="Request Failed" error="Post \"http://auth-service.ecommerce.svc.cluster.local:8001/auth/login\": request timeout"

running (05m33.9s), 017/225 VUs, 3976 complete and 0 interrupted iterations
openloop_oscillating   [  46% ] 017/225 VUs  05m33.8s/12m0s  30.00 iters/s
time="2026-10-08T06:29:58Z" level=warning msg="Request Failed" error="Post \"http://auth-service.ecommerce.svc.cluster.local:8001/auth/login\": request timeout"

running (05m34.9s), 030/225 VUs, 3993 complete and 0 interrupted iterations
openloop_oscillating   [  46% ] 030/225 VUs  05m34.8s/12m0s  30.00 iters/s

running (05m35.9s), 035/225 VUs, 4018 complete and 0 interrupted iterations
openloop_oscillating   [  47% ] 035/225 VUs  05m35.8s/12m0s  30.00 iters/s
time="2026-10-08T06:30:00Z" level=warning msg="Request Failed" error="Post \"http://auth-service.ecommerce.svc.cluster.local:8001/auth/login\": request timeout"

running (05m36.9s), 041/225 VUs, 4042 complete and 0 interrupted iterations
openloop_oscillating   [  47% ] 041/225 VUs  05m36.8s/12m0s  30.00 iters/s
time="2026-10-08T06:30:00Z" level=warning msg="Request Failed" error="Post \"http://auth-service.ecommerce.svc.cluster.local:8001/auth/login\": request timeout"
time="2026-10-08T06:30:01Z" level=warning msg="Request Failed" error="Post \"http://auth-service.ecommerce.svc.cluster.local:8001/auth/login\": request timeout"
time="2026-10-08T06:30:01Z" level=warning msg="Request Failed" error="Post \"http://auth-service.ecommerce.svc.cluster.local:8001/auth/login\": request timeout"

running (05m37.9s), 042/225 VUs, 4071 complete and 0 interrupted iterations
openloop_oscillating   [  47% ] 042/225 VUs  05m37.8s/12m0s  30.00 iters/s
time="2026-10-08T06:30:01Z" level=warning msg="Request Failed" error="Post \"http://auth-service.ecommerce.svc.cluster.local:8001/auth/login\": request timeout"

running (05m38.9s), 045/225 VUs, 4098 complete and 0 interrupted iterations
openloop_oscillating   [  47% ] 045/225 VUs  05m38.8s/12m0s  30.00 iters/s
time="2026-10-08T06:30:02Z" level=warning msg="Request Failed" error="Post \"http://auth-service.ecommerce.svc.cluster.local:8001/auth/login\": request timeout"

running (05m39.9s), 051/225 VUs, 4122 complete and 0 interrupted iterations
openloop_oscillating   [  47% ] 051/225 VUs  05m39.8s/12m0s  30.00 iters/s
time="2026-10-08T06:30:04Z" level=warning msg="Request Failed" error="Post \"http://auth-service.ecommerce.svc.cluster.local:8001/auth/login\": request timeout"

running (05m40.9s), 037/225 VUs, 4166 complete and 0 interrupted iterations
openloop_oscillating   [  47% ] 037/225 VUs  05m40.8s/12m0s  30.00 iters/s

running (05m41.9s), 024/225 VUs, 4209 complete and 0 interrupted iterations
openloop_oscillating   [  47% ] 024/225 VUs  05m41.8s/12m0s  30.00 iters/s
time="2026-10-08T06:30:06Z" level=warning msg="Request Failed" error="Post \"http://auth-service.ecommerce.svc.cluster.local:8001/auth/login\": request timeout"
time="2026-10-08T06:30:06Z" level=warning msg="Request Failed" error="Post \"http://auth-service.ecommerce.svc.cluster.local:8001/auth/login\": request timeout"

running (05m42.9s), 028/225 VUs, 4235 complete and 0 interrupted iterations
openloop_oscillating   [  48% ] 028/225 VUs  05m42.8s/12m0s  30.00 iters/s
time="2026-10-08T06:30:06Z" level=warning msg="Request Failed" error="Post \"http://auth-service.ecommerce.svc.cluster.local:8001/auth/login\": request timeout"

running (05m43.9s), 030/225 VUs, 4263 complete and 0 interrupted iterations
openloop_oscillating   [  48% ] 030/225 VUs  05m43.8s/12m0s  30.00 iters/s
time="2026-10-08T06:30:07Z" level=warning msg="Request Failed" error="Post \"http://auth-service.ecommerce.svc.cluster.local:8001/auth/login\": request timeout"
time="2026-10-08T06:30:08Z" level=warning msg="Request Failed" error="Post \"http://auth-service.ecommerce.svc.cluster.local:8001/auth/login\": request timeout"
time="2026-10-08T06:30:08Z" level=warning msg="Request Failed" error="Post \"http://auth-service.ecommerce.svc.cluster.local:8001/auth/login\": request timeout"
time="2026-10-08T06:30:08Z" level=warning msg="Request Failed" error="Post \"http://auth-service.ecommerce.svc.cluster.local:8001/auth/login\": request timeout"

running (05m44.9s), 022/225 VUs, 4301 complete and 0 interrupted iterations
openloop_oscillating   [  48% ] 022/225 VUs  05m44.8s/12m0s  30.00 iters/s
time="2026-10-08T06:30:09Z" level=warning msg="Request Failed" error="Post \"http://auth-service.ecommerce.svc.cluster.local:8001/auth/login\": request timeout"

running (05m45.9s), 018/225 VUs, 4335 complete and 0 interrupted iterations
openloop_oscillating   [  48% ] 018/225 VUs  05m45.8s/12m0s  30.00 iters/s
time="2026-10-08T06:30:09Z" level=warning msg="Request Failed" error="Post \"http://auth-service.ecommerce.svc.cluster.local:8001/auth/login\": request timeout"
time="2026-10-08T06:30:09Z" level=warning msg="Request Failed" error="Post \"http://auth-service.ecommerce.svc.cluster.local:8001/auth/login\": request timeout"
time="2026-10-08T06:30:09Z" level=warning msg="Request Failed" error="Post \"http://auth-service.ecommerce.svc.cluster.local:8001/auth/login\": request timeout"
time="2026-10-08T06:30:10Z" level=warning msg="Request Failed" error="Post \"http://auth-service.ecommerce.svc.cluster.local:8001/auth/login\": request timeout"
time="2026-10-08T06:30:10Z" level=warning msg="Request Failed" error="Post \"http://auth-service.ecommerce.svc.cluster.local:8001/auth/login\": request timeout"
time="2026-10-08T06:30:10Z" level=warning msg="Request Failed" error="Post \"http://auth-service.ecommerce.svc.cluster.local:8001/auth/login\": request timeout"

running (05m46.9s), 016/225 VUs, 4367 complete and 0 interrupted iterations
openloop_oscillating   [  48% ] 016/225 VUs  05m46.8s/12m0s  30.00 iters/s
time="2026-10-08T06:30:10Z" level=warning msg="Request Failed" error="Post \"http://auth-service.ecommerce.svc.cluster.local:8001/auth/login\": request timeout"

running (05m47.9s), 039/225 VUs, 4374 complete and 0 interrupted iterations
openloop_oscillating   [  48% ] 039/225 VUs  05m47.8s/12m0s  30.00 iters/s
time="2026-10-08T06:30:11Z" level=warning msg="Request Failed" error="Post \"http://auth-service.ecommerce.svc.cluster.local:8001/auth/login\": request timeout"
time="2026-10-08T06:30:12Z" level=warning msg="Request Failed" error="Post \"http://auth-service.ecommerce.svc.cluster.local:8001/auth/login\": request timeout"

running (05m48.9s), 065/225 VUs, 4378 complete and 0 interrupted iterations
openloop_oscillating   [  48% ] 065/225 VUs  05m48.8s/12m0s  30.00 iters/s
time="2026-10-08T06:30:13Z" level=warning msg="Request Failed" error="Post \"http://auth-service.ecommerce.svc.cluster.local:8001/auth/login\": request timeout"

running (05m49.9s), 083/225 VUs, 4390 complete and 0 interrupted iterations
openloop_oscillating   [  49% ] 083/225 VUs  05m49.8s/12m0s  30.00 iters/s
time="2026-10-08T06:30:13Z" level=warning msg="Request Failed" error="Post \"http://auth-service.ecommerce.svc.cluster.local:8001/auth/login\": request timeout"
time="2026-10-08T06:30:13Z" level=warning msg="Request Failed" error="Post \"http://auth-service.ecommerce.svc.cluster.local:8001/auth/login\": request timeout"

running (05m50.9s), 054/225 VUs, 4449 complete and 0 interrupted iterations
openloop_oscillating   [  49% ] 054/225 VUs  05m50.8s/12m0s  30.00 iters/s

running (05m51.9s), 058/225 VUs, 4475 complete and 0 interrupted iterations
openloop_oscillating   [  49% ] 058/225 VUs  05m51.8s/12m0s  30.00 iters/s
time="2026-10-08T06:30:16Z" level=warning msg="Request Failed" error="Post \"http://auth-service.ecommerce.svc.cluster.local:8001/auth/login\": request timeout"
time="2026-10-08T06:30:16Z" level=warning msg="Request Failed" error="Post \"http://auth-service.ecommerce.svc.cluster.local:8001/auth/login\": request timeout"

running (05m52.9s), 060/225 VUs, 4503 complete and 0 interrupted iterations
openloop_oscillating   [  49% ] 060/225 VUs  05m52.8s/12m0s  30.00 iters/s

running (05m53.9s), 080/225 VUs, 4513 complete and 0 interrupted iterations
openloop_oscillating   [  49% ] 080/225 VUs  05m53.8s/12m0s  30.00 iters/s
time="2026-10-08T06:30:17Z" level=warning msg="Request Failed" error="Post \"http://auth-service.ecommerce.svc.cluster.local:8001/auth/login\": request timeout"
time="2026-10-08T06:30:17Z" level=warning msg="Request Failed" error="Post \"http://auth-service.ecommerce.svc.cluster.local:8001/auth/login\": request timeout"
time="2026-10-08T06:30:18Z" level=warning msg="Request Failed" error="Post \"http://auth-service.ecommerce.svc.cluster.local:8001/auth/login\": request timeout"
time="2026-10-08T06:30:18Z" level=warning msg="Request Failed" error="Post \"http://auth-service.ecommerce.svc.cluster.local:8001/auth/login\": request timeout"
time="2026-10-08T06:30:18Z" level=warning msg="Request Failed" error="Post \"http://auth-service.ecommerce.svc.cluster.local:8001/auth/login\": request timeout"

running (05m54.9s), 080/225 VUs, 4543 complete and 0 interrupted iterations
openloop_oscillating   [  49% ] 080/225 VUs  05m54.8s/12m0s  30.00 iters/s
time="2026-10-08T06:30:18Z" level=warning msg="Request Failed" error="Post \"http://auth-service.ecommerce.svc.cluster.local:8001/auth/login\": request timeout"
time="2026-10-08T06:30:19Z" level=warning msg="Request Failed" error="Post \"http://auth-service.ecommerce.svc.cluster.local:8001/auth/login\": request timeout"

running (05m55.9s), 083/225 VUs, 4570 complete and 0 interrupted iterations
openloop_oscillating   [  49% ] 083/225 VUs  05m55.8s/12m0s  30.00 iters/s
time="2026-10-08T06:30:19Z" level=warning msg="Request Failed" error="Post \"http://auth-service.ecommerce.svc.cluster.local:8001/auth/login\": request timeout"
time="2026-10-08T06:30:20Z" level=warning msg="Request Failed" error="Post \"http://auth-service.ecommerce.svc.cluster.local:8001/auth/login\": request timeout"

running (05m56.9s), 084/225 VUs, 4599 complete and 0 interrupted iterations
openloop_oscillating   [  50% ] 084/225 VUs  05m56.8s/12m0s  30.00 iters/s

running (05m57.9s), 080/225 VUs, 4633 complete and 0 interrupted iterations
openloop_oscillating   [  50% ] 080/225 VUs  05m57.8s/12m0s  30.00 iters/s
time="2026-10-08T06:30:22Z" level=warning msg="Request Failed" error="Post \"http://auth-service.ecommerce.svc.cluster.local:8001/auth/login\": request timeout"
time="2026-10-08T06:30:22Z" level=warning msg="Request Failed" error="Post \"http://auth-service.ecommerce.svc.cluster.local:8001/auth/login\": request timeout"

running (05m58.9s), 049/225 VUs, 4694 complete and 0 interrupted iterations
openloop_oscillating   [  50% ] 049/225 VUs  05m58.8s/12m0s  30.00 iters/s
time="2026-10-08T06:30:23Z" level=warning msg="Request Failed" error="Post \"http://auth-service.ecommerce.svc.cluster.local:8001/auth/login\": request timeout"

running (05m59.9s), 014/225 VUs, 4759 complete and 0 interrupted iterations
openloop_oscillating   [  50% ] 014/225 VUs  05m59.8s/12m0s  30.00 iters/s
time="2026-10-08T06:30:24Z" level=warning msg="Request Failed" error="Post \"http://auth-service.ecommerce.svc.cluster.local:8001/auth/login\": request timeout"

running (06m00.9s), 020/225 VUs, 4783 complete and 0 interrupted iterations
openloop_oscillating   [  50% ] 020/225 VUs  06m00.8s/12m0s  30.00 iters/s
time="2026-10-08T06:30:24Z" level=warning msg="Request Failed" error="Post \"http://auth-service.ecommerce.svc.cluster.local:8001/auth/login\": request timeout"
time="2026-10-08T06:30:25Z" level=warning msg="Request Failed" error="Post \"http://auth-service.ecommerce.svc.cluster.local:8001/auth/login\": request timeout"

running (06m01.9s), 022/225 VUs, 4811 complete and 0 interrupted iterations
openloop_oscillating   [  50% ] 022/225 VUs  06m01.8s/12m0s  30.00 iters/s
time="2026-10-08T06:30:26Z" level=warning msg="Request Failed" error="Post \"http://auth-service.ecommerce.svc.cluster.local:8001/auth/login\": request timeout"

running (06m02.9s), 023/225 VUs, 4840 complete and 0 interrupted iterations
openloop_oscillating   [  50% ] 023/225 VUs  06m02.8s/12m0s  30.00 iters/s

running (06m03.9s), 034/225 VUs, 4859 complete and 0 interrupted iterations
openloop_oscillating   [  51% ] 034/225 VUs  06m03.8s/12m0s  30.00 iters/s
time="2026-10-08T06:30:28Z" level=warning msg="Request Failed" error="Post \"http://auth-service.ecommerce.svc.cluster.local:8001/auth/login\": request timeout"

running (06m04.9s), 033/225 VUs, 4890 complete and 0 interrupted iterations
openloop_oscillating   [  51% ] 033/225 VUs  06m04.8s/12m0s  30.00 iters/s

running (06m05.9s), 024/225 VUs, 4929 complete and 0 interrupted iterations
openloop_oscillating   [  51% ] 024/225 VUs  06m05.8s/12m0s  30.00 iters/s

running (06m06.9s), 034/225 VUs, 4949 complete and 0 interrupted iterations
openloop_oscillating   [  51% ] 034/225 VUs  06m06.8s/12m0s  30.00 iters/s

running (06m07.9s), 029/225 VUs, 4984 complete and 0 interrupted iterations
openloop_oscillating   [  51% ] 029/225 VUs  06m07.8s/12m0s  30.00 iters/s
time="2026-10-08T06:30:32Z" level=warning msg="Request Failed" error="Post \"http://auth-service.ecommerce.svc.cluster.local:8001/auth/login\": request timeout"
time="2026-10-08T06:30:32Z" level=warning msg="Request Failed" error="Post \"http://auth-service.ecommerce.svc.cluster.local:8001/auth/login\": request timeout"

running (06m08.9s), 033/225 VUs, 5010 complete and 0 interrupted iterations
openloop_oscillating   [  51% ] 033/225 VUs  06m08.8s/12m0s  30.00 iters/s
time="2026-10-08T06:30:32Z" level=warning msg="Request Failed" error="Post \"http://auth-service.ecommerce.svc.cluster.local:8001/auth/login\": request timeout"
time="2026-10-08T06:30:33Z" level=warning msg="Request Failed" error="Post \"http://auth-service.ecommerce.svc.cluster.local:8001/auth/login\": request timeout"

running (06m09.9s), 039/225 VUs, 5034 complete and 0 interrupted iterations
openloop_oscillating   [  51% ] 039/225 VUs  06m09.8s/12m0s  30.00 iters/s
time="2026-10-08T06:30:33Z" level=warning msg="Request Failed" error="Post \"http://auth-service.ecommerce.svc.cluster.local:8001/auth/login\": request timeout"
time="2026-10-08T06:30:34Z" level=warning msg="Request Failed" error="Post \"http://auth-service.ecommerce.svc.cluster.local:8001/auth/login\": request timeout"
time="2026-10-08T06:30:34Z" level=warning msg="Request Failed" error="Post \"http://auth-service.ecommerce.svc.cluster.local:8001/auth/login\": request timeout"

running (06m10.9s), 016/225 VUs, 5087 complete and 0 interrupted iterations
openloop_oscillating   [  51% ] 016/225 VUs  06m10.8s/12m0s  30.00 iters/s
time="2026-10-08T06:30:34Z" level=warning msg="Request Failed" error="Post \"http://auth-service.ecommerce.svc.cluster.local:8001/auth/login\": request timeout"
time="2026-10-08T06:30:35Z" level=warning msg="Request Failed" error="Post \"http://auth-service.ecommerce.svc.cluster.local:8001/auth/login\": request timeout"

running (06m11.9s), 020/225 VUs, 5113 complete and 0 interrupted iterations
openloop_oscillating   [  52% ] 020/225 VUs  06m11.8s/12m0s  30.00 iters/s
time="2026-10-08T06:30:35Z" level=warning msg="Request Failed" error="Post \"http://auth-service.ecommerce.svc.cluster.local:8001/auth/login\": request timeout"
time="2026-10-08T06:30:36Z" level=warning msg="Request Failed" error="Post \"http://auth-service.ecommerce.svc.cluster.local:8001/auth/login\": request timeout"
time="2026-10-08T06:30:36Z" level=warning msg="Request Failed" error="Post \"http://auth-service.ecommerce.svc.cluster.local:8001/auth/login\": request timeout"

running (06m12.9s), 016/225 VUs, 5147 complete and 0 interrupted iterations
openloop_oscillating   [  52% ] 016/225 VUs  06m12.8s/12m0s  30.00 iters/s
time="2026-10-08T06:30:36Z" level=warning msg="Request Failed" error="Post \"http://auth-service.ecommerce.svc.cluster.local:8001/auth/login\": request timeout"
time="2026-10-08T06:30:37Z" level=warning msg="Request Failed" error="Post \"http://auth-service.ecommerce.svc.cluster.local:8001/auth/login\": request timeout"
time="2026-10-08T06:30:37Z" level=warning msg="Request Failed" error="Post \"http://auth-service.ecommerce.svc.cluster.local:8001/auth/login\": request timeout"

running (06m13.9s), 019/225 VUs, 5174 complete and 0 interrupted iterations
openloop_oscillating   [  52% ] 019/225 VUs  06m13.8s/12m0s  30.00 iters/s
time="2026-10-08T06:30:37Z" level=warning msg="Request Failed" error="Post \"http://auth-service.ecommerce.svc.cluster.local:8001/auth/login\": request timeout"
time="2026-10-08T06:30:37Z" level=warning msg="Request Failed" error="Post \"http://auth-service.ecommerce.svc.cluster.local:8001/auth/login\": request timeout"

running (06m14.9s), 018/225 VUs, 5205 complete and 0 interrupted iterations
openloop_oscillating   [  52% ] 018/225 VUs  06m14.8s/12m0s  30.00 iters/s

running (06m15.9s), 020/225 VUs, 5233 complete and 0 interrupted iterations
openloop_oscillating   [  52% ] 020/225 VUs  06m15.8s/12m0s  30.00 iters/s
time="2026-10-08T06:30:40Z" level=warning msg="Request Failed" error="Post \"http://auth-service.ecommerce.svc.cluster.local:8001/auth/login\": request timeout"

running (06m16.9s), 021/225 VUs, 5262 complete and 0 interrupted iterations
openloop_oscillating   [  52% ] 021/225 VUs  06m16.8s/12m0s  30.00 iters/s
time="2026-10-08T06:30:40Z" level=warning msg="Request Failed" error="Post \"http://auth-service.ecommerce.svc.cluster.local:8001/auth/login\": request timeout"

running (06m17.9s), 020/225 VUs, 5293 complete and 0 interrupted iterations
openloop_oscillating   [  52% ] 020/225 VUs  06m17.8s/12m0s  30.00 iters/s
time="2026-10-08T06:30:42Z" level=warning msg="Request Failed" error="Post \"http://auth-service.ecommerce.svc.cluster.local:8001/auth/login\": request timeout"
time="2026-10-08T06:30:42Z" level=warning msg="Request Failed" error="Post \"http://auth-service.ecommerce.svc.cluster.local:8001/auth/login\": request timeout"

running (06m18.9s), 017/225 VUs, 5326 complete and 0 interrupted iterations
openloop_oscillating   [  53% ] 017/225 VUs  06m18.8s/12m0s  30.00 iters/s
time="2026-10-08T06:30:42Z" level=warning msg="Request Failed" error="Post \"http://auth-service.ecommerce.svc.cluster.local:8001/auth/login\": request timeout"
time="2026-10-08T06:30:43Z" level=warning msg="Request Failed" error="Post \"http://auth-service.ecommerce.svc.cluster.local:8001/auth/login\": request timeout"
time="2026-10-08T06:30:43Z" level=warning msg="Request Failed" error="Post \"http://auth-service.ecommerce.svc.cluster.local:8001/auth/login\": request timeout"

running (06m19.9s), 020/225 VUs, 5353 complete and 0 interrupted iterations
openloop_oscillating   [  53% ] 020/225 VUs  06m19.8s/12m0s  30.00 iters/s
time="2026-10-08T06:30:44Z" level=warning msg="Request Failed" error="Post \"http://auth-service.ecommerce.svc.cluster.local:8001/auth/login\": request timeout"

running (06m20.9s), 025/225 VUs, 5378 complete and 0 interrupted iterations
openloop_oscillating   [  53% ] 025/225 VUs  06m20.8s/12m0s  30.00 iters/s
time="2026-10-08T06:30:45Z" level=warning msg="Request Failed" error="Post \"http://auth-service.ecommerce.svc.cluster.local:8001/auth/login\": request timeout"
time="2026-10-08T06:30:45Z" level=warning msg="Request Failed" error="Post \"http://auth-service.ecommerce.svc.cluster.local:8001/auth/login\": request timeout"

running (06m21.9s), 020/225 VUs, 5413 complete and 0 interrupted iterations
openloop_oscillating   [  53% ] 020/225 VUs  06m21.8s/12m0s  30.00 iters/s
time="2026-10-08T06:30:45Z" level=warning msg="Request Failed" error="Post \"http://auth-service.ecommerce.svc.cluster.local:8001/auth/login\": request timeout"

running (06m22.9s), 015/225 VUs, 5448 complete and 0 interrupted iterations
openloop_oscillating   [  53% ] 015/225 VUs  06m22.8s/12m0s  30.00 iters/s

running (06m23.9s), 021/225 VUs, 5472 complete and 0 interrupted iterations
openloop_oscillating   [  53% ] 021/225 VUs  06m23.8s/12m0s  30.00 iters/s
time="2026-10-08T06:30:47Z" level=warning msg="Request Failed" error="Post \"http://auth-service.ecommerce.svc.cluster.local:8001/auth/login\": request timeout"

running (06m24.9s), 022/225 VUs, 5501 complete and 0 interrupted iterations
openloop_oscillating   [  53% ] 022/225 VUs  06m24.8s/12m0s  30.00 iters/s
time="2026-10-08T06:30:48Z" level=warning msg="Request Failed" error="Post \"http://auth-service.ecommerce.svc.cluster.local:8001/auth/login\": request timeout"
time="2026-10-08T06:30:48Z" level=warning msg="Request Failed" error="Post \"http://auth-service.ecommerce.svc.cluster.local:8001/auth/login\": request timeout"

running (06m25.9s), 020/225 VUs, 5533 complete and 0 interrupted iterations
openloop_oscillating   [  54% ] 020/225 VUs  06m25.8s/12m0s  30.00 iters/s
time="2026-10-08T06:30:50Z" level=warning msg="Request Failed" error="Post \"http://auth-service.ecommerce.svc.cluster.local:8001/auth/login\": request timeout"
time="2026-10-08T06:30:50Z" level=warning msg="Request Failed" error="Post \"http://auth-service.ecommerce.svc.cluster.local:8001/auth/login\": request timeout"

running (06m26.9s), 021/225 VUs, 5562 complete and 0 interrupted iterations
openloop_oscillating   [  54% ] 021/225 VUs  06m26.8s/12m0s  30.00 iters/s
time="2026-10-08T06:30:51Z" level=warning msg="Request Failed" error="Post \"http://auth-service.ecommerce.svc.cluster.local:8001/auth/login\": request timeout"
time="2026-10-08T06:30:51Z" level=warning msg="Request Failed" error="Post \"http://auth-service.ecommerce.svc.cluster.local:8001/auth/login\": request timeout"
time="2026-10-08T06:30:51Z" level=warning msg="Request Failed" error="Post \"http://auth-service.ecommerce.svc.cluster.local:8001/auth/login\": request timeout"

running (06m27.9s), 021/225 VUs, 5592 complete and 0 interrupted iterations
openloop_oscillating   [  54% ] 021/225 VUs  06m27.8s/12m0s  30.00 iters/s
time="2026-10-08T06:30:52Z" level=warning msg="Request Failed" error="Post \"http://auth-service.ecommerce.svc.cluster.local:8001/auth/login\": request timeout"

running (06m28.9s), 018/225 VUs, 5625 complete and 0 interrupted iterations
openloop_oscillating   [  54% ] 018/225 VUs  06m28.8s/12m0s  30.00 iters/s
time="2026-10-08T06:30:53Z" level=warning msg="Request Failed" error="Post \"http://auth-service.ecommerce.svc.cluster.local:8001/auth/login\": request timeout"
time="2026-10-08T06:30:53Z" level=warning msg="Request Failed" error="Post \"http://auth-service.ecommerce.svc.cluster.local:8001/auth/login\": request timeout"

running (06m29.9s), 021/225 VUs, 5652 complete and 0 interrupted iterations
openloop_oscillating   [  54% ] 021/225 VUs  06m29.8s/12m0s  30.00 iters/s
time="2026-10-08T06:30:53Z" level=warning msg="Request Failed" error="Post \"http://auth-service.ecommerce.svc.cluster.local:8001/auth/login\": request timeout"
time="2026-10-08T06:30:54Z" level=warning msg="Request Failed" error="Post \"http://auth-service.ecommerce.svc.cluster.local:8001/auth/login\": request timeout"
time="2026-10-08T06:30:54Z" level=warning msg="Request Failed" error="Post \"http://auth-service.ecommerce.svc.cluster.local:8001/auth/login\": request timeout"

running (06m30.9s), 020/225 VUs, 5682 complete and 0 interrupted iterations
openloop_oscillating   [  54% ] 020/225 VUs  06m30.8s/12m0s  27.82 iters/s
time="2026-10-08T06:30:55Z" level=warning msg="Request Failed" error="Post \"http://auth-service.ecommerce.svc.cluster.local:8001/auth/login\": request timeout"
time="2026-10-08T06:30:55Z" level=warning msg="Request Failed" error="request timeout"

running (06m31.9s), 044/225 VUs, 5685 complete and 0 interrupted iterations
openloop_oscillating   [  54% ] 044/225 VUs  06m31.8s/12m0s  24.96 iters/s

running (06m32.9s), 012/225 VUs, 5740 complete and 0 interrupted iterations
openloop_oscillating   [  55% ] 012/225 VUs  06m32.8s/12m0s  22.23 iters/s

running (06m33.9s), 015/225 VUs, 5758 complete and 0 interrupted iterations
openloop_oscillating   [  55% ] 015/225 VUs  06m33.8s/12m0s  19.40 iters/s

running (06m34.9s), 015/225 VUs, 5776 complete and 0 interrupted iterations
openloop_oscillating   [  55% ] 015/225 VUs  06m34.8s/12m0s  16.60 iters/s

running (06m35.9s), 022/225 VUs, 5784 complete and 0 interrupted iterations
openloop_oscillating   [  55% ] 022/225 VUs  06m35.8s/12m0s  13.84 iters/s

running (06m36.9s), 017/225 VUs, 5802 complete and 0 interrupted iterations
openloop_oscillating   [  55% ] 017/225 VUs  06m36.8s/12m0s  10.90 iters/s
time="2026-10-08T06:31:00Z" level=warning msg="Request Failed" error="Post \"http://auth-service.ecommerce.svc.cluster.local:8001/auth/login\": request timeout"
time="2026-10-08T06:31:01Z" level=warning msg="Request Failed" error="Post \"http://auth-service.ecommerce.svc.cluster.local:8001/auth/login\": request timeout"

running (06m37.9s), 023/225 VUs, 5805 complete and 0 interrupted iterations
openloop_oscillating   [  55% ] 023/225 VUs  06m37.8s/12m0s  08.27 iters/s
time="2026-10-08T06:31:01Z" level=warning msg="Request Failed" error="Post \"http://auth-service.ecommerce.svc.cluster.local:8001/auth/login\": request timeout"
time="2026-10-08T06:31:01Z" level=warning msg="Request Failed" error="Post \"http://auth-service.ecommerce.svc.cluster.local:8001/auth/login\": request timeout"
time="2026-10-08T06:31:02Z" level=warning msg="Request Failed" error="Post \"http://auth-service.ecommerce.svc.cluster.local:8001/auth/login\": request timeout"
time="2026-10-08T06:31:02Z" level=warning msg="Request Failed" error="Post \"http://auth-service.ecommerce.svc.cluster.local:8001/auth/login\": request timeout"

running (06m38.9s), 015/225 VUs, 5820 complete and 0 interrupted iterations
openloop_oscillating   [  55% ] 015/225 VUs  06m38.8s/12m0s  05.40 iters/s
time="2026-10-08T06:31:02Z" level=warning msg="Request Failed" error="Post \"http://auth-service.ecommerce.svc.cluster.local:8001/auth/login\": request timeout"
time="2026-10-08T06:31:02Z" level=warning msg="Request Failed" error="Post \"http://auth-service.ecommerce.svc.cluster.local:8001/auth/login\": request timeout"
time="2026-10-08T06:31:02Z" level=warning msg="Request Failed" error="Post \"http://auth-service.ecommerce.svc.cluster.local:8001/auth/login\": request timeout"
time="2026-10-08T06:31:03Z" level=warning msg="Request Failed" error="Post \"http://auth-service.ecommerce.svc.cluster.local:8001/auth/login\": request timeout"

running (06m39.9s), 003/225 VUs, 5836 complete and 0 interrupted iterations
openloop_oscillating   [  56% ] 003/225 VUs  06m39.8s/12m0s  02.55 iters/s
time="2026-10-08T06:31:04Z" level=warning msg="Request Failed" error="Post \"http://auth-service.ecommerce.svc.cluster.local:8001/auth/login\": request timeout"

running (06m40.9s), 002/225 VUs, 5839 complete and 0 interrupted iterations
openloop_oscillating   [  56% ] 002/225 VUs  06m40.8s/12m0s  02.00 iters/s

running (06m41.9s), 000/225 VUs, 5843 complete and 0 interrupted iterations
openloop_oscillating   [  56% ] 000/225 VUs  06m41.8s/12m0s  02.00 iters/s

running (06m42.9s), 001/225 VUs, 5844 complete and 0 interrupted iterations
openloop_oscillating   [  56% ] 001/225 VUs  06m42.8s/12m0s  02.00 iters/s

running (06m43.9s), 000/225 VUs, 5847 complete and 0 interrupted iterations
openloop_oscillating   [  56% ] 000/225 VUs  06m43.8s/12m0s  02.00 iters/s

running (06m44.9s), 000/225 VUs, 5849 complete and 0 interrupted iterations
openloop_oscillating   [  56% ] 000/225 VUs  06m44.8s/12m0s  02.00 iters/s

running (06m45.9s), 000/225 VUs, 5851 complete and 0 interrupted iterations
openloop_oscillating   [  56% ] 000/225 VUs  06m45.8s/12m0s  02.00 iters/s

running (06m46.9s), 000/225 VUs, 5853 complete and 0 interrupted iterations
openloop_oscillating   [  56% ] 000/225 VUs  06m46.8s/12m0s  02.00 iters/s

running (06m47.9s), 000/225 VUs, 5855 complete and 0 interrupted iterations
openloop_oscillating   [  57% ] 000/225 VUs  06m47.8s/12m0s  02.00 iters/s

running (06m48.9s), 000/225 VUs, 5857 complete and 0 interrupted iterations
openloop_oscillating   [  57% ] 000/225 VUs  06m48.8s/12m0s  02.00 iters/s

running (06m49.9s), 000/225 VUs, 5859 complete and 0 interrupted iterations
openloop_oscillating   [  57% ] 000/225 VUs  06m49.8s/12m0s  02.00 iters/s

running (06m50.9s), 000/225 VUs, 5861 complete and 0 interrupted iterations
openloop_oscillating   [  57% ] 000/225 VUs  06m50.8s/12m0s  02.00 iters/s

running (06m51.9s), 000/225 VUs, 5863 complete and 0 interrupted iterations
openloop_oscillating   [  57% ] 000/225 VUs  06m51.8s/12m0s  02.00 iters/s

running (06m52.9s), 001/225 VUs, 5864 complete and 0 interrupted iterations
openloop_oscillating   [  57% ] 001/225 VUs  06m52.8s/12m0s  02.00 iters/s

running (06m53.9s), 000/225 VUs, 5867 complete and 0 interrupted iterations
openloop_oscillating   [  57% ] 000/225 VUs  06m53.8s/12m0s  02.00 iters/s

running (06m54.9s), 000/225 VUs, 5869 complete and 0 interrupted iterations
openloop_oscillating   [  58% ] 000/225 VUs  06m54.8s/12m0s  02.00 iters/s

running (06m55.9s), 000/225 VUs, 5871 complete and 0 interrupted iterations
openloop_oscillating   [  58% ] 000/225 VUs  06m55.8s/12m0s  02.00 iters/s

running (06m56.9s), 000/225 VUs, 5873 complete and 0 interrupted iterations
openloop_oscillating   [  58% ] 000/225 VUs  06m56.8s/12m0s  02.00 iters/s

running (06m57.9s), 000/225 VUs, 5875 complete and 0 interrupted iterations
openloop_oscillating   [  58% ] 000/225 VUs  06m57.8s/12m0s  02.00 iters/s

running (06m58.9s), 000/225 VUs, 5877 complete and 0 interrupted iterations
openloop_oscillating   [  58% ] 000/225 VUs  06m58.8s/12m0s  02.00 iters/s

running (06m59.9s), 000/225 VUs, 5879 complete and 0 interrupted iterations
openloop_oscillating   [  58% ] 000/225 VUs  06m59.8s/12m0s  02.00 iters/s

running (07m00.9s), 000/225 VUs, 5881 complete and 0 interrupted iterations
openloop_oscillating   [  58% ] 000/225 VUs  07m00.8s/12m0s  02.00 iters/s

running (07m01.9s), 000/225 VUs, 5883 complete and 0 interrupted iterations
openloop_oscillating   [  59% ] 000/225 VUs  07m01.8s/12m0s  02.00 iters/s

running (07m02.9s), 000/225 VUs, 5885 complete and 0 interrupted iterations
openloop_oscillating   [  59% ] 000/225 VUs  07m02.8s/12m0s  02.00 iters/s

running (07m03.9s), 000/225 VUs, 5887 complete and 0 interrupted iterations
openloop_oscillating   [  59% ] 000/225 VUs  07m03.8s/12m0s  02.00 iters/s

running (07m04.9s), 000/225 VUs, 5889 complete and 0 interrupted iterations
openloop_oscillating   [  59% ] 000/225 VUs  07m04.8s/12m0s  02.00 iters/s

running (07m05.9s), 000/225 VUs, 5891 complete and 0 interrupted iterations
openloop_oscillating   [  59% ] 000/225 VUs  07m05.8s/12m0s  02.00 iters/s

running (07m06.9s), 000/225 VUs, 5893 complete and 0 interrupted iterations
openloop_oscillating   [  59% ] 000/225 VUs  07m06.8s/12m0s  02.00 iters/s

running (07m07.9s), 000/225 VUs, 5895 complete and 0 interrupted iterations
openloop_oscillating   [  59% ] 000/225 VUs  07m07.8s/12m0s  02.00 iters/s

running (07m08.9s), 000/225 VUs, 5897 complete and 0 interrupted iterations
openloop_oscillating   [  60% ] 000/225 VUs  07m08.8s/12m0s  02.00 iters/s

running (07m09.9s), 000/225 VUs, 5899 complete and 0 interrupted iterations
openloop_oscillating   [  60% ] 000/225 VUs  07m09.8s/12m0s  02.00 iters/s

running (07m10.9s), 000/225 VUs, 5901 complete and 0 interrupted iterations
openloop_oscillating   [  60% ] 000/225 VUs  07m10.8s/12m0s  02.00 iters/s

running (07m11.9s), 000/225 VUs, 5903 complete and 0 interrupted iterations
openloop_oscillating   [  60% ] 000/225 VUs  07m11.8s/12m0s  02.00 iters/s

running (07m12.9s), 000/225 VUs, 5905 complete and 0 interrupted iterations
openloop_oscillating   [  60% ] 000/225 VUs  07m12.8s/12m0s  02.00 iters/s

running (07m13.9s), 000/225 VUs, 5907 complete and 0 interrupted iterations
openloop_oscillating   [  60% ] 000/225 VUs  07m13.8s/12m0s  02.00 iters/s

running (07m14.9s), 001/225 VUs, 5908 complete and 0 interrupted iterations
openloop_oscillating   [  60% ] 001/225 VUs  07m14.8s/12m0s  02.00 iters/s

running (07m15.9s), 000/225 VUs, 5911 complete and 0 interrupted iterations
openloop_oscillating   [  61% ] 000/225 VUs  07m15.8s/12m0s  02.00 iters/s

running (07m16.9s), 000/225 VUs, 5913 complete and 0 interrupted iterations
openloop_oscillating   [  61% ] 000/225 VUs  07m16.8s/12m0s  02.00 iters/s

running (07m17.9s), 000/225 VUs, 5915 complete and 0 interrupted iterations
openloop_oscillating   [  61% ] 000/225 VUs  07m17.8s/12m0s  02.00 iters/s

running (07m18.9s), 000/225 VUs, 5917 complete and 0 interrupted iterations
openloop_oscillating   [  61% ] 000/225 VUs  07m18.8s/12m0s  02.00 iters/s

running (07m19.9s), 000/225 VUs, 5919 complete and 0 interrupted iterations
openloop_oscillating   [  61% ] 000/225 VUs  07m19.8s/12m0s  02.00 iters/s

running (07m20.9s), 001/225 VUs, 5920 complete and 0 interrupted iterations
openloop_oscillating   [  61% ] 001/225 VUs  07m20.8s/12m0s  02.00 iters/s

running (07m21.9s), 000/225 VUs, 5923 complete and 0 interrupted iterations
openloop_oscillating   [  61% ] 000/225 VUs  07m21.8s/12m0s  02.00 iters/s

running (07m22.9s), 000/225 VUs, 5925 complete and 0 interrupted iterations
openloop_oscillating   [  61% ] 000/225 VUs  07m22.8s/12m0s  02.00 iters/s

running (07m23.9s), 000/225 VUs, 5927 complete and 0 interrupted iterations
openloop_oscillating   [  62% ] 000/225 VUs  07m23.8s/12m0s  02.00 iters/s

running (07m24.9s), 000/225 VUs, 5929 complete and 0 interrupted iterations
openloop_oscillating   [  62% ] 000/225 VUs  07m24.8s/12m0s  02.00 iters/s

running (07m25.9s), 000/225 VUs, 5931 complete and 0 interrupted iterations
openloop_oscillating   [  62% ] 000/225 VUs  07m25.8s/12m0s  02.00 iters/s

running (07m26.9s), 000/225 VUs, 5933 complete and 0 interrupted iterations
openloop_oscillating   [  62% ] 000/225 VUs  07m26.8s/12m0s  02.00 iters/s

running (07m27.9s), 000/225 VUs, 5935 complete and 0 interrupted iterations
openloop_oscillating   [  62% ] 000/225 VUs  07m27.8s/12m0s  02.00 iters/s

running (07m28.9s), 000/225 VUs, 5937 complete and 0 interrupted iterations
openloop_oscillating   [  62% ] 000/225 VUs  07m28.8s/12m0s  02.00 iters/s

running (07m29.9s), 000/225 VUs, 5939 complete and 0 interrupted iterations
openloop_oscillating   [  62% ] 000/225 VUs  07m29.8s/12m0s  02.00 iters/s

running (07m30.9s), 000/225 VUs, 5941 complete and 0 interrupted iterations
openloop_oscillating   [  63% ] 000/225 VUs  07m30.8s/12m0s  02.00 iters/s

running (07m31.9s), 000/225 VUs, 5943 complete and 0 interrupted iterations
openloop_oscillating   [  63% ] 000/225 VUs  07m31.8s/12m0s  02.00 iters/s

running (07m32.9s), 000/225 VUs, 5945 complete and 0 interrupted iterations
openloop_oscillating   [  63% ] 000/225 VUs  07m32.8s/12m0s  02.00 iters/s

running (07m33.9s), 000/225 VUs, 5947 complete and 0 interrupted iterations
openloop_oscillating   [  63% ] 000/225 VUs  07m33.8s/12m0s  02.00 iters/s

running (07m34.9s), 000/225 VUs, 5949 complete and 0 interrupted iterations
openloop_oscillating   [  63% ] 000/225 VUs  07m34.8s/12m0s  02.00 iters/s

running (07m35.9s), 000/225 VUs, 5951 complete and 0 interrupted iterations
openloop_oscillating   [  63% ] 000/225 VUs  07m35.8s/12m0s  02.00 iters/s

running (07m36.9s), 000/225 VUs, 5953 complete and 0 interrupted iterations
openloop_oscillating   [  63% ] 000/225 VUs  07m36.8s/12m0s  02.00 iters/s

running (07m37.9s), 000/225 VUs, 5955 complete and 0 interrupted iterations
openloop_oscillating   [  64% ] 000/225 VUs  07m37.8s/12m0s  02.00 iters/s

running (07m38.9s), 000/225 VUs, 5957 complete and 0 interrupted iterations
openloop_oscillating   [  64% ] 000/225 VUs  07m38.8s/12m0s  02.00 iters/s

running (07m39.9s), 000/225 VUs, 5959 complete and 0 interrupted iterations
openloop_oscillating   [  64% ] 000/225 VUs  07m39.8s/12m0s  02.00 iters/s

running (07m40.9s), 000/225 VUs, 5961 complete and 0 interrupted iterations
openloop_oscillating   [  64% ] 000/225 VUs  07m40.8s/12m0s  02.00 iters/s

running (07m41.9s), 000/225 VUs, 5963 complete and 0 interrupted iterations
openloop_oscillating   [  64% ] 000/225 VUs  07m41.8s/12m0s  02.00 iters/s

running (07m42.9s), 000/225 VUs, 5965 complete and 0 interrupted iterations
openloop_oscillating   [  64% ] 000/225 VUs  07m42.8s/12m0s  02.00 iters/s

running (07m43.9s), 000/225 VUs, 5967 complete and 0 interrupted iterations
openloop_oscillating   [  64% ] 000/225 VUs  07m43.8s/12m0s  02.00 iters/s

running (07m44.9s), 001/225 VUs, 5968 complete and 0 interrupted iterations
openloop_oscillating   [  65% ] 001/225 VUs  07m44.8s/12m0s  02.00 iters/s

running (07m45.9s), 000/225 VUs, 5971 complete and 0 interrupted iterations
openloop_oscillating   [  65% ] 000/225 VUs  07m45.8s/12m0s  02.00 iters/s

running (07m46.9s), 000/225 VUs, 5973 complete and 0 interrupted iterations
openloop_oscillating   [  65% ] 000/225 VUs  07m46.8s/12m0s  02.00 iters/s

running (07m47.9s), 000/225 VUs, 5975 complete and 0 interrupted iterations
openloop_oscillating   [  65% ] 000/225 VUs  07m47.8s/12m0s  02.00 iters/s

running (07m48.9s), 000/225 VUs, 5977 complete and 0 interrupted iterations
openloop_oscillating   [  65% ] 000/225 VUs  07m48.8s/12m0s  02.00 iters/s

running (07m49.9s), 000/225 VUs, 5979 complete and 0 interrupted iterations
openloop_oscillating   [  65% ] 000/225 VUs  07m49.8s/12m0s  02.00 iters/s

running (07m50.9s), 000/225 VUs, 5981 complete and 0 interrupted iterations
openloop_oscillating   [  65% ] 000/225 VUs  07m50.8s/12m0s  02.00 iters/s

running (07m51.9s), 000/225 VUs, 5983 complete and 0 interrupted iterations
openloop_oscillating   [  66% ] 000/225 VUs  07m51.8s/12m0s  02.00 iters/s

running (07m52.9s), 000/225 VUs, 5985 complete and 0 interrupted iterations
openloop_oscillating   [  66% ] 000/225 VUs  07m52.8s/12m0s  02.00 iters/s

running (07m53.9s), 000/225 VUs, 5987 complete and 0 interrupted iterations
openloop_oscillating   [  66% ] 000/225 VUs  07m53.8s/12m0s  02.00 iters/s

running (07m54.9s), 000/225 VUs, 5989 complete and 0 interrupted iterations
openloop_oscillating   [  66% ] 000/225 VUs  07m54.8s/12m0s  02.00 iters/s

running (07m55.9s), 000/225 VUs, 5991 complete and 0 interrupted iterations
openloop_oscillating   [  66% ] 000/225 VUs  07m55.8s/12m0s  02.00 iters/s

running (07m56.9s), 000/225 VUs, 5993 complete and 0 interrupted iterations
openloop_oscillating   [  66% ] 000/225 VUs  07m56.8s/12m0s  02.00 iters/s

running (07m57.9s), 000/225 VUs, 5995 complete and 0 interrupted iterations
openloop_oscillating   [  66% ] 000/225 VUs  07m57.8s/12m0s  02.00 iters/s

running (07m58.9s), 000/225 VUs, 5997 complete and 0 interrupted iterations
openloop_oscillating   [  66% ] 000/225 VUs  07m58.8s/12m0s  02.00 iters/s

running (07m59.9s), 000/225 VUs, 5999 complete and 0 interrupted iterations
openloop_oscillating   [  67% ] 000/225 VUs  07m59.8s/12m0s  02.00 iters/s

running (08m00.9s), 000/225 VUs, 6002 complete and 0 interrupted iterations
openloop_oscillating   [  67% ] 000/225 VUs  08m00.8s/12m0s  04.23 iters/s

running (08m01.9s), 001/225 VUs, 6007 complete and 0 interrupted iterations
openloop_oscillating   [  67% ] 001/225 VUs  08m01.8s/12m0s  07.18 iters/s

running (08m02.9s), 001/225 VUs, 6015 complete and 0 interrupted iterations
openloop_oscillating   [  67% ] 001/225 VUs  08m02.8s/12m0s  09.82 iters/s

running (08m03.9s), 003/225 VUs, 6024 complete and 0 interrupted iterations
openloop_oscillating   [  67% ] 003/225 VUs  08m03.8s/12m0s  12.57 iters/s

running (08m04.9s), 005/225 VUs, 6036 complete and 0 interrupted iterations
openloop_oscillating   [  67% ] 005/225 VUs  08m04.8s/12m0s  15.38 iters/s

running (08m05.9s), 008/225 VUs, 6050 complete and 0 interrupted iterations
openloop_oscillating   [  67% ] 008/225 VUs  08m05.8s/12m0s  18.21 iters/s

running (08m06.9s), 013/225 VUs, 6065 complete and 0 interrupted iterations
openloop_oscillating   [  68% ] 013/225 VUs  08m06.8s/12m0s  21.06 iters/s

running (08m07.9s), 010/225 VUs, 6090 complete and 0 interrupted iterations
openloop_oscillating   [  68% ] 010/225 VUs  08m07.8s/12m0s  23.81 iters/s

running (08m08.9s), 032/225 VUs, 6093 complete and 0 interrupted iterations
openloop_oscillating   [  68% ] 032/225 VUs  08m08.8s/12m0s  26.59 iters/s

running (08m09.9s), 044/225 VUs, 6109 complete and 0 interrupted iterations
openloop_oscillating   [  68% ] 044/225 VUs  08m09.8s/12m0s  29.39 iters/s
time="2026-10-08T06:32:34Z" level=warning msg="Request Failed" error="Post \"http://auth-service.ecommerce.svc.cluster.local:8001/auth/login\": request timeout"

running (08m10.9s), 040/225 VUs, 6143 complete and 0 interrupted iterations
openloop_oscillating   [  68% ] 040/225 VUs  08m10.8s/12m0s  30.00 iters/s
time="2026-10-08T06:32:34Z" level=warning msg="Request Failed" error="Post \"http://auth-service.ecommerce.svc.cluster.local:8001/auth/login\": request timeout"
time="2026-10-08T06:32:35Z" level=warning msg="Request Failed" error="Post \"http://auth-service.ecommerce.svc.cluster.local:8001/auth/login\": request timeout"
time="2026-10-08T06:32:35Z" level=warning msg="Request Failed" error="Post \"http://auth-service.ecommerce.svc.cluster.local:8001/auth/login\": request timeout"

running (08m11.9s), 017/225 VUs, 6196 complete and 0 interrupted iterations
openloop_oscillating   [  68% ] 017/225 VUs  08m11.8s/12m0s  30.00 iters/s

running (08m12.9s), 019/225 VUs, 6224 complete and 0 interrupted iterations
openloop_oscillating   [  68% ] 019/225 VUs  08m12.8s/12m0s  30.00 iters/s

running (08m13.9s), 031/225 VUs, 6242 complete and 0 interrupted iterations
openloop_oscillating   [  69% ] 031/225 VUs  08m13.8s/12m0s  30.00 iters/s

running (08m14.9s), 023/225 VUs, 6280 complete and 0 interrupted iterations
openloop_oscillating   [  69% ] 023/225 VUs  08m14.8s/12m0s  30.00 iters/s
time="2026-10-08T06:32:39Z" level=warning msg="Request Failed" error="Post \"http://auth-service.ecommerce.svc.cluster.local:8001/auth/login\": request timeout"

running (08m15.9s), 022/225 VUs, 6311 complete and 0 interrupted iterations
openloop_oscillating   [  69% ] 022/225 VUs  08m15.8s/12m0s  30.00 iters/s

running (08m16.9s), 030/225 VUs, 6333 complete and 0 interrupted iterations
openloop_oscillating   [  69% ] 030/225 VUs  08m16.8s/12m0s  30.00 iters/s
time="2026-10-08T06:32:40Z" level=warning msg="Request Failed" error="Post \"http://auth-service.ecommerce.svc.cluster.local:8001/auth/login\": request timeout"
time="2026-10-08T06:32:41Z" level=warning msg="Request Failed" error="Post \"http://auth-service.ecommerce.svc.cluster.local:8001/auth/login\": request timeout"

running (08m17.9s), 019/225 VUs, 6374 complete and 0 interrupted iterations
openloop_oscillating   [  69% ] 019/225 VUs  08m17.8s/12m0s  30.00 iters/s
time="2026-10-08T06:32:41Z" level=warning msg="Request Failed" error="Post \"http://auth-service.ecommerce.svc.cluster.local:8001/auth/login\": request timeout"
time="2026-10-08T06:32:41Z" level=warning msg="Request Failed" error="Post \"http://auth-service.ecommerce.svc.cluster.local:8001/auth/login\": request timeout"
time="2026-10-08T06:32:41Z" level=warning msg="Request Failed" error="Post \"http://auth-service.ecommerce.svc.cluster.local:8001/auth/login\": request timeout"
time="2026-10-08T06:32:42Z" level=warning msg="Request Failed" error="Post \"http://auth-service.ecommerce.svc.cluster.local:8001/auth/login\": request timeout"

running (08m18.9s), 021/225 VUs, 6402 complete and 0 interrupted iterations
openloop_oscillating   [  69% ] 021/225 VUs  08m18.8s/12m0s  30.00 iters/s
time="2026-10-08T06:32:43Z" level=warning msg="Request Failed" error="Post \"http://auth-service.ecommerce.svc.cluster.local:8001/auth/login\": request timeout"
time="2026-10-08T06:32:43Z" level=warning msg="Request Failed" error="Post \"http://auth-service.ecommerce.svc.cluster.local:8001/auth/login\": request timeout"

running (08m19.9s), 017/225 VUs, 6436 complete and 0 interrupted iterations
openloop_oscillating   [  69% ] 017/225 VUs  08m19.8s/12m0s  30.00 iters/s

running (08m20.9s), 021/225 VUs, 6462 complete and 0 interrupted iterations
openloop_oscillating   [  70% ] 021/225 VUs  08m20.8s/12m0s  30.00 iters/s

running (08m21.9s), 022/225 VUs, 6491 complete and 0 interrupted iterations
openloop_oscillating   [  70% ] 022/225 VUs  08m21.8s/12m0s  30.00 iters/s
time="2026-10-08T06:32:45Z" level=warning msg="Request Failed" error="Post \"http://auth-service.ecommerce.svc.cluster.local:8001/auth/login\": request timeout"
time="2026-10-08T06:32:45Z" level=warning msg="Request Failed" error="Post \"http://auth-service.ecommerce.svc.cluster.local:8001/auth/login\": request timeout"

running (08m22.9s), 021/225 VUs, 6522 complete and 0 interrupted iterations
openloop_oscillating   [  70% ] 021/225 VUs  08m22.8s/12m0s  30.00 iters/s
time="2026-10-08T06:32:46Z" level=warning msg="Request Failed" error="Post \"http://auth-service.ecommerce.svc.cluster.local:8001/auth/login\": request timeout"
time="2026-10-08T06:32:47Z" level=warning msg="Request Failed" error="Post \"http://auth-service.ecommerce.svc.cluster.local:8001/auth/login\": request timeout"
time="2026-10-08T06:32:47Z" level=warning msg="Request Failed" error="Post \"http://auth-service.ecommerce.svc.cluster.local:8001/auth/login\": request timeout"

running (08m23.9s), 027/225 VUs, 6546 complete and 0 interrupted iterations
openloop_oscillating   [  70% ] 027/225 VUs  08m23.8s/12m0s  30.00 iters/s
time="2026-10-08T06:32:48Z" level=warning msg="Request Failed" error="Post \"http://auth-service.ecommerce.svc.cluster.local:8001/auth/login\": request timeout"

running (08m24.9s), 050/225 VUs, 6553 complete and 0 interrupted iterations
openloop_oscillating   [  70% ] 050/225 VUs  08m24.8s/12m0s  30.00 iters/s

running (08m25.9s), 041/225 VUs, 6592 complete and 0 interrupted iterations
openloop_oscillating   [  70% ] 041/225 VUs  08m25.8s/12m0s  30.00 iters/s

running (08m26.9s), 029/225 VUs, 6634 complete and 0 interrupted iterations
openloop_oscillating   [  70% ] 029/225 VUs  08m26.8s/12m0s  30.00 iters/s

running (08m27.9s), 032/225 VUs, 6661 complete and 0 interrupted iterations
openloop_oscillating   [  71% ] 032/225 VUs  08m27.8s/12m0s  30.00 iters/s

running (08m28.9s), 027/225 VUs, 6696 complete and 0 interrupted iterations
openloop_oscillating   [  71% ] 027/225 VUs  08m28.8s/12m0s  30.00 iters/s

running (08m29.9s), 030/225 VUs, 6723 complete and 0 interrupted iterations
openloop_oscillating   [  71% ] 030/225 VUs  08m29.8s/12m0s  30.00 iters/s
time="2026-10-08T06:32:53Z" level=warning msg="Request Failed" error="Post \"http://auth-service.ecommerce.svc.cluster.local:8001/auth/login\": request timeout"
time="2026-10-08T06:32:54Z" level=warning msg="Request Failed" error="Post \"http://auth-service.ecommerce.svc.cluster.local:8001/auth/login\": request timeout"

running (08m30.9s), 027/225 VUs, 6756 complete and 0 interrupted iterations
openloop_oscillating   [  71% ] 027/225 VUs  08m30.8s/12m0s  30.00 iters/s
time="2026-10-08T06:32:54Z" level=warning msg="Request Failed" error="Post \"http://auth-service.ecommerce.svc.cluster.local:8001/auth/login\": request timeout"
time="2026-10-08T06:32:54Z" level=warning msg="Request Failed" error="Post \"http://auth-service.ecommerce.svc.cluster.local:8001/auth/login\": request timeout"
time="2026-10-08T06:32:55Z" level=warning msg="Request Failed" error="Post \"http://auth-service.ecommerce.svc.cluster.local:8001/auth/login\": request timeout"
time="2026-10-08T06:32:55Z" level=warning msg="Request Failed" error="Post \"http://auth-service.ecommerce.svc.cluster.local:8001/auth/login\": request timeout"

running (08m31.9s), 015/225 VUs, 6798 complete and 0 interrupted iterations
openloop_oscillating   [  71% ] 015/225 VUs  08m31.8s/12m0s  30.00 iters/s
time="2026-10-08T06:32:56Z" level=warning msg="Request Failed" error="Post \"http://auth-service.ecommerce.svc.cluster.local:8001/auth/login\": request timeout"

running (08m32.9s), 025/225 VUs, 6818 complete and 0 interrupted iterations
openloop_oscillating   [  71% ] 025/225 VUs  08m32.8s/12m0s  30.00 iters/s
time="2026-10-08T06:32:56Z" level=warning msg="Request Failed" error="Post \"http://auth-service.ecommerce.svc.cluster.local:8001/auth/login\": request timeout"
time="2026-10-08T06:32:57Z" level=warning msg="Request Failed" error="Post \"http://auth-service.ecommerce.svc.cluster.local:8001/auth/login\": request timeout"
time="2026-10-08T06:32:57Z" level=warning msg="Request Failed" error="Post \"http://auth-service.ecommerce.svc.cluster.local:8001/auth/login\": request timeout"
time="2026-10-08T06:32:57Z" level=warning msg="Request Failed" error="Post \"http://auth-service.ecommerce.svc.cluster.local:8001/auth/login\": request timeout"

running (08m33.9s), 027/225 VUs, 6846 complete and 0 interrupted iterations
openloop_oscillating   [  71% ] 027/225 VUs  08m33.8s/12m0s  30.00 iters/s

running (08m34.9s), 031/225 VUs, 6872 complete and 0 interrupted iterations
openloop_oscillating   [  71% ] 031/225 VUs  08m34.8s/12m0s  30.00 iters/s

running (08m35.9s), 040/225 VUs, 6893 complete and 0 interrupted iterations
openloop_oscillating   [  72% ] 040/225 VUs  08m35.8s/12m0s  30.00 iters/s
time="2026-10-08T06:33:00Z" level=warning msg="Request Failed" error="Post \"http://auth-service.ecommerce.svc.cluster.local:8001/auth/login\": request timeout"
time="2026-10-08T06:33:00Z" level=warning msg="Request Failed" error="Post \"http://auth-service.ecommerce.svc.cluster.local:8001/auth/login\": request timeout"

running (08m36.9s), 038/225 VUs, 6925 complete and 0 interrupted iterations
openloop_oscillating   [  72% ] 038/225 VUs  08m36.8s/12m0s  30.00 iters/s

running (08m37.9s), 030/225 VUs, 6963 complete and 0 interrupted iterations
openloop_oscillating   [  72% ] 030/225 VUs  08m37.8s/12m0s  30.00 iters/s

running (08m38.9s), 036/225 VUs, 6987 complete and 0 interrupted iterations
openloop_oscillating   [  72% ] 036/225 VUs  08m38.8s/12m0s  30.00 iters/s

running (08m39.9s), 038/225 VUs, 7015 complete and 0 interrupted iterations
openloop_oscillating   [  72% ] 038/225 VUs  08m39.8s/12m0s  30.00 iters/s
time="2026-10-08T06:33:04Z" level=warning msg="Request Failed" error="Post \"http://auth-service.ecommerce.svc.cluster.local:8001/auth/login\": request timeout"
time="2026-10-08T06:33:04Z" level=warning msg="Request Failed" error="Post \"http://auth-service.ecommerce.svc.cluster.local:8001/auth/login\": request timeout"

running (08m40.9s), 041/225 VUs, 7042 complete and 0 interrupted iterations
openloop_oscillating   [  72% ] 041/225 VUs  08m40.8s/12m0s  30.00 iters/s
time="2026-10-08T06:33:04Z" level=warning msg="Request Failed" error="Post \"http://auth-service.ecommerce.svc.cluster.local:8001/auth/login\": request timeout"
time="2026-10-08T06:33:05Z" level=warning msg="Request Failed" error="Post \"http://auth-service.ecommerce.svc.cluster.local:8001/auth/login\": request timeout"
time="2026-10-08T06:33:05Z" level=warning msg="Request Failed" error="request timeout"

running (08m41.9s), 045/225 VUs, 7068 complete and 0 interrupted iterations
openloop_oscillating   [  72% ] 045/225 VUs  08m41.8s/12m0s  30.00 iters/s

running (08m42.9s), 036/225 VUs, 7107 complete and 0 interrupted iterations
openloop_oscillating   [  73% ] 036/225 VUs  08m42.8s/12m0s  30.00 iters/s

running (08m43.9s), 020/225 VUs, 7153 complete and 0 interrupted iterations
openloop_oscillating   [  73% ] 020/225 VUs  08m43.8s/12m0s  30.00 iters/s

running (08m44.9s), 023/225 VUs, 7180 complete and 0 interrupted iterations
openloop_oscillating   [  73% ] 023/225 VUs  08m44.8s/12m0s  30.00 iters/s
time="2026-10-08T06:33:08Z" level=warning msg="Request Failed" error="Post \"http://auth-service.ecommerce.svc.cluster.local:8001/auth/login\": request timeout"
time="2026-10-08T06:33:08Z" level=warning msg="Request Failed" error="Post \"http://auth-service.ecommerce.svc.cluster.local:8001/auth/login\": request timeout"
time="2026-10-08T06:33:09Z" level=warning msg="Request Failed" error="Post \"http://auth-service.ecommerce.svc.cluster.local:8001/auth/login\": request timeout"

running (08m45.9s), 019/225 VUs, 7214 complete and 0 interrupted iterations
openloop_oscillating   [  73% ] 019/225 VUs  08m45.8s/12m0s  30.00 iters/s
time="2026-10-08T06:33:10Z" level=warning msg="Request Failed" error="Post \"http://auth-service.ecommerce.svc.cluster.local:8001/auth/login\": request timeout"
time="2026-10-08T06:33:10Z" level=warning msg="Request Failed" error="Post \"http://auth-service.ecommerce.svc.cluster.local:8001/auth/login\": request timeout"

running (08m46.9s), 021/225 VUs, 7242 complete and 0 interrupted iterations
openloop_oscillating   [  73% ] 021/225 VUs  08m46.8s/12m0s  30.00 iters/s
time="2026-10-08T06:33:10Z" level=warning msg="Request Failed" error="Post \"http://auth-service.ecommerce.svc.cluster.local:8001/auth/login\": request timeout"
time="2026-10-08T06:33:10Z" level=warning msg="Request Failed" error="Post \"http://auth-service.ecommerce.svc.cluster.local:8001/auth/login\": request timeout"
time="2026-10-08T06:33:10Z" level=warning msg="Request Failed" error="Post \"http://auth-service.ecommerce.svc.cluster.local:8001/auth/login\": request timeout"
time="2026-10-08T06:33:11Z" level=warning msg="Request Failed" error="Post \"http://auth-service.ecommerce.svc.cluster.local:8001/auth/login\": request timeout"
time="2026-10-08T06:33:11Z" level=warning msg="Request Failed" error="Post \"http://auth-service.ecommerce.svc.cluster.local:8001/auth/login\": request timeout"

running (08m47.9s), 016/225 VUs, 7277 complete and 0 interrupted iterations
openloop_oscillating   [  73% ] 016/225 VUs  08m47.8s/12m0s  30.00 iters/s

running (08m48.9s), 022/225 VUs, 7301 complete and 0 interrupted iterations
openloop_oscillating   [  73% ] 022/225 VUs  08m48.8s/12m0s  30.00 iters/s
time="2026-10-08T06:33:13Z" level=warning msg="Request Failed" error="Post \"http://auth-service.ecommerce.svc.cluster.local:8001/auth/login\": request timeout"

running (08m49.9s), 041/225 VUs, 7312 complete and 0 interrupted iterations
openloop_oscillating   [  74% ] 041/225 VUs  08m49.8s/12m0s  30.00 iters/s

running (08m50.9s), 044/225 VUs, 7339 complete and 0 interrupted iterations
openloop_oscillating   [  74% ] 044/225 VUs  08m50.8s/12m0s  30.00 iters/s
time="2026-10-08T06:33:15Z" level=warning msg="Request Failed" error="Post \"http://auth-service.ecommerce.svc.cluster.local:8001/auth/login\": request timeout"

running (08m51.9s), 049/225 VUs, 7364 complete and 0 interrupted iterations
openloop_oscillating   [  74% ] 049/225 VUs  08m51.8s/12m0s  30.00 iters/s

running (08m52.9s), 062/225 VUs, 7381 complete and 0 interrupted iterations
openloop_oscillating   [  74% ] 062/225 VUs  08m52.8s/12m0s  30.00 iters/s
time="2026-10-08T06:33:17Z" level=warning msg="Request Failed" error="Post \"http://auth-service.ecommerce.svc.cluster.local:8001/auth/login\": request timeout"
time="2026-10-08T06:33:17Z" level=warning msg="Request Failed" error="Post \"http://auth-service.ecommerce.svc.cluster.local:8001/auth/login\": request timeout"
time="2026-10-08T06:33:17Z" level=warning msg="Request Failed" error="Post \"http://auth-service.ecommerce.svc.cluster.local:8001/auth/login\": request timeout"

running (08m53.9s), 054/225 VUs, 7419 complete and 0 interrupted iterations
openloop_oscillating   [  74% ] 054/225 VUs  08m53.8s/12m0s  30.00 iters/s
time="2026-10-08T06:33:17Z" level=warning msg="Request Failed" error="Post \"http://auth-service.ecommerce.svc.cluster.local:8001/auth/login\": request timeout"
time="2026-10-08T06:33:18Z" level=warning msg="Request Failed" error="Post \"http://auth-service.ecommerce.svc.cluster.local:8001/auth/login\": request timeout"

running (08m54.9s), 050/225 VUs, 7453 complete and 0 interrupted iterations
openloop_oscillating   [  74% ] 050/225 VUs  08m54.8s/12m0s  30.00 iters/s
time="2026-10-08T06:33:19Z" level=warning msg="Request Failed" error="Post \"http://auth-service.ecommerce.svc.cluster.local:8001/auth/login\": request timeout"
time="2026-10-08T06:33:19Z" level=warning msg="Request Failed" error="Post \"http://auth-service.ecommerce.svc.cluster.local:8001/auth/login\": request timeout"

running (08m55.9s), 013/225 VUs, 7520 complete and 0 interrupted iterations
openloop_oscillating   [  74% ] 013/225 VUs  08m55.8s/12m0s  30.00 iters/s

running (08m56.9s), 015/225 VUs, 7548 complete and 0 interrupted iterations
openloop_oscillating   [  75% ] 015/225 VUs  08m56.8s/12m0s  30.00 iters/s

running (08m57.9s), 019/225 VUs, 7574 complete and 0 interrupted iterations
openloop_oscillating   [  75% ] 019/225 VUs  08m57.8s/12m0s  30.00 iters/s

running (08m58.9s), 017/225 VUs, 7606 complete and 0 interrupted iterations
openloop_oscillating   [  75% ] 017/225 VUs  08m58.8s/12m0s  30.00 iters/s

running (08m59.9s), 026/225 VUs, 7627 complete and 0 interrupted iterations
openloop_oscillating   [  75% ] 026/225 VUs  08m59.8s/12m0s  30.00 iters/s

running (09m00.9s), 027/225 VUs, 7656 complete and 0 interrupted iterations
openloop_oscillating   [  75% ] 027/225 VUs  09m00.8s/12m0s  29.87 iters/s

running (09m01.9s), 035/225 VUs, 7678 complete and 0 interrupted iterations
openloop_oscillating   [  75% ] 035/225 VUs  09m01.8s/12m0s  29.70 iters/s
time="2026-10-08T06:33:26Z" level=warning msg="Request Failed" error="Post \"http://auth-service.ecommerce.svc.cluster.local:8001/auth/login\": request timeout"

running (09m02.9s), 042/225 VUs, 7701 complete and 0 interrupted iterations
openloop_oscillating   [  75% ] 042/225 VUs  09m02.8s/12m0s  29.53 iters/s

running (09m03.9s), 039/225 VUs, 7733 complete and 0 interrupted iterations
openloop_oscillating   [  76% ] 039/225 VUs  09m03.8s/12m0s  29.37 iters/s

running (09m04.9s), 028/225 VUs, 7773 complete and 0 interrupted iterations
openloop_oscillating   [  76% ] 028/225 VUs  09m04.8s/12m0s  29.20 iters/s

running (09m05.9s), 032/225 VUs, 7798 complete and 0 interrupted iterations
openloop_oscillating   [  76% ] 032/225 VUs  09m05.8s/12m0s  29.04 iters/s
time="2026-10-08T06:33:30Z" level=warning msg="Request Failed" error="Post \"http://auth-service.ecommerce.svc.cluster.local:8001/auth/login\": request timeout"

running (09m06.9s), 033/225 VUs, 7826 complete and 0 interrupted iterations
openloop_oscillating   [  76% ] 033/225 VUs  09m06.8s/12m0s  28.87 iters/s

running (09m07.9s), 034/225 VUs, 7854 complete and 0 interrupted iterations
openloop_oscillating   [  76% ] 034/225 VUs  09m07.8s/12m0s  28.70 iters/s
time="2026-10-08T06:33:32Z" level=warning msg="Request Failed" error="Post \"http://auth-service.ecommerce.svc.cluster.local:8001/auth/login\": request timeout"
time="2026-10-08T06:33:32Z" level=warning msg="Request Failed" error="Post \"http://auth-service.ecommerce.svc.cluster.local:8001/auth/login\": request timeout"

running (09m08.9s), 037/225 VUs, 7880 complete and 0 interrupted iterations
openloop_oscillating   [  76% ] 037/225 VUs  09m08.8s/12m0s  28.53 iters/s
time="2026-10-08T06:33:32Z" level=warning msg="Request Failed" error="Post \"http://auth-service.ecommerce.svc.cluster.local:8001/auth/login\": request timeout"
time="2026-10-08T06:33:33Z" level=warning msg="Request Failed" error="Post \"http://auth-service.ecommerce.svc.cluster.local:8001/auth/login\": request timeout"

running (09m09.9s), 043/225 VUs, 7902 complete and 0 interrupted iterations
openloop_oscillating   [  76% ] 043/225 VUs  09m09.8s/12m0s  28.37 iters/s
time="2026-10-08T06:33:34Z" level=warning msg="Request Failed" error="Post \"http://auth-service.ecommerce.svc.cluster.local:8001/auth/login\": request timeout"
time="2026-10-08T06:33:34Z" level=warning msg="Request Failed" error="Post \"http://auth-service.ecommerce.svc.cluster.local:8001/auth/login\": request timeout"

running (09m10.9s), 042/225 VUs, 7931 complete and 0 interrupted iterations
openloop_oscillating   [  76% ] 042/225 VUs  09m10.8s/12m0s  28.20 iters/s
time="2026-10-08T06:33:34Z" level=warning msg="Request Failed" error="Post \"http://auth-service.ecommerce.svc.cluster.local:8001/auth/login\": request timeout"
time="2026-10-08T06:33:34Z" level=warning msg="Request Failed" error="Post \"http://auth-service.ecommerce.svc.cluster.local:8001/auth/login\": request timeout"

running (09m11.9s), 044/225 VUs, 7958 complete and 0 interrupted iterations
openloop_oscillating   [  77% ] 044/225 VUs  09m11.8s/12m0s  28.03 iters/s

running (09m12.9s), 041/225 VUs, 7989 complete and 0 interrupted iterations
openloop_oscillating   [  77% ] 041/225 VUs  09m12.8s/12m0s  27.87 iters/s

running (09m13.9s), 039/225 VUs, 8018 complete and 0 interrupted iterations
openloop_oscillating   [  77% ] 039/225 VUs  09m13.8s/12m0s  27.70 iters/s
time="2026-10-08T06:33:37Z" level=warning msg="Request Failed" error="Post \"http://auth-service.ecommerce.svc.cluster.local:8001/auth/login\": request timeout"
time="2026-10-08T06:33:38Z" level=warning msg="Request Failed" error="Post \"http://auth-service.ecommerce.svc.cluster.local:8001/auth/login\": request timeout"
time="2026-10-08T06:33:38Z" level=warning msg="Request Failed" error="Post \"http://auth-service.ecommerce.svc.cluster.local:8001/auth/login\": request timeout"

running (09m14.9s), 051/225 VUs, 8034 complete and 0 interrupted iterations
openloop_oscillating   [  77% ] 051/225 VUs  09m14.8s/12m0s  27.53 iters/s
time="2026-10-08T06:33:39Z" level=warning msg="Request Failed" error="Post \"http://auth-service.ecommerce.svc.cluster.local:8001/auth/login\": request timeout"

running (09m15.9s), 063/225 VUs, 8049 complete and 0 interrupted iterations
openloop_oscillating   [  77% ] 063/225 VUs  09m15.8s/12m0s  27.37 iters/s

running (09m16.9s), 061/225 VUs, 8079 complete and 0 interrupted iterations
openloop_oscillating   [  77% ] 061/225 VUs  09m16.8s/12m0s  27.20 iters/s
time="2026-10-08T06:33:40Z" level=warning msg="Request Failed" error="Post \"http://auth-service.ecommerce.svc.cluster.local:8001/auth/login\": request timeout"
time="2026-10-08T06:33:40Z" level=warning msg="Request Failed" error="Post \"http://auth-service.ecommerce.svc.cluster.local:8001/auth/login\": request timeout"
time="2026-10-08T06:33:41Z" level=warning msg="Request Failed" error="Post \"http://auth-service.ecommerce.svc.cluster.local:8001/auth/login\": request timeout"
time="2026-10-08T06:33:41Z" level=warning msg="Request Failed" error="Post \"http://auth-service.ecommerce.svc.cluster.local:8001/auth/login\": request timeout"

running (09m17.9s), 069/225 VUs, 8098 complete and 0 interrupted iterations
openloop_oscillating   [  77% ] 069/225 VUs  09m17.8s/12m0s  27.03 iters/s
time="2026-10-08T06:33:41Z" level=warning msg="Request Failed" error="Post \"http://auth-service.ecommerce.svc.cluster.local:8001/auth/login\": request timeout"
time="2026-10-08T06:33:41Z" level=warning msg="Request Failed" error="Post \"http://auth-service.ecommerce.svc.cluster.local:8001/auth/login\": request timeout"

running (09m18.9s), 071/225 VUs, 8123 complete and 0 interrupted iterations
openloop_oscillating   [  78% ] 071/225 VUs  09m18.8s/12m0s  26.87 iters/s
time="2026-10-08T06:33:43Z" level=warning msg="Request Failed" error="Post \"http://auth-service.ecommerce.svc.cluster.local:8001/auth/login\": request timeout"
time="2026-10-08T06:33:43Z" level=warning msg="Request Failed" error="Post \"http://auth-service.ecommerce.svc.cluster.local:8001/auth/login\": request timeout"

running (09m19.9s), 077/225 VUs, 8144 complete and 0 interrupted iterations
openloop_oscillating   [  78% ] 077/225 VUs  09m19.8s/12m0s  26.70 iters/s
time="2026-10-08T06:33:43Z" level=warning msg="Request Failed" error="Post \"http://auth-service.ecommerce.svc.cluster.local:8001/auth/login\": request timeout"

running (09m20.9s), 067/225 VUs, 8180 complete and 0 interrupted iterations
openloop_oscillating   [  78% ] 067/225 VUs  09m20.8s/12m0s  26.54 iters/s
time="2026-10-08T06:33:44Z" level=warning msg="Request Failed" error="Post \"http://auth-service.ecommerce.svc.cluster.local:8001/auth/login\": request timeout"
time="2026-10-08T06:33:45Z" level=warning msg="Request Failed" error="Post \"http://auth-service.ecommerce.svc.cluster.local:8001/auth/login\": request timeout"
time="2026-10-08T06:33:45Z" level=warning msg="Request Failed" error="Post \"http://auth-service.ecommerce.svc.cluster.local:8001/auth/login\": request timeout"
time="2026-10-08T06:33:45Z" level=warning msg="Request Failed" error="Post \"http://auth-service.ecommerce.svc.cluster.local:8001/auth/login\": request timeout"
time="2026-10-08T06:33:45Z" level=warning msg="Request Failed" error="Post \"http://auth-service.ecommerce.svc.cluster.local:8001/auth/login\": request timeout"

running (09m21.9s), 056/225 VUs, 8218 complete and 0 interrupted iterations
openloop_oscillating   [  78% ] 056/225 VUs  09m21.8s/12m0s  26.37 iters/s
time="2026-10-08T06:33:45Z" level=warning msg="Request Failed" error="Post \"http://auth-service.ecommerce.svc.cluster.local:8001/auth/login\": request timeout"
time="2026-10-08T06:33:45Z" level=warning msg="Request Failed" error="Post \"http://auth-service.ecommerce.svc.cluster.local:8001/auth/login\": request timeout"

running (09m22.9s), 051/225 VUs, 8249 complete and 0 interrupted iterations
openloop_oscillating   [  78% ] 051/225 VUs  09m22.8s/12m0s  26.20 iters/s
time="2026-10-08T06:33:47Z" level=warning msg="Request Failed" error="Post \"http://auth-service.ecommerce.svc.cluster.local:8001/auth/login\": request timeout"
time="2026-10-08T06:33:47Z" level=warning msg="Request Failed" error="Post \"http://auth-service.ecommerce.svc.cluster.local:8001/auth/login\": request timeout"

running (09m23.9s), 053/225 VUs, 8273 complete and 0 interrupted iterations
openloop_oscillating   [  78% ] 053/225 VUs  09m23.8s/12m0s  26.04 iters/s

running (09m24.9s), 056/225 VUs, 8296 complete and 0 interrupted iterations
openloop_oscillating   [  78% ] 056/225 VUs  09m24.8s/12m0s  25.87 iters/s
time="2026-10-08T06:33:48Z" level=warning msg="Request Failed" error="Post \"http://auth-service.ecommerce.svc.cluster.local:8001/auth/login\": request timeout"
time="2026-10-08T06:33:49Z" level=warning msg="Request Failed" error="Post \"http://auth-service.ecommerce.svc.cluster.local:8001/auth/login\": request timeout"

running (09m25.9s), 057/225 VUs, 8321 complete and 0 interrupted iterations
openloop_oscillating   [  79% ] 057/225 VUs  09m25.8s/12m0s  25.70 iters/s

running (09m26.9s), 047/225 VUs, 8356 complete and 0 interrupted iterations
openloop_oscillating   [  79% ] 047/225 VUs  09m26.8s/12m0s  25.54 iters/s
time="2026-10-08T06:33:50Z" level=warning msg="Request Failed" error="Post \"http://auth-service.ecommerce.svc.cluster.local:8001/auth/login\": request timeout"

running (09m27.9s), 041/225 VUs, 8388 complete and 0 interrupted iterations
openloop_oscillating   [  79% ] 041/225 VUs  09m27.8s/12m0s  25.37 iters/s
time="2026-10-08T06:33:51Z" level=warning msg="Request Failed" error="Post \"http://auth-service.ecommerce.svc.cluster.local:8001/auth/login\": request timeout"
time="2026-10-08T06:33:52Z" level=warning msg="Request Failed" error="Post \"http://auth-service.ecommerce.svc.cluster.local:8001/auth/login\": request timeout"
time="2026-10-08T06:33:52Z" level=warning msg="Request Failed" error="Post \"http://auth-service.ecommerce.svc.cluster.local:8001/auth/login\": request timeout"

running (09m28.9s), 030/225 VUs, 8424 complete and 0 interrupted iterations
openloop_oscillating   [  79% ] 030/225 VUs  09m28.8s/12m0s  25.20 iters/s
time="2026-10-08T06:33:53Z" level=warning msg="Request Failed" error="Post \"http://auth-service.ecommerce.svc.cluster.local:8001/auth/login\": request timeout"

running (09m29.9s), 022/225 VUs, 8457 complete and 0 interrupted iterations
openloop_oscillating   [  79% ] 022/225 VUs  09m29.8s/12m0s  25.04 iters/s
time="2026-10-08T06:33:54Z" level=warning msg="Request Failed" error="Post \"http://auth-service.ecommerce.svc.cluster.local:8001/auth/login\": request timeout"

running (09m30.9s), 022/225 VUs, 8482 complete and 0 interrupted iterations
openloop_oscillating   [  79% ] 022/225 VUs  09m30.8s/12m0s  24.87 iters/s
time="2026-10-08T06:33:54Z" level=warning msg="Request Failed" error="Post \"http://auth-service.ecommerce.svc.cluster.local:8001/auth/login\": request timeout"
time="2026-10-08T06:33:55Z" level=warning msg="Request Failed" error="Post \"http://auth-service.ecommerce.svc.cluster.local:8001/auth/login\": request timeout"

running (09m31.9s), 016/225 VUs, 8513 complete and 0 interrupted iterations
openloop_oscillating   [  79% ] 016/225 VUs  09m31.8s/12m0s  24.70 iters/s
time="2026-10-08T06:33:55Z" level=warning msg="Request Failed" error="Post \"http://auth-service.ecommerce.svc.cluster.local:8001/auth/login\": request timeout"
time="2026-10-08T06:33:55Z" level=warning msg="Request Failed" error="Post \"http://auth-service.ecommerce.svc.cluster.local:8001/auth/login\": request timeout"

running (09m32.9s), 019/225 VUs, 8535 complete and 0 interrupted iterations
openloop_oscillating   [  80% ] 019/225 VUs  09m32.8s/12m0s  24.53 iters/s

running (09m33.9s), 036/225 VUs, 8542 complete and 0 interrupted iterations
openloop_oscillating   [  80% ] 036/225 VUs  09m33.8s/12m0s  24.37 iters/s

running (09m34.9s), 057/225 VUs, 8545 complete and 0 interrupted iterations
openloop_oscillating   [  80% ] 057/225 VUs  09m34.8s/12m0s  24.20 iters/s
time="2026-10-08T06:33:59Z" level=warning msg="Request Failed" error="Post \"http://auth-service.ecommerce.svc.cluster.local:8001/auth/login\": request timeout"
time="2026-10-08T06:33:59Z" level=warning msg="Request Failed" error="Post \"http://auth-service.ecommerce.svc.cluster.local:8001/auth/login\": request timeout"
time="2026-10-08T06:33:59Z" level=warning msg="Request Failed" error="Post \"http://auth-service.ecommerce.svc.cluster.local:8001/auth/login\": request timeout"
time="2026-10-08T06:33:59Z" level=warning msg="Request Failed" error="Post \"http://auth-service.ecommerce.svc.cluster.local:8001/auth/login\": request timeout"
time="2026-10-08T06:33:59Z" level=warning msg="Request Failed" error="Post \"http://auth-service.ecommerce.svc.cluster.local:8001/auth/login\": request timeout"

running (09m35.9s), 064/225 VUs, 8562 complete and 0 interrupted iterations
openloop_oscillating   [  80% ] 064/225 VUs  09m35.8s/12m0s  24.04 iters/s
time="2026-10-08T06:34:00Z" level=warning msg="Request Failed" error="Post \"http://auth-service.ecommerce.svc.cluster.local:8001/auth/login\": request timeout"
time="2026-10-08T06:34:00Z" level=warning msg="Request Failed" error="Post \"http://auth-service.ecommerce.svc.cluster.local:8001/auth/login\": request timeout"

running (09m36.9s), 072/225 VUs, 8578 complete and 0 interrupted iterations
openloop_oscillating   [  80% ] 072/225 VUs  09m36.8s/12m0s  23.87 iters/s
time="2026-10-08T06:34:00Z" level=warning msg="Request Failed" error="Post \"http://auth-service.ecommerce.svc.cluster.local:8001/auth/login\": request timeout"
time="2026-10-08T06:34:00Z" level=warning msg="Request Failed" error="Post \"http://auth-service.ecommerce.svc.cluster.local:8001/auth/login\": request timeout"
time="2026-10-08T06:34:01Z" level=warning msg="Request Failed" error="Post \"http://auth-service.ecommerce.svc.cluster.local:8001/auth/login\": request timeout"

running (09m37.9s), 079/225 VUs, 8595 complete and 0 interrupted iterations
openloop_oscillating   [  80% ] 079/225 VUs  09m37.8s/12m0s  23.70 iters/s
time="2026-10-08T06:34:01Z" level=warning msg="Request Failed" error="Post \"http://auth-service.ecommerce.svc.cluster.local:8001/auth/login\": request timeout"

running (09m38.9s), 061/225 VUs, 8637 complete and 0 interrupted iterations
openloop_oscillating   [  80% ] 061/225 VUs  09m38.8s/12m0s  23.53 iters/s

running (09m39.9s), 031/225 VUs, 8690 complete and 0 interrupted iterations
openloop_oscillating   [  81% ] 031/225 VUs  09m39.8s/12m0s  23.37 iters/s
time="2026-10-08T06:34:03Z" level=warning msg="Request Failed" error="Post \"http://auth-service.ecommerce.svc.cluster.local:8001/auth/login\": request timeout"
time="2026-10-08T06:34:03Z" level=warning msg="Request Failed" error="Post \"http://auth-service.ecommerce.svc.cluster.local:8001/auth/login\": request timeout"

running (09m40.9s), 020/225 VUs, 8725 complete and 0 interrupted iterations
openloop_oscillating   [  81% ] 020/225 VUs  09m40.8s/12m0s  23.20 iters/s
time="2026-10-08T06:34:05Z" level=warning msg="Request Failed" error="Post \"http://auth-service.ecommerce.svc.cluster.local:8001/auth/login\": request timeout"
time="2026-10-08T06:34:05Z" level=warning msg="Request Failed" error="Post \"http://auth-service.ecommerce.svc.cluster.local:8001/auth/login\": request timeout"

running (09m41.9s), 026/225 VUs, 8742 complete and 0 interrupted iterations
openloop_oscillating   [  81% ] 026/225 VUs  09m41.8s/12m0s  23.03 iters/s
time="2026-10-08T06:34:06Z" level=warning msg="Request Failed" error="Post \"http://auth-service.ecommerce.svc.cluster.local:8001/auth/login\": request timeout"

running (09m42.9s), 022/225 VUs, 8769 complete and 0 interrupted iterations
openloop_oscillating   [  81% ] 022/225 VUs  09m42.8s/12m0s  22.87 iters/s
time="2026-10-08T06:34:06Z" level=warning msg="Request Failed" error="Post \"http://auth-service.ecommerce.svc.cluster.local:8001/auth/login\": request timeout"
time="2026-10-08T06:34:07Z" level=warning msg="Request Failed" error="Post \"http://auth-service.ecommerce.svc.cluster.local:8001/auth/login\": request timeout"
time="2026-10-08T06:34:07Z" level=warning msg="Request Failed" error="Post \"http://auth-service.ecommerce.svc.cluster.local:8001/auth/login\": request timeout"

running (09m43.9s), 022/225 VUs, 8791 complete and 0 interrupted iterations
openloop_oscillating   [  81% ] 022/225 VUs  09m43.8s/12m0s  22.70 iters/s

running (09m44.9s), 020/225 VUs, 8816 complete and 0 interrupted iterations
openloop_oscillating   [  81% ] 020/225 VUs  09m44.8s/12m0s  22.54 iters/s
time="2026-10-08T06:34:08Z" level=warning msg="Request Failed" error="Post \"http://auth-service.ecommerce.svc.cluster.local:8001/auth/login\": request timeout"
time="2026-10-08T06:34:09Z" level=warning msg="Request Failed" error="Post \"http://auth-service.ecommerce.svc.cluster.local:8001/auth/login\": request timeout"

running (09m45.9s), 016/225 VUs, 8842 complete and 0 interrupted iterations
openloop_oscillating   [  81% ] 016/225 VUs  09m45.8s/12m0s  22.37 iters/s

running (09m46.9s), 022/225 VUs, 8859 complete and 0 interrupted iterations
openloop_oscillating   [  81% ] 022/225 VUs  09m46.8s/12m0s  22.20 iters/s
time="2026-10-08T06:34:10Z" level=warning msg="Request Failed" error="Post \"http://auth-service.ecommerce.svc.cluster.local:8001/auth/login\": request timeout"
time="2026-10-08T06:34:10Z" level=warning msg="Request Failed" error="Post \"http://auth-service.ecommerce.svc.cluster.local:8001/auth/login\": request timeout"
time="2026-10-08T06:34:10Z" level=warning msg="Request Failed" error="Post \"http://auth-service.ecommerce.svc.cluster.local:8001/auth/login\": request timeout"
time="2026-10-08T06:34:11Z" level=warning msg="Request Failed" error="Post \"http://auth-service.ecommerce.svc.cluster.local:8001/auth/login\": request timeout"

running (09m47.9s), 020/225 VUs, 8883 complete and 0 interrupted iterations
openloop_oscillating   [  82% ] 020/225 VUs  09m47.8s/12m0s  22.03 iters/s
time="2026-10-08T06:34:12Z" level=warning msg="Request Failed" error="Post \"http://auth-service.ecommerce.svc.cluster.local:8001/auth/login\": request timeout"
time="2026-10-08T06:34:12Z" level=warning msg="Request Failed" error="Post \"http://auth-service.ecommerce.svc.cluster.local:8001/auth/login\": request timeout"

running (09m48.9s), 017/225 VUs, 8908 complete and 0 interrupted iterations
openloop_oscillating   [  82% ] 017/225 VUs  09m48.8s/12m0s  21.87 iters/s
time="2026-10-08T06:34:13Z" level=warning msg="Request Failed" error="Post \"http://auth-service.ecommerce.svc.cluster.local:8001/auth/login\": request timeout"
time="2026-10-08T06:34:13Z" level=warning msg="Request Failed" error="Post \"http://auth-service.ecommerce.svc.cluster.local:8001/auth/login\": request timeout"
time="2026-10-08T06:34:13Z" level=warning msg="Request Failed" error="Post \"http://auth-service.ecommerce.svc.cluster.local:8001/auth/login\": request timeout"

running (09m49.9s), 018/225 VUs, 8929 complete and 0 interrupted iterations
openloop_oscillating   [  82% ] 018/225 VUs  09m49.8s/12m0s  21.70 iters/s

running (09m50.9s), 022/225 VUs, 8946 complete and 0 interrupted iterations
openloop_oscillating   [  82% ] 022/225 VUs  09m50.8s/12m0s  21.54 iters/s
time="2026-10-08T06:34:14Z" level=warning msg="Request Failed" error="Post \"http://auth-service.ecommerce.svc.cluster.local:8001/auth/login\": request timeout"

running (09m51.9s), 015/225 VUs, 8975 complete and 0 interrupted iterations
openloop_oscillating   [  82% ] 015/225 VUs  09m51.8s/12m0s  21.37 iters/s

running (09m52.9s), 015/225 VUs, 8996 complete and 0 interrupted iterations
openloop_oscillating   [  82% ] 015/225 VUs  09m52.8s/12m0s  21.20 iters/s
time="2026-10-08T06:34:16Z" level=warning msg="Request Failed" error="Post \"http://auth-service.ecommerce.svc.cluster.local:8001/auth/login\": request timeout"

running (09m53.9s), 010/225 VUs, 9022 complete and 0 interrupted iterations
openloop_oscillating   [  82% ] 010/225 VUs  09m53.8s/12m0s  21.04 iters/s
time="2026-10-08T06:34:17Z" level=warning msg="Request Failed" error="Post \"http://auth-service.ecommerce.svc.cluster.local:8001/auth/login\": request timeout"

running (09m54.9s), 017/225 VUs, 9036 complete and 0 interrupted iterations
openloop_oscillating   [  83% ] 017/225 VUs  09m54.8s/12m0s  20.87 iters/s

running (09m55.9s), 013/225 VUs, 9061 complete and 0 interrupted iterations
openloop_oscillating   [  83% ] 013/225 VUs  09m55.8s/12m0s  20.70 iters/s
time="2026-10-08T06:34:20Z" level=warning msg="Request Failed" error="Post \"http://auth-service.ecommerce.svc.cluster.local:8001/auth/login\": request timeout"
time="2026-10-08T06:34:20Z" level=warning msg="Request Failed" error="Post \"http://auth-service.ecommerce.svc.cluster.local:8001/auth/login\": request timeout"

running (09m56.9s), 014/225 VUs, 9080 complete and 0 interrupted iterations
openloop_oscillating   [  83% ] 014/225 VUs  09m56.8s/12m0s  20.54 iters/s

running (09m57.9s), 027/225 VUs, 9088 complete and 0 interrupted iterations
openloop_oscillating   [  83% ] 027/225 VUs  09m57.8s/12m0s  20.37 iters/s
time="2026-10-08T06:34:21Z" level=warning msg="Request Failed" error="Post \"http://auth-service.ecommerce.svc.cluster.local:8001/auth/login\": request timeout"

running (09m58.9s), 020/225 VUs, 9115 complete and 0 interrupted iterations
openloop_oscillating   [  83% ] 020/225 VUs  09m58.8s/12m0s  20.20 iters/s

running (09m59.9s), 024/225 VUs, 9131 complete and 0 interrupted iterations
openloop_oscillating   [  83% ] 024/225 VUs  09m59.8s/12m0s  20.04 iters/s

running (10m00.9s), 013/225 VUs, 9162 complete and 0 interrupted iterations
openloop_oscillating   [  83% ] 013/225 VUs  10m00.8s/12m0s  19.87 iters/s
time="2026-10-08T06:34:25Z" level=warning msg="Request Failed" error="Post \"http://auth-service.ecommerce.svc.cluster.local:8001/auth/login\": request timeout"

running (10m01.9s), 014/225 VUs, 9181 complete and 0 interrupted iterations
openloop_oscillating   [  84% ] 014/225 VUs  10m01.8s/12m0s  19.70 iters/s

running (10m02.9s), 019/225 VUs, 9196 complete and 0 interrupted iterations
openloop_oscillating   [  84% ] 019/225 VUs  10m02.8s/12m0s  19.53 iters/s

running (10m03.9s), 014/225 VUs, 9220 complete and 0 interrupted iterations
openloop_oscillating   [  84% ] 014/225 VUs  10m03.8s/12m0s  19.37 iters/s

running (10m04.9s), 011/225 VUs, 9242 complete and 0 interrupted iterations
openloop_oscillating   [  84% ] 011/225 VUs  10m04.8s/12m0s  19.21 iters/s

running (10m05.9s), 027/225 VUs, 9245 complete and 0 interrupted iterations
openloop_oscillating   [  84% ] 027/225 VUs  10m05.8s/12m0s  19.04 iters/s
time="2026-10-08T06:34:29Z" level=warning msg="Request Failed" error="Post \"http://auth-service.ecommerce.svc.cluster.local:8001/auth/login\": request timeout"
time="2026-10-08T06:34:30Z" level=warning msg="Request Failed" error="Post \"http://auth-service.ecommerce.svc.cluster.local:8001/auth/login\": request timeout"

running (10m06.9s), 021/225 VUs, 9270 complete and 0 interrupted iterations
openloop_oscillating   [  84% ] 021/225 VUs  10m06.8s/12m0s  18.87 iters/s

running (10m07.9s), 016/225 VUs, 9294 complete and 0 interrupted iterations
openloop_oscillating   [  84% ] 016/225 VUs  10m07.8s/12m0s  18.70 iters/s

running (10m08.9s), 020/225 VUs, 9309 complete and 0 interrupted iterations
openloop_oscillating   [  85% ] 020/225 VUs  10m08.8s/12m0s  18.53 iters/s

running (10m09.9s), 023/225 VUs, 9324 complete and 0 interrupted iterations
openloop_oscillating   [  85% ] 023/225 VUs  10m09.8s/12m0s  18.37 iters/s
time="2026-10-08T06:34:33Z" level=warning msg="Request Failed" error="Post \"http://auth-service.ecommerce.svc.cluster.local:8001/auth/login\": request timeout"
time="2026-10-08T06:34:33Z" level=warning msg="Request Failed" error="Post \"http://auth-service.ecommerce.svc.cluster.local:8001/auth/login\": request timeout"

running (10m10.9s), 021/225 VUs, 9345 complete and 0 interrupted iterations
openloop_oscillating   [  85% ] 021/225 VUs  10m10.8s/12m0s  18.20 iters/s
time="2026-10-08T06:34:35Z" level=warning msg="Request Failed" error="Post \"http://auth-service.ecommerce.svc.cluster.local:8001/auth/login\": request timeout"

running (10m11.9s), 021/225 VUs, 9363 complete and 0 interrupted iterations
openloop_oscillating   [  85% ] 021/225 VUs  10m11.8s/12m0s  18.03 iters/s
time="2026-10-08T06:34:35Z" level=warning msg="Request Failed" error="Post \"http://auth-service.ecommerce.svc.cluster.local:8001/auth/login\": request timeout"
time="2026-10-08T06:34:36Z" level=warning msg="Request Failed" error="Post \"http://auth-service.ecommerce.svc.cluster.local:8001/auth/login\": request timeout"

running (10m12.9s), 016/225 VUs, 9386 complete and 0 interrupted iterations
openloop_oscillating   [  85% ] 016/225 VUs  10m12.8s/12m0s  17.87 iters/s
time="2026-10-08T06:34:36Z" level=warning msg="Request Failed" error="Post \"http://auth-service.ecommerce.svc.cluster.local:8001/auth/login\": request timeout"
time="2026-10-08T06:34:36Z" level=warning msg="Request Failed" error="Post \"http://auth-service.ecommerce.svc.cluster.local:8001/auth/login\": request timeout"
time="2026-10-08T06:34:36Z" level=warning msg="Request Failed" error="Post \"http://auth-service.ecommerce.svc.cluster.local:8001/auth/login\": request timeout"
time="2026-10-08T06:34:37Z" level=warning msg="Request Failed" error="Post \"http://auth-service.ecommerce.svc.cluster.local:8001/auth/login\": request timeout"

running (10m13.9s), 016/225 VUs, 9403 complete and 0 interrupted iterations
openloop_oscillating   [  85% ] 016/225 VUs  10m13.8s/12m0s  17.71 iters/s
time="2026-10-08T06:34:37Z" level=warning msg="Request Failed" error="Post \"http://auth-service.ecommerce.svc.cluster.local:8001/auth/login\": request timeout"
time="2026-10-08T06:34:37Z" level=warning msg="Request Failed" error="Post \"http://auth-service.ecommerce.svc.cluster.local:8001/auth/login\": request timeout"
time="2026-10-08T06:34:37Z" level=warning msg="Request Failed" error="Post \"http://auth-service.ecommerce.svc.cluster.local:8001/auth/login\": request timeout"

running (10m14.9s), 014/225 VUs, 9423 complete and 0 interrupted iterations
openloop_oscillating   [  85% ] 014/225 VUs  10m14.8s/12m0s  17.54 iters/s
time="2026-10-08T06:34:38Z" level=warning msg="Request Failed" error="Post \"http://auth-service.ecommerce.svc.cluster.local:8001/auth/login\": request timeout"
time="2026-10-08T06:34:39Z" level=warning msg="Request Failed" error="Post \"http://auth-service.ecommerce.svc.cluster.local:8001/auth/login\": request timeout"

running (10m15.9s), 014/225 VUs, 9441 complete and 0 interrupted iterations
openloop_oscillating   [  86% ] 014/225 VUs  10m15.8s/12m0s  17.36 iters/s

running (10m16.9s), 014/225 VUs, 9458 complete and 0 interrupted iterations
openloop_oscillating   [  86% ] 014/225 VUs  10m16.8s/12m0s  17.20 iters/s

running (10m17.9s), 015/225 VUs, 9474 complete and 0 interrupted iterations
openloop_oscillating   [  86% ] 015/225 VUs  10m17.8s/12m0s  17.03 iters/s
time="2026-10-08T06:34:42Z" level=warning msg="Request Failed" error="Post \"http://auth-service.ecommerce.svc.cluster.local:8001/auth/login\": request timeout"

running (10m18.9s), 014/225 VUs, 9492 complete and 0 interrupted iterations
openloop_oscillating   [  86% ] 014/225 VUs  10m18.8s/12m0s  16.87 iters/s
time="2026-10-08T06:34:43Z" level=warning msg="Request Failed" error="Post \"http://auth-service.ecommerce.svc.cluster.local:8001/auth/login\": request timeout"

running (10m19.9s), 017/225 VUs, 9506 complete and 0 interrupted iterations
openloop_oscillating   [  86% ] 017/225 VUs  10m19.8s/12m0s  16.70 iters/s
time="2026-10-08T06:34:44Z" level=warning msg="Request Failed" error="Post \"http://auth-service.ecommerce.svc.cluster.local:8001/auth/login\": request timeout"

running (10m20.9s), 011/225 VUs, 9528 complete and 0 interrupted iterations
openloop_oscillating   [  86% ] 011/225 VUs  10m20.8s/12m0s  16.54 iters/s

running (10m21.9s), 004/225 VUs, 9552 complete and 0 interrupted iterations
openloop_oscillating   [  86% ] 004/225 VUs  10m21.8s/12m0s  16.37 iters/s

running (10m22.9s), 002/225 VUs, 9570 complete and 0 interrupted iterations
openloop_oscillating   [  86% ] 002/225 VUs  10m22.8s/12m0s  16.20 iters/s

running (10m23.9s), 001/225 VUs, 9587 complete and 0 interrupted iterations
openloop_oscillating   [  87% ] 001/225 VUs  10m23.8s/12m0s  16.04 iters/s

running (10m24.9s), 001/225 VUs, 9603 complete and 0 interrupted iterations
openloop_oscillating   [  87% ] 001/225 VUs  10m24.8s/12m0s  15.87 iters/s

running (10m25.9s), 002/225 VUs, 9618 complete and 0 interrupted iterations
openloop_oscillating   [  87% ] 002/225 VUs  10m25.8s/12m0s  15.70 iters/s

running (10m26.9s), 001/225 VUs, 9634 complete and 0 interrupted iterations
openloop_oscillating   [  87% ] 001/225 VUs  10m26.8s/12m0s  15.54 iters/s

running (10m27.9s), 004/225 VUs, 9647 complete and 0 interrupted iterations
openloop_oscillating   [  87% ] 004/225 VUs  10m27.8s/12m0s  15.37 iters/s

running (10m28.9s), 008/225 VUs, 9658 complete and 0 interrupted iterations
openloop_oscillating   [  87% ] 008/225 VUs  10m28.8s/12m0s  15.20 iters/s

running (10m29.9s), 009/225 VUs, 9672 complete and 0 interrupted iterations
openloop_oscillating   [  87% ] 009/225 VUs  10m29.8s/12m0s  15.04 iters/s

running (10m30.9s), 006/225 VUs, 9690 complete and 0 interrupted iterations
openloop_oscillating   [  88% ] 006/225 VUs  10m30.8s/12m0s  14.87 iters/s

running (10m31.9s), 004/225 VUs, 9707 complete and 0 interrupted iterations
openloop_oscillating   [  88% ] 004/225 VUs  10m31.8s/12m0s  14.70 iters/s

running (10m32.9s), 007/225 VUs, 9719 complete and 0 interrupted iterations
openloop_oscillating   [  88% ] 007/225 VUs  10m32.8s/12m0s  14.53 iters/s

running (10m33.9s), 006/225 VUs, 9734 complete and 0 interrupted iterations
openloop_oscillating   [  88% ] 006/225 VUs  10m33.8s/12m0s  14.37 iters/s

running (10m34.9s), 008/225 VUs, 9746 complete and 0 interrupted iterations
openloop_oscillating   [  88% ] 008/225 VUs  10m34.8s/12m0s  14.21 iters/s

running (10m35.9s), 012/225 VUs, 9757 complete and 0 interrupted iterations
openloop_oscillating   [  88% ] 012/225 VUs  10m35.8s/12m0s  14.03 iters/s

running (10m36.9s), 013/225 VUs, 9769 complete and 0 interrupted iterations
openloop_oscillating   [  88% ] 013/225 VUs  10m36.8s/12m0s  13.87 iters/s

running (10m37.9s), 014/225 VUs, 9782 complete and 0 interrupted iterations
openloop_oscillating   [  89% ] 014/225 VUs  10m37.8s/12m0s  13.71 iters/s
time="2026-10-08T06:35:02Z" level=warning msg="Request Failed" error="Post \"http://auth-service.ecommerce.svc.cluster.local:8001/auth/login\": request timeout"

running (10m38.9s), 027/225 VUs, 9783 complete and 0 interrupted iterations
openloop_oscillating   [  89% ] 027/225 VUs  10m38.8s/12m0s  13.53 iters/s
time="2026-10-08T06:35:02Z" level=warning msg="Request Failed" error="Post \"http://auth-service.ecommerce.svc.cluster.local:8001/auth/login\": request timeout"
time="2026-10-08T06:35:03Z" level=warning msg="Request Failed" error="Post \"http://auth-service.ecommerce.svc.cluster.local:8001/auth/login\": request timeout"
time="2026-10-08T06:35:03Z" level=warning msg="Request Failed" error="Post \"http://auth-service.ecommerce.svc.cluster.local:8001/auth/login\": request timeout"

running (10m39.9s), 037/225 VUs, 9786 complete and 0 interrupted iterations
openloop_oscillating   [  89% ] 037/225 VUs  10m39.8s/12m0s  13.37 iters/s
time="2026-10-08T06:35:03Z" level=warning msg="Request Failed" error="Post \"http://auth-service.ecommerce.svc.cluster.local:8001/auth/login\": request timeout"
time="2026-10-08T06:35:04Z" level=warning msg="Request Failed" error="Post \"http://auth-service.ecommerce.svc.cluster.local:8001/auth/login\": request timeout"

running (10m40.9s), 023/225 VUs, 9814 complete and 0 interrupted iterations
openloop_oscillating   [  89% ] 023/225 VUs  10m40.8s/12m0s  13.20 iters/s

running (10m41.9s), 009/225 VUs, 9841 complete and 0 interrupted iterations
openloop_oscillating   [  89% ] 009/225 VUs  10m41.8s/12m0s  13.03 iters/s

running (10m42.9s), 011/225 VUs, 9852 complete and 0 interrupted iterations
openloop_oscillating   [  89% ] 011/225 VUs  10m42.8s/12m0s  12.86 iters/s
time="2026-10-08T06:35:06Z" level=warning msg="Request Failed" error="Post \"http://auth-service.ecommerce.svc.cluster.local:8001/auth/login\": request timeout"

running (10m43.9s), 008/225 VUs, 9867 complete and 0 interrupted iterations
openloop_oscillating   [  89% ] 008/225 VUs  10m43.8s/12m0s  12.71 iters/s

running (10m44.9s), 013/225 VUs, 9875 complete and 0 interrupted iterations
openloop_oscillating   [  90% ] 013/225 VUs  10m44.8s/12m0s  12.54 iters/s
time="2026-10-08T06:35:08Z" level=warning msg="Request Failed" error="Post \"http://auth-service.ecommerce.svc.cluster.local:8001/auth/login\": request timeout"

running (10m45.9s), 014/225 VUs, 9887 complete and 0 interrupted iterations
openloop_oscillating   [  90% ] 014/225 VUs  10m45.8s/12m0s  12.36 iters/s
time="2026-10-08T06:35:10Z" level=warning msg="Request Failed" error="Post \"http://auth-service.ecommerce.svc.cluster.local:8001/auth/login\": request timeout"
time="2026-10-08T06:35:10Z" level=warning msg="Request Failed" error="Post \"http://auth-service.ecommerce.svc.cluster.local:8001/auth/login\": request timeout"

running (10m46.9s), 004/225 VUs, 9909 complete and 0 interrupted iterations
openloop_oscillating   [  90% ] 004/225 VUs  10m46.8s/12m0s  12.20 iters/s

running (10m47.9s), 006/225 VUs, 9919 complete and 0 interrupted iterations
openloop_oscillating   [  90% ] 006/225 VUs  10m47.8s/12m0s  12.03 iters/s

running (10m48.9s), 009/225 VUs, 9928 complete and 0 interrupted iterations
openloop_oscillating   [  90% ] 009/225 VUs  10m48.8s/12m0s  11.87 iters/s

running (10m49.9s), 008/225 VUs, 9941 complete and 0 interrupted iterations
openloop_oscillating   [  90% ] 008/225 VUs  10m49.8s/12m0s  11.70 iters/s

running (10m50.9s), 007/225 VUs, 9953 complete and 0 interrupted iterations
openloop_oscillating   [  90% ] 007/225 VUs  10m50.8s/12m0s  11.54 iters/s

running (10m51.9s), 010/225 VUs, 9962 complete and 0 interrupted iterations
openloop_oscillating   [  91% ] 010/225 VUs  10m51.8s/12m0s  11.37 iters/s
time="2026-10-08T06:35:16Z" level=warning msg="Request Failed" error="Post \"http://auth-service.ecommerce.svc.cluster.local:8001/auth/login\": request timeout"

running (10m52.9s), 011/225 VUs, 9972 complete and 0 interrupted iterations
openloop_oscillating   [  91% ] 011/225 VUs  10m52.8s/12m0s  11.20 iters/s
time="2026-10-08T06:35:16Z" level=warning msg="Request Failed" error="Post \"http://auth-service.ecommerce.svc.cluster.local:8001/auth/login\": request timeout"

running (10m53.9s), 008/225 VUs, 9986 complete and 0 interrupted iterations
openloop_oscillating   [  91% ] 008/225 VUs  10m53.8s/12m0s  11.04 iters/s
time="2026-10-08T06:35:18Z" level=warning msg="Request Failed" error="Post \"http://auth-service.ecommerce.svc.cluster.local:8001/auth/login\": request timeout"

running (10m54.9s), 012/225 VUs, 9993 complete and 0 interrupted iterations
openloop_oscillating   [  91% ] 012/225 VUs  10m54.8s/12m0s  10.87 iters/s
time="2026-10-08T06:35:19Z" level=warning msg="Request Failed" error="Post \"http://auth-service.ecommerce.svc.cluster.local:8001/auth/login\": request timeout"

running (10m55.9s), 009/225 VUs, 10007 complete and 0 interrupted iterations
openloop_oscillating   [  91% ] 009/225 VUs  10m55.8s/12m0s  10.70 iters/s

running (10m56.9s), 005/225 VUs, 10022 complete and 0 interrupted iterations
openloop_oscillating   [  91% ] 005/225 VUs  10m56.8s/12m0s  10.53 iters/s

running (10m57.9s), 006/225 VUs, 10031 complete and 0 interrupted iterations
openloop_oscillating   [  91% ] 006/225 VUs  10m57.8s/12m0s  10.37 iters/s

running (10m58.9s), 004/225 VUs, 10043 complete and 0 interrupted iterations
openloop_oscillating   [  91% ] 004/225 VUs  10m58.8s/12m0s  10.21 iters/s

running (10m59.9s), 006/225 VUs, 10051 complete and 0 interrupted iterations
openloop_oscillating   [  92% ] 006/225 VUs  10m59.8s/12m0s  10.04 iters/s

running (11m00.9s), 005/225 VUs, 10062 complete and 0 interrupted iterations
openloop_oscillating   [  92% ] 005/225 VUs  11m00.8s/12m0s  09.87 iters/s

running (11m01.9s), 006/225 VUs, 10071 complete and 0 interrupted iterations
openloop_oscillating   [  92% ] 006/225 VUs  11m01.8s/12m0s  09.70 iters/s

running (11m02.9s), 003/225 VUs, 10084 complete and 0 interrupted iterations
openloop_oscillating   [  92% ] 003/225 VUs  11m02.8s/12m0s  09.53 iters/s

running (11m03.9s), 000/225 VUs, 10096 complete and 0 interrupted iterations
openloop_oscillating   [  92% ] 000/225 VUs  11m03.8s/12m0s  09.37 iters/s

running (11m04.9s), 002/225 VUs, 10103 complete and 0 interrupted iterations
openloop_oscillating   [  92% ] 002/225 VUs  11m04.8s/12m0s  09.21 iters/s

running (11m05.9s), 000/225 VUs, 10115 complete and 0 interrupted iterations
openloop_oscillating   [  92% ] 000/225 VUs  11m05.8s/12m0s  09.03 iters/s

running (11m06.9s), 001/225 VUs, 10123 complete and 0 interrupted iterations
openloop_oscillating   [  93% ] 001/225 VUs  11m06.8s/12m0s  08.86 iters/s

running (11m07.9s), 000/225 VUs, 10132 complete and 0 interrupted iterations
openloop_oscillating   [  93% ] 000/225 VUs  11m07.8s/12m0s  08.71 iters/s

running (11m08.9s), 001/225 VUs, 10140 complete and 0 interrupted iterations
openloop_oscillating   [  93% ] 001/225 VUs  11m08.8s/12m0s  08.53 iters/s

running (11m09.9s), 001/225 VUs, 10148 complete and 0 interrupted iterations
openloop_oscillating   [  93% ] 001/225 VUs  11m09.8s/12m0s  08.38 iters/s

running (11m10.9s), 002/225 VUs, 10156 complete and 0 interrupted iterations
openloop_oscillating   [  93% ] 002/225 VUs  11m10.8s/12m0s  08.20 iters/s

running (11m11.9s), 000/225 VUs, 10166 complete and 0 interrupted iterations
openloop_oscillating   [  93% ] 000/225 VUs  11m11.8s/12m0s  08.03 iters/s

running (11m12.9s), 000/225 VUs, 10174 complete and 0 interrupted iterations
openloop_oscillating   [  93% ] 000/225 VUs  11m12.8s/12m0s  07.86 iters/s

running (11m13.9s), 002/225 VUs, 10180 complete and 0 interrupted iterations
openloop_oscillating   [  94% ] 002/225 VUs  11m13.8s/12m0s  07.69 iters/s

running (11m14.9s), 000/225 VUs, 10189 complete and 0 interrupted iterations
openloop_oscillating   [  94% ] 000/225 VUs  11m14.8s/12m0s  07.54 iters/s

running (11m15.9s), 000/225 VUs, 10197 complete and 0 interrupted iterations
openloop_oscillating   [  94% ] 000/225 VUs  11m15.8s/12m0s  07.36 iters/s

running (11m16.9s), 001/225 VUs, 10203 complete and 0 interrupted iterations
openloop_oscillating   [  94% ] 001/225 VUs  11m16.8s/12m0s  07.20 iters/s

running (11m17.9s), 001/225 VUs, 10210 complete and 0 interrupted iterations
openloop_oscillating   [  94% ] 001/225 VUs  11m17.8s/12m0s  07.04 iters/s

running (11m18.9s), 000/225 VUs, 10218 complete and 0 interrupted iterations
openloop_oscillating   [  94% ] 000/225 VUs  11m18.8s/12m0s  06.87 iters/s

running (11m19.9s), 001/225 VUs, 10224 complete and 0 interrupted iterations
openloop_oscillating   [  94% ] 001/225 VUs  11m19.8s/12m0s  06.70 iters/s

running (11m20.9s), 000/225 VUs, 10231 complete and 0 interrupted iterations
openloop_oscillating   [  95% ] 000/225 VUs  11m20.8s/12m0s  06.54 iters/s

running (11m21.9s), 001/225 VUs, 10237 complete and 0 interrupted iterations
openloop_oscillating   [  95% ] 001/225 VUs  11m21.8s/12m0s  06.36 iters/s

running (11m22.9s), 001/225 VUs, 10243 complete and 0 interrupted iterations
openloop_oscillating   [  95% ] 001/225 VUs  11m22.8s/12m0s  06.20 iters/s

running (11m23.9s), 000/225 VUs, 10250 complete and 0 interrupted iterations
openloop_oscillating   [  95% ] 000/225 VUs  11m23.8s/12m0s  06.04 iters/s

running (11m24.9s), 001/225 VUs, 10255 complete and 0 interrupted iterations
openloop_oscillating   [  95% ] 001/225 VUs  11m24.8s/12m0s  05.87 iters/s

running (11m25.9s), 001/225 VUs, 10261 complete and 0 interrupted iterations
openloop_oscillating   [  95% ] 001/225 VUs  11m25.8s/12m0s  05.70 iters/s

running (11m26.9s), 000/225 VUs, 10268 complete and 0 interrupted iterations
openloop_oscillating   [  95% ] 000/225 VUs  11m26.8s/12m0s  05.52 iters/s

running (11m27.9s), 000/225 VUs, 10273 complete and 0 interrupted iterations
openloop_oscillating   [  96% ] 000/225 VUs  11m27.8s/12m0s  05.37 iters/s

running (11m28.9s), 002/225 VUs, 10276 complete and 0 interrupted iterations
openloop_oscillating   [  96% ] 002/225 VUs  11m28.8s/12m0s  05.21 iters/s

running (11m29.9s), 001/225 VUs, 10282 complete and 0 interrupted iterations
openloop_oscillating   [  96% ] 001/225 VUs  11m29.8s/12m0s  05.05 iters/s

running (11m30.9s), 000/225 VUs, 10288 complete and 0 interrupted iterations
openloop_oscillating   [  96% ] 000/225 VUs  11m30.8s/12m0s  04.88 iters/s

running (11m31.9s), 000/225 VUs, 10293 complete and 0 interrupted iterations
openloop_oscillating   [  96% ] 000/225 VUs  11m31.8s/12m0s  04.71 iters/s

running (11m32.9s), 001/225 VUs, 10297 complete and 0 interrupted iterations
openloop_oscillating   [  96% ] 001/225 VUs  11m32.8s/12m0s  04.53 iters/s

running (11m33.9s), 000/225 VUs, 10302 complete and 0 interrupted iterations
openloop_oscillating   [  96% ] 000/225 VUs  11m33.8s/12m0s  04.38 iters/s

running (11m34.9s), 002/225 VUs, 10305 complete and 0 interrupted iterations
openloop_oscillating   [  96% ] 002/225 VUs  11m34.8s/12m0s  04.18 iters/s

running (11m35.9s), 001/225 VUs, 10310 complete and 0 interrupted iterations
openloop_oscillating   [  97% ] 001/225 VUs  11m35.8s/12m0s  04.02 iters/s

running (11m36.9s), 000/225 VUs, 10315 complete and 0 interrupted iterations
openloop_oscillating   [  97% ] 000/225 VUs  11m36.8s/12m0s  03.85 iters/s

running (11m37.9s), 000/225 VUs, 10318 complete and 0 interrupted iterations
openloop_oscillating   [  97% ] 000/225 VUs  11m37.8s/12m0s  03.72 iters/s

running (11m38.9s), 001/225 VUs, 10321 complete and 0 interrupted iterations
openloop_oscillating   [  97% ] 001/225 VUs  11m38.8s/12m0s  03.54 iters/s

running (11m39.9s), 002/225 VUs, 10323 complete and 0 interrupted iterations
openloop_oscillating   [  97% ] 002/225 VUs  11m39.8s/12m0s  03.39 iters/s

running (11m40.9s), 000/225 VUs, 10329 complete and 0 interrupted iterations
openloop_oscillating   [  97% ] 000/225 VUs  11m40.8s/12m0s  03.19 iters/s

running (11m41.9s), 000/225 VUs, 10332 complete and 0 interrupted iterations
openloop_oscillating   [  97% ] 000/225 VUs  11m41.8s/12m0s  03.03 iters/s

running (11m42.9s), 000/225 VUs, 10335 complete and 0 interrupted iterations
openloop_oscillating   [  98% ] 000/225 VUs  11m42.8s/12m0s  02.86 iters/s

running (11m43.9s), 000/225 VUs, 10338 complete and 0 interrupted iterations
openloop_oscillating   [  98% ] 000/225 VUs  11m43.8s/12m0s  02.68 iters/s

running (11m44.9s), 000/225 VUs, 10340 complete and 0 interrupted iterations
openloop_oscillating   [  98% ] 000/225 VUs  11m44.8s/12m0s  02.55 iters/s

running (11m45.9s), 000/225 VUs, 10343 complete and 0 interrupted iterations
openloop_oscillating   [  98% ] 000/225 VUs  11m45.8s/12m0s  02.34 iters/s

running (11m46.9s), 000/225 VUs, 10345 complete and 0 interrupted iterations
openloop_oscillating   [  98% ] 000/225 VUs  11m46.8s/12m0s  02.20 iters/s

running (11m47.9s), 000/225 VUs, 10347 complete and 0 interrupted iterations
openloop_oscillating   [  98% ] 000/225 VUs  11m47.8s/12m0s  02.04 iters/s

running (11m48.9s), 000/225 VUs, 10349 complete and 0 interrupted iterations
openloop_oscillating   [  98% ] 000/225 VUs  11m48.8s/12m0s  01.87 iters/s

running (11m49.9s), 000/225 VUs, 10351 complete and 0 interrupted iterations
openloop_oscillating   [  99% ] 000/225 VUs  11m49.8s/12m0s  01.68 iters/s

running (11m50.9s), 000/225 VUs, 10352 complete and 0 interrupted iterations
openloop_oscillating   [  99% ] 000/225 VUs  11m50.8s/12m0s  01.58 iters/s

running (11m51.9s), 000/225 VUs, 10354 complete and 0 interrupted iterations
openloop_oscillating   [  99% ] 000/225 VUs  11m51.8s/12m0s  01.35 iters/s

running (11m52.9s), 000/225 VUs, 10355 complete and 0 interrupted iterations
openloop_oscillating   [  99% ] 000/225 VUs  11m52.8s/12m0s  01.22 iters/s

running (11m53.9s), 000/225 VUs, 10356 complete and 0 interrupted iterations
openloop_oscillating   [  99% ] 000/225 VUs  11m53.8s/12m0s  01.08 iters/s

running (11m54.9s), 000/225 VUs, 10357 complete and 0 interrupted iterations
openloop_oscillating   [  99% ] 000/225 VUs  11m54.8s/12m0s  00.91 iters/s

running (11m55.9s), 000/225 VUs, 10358 complete and 0 interrupted iterations
openloop_oscillating   [  99% ] 000/225 VUs  11m55.8s/12m0s  00.70 iters/s

running (11m56.9s), 000/225 VUs, 10359 complete and 0 interrupted iterations
openloop_oscillating   [ 100% ] 000/225 VUs  11m56.8s/12m0s  00.29 iters/s

running (11m57.9s), 000/225 VUs, 10359 complete and 0 interrupted iterations
openloop_oscillating   [ 100% ] 000/225 VUs  11m57.8s/12m0s  00.29 iters/s

running (11m58.9s), 000/225 VUs, 10359 complete and 0 interrupted iterations
openloop_oscillating   [ 100% ] 000/225 VUs  11m58.8s/12m0s  00.29 iters/s

running (11m59.9s), 000/225 VUs, 10359 complete and 0 interrupted iterations
openloop_oscillating   [ 100% ] 000/225 VUs  11m59.8s/12m0s  00.29 iters/s

     ✗ me status is 200
      ↳  52% — ✓ 3786 / ✗ 3400
     ✗ me returns user data
      ↳  52% — ✓ 3786 / ✗ 3400
     ✗ me response time < 500ms
      ↳  49% — ✓ 3572 / ✗ 3614
     ✗ login status is 200
      ↳  40% — ✓ 1282 / ✗ 1891
     ✗ login returns access token
      ↳  40% — ✓ 1282 / ✗ 1891
     ✗ login response time < 1000ms
      ↳  47% — ✓ 1517 / ✗ 1656

     █ setup

     checks.........................: 48.99% ✓ 15225     ✗ 15852
     data_received..................: 3.6 MB 5.0 kB/s
     data_sent......................: 5.2 MB 7.2 kB/s
     http_req_blocked...............: avg=1.26ms  min=707.19µs med=1.1ms    max=16.24ms  p(90)=1.4ms   p(95)=2.22ms  p(99)=5.03ms  
     http_req_connecting............: avg=1.21ms  min=671.97µs med=1.05ms   max=16.19ms  p(90)=1.35ms  p(95)=2.17ms  p(99)=4.94ms  
     http_req_duration..............: avg=1.13s   min=637.33µs med=624.75ms max=5s       p(90)=3.12s   p(95)=4.6s    p(99)=4.99s   
       { expected_response:true }...: avg=1.13s   min=2.52ms   med=727.4ms  max=4.99s    p(90)=3.12s   p(95)=3.75s   p(99)=4.71s   
     http_req_failed................: 51.07% ✓ 5291      ✗ 5068 
     http_req_receiving.............: avg=8.19ms  min=0s       med=78.22µs  max=832.97ms p(90)=2.81ms  p(95)=90.33ms p(99)=102.46ms
     http_req_sending...............: avg=40.77µs min=14.23µs  med=40.06µs  max=426.53µs p(90)=52.88µs p(95)=58.49µs p(99)=69.55µs 
     http_req_tls_handshaking.......: avg=0s      min=0s       med=0s       max=0s       p(90)=0s      p(95)=0s      p(99)=0s      
     http_req_waiting...............: avg=1.12s   min=562.19µs med=620.6ms  max=5s       p(90)=3.09s   p(95)=4.56s   p(99)=4.99s   
     http_reqs......................: 10359  14.386316/s
     iteration_duration.............: avg=1.13s   min=1.73ms   med=625.98ms max=5s       p(90)=3.12s   p(95)=4.6s    p(99)=5s      
     iterations.....................: 10359  14.386316/s
     req_e2e_duration...............: avg=1.13s   min=1ms      med=626ms    max=5s       p(90)=3.12s   p(95)=4.6s    p(99)=5s      
     vus............................: 0      min=0       max=127
     vus_max........................: 225    min=225     max=225


running (12m00.1s), 000/225 VUs, 10359 complete and 0 interrupted iterations
openloop_oscillating ✓ [ 100% ] 000/225 VUs  12m0s  00.29 iters/s
[openloop-wrapper] k6 exit code 0
