
          /\      |‾‾| /‾‾/   /‾‾/   
     /\  /  \     |  |/  /   /  /    
    /  \/    \    |     (   /   ‾‾\  
   /          \   |  |\  \ |  (‾)  | 
  / __________ \  |__| \__\ \_____/ .io

  execution: local
     script: /scripts/load-test.js
     output: json (/results/results.json.gz)

  scenarios: (100.00%) 1 scenario, 225 max VUs, 12m30s max duration (incl. graceful stop):
           * openloop_oscillating: Up to 30.00 iterations/s for 12m0s over 12 stages (maxVUs: 225, gracefulStop: 30s)

time="2026-10-07T16:17:48Z" level=info msg="OPENLOOP_CONFIG service=auth-service pattern=oscillating base_rate=2 peak_rate=30 timeout=5s vu_factor=1.5 openloop_oscillating:ramping-arrival-rate:vus=225/225" source=console
time="2026-10-07T16:17:48Z" level=info msg="PREAUTH_USED tokens=120" source=console
time="2026-10-07T16:17:48Z" level=info msg="SCENARIO_START name=openloop_oscillating start_ms=1791389868418" source=console

running (00m00.8s), 000/225 VUs, 1 complete and 0 interrupted iterations
openloop_oscillating   [   0% ] 000/225 VUs  00m00.8s/12m0s  02.00 iters/s

running (00m01.8s), 001/225 VUs, 2 complete and 0 interrupted iterations
openloop_oscillating   [   0% ] 001/225 VUs  00m01.8s/12m0s  02.00 iters/s

running (00m02.8s), 000/225 VUs, 5 complete and 0 interrupted iterations
openloop_oscillating   [   0% ] 000/225 VUs  00m02.8s/12m0s  02.00 iters/s

running (00m03.8s), 000/225 VUs, 7 complete and 0 interrupted iterations
openloop_oscillating   [   1% ] 000/225 VUs  00m03.8s/12m0s  02.00 iters/s

running (00m04.8s), 000/225 VUs, 9 complete and 0 interrupted iterations
openloop_oscillating   [   1% ] 000/225 VUs  00m04.8s/12m0s  02.00 iters/s

running (00m05.8s), 000/225 VUs, 11 complete and 0 interrupted iterations
openloop_oscillating   [   1% ] 000/225 VUs  00m05.8s/12m0s  02.00 iters/s

running (00m06.8s), 000/225 VUs, 13 complete and 0 interrupted iterations
openloop_oscillating   [   1% ] 000/225 VUs  00m06.8s/12m0s  02.00 iters/s

running (00m07.8s), 000/225 VUs, 15 complete and 0 interrupted iterations
openloop_oscillating   [   1% ] 000/225 VUs  00m07.8s/12m0s  02.00 iters/s

running (00m08.8s), 000/225 VUs, 17 complete and 0 interrupted iterations
openloop_oscillating   [   1% ] 000/225 VUs  00m08.8s/12m0s  02.00 iters/s

running (00m09.8s), 001/225 VUs, 18 complete and 0 interrupted iterations
openloop_oscillating   [   1% ] 001/225 VUs  00m09.8s/12m0s  02.00 iters/s

running (00m10.8s), 000/225 VUs, 21 complete and 0 interrupted iterations
openloop_oscillating   [   2% ] 000/225 VUs  00m10.8s/12m0s  02.00 iters/s

running (00m11.8s), 000/225 VUs, 23 complete and 0 interrupted iterations
openloop_oscillating   [   2% ] 000/225 VUs  00m11.8s/12m0s  02.00 iters/s

running (00m12.8s), 000/225 VUs, 25 complete and 0 interrupted iterations
openloop_oscillating   [   2% ] 000/225 VUs  00m12.8s/12m0s  02.00 iters/s

running (00m13.8s), 000/225 VUs, 27 complete and 0 interrupted iterations
openloop_oscillating   [   2% ] 000/225 VUs  00m13.8s/12m0s  02.00 iters/s

running (00m14.8s), 001/225 VUs, 28 complete and 0 interrupted iterations
openloop_oscillating   [   2% ] 001/225 VUs  00m14.8s/12m0s  02.00 iters/s

running (00m15.8s), 001/225 VUs, 30 complete and 0 interrupted iterations
openloop_oscillating   [   2% ] 001/225 VUs  00m15.8s/12m0s  02.00 iters/s

running (00m16.8s), 000/225 VUs, 33 complete and 0 interrupted iterations
openloop_oscillating   [   2% ] 000/225 VUs  00m16.8s/12m0s  02.00 iters/s

running (00m17.8s), 000/225 VUs, 35 complete and 0 interrupted iterations
openloop_oscillating   [   2% ] 000/225 VUs  00m17.8s/12m0s  02.00 iters/s

running (00m18.8s), 000/225 VUs, 37 complete and 0 interrupted iterations
openloop_oscillating   [   3% ] 000/225 VUs  00m18.8s/12m0s  02.00 iters/s

running (00m19.8s), 000/225 VUs, 39 complete and 0 interrupted iterations
openloop_oscillating   [   3% ] 000/225 VUs  00m19.8s/12m0s  02.00 iters/s

running (00m20.8s), 000/225 VUs, 41 complete and 0 interrupted iterations
openloop_oscillating   [   3% ] 000/225 VUs  00m20.8s/12m0s  02.00 iters/s

running (00m21.8s), 000/225 VUs, 43 complete and 0 interrupted iterations
openloop_oscillating   [   3% ] 000/225 VUs  00m21.8s/12m0s  02.00 iters/s

running (00m22.8s), 000/225 VUs, 45 complete and 0 interrupted iterations
openloop_oscillating   [   3% ] 000/225 VUs  00m22.8s/12m0s  02.00 iters/s

running (00m23.8s), 000/225 VUs, 47 complete and 0 interrupted iterations
openloop_oscillating   [   3% ] 000/225 VUs  00m23.8s/12m0s  02.00 iters/s

running (00m24.8s), 001/225 VUs, 48 complete and 0 interrupted iterations
openloop_oscillating   [   3% ] 001/225 VUs  00m24.8s/12m0s  02.00 iters/s

running (00m25.8s), 001/225 VUs, 50 complete and 0 interrupted iterations
openloop_oscillating   [   4% ] 001/225 VUs  00m25.8s/12m0s  02.00 iters/s

running (00m26.8s), 001/225 VUs, 52 complete and 0 interrupted iterations
openloop_oscillating   [   4% ] 001/225 VUs  00m26.8s/12m0s  02.00 iters/s

running (00m27.8s), 000/225 VUs, 55 complete and 0 interrupted iterations
openloop_oscillating   [   4% ] 000/225 VUs  00m27.8s/12m0s  02.00 iters/s

running (00m28.8s), 000/225 VUs, 57 complete and 0 interrupted iterations
openloop_oscillating   [   4% ] 000/225 VUs  00m28.8s/12m0s  02.00 iters/s

running (00m29.8s), 000/225 VUs, 59 complete and 0 interrupted iterations
openloop_oscillating   [   4% ] 000/225 VUs  00m29.8s/12m0s  02.00 iters/s

running (00m30.8s), 001/225 VUs, 60 complete and 0 interrupted iterations
openloop_oscillating   [   4% ] 001/225 VUs  00m30.8s/12m0s  02.00 iters/s

running (00m31.8s), 000/225 VUs, 63 complete and 0 interrupted iterations
openloop_oscillating   [   4% ] 000/225 VUs  00m31.8s/12m0s  02.00 iters/s

running (00m32.8s), 001/225 VUs, 64 complete and 0 interrupted iterations
openloop_oscillating   [   5% ] 001/225 VUs  00m32.8s/12m0s  02.00 iters/s

running (00m33.8s), 000/225 VUs, 67 complete and 0 interrupted iterations
openloop_oscillating   [   5% ] 000/225 VUs  00m33.8s/12m0s  02.00 iters/s

running (00m34.8s), 000/225 VUs, 69 complete and 0 interrupted iterations
openloop_oscillating   [   5% ] 000/225 VUs  00m34.8s/12m0s  02.00 iters/s

running (00m35.8s), 000/225 VUs, 71 complete and 0 interrupted iterations
openloop_oscillating   [   5% ] 000/225 VUs  00m35.8s/12m0s  02.00 iters/s

running (00m36.8s), 000/225 VUs, 73 complete and 0 interrupted iterations
openloop_oscillating   [   5% ] 000/225 VUs  00m36.8s/12m0s  02.00 iters/s

running (00m37.8s), 000/225 VUs, 75 complete and 0 interrupted iterations
openloop_oscillating   [   5% ] 000/225 VUs  00m37.8s/12m0s  02.00 iters/s

running (00m38.8s), 000/225 VUs, 77 complete and 0 interrupted iterations
openloop_oscillating   [   5% ] 000/225 VUs  00m38.8s/12m0s  02.00 iters/s

running (00m39.8s), 000/225 VUs, 79 complete and 0 interrupted iterations
openloop_oscillating   [   6% ] 000/225 VUs  00m39.8s/12m0s  02.00 iters/s

running (00m40.8s), 000/225 VUs, 81 complete and 0 interrupted iterations
openloop_oscillating   [   6% ] 000/225 VUs  00m40.8s/12m0s  02.00 iters/s

running (00m41.8s), 000/225 VUs, 83 complete and 0 interrupted iterations
openloop_oscillating   [   6% ] 000/225 VUs  00m41.8s/12m0s  02.00 iters/s

running (00m42.8s), 000/225 VUs, 85 complete and 0 interrupted iterations
openloop_oscillating   [   6% ] 000/225 VUs  00m42.8s/12m0s  02.00 iters/s

running (00m43.8s), 000/225 VUs, 87 complete and 0 interrupted iterations
openloop_oscillating   [   6% ] 000/225 VUs  00m43.8s/12m0s  02.00 iters/s

running (00m44.8s), 000/225 VUs, 89 complete and 0 interrupted iterations
openloop_oscillating   [   6% ] 000/225 VUs  00m44.8s/12m0s  02.00 iters/s

running (00m45.8s), 000/225 VUs, 91 complete and 0 interrupted iterations
openloop_oscillating   [   6% ] 000/225 VUs  00m45.8s/12m0s  02.00 iters/s

running (00m46.8s), 000/225 VUs, 93 complete and 0 interrupted iterations
openloop_oscillating   [   7% ] 000/225 VUs  00m46.8s/12m0s  02.00 iters/s

running (00m47.8s), 000/225 VUs, 95 complete and 0 interrupted iterations
openloop_oscillating   [   7% ] 000/225 VUs  00m47.8s/12m0s  02.00 iters/s

running (00m48.8s), 001/225 VUs, 96 complete and 0 interrupted iterations
openloop_oscillating   [   7% ] 001/225 VUs  00m48.8s/12m0s  02.00 iters/s

running (00m49.8s), 000/225 VUs, 99 complete and 0 interrupted iterations
openloop_oscillating   [   7% ] 000/225 VUs  00m49.8s/12m0s  02.00 iters/s

running (00m50.8s), 000/225 VUs, 101 complete and 0 interrupted iterations
openloop_oscillating   [   7% ] 000/225 VUs  00m50.8s/12m0s  02.00 iters/s

running (00m51.8s), 000/225 VUs, 103 complete and 0 interrupted iterations
openloop_oscillating   [   7% ] 000/225 VUs  00m51.8s/12m0s  02.00 iters/s

running (00m52.8s), 000/225 VUs, 105 complete and 0 interrupted iterations
openloop_oscillating   [   7% ] 000/225 VUs  00m52.8s/12m0s  02.00 iters/s

running (00m53.8s), 000/225 VUs, 107 complete and 0 interrupted iterations
openloop_oscillating   [   7% ] 000/225 VUs  00m53.8s/12m0s  02.00 iters/s

running (00m54.8s), 000/225 VUs, 109 complete and 0 interrupted iterations
openloop_oscillating   [   8% ] 000/225 VUs  00m54.8s/12m0s  02.00 iters/s

running (00m55.8s), 000/225 VUs, 111 complete and 0 interrupted iterations
openloop_oscillating   [   8% ] 000/225 VUs  00m55.8s/12m0s  02.00 iters/s

running (00m56.8s), 000/225 VUs, 113 complete and 0 interrupted iterations
openloop_oscillating   [   8% ] 000/225 VUs  00m56.8s/12m0s  02.00 iters/s

running (00m57.8s), 000/225 VUs, 115 complete and 0 interrupted iterations
openloop_oscillating   [   8% ] 000/225 VUs  00m57.8s/12m0s  02.00 iters/s

running (00m58.8s), 000/225 VUs, 117 complete and 0 interrupted iterations
openloop_oscillating   [   8% ] 000/225 VUs  00m58.8s/12m0s  02.00 iters/s

running (00m59.8s), 000/225 VUs, 119 complete and 0 interrupted iterations
openloop_oscillating   [   8% ] 000/225 VUs  00m59.8s/12m0s  02.00 iters/s

running (01m00.8s), 001/225 VUs, 120 complete and 0 interrupted iterations
openloop_oscillating   [   8% ] 001/225 VUs  01m00.8s/12m0s  02.00 iters/s

running (01m01.8s), 001/225 VUs, 122 complete and 0 interrupted iterations
openloop_oscillating   [   9% ] 001/225 VUs  01m01.8s/12m0s  02.00 iters/s

running (01m02.8s), 000/225 VUs, 125 complete and 0 interrupted iterations
openloop_oscillating   [   9% ] 000/225 VUs  01m02.8s/12m0s  02.00 iters/s

running (01m03.8s), 000/225 VUs, 127 complete and 0 interrupted iterations
openloop_oscillating   [   9% ] 000/225 VUs  01m03.8s/12m0s  02.00 iters/s

running (01m04.8s), 001/225 VUs, 128 complete and 0 interrupted iterations
openloop_oscillating   [   9% ] 001/225 VUs  01m04.8s/12m0s  02.00 iters/s

running (01m05.8s), 000/225 VUs, 131 complete and 0 interrupted iterations
openloop_oscillating   [   9% ] 000/225 VUs  01m05.8s/12m0s  02.00 iters/s

running (01m06.8s), 001/225 VUs, 132 complete and 0 interrupted iterations
openloop_oscillating   [   9% ] 001/225 VUs  01m06.8s/12m0s  02.00 iters/s

running (01m07.8s), 000/225 VUs, 135 complete and 0 interrupted iterations
openloop_oscillating   [   9% ] 000/225 VUs  01m07.8s/12m0s  02.00 iters/s

running (01m08.8s), 000/225 VUs, 137 complete and 0 interrupted iterations
openloop_oscillating   [  10% ] 000/225 VUs  01m08.8s/12m0s  02.00 iters/s

running (01m09.8s), 001/225 VUs, 138 complete and 0 interrupted iterations
openloop_oscillating   [  10% ] 001/225 VUs  01m09.8s/12m0s  02.00 iters/s

running (01m10.8s), 000/225 VUs, 141 complete and 0 interrupted iterations
openloop_oscillating   [  10% ] 000/225 VUs  01m10.8s/12m0s  02.00 iters/s

running (01m11.8s), 000/225 VUs, 143 complete and 0 interrupted iterations
openloop_oscillating   [  10% ] 000/225 VUs  01m11.8s/12m0s  02.00 iters/s

running (01m12.8s), 000/225 VUs, 145 complete and 0 interrupted iterations
openloop_oscillating   [  10% ] 000/225 VUs  01m12.8s/12m0s  02.00 iters/s

running (01m13.8s), 000/225 VUs, 147 complete and 0 interrupted iterations
openloop_oscillating   [  10% ] 000/225 VUs  01m13.8s/12m0s  02.00 iters/s

running (01m14.8s), 000/225 VUs, 149 complete and 0 interrupted iterations
openloop_oscillating   [  10% ] 000/225 VUs  01m14.8s/12m0s  02.00 iters/s

running (01m15.8s), 000/225 VUs, 151 complete and 0 interrupted iterations
openloop_oscillating   [  11% ] 000/225 VUs  01m15.8s/12m0s  02.00 iters/s

running (01m16.8s), 000/225 VUs, 153 complete and 0 interrupted iterations
openloop_oscillating   [  11% ] 000/225 VUs  01m16.8s/12m0s  02.00 iters/s

running (01m17.8s), 001/225 VUs, 154 complete and 0 interrupted iterations
openloop_oscillating   [  11% ] 001/225 VUs  01m17.8s/12m0s  02.00 iters/s

running (01m18.8s), 000/225 VUs, 157 complete and 0 interrupted iterations
openloop_oscillating   [  11% ] 000/225 VUs  01m18.8s/12m0s  02.00 iters/s

running (01m19.8s), 000/225 VUs, 159 complete and 0 interrupted iterations
openloop_oscillating   [  11% ] 000/225 VUs  01m19.8s/12m0s  02.00 iters/s

running (01m20.8s), 000/225 VUs, 161 complete and 0 interrupted iterations
openloop_oscillating   [  11% ] 000/225 VUs  01m20.8s/12m0s  02.00 iters/s

running (01m21.8s), 000/225 VUs, 163 complete and 0 interrupted iterations
openloop_oscillating   [  11% ] 000/225 VUs  01m21.8s/12m0s  02.00 iters/s

running (01m22.8s), 000/225 VUs, 165 complete and 0 interrupted iterations
openloop_oscillating   [  12% ] 000/225 VUs  01m22.8s/12m0s  02.00 iters/s

running (01m23.8s), 000/225 VUs, 167 complete and 0 interrupted iterations
openloop_oscillating   [  12% ] 000/225 VUs  01m23.8s/12m0s  02.00 iters/s

running (01m24.8s), 000/225 VUs, 169 complete and 0 interrupted iterations
openloop_oscillating   [  12% ] 000/225 VUs  01m24.8s/12m0s  02.00 iters/s

running (01m25.8s), 000/225 VUs, 171 complete and 0 interrupted iterations
openloop_oscillating   [  12% ] 000/225 VUs  01m25.8s/12m0s  02.00 iters/s

running (01m26.8s), 000/225 VUs, 173 complete and 0 interrupted iterations
openloop_oscillating   [  12% ] 000/225 VUs  01m26.8s/12m0s  02.00 iters/s

running (01m27.8s), 000/225 VUs, 175 complete and 0 interrupted iterations
openloop_oscillating   [  12% ] 000/225 VUs  01m27.8s/12m0s  02.00 iters/s

running (01m28.8s), 000/225 VUs, 177 complete and 0 interrupted iterations
openloop_oscillating   [  12% ] 000/225 VUs  01m28.8s/12m0s  02.00 iters/s

running (01m29.8s), 000/225 VUs, 179 complete and 0 interrupted iterations
openloop_oscillating   [  12% ] 000/225 VUs  01m29.8s/12m0s  02.00 iters/s

running (01m30.8s), 000/225 VUs, 181 complete and 0 interrupted iterations
openloop_oscillating   [  13% ] 000/225 VUs  01m30.8s/12m0s  02.00 iters/s

running (01m31.8s), 000/225 VUs, 183 complete and 0 interrupted iterations
openloop_oscillating   [  13% ] 000/225 VUs  01m31.8s/12m0s  02.00 iters/s

running (01m32.8s), 000/225 VUs, 185 complete and 0 interrupted iterations
openloop_oscillating   [  13% ] 000/225 VUs  01m32.8s/12m0s  02.00 iters/s

running (01m33.8s), 000/225 VUs, 187 complete and 0 interrupted iterations
openloop_oscillating   [  13% ] 000/225 VUs  01m33.8s/12m0s  02.00 iters/s

running (01m34.8s), 000/225 VUs, 189 complete and 0 interrupted iterations
openloop_oscillating   [  13% ] 000/225 VUs  01m34.8s/12m0s  02.00 iters/s

running (01m35.8s), 000/225 VUs, 191 complete and 0 interrupted iterations
openloop_oscillating   [  13% ] 000/225 VUs  01m35.8s/12m0s  02.00 iters/s

running (01m36.8s), 000/225 VUs, 193 complete and 0 interrupted iterations
openloop_oscillating   [  13% ] 000/225 VUs  01m36.8s/12m0s  02.00 iters/s

running (01m37.8s), 000/225 VUs, 195 complete and 0 interrupted iterations
openloop_oscillating   [  14% ] 000/225 VUs  01m37.8s/12m0s  02.00 iters/s

running (01m38.8s), 000/225 VUs, 197 complete and 0 interrupted iterations
openloop_oscillating   [  14% ] 000/225 VUs  01m38.8s/12m0s  02.00 iters/s

running (01m39.8s), 000/225 VUs, 199 complete and 0 interrupted iterations
openloop_oscillating   [  14% ] 000/225 VUs  01m39.8s/12m0s  02.00 iters/s

running (01m40.8s), 000/225 VUs, 201 complete and 0 interrupted iterations
openloop_oscillating   [  14% ] 000/225 VUs  01m40.8s/12m0s  02.00 iters/s

running (01m41.8s), 000/225 VUs, 203 complete and 0 interrupted iterations
openloop_oscillating   [  14% ] 000/225 VUs  01m41.8s/12m0s  02.00 iters/s

running (01m42.8s), 000/225 VUs, 205 complete and 0 interrupted iterations
openloop_oscillating   [  14% ] 000/225 VUs  01m42.8s/12m0s  02.00 iters/s

running (01m43.8s), 000/225 VUs, 207 complete and 0 interrupted iterations
openloop_oscillating   [  14% ] 000/225 VUs  01m43.8s/12m0s  02.00 iters/s

running (01m44.8s), 000/225 VUs, 209 complete and 0 interrupted iterations
openloop_oscillating   [  15% ] 000/225 VUs  01m44.8s/12m0s  02.00 iters/s

running (01m45.8s), 000/225 VUs, 211 complete and 0 interrupted iterations
openloop_oscillating   [  15% ] 000/225 VUs  01m45.8s/12m0s  02.00 iters/s

running (01m46.8s), 000/225 VUs, 213 complete and 0 interrupted iterations
openloop_oscillating   [  15% ] 000/225 VUs  01m46.8s/12m0s  02.00 iters/s

running (01m47.8s), 000/225 VUs, 215 complete and 0 interrupted iterations
openloop_oscillating   [  15% ] 000/225 VUs  01m47.8s/12m0s  02.00 iters/s

running (01m48.8s), 000/225 VUs, 217 complete and 0 interrupted iterations
openloop_oscillating   [  15% ] 000/225 VUs  01m48.8s/12m0s  02.00 iters/s

running (01m49.8s), 000/225 VUs, 219 complete and 0 interrupted iterations
openloop_oscillating   [  15% ] 000/225 VUs  01m49.8s/12m0s  02.00 iters/s

running (01m50.8s), 000/225 VUs, 221 complete and 0 interrupted iterations
openloop_oscillating   [  15% ] 000/225 VUs  01m50.8s/12m0s  02.00 iters/s

running (01m51.8s), 000/225 VUs, 223 complete and 0 interrupted iterations
openloop_oscillating   [  16% ] 000/225 VUs  01m51.8s/12m0s  02.00 iters/s

running (01m52.8s), 001/225 VUs, 224 complete and 0 interrupted iterations
openloop_oscillating   [  16% ] 001/225 VUs  01m52.8s/12m0s  02.00 iters/s

running (01m53.8s), 000/225 VUs, 227 complete and 0 interrupted iterations
openloop_oscillating   [  16% ] 000/225 VUs  01m53.8s/12m0s  02.00 iters/s

running (01m54.8s), 000/225 VUs, 229 complete and 0 interrupted iterations
openloop_oscillating   [  16% ] 000/225 VUs  01m54.8s/12m0s  02.00 iters/s

running (01m55.8s), 000/225 VUs, 231 complete and 0 interrupted iterations
openloop_oscillating   [  16% ] 000/225 VUs  01m55.8s/12m0s  02.00 iters/s

running (01m56.8s), 000/225 VUs, 233 complete and 0 interrupted iterations
openloop_oscillating   [  16% ] 000/225 VUs  01m56.8s/12m0s  02.00 iters/s

running (01m57.8s), 000/225 VUs, 235 complete and 0 interrupted iterations
openloop_oscillating   [  16% ] 000/225 VUs  01m57.8s/12m0s  02.00 iters/s

running (01m58.8s), 000/225 VUs, 237 complete and 0 interrupted iterations
openloop_oscillating   [  17% ] 000/225 VUs  01m58.8s/12m0s  02.00 iters/s

running (01m59.8s), 001/225 VUs, 238 complete and 0 interrupted iterations
openloop_oscillating   [  17% ] 001/225 VUs  01m59.8s/12m0s  02.00 iters/s

running (02m00.8s), 000/225 VUs, 242 complete and 0 interrupted iterations
openloop_oscillating   [  17% ] 000/225 VUs  02m00.8s/12m0s  04.23 iters/s

running (02m01.8s), 002/225 VUs, 246 complete and 0 interrupted iterations
openloop_oscillating   [  17% ] 002/225 VUs  02m01.8s/12m0s  07.18 iters/s

running (02m02.8s), 001/225 VUs, 255 complete and 0 interrupted iterations
openloop_oscillating   [  17% ] 001/225 VUs  02m02.8s/12m0s  09.82 iters/s

running (02m03.8s), 003/225 VUs, 265 complete and 0 interrupted iterations
openloop_oscillating   [  17% ] 003/225 VUs  02m03.8s/12m0s  12.79 iters/s

running (02m04.8s), 002/225 VUs, 280 complete and 0 interrupted iterations
openloop_oscillating   [  17% ] 002/225 VUs  02m04.8s/12m0s  15.56 iters/s

running (02m05.8s), 002/225 VUs, 297 complete and 0 interrupted iterations
openloop_oscillating   [  17% ] 002/225 VUs  02m05.8s/12m0s  18.36 iters/s

running (02m06.8s), 000/225 VUs, 318 complete and 0 interrupted iterations
openloop_oscillating   [  18% ] 000/225 VUs  02m06.8s/12m0s  21.06 iters/s

running (02m07.8s), 007/225 VUs, 334 complete and 0 interrupted iterations
openloop_oscillating   [  18% ] 007/225 VUs  02m07.8s/12m0s  23.92 iters/s

running (02m08.8s), 019/225 VUs, 347 complete and 0 interrupted iterations
openloop_oscillating   [  18% ] 019/225 VUs  02m08.8s/12m0s  26.69 iters/s

running (02m09.8s), 028/225 VUs, 366 complete and 0 interrupted iterations
openloop_oscillating   [  18% ] 028/225 VUs  02m09.8s/12m0s  29.48 iters/s

running (02m10.8s), 012/225 VUs, 412 complete and 0 interrupted iterations
openloop_oscillating   [  18% ] 012/225 VUs  02m10.8s/12m0s  30.00 iters/s

running (02m11.8s), 015/225 VUs, 439 complete and 0 interrupted iterations
openloop_oscillating   [  18% ] 015/225 VUs  02m11.8s/12m0s  30.00 iters/s

running (02m12.8s), 030/225 VUs, 454 complete and 0 interrupted iterations
openloop_oscillating   [  18% ] 030/225 VUs  02m12.8s/12m0s  30.00 iters/s

running (02m13.8s), 034/225 VUs, 480 complete and 0 interrupted iterations
openloop_oscillating   [  19% ] 034/225 VUs  02m13.8s/12m0s  30.00 iters/s

running (02m14.8s), 046/225 VUs, 498 complete and 0 interrupted iterations
openloop_oscillating   [  19% ] 046/225 VUs  02m14.8s/12m0s  30.00 iters/s

running (02m15.8s), 056/225 VUs, 518 complete and 0 interrupted iterations
openloop_oscillating   [  19% ] 056/225 VUs  02m15.8s/12m0s  30.00 iters/s
time="2026-10-07T16:20:04Z" level=warning msg="Request Failed" error="Post \"http://auth-service.ecommerce.svc.cluster.local:8001/auth/login\": request timeout"
time="2026-10-07T16:20:04Z" level=warning msg="Request Failed" error="Post \"http://auth-service.ecommerce.svc.cluster.local:8001/auth/login\": request timeout"
time="2026-10-07T16:20:04Z" level=warning msg="Request Failed" error="Post \"http://auth-service.ecommerce.svc.cluster.local:8001/auth/login\": request timeout"
time="2026-10-07T16:20:04Z" level=warning msg="Request Failed" error="Post \"http://auth-service.ecommerce.svc.cluster.local:8001/auth/login\": request timeout"
time="2026-10-07T16:20:05Z" level=warning msg="Request Failed" error="Post \"http://auth-service.ecommerce.svc.cluster.local:8001/auth/login\": request timeout"

running (02m16.8s), 058/225 VUs, 546 complete and 0 interrupted iterations
openloop_oscillating   [  19% ] 058/225 VUs  02m16.8s/12m0s  30.00 iters/s
time="2026-10-07T16:20:05Z" level=warning msg="Request Failed" error="Post \"http://auth-service.ecommerce.svc.cluster.local:8001/auth/login\": request timeout"
time="2026-10-07T16:20:05Z" level=warning msg="Request Failed" error="Post \"http://auth-service.ecommerce.svc.cluster.local:8001/auth/login\": request timeout"
time="2026-10-07T16:20:05Z" level=warning msg="Request Failed" error="Post \"http://auth-service.ecommerce.svc.cluster.local:8001/auth/login\": request timeout"

running (02m17.8s), 049/225 VUs, 585 complete and 0 interrupted iterations
openloop_oscillating   [  19% ] 049/225 VUs  02m17.8s/12m0s  30.00 iters/s

running (02m18.8s), 029/225 VUs, 635 complete and 0 interrupted iterations
openloop_oscillating   [  19% ] 029/225 VUs  02m18.8s/12m0s  30.00 iters/s
time="2026-10-07T16:20:07Z" level=warning msg="Request Failed" error="Post \"http://auth-service.ecommerce.svc.cluster.local:8001/auth/login\": request timeout"
time="2026-10-07T16:20:07Z" level=warning msg="Request Failed" error="Post \"http://auth-service.ecommerce.svc.cluster.local:8001/auth/login\": request timeout"

running (02m19.8s), 017/225 VUs, 677 complete and 0 interrupted iterations
openloop_oscillating   [  19% ] 017/225 VUs  02m19.8s/12m0s  30.00 iters/s
time="2026-10-07T16:20:08Z" level=warning msg="Request Failed" error="Post \"http://auth-service.ecommerce.svc.cluster.local:8001/auth/login\": request timeout"
time="2026-10-07T16:20:08Z" level=warning msg="Request Failed" error="Post \"http://auth-service.ecommerce.svc.cluster.local:8001/auth/login\": request timeout"
time="2026-10-07T16:20:09Z" level=warning msg="Request Failed" error="Post \"http://auth-service.ecommerce.svc.cluster.local:8001/auth/login\": request timeout"
time="2026-10-07T16:20:09Z" level=warning msg="Request Failed" error="Post \"http://auth-service.ecommerce.svc.cluster.local:8001/auth/login\": request timeout"

running (02m20.8s), 018/225 VUs, 706 complete and 0 interrupted iterations
openloop_oscillating   [  20% ] 018/225 VUs  02m20.8s/12m0s  30.00 iters/s
time="2026-10-07T16:20:09Z" level=warning msg="Request Failed" error="Post \"http://auth-service.ecommerce.svc.cluster.local:8001/auth/login\": request timeout"

running (02m21.8s), 018/225 VUs, 736 complete and 0 interrupted iterations
openloop_oscillating   [  20% ] 018/225 VUs  02m21.8s/12m0s  30.00 iters/s
time="2026-10-07T16:20:10Z" level=warning msg="Request Failed" error="Post \"http://auth-service.ecommerce.svc.cluster.local:8001/auth/login\": request timeout"
time="2026-10-07T16:20:11Z" level=warning msg="Request Failed" error="Post \"http://auth-service.ecommerce.svc.cluster.local:8001/auth/login\": request timeout"

running (02m22.8s), 015/225 VUs, 769 complete and 0 interrupted iterations
openloop_oscillating   [  20% ] 015/225 VUs  02m22.8s/12m0s  30.00 iters/s
time="2026-10-07T16:20:11Z" level=warning msg="Request Failed" error="Post \"http://auth-service.ecommerce.svc.cluster.local:8001/auth/login\": request timeout"

running (02m23.8s), 017/225 VUs, 797 complete and 0 interrupted iterations
openloop_oscillating   [  20% ] 017/225 VUs  02m23.8s/12m0s  30.00 iters/s
time="2026-10-07T16:20:12Z" level=warning msg="Request Failed" error="Post \"http://auth-service.ecommerce.svc.cluster.local:8001/auth/login\": request timeout"

running (02m24.8s), 016/225 VUs, 828 complete and 0 interrupted iterations
openloop_oscillating   [  20% ] 016/225 VUs  02m24.8s/12m0s  30.00 iters/s
time="2026-10-07T16:20:13Z" level=warning msg="Request Failed" error="Post \"http://auth-service.ecommerce.svc.cluster.local:8001/auth/login\": request timeout"
time="2026-10-07T16:20:13Z" level=warning msg="Request Failed" error="Post \"http://auth-service.ecommerce.svc.cluster.local:8001/auth/login\": request timeout"

running (02m25.8s), 028/225 VUs, 846 complete and 0 interrupted iterations
openloop_oscillating   [  20% ] 028/225 VUs  02m25.8s/12m0s  30.00 iters/s
time="2026-10-07T16:20:14Z" level=warning msg="Request Failed" error="Post \"http://auth-service.ecommerce.svc.cluster.local:8001/auth/login\": request timeout"

running (02m26.8s), 036/225 VUs, 868 complete and 0 interrupted iterations
openloop_oscillating   [  20% ] 036/225 VUs  02m26.8s/12m0s  30.00 iters/s
time="2026-10-07T16:20:15Z" level=warning msg="Request Failed" error="Post \"http://auth-service.ecommerce.svc.cluster.local:8001/auth/login\": request timeout"
time="2026-10-07T16:20:16Z" level=warning msg="Request Failed" error="Post \"http://auth-service.ecommerce.svc.cluster.local:8001/auth/login\": request timeout"
time="2026-10-07T16:20:16Z" level=warning msg="Request Failed" error="Post \"http://auth-service.ecommerce.svc.cluster.local:8001/auth/login\": request timeout"

running (02m27.8s), 037/225 VUs, 897 complete and 0 interrupted iterations
openloop_oscillating   [  21% ] 037/225 VUs  02m27.8s/12m0s  30.00 iters/s
time="2026-10-07T16:20:16Z" level=warning msg="Request Failed" error="Post \"http://auth-service.ecommerce.svc.cluster.local:8001/auth/login\": request timeout"
time="2026-10-07T16:20:16Z" level=warning msg="Request Failed" error="Post \"http://auth-service.ecommerce.svc.cluster.local:8001/auth/login\": request timeout"

running (02m28.8s), 027/225 VUs, 937 complete and 0 interrupted iterations
openloop_oscillating   [  21% ] 027/225 VUs  02m28.8s/12m0s  30.00 iters/s

running (02m29.8s), 016/225 VUs, 978 complete and 0 interrupted iterations
openloop_oscillating   [  21% ] 016/225 VUs  02m29.8s/12m0s  30.00 iters/s

running (02m30.8s), 020/225 VUs, 1004 complete and 0 interrupted iterations
openloop_oscillating   [  21% ] 020/225 VUs  02m30.8s/12m0s  30.00 iters/s
time="2026-10-07T16:20:19Z" level=warning msg="Request Failed" error="Post \"http://auth-service.ecommerce.svc.cluster.local:8001/auth/login\": request timeout"
time="2026-10-07T16:20:19Z" level=warning msg="Request Failed" error="Post \"http://auth-service.ecommerce.svc.cluster.local:8001/auth/login\": request timeout"

running (02m31.8s), 023/225 VUs, 1031 complete and 0 interrupted iterations
openloop_oscillating   [  21% ] 023/225 VUs  02m31.8s/12m0s  30.00 iters/s

running (02m32.8s), 026/225 VUs, 1058 complete and 0 interrupted iterations
openloop_oscillating   [  21% ] 026/225 VUs  02m32.8s/12m0s  30.00 iters/s
time="2026-10-07T16:20:21Z" level=warning msg="Request Failed" error="Post \"http://auth-service.ecommerce.svc.cluster.local:8001/auth/login\": request timeout"

running (02m33.8s), 019/225 VUs, 1095 complete and 0 interrupted iterations
openloop_oscillating   [  21% ] 019/225 VUs  02m33.8s/12m0s  30.00 iters/s
time="2026-10-07T16:20:22Z" level=warning msg="Request Failed" error="Post \"http://auth-service.ecommerce.svc.cluster.local:8001/auth/login\": request timeout"

running (02m34.8s), 019/225 VUs, 1125 complete and 0 interrupted iterations
openloop_oscillating   [  22% ] 019/225 VUs  02m34.8s/12m0s  30.00 iters/s
time="2026-10-07T16:20:24Z" level=warning msg="Request Failed" error="Post \"http://auth-service.ecommerce.svc.cluster.local:8001/auth/login\": request timeout"

running (02m35.8s), 020/225 VUs, 1154 complete and 0 interrupted iterations
openloop_oscillating   [  22% ] 020/225 VUs  02m35.8s/12m0s  30.00 iters/s

running (02m36.8s), 024/225 VUs, 1180 complete and 0 interrupted iterations
openloop_oscillating   [  22% ] 024/225 VUs  02m36.8s/12m0s  30.00 iters/s
time="2026-10-07T16:20:25Z" level=warning msg="Request Failed" error="Post \"http://auth-service.ecommerce.svc.cluster.local:8001/auth/login\": request timeout"

running (02m37.8s), 021/225 VUs, 1213 complete and 0 interrupted iterations
openloop_oscillating   [  22% ] 021/225 VUs  02m37.8s/12m0s  30.00 iters/s
time="2026-10-07T16:20:27Z" level=warning msg="Request Failed" error="Post \"http://auth-service.ecommerce.svc.cluster.local:8001/auth/login\": request timeout"

running (02m38.8s), 021/225 VUs, 1243 complete and 0 interrupted iterations
openloop_oscillating   [  22% ] 021/225 VUs  02m38.8s/12m0s  30.00 iters/s
time="2026-10-07T16:20:27Z" level=warning msg="Request Failed" error="Post \"http://auth-service.ecommerce.svc.cluster.local:8001/auth/login\": request timeout"
time="2026-10-07T16:20:27Z" level=warning msg="Request Failed" error="Post \"http://auth-service.ecommerce.svc.cluster.local:8001/auth/login\": request timeout"
time="2026-10-07T16:20:27Z" level=warning msg="Request Failed" error="Post \"http://auth-service.ecommerce.svc.cluster.local:8001/auth/login\": request timeout"
time="2026-10-07T16:20:28Z" level=warning msg="Request Failed" error="Post \"http://auth-service.ecommerce.svc.cluster.local:8001/auth/login\": request timeout"

running (02m39.8s), 019/225 VUs, 1275 complete and 0 interrupted iterations
openloop_oscillating   [  22% ] 019/225 VUs  02m39.8s/12m0s  30.00 iters/s
time="2026-10-07T16:20:28Z" level=warning msg="Request Failed" error="Post \"http://auth-service.ecommerce.svc.cluster.local:8001/auth/login\": request timeout"
time="2026-10-07T16:20:28Z" level=warning msg="Request Failed" error="Post \"http://auth-service.ecommerce.svc.cluster.local:8001/auth/login\": request timeout"
time="2026-10-07T16:20:28Z" level=warning msg="Request Failed" error="Post \"http://auth-service.ecommerce.svc.cluster.local:8001/auth/login\": request timeout"
time="2026-10-07T16:20:28Z" level=warning msg="Request Failed" error="Post \"http://auth-service.ecommerce.svc.cluster.local:8001/auth/login\": request timeout"
time="2026-10-07T16:20:29Z" level=warning msg="Request Failed" error="Post \"http://auth-service.ecommerce.svc.cluster.local:8001/auth/login\": request timeout"

running (02m40.8s), 021/225 VUs, 1303 complete and 0 interrupted iterations
openloop_oscillating   [  22% ] 021/225 VUs  02m40.8s/12m0s  30.00 iters/s

running (02m41.8s), 027/225 VUs, 1327 complete and 0 interrupted iterations
openloop_oscillating   [  22% ] 027/225 VUs  02m41.8s/12m0s  30.00 iters/s
time="2026-10-07T16:20:30Z" level=warning msg="Request Failed" error="Post \"http://auth-service.ecommerce.svc.cluster.local:8001/auth/login\": request timeout"
time="2026-10-07T16:20:31Z" level=warning msg="Request Failed" error="Post \"http://auth-service.ecommerce.svc.cluster.local:8001/auth/login\": request timeout"

running (02m42.8s), 019/225 VUs, 1365 complete and 0 interrupted iterations
openloop_oscillating   [  23% ] 019/225 VUs  02m42.8s/12m0s  30.00 iters/s
time="2026-10-07T16:20:31Z" level=warning msg="Request Failed" error="Post \"http://auth-service.ecommerce.svc.cluster.local:8001/auth/login\": request timeout"
time="2026-10-07T16:20:31Z" level=warning msg="Request Failed" error="Post \"http://auth-service.ecommerce.svc.cluster.local:8001/auth/login\": request timeout"

running (02m43.8s), 021/225 VUs, 1393 complete and 0 interrupted iterations
openloop_oscillating   [  23% ] 021/225 VUs  02m43.8s/12m0s  30.00 iters/s

running (02m44.8s), 047/225 VUs, 1397 complete and 0 interrupted iterations
openloop_oscillating   [  23% ] 047/225 VUs  02m44.8s/12m0s  30.00 iters/s

running (02m45.8s), 046/225 VUs, 1428 complete and 0 interrupted iterations
openloop_oscillating   [  23% ] 046/225 VUs  02m45.8s/12m0s  30.00 iters/s
time="2026-10-07T16:20:34Z" level=warning msg="Request Failed" error="Post \"http://auth-service.ecommerce.svc.cluster.local:8001/auth/login\": request timeout"

running (02m46.8s), 050/225 VUs, 1454 complete and 0 interrupted iterations
openloop_oscillating   [  23% ] 050/225 VUs  02m46.8s/12m0s  30.00 iters/s
time="2026-10-07T16:20:35Z" level=warning msg="Request Failed" error="Post \"http://auth-service.ecommerce.svc.cluster.local:8001/auth/login\": request timeout"
time="2026-10-07T16:20:36Z" level=warning msg="Request Failed" error="Post \"http://auth-service.ecommerce.svc.cluster.local:8001/auth/login\": request timeout"

running (02m47.8s), 048/225 VUs, 1486 complete and 0 interrupted iterations
openloop_oscillating   [  23% ] 048/225 VUs  02m47.8s/12m0s  30.00 iters/s
time="2026-10-07T16:20:36Z" level=warning msg="Request Failed" error="Post \"http://auth-service.ecommerce.svc.cluster.local:8001/auth/login\": request timeout"

running (02m48.8s), 068/225 VUs, 1496 complete and 0 interrupted iterations
openloop_oscillating   [  23% ] 068/225 VUs  02m48.8s/12m0s  30.00 iters/s
time="2026-10-07T16:20:37Z" level=warning msg="Request Failed" error="Post \"http://auth-service.ecommerce.svc.cluster.local:8001/auth/login\": request timeout"

running (02m49.8s), 085/225 VUs, 1509 complete and 0 interrupted iterations
openloop_oscillating   [  24% ] 085/225 VUs  02m49.8s/12m0s  30.00 iters/s
time="2026-10-07T16:20:38Z" level=warning msg="Request Failed" error="Post \"http://auth-service.ecommerce.svc.cluster.local:8001/auth/login\": request timeout"
time="2026-10-07T16:20:39Z" level=warning msg="Request Failed" error="Post \"http://auth-service.ecommerce.svc.cluster.local:8001/auth/login\": request timeout"

running (02m50.8s), 100/225 VUs, 1524 complete and 0 interrupted iterations
openloop_oscillating   [  24% ] 100/225 VUs  02m50.8s/12m0s  30.00 iters/s
time="2026-10-07T16:20:39Z" level=warning msg="Request Failed" error="Post \"http://auth-service.ecommerce.svc.cluster.local:8001/auth/login\": request timeout"
time="2026-10-07T16:20:39Z" level=warning msg="Request Failed" error="Post \"http://auth-service.ecommerce.svc.cluster.local:8001/auth/login\": request timeout"
time="2026-10-07T16:20:40Z" level=warning msg="Request Failed" error="Post \"http://auth-service.ecommerce.svc.cluster.local:8001/auth/login\": request timeout"

running (02m51.8s), 088/225 VUs, 1566 complete and 0 interrupted iterations
openloop_oscillating   [  24% ] 088/225 VUs  02m51.8s/12m0s  30.00 iters/s
time="2026-10-07T16:20:40Z" level=warning msg="Request Failed" error="Post \"http://auth-service.ecommerce.svc.cluster.local:8001/auth/login\": request timeout"
time="2026-10-07T16:20:40Z" level=warning msg="Request Failed" error="Post \"http://auth-service.ecommerce.svc.cluster.local:8001/auth/login\": request timeout"

running (02m52.8s), 079/225 VUs, 1605 complete and 0 interrupted iterations
openloop_oscillating   [  24% ] 079/225 VUs  02m52.8s/12m0s  30.00 iters/s
time="2026-10-07T16:20:42Z" level=warning msg="Request Failed" error="Post \"http://auth-service.ecommerce.svc.cluster.local:8001/auth/login\": request timeout"

running (02m53.8s), 064/225 VUs, 1650 complete and 0 interrupted iterations
openloop_oscillating   [  24% ] 064/225 VUs  02m53.8s/12m0s  30.00 iters/s

running (02m54.8s), 066/225 VUs, 1678 complete and 0 interrupted iterations
openloop_oscillating   [  24% ] 066/225 VUs  02m54.8s/12m0s  30.00 iters/s
time="2026-10-07T16:20:43Z" level=warning msg="Request Failed" error="Post \"http://auth-service.ecommerce.svc.cluster.local:8001/auth/login\": request timeout"
time="2026-10-07T16:20:43Z" level=warning msg="Request Failed" error="Post \"http://auth-service.ecommerce.svc.cluster.local:8001/auth/login\": request timeout"
time="2026-10-07T16:20:44Z" level=warning msg="Request Failed" error="Post \"http://auth-service.ecommerce.svc.cluster.local:8001/auth/login\": request timeout"

running (02m55.8s), 064/225 VUs, 1710 complete and 0 interrupted iterations
openloop_oscillating   [  24% ] 064/225 VUs  02m55.8s/12m0s  30.00 iters/s
time="2026-10-07T16:20:44Z" level=warning msg="Request Failed" error="Post \"http://auth-service.ecommerce.svc.cluster.local:8001/auth/login\": request timeout"

running (02m56.8s), 035/225 VUs, 1769 complete and 0 interrupted iterations
openloop_oscillating   [  25% ] 035/225 VUs  02m56.8s/12m0s  30.00 iters/s
time="2026-10-07T16:20:45Z" level=warning msg="Request Failed" error="Post \"http://auth-service.ecommerce.svc.cluster.local:8001/auth/login\": request timeout"

running (02m57.8s), 029/225 VUs, 1805 complete and 0 interrupted iterations
openloop_oscillating   [  25% ] 029/225 VUs  02m57.8s/12m0s  30.00 iters/s
time="2026-10-07T16:20:46Z" level=warning msg="Request Failed" error="Post \"http://auth-service.ecommerce.svc.cluster.local:8001/auth/login\": request timeout"
time="2026-10-07T16:20:46Z" level=warning msg="Request Failed" error="Post \"http://auth-service.ecommerce.svc.cluster.local:8001/auth/login\": request timeout"
time="2026-10-07T16:20:46Z" level=warning msg="Request Failed" error="Post \"http://auth-service.ecommerce.svc.cluster.local:8001/auth/login\": request timeout"

running (02m58.8s), 038/225 VUs, 1826 complete and 0 interrupted iterations
openloop_oscillating   [  25% ] 038/225 VUs  02m58.8s/12m0s  30.00 iters/s
time="2026-10-07T16:20:47Z" level=warning msg="Request Failed" error="Post \"http://auth-service.ecommerce.svc.cluster.local:8001/auth/login\": request timeout"
time="2026-10-07T16:20:48Z" level=warning msg="Request Failed" error="Post \"http://auth-service.ecommerce.svc.cluster.local:8001/auth/login\": request timeout"

running (02m59.8s), 058/225 VUs, 1836 complete and 0 interrupted iterations
openloop_oscillating   [  25% ] 058/225 VUs  02m59.8s/12m0s  30.00 iters/s
time="2026-10-07T16:20:48Z" level=warning msg="Request Failed" error="Post \"http://auth-service.ecommerce.svc.cluster.local:8001/auth/login\": request timeout"

running (03m00.8s), 062/225 VUs, 1862 complete and 0 interrupted iterations
openloop_oscillating   [  25% ] 062/225 VUs  03m00.8s/12m0s  30.00 iters/s

running (03m01.8s), 048/225 VUs, 1906 complete and 0 interrupted iterations
openloop_oscillating   [  25% ] 048/225 VUs  03m01.8s/12m0s  30.00 iters/s
time="2026-10-07T16:20:51Z" level=warning msg="Request Failed" error="Post \"http://auth-service.ecommerce.svc.cluster.local:8001/auth/login\": request timeout"

running (03m02.8s), 057/225 VUs, 1927 complete and 0 interrupted iterations
openloop_oscillating   [  25% ] 057/225 VUs  03m02.8s/12m0s  30.00 iters/s

running (03m03.8s), 057/225 VUs, 1957 complete and 0 interrupted iterations
openloop_oscillating   [  26% ] 057/225 VUs  03m03.8s/12m0s  30.00 iters/s
time="2026-10-07T16:20:52Z" level=warning msg="Request Failed" error="Post \"http://auth-service.ecommerce.svc.cluster.local:8001/auth/login\": request timeout"
time="2026-10-07T16:20:52Z" level=warning msg="Request Failed" error="Post \"http://auth-service.ecommerce.svc.cluster.local:8001/auth/login\": request timeout"

running (03m04.8s), 046/225 VUs, 1998 complete and 0 interrupted iterations
openloop_oscillating   [  26% ] 046/225 VUs  03m04.8s/12m0s  30.00 iters/s
time="2026-10-07T16:20:53Z" level=warning msg="Request Failed" error="Post \"http://auth-service.ecommerce.svc.cluster.local:8001/auth/login\": request timeout"
time="2026-10-07T16:20:53Z" level=warning msg="Request Failed" error="Post \"http://auth-service.ecommerce.svc.cluster.local:8001/auth/login\": request timeout"
time="2026-10-07T16:20:53Z" level=warning msg="Request Failed" error="Post \"http://auth-service.ecommerce.svc.cluster.local:8001/auth/login\": request timeout"
time="2026-10-07T16:20:54Z" level=warning msg="Request Failed" error="Post \"http://auth-service.ecommerce.svc.cluster.local:8001/auth/login\": request timeout"

running (03m05.8s), 030/225 VUs, 2044 complete and 0 interrupted iterations
openloop_oscillating   [  26% ] 030/225 VUs  03m05.8s/12m0s  30.00 iters/s

running (03m06.8s), 018/225 VUs, 2086 complete and 0 interrupted iterations
openloop_oscillating   [  26% ] 018/225 VUs  03m06.8s/12m0s  30.00 iters/s
time="2026-10-07T16:20:56Z" level=warning msg="Request Failed" error="Post \"http://auth-service.ecommerce.svc.cluster.local:8001/auth/login\": request timeout"
time="2026-10-07T16:20:56Z" level=warning msg="Request Failed" error="Post \"http://auth-service.ecommerce.svc.cluster.local:8001/auth/login\": request timeout"
time="2026-10-07T16:20:56Z" level=warning msg="Request Failed" error="Post \"http://auth-service.ecommerce.svc.cluster.local:8001/auth/login\": request timeout"

running (03m07.8s), 014/225 VUs, 2120 complete and 0 interrupted iterations
openloop_oscillating   [  26% ] 014/225 VUs  03m07.8s/12m0s  30.00 iters/s
time="2026-10-07T16:20:57Z" level=warning msg="Request Failed" error="Post \"http://auth-service.ecommerce.svc.cluster.local:8001/auth/login\": request timeout"

running (03m08.8s), 018/225 VUs, 2146 complete and 0 interrupted iterations
openloop_oscillating   [  26% ] 018/225 VUs  03m08.8s/12m0s  30.00 iters/s

running (03m09.8s), 020/225 VUs, 2174 complete and 0 interrupted iterations
openloop_oscillating   [  26% ] 020/225 VUs  03m09.8s/12m0s  30.00 iters/s
time="2026-10-07T16:20:58Z" level=warning msg="Request Failed" error="Post \"http://auth-service.ecommerce.svc.cluster.local:8001/auth/login\": request timeout"

running (03m10.8s), 034/225 VUs, 2190 complete and 0 interrupted iterations
openloop_oscillating   [  27% ] 034/225 VUs  03m10.8s/12m0s  30.00 iters/s
time="2026-10-07T16:20:59Z" level=warning msg="Request Failed" error="Post \"http://auth-service.ecommerce.svc.cluster.local:8001/auth/login\": request timeout"
time="2026-10-07T16:21:00Z" level=warning msg="Request Failed" error="Post \"http://auth-service.ecommerce.svc.cluster.local:8001/auth/login\": request timeout"

running (03m11.8s), 043/225 VUs, 2211 complete and 0 interrupted iterations
openloop_oscillating   [  27% ] 043/225 VUs  03m11.8s/12m0s  30.00 iters/s
time="2026-10-07T16:21:00Z" level=warning msg="Request Failed" error="Post \"http://auth-service.ecommerce.svc.cluster.local:8001/auth/login\": request timeout"
time="2026-10-07T16:21:00Z" level=warning msg="Request Failed" error="Post \"http://auth-service.ecommerce.svc.cluster.local:8001/auth/login\": request timeout"
time="2026-10-07T16:21:01Z" level=warning msg="Request Failed" error="Post \"http://auth-service.ecommerce.svc.cluster.local:8001/auth/login\": request timeout"

running (03m12.8s), 052/225 VUs, 2232 complete and 0 interrupted iterations
openloop_oscillating   [  27% ] 052/225 VUs  03m12.8s/12m0s  30.00 iters/s
time="2026-10-07T16:21:02Z" level=warning msg="Request Failed" error="Post \"http://auth-service.ecommerce.svc.cluster.local:8001/auth/login\": request timeout"

running (03m13.8s), 057/225 VUs, 2257 complete and 0 interrupted iterations
openloop_oscillating   [  27% ] 057/225 VUs  03m13.8s/12m0s  30.00 iters/s
time="2026-10-07T16:21:02Z" level=warning msg="Request Failed" error="Post \"http://auth-service.ecommerce.svc.cluster.local:8001/auth/login\": request timeout"
time="2026-10-07T16:21:03Z" level=warning msg="Request Failed" error="Post \"http://auth-service.ecommerce.svc.cluster.local:8001/auth/login\": request timeout"

running (03m14.8s), 034/225 VUs, 2310 complete and 0 interrupted iterations
openloop_oscillating   [  27% ] 034/225 VUs  03m14.8s/12m0s  30.00 iters/s
time="2026-10-07T16:21:03Z" level=warning msg="Request Failed" error="Post \"http://auth-service.ecommerce.svc.cluster.local:8001/auth/login\": request timeout"

running (03m15.8s), 032/225 VUs, 2342 complete and 0 interrupted iterations
openloop_oscillating   [  27% ] 032/225 VUs  03m15.8s/12m0s  30.00 iters/s
time="2026-10-07T16:21:04Z" level=warning msg="Request Failed" error="Post \"http://auth-service.ecommerce.svc.cluster.local:8001/auth/login\": request timeout"
time="2026-10-07T16:21:04Z" level=warning msg="Request Failed" error="Post \"http://auth-service.ecommerce.svc.cluster.local:8001/auth/login\": request timeout"
time="2026-10-07T16:21:04Z" level=warning msg="Request Failed" error="Post \"http://auth-service.ecommerce.svc.cluster.local:8001/auth/login\": request timeout"

running (03m16.8s), 037/225 VUs, 2367 complete and 0 interrupted iterations
openloop_oscillating   [  27% ] 037/225 VUs  03m16.8s/12m0s  30.00 iters/s
time="2026-10-07T16:21:05Z" level=warning msg="Request Failed" error="Post \"http://auth-service.ecommerce.svc.cluster.local:8001/auth/login\": request timeout"
time="2026-10-07T16:21:05Z" level=warning msg="Request Failed" error="Post \"http://auth-service.ecommerce.svc.cluster.local:8001/auth/login\": request timeout"
time="2026-10-07T16:21:05Z" level=warning msg="Request Failed" error="Post \"http://auth-service.ecommerce.svc.cluster.local:8001/auth/login\": request timeout"
time="2026-10-07T16:21:06Z" level=warning msg="Request Failed" error="Post \"http://auth-service.ecommerce.svc.cluster.local:8001/auth/login\": request timeout"

running (03m17.8s), 036/225 VUs, 2398 complete and 0 interrupted iterations
openloop_oscillating   [  27% ] 036/225 VUs  03m17.8s/12m0s  30.00 iters/s
time="2026-10-07T16:21:06Z" level=warning msg="Request Failed" error="Post \"http://auth-service.ecommerce.svc.cluster.local:8001/auth/login\": request timeout"
time="2026-10-07T16:21:06Z" level=warning msg="Request Failed" error="Post \"http://auth-service.ecommerce.svc.cluster.local:8001/auth/login\": request timeout"
time="2026-10-07T16:21:06Z" level=warning msg="Request Failed" error="Post \"http://auth-service.ecommerce.svc.cluster.local:8001/auth/login\": request timeout"

running (03m18.8s), 033/225 VUs, 2431 complete and 0 interrupted iterations
openloop_oscillating   [  28% ] 033/225 VUs  03m18.8s/12m0s  30.00 iters/s
time="2026-10-07T16:21:07Z" level=warning msg="Request Failed" error="Post \"http://auth-service.ecommerce.svc.cluster.local:8001/auth/login\": request timeout"
time="2026-10-07T16:21:07Z" level=warning msg="Request Failed" error="Post \"http://auth-service.ecommerce.svc.cluster.local:8001/auth/login\": request timeout"
time="2026-10-07T16:21:07Z" level=warning msg="Request Failed" error="Post \"http://auth-service.ecommerce.svc.cluster.local:8001/auth/login\": request timeout"
time="2026-10-07T16:21:07Z" level=warning msg="Request Failed" error="Post \"http://auth-service.ecommerce.svc.cluster.local:8001/auth/login\": request timeout"
time="2026-10-07T16:21:08Z" level=warning msg="Request Failed" error="Post \"http://auth-service.ecommerce.svc.cluster.local:8001/auth/login\": request timeout"
time="2026-10-07T16:21:08Z" level=warning msg="Request Failed" error="Post \"http://auth-service.ecommerce.svc.cluster.local:8001/auth/login\": request timeout"
time="2026-10-07T16:21:08Z" level=warning msg="Request Failed" error="Post \"http://auth-service.ecommerce.svc.cluster.local:8001/auth/login\": request timeout"

running (03m19.8s), 028/225 VUs, 2466 complete and 0 interrupted iterations
openloop_oscillating   [  28% ] 028/225 VUs  03m19.8s/12m0s  30.00 iters/s
time="2026-10-07T16:21:08Z" level=warning msg="Request Failed" error="Post \"http://auth-service.ecommerce.svc.cluster.local:8001/auth/login\": request timeout"
time="2026-10-07T16:21:08Z" level=warning msg="Request Failed" error="Post \"http://auth-service.ecommerce.svc.cluster.local:8001/auth/login\": request timeout"
time="2026-10-07T16:21:08Z" level=warning msg="Request Failed" error="Post \"http://auth-service.ecommerce.svc.cluster.local:8001/auth/login\": request timeout"
time="2026-10-07T16:21:09Z" level=warning msg="Request Failed" error="Post \"http://auth-service.ecommerce.svc.cluster.local:8001/auth/login\": request timeout"

running (03m20.8s), 026/225 VUs, 2498 complete and 0 interrupted iterations
openloop_oscillating   [  28% ] 026/225 VUs  03m20.8s/12m0s  30.00 iters/s
time="2026-10-07T16:21:09Z" level=warning msg="Request Failed" error="Post \"http://auth-service.ecommerce.svc.cluster.local:8001/auth/login\": request timeout"
time="2026-10-07T16:21:09Z" level=warning msg="Request Failed" error="Post \"http://auth-service.ecommerce.svc.cluster.local:8001/auth/login\": request timeout"
time="2026-10-07T16:21:09Z" level=warning msg="Request Failed" error="Post \"http://auth-service.ecommerce.svc.cluster.local:8001/auth/login\": request timeout"
time="2026-10-07T16:21:09Z" level=warning msg="Request Failed" error="Post \"http://auth-service.ecommerce.svc.cluster.local:8001/auth/login\": request timeout"
time="2026-10-07T16:21:09Z" level=warning msg="Request Failed" error="Post \"http://auth-service.ecommerce.svc.cluster.local:8001/auth/login\": request timeout"
time="2026-10-07T16:21:10Z" level=warning msg="Request Failed" error="Post \"http://auth-service.ecommerce.svc.cluster.local:8001/auth/login\": request timeout"

running (03m21.8s), 022/225 VUs, 2532 complete and 0 interrupted iterations
openloop_oscillating   [  28% ] 022/225 VUs  03m21.8s/12m0s  30.00 iters/s
time="2026-10-07T16:21:10Z" level=warning msg="Request Failed" error="Post \"http://auth-service.ecommerce.svc.cluster.local:8001/auth/login\": request timeout"
time="2026-10-07T16:21:10Z" level=warning msg="Request Failed" error="Post \"http://auth-service.ecommerce.svc.cluster.local:8001/auth/login\": request timeout"

running (03m22.8s), 022/225 VUs, 2562 complete and 0 interrupted iterations
openloop_oscillating   [  28% ] 022/225 VUs  03m22.8s/12m0s  30.00 iters/s
time="2026-10-07T16:21:11Z" level=warning msg="Request Failed" error="Post \"http://auth-service.ecommerce.svc.cluster.local:8001/auth/login\": request timeout"

running (03m23.8s), 039/225 VUs, 2575 complete and 0 interrupted iterations
openloop_oscillating   [  28% ] 039/225 VUs  03m23.8s/12m0s  30.00 iters/s
time="2026-10-07T16:21:12Z" level=warning msg="Request Failed" error="Post \"http://auth-service.ecommerce.svc.cluster.local:8001/auth/login\": request timeout"
time="2026-10-07T16:21:13Z" level=warning msg="Request Failed" error="Post \"http://auth-service.ecommerce.svc.cluster.local:8001/auth/login\": request timeout"

running (03m24.8s), 030/225 VUs, 2614 complete and 0 interrupted iterations
openloop_oscillating   [  28% ] 030/225 VUs  03m24.8s/12m0s  30.00 iters/s
time="2026-10-07T16:21:13Z" level=warning msg="Request Failed" error="Post \"http://auth-service.ecommerce.svc.cluster.local:8001/auth/login\": request timeout"
time="2026-10-07T16:21:13Z" level=warning msg="Request Failed" error="Post \"http://auth-service.ecommerce.svc.cluster.local:8001/auth/login\": request timeout"
time="2026-10-07T16:21:13Z" level=warning msg="Request Failed" error="Post \"http://auth-service.ecommerce.svc.cluster.local:8001/auth/login\": request timeout"

running (03m25.8s), 033/225 VUs, 2641 complete and 0 interrupted iterations
openloop_oscillating   [  29% ] 033/225 VUs  03m25.8s/12m0s  30.00 iters/s
time="2026-10-07T16:21:14Z" level=warning msg="Request Failed" error="Post \"http://auth-service.ecommerce.svc.cluster.local:8001/auth/login\": request timeout"
time="2026-10-07T16:21:14Z" level=warning msg="Request Failed" error="Post \"http://auth-service.ecommerce.svc.cluster.local:8001/auth/login\": request timeout"
time="2026-10-07T16:21:14Z" level=warning msg="Request Failed" error="Post \"http://auth-service.ecommerce.svc.cluster.local:8001/auth/login\": request timeout"
time="2026-10-07T16:21:15Z" level=warning msg="Request Failed" error="Post \"http://auth-service.ecommerce.svc.cluster.local:8001/auth/login\": request timeout"

running (03m26.8s), 030/225 VUs, 2674 complete and 0 interrupted iterations
openloop_oscillating   [  29% ] 030/225 VUs  03m26.8s/12m0s  30.00 iters/s
time="2026-10-07T16:21:15Z" level=warning msg="Request Failed" error="Post \"http://auth-service.ecommerce.svc.cluster.local:8001/auth/login\": request timeout"
time="2026-10-07T16:21:16Z" level=warning msg="Request Failed" error="Post \"http://auth-service.ecommerce.svc.cluster.local:8001/auth/login\": request timeout"
time="2026-10-07T16:21:16Z" level=warning msg="Request Failed" error="Post \"http://auth-service.ecommerce.svc.cluster.local:8001/auth/login\": request timeout"

running (03m27.8s), 030/225 VUs, 2704 complete and 0 interrupted iterations
openloop_oscillating   [  29% ] 030/225 VUs  03m27.8s/12m0s  30.00 iters/s
time="2026-10-07T16:21:16Z" level=warning msg="Request Failed" error="Post \"http://auth-service.ecommerce.svc.cluster.local:8001/auth/login\": request timeout"
time="2026-10-07T16:21:17Z" level=warning msg="Request Failed" error="Post \"http://auth-service.ecommerce.svc.cluster.local:8001/auth/login\": request timeout"

running (03m28.8s), 028/225 VUs, 2736 complete and 0 interrupted iterations
openloop_oscillating   [  29% ] 028/225 VUs  03m28.8s/12m0s  30.00 iters/s
time="2026-10-07T16:21:17Z" level=warning msg="Request Failed" error="Post \"http://auth-service.ecommerce.svc.cluster.local:8001/auth/login\": request timeout"
time="2026-10-07T16:21:17Z" level=warning msg="Request Failed" error="Post \"http://auth-service.ecommerce.svc.cluster.local:8001/auth/login\": request timeout"
time="2026-10-07T16:21:17Z" level=warning msg="Request Failed" error="Post \"http://auth-service.ecommerce.svc.cluster.local:8001/auth/login\": request timeout"
time="2026-10-07T16:21:17Z" level=warning msg="Request Failed" error="Post \"http://auth-service.ecommerce.svc.cluster.local:8001/auth/login\": request timeout"
time="2026-10-07T16:21:18Z" level=warning msg="Request Failed" error="Post \"http://auth-service.ecommerce.svc.cluster.local:8001/auth/login\": request timeout"
time="2026-10-07T16:21:18Z" level=warning msg="Request Failed" error="Post \"http://auth-service.ecommerce.svc.cluster.local:8001/auth/login\": request timeout"

running (03m29.8s), 031/225 VUs, 2763 complete and 0 interrupted iterations
openloop_oscillating   [  29% ] 031/225 VUs  03m29.8s/12m0s  30.00 iters/s
time="2026-10-07T16:21:18Z" level=warning msg="Request Failed" error="Post \"http://auth-service.ecommerce.svc.cluster.local:8001/auth/login\": request timeout"
time="2026-10-07T16:21:18Z" level=warning msg="Request Failed" error="Post \"http://auth-service.ecommerce.svc.cluster.local:8001/auth/login\": request timeout"
time="2026-10-07T16:21:18Z" level=warning msg="Request Failed" error="Post \"http://auth-service.ecommerce.svc.cluster.local:8001/auth/login\": request timeout"

running (03m30.8s), 043/225 VUs, 2780 complete and 0 interrupted iterations
openloop_oscillating   [  29% ] 043/225 VUs  03m30.8s/12m0s  27.72 iters/s
time="2026-10-07T16:21:20Z" level=warning msg="Request Failed" error="Post \"http://auth-service.ecommerce.svc.cluster.local:8001/auth/login\": request timeout"
time="2026-10-07T16:21:20Z" level=warning msg="Request Failed" error="Post \"http://auth-service.ecommerce.svc.cluster.local:8001/auth/login\": request timeout"

running (03m31.8s), 031/225 VUs, 2818 complete and 0 interrupted iterations
openloop_oscillating   [  29% ] 031/225 VUs  03m31.8s/12m0s  24.96 iters/s
time="2026-10-07T16:21:20Z" level=warning msg="Request Failed" error="Post \"http://auth-service.ecommerce.svc.cluster.local:8001/auth/login\": request timeout"
time="2026-10-07T16:21:20Z" level=warning msg="Request Failed" error="Post \"http://auth-service.ecommerce.svc.cluster.local:8001/auth/login\": request timeout"

running (03m32.8s), 023/225 VUs, 2850 complete and 0 interrupted iterations
openloop_oscillating   [  30% ] 023/225 VUs  03m32.8s/12m0s  22.10 iters/s
time="2026-10-07T16:21:21Z" level=warning msg="Request Failed" error="Post \"http://auth-service.ecommerce.svc.cluster.local:8001/auth/login\": request timeout"
time="2026-10-07T16:21:22Z" level=warning msg="Request Failed" error="Post \"http://auth-service.ecommerce.svc.cluster.local:8001/auth/login\": request timeout"

running (03m33.8s), 013/225 VUs, 2881 complete and 0 interrupted iterations
openloop_oscillating   [  30% ] 013/225 VUs  03m33.8s/12m0s  19.26 iters/s
time="2026-10-07T16:21:22Z" level=warning msg="Request Failed" error="Post \"http://auth-service.ecommerce.svc.cluster.local:8001/auth/login\": request timeout"
time="2026-10-07T16:21:22Z" level=warning msg="Request Failed" error="Post \"http://auth-service.ecommerce.svc.cluster.local:8001/auth/login\": request timeout"
time="2026-10-07T16:21:23Z" level=warning msg="Request Failed" error="Post \"http://auth-service.ecommerce.svc.cluster.local:8001/auth/login\": request timeout"

running (03m34.8s), 018/225 VUs, 2894 complete and 0 interrupted iterations
openloop_oscillating   [  30% ] 018/225 VUs  03m34.8s/12m0s  16.43 iters/s
time="2026-10-07T16:21:24Z" level=warning msg="Request Failed" error="Post \"http://auth-service.ecommerce.svc.cluster.local:8001/auth/login\": request timeout"

running (03m35.8s), 023/225 VUs, 2904 complete and 0 interrupted iterations
openloop_oscillating   [  30% ] 023/225 VUs  03m35.8s/12m0s  13.64 iters/s
time="2026-10-07T16:21:24Z" level=warning msg="Request Failed" error="Post \"http://auth-service.ecommerce.svc.cluster.local:8001/auth/login\": request timeout"

running (03m36.8s), 014/225 VUs, 2925 complete and 0 interrupted iterations
openloop_oscillating   [  30% ] 014/225 VUs  03m36.8s/12m0s  10.90 iters/s
time="2026-10-07T16:21:25Z" level=warning msg="Request Failed" error="Post \"http://auth-service.ecommerce.svc.cluster.local:8001/auth/login\": request timeout"

running (03m37.8s), 005/225 VUs, 2943 complete and 0 interrupted iterations
openloop_oscillating   [  30% ] 005/225 VUs  03m37.8s/12m0s  08.27 iters/s

running (03m38.8s), 005/225 VUs, 2950 complete and 0 interrupted iterations
openloop_oscillating   [  30% ] 005/225 VUs  03m38.8s/12m0s  05.40 iters/s
time="2026-10-07T16:21:27Z" level=warning msg="Request Failed" error="Post \"http://auth-service.ecommerce.svc.cluster.local:8001/auth/login\": request timeout"

running (03m39.8s), 003/225 VUs, 2956 complete and 0 interrupted iterations
openloop_oscillating   [  31% ] 003/225 VUs  03m39.8s/12m0s  02.55 iters/s

running (03m40.8s), 000/225 VUs, 2961 complete and 0 interrupted iterations
openloop_oscillating   [  31% ] 000/225 VUs  03m40.8s/12m0s  02.00 iters/s

running (03m41.8s), 000/225 VUs, 2963 complete and 0 interrupted iterations
openloop_oscillating   [  31% ] 000/225 VUs  03m41.8s/12m0s  02.00 iters/s

running (03m42.8s), 000/225 VUs, 2965 complete and 0 interrupted iterations
openloop_oscillating   [  31% ] 000/225 VUs  03m42.8s/12m0s  02.00 iters/s

running (03m43.8s), 000/225 VUs, 2967 complete and 0 interrupted iterations
openloop_oscillating   [  31% ] 000/225 VUs  03m43.8s/12m0s  02.00 iters/s

running (03m44.8s), 000/225 VUs, 2969 complete and 0 interrupted iterations
openloop_oscillating   [  31% ] 000/225 VUs  03m44.8s/12m0s  02.00 iters/s

running (03m45.8s), 000/225 VUs, 2971 complete and 0 interrupted iterations
openloop_oscillating   [  31% ] 000/225 VUs  03m45.8s/12m0s  02.00 iters/s

running (03m46.8s), 000/225 VUs, 2973 complete and 0 interrupted iterations
openloop_oscillating   [  32% ] 000/225 VUs  03m46.8s/12m0s  02.00 iters/s

running (03m47.8s), 001/225 VUs, 2974 complete and 0 interrupted iterations
openloop_oscillating   [  32% ] 001/225 VUs  03m47.8s/12m0s  02.00 iters/s

running (03m48.8s), 000/225 VUs, 2977 complete and 0 interrupted iterations
openloop_oscillating   [  32% ] 000/225 VUs  03m48.8s/12m0s  02.00 iters/s

running (03m49.8s), 000/225 VUs, 2979 complete and 0 interrupted iterations
openloop_oscillating   [  32% ] 000/225 VUs  03m49.8s/12m0s  02.00 iters/s

running (03m50.8s), 000/225 VUs, 2981 complete and 0 interrupted iterations
openloop_oscillating   [  32% ] 000/225 VUs  03m50.8s/12m0s  02.00 iters/s

running (03m51.8s), 001/225 VUs, 2982 complete and 0 interrupted iterations
openloop_oscillating   [  32% ] 001/225 VUs  03m51.8s/12m0s  02.00 iters/s

running (03m52.8s), 000/225 VUs, 2985 complete and 0 interrupted iterations
openloop_oscillating   [  32% ] 000/225 VUs  03m52.8s/12m0s  02.00 iters/s

running (03m53.8s), 000/225 VUs, 2987 complete and 0 interrupted iterations
openloop_oscillating   [  32% ] 000/225 VUs  03m53.8s/12m0s  02.00 iters/s

running (03m54.8s), 000/225 VUs, 2989 complete and 0 interrupted iterations
openloop_oscillating   [  33% ] 000/225 VUs  03m54.8s/12m0s  02.00 iters/s

running (03m55.8s), 000/225 VUs, 2991 complete and 0 interrupted iterations
openloop_oscillating   [  33% ] 000/225 VUs  03m55.8s/12m0s  02.00 iters/s

running (03m56.8s), 000/225 VUs, 2993 complete and 0 interrupted iterations
openloop_oscillating   [  33% ] 000/225 VUs  03m56.8s/12m0s  02.00 iters/s

running (03m57.8s), 000/225 VUs, 2995 complete and 0 interrupted iterations
openloop_oscillating   [  33% ] 000/225 VUs  03m57.8s/12m0s  02.00 iters/s

running (03m58.8s), 000/225 VUs, 2997 complete and 0 interrupted iterations
openloop_oscillating   [  33% ] 000/225 VUs  03m58.8s/12m0s  02.00 iters/s

running (03m59.8s), 001/225 VUs, 2998 complete and 0 interrupted iterations
openloop_oscillating   [  33% ] 001/225 VUs  03m59.8s/12m0s  02.00 iters/s

running (04m00.8s), 000/225 VUs, 3001 complete and 0 interrupted iterations
openloop_oscillating   [  33% ] 000/225 VUs  04m00.8s/12m0s  02.00 iters/s

running (04m01.8s), 000/225 VUs, 3003 complete and 0 interrupted iterations
openloop_oscillating   [  34% ] 000/225 VUs  04m01.8s/12m0s  02.00 iters/s

running (04m02.8s), 000/225 VUs, 3005 complete and 0 interrupted iterations
openloop_oscillating   [  34% ] 000/225 VUs  04m02.8s/12m0s  02.00 iters/s

running (04m03.8s), 000/225 VUs, 3007 complete and 0 interrupted iterations
openloop_oscillating   [  34% ] 000/225 VUs  04m03.8s/12m0s  02.00 iters/s

running (04m04.8s), 001/225 VUs, 3008 complete and 0 interrupted iterations
openloop_oscillating   [  34% ] 001/225 VUs  04m04.8s/12m0s  02.00 iters/s

running (04m05.8s), 000/225 VUs, 3011 complete and 0 interrupted iterations
openloop_oscillating   [  34% ] 000/225 VUs  04m05.8s/12m0s  02.00 iters/s

running (04m06.8s), 001/225 VUs, 3012 complete and 0 interrupted iterations
openloop_oscillating   [  34% ] 001/225 VUs  04m06.8s/12m0s  02.00 iters/s

running (04m07.8s), 000/225 VUs, 3015 complete and 0 interrupted iterations
openloop_oscillating   [  34% ] 000/225 VUs  04m07.8s/12m0s  02.00 iters/s

running (04m08.8s), 000/225 VUs, 3017 complete and 0 interrupted iterations
openloop_oscillating   [  35% ] 000/225 VUs  04m08.8s/12m0s  02.00 iters/s

running (04m09.8s), 000/225 VUs, 3019 complete and 0 interrupted iterations
openloop_oscillating   [  35% ] 000/225 VUs  04m09.8s/12m0s  02.00 iters/s

running (04m10.8s), 000/225 VUs, 3021 complete and 0 interrupted iterations
openloop_oscillating   [  35% ] 000/225 VUs  04m10.8s/12m0s  02.00 iters/s

running (04m11.8s), 000/225 VUs, 3023 complete and 0 interrupted iterations
openloop_oscillating   [  35% ] 000/225 VUs  04m11.8s/12m0s  02.00 iters/s

running (04m12.8s), 000/225 VUs, 3025 complete and 0 interrupted iterations
openloop_oscillating   [  35% ] 000/225 VUs  04m12.8s/12m0s  02.00 iters/s

running (04m13.8s), 000/225 VUs, 3027 complete and 0 interrupted iterations
openloop_oscillating   [  35% ] 000/225 VUs  04m13.8s/12m0s  02.00 iters/s

running (04m14.8s), 000/225 VUs, 3029 complete and 0 interrupted iterations
openloop_oscillating   [  35% ] 000/225 VUs  04m14.8s/12m0s  02.00 iters/s

running (04m15.8s), 000/225 VUs, 3031 complete and 0 interrupted iterations
openloop_oscillating   [  36% ] 000/225 VUs  04m15.8s/12m0s  02.00 iters/s

running (04m16.8s), 000/225 VUs, 3033 complete and 0 interrupted iterations
openloop_oscillating   [  36% ] 000/225 VUs  04m16.8s/12m0s  02.00 iters/s

running (04m17.8s), 000/225 VUs, 3035 complete and 0 interrupted iterations
openloop_oscillating   [  36% ] 000/225 VUs  04m17.8s/12m0s  02.00 iters/s

running (04m18.8s), 000/225 VUs, 3037 complete and 0 interrupted iterations
openloop_oscillating   [  36% ] 000/225 VUs  04m18.8s/12m0s  02.00 iters/s

running (04m19.8s), 000/225 VUs, 3039 complete and 0 interrupted iterations
openloop_oscillating   [  36% ] 000/225 VUs  04m19.8s/12m0s  02.00 iters/s

running (04m20.8s), 000/225 VUs, 3041 complete and 0 interrupted iterations
openloop_oscillating   [  36% ] 000/225 VUs  04m20.8s/12m0s  02.00 iters/s

running (04m21.8s), 000/225 VUs, 3043 complete and 0 interrupted iterations
openloop_oscillating   [  36% ] 000/225 VUs  04m21.8s/12m0s  02.00 iters/s

running (04m22.8s), 000/225 VUs, 3045 complete and 0 interrupted iterations
openloop_oscillating   [  37% ] 000/225 VUs  04m22.8s/12m0s  02.00 iters/s

running (04m23.8s), 000/225 VUs, 3047 complete and 0 interrupted iterations
openloop_oscillating   [  37% ] 000/225 VUs  04m23.8s/12m0s  02.00 iters/s

running (04m24.8s), 000/225 VUs, 3049 complete and 0 interrupted iterations
openloop_oscillating   [  37% ] 000/225 VUs  04m24.8s/12m0s  02.00 iters/s

running (04m25.8s), 000/225 VUs, 3051 complete and 0 interrupted iterations
openloop_oscillating   [  37% ] 000/225 VUs  04m25.8s/12m0s  02.00 iters/s

running (04m26.8s), 000/225 VUs, 3053 complete and 0 interrupted iterations
openloop_oscillating   [  37% ] 000/225 VUs  04m26.8s/12m0s  02.00 iters/s

running (04m27.8s), 000/225 VUs, 3055 complete and 0 interrupted iterations
openloop_oscillating   [  37% ] 000/225 VUs  04m27.8s/12m0s  02.00 iters/s

running (04m28.8s), 000/225 VUs, 3057 complete and 0 interrupted iterations
openloop_oscillating   [  37% ] 000/225 VUs  04m28.8s/12m0s  02.00 iters/s

running (04m29.8s), 000/225 VUs, 3059 complete and 0 interrupted iterations
openloop_oscillating   [  37% ] 000/225 VUs  04m29.8s/12m0s  02.00 iters/s

running (04m30.8s), 000/225 VUs, 3061 complete and 0 interrupted iterations
openloop_oscillating   [  38% ] 000/225 VUs  04m30.8s/12m0s  02.00 iters/s

running (04m31.8s), 000/225 VUs, 3063 complete and 0 interrupted iterations
openloop_oscillating   [  38% ] 000/225 VUs  04m31.8s/12m0s  02.00 iters/s

running (04m32.8s), 000/225 VUs, 3065 complete and 0 interrupted iterations
openloop_oscillating   [  38% ] 000/225 VUs  04m32.8s/12m0s  02.00 iters/s

running (04m33.8s), 000/225 VUs, 3067 complete and 0 interrupted iterations
openloop_oscillating   [  38% ] 000/225 VUs  04m33.8s/12m0s  02.00 iters/s

running (04m34.8s), 000/225 VUs, 3069 complete and 0 interrupted iterations
openloop_oscillating   [  38% ] 000/225 VUs  04m34.8s/12m0s  02.00 iters/s

running (04m35.8s), 000/225 VUs, 3071 complete and 0 interrupted iterations
openloop_oscillating   [  38% ] 000/225 VUs  04m35.8s/12m0s  02.00 iters/s

running (04m36.8s), 000/225 VUs, 3073 complete and 0 interrupted iterations
openloop_oscillating   [  38% ] 000/225 VUs  04m36.8s/12m0s  02.00 iters/s

running (04m37.8s), 000/225 VUs, 3075 complete and 0 interrupted iterations
openloop_oscillating   [  39% ] 000/225 VUs  04m37.8s/12m0s  02.00 iters/s

running (04m38.8s), 000/225 VUs, 3077 complete and 0 interrupted iterations
openloop_oscillating   [  39% ] 000/225 VUs  04m38.8s/12m0s  02.00 iters/s

running (04m39.8s), 000/225 VUs, 3079 complete and 0 interrupted iterations
openloop_oscillating   [  39% ] 000/225 VUs  04m39.8s/12m0s  02.00 iters/s

running (04m40.8s), 000/225 VUs, 3081 complete and 0 interrupted iterations
openloop_oscillating   [  39% ] 000/225 VUs  04m40.8s/12m0s  02.00 iters/s

running (04m41.8s), 000/225 VUs, 3083 complete and 0 interrupted iterations
openloop_oscillating   [  39% ] 000/225 VUs  04m41.8s/12m0s  02.00 iters/s

running (04m42.8s), 000/225 VUs, 3085 complete and 0 interrupted iterations
openloop_oscillating   [  39% ] 000/225 VUs  04m42.8s/12m0s  02.00 iters/s

running (04m43.8s), 000/225 VUs, 3087 complete and 0 interrupted iterations
openloop_oscillating   [  39% ] 000/225 VUs  04m43.8s/12m0s  02.00 iters/s

running (04m44.8s), 001/225 VUs, 3088 complete and 0 interrupted iterations
openloop_oscillating   [  40% ] 001/225 VUs  04m44.8s/12m0s  02.00 iters/s

running (04m45.8s), 000/225 VUs, 3091 complete and 0 interrupted iterations
openloop_oscillating   [  40% ] 000/225 VUs  04m45.8s/12m0s  02.00 iters/s

running (04m46.8s), 000/225 VUs, 3093 complete and 0 interrupted iterations
openloop_oscillating   [  40% ] 000/225 VUs  04m46.8s/12m0s  02.00 iters/s

running (04m47.8s), 000/225 VUs, 3095 complete and 0 interrupted iterations
openloop_oscillating   [  40% ] 000/225 VUs  04m47.8s/12m0s  02.00 iters/s

running (04m48.8s), 000/225 VUs, 3097 complete and 0 interrupted iterations
openloop_oscillating   [  40% ] 000/225 VUs  04m48.8s/12m0s  02.00 iters/s

running (04m49.8s), 000/225 VUs, 3099 complete and 0 interrupted iterations
openloop_oscillating   [  40% ] 000/225 VUs  04m49.8s/12m0s  02.00 iters/s

running (04m50.8s), 000/225 VUs, 3101 complete and 0 interrupted iterations
openloop_oscillating   [  40% ] 000/225 VUs  04m50.8s/12m0s  02.00 iters/s

running (04m51.8s), 000/225 VUs, 3103 complete and 0 interrupted iterations
openloop_oscillating   [  41% ] 000/225 VUs  04m51.8s/12m0s  02.00 iters/s

running (04m52.8s), 000/225 VUs, 3105 complete and 0 interrupted iterations
openloop_oscillating   [  41% ] 000/225 VUs  04m52.8s/12m0s  02.00 iters/s

running (04m53.8s), 000/225 VUs, 3107 complete and 0 interrupted iterations
openloop_oscillating   [  41% ] 000/225 VUs  04m53.8s/12m0s  02.00 iters/s

running (04m54.8s), 000/225 VUs, 3109 complete and 0 interrupted iterations
openloop_oscillating   [  41% ] 000/225 VUs  04m54.8s/12m0s  02.00 iters/s

running (04m55.8s), 000/225 VUs, 3111 complete and 0 interrupted iterations
openloop_oscillating   [  41% ] 000/225 VUs  04m55.8s/12m0s  02.00 iters/s

running (04m56.8s), 000/225 VUs, 3113 complete and 0 interrupted iterations
openloop_oscillating   [  41% ] 000/225 VUs  04m56.8s/12m0s  02.00 iters/s

running (04m57.8s), 000/225 VUs, 3115 complete and 0 interrupted iterations
openloop_oscillating   [  41% ] 000/225 VUs  04m57.8s/12m0s  02.00 iters/s

running (04m58.8s), 000/225 VUs, 3117 complete and 0 interrupted iterations
openloop_oscillating   [  42% ] 000/225 VUs  04m58.8s/12m0s  02.00 iters/s

running (04m59.8s), 000/225 VUs, 3119 complete and 0 interrupted iterations
openloop_oscillating   [  42% ] 000/225 VUs  04m59.8s/12m0s  02.00 iters/s

running (05m00.8s), 001/225 VUs, 3121 complete and 0 interrupted iterations
openloop_oscillating   [  42% ] 001/225 VUs  05m00.8s/12m0s  04.23 iters/s

running (05m01.8s), 003/225 VUs, 3125 complete and 0 interrupted iterations
openloop_oscillating   [  42% ] 003/225 VUs  05m01.8s/12m0s  07.18 iters/s

running (05m02.8s), 001/225 VUs, 3135 complete and 0 interrupted iterations
openloop_oscillating   [  42% ] 001/225 VUs  05m02.8s/12m0s  09.82 iters/s

running (05m03.8s), 002/225 VUs, 3146 complete and 0 interrupted iterations
openloop_oscillating   [  42% ] 002/225 VUs  05m03.8s/12m0s  12.79 iters/s

running (05m04.8s), 000/225 VUs, 3162 complete and 0 interrupted iterations
openloop_oscillating   [  42% ] 000/225 VUs  05m04.8s/12m0s  15.56 iters/s

running (05m05.8s), 002/225 VUs, 3177 complete and 0 interrupted iterations
openloop_oscillating   [  42% ] 002/225 VUs  05m05.8s/12m0s  18.36 iters/s

running (05m06.8s), 002/225 VUs, 3196 complete and 0 interrupted iterations
openloop_oscillating   [  43% ] 002/225 VUs  05m06.8s/12m0s  21.06 iters/s

running (05m07.8s), 007/225 VUs, 3214 complete and 0 interrupted iterations
openloop_oscillating   [  43% ] 007/225 VUs  05m07.8s/12m0s  23.92 iters/s

running (05m08.8s), 008/225 VUs, 3238 complete and 0 interrupted iterations
openloop_oscillating   [  43% ] 008/225 VUs  05m08.8s/12m0s  26.69 iters/s

running (05m09.8s), 006/225 VUs, 3268 complete and 0 interrupted iterations
openloop_oscillating   [  43% ] 006/225 VUs  05m09.8s/12m0s  29.48 iters/s

running (05m10.8s), 007/225 VUs, 3297 complete and 0 interrupted iterations
openloop_oscillating   [  43% ] 007/225 VUs  05m10.8s/12m0s  30.00 iters/s

running (05m11.8s), 011/225 VUs, 3323 complete and 0 interrupted iterations
openloop_oscillating   [  43% ] 011/225 VUs  05m11.8s/12m0s  30.00 iters/s

running (05m12.8s), 020/225 VUs, 3344 complete and 0 interrupted iterations
openloop_oscillating   [  43% ] 020/225 VUs  05m12.8s/12m0s  30.00 iters/s

running (05m13.8s), 026/225 VUs, 3368 complete and 0 interrupted iterations
openloop_oscillating   [  44% ] 026/225 VUs  05m13.8s/12m0s  30.00 iters/s

running (05m14.8s), 007/225 VUs, 3417 complete and 0 interrupted iterations
openloop_oscillating   [  44% ] 007/225 VUs  05m14.8s/12m0s  30.00 iters/s

running (05m15.8s), 003/225 VUs, 3451 complete and 0 interrupted iterations
openloop_oscillating   [  44% ] 003/225 VUs  05m15.8s/12m0s  30.00 iters/s

running (05m16.8s), 001/225 VUs, 3483 complete and 0 interrupted iterations
openloop_oscillating   [  44% ] 001/225 VUs  05m16.8s/12m0s  30.00 iters/s

running (05m17.8s), 005/225 VUs, 3509 complete and 0 interrupted iterations
openloop_oscillating   [  44% ] 005/225 VUs  05m17.8s/12m0s  30.00 iters/s

running (05m18.8s), 007/225 VUs, 3537 complete and 0 interrupted iterations
openloop_oscillating   [  44% ] 007/225 VUs  05m18.8s/12m0s  30.00 iters/s

running (05m19.8s), 005/225 VUs, 3569 complete and 0 interrupted iterations
openloop_oscillating   [  44% ] 005/225 VUs  05m19.8s/12m0s  30.00 iters/s

running (05m20.8s), 004/225 VUs, 3600 complete and 0 interrupted iterations
openloop_oscillating   [  45% ] 004/225 VUs  05m20.8s/12m0s  30.00 iters/s

running (05m21.8s), 001/225 VUs, 3633 complete and 0 interrupted iterations
openloop_oscillating   [  45% ] 001/225 VUs  05m21.8s/12m0s  30.00 iters/s

running (05m22.8s), 003/225 VUs, 3661 complete and 0 interrupted iterations
openloop_oscillating   [  45% ] 003/225 VUs  05m22.8s/12m0s  30.00 iters/s

running (05m23.8s), 010/225 VUs, 3684 complete and 0 interrupted iterations
openloop_oscillating   [  45% ] 010/225 VUs  05m23.8s/12m0s  30.00 iters/s

running (05m24.8s), 005/225 VUs, 3719 complete and 0 interrupted iterations
openloop_oscillating   [  45% ] 005/225 VUs  05m24.8s/12m0s  30.00 iters/s

running (05m25.8s), 001/225 VUs, 3753 complete and 0 interrupted iterations
openloop_oscillating   [  45% ] 001/225 VUs  05m25.8s/12m0s  30.00 iters/s

running (05m26.8s), 001/225 VUs, 3783 complete and 0 interrupted iterations
openloop_oscillating   [  45% ] 001/225 VUs  05m26.8s/12m0s  30.00 iters/s

running (05m27.8s), 002/225 VUs, 3812 complete and 0 interrupted iterations
openloop_oscillating   [  46% ] 002/225 VUs  05m27.8s/12m0s  30.00 iters/s

running (05m28.8s), 003/225 VUs, 3841 complete and 0 interrupted iterations
openloop_oscillating   [  46% ] 003/225 VUs  05m28.8s/12m0s  30.00 iters/s

running (05m29.8s), 010/225 VUs, 3864 complete and 0 interrupted iterations
openloop_oscillating   [  46% ] 010/225 VUs  05m29.8s/12m0s  30.00 iters/s

running (05m30.8s), 012/225 VUs, 3892 complete and 0 interrupted iterations
openloop_oscillating   [  46% ] 012/225 VUs  05m30.8s/12m0s  30.00 iters/s

running (05m31.8s), 014/225 VUs, 3920 complete and 0 interrupted iterations
openloop_oscillating   [  46% ] 014/225 VUs  05m31.8s/12m0s  30.00 iters/s

running (05m32.8s), 009/225 VUs, 3955 complete and 0 interrupted iterations
openloop_oscillating   [  46% ] 009/225 VUs  05m32.8s/12m0s  30.00 iters/s

running (05m33.8s), 009/225 VUs, 3985 complete and 0 interrupted iterations
openloop_oscillating   [  46% ] 009/225 VUs  05m33.8s/12m0s  30.00 iters/s

running (05m34.8s), 010/225 VUs, 4014 complete and 0 interrupted iterations
openloop_oscillating   [  47% ] 010/225 VUs  05m34.8s/12m0s  30.00 iters/s

running (05m35.8s), 005/225 VUs, 4049 complete and 0 interrupted iterations
openloop_oscillating   [  47% ] 005/225 VUs  05m35.8s/12m0s  30.00 iters/s

running (05m36.8s), 010/225 VUs, 4074 complete and 0 interrupted iterations
openloop_oscillating   [  47% ] 010/225 VUs  05m36.8s/12m0s  30.00 iters/s

running (05m37.8s), 015/225 VUs, 4099 complete and 0 interrupted iterations
openloop_oscillating   [  47% ] 015/225 VUs  05m37.8s/12m0s  30.00 iters/s

running (05m38.8s), 024/225 VUs, 4120 complete and 0 interrupted iterations
openloop_oscillating   [  47% ] 024/225 VUs  05m38.8s/12m0s  30.00 iters/s

running (05m39.8s), 019/225 VUs, 4155 complete and 0 interrupted iterations
openloop_oscillating   [  47% ] 019/225 VUs  05m39.8s/12m0s  30.00 iters/s

running (05m40.8s), 015/225 VUs, 4189 complete and 0 interrupted iterations
openloop_oscillating   [  47% ] 015/225 VUs  05m40.8s/12m0s  30.00 iters/s

running (05m41.8s), 010/225 VUs, 4224 complete and 0 interrupted iterations
openloop_oscillating   [  47% ] 010/225 VUs  05m41.8s/12m0s  30.00 iters/s

running (05m42.8s), 004/225 VUs, 4260 complete and 0 interrupted iterations
openloop_oscillating   [  48% ] 004/225 VUs  05m42.8s/12m0s  30.00 iters/s

running (05m43.8s), 004/225 VUs, 4290 complete and 0 interrupted iterations
openloop_oscillating   [  48% ] 004/225 VUs  05m43.8s/12m0s  30.00 iters/s

running (05m44.8s), 008/225 VUs, 4316 complete and 0 interrupted iterations
openloop_oscillating   [  48% ] 008/225 VUs  05m44.8s/12m0s  30.00 iters/s

running (05m45.8s), 006/225 VUs, 4348 complete and 0 interrupted iterations
openloop_oscillating   [  48% ] 006/225 VUs  05m45.8s/12m0s  30.00 iters/s

running (05m46.8s), 010/225 VUs, 4374 complete and 0 interrupted iterations
openloop_oscillating   [  48% ] 010/225 VUs  05m46.8s/12m0s  30.00 iters/s

running (05m47.8s), 012/225 VUs, 4402 complete and 0 interrupted iterations
openloop_oscillating   [  48% ] 012/225 VUs  05m47.8s/12m0s  30.00 iters/s

running (05m48.8s), 011/225 VUs, 4433 complete and 0 interrupted iterations
openloop_oscillating   [  48% ] 011/225 VUs  05m48.8s/12m0s  30.00 iters/s

running (05m49.8s), 005/225 VUs, 4469 complete and 0 interrupted iterations
openloop_oscillating   [  49% ] 005/225 VUs  05m49.8s/12m0s  30.00 iters/s

running (05m50.8s), 003/225 VUs, 4501 complete and 0 interrupted iterations
openloop_oscillating   [  49% ] 003/225 VUs  05m50.8s/12m0s  30.00 iters/s

running (05m51.8s), 006/225 VUs, 4528 complete and 0 interrupted iterations
openloop_oscillating   [  49% ] 006/225 VUs  05m51.8s/12m0s  30.00 iters/s

running (05m52.8s), 011/225 VUs, 4553 complete and 0 interrupted iterations
openloop_oscillating   [  49% ] 011/225 VUs  05m52.8s/12m0s  30.00 iters/s

running (05m53.8s), 012/225 VUs, 4582 complete and 0 interrupted iterations
openloop_oscillating   [  49% ] 012/225 VUs  05m53.8s/12m0s  30.00 iters/s

running (05m54.8s), 021/225 VUs, 4603 complete and 0 interrupted iterations
openloop_oscillating   [  49% ] 021/225 VUs  05m54.8s/12m0s  30.00 iters/s

running (05m55.8s), 024/225 VUs, 4630 complete and 0 interrupted iterations
openloop_oscillating   [  49% ] 024/225 VUs  05m55.8s/12m0s  30.00 iters/s

running (05m56.8s), 017/225 VUs, 4667 complete and 0 interrupted iterations
openloop_oscillating   [  50% ] 017/225 VUs  05m56.8s/12m0s  30.00 iters/s

running (05m57.8s), 012/225 VUs, 4702 complete and 0 interrupted iterations
openloop_oscillating   [  50% ] 012/225 VUs  05m57.8s/12m0s  30.00 iters/s

running (05m58.8s), 013/225 VUs, 4731 complete and 0 interrupted iterations
openloop_oscillating   [  50% ] 013/225 VUs  05m58.8s/12m0s  30.00 iters/s
time="2026-10-07T16:23:47Z" level=warning msg="Request Failed" error="Post \"http://auth-service.ecommerce.svc.cluster.local:8001/auth/login\": request timeout"
time="2026-10-07T16:23:47Z" level=warning msg="Request Failed" error="Post \"http://auth-service.ecommerce.svc.cluster.local:8001/auth/login\": request timeout"
time="2026-10-07T16:23:47Z" level=warning msg="Request Failed" error="Post \"http://auth-service.ecommerce.svc.cluster.local:8001/auth/login\": request timeout"

running (05m59.8s), 014/225 VUs, 4760 complete and 0 interrupted iterations
openloop_oscillating   [  50% ] 014/225 VUs  05m59.8s/12m0s  30.00 iters/s
time="2026-10-07T16:23:48Z" level=warning msg="Request Failed" error="Post \"http://auth-service.ecommerce.svc.cluster.local:8001/auth/login\": request timeout"

running (06m00.8s), 013/225 VUs, 4791 complete and 0 interrupted iterations
openloop_oscillating   [  50% ] 013/225 VUs  06m00.8s/12m0s  30.00 iters/s
time="2026-10-07T16:23:49Z" level=warning msg="Request Failed" error="Post \"http://auth-service.ecommerce.svc.cluster.local:8001/auth/login\": request timeout"
time="2026-10-07T16:23:49Z" level=warning msg="Request Failed" error="Post \"http://auth-service.ecommerce.svc.cluster.local:8001/auth/login\": request timeout"

running (06m01.8s), 006/225 VUs, 4828 complete and 0 interrupted iterations
openloop_oscillating   [  50% ] 006/225 VUs  06m01.8s/12m0s  30.00 iters/s

running (06m02.8s), 010/225 VUs, 4854 complete and 0 interrupted iterations
openloop_oscillating   [  50% ] 010/225 VUs  06m02.8s/12m0s  30.00 iters/s

running (06m03.8s), 008/225 VUs, 4886 complete and 0 interrupted iterations
openloop_oscillating   [  51% ] 008/225 VUs  06m03.8s/12m0s  30.00 iters/s

running (06m04.8s), 011/225 VUs, 4913 complete and 0 interrupted iterations
openloop_oscillating   [  51% ] 011/225 VUs  06m04.8s/12m0s  30.00 iters/s

running (06m05.8s), 017/225 VUs, 4937 complete and 0 interrupted iterations
openloop_oscillating   [  51% ] 017/225 VUs  06m05.8s/12m0s  30.00 iters/s

running (06m06.8s), 016/225 VUs, 4968 complete and 0 interrupted iterations
openloop_oscillating   [  51% ] 016/225 VUs  06m06.8s/12m0s  30.00 iters/s

running (06m07.8s), 011/225 VUs, 5003 complete and 0 interrupted iterations
openloop_oscillating   [  51% ] 011/225 VUs  06m07.8s/12m0s  30.00 iters/s

running (06m08.8s), 006/225 VUs, 5038 complete and 0 interrupted iterations
openloop_oscillating   [  51% ] 006/225 VUs  06m08.8s/12m0s  30.00 iters/s
time="2026-10-07T16:23:58Z" level=warning msg="Request Failed" error="Post \"http://auth-service.ecommerce.svc.cluster.local:8001/auth/login\": request timeout"

running (06m09.8s), 013/225 VUs, 5061 complete and 0 interrupted iterations
openloop_oscillating   [  51% ] 013/225 VUs  06m09.8s/12m0s  30.00 iters/s

running (06m10.8s), 002/225 VUs, 5102 complete and 0 interrupted iterations
openloop_oscillating   [  52% ] 002/225 VUs  06m10.8s/12m0s  30.00 iters/s

running (06m11.8s), 002/225 VUs, 5132 complete and 0 interrupted iterations
openloop_oscillating   [  52% ] 002/225 VUs  06m11.8s/12m0s  30.00 iters/s

running (06m12.8s), 001/225 VUs, 5163 complete and 0 interrupted iterations
openloop_oscillating   [  52% ] 001/225 VUs  06m12.8s/12m0s  30.00 iters/s

running (06m13.8s), 000/225 VUs, 5194 complete and 0 interrupted iterations
openloop_oscillating   [  52% ] 000/225 VUs  06m13.8s/12m0s  30.00 iters/s

running (06m14.8s), 003/225 VUs, 5221 complete and 0 interrupted iterations
openloop_oscillating   [  52% ] 003/225 VUs  06m14.8s/12m0s  30.00 iters/s

running (06m15.8s), 001/225 VUs, 5253 complete and 0 interrupted iterations
openloop_oscillating   [  52% ] 001/225 VUs  06m15.8s/12m0s  30.00 iters/s

running (06m16.8s), 009/225 VUs, 5275 complete and 0 interrupted iterations
openloop_oscillating   [  52% ] 009/225 VUs  06m16.8s/12m0s  30.00 iters/s

running (06m17.8s), 006/225 VUs, 5308 complete and 0 interrupted iterations
openloop_oscillating   [  52% ] 006/225 VUs  06m17.8s/12m0s  30.00 iters/s

running (06m18.8s), 005/225 VUs, 5339 complete and 0 interrupted iterations
openloop_oscillating   [  53% ] 005/225 VUs  06m18.8s/12m0s  30.00 iters/s

running (06m19.8s), 002/225 VUs, 5372 complete and 0 interrupted iterations
openloop_oscillating   [  53% ] 002/225 VUs  06m19.8s/12m0s  30.00 iters/s

running (06m20.8s), 001/225 VUs, 5403 complete and 0 interrupted iterations
openloop_oscillating   [  53% ] 001/225 VUs  06m20.8s/12m0s  30.00 iters/s

running (06m21.8s), 008/225 VUs, 5426 complete and 0 interrupted iterations
openloop_oscillating   [  53% ] 008/225 VUs  06m21.8s/12m0s  30.00 iters/s

running (06m22.8s), 003/225 VUs, 5461 complete and 0 interrupted iterations
openloop_oscillating   [  53% ] 003/225 VUs  06m22.8s/12m0s  30.00 iters/s

running (06m23.8s), 005/225 VUs, 5489 complete and 0 interrupted iterations
openloop_oscillating   [  53% ] 005/225 VUs  06m23.8s/12m0s  30.00 iters/s

running (06m24.8s), 006/225 VUs, 5518 complete and 0 interrupted iterations
openloop_oscillating   [  53% ] 006/225 VUs  06m24.8s/12m0s  30.00 iters/s

running (06m25.8s), 001/225 VUs, 5553 complete and 0 interrupted iterations
openloop_oscillating   [  54% ] 001/225 VUs  06m25.8s/12m0s  30.00 iters/s

running (06m26.8s), 003/225 VUs, 5581 complete and 0 interrupted iterations
openloop_oscillating   [  54% ] 003/225 VUs  06m26.8s/12m0s  30.00 iters/s

running (06m27.8s), 005/225 VUs, 5609 complete and 0 interrupted iterations
openloop_oscillating   [  54% ] 005/225 VUs  06m27.8s/12m0s  30.00 iters/s

running (06m28.8s), 005/225 VUs, 5639 complete and 0 interrupted iterations
openloop_oscillating   [  54% ] 005/225 VUs  06m28.8s/12m0s  30.00 iters/s

running (06m29.8s), 002/225 VUs, 5672 complete and 0 interrupted iterations
openloop_oscillating   [  54% ] 002/225 VUs  06m29.8s/12m0s  30.00 iters/s

running (06m30.8s), 004/225 VUs, 5699 complete and 0 interrupted iterations
openloop_oscillating   [  54% ] 004/225 VUs  06m30.8s/12m0s  27.72 iters/s

running (06m31.8s), 004/225 VUs, 5725 complete and 0 interrupted iterations
openloop_oscillating   [  54% ] 004/225 VUs  06m31.8s/12m0s  24.96 iters/s

running (06m32.8s), 007/225 VUs, 5746 complete and 0 interrupted iterations
openloop_oscillating   [  55% ] 007/225 VUs  06m32.8s/12m0s  22.10 iters/s

running (06m33.8s), 004/225 VUs, 5770 complete and 0 interrupted iterations
openloop_oscillating   [  55% ] 004/225 VUs  06m33.8s/12m0s  19.26 iters/s

running (06m34.8s), 001/225 VUs, 5791 complete and 0 interrupted iterations
openloop_oscillating   [  55% ] 001/225 VUs  06m34.8s/12m0s  16.43 iters/s

running (06m35.8s), 001/225 VUs, 5806 complete and 0 interrupted iterations
openloop_oscillating   [  55% ] 001/225 VUs  06m35.8s/12m0s  13.64 iters/s

running (06m36.8s), 001/225 VUs, 5818 complete and 0 interrupted iterations
openloop_oscillating   [  55% ] 001/225 VUs  06m36.8s/12m0s  10.90 iters/s

running (06m37.8s), 000/225 VUs, 5828 complete and 0 interrupted iterations
openloop_oscillating   [  55% ] 000/225 VUs  06m37.8s/12m0s  08.27 iters/s

running (06m38.8s), 000/225 VUs, 5835 complete and 0 interrupted iterations
openloop_oscillating   [  55% ] 000/225 VUs  06m38.8s/12m0s  05.40 iters/s

running (06m39.8s), 000/225 VUs, 5839 complete and 0 interrupted iterations
openloop_oscillating   [  56% ] 000/225 VUs  06m39.8s/12m0s  02.55 iters/s

running (06m40.8s), 000/225 VUs, 5841 complete and 0 interrupted iterations
openloop_oscillating   [  56% ] 000/225 VUs  06m40.8s/12m0s  02.00 iters/s

running (06m41.8s), 000/225 VUs, 5843 complete and 0 interrupted iterations
openloop_oscillating   [  56% ] 000/225 VUs  06m41.8s/12m0s  02.00 iters/s

running (06m42.8s), 000/225 VUs, 5845 complete and 0 interrupted iterations
openloop_oscillating   [  56% ] 000/225 VUs  06m42.8s/12m0s  02.00 iters/s

running (06m43.8s), 000/225 VUs, 5847 complete and 0 interrupted iterations
openloop_oscillating   [  56% ] 000/225 VUs  06m43.8s/12m0s  02.00 iters/s

running (06m44.8s), 001/225 VUs, 5848 complete and 0 interrupted iterations
openloop_oscillating   [  56% ] 001/225 VUs  06m44.8s/12m0s  02.00 iters/s

running (06m45.8s), 000/225 VUs, 5851 complete and 0 interrupted iterations
openloop_oscillating   [  56% ] 000/225 VUs  06m45.8s/12m0s  02.00 iters/s

running (06m46.8s), 000/225 VUs, 5853 complete and 0 interrupted iterations
openloop_oscillating   [  57% ] 000/225 VUs  06m46.8s/12m0s  02.00 iters/s

running (06m47.8s), 000/225 VUs, 5855 complete and 0 interrupted iterations
openloop_oscillating   [  57% ] 000/225 VUs  06m47.8s/12m0s  02.00 iters/s

running (06m48.8s), 000/225 VUs, 5857 complete and 0 interrupted iterations
openloop_oscillating   [  57% ] 000/225 VUs  06m48.8s/12m0s  02.00 iters/s

running (06m49.8s), 000/225 VUs, 5859 complete and 0 interrupted iterations
openloop_oscillating   [  57% ] 000/225 VUs  06m49.8s/12m0s  02.00 iters/s

running (06m50.8s), 000/225 VUs, 5861 complete and 0 interrupted iterations
openloop_oscillating   [  57% ] 000/225 VUs  06m50.8s/12m0s  02.00 iters/s

running (06m51.8s), 000/225 VUs, 5863 complete and 0 interrupted iterations
openloop_oscillating   [  57% ] 000/225 VUs  06m51.8s/12m0s  02.00 iters/s

running (06m52.8s), 000/225 VUs, 5865 complete and 0 interrupted iterations
openloop_oscillating   [  57% ] 000/225 VUs  06m52.8s/12m0s  02.00 iters/s

running (06m53.8s), 000/225 VUs, 5867 complete and 0 interrupted iterations
openloop_oscillating   [  57% ] 000/225 VUs  06m53.8s/12m0s  02.00 iters/s

running (06m54.8s), 000/225 VUs, 5869 complete and 0 interrupted iterations
openloop_oscillating   [  58% ] 000/225 VUs  06m54.8s/12m0s  02.00 iters/s

running (06m55.8s), 000/225 VUs, 5871 complete and 0 interrupted iterations
openloop_oscillating   [  58% ] 000/225 VUs  06m55.8s/12m0s  02.00 iters/s

running (06m56.8s), 000/225 VUs, 5873 complete and 0 interrupted iterations
openloop_oscillating   [  58% ] 000/225 VUs  06m56.8s/12m0s  02.00 iters/s

running (06m57.8s), 000/225 VUs, 5875 complete and 0 interrupted iterations
openloop_oscillating   [  58% ] 000/225 VUs  06m57.8s/12m0s  02.00 iters/s

running (06m58.8s), 000/225 VUs, 5877 complete and 0 interrupted iterations
openloop_oscillating   [  58% ] 000/225 VUs  06m58.8s/12m0s  02.00 iters/s

running (06m59.8s), 001/225 VUs, 5878 complete and 0 interrupted iterations
openloop_oscillating   [  58% ] 001/225 VUs  06m59.8s/12m0s  02.00 iters/s

running (07m00.8s), 001/225 VUs, 5880 complete and 0 interrupted iterations
openloop_oscillating   [  58% ] 001/225 VUs  07m00.8s/12m0s  02.00 iters/s

running (07m01.8s), 000/225 VUs, 5883 complete and 0 interrupted iterations
openloop_oscillating   [  59% ] 000/225 VUs  07m01.8s/12m0s  02.00 iters/s

running (07m02.8s), 000/225 VUs, 5885 complete and 0 interrupted iterations
openloop_oscillating   [  59% ] 000/225 VUs  07m02.8s/12m0s  02.00 iters/s

running (07m03.8s), 001/225 VUs, 5886 complete and 0 interrupted iterations
openloop_oscillating   [  59% ] 001/225 VUs  07m03.8s/12m0s  02.00 iters/s

running (07m04.8s), 000/225 VUs, 5889 complete and 0 interrupted iterations
openloop_oscillating   [  59% ] 000/225 VUs  07m04.8s/12m0s  02.00 iters/s

running (07m05.8s), 000/225 VUs, 5891 complete and 0 interrupted iterations
openloop_oscillating   [  59% ] 000/225 VUs  07m05.8s/12m0s  02.00 iters/s

running (07m06.8s), 000/225 VUs, 5893 complete and 0 interrupted iterations
openloop_oscillating   [  59% ] 000/225 VUs  07m06.8s/12m0s  02.00 iters/s

running (07m07.8s), 000/225 VUs, 5895 complete and 0 interrupted iterations
openloop_oscillating   [  59% ] 000/225 VUs  07m07.8s/12m0s  02.00 iters/s

running (07m08.8s), 000/225 VUs, 5897 complete and 0 interrupted iterations
openloop_oscillating   [  60% ] 000/225 VUs  07m08.8s/12m0s  02.00 iters/s

running (07m09.8s), 000/225 VUs, 5899 complete and 0 interrupted iterations
openloop_oscillating   [  60% ] 000/225 VUs  07m09.8s/12m0s  02.00 iters/s

running (07m10.8s), 000/225 VUs, 5901 complete and 0 interrupted iterations
openloop_oscillating   [  60% ] 000/225 VUs  07m10.8s/12m0s  02.00 iters/s

running (07m11.8s), 000/225 VUs, 5903 complete and 0 interrupted iterations
openloop_oscillating   [  60% ] 000/225 VUs  07m11.8s/12m0s  02.00 iters/s

running (07m12.8s), 000/225 VUs, 5905 complete and 0 interrupted iterations
openloop_oscillating   [  60% ] 000/225 VUs  07m12.8s/12m0s  02.00 iters/s

running (07m13.8s), 000/225 VUs, 5907 complete and 0 interrupted iterations
openloop_oscillating   [  60% ] 000/225 VUs  07m13.8s/12m0s  02.00 iters/s

running (07m14.8s), 000/225 VUs, 5909 complete and 0 interrupted iterations
openloop_oscillating   [  60% ] 000/225 VUs  07m14.8s/12m0s  02.00 iters/s

running (07m15.8s), 000/225 VUs, 5911 complete and 0 interrupted iterations
openloop_oscillating   [  61% ] 000/225 VUs  07m15.8s/12m0s  02.00 iters/s

running (07m16.8s), 000/225 VUs, 5913 complete and 0 interrupted iterations
openloop_oscillating   [  61% ] 000/225 VUs  07m16.8s/12m0s  02.00 iters/s

running (07m17.8s), 000/225 VUs, 5915 complete and 0 interrupted iterations
openloop_oscillating   [  61% ] 000/225 VUs  07m17.8s/12m0s  02.00 iters/s

running (07m18.8s), 000/225 VUs, 5917 complete and 0 interrupted iterations
openloop_oscillating   [  61% ] 000/225 VUs  07m18.8s/12m0s  02.00 iters/s

running (07m19.8s), 000/225 VUs, 5919 complete and 0 interrupted iterations
openloop_oscillating   [  61% ] 000/225 VUs  07m19.8s/12m0s  02.00 iters/s

running (07m20.8s), 000/225 VUs, 5921 complete and 0 interrupted iterations
openloop_oscillating   [  61% ] 000/225 VUs  07m20.8s/12m0s  02.00 iters/s

running (07m21.8s), 000/225 VUs, 5923 complete and 0 interrupted iterations
openloop_oscillating   [  61% ] 000/225 VUs  07m21.8s/12m0s  02.00 iters/s

running (07m22.8s), 000/225 VUs, 5925 complete and 0 interrupted iterations
openloop_oscillating   [  62% ] 000/225 VUs  07m22.8s/12m0s  02.00 iters/s

running (07m23.8s), 000/225 VUs, 5927 complete and 0 interrupted iterations
openloop_oscillating   [  62% ] 000/225 VUs  07m23.8s/12m0s  02.00 iters/s

running (07m24.8s), 000/225 VUs, 5929 complete and 0 interrupted iterations
openloop_oscillating   [  62% ] 000/225 VUs  07m24.8s/12m0s  02.00 iters/s

running (07m25.8s), 000/225 VUs, 5931 complete and 0 interrupted iterations
openloop_oscillating   [  62% ] 000/225 VUs  07m25.8s/12m0s  02.00 iters/s

running (07m26.8s), 000/225 VUs, 5933 complete and 0 interrupted iterations
openloop_oscillating   [  62% ] 000/225 VUs  07m26.8s/12m0s  02.00 iters/s

running (07m27.8s), 001/225 VUs, 5934 complete and 0 interrupted iterations
openloop_oscillating   [  62% ] 001/225 VUs  07m27.8s/12m0s  02.00 iters/s

running (07m28.8s), 000/225 VUs, 5937 complete and 0 interrupted iterations
openloop_oscillating   [  62% ] 000/225 VUs  07m28.8s/12m0s  02.00 iters/s

running (07m29.8s), 000/225 VUs, 5939 complete and 0 interrupted iterations
openloop_oscillating   [  62% ] 000/225 VUs  07m29.8s/12m0s  02.00 iters/s

running (07m30.8s), 000/225 VUs, 5941 complete and 0 interrupted iterations
openloop_oscillating   [  63% ] 000/225 VUs  07m30.8s/12m0s  02.00 iters/s

running (07m31.8s), 000/225 VUs, 5943 complete and 0 interrupted iterations
openloop_oscillating   [  63% ] 000/225 VUs  07m31.8s/12m0s  02.00 iters/s

running (07m32.8s), 001/225 VUs, 5944 complete and 0 interrupted iterations
openloop_oscillating   [  63% ] 001/225 VUs  07m32.8s/12m0s  02.00 iters/s

running (07m33.8s), 000/225 VUs, 5947 complete and 0 interrupted iterations
openloop_oscillating   [  63% ] 000/225 VUs  07m33.8s/12m0s  02.00 iters/s

running (07m34.8s), 000/225 VUs, 5949 complete and 0 interrupted iterations
openloop_oscillating   [  63% ] 000/225 VUs  07m34.8s/12m0s  02.00 iters/s

running (07m35.8s), 000/225 VUs, 5951 complete and 0 interrupted iterations
openloop_oscillating   [  63% ] 000/225 VUs  07m35.8s/12m0s  02.00 iters/s

running (07m36.8s), 001/225 VUs, 5952 complete and 0 interrupted iterations
openloop_oscillating   [  63% ] 001/225 VUs  07m36.8s/12m0s  02.00 iters/s

running (07m37.8s), 000/225 VUs, 5955 complete and 0 interrupted iterations
openloop_oscillating   [  64% ] 000/225 VUs  07m37.8s/12m0s  02.00 iters/s

running (07m38.8s), 000/225 VUs, 5957 complete and 0 interrupted iterations
openloop_oscillating   [  64% ] 000/225 VUs  07m38.8s/12m0s  02.00 iters/s

running (07m39.8s), 000/225 VUs, 5959 complete and 0 interrupted iterations
openloop_oscillating   [  64% ] 000/225 VUs  07m39.8s/12m0s  02.00 iters/s

running (07m40.8s), 001/225 VUs, 5960 complete and 0 interrupted iterations
openloop_oscillating   [  64% ] 001/225 VUs  07m40.8s/12m0s  02.00 iters/s

running (07m41.8s), 000/225 VUs, 5963 complete and 0 interrupted iterations
openloop_oscillating   [  64% ] 000/225 VUs  07m41.8s/12m0s  02.00 iters/s

running (07m42.8s), 001/225 VUs, 5964 complete and 0 interrupted iterations
openloop_oscillating   [  64% ] 001/225 VUs  07m42.8s/12m0s  02.00 iters/s

running (07m43.8s), 000/225 VUs, 5967 complete and 0 interrupted iterations
openloop_oscillating   [  64% ] 000/225 VUs  07m43.8s/12m0s  02.00 iters/s

running (07m44.8s), 000/225 VUs, 5969 complete and 0 interrupted iterations
openloop_oscillating   [  65% ] 000/225 VUs  07m44.8s/12m0s  02.00 iters/s

running (07m45.8s), 000/225 VUs, 5971 complete and 0 interrupted iterations
openloop_oscillating   [  65% ] 000/225 VUs  07m45.8s/12m0s  02.00 iters/s

running (07m46.8s), 001/225 VUs, 5972 complete and 0 interrupted iterations
openloop_oscillating   [  65% ] 001/225 VUs  07m46.8s/12m0s  02.00 iters/s

running (07m47.8s), 001/225 VUs, 5974 complete and 0 interrupted iterations
openloop_oscillating   [  65% ] 001/225 VUs  07m47.8s/12m0s  02.00 iters/s

running (07m48.8s), 000/225 VUs, 5977 complete and 0 interrupted iterations
openloop_oscillating   [  65% ] 000/225 VUs  07m48.8s/12m0s  02.00 iters/s

running (07m49.8s), 000/225 VUs, 5979 complete and 0 interrupted iterations
openloop_oscillating   [  65% ] 000/225 VUs  07m49.8s/12m0s  02.00 iters/s

running (07m50.8s), 001/225 VUs, 5980 complete and 0 interrupted iterations
openloop_oscillating   [  65% ] 001/225 VUs  07m50.8s/12m0s  02.00 iters/s

running (07m51.8s), 000/225 VUs, 5983 complete and 0 interrupted iterations
openloop_oscillating   [  66% ] 000/225 VUs  07m51.8s/12m0s  02.00 iters/s

running (07m52.8s), 001/225 VUs, 5984 complete and 0 interrupted iterations
openloop_oscillating   [  66% ] 001/225 VUs  07m52.8s/12m0s  02.00 iters/s

running (07m53.8s), 000/225 VUs, 5987 complete and 0 interrupted iterations
openloop_oscillating   [  66% ] 000/225 VUs  07m53.8s/12m0s  02.00 iters/s

running (07m54.8s), 000/225 VUs, 5989 complete and 0 interrupted iterations
openloop_oscillating   [  66% ] 000/225 VUs  07m54.8s/12m0s  02.00 iters/s

running (07m55.8s), 000/225 VUs, 5991 complete and 0 interrupted iterations
openloop_oscillating   [  66% ] 000/225 VUs  07m55.8s/12m0s  02.00 iters/s

running (07m56.8s), 000/225 VUs, 5993 complete and 0 interrupted iterations
openloop_oscillating   [  66% ] 000/225 VUs  07m56.8s/12m0s  02.00 iters/s

running (07m57.8s), 000/225 VUs, 5995 complete and 0 interrupted iterations
openloop_oscillating   [  66% ] 000/225 VUs  07m57.8s/12m0s  02.00 iters/s

running (07m58.8s), 000/225 VUs, 5997 complete and 0 interrupted iterations
openloop_oscillating   [  67% ] 000/225 VUs  07m58.8s/12m0s  02.00 iters/s

running (07m59.8s), 001/225 VUs, 5998 complete and 0 interrupted iterations
openloop_oscillating   [  67% ] 001/225 VUs  07m59.8s/12m0s  02.00 iters/s

running (08m00.8s), 000/225 VUs, 6002 complete and 0 interrupted iterations
openloop_oscillating   [  67% ] 000/225 VUs  08m00.8s/12m0s  04.23 iters/s

running (08m01.8s), 000/225 VUs, 6008 complete and 0 interrupted iterations
openloop_oscillating   [  67% ] 000/225 VUs  08m01.8s/12m0s  07.18 iters/s

running (08m02.8s), 000/225 VUs, 6016 complete and 0 interrupted iterations
openloop_oscillating   [  67% ] 000/225 VUs  08m02.8s/12m0s  09.82 iters/s

running (08m03.8s), 002/225 VUs, 6026 complete and 0 interrupted iterations
openloop_oscillating   [  67% ] 002/225 VUs  08m03.8s/12m0s  12.79 iters/s

running (08m04.8s), 001/225 VUs, 6041 complete and 0 interrupted iterations
openloop_oscillating   [  67% ] 001/225 VUs  08m04.8s/12m0s  15.56 iters/s

running (08m05.8s), 003/225 VUs, 6056 complete and 0 interrupted iterations
openloop_oscillating   [  67% ] 003/225 VUs  08m05.8s/12m0s  18.36 iters/s

running (08m06.8s), 000/225 VUs, 6078 complete and 0 interrupted iterations
openloop_oscillating   [  68% ] 000/225 VUs  08m06.8s/12m0s  21.06 iters/s

running (08m07.8s), 002/225 VUs, 6099 complete and 0 interrupted iterations
openloop_oscillating   [  68% ] 002/225 VUs  08m07.8s/12m0s  23.92 iters/s

running (08m08.8s), 003/225 VUs, 6123 complete and 0 interrupted iterations
openloop_oscillating   [  68% ] 003/225 VUs  08m08.8s/12m0s  26.69 iters/s

running (08m09.8s), 002/225 VUs, 6152 complete and 0 interrupted iterations
openloop_oscillating   [  68% ] 002/225 VUs  08m09.8s/12m0s  29.48 iters/s

running (08m10.8s), 007/225 VUs, 6177 complete and 0 interrupted iterations
openloop_oscillating   [  68% ] 007/225 VUs  08m10.8s/12m0s  30.00 iters/s

running (08m11.8s), 008/225 VUs, 6206 complete and 0 interrupted iterations
openloop_oscillating   [  68% ] 008/225 VUs  08m11.8s/12m0s  30.00 iters/s

running (08m12.8s), 007/225 VUs, 6237 complete and 0 interrupted iterations
openloop_oscillating   [  68% ] 007/225 VUs  08m12.8s/12m0s  30.00 iters/s

running (08m13.8s), 004/225 VUs, 6270 complete and 0 interrupted iterations
openloop_oscillating   [  69% ] 004/225 VUs  08m13.8s/12m0s  30.00 iters/s

running (08m14.8s), 002/225 VUs, 6302 complete and 0 interrupted iterations
openloop_oscillating   [  69% ] 002/225 VUs  08m14.8s/12m0s  30.00 iters/s

running (08m15.8s), 001/225 VUs, 6333 complete and 0 interrupted iterations
openloop_oscillating   [  69% ] 001/225 VUs  08m15.8s/12m0s  30.00 iters/s

running (08m16.8s), 002/225 VUs, 6362 complete and 0 interrupted iterations
openloop_oscillating   [  69% ] 002/225 VUs  08m16.8s/12m0s  30.00 iters/s

running (08m17.8s), 000/225 VUs, 6394 complete and 0 interrupted iterations
openloop_oscillating   [  69% ] 000/225 VUs  08m17.8s/12m0s  30.00 iters/s

running (08m18.8s), 003/225 VUs, 6421 complete and 0 interrupted iterations
openloop_oscillating   [  69% ] 003/225 VUs  08m18.8s/12m0s  30.00 iters/s

running (08m19.8s), 003/225 VUs, 6451 complete and 0 interrupted iterations
openloop_oscillating   [  69% ] 003/225 VUs  08m19.8s/12m0s  30.00 iters/s

running (08m20.8s), 003/225 VUs, 6481 complete and 0 interrupted iterations
openloop_oscillating   [  70% ] 003/225 VUs  08m20.8s/12m0s  30.00 iters/s

running (08m21.8s), 000/225 VUs, 6514 complete and 0 interrupted iterations
openloop_oscillating   [  70% ] 000/225 VUs  08m21.8s/12m0s  30.00 iters/s

running (08m22.8s), 004/225 VUs, 6540 complete and 0 interrupted iterations
openloop_oscillating   [  70% ] 004/225 VUs  08m22.8s/12m0s  30.00 iters/s

running (08m23.8s), 005/225 VUs, 6569 complete and 0 interrupted iterations
openloop_oscillating   [  70% ] 005/225 VUs  08m23.8s/12m0s  30.00 iters/s

running (08m24.8s), 006/225 VUs, 6598 complete and 0 interrupted iterations
openloop_oscillating   [  70% ] 006/225 VUs  08m24.8s/12m0s  30.00 iters/s

running (08m25.8s), 001/225 VUs, 6633 complete and 0 interrupted iterations
openloop_oscillating   [  70% ] 001/225 VUs  08m25.8s/12m0s  30.00 iters/s

running (08m26.8s), 003/225 VUs, 6661 complete and 0 interrupted iterations
openloop_oscillating   [  70% ] 003/225 VUs  08m26.8s/12m0s  30.00 iters/s

running (08m27.8s), 002/225 VUs, 6692 complete and 0 interrupted iterations
openloop_oscillating   [  71% ] 002/225 VUs  08m27.8s/12m0s  30.00 iters/s

running (08m28.8s), 004/225 VUs, 6720 complete and 0 interrupted iterations
openloop_oscillating   [  71% ] 004/225 VUs  08m28.8s/12m0s  30.00 iters/s

running (08m29.8s), 006/225 VUs, 6748 complete and 0 interrupted iterations
openloop_oscillating   [  71% ] 006/225 VUs  08m29.8s/12m0s  30.00 iters/s

running (08m30.8s), 003/225 VUs, 6781 complete and 0 interrupted iterations
openloop_oscillating   [  71% ] 003/225 VUs  08m30.8s/12m0s  30.00 iters/s

running (08m31.8s), 005/225 VUs, 6809 complete and 0 interrupted iterations
openloop_oscillating   [  71% ] 005/225 VUs  08m31.8s/12m0s  30.00 iters/s

running (08m32.8s), 004/225 VUs, 6840 complete and 0 interrupted iterations
openloop_oscillating   [  71% ] 004/225 VUs  08m32.8s/12m0s  30.00 iters/s

running (08m33.8s), 001/225 VUs, 6873 complete and 0 interrupted iterations
openloop_oscillating   [  71% ] 001/225 VUs  08m33.8s/12m0s  30.00 iters/s

running (08m34.8s), 001/225 VUs, 6903 complete and 0 interrupted iterations
openloop_oscillating   [  72% ] 001/225 VUs  08m34.8s/12m0s  30.00 iters/s

running (08m35.8s), 002/225 VUs, 6932 complete and 0 interrupted iterations
openloop_oscillating   [  72% ] 002/225 VUs  08m35.8s/12m0s  30.00 iters/s

running (08m36.8s), 001/225 VUs, 6963 complete and 0 interrupted iterations
openloop_oscillating   [  72% ] 001/225 VUs  08m36.8s/12m0s  30.00 iters/s

running (08m37.8s), 005/225 VUs, 6989 complete and 0 interrupted iterations
openloop_oscillating   [  72% ] 005/225 VUs  08m37.8s/12m0s  30.00 iters/s

running (08m38.8s), 004/225 VUs, 7020 complete and 0 interrupted iterations
openloop_oscillating   [  72% ] 004/225 VUs  08m38.8s/12m0s  30.00 iters/s

running (08m39.8s), 002/225 VUs, 7052 complete and 0 interrupted iterations
openloop_oscillating   [  72% ] 002/225 VUs  08m39.8s/12m0s  30.00 iters/s

running (08m40.8s), 000/225 VUs, 7084 complete and 0 interrupted iterations
openloop_oscillating   [  72% ] 000/225 VUs  08m40.8s/12m0s  30.00 iters/s

running (08m41.8s), 001/225 VUs, 7113 complete and 0 interrupted iterations
openloop_oscillating   [  72% ] 001/225 VUs  08m41.8s/12m0s  30.00 iters/s

running (08m42.8s), 004/225 VUs, 7140 complete and 0 interrupted iterations
openloop_oscillating   [  73% ] 004/225 VUs  08m42.8s/12m0s  30.00 iters/s

running (08m43.8s), 005/225 VUs, 7169 complete and 0 interrupted iterations
openloop_oscillating   [  73% ] 005/225 VUs  08m43.8s/12m0s  30.00 iters/s

running (08m44.8s), 007/225 VUs, 7197 complete and 0 interrupted iterations
openloop_oscillating   [  73% ] 007/225 VUs  08m44.8s/12m0s  30.00 iters/s

running (08m45.8s), 006/225 VUs, 7228 complete and 0 interrupted iterations
openloop_oscillating   [  73% ] 006/225 VUs  08m45.8s/12m0s  30.00 iters/s

running (08m46.8s), 002/225 VUs, 7262 complete and 0 interrupted iterations
openloop_oscillating   [  73% ] 002/225 VUs  08m46.8s/12m0s  30.00 iters/s

running (08m47.8s), 000/225 VUs, 7294 complete and 0 interrupted iterations
openloop_oscillating   [  73% ] 000/225 VUs  08m47.8s/12m0s  30.00 iters/s

running (08m48.8s), 003/225 VUs, 7321 complete and 0 interrupted iterations
openloop_oscillating   [  73% ] 003/225 VUs  08m48.8s/12m0s  30.00 iters/s

running (08m49.8s), 003/225 VUs, 7351 complete and 0 interrupted iterations
openloop_oscillating   [  74% ] 003/225 VUs  08m49.8s/12m0s  30.00 iters/s

running (08m50.8s), 002/225 VUs, 7382 complete and 0 interrupted iterations
openloop_oscillating   [  74% ] 002/225 VUs  08m50.8s/12m0s  30.00 iters/s

running (08m51.8s), 002/225 VUs, 7412 complete and 0 interrupted iterations
openloop_oscillating   [  74% ] 002/225 VUs  08m51.8s/12m0s  30.00 iters/s

running (08m52.8s), 001/225 VUs, 7443 complete and 0 interrupted iterations
openloop_oscillating   [  74% ] 001/225 VUs  08m52.8s/12m0s  30.00 iters/s

running (08m53.8s), 001/225 VUs, 7473 complete and 0 interrupted iterations
openloop_oscillating   [  74% ] 001/225 VUs  08m53.8s/12m0s  30.00 iters/s

running (08m54.8s), 003/225 VUs, 7501 complete and 0 interrupted iterations
openloop_oscillating   [  74% ] 003/225 VUs  08m54.8s/12m0s  30.00 iters/s

running (08m55.8s), 001/225 VUs, 7533 complete and 0 interrupted iterations
openloop_oscillating   [  74% ] 001/225 VUs  08m55.8s/12m0s  30.00 iters/s

running (08m56.8s), 002/225 VUs, 7562 complete and 0 interrupted iterations
openloop_oscillating   [  75% ] 002/225 VUs  08m56.8s/12m0s  30.00 iters/s

running (08m57.8s), 002/225 VUs, 7592 complete and 0 interrupted iterations
openloop_oscillating   [  75% ] 002/225 VUs  08m57.8s/12m0s  30.00 iters/s

running (08m58.8s), 005/225 VUs, 7619 complete and 0 interrupted iterations
openloop_oscillating   [  75% ] 005/225 VUs  08m58.8s/12m0s  30.00 iters/s

running (08m59.8s), 001/225 VUs, 7653 complete and 0 interrupted iterations
openloop_oscillating   [  75% ] 001/225 VUs  08m59.8s/12m0s  30.00 iters/s

running (09m00.8s), 000/225 VUs, 7684 complete and 0 interrupted iterations
openloop_oscillating   [  75% ] 000/225 VUs  09m00.8s/12m0s  29.86 iters/s

running (09m01.8s), 000/225 VUs, 7714 complete and 0 interrupted iterations
openloop_oscillating   [  75% ] 000/225 VUs  09m01.8s/12m0s  29.70 iters/s

running (09m02.8s), 000/225 VUs, 7743 complete and 0 interrupted iterations
openloop_oscillating   [  75% ] 000/225 VUs  09m02.8s/12m0s  29.53 iters/s

running (09m03.8s), 005/225 VUs, 7768 complete and 0 interrupted iterations
openloop_oscillating   [  76% ] 005/225 VUs  09m03.8s/12m0s  29.36 iters/s

running (09m04.8s), 007/225 VUs, 7795 complete and 0 interrupted iterations
openloop_oscillating   [  76% ] 007/225 VUs  09m04.8s/12m0s  29.20 iters/s

running (09m05.8s), 003/225 VUs, 7828 complete and 0 interrupted iterations
openloop_oscillating   [  76% ] 003/225 VUs  09m05.8s/12m0s  29.03 iters/s

running (09m06.8s), 002/225 VUs, 7858 complete and 0 interrupted iterations
openloop_oscillating   [  76% ] 002/225 VUs  09m06.8s/12m0s  28.86 iters/s

running (09m07.8s), 004/225 VUs, 7885 complete and 0 interrupted iterations
openloop_oscillating   [  76% ] 004/225 VUs  09m07.8s/12m0s  28.70 iters/s

running (09m08.8s), 002/225 VUs, 7916 complete and 0 interrupted iterations
openloop_oscillating   [  76% ] 002/225 VUs  09m08.8s/12m0s  28.53 iters/s

running (09m09.8s), 005/225 VUs, 7941 complete and 0 interrupted iterations
openloop_oscillating   [  76% ] 005/225 VUs  09m09.8s/12m0s  28.36 iters/s

running (09m10.8s), 007/225 VUs, 7967 complete and 0 interrupted iterations
openloop_oscillating   [  77% ] 007/225 VUs  09m10.8s/12m0s  28.20 iters/s

running (09m11.8s), 006/225 VUs, 7996 complete and 0 interrupted iterations
openloop_oscillating   [  77% ] 006/225 VUs  09m11.8s/12m0s  28.03 iters/s

running (09m12.8s), 003/225 VUs, 8027 complete and 0 interrupted iterations
openloop_oscillating   [  77% ] 003/225 VUs  09m12.8s/12m0s  27.87 iters/s

running (09m13.8s), 002/225 VUs, 8056 complete and 0 interrupted iterations
openloop_oscillating   [  77% ] 002/225 VUs  09m13.8s/12m0s  27.70 iters/s

running (09m14.8s), 004/225 VUs, 8082 complete and 0 interrupted iterations
openloop_oscillating   [  77% ] 004/225 VUs  09m14.8s/12m0s  27.53 iters/s

running (09m15.8s), 001/225 VUs, 8112 complete and 0 interrupted iterations
openloop_oscillating   [  77% ] 001/225 VUs  09m15.8s/12m0s  27.36 iters/s

running (09m16.8s), 000/225 VUs, 8140 complete and 0 interrupted iterations
openloop_oscillating   [  77% ] 000/225 VUs  09m16.8s/12m0s  27.20 iters/s

running (09m17.8s), 002/225 VUs, 8166 complete and 0 interrupted iterations
openloop_oscillating   [  77% ] 002/225 VUs  09m17.8s/12m0s  27.03 iters/s

running (09m18.8s), 005/225 VUs, 8189 complete and 0 interrupted iterations
openloop_oscillating   [  78% ] 005/225 VUs  09m18.8s/12m0s  26.87 iters/s

running (09m19.8s), 000/225 VUs, 8221 complete and 0 interrupted iterations
openloop_oscillating   [  78% ] 000/225 VUs  09m19.8s/12m0s  26.70 iters/s

running (09m20.8s), 002/225 VUs, 8246 complete and 0 interrupted iterations
openloop_oscillating   [  78% ] 002/225 VUs  09m20.8s/12m0s  26.53 iters/s

running (09m21.8s), 007/225 VUs, 8267 complete and 0 interrupted iterations
openloop_oscillating   [  78% ] 007/225 VUs  09m21.8s/12m0s  26.37 iters/s

running (09m22.8s), 003/225 VUs, 8298 complete and 0 interrupted iterations
openloop_oscillating   [  78% ] 003/225 VUs  09m22.8s/12m0s  26.19 iters/s

running (09m23.8s), 002/225 VUs, 8325 complete and 0 interrupted iterations
openloop_oscillating   [  78% ] 002/225 VUs  09m23.8s/12m0s  26.03 iters/s

running (09m24.8s), 000/225 VUs, 8353 complete and 0 interrupted iterations
openloop_oscillating   [  78% ] 000/225 VUs  09m24.8s/12m0s  25.86 iters/s

running (09m25.8s), 002/225 VUs, 8377 complete and 0 interrupted iterations
openloop_oscillating   [  79% ] 002/225 VUs  09m25.8s/12m0s  25.69 iters/s

running (09m26.8s), 001/225 VUs, 8403 complete and 0 interrupted iterations
openloop_oscillating   [  79% ] 001/225 VUs  09m26.8s/12m0s  25.53 iters/s

running (09m27.8s), 003/225 VUs, 8427 complete and 0 interrupted iterations
openloop_oscillating   [  79% ] 003/225 VUs  09m27.8s/12m0s  25.36 iters/s

running (09m28.8s), 001/225 VUs, 8454 complete and 0 interrupted iterations
openloop_oscillating   [  79% ] 001/225 VUs  09m28.8s/12m0s  25.20 iters/s

running (09m29.8s), 003/225 VUs, 8477 complete and 0 interrupted iterations
openloop_oscillating   [  79% ] 003/225 VUs  09m29.8s/12m0s  25.03 iters/s

running (09m30.8s), 005/225 VUs, 8500 complete and 0 interrupted iterations
openloop_oscillating   [  79% ] 005/225 VUs  09m30.8s/12m0s  24.86 iters/s

running (09m31.8s), 003/225 VUs, 8527 complete and 0 interrupted iterations
openloop_oscillating   [  79% ] 003/225 VUs  09m31.8s/12m0s  24.69 iters/s

running (09m32.8s), 002/225 VUs, 8552 complete and 0 interrupted iterations
openloop_oscillating   [  80% ] 002/225 VUs  09m32.8s/12m0s  24.53 iters/s

running (09m33.8s), 001/225 VUs, 8578 complete and 0 interrupted iterations
openloop_oscillating   [  80% ] 001/225 VUs  09m33.8s/12m0s  24.36 iters/s

running (09m34.8s), 000/225 VUs, 8603 complete and 0 interrupted iterations
openloop_oscillating   [  80% ] 000/225 VUs  09m34.8s/12m0s  24.20 iters/s

running (09m35.8s), 002/225 VUs, 8625 complete and 0 interrupted iterations
openloop_oscillating   [  80% ] 002/225 VUs  09m35.8s/12m0s  24.03 iters/s

running (09m36.8s), 002/225 VUs, 8649 complete and 0 interrupted iterations
openloop_oscillating   [  80% ] 002/225 VUs  09m36.8s/12m0s  23.86 iters/s

running (09m37.8s), 000/225 VUs, 8675 complete and 0 interrupted iterations
openloop_oscillating   [  80% ] 000/225 VUs  09m37.8s/12m0s  23.70 iters/s

running (09m38.8s), 001/225 VUs, 8697 complete and 0 interrupted iterations
openloop_oscillating   [  80% ] 001/225 VUs  09m38.8s/12m0s  23.53 iters/s

running (09m39.8s), 005/225 VUs, 8717 complete and 0 interrupted iterations
openloop_oscillating   [  81% ] 005/225 VUs  09m39.8s/12m0s  23.36 iters/s

running (09m40.8s), 005/225 VUs, 8740 complete and 0 interrupted iterations
openloop_oscillating   [  81% ] 005/225 VUs  09m40.8s/12m0s  23.20 iters/s

running (09m41.8s), 000/225 VUs, 8768 complete and 0 interrupted iterations
openloop_oscillating   [  81% ] 000/225 VUs  09m41.8s/12m0s  23.03 iters/s

running (09m42.8s), 001/225 VUs, 8790 complete and 0 interrupted iterations
openloop_oscillating   [  81% ] 001/225 VUs  09m42.8s/12m0s  22.87 iters/s

running (09m43.8s), 001/225 VUs, 8813 complete and 0 interrupted iterations
openloop_oscillating   [  81% ] 001/225 VUs  09m43.8s/12m0s  22.70 iters/s

running (09m44.8s), 005/225 VUs, 8832 complete and 0 interrupted iterations
openloop_oscillating   [  81% ] 005/225 VUs  09m44.8s/12m0s  22.53 iters/s

running (09m45.8s), 006/225 VUs, 8853 complete and 0 interrupted iterations
openloop_oscillating   [  81% ] 006/225 VUs  09m45.8s/12m0s  22.36 iters/s

running (09m46.8s), 003/225 VUs, 8878 complete and 0 interrupted iterations
openloop_oscillating   [  82% ] 003/225 VUs  09m46.8s/12m0s  22.20 iters/s

running (09m47.8s), 006/225 VUs, 8898 complete and 0 interrupted iterations
openloop_oscillating   [  82% ] 006/225 VUs  09m47.8s/12m0s  22.03 iters/s

running (09m48.8s), 001/225 VUs, 8924 complete and 0 interrupted iterations
openloop_oscillating   [  82% ] 001/225 VUs  09m48.8s/12m0s  21.87 iters/s

running (09m49.8s), 002/225 VUs, 8945 complete and 0 interrupted iterations
openloop_oscillating   [  82% ] 002/225 VUs  09m49.8s/12m0s  21.70 iters/s

running (09m50.8s), 004/225 VUs, 8965 complete and 0 interrupted iterations
openloop_oscillating   [  82% ] 004/225 VUs  09m50.8s/12m0s  21.53 iters/s

running (09m51.8s), 004/225 VUs, 8986 complete and 0 interrupted iterations
openloop_oscillating   [  82% ] 004/225 VUs  09m51.8s/12m0s  21.37 iters/s

running (09m52.8s), 001/225 VUs, 9011 complete and 0 interrupted iterations
openloop_oscillating   [  82% ] 001/225 VUs  09m52.8s/12m0s  21.19 iters/s

running (09m53.8s), 000/225 VUs, 9033 complete and 0 interrupted iterations
openloop_oscillating   [  82% ] 000/225 VUs  09m53.8s/12m0s  21.03 iters/s

running (09m54.8s), 002/225 VUs, 9052 complete and 0 interrupted iterations
openloop_oscillating   [  83% ] 002/225 VUs  09m54.8s/12m0s  20.86 iters/s

running (09m55.8s), 001/225 VUs, 9073 complete and 0 interrupted iterations
openloop_oscillating   [  83% ] 001/225 VUs  09m55.8s/12m0s  20.70 iters/s

running (09m56.8s), 001/225 VUs, 9094 complete and 0 interrupted iterations
openloop_oscillating   [  83% ] 001/225 VUs  09m56.8s/12m0s  20.53 iters/s

running (09m57.8s), 003/225 VUs, 9112 complete and 0 interrupted iterations
openloop_oscillating   [  83% ] 003/225 VUs  09m57.8s/12m0s  20.37 iters/s

running (09m58.8s), 002/225 VUs, 9134 complete and 0 interrupted iterations
openloop_oscillating   [  83% ] 002/225 VUs  09m58.8s/12m0s  20.19 iters/s

running (09m59.8s), 003/225 VUs, 9153 complete and 0 interrupted iterations
openloop_oscillating   [  83% ] 003/225 VUs  09m59.8s/12m0s  20.03 iters/s

running (10m00.8s), 002/225 VUs, 9174 complete and 0 interrupted iterations
openloop_oscillating   [  83% ] 002/225 VUs  10m00.8s/12m0s  19.86 iters/s

running (10m01.8s), 002/225 VUs, 9194 complete and 0 interrupted iterations
openloop_oscillating   [  84% ] 002/225 VUs  10m01.8s/12m0s  19.69 iters/s

running (10m02.8s), 000/225 VUs, 9215 complete and 0 interrupted iterations
openloop_oscillating   [  84% ] 000/225 VUs  10m02.8s/12m0s  19.53 iters/s

running (10m03.8s), 001/225 VUs, 9234 complete and 0 interrupted iterations
openloop_oscillating   [  84% ] 001/225 VUs  10m03.8s/12m0s  19.36 iters/s

running (10m04.8s), 002/225 VUs, 9252 complete and 0 interrupted iterations
openloop_oscillating   [  84% ] 002/225 VUs  10m04.8s/12m0s  19.20 iters/s

running (10m05.8s), 004/225 VUs, 9269 complete and 0 interrupted iterations
openloop_oscillating   [  84% ] 004/225 VUs  10m05.8s/12m0s  19.03 iters/s

running (10m06.8s), 002/225 VUs, 9290 complete and 0 interrupted iterations
openloop_oscillating   [  84% ] 002/225 VUs  10m06.8s/12m0s  18.86 iters/s

running (10m07.8s), 000/225 VUs, 9311 complete and 0 interrupted iterations
openloop_oscillating   [  84% ] 000/225 VUs  10m07.8s/12m0s  18.69 iters/s

running (10m08.8s), 001/225 VUs, 9328 complete and 0 interrupted iterations
openloop_oscillating   [  85% ] 001/225 VUs  10m08.8s/12m0s  18.53 iters/s

running (10m09.8s), 001/225 VUs, 9347 complete and 0 interrupted iterations
openloop_oscillating   [  85% ] 001/225 VUs  10m09.8s/12m0s  18.36 iters/s

running (10m10.8s), 000/225 VUs, 9366 complete and 0 interrupted iterations
openloop_oscillating   [  85% ] 000/225 VUs  10m10.8s/12m0s  18.20 iters/s

running (10m11.8s), 002/225 VUs, 9382 complete and 0 interrupted iterations
openloop_oscillating   [  85% ] 002/225 VUs  10m11.8s/12m0s  18.03 iters/s

running (10m12.8s), 002/225 VUs, 9400 complete and 0 interrupted iterations
openloop_oscillating   [  85% ] 002/225 VUs  10m12.8s/12m0s  17.87 iters/s

running (10m13.8s), 001/225 VUs, 9419 complete and 0 interrupted iterations
openloop_oscillating   [  85% ] 001/225 VUs  10m13.8s/12m0s  17.70 iters/s

running (10m14.8s), 002/225 VUs, 9436 complete and 0 interrupted iterations
openloop_oscillating   [  85% ] 002/225 VUs  10m14.8s/12m0s  17.53 iters/s

running (10m15.8s), 000/225 VUs, 9455 complete and 0 interrupted iterations
openloop_oscillating   [  86% ] 000/225 VUs  10m15.8s/12m0s  17.36 iters/s

running (10m16.8s), 001/225 VUs, 9471 complete and 0 interrupted iterations
openloop_oscillating   [  86% ] 001/225 VUs  10m16.8s/12m0s  17.20 iters/s

running (10m17.8s), 000/225 VUs, 9489 complete and 0 interrupted iterations
openloop_oscillating   [  86% ] 000/225 VUs  10m17.8s/12m0s  17.03 iters/s

running (10m18.8s), 000/225 VUs, 9506 complete and 0 interrupted iterations
openloop_oscillating   [  86% ] 000/225 VUs  10m18.8s/12m0s  16.87 iters/s

running (10m19.8s), 002/225 VUs, 9521 complete and 0 interrupted iterations
openloop_oscillating   [  86% ] 002/225 VUs  10m19.8s/12m0s  16.70 iters/s

running (10m20.8s), 002/225 VUs, 9538 complete and 0 interrupted iterations
openloop_oscillating   [  86% ] 002/225 VUs  10m20.8s/12m0s  16.53 iters/s

running (10m21.8s), 002/225 VUs, 9554 complete and 0 interrupted iterations
openloop_oscillating   [  86% ] 002/225 VUs  10m21.8s/12m0s  16.37 iters/s

running (10m22.8s), 002/225 VUs, 9570 complete and 0 interrupted iterations
openloop_oscillating   [  87% ] 002/225 VUs  10m22.8s/12m0s  16.20 iters/s

running (10m23.8s), 002/225 VUs, 9587 complete and 0 interrupted iterations
openloop_oscillating   [  87% ] 002/225 VUs  10m23.8s/12m0s  16.03 iters/s

running (10m24.8s), 003/225 VUs, 9602 complete and 0 interrupted iterations
openloop_oscillating   [  87% ] 003/225 VUs  10m24.8s/12m0s  15.86 iters/s

running (10m25.8s), 002/225 VUs, 9618 complete and 0 interrupted iterations
openloop_oscillating   [  87% ] 002/225 VUs  10m25.8s/12m0s  15.70 iters/s

running (10m26.8s), 000/225 VUs, 9636 complete and 0 interrupted iterations
openloop_oscillating   [  87% ] 000/225 VUs  10m26.8s/12m0s  15.53 iters/s

running (10m27.8s), 000/225 VUs, 9651 complete and 0 interrupted iterations
openloop_oscillating   [  87% ] 000/225 VUs  10m27.8s/12m0s  15.37 iters/s

running (10m28.8s), 003/225 VUs, 9664 complete and 0 interrupted iterations
openloop_oscillating   [  87% ] 003/225 VUs  10m28.8s/12m0s  15.19 iters/s

running (10m29.8s), 002/225 VUs, 9680 complete and 0 interrupted iterations
openloop_oscillating   [  87% ] 002/225 VUs  10m29.8s/12m0s  15.03 iters/s

running (10m30.8s), 003/225 VUs, 9694 complete and 0 interrupted iterations
openloop_oscillating   [  88% ] 003/225 VUs  10m30.8s/12m0s  14.86 iters/s

running (10m31.8s), 000/225 VUs, 9711 complete and 0 interrupted iterations
openloop_oscillating   [  88% ] 000/225 VUs  10m31.8s/12m0s  14.70 iters/s

running (10m32.8s), 001/225 VUs, 9725 complete and 0 interrupted iterations
openloop_oscillating   [  88% ] 001/225 VUs  10m32.8s/12m0s  14.53 iters/s

running (10m33.8s), 001/225 VUs, 9740 complete and 0 interrupted iterations
openloop_oscillating   [  88% ] 001/225 VUs  10m33.8s/12m0s  14.36 iters/s

running (10m34.8s), 000/225 VUs, 9755 complete and 0 interrupted iterations
openloop_oscillating   [  88% ] 000/225 VUs  10m34.8s/12m0s  14.20 iters/s

running (10m35.8s), 001/225 VUs, 9768 complete and 0 interrupted iterations
openloop_oscillating   [  88% ] 001/225 VUs  10m35.8s/12m0s  14.03 iters/s

running (10m36.8s), 000/225 VUs, 9783 complete and 0 interrupted iterations
openloop_oscillating   [  88% ] 000/225 VUs  10m36.8s/12m0s  13.86 iters/s

running (10m37.8s), 000/225 VUs, 9797 complete and 0 interrupted iterations
openloop_oscillating   [  89% ] 000/225 VUs  10m37.8s/12m0s  13.69 iters/s

running (10m38.8s), 000/225 VUs, 9810 complete and 0 interrupted iterations
openloop_oscillating   [  89% ] 000/225 VUs  10m38.8s/12m0s  13.53 iters/s

running (10m39.8s), 001/225 VUs, 9823 complete and 0 interrupted iterations
openloop_oscillating   [  89% ] 001/225 VUs  10m39.8s/12m0s  13.36 iters/s

running (10m40.8s), 001/225 VUs, 9836 complete and 0 interrupted iterations
openloop_oscillating   [  89% ] 001/225 VUs  10m40.8s/12m0s  13.20 iters/s

running (10m41.8s), 001/225 VUs, 9849 complete and 0 interrupted iterations
openloop_oscillating   [  89% ] 001/225 VUs  10m41.8s/12m0s  13.03 iters/s

running (10m42.8s), 002/225 VUs, 9861 complete and 0 interrupted iterations
openloop_oscillating   [  89% ] 002/225 VUs  10m42.8s/12m0s  12.86 iters/s

running (10m43.8s), 002/225 VUs, 9874 complete and 0 interrupted iterations
openloop_oscillating   [  89% ] 002/225 VUs  10m43.8s/12m0s  12.70 iters/s

running (10m44.8s), 000/225 VUs, 9888 complete and 0 interrupted iterations
openloop_oscillating   [  90% ] 000/225 VUs  10m44.8s/12m0s  12.54 iters/s

running (10m45.8s), 001/225 VUs, 9900 complete and 0 interrupted iterations
openloop_oscillating   [  90% ] 001/225 VUs  10m45.8s/12m0s  12.36 iters/s

running (10m46.8s), 000/225 VUs, 9913 complete and 0 interrupted iterations
openloop_oscillating   [  90% ] 000/225 VUs  10m46.8s/12m0s  12.20 iters/s

running (10m47.8s), 001/225 VUs, 9924 complete and 0 interrupted iterations
openloop_oscillating   [  90% ] 001/225 VUs  10m47.8s/12m0s  12.03 iters/s

running (10m48.8s), 000/225 VUs, 9937 complete and 0 interrupted iterations
openloop_oscillating   [  90% ] 000/225 VUs  10m48.8s/12m0s  11.87 iters/s

running (10m49.8s), 000/225 VUs, 9949 complete and 0 interrupted iterations
openloop_oscillating   [  90% ] 000/225 VUs  10m49.8s/12m0s  11.70 iters/s

running (10m50.8s), 002/225 VUs, 9959 complete and 0 interrupted iterations
openloop_oscillating   [  90% ] 002/225 VUs  10m50.8s/12m0s  11.53 iters/s

running (10m51.8s), 001/225 VUs, 9971 complete and 0 interrupted iterations
openloop_oscillating   [  91% ] 001/225 VUs  10m51.8s/12m0s  11.37 iters/s

running (10m52.8s), 000/225 VUs, 9983 complete and 0 interrupted iterations
openloop_oscillating   [  91% ] 000/225 VUs  10m52.8s/12m0s  11.20 iters/s

running (10m53.8s), 002/225 VUs, 9993 complete and 0 interrupted iterations
openloop_oscillating   [  91% ] 002/225 VUs  10m53.8s/12m0s  11.02 iters/s

running (10m54.8s), 000/225 VUs, 10005 complete and 0 interrupted iterations
openloop_oscillating   [  91% ] 000/225 VUs  10m54.8s/12m0s  10.87 iters/s

running (10m55.8s), 001/225 VUs, 10015 complete and 0 interrupted iterations
openloop_oscillating   [  91% ] 001/225 VUs  10m55.8s/12m0s  10.70 iters/s

running (10m56.8s), 000/225 VUs, 10027 complete and 0 interrupted iterations
openloop_oscillating   [  91% ] 000/225 VUs  10m56.8s/12m0s  10.53 iters/s

running (10m57.8s), 000/225 VUs, 10037 complete and 0 interrupted iterations
openloop_oscillating   [  91% ] 000/225 VUs  10m57.8s/12m0s  10.37 iters/s

running (10m58.8s), 001/225 VUs, 10047 complete and 0 interrupted iterations
openloop_oscillating   [  92% ] 001/225 VUs  10m58.8s/12m0s  10.19 iters/s

running (10m59.8s), 003/225 VUs, 10055 complete and 0 interrupted iterations
openloop_oscillating   [  92% ] 003/225 VUs  10m59.8s/12m0s  10.02 iters/s

running (11m00.8s), 000/225 VUs, 10068 complete and 0 interrupted iterations
openloop_oscillating   [  92% ] 000/225 VUs  11m00.8s/12m0s  09.86 iters/s

running (11m01.8s), 001/225 VUs, 10076 complete and 0 interrupted iterations
openloop_oscillating   [  92% ] 001/225 VUs  11m01.8s/12m0s  09.70 iters/s

running (11m02.8s), 000/225 VUs, 10087 complete and 0 interrupted iterations
openloop_oscillating   [  92% ] 000/225 VUs  11m02.8s/12m0s  09.53 iters/s

running (11m03.8s), 000/225 VUs, 10096 complete and 0 interrupted iterations
openloop_oscillating   [  92% ] 000/225 VUs  11m03.8s/12m0s  09.37 iters/s

running (11m04.8s), 000/225 VUs, 10106 complete and 0 interrupted iterations
openloop_oscillating   [  92% ] 000/225 VUs  11m04.8s/12m0s  09.19 iters/s

running (11m05.8s), 002/225 VUs, 10113 complete and 0 interrupted iterations
openloop_oscillating   [  92% ] 002/225 VUs  11m05.8s/12m0s  09.03 iters/s

running (11m06.8s), 001/225 VUs, 10123 complete and 0 interrupted iterations
openloop_oscillating   [  93% ] 001/225 VUs  11m06.8s/12m0s  08.86 iters/s

running (11m07.8s), 000/225 VUs, 10133 complete and 0 interrupted iterations
openloop_oscillating   [  93% ] 000/225 VUs  11m07.8s/12m0s  08.69 iters/s

running (11m08.8s), 000/225 VUs, 10141 complete and 0 interrupted iterations
openloop_oscillating   [  93% ] 000/225 VUs  11m08.8s/12m0s  08.53 iters/s

running (11m09.8s), 001/225 VUs, 10149 complete and 0 interrupted iterations
openloop_oscillating   [  93% ] 001/225 VUs  11m09.8s/12m0s  08.36 iters/s

running (11m10.8s), 001/225 VUs, 10157 complete and 0 interrupted iterations
openloop_oscillating   [  93% ] 001/225 VUs  11m10.8s/12m0s  08.20 iters/s

running (11m11.8s), 000/225 VUs, 10166 complete and 0 interrupted iterations
openloop_oscillating   [  93% ] 000/225 VUs  11m11.8s/12m0s  08.03 iters/s

running (11m12.8s), 000/225 VUs, 10174 complete and 0 interrupted iterations
openloop_oscillating   [  93% ] 000/225 VUs  11m12.8s/12m0s  07.86 iters/s

running (11m13.8s), 001/225 VUs, 10181 complete and 0 interrupted iterations
openloop_oscillating   [  94% ] 001/225 VUs  11m13.8s/12m0s  07.69 iters/s

running (11m14.8s), 000/225 VUs, 10189 complete and 0 interrupted iterations
openloop_oscillating   [  94% ] 000/225 VUs  11m14.8s/12m0s  07.54 iters/s

running (11m15.8s), 001/225 VUs, 10196 complete and 0 interrupted iterations
openloop_oscillating   [  94% ] 001/225 VUs  11m15.8s/12m0s  07.36 iters/s

running (11m16.8s), 000/225 VUs, 10204 complete and 0 interrupted iterations
openloop_oscillating   [  94% ] 000/225 VUs  11m16.8s/12m0s  07.20 iters/s

running (11m17.8s), 000/225 VUs, 10211 complete and 0 interrupted iterations
openloop_oscillating   [  94% ] 000/225 VUs  11m17.8s/12m0s  07.04 iters/s

running (11m18.8s), 000/225 VUs, 10218 complete and 0 interrupted iterations
openloop_oscillating   [  94% ] 000/225 VUs  11m18.8s/12m0s  06.87 iters/s

running (11m19.8s), 000/225 VUs, 10225 complete and 0 interrupted iterations
openloop_oscillating   [  94% ] 000/225 VUs  11m19.8s/12m0s  06.70 iters/s

running (11m20.8s), 001/225 VUs, 10231 complete and 0 interrupted iterations
openloop_oscillating   [  95% ] 001/225 VUs  11m20.8s/12m0s  06.52 iters/s

running (11m21.8s), 000/225 VUs, 10238 complete and 0 interrupted iterations
openloop_oscillating   [  95% ] 000/225 VUs  11m21.8s/12m0s  06.36 iters/s

running (11m22.8s), 000/225 VUs, 10244 complete and 0 interrupted iterations
openloop_oscillating   [  95% ] 000/225 VUs  11m22.8s/12m0s  06.20 iters/s

running (11m23.8s), 000/225 VUs, 10250 complete and 0 interrupted iterations
openloop_oscillating   [  95% ] 000/225 VUs  11m23.8s/12m0s  06.04 iters/s

running (11m24.8s), 001/225 VUs, 10255 complete and 0 interrupted iterations
openloop_oscillating   [  95% ] 001/225 VUs  11m24.8s/12m0s  05.87 iters/s

running (11m25.8s), 000/225 VUs, 10262 complete and 0 interrupted iterations
openloop_oscillating   [  95% ] 000/225 VUs  11m25.8s/12m0s  05.70 iters/s

running (11m26.8s), 001/225 VUs, 10267 complete and 0 interrupted iterations
openloop_oscillating   [  95% ] 001/225 VUs  11m26.8s/12m0s  05.52 iters/s

running (11m27.8s), 000/225 VUs, 10273 complete and 0 interrupted iterations
openloop_oscillating   [  96% ] 000/225 VUs  11m27.8s/12m0s  05.37 iters/s

running (11m28.8s), 001/225 VUs, 10277 complete and 0 interrupted iterations
openloop_oscillating   [  96% ] 001/225 VUs  11m28.8s/12m0s  05.21 iters/s

running (11m29.8s), 001/225 VUs, 10283 complete and 0 interrupted iterations
openloop_oscillating   [  96% ] 001/225 VUs  11m29.8s/12m0s  05.02 iters/s

running (11m30.8s), 000/225 VUs, 10289 complete and 0 interrupted iterations
openloop_oscillating   [  96% ] 000/225 VUs  11m30.8s/12m0s  04.85 iters/s

running (11m31.8s), 000/225 VUs, 10293 complete and 0 interrupted iterations
openloop_oscillating   [  96% ] 000/225 VUs  11m31.8s/12m0s  04.71 iters/s

running (11m32.8s), 000/225 VUs, 10298 complete and 0 interrupted iterations
openloop_oscillating   [  96% ] 000/225 VUs  11m32.8s/12m0s  04.53 iters/s

running (11m33.8s), 000/225 VUs, 10302 complete and 0 interrupted iterations
openloop_oscillating   [  96% ] 000/225 VUs  11m33.8s/12m0s  04.38 iters/s

running (11m34.8s), 000/225 VUs, 10307 complete and 0 interrupted iterations
openloop_oscillating   [  97% ] 000/225 VUs  11m34.8s/12m0s  04.18 iters/s

running (11m35.8s), 000/225 VUs, 10311 complete and 0 interrupted iterations
openloop_oscillating   [  97% ] 000/225 VUs  11m35.8s/12m0s  04.02 iters/s

running (11m36.8s), 000/225 VUs, 10315 complete and 0 interrupted iterations
openloop_oscillating   [  97% ] 000/225 VUs  11m36.8s/12m0s  03.85 iters/s

running (11m37.8s), 000/225 VUs, 10318 complete and 0 interrupted iterations
openloop_oscillating   [  97% ] 000/225 VUs  11m37.8s/12m0s  03.72 iters/s

running (11m38.8s), 000/225 VUs, 10322 complete and 0 interrupted iterations
openloop_oscillating   [  97% ] 000/225 VUs  11m38.8s/12m0s  03.54 iters/s

running (11m39.8s), 000/225 VUs, 10326 complete and 0 interrupted iterations
openloop_oscillating   [  97% ] 000/225 VUs  11m39.8s/12m0s  03.34 iters/s

running (11m40.8s), 000/225 VUs, 10329 complete and 0 interrupted iterations
openloop_oscillating   [  97% ] 000/225 VUs  11m40.8s/12m0s  03.19 iters/s

running (11m41.8s), 000/225 VUs, 10332 complete and 0 interrupted iterations
openloop_oscillating   [  97% ] 000/225 VUs  11m41.8s/12m0s  03.03 iters/s

running (11m42.8s), 000/225 VUs, 10335 complete and 0 interrupted iterations
openloop_oscillating   [  98% ] 000/225 VUs  11m42.8s/12m0s  02.86 iters/s

running (11m43.8s), 000/225 VUs, 10338 complete and 0 interrupted iterations
openloop_oscillating   [  98% ] 000/225 VUs  11m43.8s/12m0s  02.68 iters/s

running (11m44.8s), 000/225 VUs, 10340 complete and 0 interrupted iterations
openloop_oscillating   [  98% ] 000/225 VUs  11m44.8s/12m0s  02.55 iters/s

running (11m45.8s), 000/225 VUs, 10343 complete and 0 interrupted iterations
openloop_oscillating   [  98% ] 000/225 VUs  11m45.8s/12m0s  02.34 iters/s

running (11m46.8s), 000/225 VUs, 10345 complete and 0 interrupted iterations
openloop_oscillating   [  98% ] 000/225 VUs  11m46.8s/12m0s  02.20 iters/s

running (11m47.8s), 000/225 VUs, 10347 complete and 0 interrupted iterations
openloop_oscillating   [  98% ] 000/225 VUs  11m47.8s/12m0s  02.04 iters/s

running (11m48.8s), 000/225 VUs, 10349 complete and 0 interrupted iterations
openloop_oscillating   [  98% ] 000/225 VUs  11m48.8s/12m0s  01.87 iters/s

running (11m49.8s), 000/225 VUs, 10351 complete and 0 interrupted iterations
openloop_oscillating   [  99% ] 000/225 VUs  11m49.8s/12m0s  01.68 iters/s

running (11m50.8s), 000/225 VUs, 10352 complete and 0 interrupted iterations
openloop_oscillating   [  99% ] 000/225 VUs  11m50.8s/12m0s  01.58 iters/s

running (11m51.8s), 001/225 VUs, 10353 complete and 0 interrupted iterations
openloop_oscillating   [  99% ] 001/225 VUs  11m51.8s/12m0s  01.35 iters/s

running (11m52.8s), 000/225 VUs, 10355 complete and 0 interrupted iterations
openloop_oscillating   [  99% ] 000/225 VUs  11m52.8s/12m0s  01.22 iters/s

running (11m53.8s), 000/225 VUs, 10356 complete and 0 interrupted iterations
openloop_oscillating   [  99% ] 000/225 VUs  11m53.8s/12m0s  01.08 iters/s

running (11m54.8s), 000/225 VUs, 10357 complete and 0 interrupted iterations
openloop_oscillating   [  99% ] 000/225 VUs  11m54.8s/12m0s  00.91 iters/s

running (11m55.8s), 000/225 VUs, 10358 complete and 0 interrupted iterations
openloop_oscillating   [  99% ] 000/225 VUs  11m55.8s/12m0s  00.70 iters/s

running (11m56.8s), 001/225 VUs, 10358 complete and 0 interrupted iterations
openloop_oscillating   [ 100% ] 001/225 VUs  11m56.8s/12m0s  00.29 iters/s

running (11m57.8s), 000/225 VUs, 10359 complete and 0 interrupted iterations
openloop_oscillating   [ 100% ] 000/225 VUs  11m57.8s/12m0s  00.29 iters/s

running (11m58.8s), 000/225 VUs, 10359 complete and 0 interrupted iterations
openloop_oscillating   [ 100% ] 000/225 VUs  11m58.8s/12m0s  00.29 iters/s

running (11m59.8s), 000/225 VUs, 10359 complete and 0 interrupted iterations
openloop_oscillating   [ 100% ] 000/225 VUs  11m59.8s/12m0s  00.29 iters/s

     ✗ login status is 200
      ↳  82% — ✓ 2530 / ✗ 555
     ✗ login returns access token
      ↳  82% — ✓ 2530 / ✗ 555
     ✗ login response time < 1000ms
      ↳  72% — ✓ 2252 / ✗ 833
     ✗ me status is 200
      ↳  87% — ✓ 6358 / ✗ 916
     ✗ me returns user data
      ↳  87% — ✓ 6358 / ✗ 916
     ✗ me response time < 500ms
      ↳  87% — ✓ 6357 / ✗ 917

     █ setup

     checks.........................: 84.90% ✓ 26385     ✗ 4692 
     data_received..................: 4.9 MB 6.8 kB/s
     data_sent......................: 5.2 MB 7.2 kB/s
     http_req_blocked...............: avg=764.98µs min=100.15µs med=888.85µs max=17.9ms   p(90)=1.3ms   p(95)=1.43ms  p(99)=3.7ms  
     http_req_connecting............: avg=713.6µs  min=78.2µs   med=843.37µs max=17.85ms  p(90)=1.25ms  p(95)=1.37ms  p(99)=3.62ms 
     http_req_duration..............: avg=426.03ms min=602.98µs med=17.35ms  max=5s       p(90)=1.4s    p(95)=2.37s   p(99)=4.99s  
       { expected_response:true }...: avg=309.14ms min=2.39ms   med=13.83ms  max=4.98s    p(90)=1s      p(95)=1.96s   p(99)=3.62s  
     http_req_failed................: 14.20% ✓ 1471      ✗ 8888 
     http_req_receiving.............: avg=2.97ms   min=0s       med=100.8µs  max=900.63ms p(90)=539.3µs p(95)=1.94ms  p(99)=95.18ms
     http_req_sending...............: avg=45.04µs  min=19.01µs  med=43.85µs  max=272.25µs p(90)=58.22µs p(95)=63.75µs p(99)=76.82µs
     http_req_tls_handshaking.......: avg=0s       min=0s       med=0s       max=0s       p(90)=0s      p(95)=0s      p(99)=0s     
     http_req_waiting...............: avg=423ms    min=493.81µs med=16.86ms  max=5s       p(90)=1.39s   p(95)=2.35s   p(99)=4.99s  
     http_reqs......................: 10359  14.387129/s
     iteration_duration.............: avg=426.96ms min=951.04µs med=18.21ms  max=5s       p(90)=1.4s    p(95)=2.37s   p(99)=5s     
     iterations.....................: 10359  14.387129/s
     req_e2e_duration...............: avg=426.86ms min=1ms      med=18ms     max=5s       p(90)=1.4s    p(95)=2.37s   p(99)=5s     
     vus............................: 0      min=0       max=100
     vus_max........................: 225    min=225     max=225


running (12m00.0s), 000/225 VUs, 10359 complete and 0 interrupted iterations
openloop_oscillating ✓ [ 100% ] 000/225 VUs  12m0s  00.29 iters/s
[openloop-wrapper] k6 exit code 0
