
          /\      |‾‾| /‾‾/   /‾‾/   
     /\  /  \     |  |/  /   /  /    
    /  \/    \    |     (   /   ‾‾\  
   /          \   |  |\  \ |  (‾)  | 
  / __________ \  |__| \__\ \_____/ .io

  execution: local
     script: /scripts/load-test.js
     output: json (/results/results.json.gz)

  scenarios: (100.00%) 1 scenario, 788 max VUs, 12m30s max duration (incl. graceful stop):
           * openloop_gradual: Up to 105.00 iterations/s for 12m0s over 4 stages (maxVUs: 788, gracefulStop: 30s)

time="2026-10-08T09:43:40Z" level=info msg="OPENLOOP_CONFIG service=shipping-rate-service pattern=gradual base_rate=10 peak_rate=105 timeout=5s vu_factor=1.5 openloop_gradual:ramping-arrival-rate:vus=788/788" source=console
time="2026-10-08T09:43:40Z" level=info msg="SCENARIO_START name=openloop_gradual start_ms=1791452620791" source=console

running (00m00.5s), 004/788 VUs, 0 complete and 0 interrupted iterations
openloop_gradual   [   0% ] 004/788 VUs  00m00.4s/12m0s  010.00 iters/s

running (00m01.5s), 008/788 VUs, 6 complete and 0 interrupted iterations
openloop_gradual   [   0% ] 008/788 VUs  00m01.4s/12m0s  010.00 iters/s

running (00m02.5s), 008/788 VUs, 16 complete and 0 interrupted iterations
openloop_gradual   [   0% ] 008/788 VUs  00m02.4s/12m0s  010.00 iters/s

running (00m03.5s), 006/788 VUs, 28 complete and 0 interrupted iterations
openloop_gradual   [   0% ] 006/788 VUs  00m03.4s/12m0s  010.00 iters/s

running (00m04.5s), 007/788 VUs, 37 complete and 0 interrupted iterations
openloop_gradual   [   1% ] 007/788 VUs  00m04.4s/12m0s  010.00 iters/s

running (00m05.5s), 008/788 VUs, 46 complete and 0 interrupted iterations
openloop_gradual   [   1% ] 008/788 VUs  00m05.4s/12m0s  010.00 iters/s

running (00m06.5s), 009/788 VUs, 55 complete and 0 interrupted iterations
openloop_gradual   [   1% ] 009/788 VUs  00m06.4s/12m0s  010.00 iters/s

running (00m07.5s), 006/788 VUs, 68 complete and 0 interrupted iterations
openloop_gradual   [   1% ] 006/788 VUs  00m07.4s/12m0s  010.00 iters/s

running (00m08.5s), 007/788 VUs, 77 complete and 0 interrupted iterations
openloop_gradual   [   1% ] 007/788 VUs  00m08.4s/12m0s  010.00 iters/s

running (00m09.5s), 006/788 VUs, 88 complete and 0 interrupted iterations
openloop_gradual   [   1% ] 006/788 VUs  00m09.4s/12m0s  010.00 iters/s

running (00m10.5s), 006/788 VUs, 98 complete and 0 interrupted iterations
openloop_gradual   [   1% ] 006/788 VUs  00m10.4s/12m0s  010.00 iters/s

running (00m11.5s), 006/788 VUs, 108 complete and 0 interrupted iterations
openloop_gradual   [   2% ] 006/788 VUs  00m11.4s/12m0s  010.00 iters/s

running (00m12.5s), 007/788 VUs, 117 complete and 0 interrupted iterations
openloop_gradual   [   2% ] 007/788 VUs  00m12.4s/12m0s  010.00 iters/s

running (00m13.5s), 007/788 VUs, 127 complete and 0 interrupted iterations
openloop_gradual   [   2% ] 007/788 VUs  00m13.4s/12m0s  010.00 iters/s

running (00m14.5s), 009/788 VUs, 135 complete and 0 interrupted iterations
openloop_gradual   [   2% ] 009/788 VUs  00m14.4s/12m0s  010.00 iters/s

running (00m15.5s), 007/788 VUs, 147 complete and 0 interrupted iterations
openloop_gradual   [   2% ] 007/788 VUs  00m15.4s/12m0s  010.00 iters/s

running (00m16.5s), 008/788 VUs, 156 complete and 0 interrupted iterations
openloop_gradual   [   2% ] 008/788 VUs  00m16.4s/12m0s  010.00 iters/s

running (00m17.5s), 008/788 VUs, 166 complete and 0 interrupted iterations
openloop_gradual   [   2% ] 008/788 VUs  00m17.4s/12m0s  010.00 iters/s

running (00m18.5s), 007/788 VUs, 177 complete and 0 interrupted iterations
openloop_gradual   [   3% ] 007/788 VUs  00m18.4s/12m0s  010.00 iters/s

running (00m19.5s), 008/788 VUs, 186 complete and 0 interrupted iterations
openloop_gradual   [   3% ] 008/788 VUs  00m19.4s/12m0s  010.00 iters/s

running (00m20.5s), 007/788 VUs, 197 complete and 0 interrupted iterations
openloop_gradual   [   3% ] 007/788 VUs  00m20.4s/12m0s  010.00 iters/s

running (00m21.5s), 009/788 VUs, 205 complete and 0 interrupted iterations
openloop_gradual   [   3% ] 009/788 VUs  00m21.4s/12m0s  010.00 iters/s

running (00m22.5s), 007/788 VUs, 217 complete and 0 interrupted iterations
openloop_gradual   [   3% ] 007/788 VUs  00m22.4s/12m0s  010.00 iters/s

running (00m23.5s), 007/788 VUs, 227 complete and 0 interrupted iterations
openloop_gradual   [   3% ] 007/788 VUs  00m23.4s/12m0s  010.00 iters/s

running (00m24.5s), 007/788 VUs, 237 complete and 0 interrupted iterations
openloop_gradual   [   3% ] 007/788 VUs  00m24.4s/12m0s  010.00 iters/s

running (00m25.5s), 007/788 VUs, 247 complete and 0 interrupted iterations
openloop_gradual   [   4% ] 007/788 VUs  00m25.4s/12m0s  010.00 iters/s

running (00m26.5s), 009/788 VUs, 255 complete and 0 interrupted iterations
openloop_gradual   [   4% ] 009/788 VUs  00m26.4s/12m0s  010.00 iters/s

running (00m27.5s), 008/788 VUs, 266 complete and 0 interrupted iterations
openloop_gradual   [   4% ] 008/788 VUs  00m27.4s/12m0s  010.00 iters/s

running (00m28.5s), 008/788 VUs, 276 complete and 0 interrupted iterations
openloop_gradual   [   4% ] 008/788 VUs  00m28.4s/12m0s  010.00 iters/s

running (00m29.5s), 007/788 VUs, 287 complete and 0 interrupted iterations
openloop_gradual   [   4% ] 007/788 VUs  00m29.4s/12m0s  010.00 iters/s

running (00m30.5s), 007/788 VUs, 297 complete and 0 interrupted iterations
openloop_gradual   [   4% ] 007/788 VUs  00m30.4s/12m0s  010.00 iters/s

running (00m31.5s), 008/788 VUs, 306 complete and 0 interrupted iterations
openloop_gradual   [   4% ] 008/788 VUs  00m31.4s/12m0s  010.00 iters/s

running (00m32.5s), 006/788 VUs, 318 complete and 0 interrupted iterations
openloop_gradual   [   5% ] 006/788 VUs  00m32.4s/12m0s  010.00 iters/s

running (00m33.5s), 007/788 VUs, 327 complete and 0 interrupted iterations
openloop_gradual   [   5% ] 007/788 VUs  00m33.4s/12m0s  010.00 iters/s

running (00m34.5s), 008/788 VUs, 336 complete and 0 interrupted iterations
openloop_gradual   [   5% ] 008/788 VUs  00m34.4s/12m0s  010.00 iters/s

running (00m35.5s), 006/788 VUs, 348 complete and 0 interrupted iterations
openloop_gradual   [   5% ] 006/788 VUs  00m35.4s/12m0s  010.00 iters/s

running (00m36.5s), 009/788 VUs, 355 complete and 0 interrupted iterations
openloop_gradual   [   5% ] 009/788 VUs  00m36.4s/12m0s  010.00 iters/s

running (00m37.5s), 007/788 VUs, 367 complete and 0 interrupted iterations
openloop_gradual   [   5% ] 007/788 VUs  00m37.4s/12m0s  010.00 iters/s

running (00m38.5s), 007/788 VUs, 377 complete and 0 interrupted iterations
openloop_gradual   [   5% ] 007/788 VUs  00m38.4s/12m0s  010.00 iters/s

running (00m39.5s), 007/788 VUs, 387 complete and 0 interrupted iterations
openloop_gradual   [   5% ] 007/788 VUs  00m39.4s/12m0s  010.00 iters/s

running (00m40.5s), 007/788 VUs, 397 complete and 0 interrupted iterations
openloop_gradual   [   6% ] 007/788 VUs  00m40.4s/12m0s  010.00 iters/s

running (00m41.5s), 008/788 VUs, 406 complete and 0 interrupted iterations
openloop_gradual   [   6% ] 008/788 VUs  00m41.4s/12m0s  010.00 iters/s

running (00m42.5s), 006/788 VUs, 418 complete and 0 interrupted iterations
openloop_gradual   [   6% ] 006/788 VUs  00m42.4s/12m0s  010.00 iters/s

running (00m43.5s), 007/788 VUs, 427 complete and 0 interrupted iterations
openloop_gradual   [   6% ] 007/788 VUs  00m43.4s/12m0s  010.00 iters/s

running (00m44.5s), 009/788 VUs, 435 complete and 0 interrupted iterations
openloop_gradual   [   6% ] 009/788 VUs  00m44.4s/12m0s  010.00 iters/s

running (00m45.5s), 007/788 VUs, 447 complete and 0 interrupted iterations
openloop_gradual   [   6% ] 007/788 VUs  00m45.4s/12m0s  010.00 iters/s

running (00m46.5s), 006/788 VUs, 458 complete and 0 interrupted iterations
openloop_gradual   [   6% ] 006/788 VUs  00m46.4s/12m0s  010.00 iters/s

running (00m47.5s), 008/788 VUs, 466 complete and 0 interrupted iterations
openloop_gradual   [   7% ] 008/788 VUs  00m47.4s/12m0s  010.00 iters/s

running (00m48.5s), 007/788 VUs, 477 complete and 0 interrupted iterations
openloop_gradual   [   7% ] 007/788 VUs  00m48.4s/12m0s  010.00 iters/s

running (00m49.5s), 007/788 VUs, 487 complete and 0 interrupted iterations
openloop_gradual   [   7% ] 007/788 VUs  00m49.4s/12m0s  010.00 iters/s

running (00m50.5s), 008/788 VUs, 496 complete and 0 interrupted iterations
openloop_gradual   [   7% ] 008/788 VUs  00m50.4s/12m0s  010.00 iters/s

running (00m51.5s), 006/788 VUs, 508 complete and 0 interrupted iterations
openloop_gradual   [   7% ] 006/788 VUs  00m51.4s/12m0s  010.00 iters/s

running (00m52.5s), 009/788 VUs, 515 complete and 0 interrupted iterations
openloop_gradual   [   7% ] 009/788 VUs  00m52.4s/12m0s  010.00 iters/s

running (00m53.5s), 007/788 VUs, 527 complete and 0 interrupted iterations
openloop_gradual   [   7% ] 007/788 VUs  00m53.4s/12m0s  010.00 iters/s

running (00m54.5s), 007/788 VUs, 537 complete and 0 interrupted iterations
openloop_gradual   [   8% ] 007/788 VUs  00m54.4s/12m0s  010.00 iters/s

running (00m55.5s), 008/788 VUs, 546 complete and 0 interrupted iterations
openloop_gradual   [   8% ] 008/788 VUs  00m55.4s/12m0s  010.00 iters/s

running (00m56.5s), 007/788 VUs, 557 complete and 0 interrupted iterations
openloop_gradual   [   8% ] 007/788 VUs  00m56.4s/12m0s  010.00 iters/s

running (00m57.5s), 009/788 VUs, 565 complete and 0 interrupted iterations
openloop_gradual   [   8% ] 009/788 VUs  00m57.4s/12m0s  010.00 iters/s

running (00m58.5s), 008/788 VUs, 576 complete and 0 interrupted iterations
openloop_gradual   [   8% ] 008/788 VUs  00m58.4s/12m0s  010.00 iters/s

running (00m59.5s), 007/788 VUs, 587 complete and 0 interrupted iterations
openloop_gradual   [   8% ] 007/788 VUs  00m59.4s/12m0s  010.00 iters/s

running (01m00.5s), 006/788 VUs, 598 complete and 0 interrupted iterations
openloop_gradual   [   8% ] 006/788 VUs  01m00.4s/12m0s  010.00 iters/s

running (01m01.5s), 006/788 VUs, 608 complete and 0 interrupted iterations
openloop_gradual   [   9% ] 006/788 VUs  01m01.4s/12m0s  010.00 iters/s

running (01m02.5s), 007/788 VUs, 617 complete and 0 interrupted iterations
openloop_gradual   [   9% ] 007/788 VUs  01m02.4s/12m0s  010.00 iters/s

running (01m03.5s), 007/788 VUs, 627 complete and 0 interrupted iterations
openloop_gradual   [   9% ] 007/788 VUs  01m03.4s/12m0s  010.00 iters/s

running (01m04.5s), 008/788 VUs, 636 complete and 0 interrupted iterations
openloop_gradual   [   9% ] 008/788 VUs  01m04.4s/12m0s  010.00 iters/s

running (01m05.5s), 007/788 VUs, 647 complete and 0 interrupted iterations
openloop_gradual   [   9% ] 007/788 VUs  01m05.4s/12m0s  010.00 iters/s

running (01m06.5s), 008/788 VUs, 656 complete and 0 interrupted iterations
openloop_gradual   [   9% ] 008/788 VUs  01m06.4s/12m0s  010.00 iters/s

running (01m07.5s), 008/788 VUs, 666 complete and 0 interrupted iterations
openloop_gradual   [   9% ] 008/788 VUs  01m07.4s/12m0s  010.00 iters/s

running (01m08.5s), 005/788 VUs, 679 complete and 0 interrupted iterations
openloop_gradual   [  10% ] 005/788 VUs  01m08.4s/12m0s  010.00 iters/s

running (01m09.5s), 009/788 VUs, 685 complete and 0 interrupted iterations
openloop_gradual   [  10% ] 009/788 VUs  01m09.4s/12m0s  010.00 iters/s

running (01m10.5s), 006/788 VUs, 698 complete and 0 interrupted iterations
openloop_gradual   [  10% ] 006/788 VUs  01m10.4s/12m0s  010.00 iters/s

running (01m11.5s), 007/788 VUs, 707 complete and 0 interrupted iterations
openloop_gradual   [  10% ] 007/788 VUs  01m11.4s/12m0s  010.00 iters/s

running (01m12.5s), 009/788 VUs, 715 complete and 0 interrupted iterations
openloop_gradual   [  10% ] 009/788 VUs  01m12.4s/12m0s  010.00 iters/s

running (01m13.5s), 008/788 VUs, 726 complete and 0 interrupted iterations
openloop_gradual   [  10% ] 008/788 VUs  01m13.4s/12m0s  010.00 iters/s

running (01m14.5s), 009/788 VUs, 735 complete and 0 interrupted iterations
openloop_gradual   [  10% ] 009/788 VUs  01m14.4s/12m0s  010.00 iters/s

running (01m15.5s), 007/788 VUs, 747 complete and 0 interrupted iterations
openloop_gradual   [  10% ] 007/788 VUs  01m15.4s/12m0s  010.00 iters/s

running (01m16.5s), 008/788 VUs, 756 complete and 0 interrupted iterations
openloop_gradual   [  11% ] 008/788 VUs  01m16.4s/12m0s  010.00 iters/s

running (01m17.5s), 008/788 VUs, 766 complete and 0 interrupted iterations
openloop_gradual   [  11% ] 008/788 VUs  01m17.4s/12m0s  010.00 iters/s

running (01m18.5s), 008/788 VUs, 776 complete and 0 interrupted iterations
openloop_gradual   [  11% ] 008/788 VUs  01m18.4s/12m0s  010.00 iters/s

running (01m19.5s), 006/788 VUs, 788 complete and 0 interrupted iterations
openloop_gradual   [  11% ] 006/788 VUs  01m19.4s/12m0s  010.00 iters/s

running (01m20.5s), 009/788 VUs, 795 complete and 0 interrupted iterations
openloop_gradual   [  11% ] 009/788 VUs  01m20.4s/12m0s  010.00 iters/s

running (01m21.5s), 008/788 VUs, 806 complete and 0 interrupted iterations
openloop_gradual   [  11% ] 008/788 VUs  01m21.4s/12m0s  010.00 iters/s

running (01m22.5s), 007/788 VUs, 817 complete and 0 interrupted iterations
openloop_gradual   [  11% ] 007/788 VUs  01m22.4s/12m0s  010.00 iters/s

running (01m23.5s), 008/788 VUs, 826 complete and 0 interrupted iterations
openloop_gradual   [  12% ] 008/788 VUs  01m23.4s/12m0s  010.00 iters/s

running (01m24.5s), 008/788 VUs, 836 complete and 0 interrupted iterations
openloop_gradual   [  12% ] 008/788 VUs  01m24.4s/12m0s  010.00 iters/s

running (01m25.5s), 006/788 VUs, 848 complete and 0 interrupted iterations
openloop_gradual   [  12% ] 006/788 VUs  01m25.4s/12m0s  010.00 iters/s

running (01m26.5s), 008/788 VUs, 856 complete and 0 interrupted iterations
openloop_gradual   [  12% ] 008/788 VUs  01m26.4s/12m0s  010.00 iters/s

running (01m27.5s), 007/788 VUs, 867 complete and 0 interrupted iterations
openloop_gradual   [  12% ] 007/788 VUs  01m27.4s/12m0s  010.00 iters/s

running (01m28.5s), 007/788 VUs, 877 complete and 0 interrupted iterations
openloop_gradual   [  12% ] 007/788 VUs  01m28.4s/12m0s  010.00 iters/s

running (01m29.5s), 007/788 VUs, 887 complete and 0 interrupted iterations
openloop_gradual   [  12% ] 007/788 VUs  01m29.4s/12m0s  010.00 iters/s

running (01m30.5s), 006/788 VUs, 898 complete and 0 interrupted iterations
openloop_gradual   [  13% ] 006/788 VUs  01m30.4s/12m0s  010.00 iters/s

running (01m31.5s), 008/788 VUs, 906 complete and 0 interrupted iterations
openloop_gradual   [  13% ] 008/788 VUs  01m31.4s/12m0s  010.00 iters/s

running (01m32.5s), 008/788 VUs, 916 complete and 0 interrupted iterations
openloop_gradual   [  13% ] 008/788 VUs  01m32.4s/12m0s  010.00 iters/s

running (01m33.5s), 008/788 VUs, 926 complete and 0 interrupted iterations
openloop_gradual   [  13% ] 008/788 VUs  01m33.4s/12m0s  010.00 iters/s

running (01m34.5s), 007/788 VUs, 937 complete and 0 interrupted iterations
openloop_gradual   [  13% ] 007/788 VUs  01m34.4s/12m0s  010.00 iters/s

running (01m35.5s), 007/788 VUs, 947 complete and 0 interrupted iterations
openloop_gradual   [  13% ] 007/788 VUs  01m35.4s/12m0s  010.00 iters/s

running (01m36.5s), 007/788 VUs, 957 complete and 0 interrupted iterations
openloop_gradual   [  13% ] 007/788 VUs  01m36.4s/12m0s  010.00 iters/s

running (01m37.5s), 006/788 VUs, 968 complete and 0 interrupted iterations
openloop_gradual   [  14% ] 006/788 VUs  01m37.4s/12m0s  010.00 iters/s

running (01m38.5s), 007/788 VUs, 977 complete and 0 interrupted iterations
openloop_gradual   [  14% ] 007/788 VUs  01m38.4s/12m0s  010.00 iters/s

running (01m39.5s), 008/788 VUs, 986 complete and 0 interrupted iterations
openloop_gradual   [  14% ] 008/788 VUs  01m39.4s/12m0s  010.00 iters/s

running (01m40.5s), 007/788 VUs, 997 complete and 0 interrupted iterations
openloop_gradual   [  14% ] 007/788 VUs  01m40.4s/12m0s  010.00 iters/s

running (01m41.5s), 006/788 VUs, 1008 complete and 0 interrupted iterations
openloop_gradual   [  14% ] 006/788 VUs  01m41.4s/12m0s  010.00 iters/s

running (01m42.5s), 008/788 VUs, 1016 complete and 0 interrupted iterations
openloop_gradual   [  14% ] 008/788 VUs  01m42.4s/12m0s  010.00 iters/s

running (01m43.5s), 005/788 VUs, 1029 complete and 0 interrupted iterations
openloop_gradual   [  14% ] 005/788 VUs  01m43.4s/12m0s  010.00 iters/s

running (01m44.5s), 006/788 VUs, 1038 complete and 0 interrupted iterations
openloop_gradual   [  15% ] 006/788 VUs  01m44.4s/12m0s  010.00 iters/s

running (01m45.5s), 007/788 VUs, 1047 complete and 0 interrupted iterations
openloop_gradual   [  15% ] 007/788 VUs  01m45.4s/12m0s  010.00 iters/s

running (01m46.5s), 008/788 VUs, 1056 complete and 0 interrupted iterations
openloop_gradual   [  15% ] 008/788 VUs  01m46.4s/12m0s  010.00 iters/s

running (01m47.5s), 007/788 VUs, 1067 complete and 0 interrupted iterations
openloop_gradual   [  15% ] 007/788 VUs  01m47.4s/12m0s  010.00 iters/s

running (01m48.5s), 008/788 VUs, 1076 complete and 0 interrupted iterations
openloop_gradual   [  15% ] 008/788 VUs  01m48.4s/12m0s  010.00 iters/s

running (01m49.5s), 007/788 VUs, 1087 complete and 0 interrupted iterations
openloop_gradual   [  15% ] 007/788 VUs  01m49.4s/12m0s  010.00 iters/s

running (01m50.5s), 007/788 VUs, 1097 complete and 0 interrupted iterations
openloop_gradual   [  15% ] 007/788 VUs  01m50.4s/12m0s  010.00 iters/s

running (01m51.5s), 008/788 VUs, 1106 complete and 0 interrupted iterations
openloop_gradual   [  15% ] 008/788 VUs  01m51.4s/12m0s  010.00 iters/s

running (01m52.5s), 008/788 VUs, 1116 complete and 0 interrupted iterations
openloop_gradual   [  16% ] 008/788 VUs  01m52.4s/12m0s  010.00 iters/s

running (01m53.5s), 008/788 VUs, 1126 complete and 0 interrupted iterations
openloop_gradual   [  16% ] 008/788 VUs  01m53.4s/12m0s  010.00 iters/s

running (01m54.5s), 008/788 VUs, 1136 complete and 0 interrupted iterations
openloop_gradual   [  16% ] 008/788 VUs  01m54.4s/12m0s  010.00 iters/s

running (01m55.5s), 007/788 VUs, 1147 complete and 0 interrupted iterations
openloop_gradual   [  16% ] 007/788 VUs  01m55.4s/12m0s  010.00 iters/s

running (01m56.5s), 007/788 VUs, 1157 complete and 0 interrupted iterations
openloop_gradual   [  16% ] 007/788 VUs  01m56.4s/12m0s  010.00 iters/s

running (01m57.5s), 007/788 VUs, 1167 complete and 0 interrupted iterations
openloop_gradual   [  16% ] 007/788 VUs  01m57.4s/12m0s  010.00 iters/s

running (01m58.5s), 007/788 VUs, 1177 complete and 0 interrupted iterations
openloop_gradual   [  16% ] 007/788 VUs  01m58.4s/12m0s  010.00 iters/s

running (01m59.5s), 008/788 VUs, 1186 complete and 0 interrupted iterations
openloop_gradual   [  17% ] 008/788 VUs  01m59.4s/12m0s  010.00 iters/s

running (02m00.5s), 008/788 VUs, 1196 complete and 0 interrupted iterations
openloop_gradual   [  17% ] 008/788 VUs  02m00.4s/12m0s  010.14 iters/s

running (02m01.5s), 006/788 VUs, 1208 complete and 0 interrupted iterations
openloop_gradual   [  17% ] 006/788 VUs  02m01.4s/12m0s  010.45 iters/s

running (02m02.5s), 008/788 VUs, 1217 complete and 0 interrupted iterations
openloop_gradual   [  17% ] 008/788 VUs  02m02.4s/12m0s  010.78 iters/s

running (02m03.5s), 009/788 VUs, 1227 complete and 0 interrupted iterations
openloop_gradual   [  17% ] 009/788 VUs  02m03.4s/12m0s  011.10 iters/s

running (02m04.5s), 006/788 VUs, 1241 complete and 0 interrupted iterations
openloop_gradual   [  17% ] 006/788 VUs  02m04.4s/12m0s  011.41 iters/s

running (02m05.5s), 007/788 VUs, 1251 complete and 0 interrupted iterations
openloop_gradual   [  17% ] 007/788 VUs  02m05.4s/12m0s  011.71 iters/s

running (02m06.5s), 007/788 VUs, 1263 complete and 0 interrupted iterations
openloop_gradual   [  18% ] 007/788 VUs  02m06.4s/12m0s  012.03 iters/s

running (02m07.5s), 008/788 VUs, 1274 complete and 0 interrupted iterations
openloop_gradual   [  18% ] 008/788 VUs  02m07.4s/12m0s  012.34 iters/s

running (02m08.5s), 010/788 VUs, 1285 complete and 0 interrupted iterations
openloop_gradual   [  18% ] 010/788 VUs  02m08.4s/12m0s  012.67 iters/s

running (02m09.5s), 010/788 VUs, 1298 complete and 0 interrupted iterations
openloop_gradual   [  18% ] 010/788 VUs  02m09.4s/12m0s  012.99 iters/s

running (02m10.5s), 010/788 VUs, 1311 complete and 0 interrupted iterations
openloop_gradual   [  18% ] 010/788 VUs  02m10.4s/12m0s  013.30 iters/s

running (02m11.5s), 010/788 VUs, 1324 complete and 0 interrupted iterations
openloop_gradual   [  18% ] 010/788 VUs  02m11.4s/12m0s  013.61 iters/s

running (02m12.5s), 009/788 VUs, 1339 complete and 0 interrupted iterations
openloop_gradual   [  18% ] 009/788 VUs  02m12.4s/12m0s  013.93 iters/s

running (02m13.5s), 009/788 VUs, 1353 complete and 0 interrupted iterations
openloop_gradual   [  19% ] 009/788 VUs  02m13.4s/12m0s  014.24 iters/s

running (02m14.5s), 010/788 VUs, 1367 complete and 0 interrupted iterations
openloop_gradual   [  19% ] 010/788 VUs  02m14.4s/12m0s  014.57 iters/s

running (02m15.5s), 011/788 VUs, 1380 complete and 0 interrupted iterations
openloop_gradual   [  19% ] 011/788 VUs  02m15.4s/12m0s  014.88 iters/s

running (02m16.5s), 010/788 VUs, 1396 complete and 0 interrupted iterations
openloop_gradual   [  19% ] 010/788 VUs  02m16.4s/12m0s  015.19 iters/s

running (02m17.5s), 010/788 VUs, 1412 complete and 0 interrupted iterations
openloop_gradual   [  19% ] 010/788 VUs  02m17.4s/12m0s  015.52 iters/s

running (02m18.5s), 011/788 VUs, 1426 complete and 0 interrupted iterations
openloop_gradual   [  19% ] 011/788 VUs  02m18.4s/12m0s  015.82 iters/s

running (02m19.5s), 012/788 VUs, 1441 complete and 0 interrupted iterations
openloop_gradual   [  19% ] 012/788 VUs  02m19.4s/12m0s  016.14 iters/s

running (02m20.5s), 012/788 VUs, 1458 complete and 0 interrupted iterations
openloop_gradual   [  20% ] 012/788 VUs  02m20.4s/12m0s  016.47 iters/s

running (02m21.5s), 009/788 VUs, 1477 complete and 0 interrupted iterations
openloop_gradual   [  20% ] 009/788 VUs  02m21.4s/12m0s  016.78 iters/s

running (02m22.5s), 013/788 VUs, 1490 complete and 0 interrupted iterations
openloop_gradual   [  20% ] 013/788 VUs  02m22.4s/12m0s  017.09 iters/s

running (02m23.5s), 011/788 VUs, 1510 complete and 0 interrupted iterations
openloop_gradual   [  20% ] 011/788 VUs  02m23.4s/12m0s  017.42 iters/s

running (02m24.5s), 012/788 VUs, 1526 complete and 0 interrupted iterations
openloop_gradual   [  20% ] 012/788 VUs  02m24.4s/12m0s  017.73 iters/s

running (02m25.5s), 013/788 VUs, 1543 complete and 0 interrupted iterations
openloop_gradual   [  20% ] 013/788 VUs  02m25.4s/12m0s  018.05 iters/s

running (02m26.5s), 013/788 VUs, 1561 complete and 0 interrupted iterations
openloop_gradual   [  20% ] 013/788 VUs  02m26.4s/12m0s  018.36 iters/s

running (02m27.5s), 012/788 VUs, 1581 complete and 0 interrupted iterations
openloop_gradual   [  20% ] 012/788 VUs  02m27.4s/12m0s  018.69 iters/s

running (02m28.5s), 015/788 VUs, 1597 complete and 0 interrupted iterations
openloop_gradual   [  21% ] 015/788 VUs  02m28.4s/12m0s  019.01 iters/s

running (02m29.5s), 013/788 VUs, 1618 complete and 0 interrupted iterations
openloop_gradual   [  21% ] 013/788 VUs  02m29.4s/12m0s  019.32 iters/s

running (02m30.5s), 010/788 VUs, 1640 complete and 0 interrupted iterations
openloop_gradual   [  21% ] 010/788 VUs  02m30.4s/12m0s  019.63 iters/s

running (02m31.5s), 014/788 VUs, 1656 complete and 0 interrupted iterations
openloop_gradual   [  21% ] 014/788 VUs  02m31.4s/12m0s  019.95 iters/s

running (02m32.5s), 013/788 VUs, 1677 complete and 0 interrupted iterations
openloop_gradual   [  21% ] 013/788 VUs  02m32.4s/12m0s  020.26 iters/s

running (02m33.5s), 014/788 VUs, 1697 complete and 0 interrupted iterations
openloop_gradual   [  21% ] 014/788 VUs  02m33.4s/12m0s  020.59 iters/s

running (02m34.5s), 013/788 VUs, 1718 complete and 0 interrupted iterations
openloop_gradual   [  21% ] 013/788 VUs  02m34.4s/12m0s  020.90 iters/s

running (02m35.5s), 014/788 VUs, 1738 complete and 0 interrupted iterations
openloop_gradual   [  22% ] 014/788 VUs  02m35.4s/12m0s  021.21 iters/s

running (02m36.5s), 016/788 VUs, 1758 complete and 0 interrupted iterations
openloop_gradual   [  22% ] 016/788 VUs  02m36.4s/12m0s  021.54 iters/s

running (02m37.5s), 015/788 VUs, 1780 complete and 0 interrupted iterations
openloop_gradual   [  22% ] 015/788 VUs  02m37.4s/12m0s  021.84 iters/s

running (02m38.5s), 016/788 VUs, 1801 complete and 0 interrupted iterations
openloop_gradual   [  22% ] 016/788 VUs  02m38.4s/12m0s  022.16 iters/s

running (02m39.5s), 015/788 VUs, 1825 complete and 0 interrupted iterations
openloop_gradual   [  22% ] 015/788 VUs  02m39.4s/12m0s  022.49 iters/s

running (02m40.5s), 014/788 VUs, 1848 complete and 0 interrupted iterations
openloop_gradual   [  22% ] 014/788 VUs  02m40.4s/12m0s  022.79 iters/s

running (02m41.5s), 015/788 VUs, 1870 complete and 0 interrupted iterations
openloop_gradual   [  22% ] 015/788 VUs  02m41.4s/12m0s  023.11 iters/s

running (02m42.5s), 015/788 VUs, 1894 complete and 0 interrupted iterations
openloop_gradual   [  23% ] 015/788 VUs  02m42.4s/12m0s  023.44 iters/s

running (02m43.5s), 017/788 VUs, 1915 complete and 0 interrupted iterations
openloop_gradual   [  23% ] 017/788 VUs  02m43.4s/12m0s  023.75 iters/s

running (02m44.5s), 015/788 VUs, 1941 complete and 0 interrupted iterations
openloop_gradual   [  23% ] 015/788 VUs  02m44.4s/12m0s  024.06 iters/s

running (02m45.5s), 017/788 VUs, 1963 complete and 0 interrupted iterations
openloop_gradual   [  23% ] 017/788 VUs  02m45.4s/12m0s  024.38 iters/s

running (02m46.5s), 019/788 VUs, 1986 complete and 0 interrupted iterations
openloop_gradual   [  23% ] 019/788 VUs  02m46.4s/12m0s  024.70 iters/s

running (02m47.5s), 016/788 VUs, 2014 complete and 0 interrupted iterations
openloop_gradual   [  23% ] 016/788 VUs  02m47.4s/12m0s  025.02 iters/s

running (02m48.5s), 021/788 VUs, 2034 complete and 0 interrupted iterations
openloop_gradual   [  23% ] 021/788 VUs  02m48.4s/12m0s  025.33 iters/s

running (02m49.5s), 018/788 VUs, 2062 complete and 0 interrupted iterations
openloop_gradual   [  24% ] 018/788 VUs  02m49.4s/12m0s  025.64 iters/s

running (02m50.5s), 020/788 VUs, 2086 complete and 0 interrupted iterations
openloop_gradual   [  24% ] 020/788 VUs  02m50.4s/12m0s  025.96 iters/s

running (02m51.5s), 019/788 VUs, 2113 complete and 0 interrupted iterations
openloop_gradual   [  24% ] 019/788 VUs  02m51.4s/12m0s  026.28 iters/s

running (02m52.5s), 018/788 VUs, 2141 complete and 0 interrupted iterations
openloop_gradual   [  24% ] 018/788 VUs  02m52.4s/12m0s  026.60 iters/s

running (02m53.5s), 018/788 VUs, 2168 complete and 0 interrupted iterations
openloop_gradual   [  24% ] 018/788 VUs  02m53.4s/12m0s  026.92 iters/s

running (02m54.5s), 019/788 VUs, 2194 complete and 0 interrupted iterations
openloop_gradual   [  24% ] 019/788 VUs  02m54.4s/12m0s  027.24 iters/s

running (02m55.5s), 018/788 VUs, 2222 complete and 0 interrupted iterations
openloop_gradual   [  24% ] 018/788 VUs  02m55.4s/12m0s  027.55 iters/s

running (02m56.5s), 018/788 VUs, 2250 complete and 0 interrupted iterations
openloop_gradual   [  25% ] 018/788 VUs  02m56.4s/12m0s  027.87 iters/s

running (02m57.5s), 021/788 VUs, 2275 complete and 0 interrupted iterations
openloop_gradual   [  25% ] 021/788 VUs  02m57.4s/12m0s  028.19 iters/s

running (02m58.5s), 018/788 VUs, 2306 complete and 0 interrupted iterations
openloop_gradual   [  25% ] 018/788 VUs  02m58.4s/12m0s  028.50 iters/s

running (02m59.5s), 021/788 VUs, 2332 complete and 0 interrupted iterations
openloop_gradual   [  25% ] 021/788 VUs  02m59.4s/12m0s  028.82 iters/s

running (03m00.5s), 022/788 VUs, 2360 complete and 0 interrupted iterations
openloop_gradual   [  25% ] 022/788 VUs  03m00.4s/12m0s  029.14 iters/s

running (03m01.5s), 020/788 VUs, 2391 complete and 0 interrupted iterations
openloop_gradual   [  25% ] 020/788 VUs  03m01.4s/12m0s  029.45 iters/s

running (03m02.5s), 021/788 VUs, 2420 complete and 0 interrupted iterations
openloop_gradual   [  25% ] 021/788 VUs  03m02.4s/12m0s  029.77 iters/s

running (03m03.5s), 021/788 VUs, 2450 complete and 0 interrupted iterations
openloop_gradual   [  25% ] 021/788 VUs  03m03.4s/12m0s  030.09 iters/s

running (03m04.5s), 021/788 VUs, 2480 complete and 0 interrupted iterations
openloop_gradual   [  26% ] 021/788 VUs  03m04.4s/12m0s  030.40 iters/s

running (03m05.5s), 020/788 VUs, 2511 complete and 0 interrupted iterations
openloop_gradual   [  26% ] 020/788 VUs  03m05.4s/12m0s  030.71 iters/s

running (03m06.5s), 019/788 VUs, 2543 complete and 0 interrupted iterations
openloop_gradual   [  26% ] 019/788 VUs  03m06.4s/12m0s  031.03 iters/s

running (03m07.5s), 019/788 VUs, 2574 complete and 0 interrupted iterations
openloop_gradual   [  26% ] 019/788 VUs  03m07.4s/12m0s  031.35 iters/s

running (03m08.5s), 022/788 VUs, 2603 complete and 0 interrupted iterations
openloop_gradual   [  26% ] 022/788 VUs  03m08.4s/12m0s  031.67 iters/s

running (03m09.5s), 022/788 VUs, 2635 complete and 0 interrupted iterations
openloop_gradual   [  26% ] 022/788 VUs  03m09.4s/12m0s  031.99 iters/s

running (03m10.5s), 022/788 VUs, 2667 complete and 0 interrupted iterations
openloop_gradual   [  26% ] 022/788 VUs  03m10.4s/12m0s  032.30 iters/s

running (03m11.5s), 023/788 VUs, 2698 complete and 0 interrupted iterations
openloop_gradual   [  27% ] 023/788 VUs  03m11.4s/12m0s  032.61 iters/s

running (03m12.5s), 023/788 VUs, 2731 complete and 0 interrupted iterations
openloop_gradual   [  27% ] 023/788 VUs  03m12.4s/12m0s  032.93 iters/s

running (03m13.5s), 023/788 VUs, 2764 complete and 0 interrupted iterations
openloop_gradual   [  27% ] 023/788 VUs  03m13.4s/12m0s  033.25 iters/s

running (03m14.5s), 025/788 VUs, 2796 complete and 0 interrupted iterations
openloop_gradual   [  27% ] 025/788 VUs  03m14.4s/12m0s  033.57 iters/s

running (03m15.5s), 023/788 VUs, 2831 complete and 0 interrupted iterations
openloop_gradual   [  27% ] 023/788 VUs  03m15.4s/12m0s  033.88 iters/s

running (03m16.5s), 025/788 VUs, 2863 complete and 0 interrupted iterations
openloop_gradual   [  27% ] 025/788 VUs  03m16.4s/12m0s  034.20 iters/s

running (03m17.5s), 025/788 VUs, 2898 complete and 0 interrupted iterations
openloop_gradual   [  27% ] 025/788 VUs  03m17.4s/12m0s  034.52 iters/s

running (03m18.5s), 027/788 VUs, 2931 complete and 0 interrupted iterations
openloop_gradual   [  28% ] 027/788 VUs  03m18.4s/12m0s  034.84 iters/s

running (03m19.5s), 025/788 VUs, 2968 complete and 0 interrupted iterations
openloop_gradual   [  28% ] 025/788 VUs  03m19.4s/12m0s  035.16 iters/s

running (03m20.5s), 023/788 VUs, 3005 complete and 0 interrupted iterations
openloop_gradual   [  28% ] 023/788 VUs  03m20.4s/12m0s  035.47 iters/s

running (03m21.5s), 027/788 VUs, 3036 complete and 0 interrupted iterations
openloop_gradual   [  28% ] 027/788 VUs  03m21.4s/12m0s  035.78 iters/s

running (03m22.5s), 026/788 VUs, 3073 complete and 0 interrupted iterations
openloop_gradual   [  28% ] 026/788 VUs  03m22.4s/12m0s  036.10 iters/s

running (03m23.5s), 024/788 VUs, 3112 complete and 0 interrupted iterations
openloop_gradual   [  28% ] 024/788 VUs  03m23.4s/12m0s  036.42 iters/s

running (03m24.5s), 024/788 VUs, 3148 complete and 0 interrupted iterations
openloop_gradual   [  28% ] 024/788 VUs  03m24.4s/12m0s  036.73 iters/s

running (03m25.5s), 026/788 VUs, 3183 complete and 0 interrupted iterations
openloop_gradual   [  29% ] 026/788 VUs  03m25.4s/12m0s  037.05 iters/s

running (03m26.5s), 027/788 VUs, 3219 complete and 0 interrupted iterations
openloop_gradual   [  29% ] 027/788 VUs  03m26.4s/12m0s  037.36 iters/s

running (03m27.5s), 026/788 VUs, 3258 complete and 0 interrupted iterations
openloop_gradual   [  29% ] 026/788 VUs  03m27.4s/12m0s  037.69 iters/s

running (03m28.5s), 031/788 VUs, 3291 complete and 0 interrupted iterations
openloop_gradual   [  29% ] 031/788 VUs  03m28.4s/12m0s  038.00 iters/s

running (03m29.5s), 028/788 VUs, 3332 complete and 0 interrupted iterations
openloop_gradual   [  29% ] 028/788 VUs  03m29.4s/12m0s  038.32 iters/s

running (03m30.5s), 027/788 VUs, 3371 complete and 0 interrupted iterations
openloop_gradual   [  29% ] 027/788 VUs  03m30.4s/12m0s  038.63 iters/s

running (03m31.5s), 026/788 VUs, 3411 complete and 0 interrupted iterations
openloop_gradual   [  29% ] 026/788 VUs  03m31.4s/12m0s  038.95 iters/s

running (03m32.5s), 030/788 VUs, 3446 complete and 0 interrupted iterations
openloop_gradual   [  30% ] 030/788 VUs  03m32.4s/12m0s  039.27 iters/s

running (03m33.5s), 028/788 VUs, 3488 complete and 0 interrupted iterations
openloop_gradual   [  30% ] 028/788 VUs  03m33.4s/12m0s  039.59 iters/s

running (03m34.5s), 029/788 VUs, 3526 complete and 0 interrupted iterations
openloop_gradual   [  30% ] 029/788 VUs  03m34.4s/12m0s  039.90 iters/s

running (03m35.5s), 031/788 VUs, 3564 complete and 0 interrupted iterations
openloop_gradual   [  30% ] 031/788 VUs  03m35.4s/12m0s  040.21 iters/s

running (03m36.5s), 031/788 VUs, 3605 complete and 0 interrupted iterations
openloop_gradual   [  30% ] 031/788 VUs  03m36.4s/12m0s  040.54 iters/s

running (03m37.5s), 030/788 VUs, 3646 complete and 0 interrupted iterations
openloop_gradual   [  30% ] 030/788 VUs  03m37.4s/12m0s  040.85 iters/s

running (03m38.5s), 029/788 VUs, 3688 complete and 0 interrupted iterations
openloop_gradual   [  30% ] 029/788 VUs  03m38.4s/12m0s  041.16 iters/s

running (03m39.5s), 032/788 VUs, 3727 complete and 0 interrupted iterations
openloop_gradual   [  30% ] 032/788 VUs  03m39.4s/12m0s  041.49 iters/s

running (03m40.5s), 027/788 VUs, 3773 complete and 0 interrupted iterations
openloop_gradual   [  31% ] 027/788 VUs  03m40.4s/12m0s  041.80 iters/s

running (03m41.5s), 032/788 VUs, 3810 complete and 0 interrupted iterations
openloop_gradual   [  31% ] 032/788 VUs  03m41.4s/12m0s  042.11 iters/s

running (03m42.5s), 030/788 VUs, 3855 complete and 0 interrupted iterations
openloop_gradual   [  31% ] 030/788 VUs  03m42.4s/12m0s  042.44 iters/s

running (03m43.5s), 029/788 VUs, 3898 complete and 0 interrupted iterations
openloop_gradual   [  31% ] 029/788 VUs  03m43.4s/12m0s  042.75 iters/s

running (03m44.5s), 032/788 VUs, 3938 complete and 0 interrupted iterations
openloop_gradual   [  31% ] 032/788 VUs  03m44.4s/12m0s  043.07 iters/s

running (03m45.5s), 029/788 VUs, 3984 complete and 0 interrupted iterations
openloop_gradual   [  31% ] 029/788 VUs  03m45.4s/12m0s  043.38 iters/s

running (03m46.5s), 033/788 VUs, 4024 complete and 0 interrupted iterations
openloop_gradual   [  31% ] 033/788 VUs  03m46.4s/12m0s  043.70 iters/s

running (03m47.5s), 029/788 VUs, 4072 complete and 0 interrupted iterations
openloop_gradual   [  32% ] 029/788 VUs  03m47.4s/12m0s  044.02 iters/s

running (03m48.5s), 032/788 VUs, 4113 complete and 0 interrupted iterations
openloop_gradual   [  32% ] 032/788 VUs  03m48.4s/12m0s  044.33 iters/s

running (03m49.5s), 034/788 VUs, 4156 complete and 0 interrupted iterations
openloop_gradual   [  32% ] 034/788 VUs  03m49.4s/12m0s  044.65 iters/s

running (03m50.5s), 030/788 VUs, 4204 complete and 0 interrupted iterations
openloop_gradual   [  32% ] 030/788 VUs  03m50.4s/12m0s  044.96 iters/s

running (03m51.5s), 030/788 VUs, 4249 complete and 0 interrupted iterations
openloop_gradual   [  32% ] 030/788 VUs  03m51.4s/12m0s  045.28 iters/s

running (03m52.5s), 035/788 VUs, 4290 complete and 0 interrupted iterations
openloop_gradual   [  32% ] 035/788 VUs  03m52.4s/12m0s  045.60 iters/s

running (03m53.5s), 032/788 VUs, 4339 complete and 0 interrupted iterations
openloop_gradual   [  32% ] 032/788 VUs  03m53.4s/12m0s  045.92 iters/s

running (03m54.5s), 032/788 VUs, 4385 complete and 0 interrupted iterations
openloop_gradual   [  33% ] 032/788 VUs  03m54.4s/12m0s  046.24 iters/s

running (03m55.5s), 032/788 VUs, 4431 complete and 0 interrupted iterations
openloop_gradual   [  33% ] 032/788 VUs  03m55.4s/12m0s  046.55 iters/s

running (03m56.5s), 032/788 VUs, 4478 complete and 0 interrupted iterations
openloop_gradual   [  33% ] 032/788 VUs  03m56.4s/12m0s  046.87 iters/s

running (03m57.5s), 035/788 VUs, 4522 complete and 0 interrupted iterations
openloop_gradual   [  33% ] 035/788 VUs  03m57.4s/12m0s  047.18 iters/s

running (03m58.5s), 035/788 VUs, 4569 complete and 0 interrupted iterations
openloop_gradual   [  33% ] 035/788 VUs  03m58.4s/12m0s  047.50 iters/s

running (03m59.5s), 033/788 VUs, 4619 complete and 0 interrupted iterations
openloop_gradual   [  33% ] 033/788 VUs  03m59.4s/12m0s  047.82 iters/s

running (04m00.5s), 036/788 VUs, 4664 complete and 0 interrupted iterations
openloop_gradual   [  33% ] 036/788 VUs  04m00.4s/12m0s  048.14 iters/s

running (04m01.5s), 033/788 VUs, 4715 complete and 0 interrupted iterations
openloop_gradual   [  34% ] 033/788 VUs  04m01.4s/12m0s  048.45 iters/s

running (04m02.5s), 032/788 VUs, 4765 complete and 0 interrupted iterations
openloop_gradual   [  34% ] 032/788 VUs  04m02.4s/12m0s  048.77 iters/s

running (04m03.5s), 035/788 VUs, 4811 complete and 0 interrupted iterations
openloop_gradual   [  34% ] 035/788 VUs  04m03.4s/12m0s  049.09 iters/s

running (04m04.5s), 035/788 VUs, 4860 complete and 0 interrupted iterations
openloop_gradual   [  34% ] 035/788 VUs  04m04.4s/12m0s  049.40 iters/s

running (04m05.5s), 035/788 VUs, 4909 complete and 0 interrupted iterations
openloop_gradual   [  34% ] 035/788 VUs  04m05.4s/12m0s  049.71 iters/s

running (04m06.5s), 036/788 VUs, 4958 complete and 0 interrupted iterations
openloop_gradual   [  34% ] 036/788 VUs  04m06.4s/12m0s  050.03 iters/s

running (04m07.5s), 036/788 VUs, 5009 complete and 0 interrupted iterations
openloop_gradual   [  34% ] 036/788 VUs  04m07.4s/12m0s  050.35 iters/s

running (04m08.5s), 034/788 VUs, 5061 complete and 0 interrupted iterations
openloop_gradual   [  35% ] 034/788 VUs  04m08.4s/12m0s  050.67 iters/s

running (04m09.5s), 035/788 VUs, 5111 complete and 0 interrupted iterations
openloop_gradual   [  35% ] 035/788 VUs  04m09.4s/12m0s  050.98 iters/s

running (04m10.5s), 039/788 VUs, 5158 complete and 0 interrupted iterations
openloop_gradual   [  35% ] 039/788 VUs  04m10.4s/12m0s  051.30 iters/s

running (04m11.5s), 033/788 VUs, 5215 complete and 0 interrupted iterations
openloop_gradual   [  35% ] 033/788 VUs  04m11.4s/12m0s  051.61 iters/s

running (04m12.5s), 035/788 VUs, 5265 complete and 0 interrupted iterations
openloop_gradual   [  35% ] 035/788 VUs  04m12.4s/12m0s  051.93 iters/s

running (04m13.5s), 039/788 VUs, 5313 complete and 0 interrupted iterations
openloop_gradual   [  35% ] 039/788 VUs  04m13.4s/12m0s  052.25 iters/s

running (04m14.5s), 037/788 VUs, 5368 complete and 0 interrupted iterations
openloop_gradual   [  35% ] 037/788 VUs  04m14.4s/12m0s  052.57 iters/s

running (04m15.5s), 037/788 VUs, 5420 complete and 0 interrupted iterations
openloop_gradual   [  35% ] 037/788 VUs  04m15.4s/12m0s  052.88 iters/s

running (04m16.5s), 037/788 VUs, 5474 complete and 0 interrupted iterations
openloop_gradual   [  36% ] 037/788 VUs  04m16.4s/12m0s  053.20 iters/s

running (04m17.5s), 036/788 VUs, 5528 complete and 0 interrupted iterations
openloop_gradual   [  36% ] 036/788 VUs  04m17.4s/12m0s  053.52 iters/s

running (04m18.5s), 037/788 VUs, 5581 complete and 0 interrupted iterations
openloop_gradual   [  36% ] 037/788 VUs  04m18.4s/12m0s  053.84 iters/s

running (04m19.5s), 042/788 VUs, 5630 complete and 0 interrupted iterations
openloop_gradual   [  36% ] 042/788 VUs  04m19.4s/12m0s  054.15 iters/s

running (04m20.5s), 040/788 VUs, 5686 complete and 0 interrupted iterations
openloop_gradual   [  36% ] 040/788 VUs  04m20.4s/12m0s  054.47 iters/s

running (04m21.5s), 039/788 VUs, 5741 complete and 0 interrupted iterations
openloop_gradual   [  36% ] 039/788 VUs  04m21.4s/12m0s  054.79 iters/s

running (04m22.5s), 040/788 VUs, 5795 complete and 0 interrupted iterations
openloop_gradual   [  36% ] 040/788 VUs  04m22.4s/12m0s  055.10 iters/s

running (04m23.5s), 038/788 VUs, 5853 complete and 0 interrupted iterations
openloop_gradual   [  37% ] 038/788 VUs  04m23.4s/12m0s  055.42 iters/s

running (04m24.5s), 040/788 VUs, 5906 complete and 0 interrupted iterations
openloop_gradual   [  37% ] 040/788 VUs  04m24.4s/12m0s  055.73 iters/s

running (04m25.5s), 042/788 VUs, 5960 complete and 0 interrupted iterations
openloop_gradual   [  37% ] 042/788 VUs  04m25.4s/12m0s  056.05 iters/s

running (04m26.5s), 036/788 VUs, 6022 complete and 0 interrupted iterations
openloop_gradual   [  37% ] 036/788 VUs  04m26.4s/12m0s  056.37 iters/s

running (04m27.5s), 042/788 VUs, 6073 complete and 0 interrupted iterations
openloop_gradual   [  37% ] 042/788 VUs  04m27.4s/12m0s  056.68 iters/s

running (04m28.5s), 043/788 VUs, 6129 complete and 0 interrupted iterations
openloop_gradual   [  37% ] 043/788 VUs  04m28.4s/12m0s  057.00 iters/s

running (04m29.5s), 040/788 VUs, 6189 complete and 0 interrupted iterations
openloop_gradual   [  37% ] 040/788 VUs  04m29.4s/12m0s  057.32 iters/s

running (04m30.5s), 044/788 VUs, 6242 complete and 0 interrupted iterations
openloop_gradual   [  38% ] 044/788 VUs  04m30.4s/12m0s  057.63 iters/s

running (04m31.5s), 042/788 VUs, 6302 complete and 0 interrupted iterations
openloop_gradual   [  38% ] 042/788 VUs  04m31.4s/12m0s  057.95 iters/s

running (04m32.5s), 041/788 VUs, 6361 complete and 0 interrupted iterations
openloop_gradual   [  38% ] 041/788 VUs  04m32.4s/12m0s  058.27 iters/s

running (04m33.5s), 039/788 VUs, 6422 complete and 0 interrupted iterations
openloop_gradual   [  38% ] 039/788 VUs  04m33.4s/12m0s  058.59 iters/s

running (04m34.5s), 044/788 VUs, 6475 complete and 0 interrupted iterations
openloop_gradual   [  38% ] 044/788 VUs  04m34.4s/12m0s  058.90 iters/s

running (04m35.5s), 043/788 VUs, 6536 complete and 0 interrupted iterations
openloop_gradual   [  38% ] 043/788 VUs  04m35.4s/12m0s  059.22 iters/s

running (04m36.5s), 039/788 VUs, 6599 complete and 0 interrupted iterations
openloop_gradual   [  38% ] 039/788 VUs  04m36.4s/12m0s  059.53 iters/s

running (04m37.5s), 041/788 VUs, 6657 complete and 0 interrupted iterations
openloop_gradual   [  39% ] 041/788 VUs  04m37.4s/12m0s  059.85 iters/s

running (04m38.5s), 045/788 VUs, 6713 complete and 0 interrupted iterations
openloop_gradual   [  39% ] 045/788 VUs  04m38.4s/12m0s  060.17 iters/s

running (04m39.5s), 044/788 VUs, 6774 complete and 0 interrupted iterations
openloop_gradual   [  39% ] 044/788 VUs  04m39.4s/12m0s  060.48 iters/s

running (04m40.5s), 042/788 VUs, 6837 complete and 0 interrupted iterations
openloop_gradual   [  39% ] 042/788 VUs  04m40.4s/12m0s  060.80 iters/s

running (04m41.5s), 045/788 VUs, 6895 complete and 0 interrupted iterations
openloop_gradual   [  39% ] 045/788 VUs  04m41.4s/12m0s  061.12 iters/s

running (04m42.5s), 042/788 VUs, 6959 complete and 0 interrupted iterations
openloop_gradual   [  39% ] 042/788 VUs  04m42.4s/12m0s  061.44 iters/s

running (04m43.5s), 043/788 VUs, 7019 complete and 0 interrupted iterations
openloop_gradual   [  39% ] 043/788 VUs  04m43.4s/12m0s  061.75 iters/s

running (04m44.5s), 039/788 VUs, 7085 complete and 0 interrupted iterations
openloop_gradual   [  40% ] 039/788 VUs  04m44.4s/12m0s  062.07 iters/s

running (04m45.5s), 046/788 VUs, 7141 complete and 0 interrupted iterations
openloop_gradual   [  40% ] 046/788 VUs  04m45.4s/12m0s  062.39 iters/s

running (04m46.5s), 043/788 VUs, 7206 complete and 0 interrupted iterations
openloop_gradual   [  40% ] 043/788 VUs  04m46.4s/12m0s  062.70 iters/s

running (04m47.5s), 043/788 VUs, 7269 complete and 0 interrupted iterations
openloop_gradual   [  40% ] 043/788 VUs  04m47.4s/12m0s  063.02 iters/s

running (04m48.5s), 045/788 VUs, 7330 complete and 0 interrupted iterations
openloop_gradual   [  40% ] 045/788 VUs  04m48.4s/12m0s  063.33 iters/s

running (04m49.5s), 042/788 VUs, 7397 complete and 0 interrupted iterations
openloop_gradual   [  40% ] 042/788 VUs  04m49.4s/12m0s  063.65 iters/s

running (04m50.5s), 043/788 VUs, 7459 complete and 0 interrupted iterations
openloop_gradual   [  40% ] 043/788 VUs  04m50.4s/12m0s  063.97 iters/s

running (04m51.5s), 042/788 VUs, 7524 complete and 0 interrupted iterations
openloop_gradual   [  40% ] 042/788 VUs  04m51.4s/12m0s  064.28 iters/s

running (04m52.5s), 049/788 VUs, 7582 complete and 0 interrupted iterations
openloop_gradual   [  41% ] 049/788 VUs  04m52.4s/12m0s  064.60 iters/s

running (04m53.5s), 048/788 VUs, 7648 complete and 0 interrupted iterations
openloop_gradual   [  41% ] 048/788 VUs  04m53.4s/12m0s  064.92 iters/s

running (04m54.5s), 049/788 VUs, 7712 complete and 0 interrupted iterations
openloop_gradual   [  41% ] 049/788 VUs  04m54.4s/12m0s  065.24 iters/s

running (04m55.5s), 048/788 VUs, 7778 complete and 0 interrupted iterations
openloop_gradual   [  41% ] 048/788 VUs  04m55.4s/12m0s  065.55 iters/s

running (04m56.5s), 049/788 VUs, 7843 complete and 0 interrupted iterations
openloop_gradual   [  41% ] 049/788 VUs  04m56.4s/12m0s  065.87 iters/s

running (04m57.5s), 047/788 VUs, 7911 complete and 0 interrupted iterations
openloop_gradual   [  41% ] 047/788 VUs  04m57.4s/12m0s  066.18 iters/s

running (04m58.5s), 046/788 VUs, 7978 complete and 0 interrupted iterations
openloop_gradual   [  41% ] 046/788 VUs  04m58.4s/12m0s  066.50 iters/s

running (04m59.5s), 048/788 VUs, 8043 complete and 0 interrupted iterations
openloop_gradual   [  42% ] 048/788 VUs  04m59.4s/12m0s  066.82 iters/s

running (05m00.5s), 047/788 VUs, 8111 complete and 0 interrupted iterations
openloop_gradual   [  42% ] 047/788 VUs  05m00.4s/12m0s  067.13 iters/s

running (05m01.5s), 051/788 VUs, 8174 complete and 0 interrupted iterations
openloop_gradual   [  42% ] 051/788 VUs  05m01.4s/12m0s  067.45 iters/s

running (05m02.5s), 049/788 VUs, 8244 complete and 0 interrupted iterations
openloop_gradual   [  42% ] 049/788 VUs  05m02.4s/12m0s  067.77 iters/s

running (05m03.5s), 046/788 VUs, 8315 complete and 0 interrupted iterations
openloop_gradual   [  42% ] 046/788 VUs  05m03.4s/12m0s  068.09 iters/s

running (05m04.5s), 051/788 VUs, 8378 complete and 0 interrupted iterations
openloop_gradual   [  42% ] 051/788 VUs  05m04.4s/12m0s  068.40 iters/s

running (05m05.5s), 049/788 VUs, 8449 complete and 0 interrupted iterations
openloop_gradual   [  42% ] 049/788 VUs  05m05.4s/12m0s  068.72 iters/s

running (05m06.5s), 048/788 VUs, 8518 complete and 0 interrupted iterations
openloop_gradual   [  43% ] 048/788 VUs  05m06.4s/12m0s  069.03 iters/s

running (05m07.5s), 050/788 VUs, 8586 complete and 0 interrupted iterations
openloop_gradual   [  43% ] 050/788 VUs  05m07.4s/12m0s  069.35 iters/s

running (05m08.5s), 055/788 VUs, 8650 complete and 0 interrupted iterations
openloop_gradual   [  43% ] 055/788 VUs  05m08.4s/12m0s  069.67 iters/s

running (05m09.5s), 051/788 VUs, 8724 complete and 0 interrupted iterations
openloop_gradual   [  43% ] 051/788 VUs  05m09.4s/12m0s  069.98 iters/s

running (05m10.5s), 048/788 VUs, 8797 complete and 0 interrupted iterations
openloop_gradual   [  43% ] 048/788 VUs  05m10.4s/12m0s  070.30 iters/s

running (05m11.5s), 050/788 VUs, 8866 complete and 0 interrupted iterations
openloop_gradual   [  43% ] 050/788 VUs  05m11.4s/12m0s  070.62 iters/s

running (05m12.5s), 049/788 VUs, 8937 complete and 0 interrupted iterations
openloop_gradual   [  43% ] 049/788 VUs  05m12.4s/12m0s  070.93 iters/s

running (05m13.5s), 047/788 VUs, 9010 complete and 0 interrupted iterations
openloop_gradual   [  44% ] 047/788 VUs  05m13.4s/12m0s  071.25 iters/s

running (05m14.5s), 050/788 VUs, 9079 complete and 0 interrupted iterations
openloop_gradual   [  44% ] 050/788 VUs  05m14.4s/12m0s  071.57 iters/s

running (05m15.5s), 049/788 VUs, 9151 complete and 0 interrupted iterations
openloop_gradual   [  44% ] 049/788 VUs  05m15.4s/12m0s  071.88 iters/s

running (05m16.5s), 053/788 VUs, 9219 complete and 0 interrupted iterations
openloop_gradual   [  44% ] 053/788 VUs  05m16.4s/12m0s  072.20 iters/s

running (05m17.5s), 054/788 VUs, 9291 complete and 0 interrupted iterations
openloop_gradual   [  44% ] 054/788 VUs  05m17.4s/12m0s  072.52 iters/s

running (05m18.5s), 054/788 VUs, 9364 complete and 0 interrupted iterations
openloop_gradual   [  44% ] 054/788 VUs  05m18.4s/12m0s  072.84 iters/s

running (05m19.5s), 055/788 VUs, 9436 complete and 0 interrupted iterations
openloop_gradual   [  44% ] 055/788 VUs  05m19.4s/12m0s  073.15 iters/s

running (05m20.5s), 052/788 VUs, 9512 complete and 0 interrupted iterations
openloop_gradual   [  45% ] 052/788 VUs  05m20.4s/12m0s  073.47 iters/s

running (05m21.5s), 049/788 VUs, 9588 complete and 0 interrupted iterations
openloop_gradual   [  45% ] 049/788 VUs  05m21.4s/12m0s  073.78 iters/s

running (05m22.5s), 053/788 VUs, 9659 complete and 0 interrupted iterations
openloop_gradual   [  45% ] 053/788 VUs  05m22.4s/12m0s  074.10 iters/s

running (05m23.5s), 054/788 VUs, 9732 complete and 0 interrupted iterations
openloop_gradual   [  45% ] 054/788 VUs  05m23.4s/12m0s  074.42 iters/s

running (05m24.5s), 052/788 VUs, 9808 complete and 0 interrupted iterations
openloop_gradual   [  45% ] 052/788 VUs  05m24.4s/12m0s  074.73 iters/s

running (05m25.5s), 055/788 VUs, 9880 complete and 0 interrupted iterations
openloop_gradual   [  45% ] 055/788 VUs  05m25.4s/12m0s  075.05 iters/s

running (05m26.5s), 050/788 VUs, 9960 complete and 0 interrupted iterations
openloop_gradual   [  45% ] 050/788 VUs  05m26.4s/12m0s  075.37 iters/s

running (05m27.5s), 053/788 VUs, 10033 complete and 0 interrupted iterations
openloop_gradual   [  45% ] 053/788 VUs  05m27.4s/12m0s  075.68 iters/s

running (05m28.5s), 055/788 VUs, 10107 complete and 0 interrupted iterations
openloop_gradual   [  46% ] 055/788 VUs  05m28.4s/12m0s  076.00 iters/s

running (05m29.5s), 054/788 VUs, 10184 complete and 0 interrupted iterations
openloop_gradual   [  46% ] 054/788 VUs  05m29.4s/12m0s  076.32 iters/s

running (05m30.5s), 053/788 VUs, 10261 complete and 0 interrupted iterations
openloop_gradual   [  46% ] 053/788 VUs  05m30.4s/12m0s  076.63 iters/s

running (05m31.5s), 052/788 VUs, 10339 complete and 0 interrupted iterations
openloop_gradual   [  46% ] 052/788 VUs  05m31.4s/12m0s  076.95 iters/s

running (05m32.5s), 056/788 VUs, 10412 complete and 0 interrupted iterations
openloop_gradual   [  46% ] 056/788 VUs  05m32.4s/12m0s  077.27 iters/s

running (05m33.5s), 051/788 VUs, 10495 complete and 0 interrupted iterations
openloop_gradual   [  46% ] 051/788 VUs  05m33.4s/12m0s  077.59 iters/s

running (05m34.5s), 050/788 VUs, 10573 complete and 0 interrupted iterations
openloop_gradual   [  46% ] 050/788 VUs  05m34.4s/12m0s  077.90 iters/s

running (05m35.5s), 055/788 VUs, 10647 complete and 0 interrupted iterations
openloop_gradual   [  47% ] 055/788 VUs  05m35.4s/12m0s  078.22 iters/s

running (05m36.5s), 059/788 VUs, 10721 complete and 0 interrupted iterations
openloop_gradual   [  47% ] 059/788 VUs  05m36.4s/12m0s  078.53 iters/s

running (05m37.5s), 060/788 VUs, 10799 complete and 0 interrupted iterations
openloop_gradual   [  47% ] 060/788 VUs  05m37.4s/12m0s  078.85 iters/s

running (05m38.5s), 059/788 VUs, 10879 complete and 0 interrupted iterations
openloop_gradual   [  47% ] 059/788 VUs  05m38.4s/12m0s  079.17 iters/s

running (05m39.5s), 055/788 VUs, 10962 complete and 0 interrupted iterations
openloop_gradual   [  47% ] 055/788 VUs  05m39.4s/12m0s  079.48 iters/s

running (05m40.5s), 058/788 VUs, 11039 complete and 0 interrupted iterations
openloop_gradual   [  47% ] 058/788 VUs  05m40.4s/12m0s  079.80 iters/s

running (05m41.5s), 059/788 VUs, 11118 complete and 0 interrupted iterations
openloop_gradual   [  47% ] 059/788 VUs  05m41.4s/12m0s  080.12 iters/s

running (05m42.5s), 055/788 VUs, 11202 complete and 0 interrupted iterations
openloop_gradual   [  48% ] 055/788 VUs  05m42.4s/12m0s  080.43 iters/s

running (05m43.5s), 056/788 VUs, 11281 complete and 0 interrupted iterations
openloop_gradual   [  48% ] 056/788 VUs  05m43.4s/12m0s  080.75 iters/s

running (05m44.5s), 059/788 VUs, 11359 complete and 0 interrupted iterations
openloop_gradual   [  48% ] 059/788 VUs  05m44.4s/12m0s  081.07 iters/s

running (05m45.5s), 056/788 VUs, 11444 complete and 0 interrupted iterations
openloop_gradual   [  48% ] 056/788 VUs  05m45.4s/12m0s  081.39 iters/s

running (05m46.5s), 061/788 VUs, 11520 complete and 0 interrupted iterations
openloop_gradual   [  48% ] 061/788 VUs  05m46.4s/12m0s  081.70 iters/s

running (05m47.5s), 057/788 VUs, 11606 complete and 0 interrupted iterations
openloop_gradual   [  48% ] 057/788 VUs  05m47.4s/12m0s  082.02 iters/s

running (05m48.5s), 052/788 VUs, 11693 complete and 0 interrupted iterations
openloop_gradual   [  48% ] 052/788 VUs  05m48.4s/12m0s  082.33 iters/s

running (05m49.5s), 058/788 VUs, 11770 complete and 0 interrupted iterations
openloop_gradual   [  49% ] 058/788 VUs  05m49.4s/12m0s  082.65 iters/s

running (05m50.5s), 058/788 VUs, 11852 complete and 0 interrupted iterations
openloop_gradual   [  49% ] 058/788 VUs  05m50.4s/12m0s  082.97 iters/s

running (05m51.5s), 058/788 VUs, 11935 complete and 0 interrupted iterations
openloop_gradual   [  49% ] 058/788 VUs  05m51.4s/12m0s  083.28 iters/s

running (05m52.5s), 063/788 VUs, 12014 complete and 0 interrupted iterations
openloop_gradual   [  49% ] 063/788 VUs  05m52.4s/12m0s  083.60 iters/s

running (05m53.5s), 053/788 VUs, 12108 complete and 0 interrupted iterations
openloop_gradual   [  49% ] 053/788 VUs  05m53.4s/12m0s  083.92 iters/s

running (05m54.5s), 061/788 VUs, 12184 complete and 0 interrupted iterations
openloop_gradual   [  49% ] 061/788 VUs  05m54.4s/12m0s  084.23 iters/s

running (05m55.5s), 063/788 VUs, 12266 complete and 0 interrupted iterations
openloop_gradual   [  49% ] 063/788 VUs  05m55.4s/12m0s  084.55 iters/s

running (05m56.5s), 063/788 VUs, 12351 complete and 0 interrupted iterations
openloop_gradual   [  50% ] 063/788 VUs  05m56.4s/12m0s  084.87 iters/s

running (05m57.5s), 062/788 VUs, 12437 complete and 0 interrupted iterations
openloop_gradual   [  50% ] 062/788 VUs  05m57.4s/12m0s  085.18 iters/s

running (05m58.5s), 061/788 VUs, 12523 complete and 0 interrupted iterations
openloop_gradual   [  50% ] 061/788 VUs  05m58.4s/12m0s  085.50 iters/s

running (05m59.5s), 062/788 VUs, 12608 complete and 0 interrupted iterations
openloop_gradual   [  50% ] 062/788 VUs  05m59.4s/12m0s  085.82 iters/s

running (06m00.5s), 062/788 VUs, 12694 complete and 0 interrupted iterations
openloop_gradual   [  50% ] 062/788 VUs  06m00.4s/12m0s  086.13 iters/s

running (06m01.5s), 061/788 VUs, 12781 complete and 0 interrupted iterations
openloop_gradual   [  50% ] 061/788 VUs  06m01.4s/12m0s  086.45 iters/s

running (06m02.5s), 057/788 VUs, 12872 complete and 0 interrupted iterations
openloop_gradual   [  50% ] 057/788 VUs  06m02.4s/12m0s  086.77 iters/s

running (06m03.5s), 062/788 VUs, 12954 complete and 0 interrupted iterations
openloop_gradual   [  50% ] 062/788 VUs  06m03.4s/12m0s  087.08 iters/s

running (06m04.5s), 062/788 VUs, 13041 complete and 0 interrupted iterations
openloop_gradual   [  51% ] 062/788 VUs  06m04.4s/12m0s  087.40 iters/s

running (06m05.5s), 062/788 VUs, 13129 complete and 0 interrupted iterations
openloop_gradual   [  51% ] 062/788 VUs  06m05.4s/12m0s  087.72 iters/s

running (06m06.5s), 059/788 VUs, 13219 complete and 0 interrupted iterations
openloop_gradual   [  51% ] 059/788 VUs  06m06.4s/12m0s  088.03 iters/s

running (06m07.5s), 066/788 VUs, 13301 complete and 0 interrupted iterations
openloop_gradual   [  51% ] 066/788 VUs  06m07.4s/12m0s  088.35 iters/s

running (06m08.5s), 061/788 VUs, 13394 complete and 0 interrupted iterations
openloop_gradual   [  51% ] 061/788 VUs  06m08.4s/12m0s  088.67 iters/s

running (06m09.5s), 064/788 VUs, 13480 complete and 0 interrupted iterations
openloop_gradual   [  51% ] 064/788 VUs  06m09.4s/12m0s  088.98 iters/s

running (06m10.5s), 061/788 VUs, 13572 complete and 0 interrupted iterations
openloop_gradual   [  51% ] 061/788 VUs  06m10.4s/12m0s  089.30 iters/s

running (06m11.5s), 065/788 VUs, 13658 complete and 0 interrupted iterations
openloop_gradual   [  52% ] 065/788 VUs  06m11.4s/12m0s  089.62 iters/s

running (06m12.5s), 070/788 VUs, 13742 complete and 0 interrupted iterations
openloop_gradual   [  52% ] 070/788 VUs  06m12.4s/12m0s  089.93 iters/s

running (06m13.5s), 061/788 VUs, 13841 complete and 0 interrupted iterations
openloop_gradual   [  52% ] 061/788 VUs  06m13.4s/12m0s  090.25 iters/s

running (06m14.5s), 062/788 VUs, 13931 complete and 0 interrupted iterations
openloop_gradual   [  52% ] 062/788 VUs  06m14.4s/12m0s  090.57 iters/s

running (06m15.5s), 065/788 VUs, 14019 complete and 0 interrupted iterations
openloop_gradual   [  52% ] 065/788 VUs  06m15.4s/12m0s  090.89 iters/s

running (06m16.5s), 067/788 VUs, 14108 complete and 0 interrupted iterations
openloop_gradual   [  52% ] 067/788 VUs  06m16.4s/12m0s  091.20 iters/s

running (06m17.5s), 064/788 VUs, 14202 complete and 0 interrupted iterations
openloop_gradual   [  52% ] 064/788 VUs  06m17.4s/12m0s  091.52 iters/s

running (06m18.5s), 064/788 VUs, 14294 complete and 0 interrupted iterations
openloop_gradual   [  53% ] 064/788 VUs  06m18.4s/12m0s  091.84 iters/s

running (06m19.5s), 063/788 VUs, 14387 complete and 0 interrupted iterations
openloop_gradual   [  53% ] 063/788 VUs  06m19.4s/12m0s  092.15 iters/s

running (06m20.5s), 068/788 VUs, 14474 complete and 0 interrupted iterations
openloop_gradual   [  53% ] 068/788 VUs  06m20.4s/12m0s  092.47 iters/s

running (06m21.5s), 068/788 VUs, 14567 complete and 0 interrupted iterations
openloop_gradual   [  53% ] 068/788 VUs  06m21.4s/12m0s  092.79 iters/s

running (06m22.5s), 065/788 VUs, 14662 complete and 0 interrupted iterations
openloop_gradual   [  53% ] 065/788 VUs  06m22.4s/12m0s  093.10 iters/s

running (06m23.5s), 066/788 VUs, 14755 complete and 0 interrupted iterations
openloop_gradual   [  53% ] 066/788 VUs  06m23.4s/12m0s  093.42 iters/s

running (06m24.5s), 060/788 VUs, 14854 complete and 0 interrupted iterations
openloop_gradual   [  53% ] 060/788 VUs  06m24.4s/12m0s  093.73 iters/s

running (06m25.5s), 067/788 VUs, 14941 complete and 0 interrupted iterations
openloop_gradual   [  54% ] 067/788 VUs  06m25.4s/12m0s  094.05 iters/s

running (06m26.5s), 070/788 VUs, 15033 complete and 0 interrupted iterations
openloop_gradual   [  54% ] 070/788 VUs  06m26.4s/12m0s  094.37 iters/s

running (06m27.5s), 066/788 VUs, 15131 complete and 0 interrupted iterations
openloop_gradual   [  54% ] 066/788 VUs  06m27.4s/12m0s  094.68 iters/s

running (06m28.5s), 065/788 VUs, 15227 complete and 0 interrupted iterations
openloop_gradual   [  54% ] 065/788 VUs  06m28.4s/12m0s  095.00 iters/s

running (06m29.5s), 065/788 VUs, 15322 complete and 0 interrupted iterations
openloop_gradual   [  54% ] 065/788 VUs  06m29.4s/12m0s  095.32 iters/s

running (06m30.5s), 068/788 VUs, 15414 complete and 0 interrupted iterations
openloop_gradual   [  54% ] 068/788 VUs  06m30.4s/12m0s  095.63 iters/s

running (06m31.5s), 070/788 VUs, 15508 complete and 0 interrupted iterations
openloop_gradual   [  54% ] 070/788 VUs  06m31.4s/12m0s  095.95 iters/s

running (06m32.5s), 071/788 VUs, 15603 complete and 0 interrupted iterations
openloop_gradual   [  55% ] 071/788 VUs  06m32.4s/12m0s  096.27 iters/s

running (06m33.5s), 066/788 VUs, 15705 complete and 0 interrupted iterations
openloop_gradual   [  55% ] 066/788 VUs  06m33.4s/12m0s  096.58 iters/s

running (06m34.5s), 071/788 VUs, 15796 complete and 0 interrupted iterations
openloop_gradual   [  55% ] 071/788 VUs  06m34.4s/12m0s  096.90 iters/s

running (06m35.5s), 070/788 VUs, 15895 complete and 0 interrupted iterations
openloop_gradual   [  55% ] 070/788 VUs  06m35.4s/12m0s  097.22 iters/s

running (06m36.5s), 075/788 VUs, 15987 complete and 0 interrupted iterations
openloop_gradual   [  55% ] 075/788 VUs  06m36.4s/12m0s  097.53 iters/s

running (06m37.5s), 071/788 VUs, 16089 complete and 0 interrupted iterations
openloop_gradual   [  55% ] 071/788 VUs  06m37.4s/12m0s  097.85 iters/s

running (06m38.5s), 074/788 VUs, 16184 complete and 0 interrupted iterations
openloop_gradual   [  55% ] 074/788 VUs  06m38.4s/12m0s  098.17 iters/s

running (06m39.5s), 071/788 VUs, 16285 complete and 0 interrupted iterations
openloop_gradual   [  55% ] 071/788 VUs  06m39.4s/12m0s  098.48 iters/s

running (06m40.5s), 071/788 VUs, 16384 complete and 0 interrupted iterations
openloop_gradual   [  56% ] 071/788 VUs  06m40.4s/12m0s  098.80 iters/s

running (06m41.5s), 070/788 VUs, 16484 complete and 0 interrupted iterations
openloop_gradual   [  56% ] 070/788 VUs  06m41.4s/12m0s  099.12 iters/s

running (06m42.5s), 070/788 VUs, 16583 complete and 0 interrupted iterations
openloop_gradual   [  56% ] 070/788 VUs  06m42.4s/12m0s  099.43 iters/s

running (06m43.5s), 072/788 VUs, 16680 complete and 0 interrupted iterations
openloop_gradual   [  56% ] 072/788 VUs  06m43.4s/12m0s  099.75 iters/s

running (06m44.5s), 069/788 VUs, 16783 complete and 0 interrupted iterations
openloop_gradual   [  56% ] 069/788 VUs  06m44.4s/12m0s  100.07 iters/s

running (06m45.5s), 073/788 VUs, 16880 complete and 0 interrupted iterations
openloop_gradual   [  56% ] 073/788 VUs  06m45.4s/12m0s  100.39 iters/s

running (06m46.5s), 069/788 VUs, 16984 complete and 0 interrupted iterations
openloop_gradual   [  56% ] 069/788 VUs  06m46.4s/12m0s  100.70 iters/s

running (06m47.5s), 071/788 VUs, 17083 complete and 0 interrupted iterations
openloop_gradual   [  57% ] 071/788 VUs  06m47.4s/12m0s  101.02 iters/s

running (06m48.5s), 074/788 VUs, 17181 complete and 0 interrupted iterations
openloop_gradual   [  57% ] 074/788 VUs  06m48.4s/12m0s  101.33 iters/s

running (06m49.5s), 078/788 VUs, 17279 complete and 0 interrupted iterations
openloop_gradual   [  57% ] 078/788 VUs  06m49.4s/12m0s  101.65 iters/s

running (06m50.5s), 073/788 VUs, 17386 complete and 0 interrupted iterations
openloop_gradual   [  57% ] 073/788 VUs  06m50.4s/12m0s  101.97 iters/s

running (06m51.5s), 071/788 VUs, 17490 complete and 0 interrupted iterations
openloop_gradual   [  57% ] 071/788 VUs  06m51.4s/12m0s  102.29 iters/s

running (06m52.5s), 073/788 VUs, 17590 complete and 0 interrupted iterations
openloop_gradual   [  57% ] 073/788 VUs  06m52.4s/12m0s  102.60 iters/s

running (06m53.5s), 074/788 VUs, 17692 complete and 0 interrupted iterations
openloop_gradual   [  57% ] 074/788 VUs  06m53.4s/12m0s  102.92 iters/s

running (06m54.5s), 076/788 VUs, 17793 complete and 0 interrupted iterations
openloop_gradual   [  58% ] 076/788 VUs  06m54.4s/12m0s  103.23 iters/s

running (06m55.5s), 075/788 VUs, 17897 complete and 0 interrupted iterations
openloop_gradual   [  58% ] 075/788 VUs  06m55.4s/12m0s  103.55 iters/s

running (06m56.5s), 074/788 VUs, 18002 complete and 0 interrupted iterations
openloop_gradual   [  58% ] 074/788 VUs  06m56.4s/12m0s  103.87 iters/s

running (06m57.5s), 070/788 VUs, 18110 complete and 0 interrupted iterations
openloop_gradual   [  58% ] 070/788 VUs  06m57.4s/12m0s  104.18 iters/s

running (06m58.5s), 075/788 VUs, 18209 complete and 0 interrupted iterations
openloop_gradual   [  58% ] 075/788 VUs  06m58.4s/12m0s  104.50 iters/s

running (06m59.5s), 073/788 VUs, 18316 complete and 0 interrupted iterations
openloop_gradual   [  58% ] 073/788 VUs  06m59.4s/12m0s  104.82 iters/s

running (07m00.5s), 074/788 VUs, 18420 complete and 0 interrupted iterations
openloop_gradual   [  58% ] 074/788 VUs  07m00.4s/12m0s  105.00 iters/s

running (07m01.5s), 075/788 VUs, 18524 complete and 0 interrupted iterations
openloop_gradual   [  59% ] 075/788 VUs  07m01.4s/12m0s  105.00 iters/s

running (07m02.5s), 075/788 VUs, 18629 complete and 0 interrupted iterations
openloop_gradual   [  59% ] 075/788 VUs  07m02.4s/12m0s  105.00 iters/s

running (07m03.5s), 079/788 VUs, 18730 complete and 0 interrupted iterations
openloop_gradual   [  59% ] 079/788 VUs  07m03.4s/12m0s  105.00 iters/s

running (07m04.5s), 073/788 VUs, 18841 complete and 0 interrupted iterations
openloop_gradual   [  59% ] 073/788 VUs  07m04.4s/12m0s  105.00 iters/s

running (07m05.5s), 072/788 VUs, 18947 complete and 0 interrupted iterations
openloop_gradual   [  59% ] 072/788 VUs  07m05.4s/12m0s  105.00 iters/s

running (07m06.5s), 077/788 VUs, 19047 complete and 0 interrupted iterations
openloop_gradual   [  59% ] 077/788 VUs  07m06.4s/12m0s  105.00 iters/s

running (07m07.5s), 076/788 VUs, 19153 complete and 0 interrupted iterations
openloop_gradual   [  59% ] 076/788 VUs  07m07.4s/12m0s  105.00 iters/s

running (07m08.5s), 076/788 VUs, 19258 complete and 0 interrupted iterations
openloop_gradual   [  60% ] 076/788 VUs  07m08.4s/12m0s  105.00 iters/s

running (07m09.5s), 074/788 VUs, 19365 complete and 0 interrupted iterations
openloop_gradual   [  60% ] 074/788 VUs  07m09.4s/12m0s  105.00 iters/s

running (07m10.5s), 074/788 VUs, 19470 complete and 0 interrupted iterations
openloop_gradual   [  60% ] 074/788 VUs  07m10.4s/12m0s  105.00 iters/s

running (07m11.5s), 074/788 VUs, 19575 complete and 0 interrupted iterations
openloop_gradual   [  60% ] 074/788 VUs  07m11.4s/12m0s  105.00 iters/s

running (07m12.5s), 074/788 VUs, 19680 complete and 0 interrupted iterations
openloop_gradual   [  60% ] 074/788 VUs  07m12.4s/12m0s  105.00 iters/s

running (07m13.5s), 071/788 VUs, 19788 complete and 0 interrupted iterations
openloop_gradual   [  60% ] 071/788 VUs  07m13.4s/12m0s  105.00 iters/s

running (07m14.5s), 076/788 VUs, 19888 complete and 0 interrupted iterations
openloop_gradual   [  60% ] 076/788 VUs  07m14.4s/12m0s  105.00 iters/s

running (07m15.5s), 074/788 VUs, 19995 complete and 0 interrupted iterations
openloop_gradual   [  60% ] 074/788 VUs  07m15.4s/12m0s  105.00 iters/s

running (07m16.5s), 076/788 VUs, 20098 complete and 0 interrupted iterations
openloop_gradual   [  61% ] 076/788 VUs  07m16.4s/12m0s  105.00 iters/s

running (07m17.5s), 077/788 VUs, 20202 complete and 0 interrupted iterations
openloop_gradual   [  61% ] 077/788 VUs  07m17.4s/12m0s  105.00 iters/s

running (07m18.5s), 074/788 VUs, 20310 complete and 0 interrupted iterations
openloop_gradual   [  61% ] 074/788 VUs  07m18.4s/12m0s  105.00 iters/s

running (07m19.5s), 073/788 VUs, 20416 complete and 0 interrupted iterations
openloop_gradual   [  61% ] 073/788 VUs  07m19.4s/12m0s  105.00 iters/s

running (07m20.5s), 077/788 VUs, 20517 complete and 0 interrupted iterations
openloop_gradual   [  61% ] 077/788 VUs  07m20.4s/12m0s  105.00 iters/s

running (07m21.5s), 078/788 VUs, 20621 complete and 0 interrupted iterations
openloop_gradual   [  61% ] 078/788 VUs  07m21.4s/12m0s  105.00 iters/s

running (07m22.5s), 071/788 VUs, 20733 complete and 0 interrupted iterations
openloop_gradual   [  61% ] 071/788 VUs  07m22.4s/12m0s  105.00 iters/s

running (07m23.5s), 076/788 VUs, 20833 complete and 0 interrupted iterations
openloop_gradual   [  62% ] 076/788 VUs  07m23.4s/12m0s  105.00 iters/s

running (07m24.5s), 077/788 VUs, 20937 complete and 0 interrupted iterations
openloop_gradual   [  62% ] 077/788 VUs  07m24.4s/12m0s  105.00 iters/s

running (07m25.5s), 072/788 VUs, 21047 complete and 0 interrupted iterations
openloop_gradual   [  62% ] 072/788 VUs  07m25.4s/12m0s  105.00 iters/s

running (07m26.5s), 069/788 VUs, 21155 complete and 0 interrupted iterations
openloop_gradual   [  62% ] 069/788 VUs  07m26.4s/12m0s  105.00 iters/s

running (07m27.5s), 073/788 VUs, 21256 complete and 0 interrupted iterations
openloop_gradual   [  62% ] 073/788 VUs  07m27.4s/12m0s  105.00 iters/s

running (07m28.5s), 071/788 VUs, 21363 complete and 0 interrupted iterations
openloop_gradual   [  62% ] 071/788 VUs  07m28.4s/12m0s  105.00 iters/s

running (07m29.5s), 078/788 VUs, 21461 complete and 0 interrupted iterations
openloop_gradual   [  62% ] 078/788 VUs  07m29.4s/12m0s  105.00 iters/s

running (07m30.5s), 077/788 VUs, 21567 complete and 0 interrupted iterations
openloop_gradual   [  63% ] 077/788 VUs  07m30.4s/12m0s  105.00 iters/s

running (07m31.5s), 079/788 VUs, 21670 complete and 0 interrupted iterations
openloop_gradual   [  63% ] 079/788 VUs  07m31.4s/12m0s  105.00 iters/s

running (07m32.5s), 079/788 VUs, 21775 complete and 0 interrupted iterations
openloop_gradual   [  63% ] 079/788 VUs  07m32.4s/12m0s  105.00 iters/s

running (07m33.5s), 075/788 VUs, 21884 complete and 0 interrupted iterations
openloop_gradual   [  63% ] 075/788 VUs  07m33.4s/12m0s  105.00 iters/s

running (07m34.5s), 071/788 VUs, 21993 complete and 0 interrupted iterations
openloop_gradual   [  63% ] 071/788 VUs  07m34.4s/12m0s  105.00 iters/s

running (07m35.5s), 078/788 VUs, 22091 complete and 0 interrupted iterations
openloop_gradual   [  63% ] 078/788 VUs  07m35.4s/12m0s  105.00 iters/s

running (07m36.5s), 072/788 VUs, 22202 complete and 0 interrupted iterations
openloop_gradual   [  63% ] 072/788 VUs  07m36.4s/12m0s  105.00 iters/s

running (07m37.5s), 074/788 VUs, 22305 complete and 0 interrupted iterations
openloop_gradual   [  64% ] 074/788 VUs  07m37.4s/12m0s  105.00 iters/s

running (07m38.5s), 079/788 VUs, 22405 complete and 0 interrupted iterations
openloop_gradual   [  64% ] 079/788 VUs  07m38.4s/12m0s  105.00 iters/s

running (07m39.5s), 071/788 VUs, 22518 complete and 0 interrupted iterations
openloop_gradual   [  64% ] 071/788 VUs  07m39.4s/12m0s  105.00 iters/s

running (07m40.5s), 074/788 VUs, 22620 complete and 0 interrupted iterations
openloop_gradual   [  64% ] 074/788 VUs  07m40.4s/12m0s  105.00 iters/s

running (07m41.5s), 077/788 VUs, 22722 complete and 0 interrupted iterations
openloop_gradual   [  64% ] 077/788 VUs  07m41.4s/12m0s  105.00 iters/s

running (07m42.5s), 077/788 VUs, 22827 complete and 0 interrupted iterations
openloop_gradual   [  64% ] 077/788 VUs  07m42.4s/12m0s  105.00 iters/s

running (07m43.5s), 076/788 VUs, 22933 complete and 0 interrupted iterations
openloop_gradual   [  64% ] 076/788 VUs  07m43.4s/12m0s  105.00 iters/s

running (07m44.5s), 075/788 VUs, 23039 complete and 0 interrupted iterations
openloop_gradual   [  65% ] 075/788 VUs  07m44.4s/12m0s  105.00 iters/s

running (07m45.5s), 072/788 VUs, 23147 complete and 0 interrupted iterations
openloop_gradual   [  65% ] 072/788 VUs  07m45.4s/12m0s  105.00 iters/s

running (07m46.5s), 074/788 VUs, 23250 complete and 0 interrupted iterations
openloop_gradual   [  65% ] 074/788 VUs  07m46.4s/12m0s  105.00 iters/s

running (07m47.5s), 076/788 VUs, 23353 complete and 0 interrupted iterations
openloop_gradual   [  65% ] 076/788 VUs  07m47.4s/12m0s  105.00 iters/s

running (07m48.5s), 080/788 VUs, 23454 complete and 0 interrupted iterations
openloop_gradual   [  65% ] 080/788 VUs  07m48.4s/12m0s  105.00 iters/s

running (07m49.5s), 077/788 VUs, 23562 complete and 0 interrupted iterations
openloop_gradual   [  65% ] 077/788 VUs  07m49.4s/12m0s  105.00 iters/s

running (07m50.5s), 072/788 VUs, 23672 complete and 0 interrupted iterations
openloop_gradual   [  65% ] 072/788 VUs  07m50.4s/12m0s  105.00 iters/s

running (07m51.5s), 075/788 VUs, 23774 complete and 0 interrupted iterations
openloop_gradual   [  65% ] 075/788 VUs  07m51.4s/12m0s  105.00 iters/s

running (07m52.5s), 072/788 VUs, 23882 complete and 0 interrupted iterations
openloop_gradual   [  66% ] 072/788 VUs  07m52.4s/12m0s  105.00 iters/s

running (07m53.5s), 072/788 VUs, 23987 complete and 0 interrupted iterations
openloop_gradual   [  66% ] 072/788 VUs  07m53.4s/12m0s  105.00 iters/s

running (07m54.5s), 076/788 VUs, 24088 complete and 0 interrupted iterations
openloop_gradual   [  66% ] 076/788 VUs  07m54.4s/12m0s  105.00 iters/s

running (07m55.5s), 068/788 VUs, 24201 complete and 0 interrupted iterations
openloop_gradual   [  66% ] 068/788 VUs  07m55.4s/12m0s  105.00 iters/s

running (07m56.5s), 075/788 VUs, 24299 complete and 0 interrupted iterations
openloop_gradual   [  66% ] 075/788 VUs  07m56.4s/12m0s  105.00 iters/s

running (07m57.5s), 076/788 VUs, 24403 complete and 0 interrupted iterations
openloop_gradual   [  66% ] 076/788 VUs  07m57.4s/12m0s  105.00 iters/s

running (07m58.5s), 081/788 VUs, 24503 complete and 0 interrupted iterations
openloop_gradual   [  66% ] 081/788 VUs  07m58.4s/12m0s  105.00 iters/s

running (07m59.5s), 076/788 VUs, 24613 complete and 0 interrupted iterations
openloop_gradual   [  67% ] 076/788 VUs  07m59.4s/12m0s  105.00 iters/s

running (08m00.5s), 076/788 VUs, 24718 complete and 0 interrupted iterations
openloop_gradual   [  67% ] 076/788 VUs  08m00.4s/12m0s  105.00 iters/s

running (08m01.5s), 074/788 VUs, 24825 complete and 0 interrupted iterations
openloop_gradual   [  67% ] 074/788 VUs  08m01.4s/12m0s  105.00 iters/s

running (08m02.5s), 074/788 VUs, 24930 complete and 0 interrupted iterations
openloop_gradual   [  67% ] 074/788 VUs  08m02.4s/12m0s  105.00 iters/s

running (08m03.5s), 076/788 VUs, 25033 complete and 0 interrupted iterations
openloop_gradual   [  67% ] 076/788 VUs  08m03.4s/12m0s  105.00 iters/s

running (08m04.5s), 074/788 VUs, 25140 complete and 0 interrupted iterations
openloop_gradual   [  67% ] 074/788 VUs  08m04.4s/12m0s  105.00 iters/s

running (08m05.5s), 074/788 VUs, 25245 complete and 0 interrupted iterations
openloop_gradual   [  67% ] 074/788 VUs  08m05.4s/12m0s  105.00 iters/s

running (08m06.5s), 072/788 VUs, 25352 complete and 0 interrupted iterations
openloop_gradual   [  68% ] 072/788 VUs  08m06.4s/12m0s  105.00 iters/s

running (08m07.5s), 073/788 VUs, 25456 complete and 0 interrupted iterations
openloop_gradual   [  68% ] 073/788 VUs  08m07.4s/12m0s  105.00 iters/s

running (08m08.5s), 077/788 VUs, 25557 complete and 0 interrupted iterations
openloop_gradual   [  68% ] 077/788 VUs  08m08.4s/12m0s  105.00 iters/s

running (08m09.5s), 078/788 VUs, 25661 complete and 0 interrupted iterations
openloop_gradual   [  68% ] 078/788 VUs  08m09.4s/12m0s  105.00 iters/s

running (08m10.5s), 081/788 VUs, 25763 complete and 0 interrupted iterations
openloop_gradual   [  68% ] 081/788 VUs  08m10.4s/12m0s  105.00 iters/s

running (08m11.5s), 072/788 VUs, 25877 complete and 0 interrupted iterations
openloop_gradual   [  68% ] 072/788 VUs  08m11.4s/12m0s  105.00 iters/s

running (08m12.5s), 073/788 VUs, 25981 complete and 0 interrupted iterations
openloop_gradual   [  68% ] 073/788 VUs  08m12.4s/12m0s  105.00 iters/s

running (08m13.5s), 077/788 VUs, 26082 complete and 0 interrupted iterations
openloop_gradual   [  69% ] 077/788 VUs  08m13.4s/12m0s  105.00 iters/s

running (08m14.5s), 074/788 VUs, 26190 complete and 0 interrupted iterations
openloop_gradual   [  69% ] 074/788 VUs  08m14.4s/12m0s  105.00 iters/s

running (08m15.5s), 074/788 VUs, 26295 complete and 0 interrupted iterations
openloop_gradual   [  69% ] 074/788 VUs  08m15.4s/12m0s  105.00 iters/s

running (08m16.5s), 073/788 VUs, 26401 complete and 0 interrupted iterations
openloop_gradual   [  69% ] 073/788 VUs  08m16.4s/12m0s  105.00 iters/s

running (08m17.5s), 074/788 VUs, 26505 complete and 0 interrupted iterations
openloop_gradual   [  69% ] 074/788 VUs  08m17.4s/12m0s  105.00 iters/s

running (08m18.5s), 077/788 VUs, 26607 complete and 0 interrupted iterations
openloop_gradual   [  69% ] 077/788 VUs  08m18.4s/12m0s  105.00 iters/s

running (08m19.5s), 079/788 VUs, 26710 complete and 0 interrupted iterations
openloop_gradual   [  69% ] 079/788 VUs  08m19.4s/12m0s  105.00 iters/s

running (08m20.5s), 070/788 VUs, 26824 complete and 0 interrupted iterations
openloop_gradual   [  70% ] 070/788 VUs  08m20.4s/12m0s  105.00 iters/s

running (08m21.5s), 076/788 VUs, 26923 complete and 0 interrupted iterations
openloop_gradual   [  70% ] 076/788 VUs  08m21.4s/12m0s  105.00 iters/s

running (08m22.5s), 074/788 VUs, 27030 complete and 0 interrupted iterations
openloop_gradual   [  70% ] 074/788 VUs  08m22.4s/12m0s  105.00 iters/s

running (08m23.5s), 073/788 VUs, 27136 complete and 0 interrupted iterations
openloop_gradual   [  70% ] 073/788 VUs  08m23.4s/12m0s  105.00 iters/s

running (08m24.5s), 078/788 VUs, 27236 complete and 0 interrupted iterations
openloop_gradual   [  70% ] 078/788 VUs  08m24.4s/12m0s  105.00 iters/s

running (08m25.5s), 074/788 VUs, 27345 complete and 0 interrupted iterations
openloop_gradual   [  70% ] 074/788 VUs  08m25.4s/12m0s  105.00 iters/s

running (08m26.5s), 079/788 VUs, 27445 complete and 0 interrupted iterations
openloop_gradual   [  70% ] 079/788 VUs  08m26.4s/12m0s  105.00 iters/s

running (08m27.5s), 073/788 VUs, 27556 complete and 0 interrupted iterations
openloop_gradual   [  70% ] 073/788 VUs  08m27.4s/12m0s  105.00 iters/s

running (08m28.5s), 071/788 VUs, 27663 complete and 0 interrupted iterations
openloop_gradual   [  71% ] 071/788 VUs  08m28.4s/12m0s  105.00 iters/s

running (08m29.5s), 074/788 VUs, 27765 complete and 0 interrupted iterations
openloop_gradual   [  71% ] 074/788 VUs  08m29.4s/12m0s  105.00 iters/s

running (08m30.5s), 073/788 VUs, 27871 complete and 0 interrupted iterations
openloop_gradual   [  71% ] 073/788 VUs  08m30.4s/12m0s  105.00 iters/s

running (08m31.5s), 073/788 VUs, 27976 complete and 0 interrupted iterations
openloop_gradual   [  71% ] 073/788 VUs  08m31.4s/12m0s  105.00 iters/s

running (08m32.5s), 076/788 VUs, 28078 complete and 0 interrupted iterations
openloop_gradual   [  71% ] 076/788 VUs  08m32.4s/12m0s  105.00 iters/s

running (08m33.5s), 079/788 VUs, 28180 complete and 0 interrupted iterations
openloop_gradual   [  71% ] 079/788 VUs  08m33.4s/12m0s  105.00 iters/s

running (08m34.5s), 076/788 VUs, 28288 complete and 0 interrupted iterations
openloop_gradual   [  71% ] 076/788 VUs  08m34.4s/12m0s  105.00 iters/s

running (08m35.5s), 073/788 VUs, 28396 complete and 0 interrupted iterations
openloop_gradual   [  72% ] 073/788 VUs  08m35.4s/12m0s  105.00 iters/s

running (08m36.5s), 078/788 VUs, 28496 complete and 0 interrupted iterations
openloop_gradual   [  72% ] 078/788 VUs  08m36.4s/12m0s  105.00 iters/s

running (08m37.5s), 073/788 VUs, 28606 complete and 0 interrupted iterations
openloop_gradual   [  72% ] 073/788 VUs  08m37.4s/12m0s  105.00 iters/s

running (08m38.5s), 077/788 VUs, 28707 complete and 0 interrupted iterations
openloop_gradual   [  72% ] 077/788 VUs  08m38.4s/12m0s  105.00 iters/s

running (08m39.5s), 076/788 VUs, 28813 complete and 0 interrupted iterations
openloop_gradual   [  72% ] 076/788 VUs  08m39.4s/12m0s  105.00 iters/s

running (08m40.5s), 072/788 VUs, 28922 complete and 0 interrupted iterations
openloop_gradual   [  72% ] 072/788 VUs  08m40.4s/12m0s  105.00 iters/s

running (08m41.5s), 075/788 VUs, 29024 complete and 0 interrupted iterations
openloop_gradual   [  72% ] 075/788 VUs  08m41.4s/12m0s  105.00 iters/s

running (08m42.5s), 072/788 VUs, 29132 complete and 0 interrupted iterations
openloop_gradual   [  73% ] 072/788 VUs  08m42.4s/12m0s  105.00 iters/s

running (08m43.5s), 076/788 VUs, 29233 complete and 0 interrupted iterations
openloop_gradual   [  73% ] 076/788 VUs  08m43.4s/12m0s  105.00 iters/s

running (08m44.5s), 074/788 VUs, 29340 complete and 0 interrupted iterations
openloop_gradual   [  73% ] 074/788 VUs  08m44.4s/12m0s  105.00 iters/s

running (08m45.5s), 073/788 VUs, 29446 complete and 0 interrupted iterations
openloop_gradual   [  73% ] 073/788 VUs  08m45.4s/12m0s  105.00 iters/s

running (08m46.5s), 069/788 VUs, 29555 complete and 0 interrupted iterations
openloop_gradual   [  73% ] 069/788 VUs  08m46.4s/12m0s  105.00 iters/s

running (08m47.5s), 079/788 VUs, 29650 complete and 0 interrupted iterations
openloop_gradual   [  73% ] 079/788 VUs  08m47.4s/12m0s  105.00 iters/s

running (08m48.5s), 072/788 VUs, 29762 complete and 0 interrupted iterations
openloop_gradual   [  73% ] 072/788 VUs  08m48.4s/12m0s  105.00 iters/s

running (08m49.5s), 076/788 VUs, 29863 complete and 0 interrupted iterations
openloop_gradual   [  74% ] 076/788 VUs  08m49.4s/12m0s  105.00 iters/s

running (08m50.5s), 075/788 VUs, 29969 complete and 0 interrupted iterations
openloop_gradual   [  74% ] 075/788 VUs  08m50.4s/12m0s  105.00 iters/s

running (08m51.5s), 070/788 VUs, 30079 complete and 0 interrupted iterations
openloop_gradual   [  74% ] 070/788 VUs  08m51.4s/12m0s  105.00 iters/s

running (08m52.5s), 080/788 VUs, 30174 complete and 0 interrupted iterations
openloop_gradual   [  74% ] 080/788 VUs  08m52.4s/12m0s  105.00 iters/s

running (08m53.5s), 077/788 VUs, 30282 complete and 0 interrupted iterations
openloop_gradual   [  74% ] 077/788 VUs  08m53.4s/12m0s  105.00 iters/s

running (08m54.5s), 073/788 VUs, 30391 complete and 0 interrupted iterations
openloop_gradual   [  74% ] 073/788 VUs  08m54.4s/12m0s  105.00 iters/s

running (08m55.5s), 072/788 VUs, 30497 complete and 0 interrupted iterations
openloop_gradual   [  74% ] 072/788 VUs  08m55.4s/12m0s  105.00 iters/s

running (08m56.5s), 071/788 VUs, 30603 complete and 0 interrupted iterations
openloop_gradual   [  75% ] 071/788 VUs  08m56.4s/12m0s  105.00 iters/s

running (08m57.5s), 075/788 VUs, 30704 complete and 0 interrupted iterations
openloop_gradual   [  75% ] 075/788 VUs  08m57.4s/12m0s  105.00 iters/s

running (08m58.5s), 076/788 VUs, 30808 complete and 0 interrupted iterations
openloop_gradual   [  75% ] 076/788 VUs  08m58.4s/12m0s  105.00 iters/s

running (08m59.5s), 080/788 VUs, 30909 complete and 0 interrupted iterations
openloop_gradual   [  75% ] 080/788 VUs  08m59.4s/12m0s  105.00 iters/s

running (09m00.5s), 080/788 VUs, 31014 complete and 0 interrupted iterations
openloop_gradual   [  75% ] 080/788 VUs  09m00.4s/12m0s  104.75 iters/s

running (09m01.5s), 071/788 VUs, 31127 complete and 0 interrupted iterations
openloop_gradual   [  75% ] 071/788 VUs  09m01.4s/12m0s  104.17 iters/s

running (09m02.5s), 075/788 VUs, 31227 complete and 0 interrupted iterations
openloop_gradual   [  75% ] 075/788 VUs  09m02.4s/12m0s  103.59 iters/s

running (09m03.5s), 075/788 VUs, 31330 complete and 0 interrupted iterations
openloop_gradual   [  75% ] 075/788 VUs  09m03.4s/12m0s  103.01 iters/s

running (09m04.5s), 073/788 VUs, 31435 complete and 0 interrupted iterations
openloop_gradual   [  76% ] 073/788 VUs  09m04.4s/12m0s  102.42 iters/s

running (09m05.5s), 069/788 VUs, 31541 complete and 0 interrupted iterations
openloop_gradual   [  76% ] 069/788 VUs  09m05.4s/12m0s  101.84 iters/s

running (09m06.5s), 067/788 VUs, 31645 complete and 0 interrupted iterations
openloop_gradual   [  76% ] 067/788 VUs  09m06.4s/12m0s  101.25 iters/s

running (09m07.5s), 075/788 VUs, 31738 complete and 0 interrupted iterations
openloop_gradual   [  76% ] 075/788 VUs  09m07.4s/12m0s  100.67 iters/s

running (09m08.5s), 073/788 VUs, 31840 complete and 0 interrupted iterations
openloop_gradual   [  76% ] 073/788 VUs  09m08.4s/12m0s  100.09 iters/s

running (09m09.5s), 070/788 VUs, 31943 complete and 0 interrupted iterations
openloop_gradual   [  76% ] 070/788 VUs  09m09.4s/12m0s  099.50 iters/s

running (09m10.5s), 070/788 VUs, 32042 complete and 0 interrupted iterations
openloop_gradual   [  76% ] 070/788 VUs  09m10.4s/12m0s  098.92 iters/s

running (09m11.5s), 070/788 VUs, 32141 complete and 0 interrupted iterations
openloop_gradual   [  77% ] 070/788 VUs  09m11.4s/12m0s  098.34 iters/s

running (09m12.5s), 070/788 VUs, 32239 complete and 0 interrupted iterations
openloop_gradual   [  77% ] 070/788 VUs  09m12.4s/12m0s  097.75 iters/s

running (09m13.5s), 071/788 VUs, 32335 complete and 0 interrupted iterations
openloop_gradual   [  77% ] 071/788 VUs  09m13.4s/12m0s  097.17 iters/s

running (09m14.5s), 071/788 VUs, 32432 complete and 0 interrupted iterations
openloop_gradual   [  77% ] 071/788 VUs  09m14.4s/12m0s  096.59 iters/s

running (09m15.5s), 066/788 VUs, 32534 complete and 0 interrupted iterations
openloop_gradual   [  77% ] 066/788 VUs  09m15.4s/12m0s  096.00 iters/s

running (09m16.5s), 071/788 VUs, 32624 complete and 0 interrupted iterations
openloop_gradual   [  77% ] 071/788 VUs  09m16.4s/12m0s  095.42 iters/s

running (09m17.5s), 065/788 VUs, 32725 complete and 0 interrupted iterations
openloop_gradual   [  77% ] 065/788 VUs  09m17.4s/12m0s  094.84 iters/s

running (09m18.5s), 065/788 VUs, 32820 complete and 0 interrupted iterations
openloop_gradual   [  78% ] 065/788 VUs  09m18.4s/12m0s  094.25 iters/s

running (09m19.5s), 066/788 VUs, 32913 complete and 0 interrupted iterations
openloop_gradual   [  78% ] 066/788 VUs  09m19.4s/12m0s  093.67 iters/s

running (09m20.5s), 067/788 VUs, 33005 complete and 0 interrupted iterations
openloop_gradual   [  78% ] 067/788 VUs  09m20.4s/12m0s  093.09 iters/s

running (09m21.5s), 065/788 VUs, 33100 complete and 0 interrupted iterations
openloop_gradual   [  78% ] 065/788 VUs  09m21.4s/12m0s  092.50 iters/s

running (09m22.5s), 061/788 VUs, 33196 complete and 0 interrupted iterations
openloop_gradual   [  78% ] 061/788 VUs  09m22.4s/12m0s  091.92 iters/s

running (09m23.5s), 064/788 VUs, 33285 complete and 0 interrupted iterations
openloop_gradual   [  78% ] 064/788 VUs  09m23.4s/12m0s  091.34 iters/s

running (09m24.5s), 063/788 VUs, 33377 complete and 0 interrupted iterations
openloop_gradual   [  78% ] 063/788 VUs  09m24.4s/12m0s  090.75 iters/s

running (09m25.5s), 063/788 VUs, 33467 complete and 0 interrupted iterations
openloop_gradual   [  79% ] 063/788 VUs  09m25.4s/12m0s  090.17 iters/s

running (09m26.5s), 060/788 VUs, 33560 complete and 0 interrupted iterations
openloop_gradual   [  79% ] 060/788 VUs  09m26.4s/12m0s  089.59 iters/s

running (09m27.5s), 061/788 VUs, 33649 complete and 0 interrupted iterations
openloop_gradual   [  79% ] 061/788 VUs  09m27.4s/12m0s  089.00 iters/s

running (09m28.5s), 063/788 VUs, 33735 complete and 0 interrupted iterations
openloop_gradual   [  79% ] 063/788 VUs  09m28.4s/12m0s  088.42 iters/s

running (09m29.5s), 059/788 VUs, 33827 complete and 0 interrupted iterations
openloop_gradual   [  79% ] 059/788 VUs  09m29.4s/12m0s  087.83 iters/s

running (09m30.5s), 062/788 VUs, 33912 complete and 0 interrupted iterations
openloop_gradual   [  79% ] 062/788 VUs  09m30.4s/12m0s  087.25 iters/s

running (09m31.5s), 067/788 VUs, 33994 complete and 0 interrupted iterations
openloop_gradual   [  79% ] 067/788 VUs  09m31.4s/12m0s  086.67 iters/s

running (09m32.5s), 060/788 VUs, 34087 complete and 0 interrupted iterations
openloop_gradual   [  80% ] 060/788 VUs  09m32.4s/12m0s  086.09 iters/s

running (09m33.5s), 061/788 VUs, 34172 complete and 0 interrupted iterations
openloop_gradual   [  80% ] 061/788 VUs  09m33.4s/12m0s  085.50 iters/s

running (09m34.5s), 057/788 VUs, 34261 complete and 0 interrupted iterations
openloop_gradual   [  80% ] 057/788 VUs  09m34.4s/12m0s  084.92 iters/s

running (09m35.5s), 058/788 VUs, 34345 complete and 0 interrupted iterations
openloop_gradual   [  80% ] 058/788 VUs  09m35.4s/12m0s  084.34 iters/s

running (09m36.5s), 062/788 VUs, 34425 complete and 0 interrupted iterations
openloop_gradual   [  80% ] 062/788 VUs  09m36.4s/12m0s  083.75 iters/s

running (09m37.5s), 056/788 VUs, 34515 complete and 0 interrupted iterations
openloop_gradual   [  80% ] 056/788 VUs  09m37.4s/12m0s  083.17 iters/s

running (09m38.5s), 056/788 VUs, 34597 complete and 0 interrupted iterations
openloop_gradual   [  80% ] 056/788 VUs  09m38.4s/12m0s  082.59 iters/s

running (09m39.5s), 055/788 VUs, 34681 complete and 0 interrupted iterations
openloop_gradual   [  80% ] 055/788 VUs  09m39.4s/12m0s  082.00 iters/s

running (09m40.5s), 058/788 VUs, 34759 complete and 0 interrupted iterations
openloop_gradual   [  81% ] 058/788 VUs  09m40.4s/12m0s  081.42 iters/s

running (09m41.5s), 057/788 VUs, 34842 complete and 0 interrupted iterations
openloop_gradual   [  81% ] 057/788 VUs  09m41.4s/12m0s  080.83 iters/s

running (09m42.5s), 058/788 VUs, 34921 complete and 0 interrupted iterations
openloop_gradual   [  81% ] 058/788 VUs  09m42.4s/12m0s  080.25 iters/s

running (09m43.5s), 054/788 VUs, 35005 complete and 0 interrupted iterations
openloop_gradual   [  81% ] 054/788 VUs  09m43.4s/12m0s  079.67 iters/s

running (09m44.5s), 059/788 VUs, 35079 complete and 0 interrupted iterations
openloop_gradual   [  81% ] 059/788 VUs  09m44.4s/12m0s  079.09 iters/s

running (09m45.5s), 061/788 VUs, 35156 complete and 0 interrupted iterations
openloop_gradual   [  81% ] 061/788 VUs  09m45.4s/12m0s  078.50 iters/s

running (09m46.5s), 054/788 VUs, 35241 complete and 0 interrupted iterations
openloop_gradual   [  81% ] 054/788 VUs  09m46.4s/12m0s  077.92 iters/s

running (09m47.5s), 053/788 VUs, 35320 complete and 0 interrupted iterations
openloop_gradual   [  82% ] 053/788 VUs  09m47.4s/12m0s  077.34 iters/s

running (09m48.5s), 055/788 VUs, 35395 complete and 0 interrupted iterations
openloop_gradual   [  82% ] 055/788 VUs  09m48.4s/12m0s  076.75 iters/s

running (09m49.5s), 057/788 VUs, 35469 complete and 0 interrupted iterations
openloop_gradual   [  82% ] 057/788 VUs  09m49.4s/12m0s  076.17 iters/s

running (09m50.5s), 055/788 VUs, 35547 complete and 0 interrupted iterations
openloop_gradual   [  82% ] 055/788 VUs  09m50.4s/12m0s  075.59 iters/s

running (09m51.5s), 054/788 VUs, 35624 complete and 0 interrupted iterations
openloop_gradual   [  82% ] 054/788 VUs  09m51.4s/12m0s  075.00 iters/s

running (09m52.5s), 055/788 VUs, 35697 complete and 0 interrupted iterations
openloop_gradual   [  82% ] 055/788 VUs  09m52.4s/12m0s  074.42 iters/s

running (09m53.5s), 049/788 VUs, 35777 complete and 0 interrupted iterations
openloop_gradual   [  82% ] 049/788 VUs  09m53.4s/12m0s  073.84 iters/s

running (09m54.5s), 053/788 VUs, 35847 complete and 0 interrupted iterations
openloop_gradual   [  83% ] 053/788 VUs  09m54.4s/12m0s  073.25 iters/s

running (09m55.5s), 050/788 VUs, 35923 complete and 0 interrupted iterations
openloop_gradual   [  83% ] 050/788 VUs  09m55.4s/12m0s  072.67 iters/s

running (09m56.5s), 048/788 VUs, 35997 complete and 0 interrupted iterations
openloop_gradual   [  83% ] 048/788 VUs  09m56.4s/12m0s  072.09 iters/s

running (09m57.5s), 052/788 VUs, 36065 complete and 0 interrupted iterations
openloop_gradual   [  83% ] 052/788 VUs  09m57.4s/12m0s  071.50 iters/s

running (09m58.5s), 048/788 VUs, 36140 complete and 0 interrupted iterations
openloop_gradual   [  83% ] 048/788 VUs  09m58.4s/12m0s  070.92 iters/s

running (09m59.5s), 054/788 VUs, 36205 complete and 0 interrupted iterations
openloop_gradual   [  83% ] 054/788 VUs  09m59.4s/12m0s  070.34 iters/s

running (10m00.5s), 046/788 VUs, 36283 complete and 0 interrupted iterations
openloop_gradual   [  83% ] 046/788 VUs  10m00.4s/12m0s  069.75 iters/s

running (10m01.5s), 049/788 VUs, 36349 complete and 0 interrupted iterations
openloop_gradual   [  84% ] 049/788 VUs  10m01.4s/12m0s  069.17 iters/s

running (10m02.5s), 050/788 VUs, 36417 complete and 0 interrupted iterations
openloop_gradual   [  84% ] 050/788 VUs  10m02.4s/12m0s  068.59 iters/s

running (10m03.5s), 046/788 VUs, 36490 complete and 0 interrupted iterations
openloop_gradual   [  84% ] 046/788 VUs  10m03.4s/12m0s  068.00 iters/s

running (10m04.5s), 047/788 VUs, 36556 complete and 0 interrupted iterations
openloop_gradual   [  84% ] 047/788 VUs  10m04.4s/12m0s  067.42 iters/s

running (10m05.5s), 048/788 VUs, 36623 complete and 0 interrupted iterations
openloop_gradual   [  84% ] 048/788 VUs  10m05.4s/12m0s  066.83 iters/s

running (10m06.5s), 046/788 VUs, 36691 complete and 0 interrupted iterations
openloop_gradual   [  84% ] 046/788 VUs  10m06.4s/12m0s  066.25 iters/s

running (10m07.5s), 047/788 VUs, 36756 complete and 0 interrupted iterations
openloop_gradual   [  84% ] 047/788 VUs  10m07.4s/12m0s  065.67 iters/s

running (10m08.5s), 050/788 VUs, 36818 complete and 0 interrupted iterations
openloop_gradual   [  85% ] 050/788 VUs  10m08.4s/12m0s  065.09 iters/s

running (10m09.5s), 048/788 VUs, 36885 complete and 0 interrupted iterations
openloop_gradual   [  85% ] 048/788 VUs  10m09.4s/12m0s  064.51 iters/s

running (10m10.5s), 045/788 VUs, 36952 complete and 0 interrupted iterations
openloop_gradual   [  85% ] 045/788 VUs  10m10.4s/12m0s  063.92 iters/s

running (10m11.5s), 045/788 VUs, 37016 complete and 0 interrupted iterations
openloop_gradual   [  85% ] 045/788 VUs  10m11.4s/12m0s  063.34 iters/s

running (10m12.5s), 046/788 VUs, 37078 complete and 0 interrupted iterations
openloop_gradual   [  85% ] 046/788 VUs  10m12.4s/12m0s  062.75 iters/s

running (10m13.5s), 045/788 VUs, 37142 complete and 0 interrupted iterations
openloop_gradual   [  85% ] 045/788 VUs  10m13.4s/12m0s  062.17 iters/s

running (10m14.5s), 042/788 VUs, 37206 complete and 0 interrupted iterations
openloop_gradual   [  85% ] 042/788 VUs  10m14.4s/12m0s  061.59 iters/s

running (10m15.5s), 044/788 VUs, 37266 complete and 0 interrupted iterations
openloop_gradual   [  85% ] 044/788 VUs  10m15.4s/12m0s  061.00 iters/s

running (10m16.5s), 044/788 VUs, 37326 complete and 0 interrupted iterations
openloop_gradual   [  86% ] 044/788 VUs  10m16.4s/12m0s  060.42 iters/s

running (10m17.5s), 040/788 VUs, 37391 complete and 0 interrupted iterations
openloop_gradual   [  86% ] 040/788 VUs  10m17.4s/12m0s  059.83 iters/s

running (10m18.5s), 048/788 VUs, 37442 complete and 0 interrupted iterations
openloop_gradual   [  86% ] 048/788 VUs  10m18.4s/12m0s  059.25 iters/s

running (10m19.5s), 046/788 VUs, 37503 complete and 0 interrupted iterations
openloop_gradual   [  86% ] 046/788 VUs  10m19.4s/12m0s  058.67 iters/s

running (10m20.5s), 039/788 VUs, 37568 complete and 0 interrupted iterations
openloop_gradual   [  86% ] 039/788 VUs  10m20.4s/12m0s  058.09 iters/s

running (10m21.5s), 038/788 VUs, 37627 complete and 0 interrupted iterations
openloop_gradual   [  86% ] 038/788 VUs  10m21.4s/12m0s  057.51 iters/s

running (10m22.5s), 040/788 VUs, 37682 complete and 0 interrupted iterations
openloop_gradual   [  86% ] 040/788 VUs  10m22.4s/12m0s  056.91 iters/s

running (10m23.5s), 040/788 VUs, 37739 complete and 0 interrupted iterations
openloop_gradual   [  87% ] 040/788 VUs  10m23.4s/12m0s  056.34 iters/s

running (10m24.5s), 043/788 VUs, 37792 complete and 0 interrupted iterations
openloop_gradual   [  87% ] 043/788 VUs  10m24.4s/12m0s  055.75 iters/s

running (10m25.5s), 038/788 VUs, 37853 complete and 0 interrupted iterations
openloop_gradual   [  87% ] 038/788 VUs  10m25.4s/12m0s  055.17 iters/s

running (10m26.5s), 041/788 VUs, 37904 complete and 0 interrupted iterations
openloop_gradual   [  87% ] 041/788 VUs  10m26.4s/12m0s  054.58 iters/s

running (10m27.5s), 039/788 VUs, 37961 complete and 0 interrupted iterations
openloop_gradual   [  87% ] 039/788 VUs  10m27.4s/12m0s  054.00 iters/s

running (10m28.5s), 036/788 VUs, 38018 complete and 0 interrupted iterations
openloop_gradual   [  87% ] 036/788 VUs  10m28.4s/12m0s  053.41 iters/s

running (10m29.5s), 039/788 VUs, 38068 complete and 0 interrupted iterations
openloop_gradual   [  87% ] 039/788 VUs  10m29.4s/12m0s  052.83 iters/s

running (10m30.5s), 038/788 VUs, 38121 complete and 0 interrupted iterations
openloop_gradual   [  88% ] 038/788 VUs  10m30.4s/12m0s  052.25 iters/s

running (10m31.5s), 038/788 VUs, 38173 complete and 0 interrupted iterations
openloop_gradual   [  88% ] 038/788 VUs  10m31.4s/12m0s  051.67 iters/s

running (10m32.5s), 036/788 VUs, 38226 complete and 0 interrupted iterations
openloop_gradual   [  88% ] 036/788 VUs  10m32.4s/12m0s  051.09 iters/s

running (10m33.5s), 036/788 VUs, 38277 complete and 0 interrupted iterations
openloop_gradual   [  88% ] 036/788 VUs  10m33.4s/12m0s  050.51 iters/s

running (10m34.5s), 034/788 VUs, 38330 complete and 0 interrupted iterations
openloop_gradual   [  88% ] 034/788 VUs  10m34.4s/12m0s  049.91 iters/s

running (10m35.5s), 032/788 VUs, 38381 complete and 0 interrupted iterations
openloop_gradual   [  88% ] 032/788 VUs  10m35.4s/12m0s  049.34 iters/s

running (10m36.5s), 038/788 VUs, 38424 complete and 0 interrupted iterations
openloop_gradual   [  88% ] 038/788 VUs  10m36.4s/12m0s  048.76 iters/s

running (10m37.5s), 036/788 VUs, 38475 complete and 0 interrupted iterations
openloop_gradual   [  89% ] 036/788 VUs  10m37.4s/12m0s  048.17 iters/s

running (10m38.5s), 032/788 VUs, 38526 complete and 0 interrupted iterations
openloop_gradual   [  89% ] 032/788 VUs  10m38.4s/12m0s  047.59 iters/s

running (10m39.5s), 036/788 VUs, 38570 complete and 0 interrupted iterations
openloop_gradual   [  89% ] 036/788 VUs  10m39.4s/12m0s  047.00 iters/s

running (10m40.5s), 035/788 VUs, 38618 complete and 0 interrupted iterations
openloop_gradual   [  89% ] 035/788 VUs  10m40.4s/12m0s  046.41 iters/s

running (10m41.5s), 032/788 VUs, 38667 complete and 0 interrupted iterations
openloop_gradual   [  89% ] 032/788 VUs  10m41.4s/12m0s  045.83 iters/s

running (10m42.5s), 030/788 VUs, 38714 complete and 0 interrupted iterations
openloop_gradual   [  89% ] 030/788 VUs  10m42.4s/12m0s  045.26 iters/s

running (10m43.5s), 031/788 VUs, 38758 complete and 0 interrupted iterations
openloop_gradual   [  89% ] 031/788 VUs  10m43.4s/12m0s  044.67 iters/s

running (10m44.5s), 032/788 VUs, 38802 complete and 0 interrupted iterations
openloop_gradual   [  90% ] 032/788 VUs  10m44.4s/12m0s  044.08 iters/s

running (10m45.5s), 032/788 VUs, 38845 complete and 0 interrupted iterations
openloop_gradual   [  90% ] 032/788 VUs  10m45.4s/12m0s  043.51 iters/s

running (10m46.5s), 030/788 VUs, 38891 complete and 0 interrupted iterations
openloop_gradual   [  90% ] 030/788 VUs  10m46.4s/12m0s  042.91 iters/s

running (10m47.5s), 028/788 VUs, 38935 complete and 0 interrupted iterations
openloop_gradual   [  90% ] 028/788 VUs  10m47.4s/12m0s  042.33 iters/s

running (10m48.5s), 028/788 VUs, 38977 complete and 0 interrupted iterations
openloop_gradual   [  90% ] 028/788 VUs  10m48.4s/12m0s  041.76 iters/s

running (10m49.5s), 029/788 VUs, 39018 complete and 0 interrupted iterations
openloop_gradual   [  90% ] 029/788 VUs  10m49.4s/12m0s  041.17 iters/s

running (10m50.5s), 028/788 VUs, 39060 complete and 0 interrupted iterations
openloop_gradual   [  90% ] 028/788 VUs  10m50.4s/12m0s  040.58 iters/s

running (10m51.5s), 031/788 VUs, 39097 complete and 0 interrupted iterations
openloop_gradual   [  90% ] 031/788 VUs  10m51.4s/12m0s  040.00 iters/s

running (10m52.5s), 025/788 VUs, 39143 complete and 0 interrupted iterations
openloop_gradual   [  91% ] 025/788 VUs  10m52.4s/12m0s  039.41 iters/s

running (10m53.5s), 027/788 VUs, 39180 complete and 0 interrupted iterations
openloop_gradual   [  91% ] 027/788 VUs  10m53.4s/12m0s  038.83 iters/s

running (10m54.5s), 026/788 VUs, 39219 complete and 0 interrupted iterations
openloop_gradual   [  91% ] 026/788 VUs  10m54.4s/12m0s  038.26 iters/s

running (10m55.5s), 027/788 VUs, 39256 complete and 0 interrupted iterations
openloop_gradual   [  91% ] 027/788 VUs  10m55.4s/12m0s  037.67 iters/s

running (10m56.5s), 025/788 VUs, 39296 complete and 0 interrupted iterations
openloop_gradual   [  91% ] 025/788 VUs  10m56.4s/12m0s  037.08 iters/s

running (10m57.5s), 026/788 VUs, 39331 complete and 0 interrupted iterations
openloop_gradual   [  91% ] 026/788 VUs  10m57.4s/12m0s  036.51 iters/s

running (10m58.5s), 025/788 VUs, 39369 complete and 0 interrupted iterations
openloop_gradual   [  91% ] 025/788 VUs  10m58.4s/12m0s  035.91 iters/s

running (10m59.5s), 026/788 VUs, 39403 complete and 0 interrupted iterations
openloop_gradual   [  92% ] 026/788 VUs  10m59.4s/12m0s  035.34 iters/s

running (11m00.5s), 025/788 VUs, 39439 complete and 0 interrupted iterations
openloop_gradual   [  92% ] 025/788 VUs  11m00.4s/12m0s  034.76 iters/s

running (11m01.5s), 027/788 VUs, 39472 complete and 0 interrupted iterations
openloop_gradual   [  92% ] 027/788 VUs  11m01.4s/12m0s  034.17 iters/s

running (11m02.5s), 024/788 VUs, 39509 complete and 0 interrupted iterations
openloop_gradual   [  92% ] 024/788 VUs  11m02.4s/12m0s  033.58 iters/s

running (11m03.5s), 024/788 VUs, 39542 complete and 0 interrupted iterations
openloop_gradual   [  92% ] 024/788 VUs  11m03.4s/12m0s  033.00 iters/s

running (11m04.5s), 025/788 VUs, 39574 complete and 0 interrupted iterations
openloop_gradual   [  92% ] 025/788 VUs  11m04.4s/12m0s  032.41 iters/s

running (11m05.5s), 023/788 VUs, 39608 complete and 0 interrupted iterations
openloop_gradual   [  92% ] 023/788 VUs  11m05.4s/12m0s  031.83 iters/s

running (11m06.5s), 019/788 VUs, 39643 complete and 0 interrupted iterations
openloop_gradual   [  93% ] 019/788 VUs  11m06.4s/12m0s  031.26 iters/s

running (11m07.5s), 020/788 VUs, 39673 complete and 0 interrupted iterations
openloop_gradual   [  93% ] 020/788 VUs  11m07.4s/12m0s  030.67 iters/s

running (11m08.5s), 020/788 VUs, 39704 complete and 0 interrupted iterations
openloop_gradual   [  93% ] 020/788 VUs  11m08.4s/12m0s  030.08 iters/s

running (11m09.5s), 023/788 VUs, 39730 complete and 0 interrupted iterations
openloop_gradual   [  93% ] 023/788 VUs  11m09.4s/12m0s  029.51 iters/s

running (11m10.5s), 020/788 VUs, 39763 complete and 0 interrupted iterations
openloop_gradual   [  93% ] 020/788 VUs  11m10.4s/12m0s  028.91 iters/s

running (11m11.5s), 018/788 VUs, 39793 complete and 0 interrupted iterations
openloop_gradual   [  93% ] 018/788 VUs  11m11.4s/12m0s  028.34 iters/s

running (11m12.5s), 020/788 VUs, 39819 complete and 0 interrupted iterations
openloop_gradual   [  93% ] 020/788 VUs  11m12.4s/12m0s  027.76 iters/s

running (11m13.5s), 020/788 VUs, 39847 complete and 0 interrupted iterations
openloop_gradual   [  94% ] 020/788 VUs  11m13.4s/12m0s  027.16 iters/s

running (11m14.5s), 017/788 VUs, 39877 complete and 0 interrupted iterations
openloop_gradual   [  94% ] 017/788 VUs  11m14.4s/12m0s  026.58 iters/s

running (11m15.5s), 019/788 VUs, 39901 complete and 0 interrupted iterations
openloop_gradual   [  94% ] 019/788 VUs  11m15.4s/12m0s  026.00 iters/s

running (11m16.5s), 020/788 VUs, 39926 complete and 0 interrupted iterations
openloop_gradual   [  94% ] 020/788 VUs  11m16.4s/12m0s  025.41 iters/s

running (11m17.5s), 016/788 VUs, 39955 complete and 0 interrupted iterations
openloop_gradual   [  94% ] 016/788 VUs  11m17.4s/12m0s  024.83 iters/s

running (11m18.5s), 017/788 VUs, 39978 complete and 0 interrupted iterations
openloop_gradual   [  94% ] 017/788 VUs  11m18.4s/12m0s  024.26 iters/s

running (11m19.5s), 015/788 VUs, 40004 complete and 0 interrupted iterations
openloop_gradual   [  94% ] 015/788 VUs  11m19.4s/12m0s  023.68 iters/s

running (11m20.5s), 017/788 VUs, 40026 complete and 0 interrupted iterations
openloop_gradual   [  95% ] 017/788 VUs  11m20.4s/12m0s  023.08 iters/s

running (11m21.5s), 015/788 VUs, 40050 complete and 0 interrupted iterations
openloop_gradual   [  95% ] 015/788 VUs  11m21.4s/12m0s  022.51 iters/s

running (11m22.5s), 018/788 VUs, 40070 complete and 0 interrupted iterations
openloop_gradual   [  95% ] 018/788 VUs  11m22.4s/12m0s  021.91 iters/s

running (11m23.5s), 015/788 VUs, 40094 complete and 0 interrupted iterations
openloop_gradual   [  95% ] 015/788 VUs  11m23.4s/12m0s  021.34 iters/s

running (11m24.5s), 013/788 VUs, 40117 complete and 0 interrupted iterations
openloop_gradual   [  95% ] 013/788 VUs  11m24.4s/12m0s  020.76 iters/s

running (11m25.5s), 014/788 VUs, 40137 complete and 0 interrupted iterations
openloop_gradual   [  95% ] 014/788 VUs  11m25.4s/12m0s  020.16 iters/s

running (11m26.5s), 016/788 VUs, 40155 complete and 0 interrupted iterations
openloop_gradual   [  95% ] 016/788 VUs  11m26.4s/12m0s  019.58 iters/s

running (11m27.5s), 013/788 VUs, 40177 complete and 0 interrupted iterations
openloop_gradual   [  95% ] 013/788 VUs  11m27.4s/12m0s  019.00 iters/s

running (11m28.5s), 013/788 VUs, 40196 complete and 0 interrupted iterations
openloop_gradual   [  96% ] 013/788 VUs  11m28.4s/12m0s  018.41 iters/s

running (11m29.5s), 012/788 VUs, 40215 complete and 0 interrupted iterations
openloop_gradual   [  96% ] 012/788 VUs  11m29.4s/12m0s  017.83 iters/s

running (11m30.5s), 009/788 VUs, 40235 complete and 0 interrupted iterations
openloop_gradual   [  96% ] 009/788 VUs  11m30.4s/12m0s  017.27 iters/s

running (11m31.5s), 013/788 VUs, 40248 complete and 0 interrupted iterations
openloop_gradual   [  96% ] 013/788 VUs  11m31.4s/12m0s  016.68 iters/s

running (11m32.5s), 014/788 VUs, 40264 complete and 0 interrupted iterations
openloop_gradual   [  96% ] 014/788 VUs  11m32.4s/12m0s  016.08 iters/s

running (11m33.5s), 011/788 VUs, 40282 complete and 0 interrupted iterations
openloop_gradual   [  96% ] 011/788 VUs  11m33.4s/12m0s  015.52 iters/s

running (11m34.5s), 014/788 VUs, 40295 complete and 0 interrupted iterations
openloop_gradual   [  96% ] 014/788 VUs  11m34.4s/12m0s  014.91 iters/s

running (11m35.5s), 010/788 VUs, 40313 complete and 0 interrupted iterations
openloop_gradual   [  97% ] 010/788 VUs  11m35.4s/12m0s  014.35 iters/s

running (11m36.5s), 010/788 VUs, 40327 complete and 0 interrupted iterations
openloop_gradual   [  97% ] 010/788 VUs  11m36.4s/12m0s  013.77 iters/s

running (11m37.5s), 010/788 VUs, 40341 complete and 0 interrupted iterations
openloop_gradual   [  97% ] 010/788 VUs  11m37.4s/12m0s  013.16 iters/s

running (11m38.5s), 009/788 VUs, 40355 complete and 0 interrupted iterations
openloop_gradual   [  97% ] 009/788 VUs  11m38.4s/12m0s  012.57 iters/s

running (11m39.5s), 009/788 VUs, 40367 complete and 0 interrupted iterations
openloop_gradual   [  97% ] 009/788 VUs  11m39.4s/12m0s  012.00 iters/s

running (11m40.5s), 009/788 VUs, 40379 complete and 0 interrupted iterations
openloop_gradual   [  97% ] 009/788 VUs  11m40.4s/12m0s  011.41 iters/s

running (11m41.5s), 008/788 VUs, 40391 complete and 0 interrupted iterations
openloop_gradual   [  97% ] 008/788 VUs  11m41.4s/12m0s  010.83 iters/s

running (11m42.5s), 007/788 VUs, 40402 complete and 0 interrupted iterations
openloop_gradual   [  98% ] 007/788 VUs  11m42.4s/12m0s  010.28 iters/s

running (11m43.5s), 007/788 VUs, 40412 complete and 0 interrupted iterations
openloop_gradual   [  98% ] 007/788 VUs  11m43.4s/12m0s  009.69 iters/s

running (11m44.5s), 007/788 VUs, 40422 complete and 0 interrupted iterations
openloop_gradual   [  98% ] 007/788 VUs  11m44.4s/12m0s  009.07 iters/s

running (11m45.5s), 006/788 VUs, 40432 complete and 0 interrupted iterations
openloop_gradual   [  98% ] 006/788 VUs  11m45.4s/12m0s  008.47 iters/s

running (11m46.5s), 006/788 VUs, 40440 complete and 0 interrupted iterations
openloop_gradual   [  98% ] 006/788 VUs  11m46.4s/12m0s  007.90 iters/s

running (11m47.5s), 005/788 VUs, 40448 complete and 0 interrupted iterations
openloop_gradual   [  98% ] 005/788 VUs  11m47.4s/12m0s  007.37 iters/s

running (11m48.5s), 004/788 VUs, 40456 complete and 0 interrupted iterations
openloop_gradual   [  98% ] 004/788 VUs  11m48.4s/12m0s  006.79 iters/s

running (11m49.5s), 005/788 VUs, 40462 complete and 0 interrupted iterations
openloop_gradual   [  99% ] 005/788 VUs  11m49.4s/12m0s  006.16 iters/s

running (11m50.5s), 006/788 VUs, 40467 complete and 0 interrupted iterations
openloop_gradual   [  99% ] 006/788 VUs  11m50.4s/12m0s  005.56 iters/s

running (11m51.5s), 004/788 VUs, 40474 complete and 0 interrupted iterations
openloop_gradual   [  99% ] 004/788 VUs  11m51.4s/12m0s  005.01 iters/s

running (11m52.5s), 004/788 VUs, 40479 complete and 0 interrupted iterations
openloop_gradual   [  99% ] 004/788 VUs  11m52.4s/12m0s  004.39 iters/s

running (11m53.5s), 003/788 VUs, 40484 complete and 0 interrupted iterations
openloop_gradual   [  99% ] 003/788 VUs  11m53.4s/12m0s  003.82 iters/s

running (11m54.5s), 002/788 VUs, 40488 complete and 0 interrupted iterations
openloop_gradual   [  99% ] 002/788 VUs  11m54.4s/12m0s  003.33 iters/s

running (11m55.5s), 002/788 VUs, 40491 complete and 0 interrupted iterations
openloop_gradual   [  99% ] 002/788 VUs  11m55.4s/12m0s  002.75 iters/s

running (11m56.5s), 002/788 VUs, 40494 complete and 0 interrupted iterations
openloop_gradual   [ 100% ] 002/788 VUs  11m56.4s/12m0s  002.02 iters/s

running (11m57.5s), 002/788 VUs, 40496 complete and 0 interrupted iterations
openloop_gradual   [ 100% ] 002/788 VUs  11m57.4s/12m0s  001.30 iters/s

running (11m58.5s), 001/788 VUs, 40498 complete and 0 interrupted iterations
openloop_gradual   [ 100% ] 001/788 VUs  11m58.4s/12m0s  000.54 iters/s

running (11m59.5s), 000/788 VUs, 40499 complete and 0 interrupted iterations
openloop_gradual   [ 100% ] 000/788 VUs  11m59.4s/12m0s  000.54 iters/s

     ✓ status is 200
     ✓ returns quotes
     ✓ response time <2000ms

     █ setup

     checks.........................: 100.00% ✓ 121497    ✗ 0    
     data_received..................: 30 MB   42 kB/s
     data_sent......................: 19 MB   26 kB/s
     http_req_blocked...............: avg=588.07µs min=116.81µs med=203.97µs max=1.02s   p(90)=1.12ms   p(95)=1.19ms   p(99)=2.9ms   
     http_req_connecting............: avg=541.39µs min=90.3µs   med=151.94µs max=1.02s   p(90)=1.07ms   p(95)=1.14ms   p(99)=2.84ms  
     http_req_duration..............: avg=709.18ms min=469.08ms med=710.3ms  max=1.05s   p(90)=895.47ms p(95)=916.58ms p(99)=932.9ms 
       { expected_response:true }...: avg=709.18ms min=469.08ms med=710.3ms  max=1.05s   p(90)=895.47ms p(95)=916.58ms p(99)=932.9ms 
     http_req_failed................: 0.00%   ✓ 0         ✗ 40499
     http_req_receiving.............: avg=142.53µs min=32.24µs  med=131.31µs max=12.32ms p(90)=192.38µs p(95)=238.81µs p(99)=431.87µs
     http_req_sending...............: avg=45.21µs  min=20.05µs  med=43.11µs  max=3.99ms  p(90)=57.84µs  p(95)=64.62µs  p(99)=82.73µs 
     http_req_tls_handshaking.......: avg=0s       min=0s       med=0s       max=0s      p(90)=0s       p(95)=0s       p(99)=0s      
     http_req_waiting...............: avg=708.99ms min=468.96ms med=710.11ms max=1.05s   p(90)=895.29ms p(95)=916.38ms p(99)=932.7ms 
     http_reqs......................: 40499   56.244946/s
     iteration_duration.............: avg=710.04ms min=377.11µs med=711.18ms max=1.64s   p(90)=896.34ms p(95)=917.45ms p(99)=933.67ms
     iterations.....................: 40499   56.244946/s
     req_e2e_duration...............: avg=709.87ms min=469ms    med=711ms    max=1.64s   p(90)=896ms    p(95)=917ms    p(99)=934ms   
     vus............................: 0       min=0       max=81 
     vus_max........................: 788     min=788     max=788


running (12m00.0s), 000/788 VUs, 40499 complete and 0 interrupted iterations
openloop_gradual ✓ [ 100% ] 000/788 VUs  12m0s  000.54 iters/s
[openloop-wrapper] k6 exit code 0
