
          /\      |‾‾| /‾‾/   /‾‾/   
     /\  /  \     |  |/  /   /  /    
    /  \/    \    |     (   /   ‾‾\  
   /          \   |  |\  \ |  (‾)  | 
  / __________ \  |__| \__\ \_____/ .io

  execution: local
     script: /scripts/load-test.js
     output: json (/results/results.json.gz)

  scenarios: (100.00%) 1 scenario, 225 max VUs, 12m30s max duration (incl. graceful stop):
           * openloop_spike: Up to 30.00 iterations/s for 12m0s over 4 stages (maxVUs: 225, gracefulStop: 30s)

time="2026-10-08T12:26:29Z" level=info msg="OPENLOOP_CONFIG service=auth-service pattern=spike base_rate=2 peak_rate=30 timeout=5s vu_factor=1.5 openloop_spike:ramping-arrival-rate:vus=225/225" source=console
time="2026-10-08T12:26:29Z" level=info msg="PREAUTH_USED tokens=120" source=console
time="2026-10-08T12:26:30Z" level=info msg="SCENARIO_START name=openloop_spike start_ms=1791462389914" source=console

running (00m00.8s), 000/225 VUs, 1 complete and 0 interrupted iterations
openloop_spike   [   0% ] 000/225 VUs  00m00.8s/12m0s  02.00 iters/s

running (00m01.8s), 000/225 VUs, 3 complete and 0 interrupted iterations
openloop_spike   [   0% ] 000/225 VUs  00m01.8s/12m0s  02.00 iters/s

running (00m02.8s), 000/225 VUs, 5 complete and 0 interrupted iterations
openloop_spike   [   0% ] 000/225 VUs  00m02.8s/12m0s  02.00 iters/s

running (00m03.8s), 000/225 VUs, 7 complete and 0 interrupted iterations
openloop_spike   [   1% ] 000/225 VUs  00m03.8s/12m0s  02.00 iters/s

running (00m04.8s), 000/225 VUs, 9 complete and 0 interrupted iterations
openloop_spike   [   1% ] 000/225 VUs  00m04.8s/12m0s  02.00 iters/s

running (00m05.8s), 000/225 VUs, 11 complete and 0 interrupted iterations
openloop_spike   [   1% ] 000/225 VUs  00m05.8s/12m0s  02.00 iters/s

running (00m06.8s), 000/225 VUs, 13 complete and 0 interrupted iterations
openloop_spike   [   1% ] 000/225 VUs  00m06.8s/12m0s  02.00 iters/s

running (00m07.8s), 000/225 VUs, 15 complete and 0 interrupted iterations
openloop_spike   [   1% ] 000/225 VUs  00m07.8s/12m0s  02.00 iters/s

running (00m08.8s), 000/225 VUs, 17 complete and 0 interrupted iterations
openloop_spike   [   1% ] 000/225 VUs  00m08.8s/12m0s  02.00 iters/s

running (00m09.8s), 001/225 VUs, 18 complete and 0 interrupted iterations
openloop_spike   [   1% ] 001/225 VUs  00m09.8s/12m0s  02.00 iters/s

running (00m10.8s), 000/225 VUs, 21 complete and 0 interrupted iterations
openloop_spike   [   2% ] 000/225 VUs  00m10.8s/12m0s  02.00 iters/s

running (00m11.8s), 000/225 VUs, 23 complete and 0 interrupted iterations
openloop_spike   [   2% ] 000/225 VUs  00m11.8s/12m0s  02.00 iters/s

running (00m12.8s), 000/225 VUs, 25 complete and 0 interrupted iterations
openloop_spike   [   2% ] 000/225 VUs  00m12.8s/12m0s  02.00 iters/s

running (00m13.8s), 000/225 VUs, 27 complete and 0 interrupted iterations
openloop_spike   [   2% ] 000/225 VUs  00m13.8s/12m0s  02.00 iters/s

running (00m14.8s), 000/225 VUs, 29 complete and 0 interrupted iterations
openloop_spike   [   2% ] 000/225 VUs  00m14.8s/12m0s  02.00 iters/s

running (00m15.8s), 000/225 VUs, 31 complete and 0 interrupted iterations
openloop_spike   [   2% ] 000/225 VUs  00m15.8s/12m0s  02.00 iters/s

running (00m16.8s), 000/225 VUs, 33 complete and 0 interrupted iterations
openloop_spike   [   2% ] 000/225 VUs  00m16.8s/12m0s  02.00 iters/s

running (00m17.8s), 000/225 VUs, 35 complete and 0 interrupted iterations
openloop_spike   [   2% ] 000/225 VUs  00m17.8s/12m0s  02.00 iters/s

running (00m18.8s), 000/225 VUs, 37 complete and 0 interrupted iterations
openloop_spike   [   3% ] 000/225 VUs  00m18.8s/12m0s  02.00 iters/s

running (00m19.8s), 000/225 VUs, 39 complete and 0 interrupted iterations
openloop_spike   [   3% ] 000/225 VUs  00m19.8s/12m0s  02.00 iters/s

running (00m20.8s), 000/225 VUs, 41 complete and 0 interrupted iterations
openloop_spike   [   3% ] 000/225 VUs  00m20.8s/12m0s  02.00 iters/s

running (00m21.8s), 000/225 VUs, 43 complete and 0 interrupted iterations
openloop_spike   [   3% ] 000/225 VUs  00m21.8s/12m0s  02.00 iters/s

running (00m22.8s), 000/225 VUs, 45 complete and 0 interrupted iterations
openloop_spike   [   3% ] 000/225 VUs  00m22.8s/12m0s  02.00 iters/s

running (00m23.8s), 000/225 VUs, 47 complete and 0 interrupted iterations
openloop_spike   [   3% ] 000/225 VUs  00m23.8s/12m0s  02.00 iters/s

running (00m24.8s), 000/225 VUs, 49 complete and 0 interrupted iterations
openloop_spike   [   3% ] 000/225 VUs  00m24.8s/12m0s  02.00 iters/s

running (00m25.8s), 000/225 VUs, 51 complete and 0 interrupted iterations
openloop_spike   [   4% ] 000/225 VUs  00m25.8s/12m0s  02.00 iters/s

running (00m26.8s), 000/225 VUs, 53 complete and 0 interrupted iterations
openloop_spike   [   4% ] 000/225 VUs  00m26.8s/12m0s  02.00 iters/s

running (00m27.8s), 000/225 VUs, 55 complete and 0 interrupted iterations
openloop_spike   [   4% ] 000/225 VUs  00m27.8s/12m0s  02.00 iters/s

running (00m28.8s), 000/225 VUs, 57 complete and 0 interrupted iterations
openloop_spike   [   4% ] 000/225 VUs  00m28.8s/12m0s  02.00 iters/s

running (00m29.8s), 001/225 VUs, 58 complete and 0 interrupted iterations
openloop_spike   [   4% ] 001/225 VUs  00m29.8s/12m0s  02.00 iters/s

running (00m30.8s), 000/225 VUs, 61 complete and 0 interrupted iterations
openloop_spike   [   4% ] 000/225 VUs  00m30.8s/12m0s  02.00 iters/s

running (00m31.8s), 000/225 VUs, 63 complete and 0 interrupted iterations
openloop_spike   [   4% ] 000/225 VUs  00m31.8s/12m0s  02.00 iters/s

running (00m32.8s), 000/225 VUs, 65 complete and 0 interrupted iterations
openloop_spike   [   5% ] 000/225 VUs  00m32.8s/12m0s  02.00 iters/s

running (00m33.8s), 000/225 VUs, 67 complete and 0 interrupted iterations
openloop_spike   [   5% ] 000/225 VUs  00m33.8s/12m0s  02.00 iters/s

running (00m34.8s), 000/225 VUs, 69 complete and 0 interrupted iterations
openloop_spike   [   5% ] 000/225 VUs  00m34.8s/12m0s  02.00 iters/s

running (00m35.8s), 000/225 VUs, 71 complete and 0 interrupted iterations
openloop_spike   [   5% ] 000/225 VUs  00m35.8s/12m0s  02.00 iters/s

running (00m36.8s), 000/225 VUs, 73 complete and 0 interrupted iterations
openloop_spike   [   5% ] 000/225 VUs  00m36.8s/12m0s  02.00 iters/s

running (00m37.8s), 000/225 VUs, 75 complete and 0 interrupted iterations
openloop_spike   [   5% ] 000/225 VUs  00m37.8s/12m0s  02.00 iters/s

running (00m38.8s), 000/225 VUs, 77 complete and 0 interrupted iterations
openloop_spike   [   5% ] 000/225 VUs  00m38.8s/12m0s  02.00 iters/s

running (00m39.8s), 001/225 VUs, 78 complete and 0 interrupted iterations
openloop_spike   [   6% ] 001/225 VUs  00m39.8s/12m0s  02.00 iters/s

running (00m40.8s), 000/225 VUs, 81 complete and 0 interrupted iterations
openloop_spike   [   6% ] 000/225 VUs  00m40.8s/12m0s  02.00 iters/s

running (00m41.8s), 000/225 VUs, 83 complete and 0 interrupted iterations
openloop_spike   [   6% ] 000/225 VUs  00m41.8s/12m0s  02.00 iters/s

running (00m42.8s), 001/225 VUs, 84 complete and 0 interrupted iterations
openloop_spike   [   6% ] 001/225 VUs  00m42.8s/12m0s  02.00 iters/s

running (00m43.8s), 000/225 VUs, 87 complete and 0 interrupted iterations
openloop_spike   [   6% ] 000/225 VUs  00m43.8s/12m0s  02.00 iters/s

running (00m44.8s), 000/225 VUs, 89 complete and 0 interrupted iterations
openloop_spike   [   6% ] 000/225 VUs  00m44.8s/12m0s  02.00 iters/s

running (00m45.8s), 000/225 VUs, 91 complete and 0 interrupted iterations
openloop_spike   [   6% ] 000/225 VUs  00m45.8s/12m0s  02.00 iters/s

running (00m46.8s), 000/225 VUs, 93 complete and 0 interrupted iterations
openloop_spike   [   7% ] 000/225 VUs  00m46.8s/12m0s  02.00 iters/s

running (00m47.8s), 000/225 VUs, 95 complete and 0 interrupted iterations
openloop_spike   [   7% ] 000/225 VUs  00m47.8s/12m0s  02.00 iters/s

running (00m48.8s), 000/225 VUs, 97 complete and 0 interrupted iterations
openloop_spike   [   7% ] 000/225 VUs  00m48.8s/12m0s  02.00 iters/s

running (00m49.8s), 000/225 VUs, 99 complete and 0 interrupted iterations
openloop_spike   [   7% ] 000/225 VUs  00m49.8s/12m0s  02.00 iters/s

running (00m50.8s), 000/225 VUs, 101 complete and 0 interrupted iterations
openloop_spike   [   7% ] 000/225 VUs  00m50.8s/12m0s  02.00 iters/s

running (00m51.8s), 000/225 VUs, 103 complete and 0 interrupted iterations
openloop_spike   [   7% ] 000/225 VUs  00m51.8s/12m0s  02.00 iters/s

running (00m52.8s), 001/225 VUs, 104 complete and 0 interrupted iterations
openloop_spike   [   7% ] 001/225 VUs  00m52.8s/12m0s  02.00 iters/s

running (00m53.8s), 000/225 VUs, 107 complete and 0 interrupted iterations
openloop_spike   [   7% ] 000/225 VUs  00m53.8s/12m0s  02.00 iters/s

running (00m54.8s), 000/225 VUs, 109 complete and 0 interrupted iterations
openloop_spike   [   8% ] 000/225 VUs  00m54.8s/12m0s  02.00 iters/s

running (00m55.8s), 000/225 VUs, 111 complete and 0 interrupted iterations
openloop_spike   [   8% ] 000/225 VUs  00m55.8s/12m0s  02.00 iters/s

running (00m56.8s), 001/225 VUs, 112 complete and 0 interrupted iterations
openloop_spike   [   8% ] 001/225 VUs  00m56.8s/12m0s  02.00 iters/s

running (00m57.8s), 000/225 VUs, 115 complete and 0 interrupted iterations
openloop_spike   [   8% ] 000/225 VUs  00m57.8s/12m0s  02.00 iters/s

running (00m58.8s), 000/225 VUs, 117 complete and 0 interrupted iterations
openloop_spike   [   8% ] 000/225 VUs  00m58.8s/12m0s  02.00 iters/s

running (00m59.8s), 000/225 VUs, 119 complete and 0 interrupted iterations
openloop_spike   [   8% ] 000/225 VUs  00m59.8s/12m0s  02.00 iters/s

running (01m00.8s), 000/225 VUs, 121 complete and 0 interrupted iterations
openloop_spike   [   8% ] 000/225 VUs  01m00.8s/12m0s  02.00 iters/s

running (01m01.8s), 000/225 VUs, 123 complete and 0 interrupted iterations
openloop_spike   [   9% ] 000/225 VUs  01m01.8s/12m0s  02.00 iters/s

running (01m02.8s), 000/225 VUs, 125 complete and 0 interrupted iterations
openloop_spike   [   9% ] 000/225 VUs  01m02.8s/12m0s  02.00 iters/s

running (01m03.8s), 000/225 VUs, 127 complete and 0 interrupted iterations
openloop_spike   [   9% ] 000/225 VUs  01m03.8s/12m0s  02.00 iters/s

running (01m04.8s), 001/225 VUs, 128 complete and 0 interrupted iterations
openloop_spike   [   9% ] 001/225 VUs  01m04.8s/12m0s  02.00 iters/s

running (01m05.8s), 000/225 VUs, 131 complete and 0 interrupted iterations
openloop_spike   [   9% ] 000/225 VUs  01m05.8s/12m0s  02.00 iters/s

running (01m06.8s), 000/225 VUs, 133 complete and 0 interrupted iterations
openloop_spike   [   9% ] 000/225 VUs  01m06.8s/12m0s  02.00 iters/s

running (01m07.8s), 000/225 VUs, 135 complete and 0 interrupted iterations
openloop_spike   [   9% ] 000/225 VUs  01m07.8s/12m0s  02.00 iters/s

running (01m08.8s), 000/225 VUs, 137 complete and 0 interrupted iterations
openloop_spike   [  10% ] 000/225 VUs  01m08.8s/12m0s  02.00 iters/s

running (01m09.8s), 000/225 VUs, 139 complete and 0 interrupted iterations
openloop_spike   [  10% ] 000/225 VUs  01m09.8s/12m0s  02.00 iters/s

running (01m10.8s), 000/225 VUs, 141 complete and 0 interrupted iterations
openloop_spike   [  10% ] 000/225 VUs  01m10.8s/12m0s  02.00 iters/s

running (01m11.8s), 000/225 VUs, 143 complete and 0 interrupted iterations
openloop_spike   [  10% ] 000/225 VUs  01m11.8s/12m0s  02.00 iters/s

running (01m12.8s), 001/225 VUs, 144 complete and 0 interrupted iterations
openloop_spike   [  10% ] 001/225 VUs  01m12.8s/12m0s  02.00 iters/s

running (01m13.8s), 001/225 VUs, 146 complete and 0 interrupted iterations
openloop_spike   [  10% ] 001/225 VUs  01m13.8s/12m0s  02.00 iters/s

running (01m14.8s), 000/225 VUs, 149 complete and 0 interrupted iterations
openloop_spike   [  10% ] 000/225 VUs  01m14.8s/12m0s  02.00 iters/s

running (01m15.8s), 000/225 VUs, 151 complete and 0 interrupted iterations
openloop_spike   [  11% ] 000/225 VUs  01m15.8s/12m0s  02.00 iters/s

running (01m16.8s), 000/225 VUs, 153 complete and 0 interrupted iterations
openloop_spike   [  11% ] 000/225 VUs  01m16.8s/12m0s  02.00 iters/s

running (01m17.8s), 000/225 VUs, 155 complete and 0 interrupted iterations
openloop_spike   [  11% ] 000/225 VUs  01m17.8s/12m0s  02.00 iters/s

running (01m18.8s), 000/225 VUs, 157 complete and 0 interrupted iterations
openloop_spike   [  11% ] 000/225 VUs  01m18.8s/12m0s  02.00 iters/s

running (01m19.8s), 000/225 VUs, 159 complete and 0 interrupted iterations
openloop_spike   [  11% ] 000/225 VUs  01m19.8s/12m0s  02.00 iters/s

running (01m20.8s), 001/225 VUs, 160 complete and 0 interrupted iterations
openloop_spike   [  11% ] 001/225 VUs  01m20.8s/12m0s  02.00 iters/s

running (01m21.8s), 000/225 VUs, 163 complete and 0 interrupted iterations
openloop_spike   [  11% ] 000/225 VUs  01m21.8s/12m0s  02.00 iters/s

running (01m22.8s), 001/225 VUs, 164 complete and 0 interrupted iterations
openloop_spike   [  12% ] 001/225 VUs  01m22.8s/12m0s  02.00 iters/s

running (01m23.8s), 000/225 VUs, 167 complete and 0 interrupted iterations
openloop_spike   [  12% ] 000/225 VUs  01m23.8s/12m0s  02.00 iters/s

running (01m24.8s), 000/225 VUs, 169 complete and 0 interrupted iterations
openloop_spike   [  12% ] 000/225 VUs  01m24.8s/12m0s  02.00 iters/s

running (01m25.8s), 000/225 VUs, 171 complete and 0 interrupted iterations
openloop_spike   [  12% ] 000/225 VUs  01m25.8s/12m0s  02.00 iters/s

running (01m26.8s), 000/225 VUs, 173 complete and 0 interrupted iterations
openloop_spike   [  12% ] 000/225 VUs  01m26.8s/12m0s  02.00 iters/s

running (01m27.8s), 000/225 VUs, 175 complete and 0 interrupted iterations
openloop_spike   [  12% ] 000/225 VUs  01m27.8s/12m0s  02.00 iters/s

running (01m28.8s), 001/225 VUs, 176 complete and 0 interrupted iterations
openloop_spike   [  12% ] 001/225 VUs  01m28.8s/12m0s  02.00 iters/s

running (01m29.8s), 000/225 VUs, 179 complete and 0 interrupted iterations
openloop_spike   [  12% ] 000/225 VUs  01m29.8s/12m0s  02.00 iters/s

running (01m30.8s), 000/225 VUs, 181 complete and 0 interrupted iterations
openloop_spike   [  13% ] 000/225 VUs  01m30.8s/12m0s  02.00 iters/s

running (01m31.8s), 000/225 VUs, 183 complete and 0 interrupted iterations
openloop_spike   [  13% ] 000/225 VUs  01m31.8s/12m0s  02.00 iters/s

running (01m32.8s), 001/225 VUs, 184 complete and 0 interrupted iterations
openloop_spike   [  13% ] 001/225 VUs  01m32.8s/12m0s  02.00 iters/s

running (01m33.8s), 000/225 VUs, 187 complete and 0 interrupted iterations
openloop_spike   [  13% ] 000/225 VUs  01m33.8s/12m0s  02.00 iters/s

running (01m34.8s), 000/225 VUs, 189 complete and 0 interrupted iterations
openloop_spike   [  13% ] 000/225 VUs  01m34.8s/12m0s  02.00 iters/s

running (01m35.8s), 000/225 VUs, 191 complete and 0 interrupted iterations
openloop_spike   [  13% ] 000/225 VUs  01m35.8s/12m0s  02.00 iters/s

running (01m36.8s), 000/225 VUs, 193 complete and 0 interrupted iterations
openloop_spike   [  13% ] 000/225 VUs  01m36.8s/12m0s  02.00 iters/s

running (01m37.8s), 000/225 VUs, 195 complete and 0 interrupted iterations
openloop_spike   [  14% ] 000/225 VUs  01m37.8s/12m0s  02.00 iters/s

running (01m38.8s), 000/225 VUs, 197 complete and 0 interrupted iterations
openloop_spike   [  14% ] 000/225 VUs  01m38.8s/12m0s  02.00 iters/s

running (01m39.8s), 000/225 VUs, 199 complete and 0 interrupted iterations
openloop_spike   [  14% ] 000/225 VUs  01m39.8s/12m0s  02.00 iters/s

running (01m40.8s), 000/225 VUs, 201 complete and 0 interrupted iterations
openloop_spike   [  14% ] 000/225 VUs  01m40.8s/12m0s  02.00 iters/s

running (01m41.8s), 000/225 VUs, 203 complete and 0 interrupted iterations
openloop_spike   [  14% ] 000/225 VUs  01m41.8s/12m0s  02.00 iters/s

running (01m42.8s), 000/225 VUs, 205 complete and 0 interrupted iterations
openloop_spike   [  14% ] 000/225 VUs  01m42.8s/12m0s  02.00 iters/s

running (01m43.8s), 000/225 VUs, 207 complete and 0 interrupted iterations
openloop_spike   [  14% ] 000/225 VUs  01m43.8s/12m0s  02.00 iters/s

running (01m44.8s), 001/225 VUs, 208 complete and 0 interrupted iterations
openloop_spike   [  15% ] 001/225 VUs  01m44.8s/12m0s  02.00 iters/s

running (01m45.8s), 000/225 VUs, 211 complete and 0 interrupted iterations
openloop_spike   [  15% ] 000/225 VUs  01m45.8s/12m0s  02.00 iters/s

running (01m46.8s), 001/225 VUs, 212 complete and 0 interrupted iterations
openloop_spike   [  15% ] 001/225 VUs  01m46.8s/12m0s  02.00 iters/s

running (01m47.8s), 000/225 VUs, 215 complete and 0 interrupted iterations
openloop_spike   [  15% ] 000/225 VUs  01m47.8s/12m0s  02.00 iters/s

running (01m48.8s), 000/225 VUs, 217 complete and 0 interrupted iterations
openloop_spike   [  15% ] 000/225 VUs  01m48.8s/12m0s  02.00 iters/s

running (01m49.8s), 000/225 VUs, 219 complete and 0 interrupted iterations
openloop_spike   [  15% ] 000/225 VUs  01m49.8s/12m0s  02.00 iters/s

running (01m50.8s), 000/225 VUs, 221 complete and 0 interrupted iterations
openloop_spike   [  15% ] 000/225 VUs  01m50.8s/12m0s  02.00 iters/s

running (01m51.8s), 001/225 VUs, 222 complete and 0 interrupted iterations
openloop_spike   [  16% ] 001/225 VUs  01m51.8s/12m0s  02.00 iters/s

running (01m52.8s), 000/225 VUs, 225 complete and 0 interrupted iterations
openloop_spike   [  16% ] 000/225 VUs  01m52.8s/12m0s  02.00 iters/s

running (01m53.8s), 000/225 VUs, 227 complete and 0 interrupted iterations
openloop_spike   [  16% ] 000/225 VUs  01m53.8s/12m0s  02.00 iters/s

running (01m54.8s), 000/225 VUs, 229 complete and 0 interrupted iterations
openloop_spike   [  16% ] 000/225 VUs  01m54.8s/12m0s  02.00 iters/s

running (01m55.8s), 001/225 VUs, 230 complete and 0 interrupted iterations
openloop_spike   [  16% ] 001/225 VUs  01m55.8s/12m0s  02.00 iters/s

running (01m56.8s), 000/225 VUs, 233 complete and 0 interrupted iterations
openloop_spike   [  16% ] 000/225 VUs  01m56.8s/12m0s  02.00 iters/s

running (01m57.8s), 000/225 VUs, 235 complete and 0 interrupted iterations
openloop_spike   [  16% ] 000/225 VUs  01m57.8s/12m0s  02.00 iters/s

running (01m58.8s), 000/225 VUs, 237 complete and 0 interrupted iterations
openloop_spike   [  17% ] 000/225 VUs  01m58.8s/12m0s  02.00 iters/s

running (01m59.8s), 000/225 VUs, 239 complete and 0 interrupted iterations
openloop_spike   [  17% ] 000/225 VUs  01m59.8s/12m0s  02.00 iters/s

running (02m00.8s), 000/225 VUs, 242 complete and 0 interrupted iterations
openloop_spike   [  17% ] 000/225 VUs  02m00.8s/12m0s  04.23 iters/s

running (02m01.8s), 002/225 VUs, 246 complete and 0 interrupted iterations
openloop_spike   [  17% ] 002/225 VUs  02m01.8s/12m0s  07.18 iters/s

running (02m02.8s), 000/225 VUs, 256 complete and 0 interrupted iterations
openloop_spike   [  17% ] 000/225 VUs  02m02.8s/12m0s  09.82 iters/s

running (02m03.8s), 003/225 VUs, 264 complete and 0 interrupted iterations
openloop_spike   [  17% ] 003/225 VUs  02m03.8s/12m0s  12.57 iters/s

running (02m04.8s), 003/225 VUs, 278 complete and 0 interrupted iterations
openloop_spike   [  17% ] 003/225 VUs  02m04.8s/12m0s  15.38 iters/s

running (02m05.8s), 010/225 VUs, 288 complete and 0 interrupted iterations
openloop_spike   [  17% ] 010/225 VUs  02m05.8s/12m0s  18.21 iters/s

running (02m06.8s), 022/225 VUs, 296 complete and 0 interrupted iterations
openloop_spike   [  18% ] 022/225 VUs  02m06.8s/12m0s  21.06 iters/s

running (02m07.8s), 022/225 VUs, 318 complete and 0 interrupted iterations
openloop_spike   [  18% ] 022/225 VUs  02m07.8s/12m0s  23.81 iters/s

running (02m08.8s), 024/225 VUs, 342 complete and 0 interrupted iterations
openloop_spike   [  18% ] 024/225 VUs  02m08.8s/12m0s  26.69 iters/s
time="2026-10-08T12:28:39Z" level=warning msg="Request Failed" error="Post \"http://auth-service.ecommerce.svc.cluster.local:8001/auth/login\": request timeout"

running (02m09.8s), 023/225 VUs, 371 complete and 0 interrupted iterations
openloop_spike   [  18% ] 023/225 VUs  02m09.8s/12m0s  29.48 iters/s
time="2026-10-08T12:28:40Z" level=warning msg="Request Failed" error="Post \"http://auth-service.ecommerce.svc.cluster.local:8001/auth/login\": request timeout"
time="2026-10-08T12:28:40Z" level=warning msg="Request Failed" error="Post \"http://auth-service.ecommerce.svc.cluster.local:8001/auth/login\": request timeout"
time="2026-10-08T12:28:40Z" level=warning msg="Request Failed" error="Post \"http://auth-service.ecommerce.svc.cluster.local:8001/auth/login\": request timeout"

running (02m10.8s), 020/225 VUs, 404 complete and 0 interrupted iterations
openloop_spike   [  18% ] 020/225 VUs  02m10.8s/12m0s  30.00 iters/s
time="2026-10-08T12:28:40Z" level=warning msg="Request Failed" error="Post \"http://auth-service.ecommerce.svc.cluster.local:8001/auth/login\": request timeout"
time="2026-10-08T12:28:40Z" level=warning msg="Request Failed" error="Post \"http://auth-service.ecommerce.svc.cluster.local:8001/auth/login\": request timeout"
time="2026-10-08T12:28:40Z" level=warning msg="Request Failed" error="Post \"http://auth-service.ecommerce.svc.cluster.local:8001/auth/login\": request timeout"
time="2026-10-08T12:28:41Z" level=warning msg="Request Failed" error="Post \"http://auth-service.ecommerce.svc.cluster.local:8001/auth/login\": request timeout"
time="2026-10-08T12:28:41Z" level=warning msg="Request Failed" error="Post \"http://auth-service.ecommerce.svc.cluster.local:8001/auth/login\": request timeout"

running (02m11.8s), 019/225 VUs, 435 complete and 0 interrupted iterations
openloop_spike   [  18% ] 019/225 VUs  02m11.8s/12m0s  30.00 iters/s
time="2026-10-08T12:28:42Z" level=warning msg="Request Failed" error="Post \"http://auth-service.ecommerce.svc.cluster.local:8001/auth/login\": request timeout"

running (02m12.8s), 023/225 VUs, 461 complete and 0 interrupted iterations
openloop_spike   [  18% ] 023/225 VUs  02m12.8s/12m0s  30.00 iters/s
time="2026-10-08T12:28:42Z" level=warning msg="Request Failed" error="Post \"http://auth-service.ecommerce.svc.cluster.local:8001/auth/login\": request timeout"
time="2026-10-08T12:28:43Z" level=warning msg="Request Failed" error="Post \"http://auth-service.ecommerce.svc.cluster.local:8001/auth/login\": request timeout"
time="2026-10-08T12:28:43Z" level=warning msg="Request Failed" error="Post \"http://auth-service.ecommerce.svc.cluster.local:8001/auth/login\": request timeout"
time="2026-10-08T12:28:43Z" level=warning msg="Request Failed" error="Post \"http://auth-service.ecommerce.svc.cluster.local:8001/auth/login\": request timeout"

running (02m13.8s), 020/225 VUs, 494 complete and 0 interrupted iterations
openloop_spike   [  19% ] 020/225 VUs  02m13.8s/12m0s  30.00 iters/s

running (02m14.8s), 038/225 VUs, 506 complete and 0 interrupted iterations
openloop_spike   [  19% ] 038/225 VUs  02m14.8s/12m0s  30.00 iters/s

running (02m15.8s), 039/225 VUs, 535 complete and 0 interrupted iterations
openloop_spike   [  19% ] 039/225 VUs  02m15.8s/12m0s  30.00 iters/s
time="2026-10-08T12:28:46Z" level=warning msg="Request Failed" error="Post \"http://auth-service.ecommerce.svc.cluster.local:8001/auth/login\": request timeout"

running (02m16.8s), 016/225 VUs, 588 complete and 0 interrupted iterations
openloop_spike   [  19% ] 016/225 VUs  02m16.8s/12m0s  30.00 iters/s
time="2026-10-08T12:28:47Z" level=warning msg="Request Failed" error="Post \"http://auth-service.ecommerce.svc.cluster.local:8001/auth/login\": request timeout"
time="2026-10-08T12:28:47Z" level=warning msg="Request Failed" error="Post \"http://auth-service.ecommerce.svc.cluster.local:8001/auth/login\": request timeout"

running (02m17.8s), 038/225 VUs, 596 complete and 0 interrupted iterations
openloop_spike   [  19% ] 038/225 VUs  02m17.8s/12m0s  30.00 iters/s
time="2026-10-08T12:28:47Z" level=warning msg="Request Failed" error="Post \"http://auth-service.ecommerce.svc.cluster.local:8001/auth/login\": request timeout"
time="2026-10-08T12:28:48Z" level=warning msg="Request Failed" error="Post \"http://auth-service.ecommerce.svc.cluster.local:8001/auth/login\": request timeout"

running (02m18.8s), 022/225 VUs, 642 complete and 0 interrupted iterations
openloop_spike   [  19% ] 022/225 VUs  02m18.8s/12m0s  30.00 iters/s
time="2026-10-08T12:28:48Z" level=warning msg="Request Failed" error="Post \"http://auth-service.ecommerce.svc.cluster.local:8001/auth/login\": request timeout"
time="2026-10-08T12:28:49Z" level=warning msg="Request Failed" error="Post \"http://auth-service.ecommerce.svc.cluster.local:8001/auth/login\": request timeout"
time="2026-10-08T12:28:49Z" level=warning msg="Request Failed" error="Post \"http://auth-service.ecommerce.svc.cluster.local:8001/auth/login\": request timeout"

running (02m19.8s), 020/225 VUs, 674 complete and 0 interrupted iterations
openloop_spike   [  19% ] 020/225 VUs  02m19.8s/12m0s  30.00 iters/s
time="2026-10-08T12:28:50Z" level=warning msg="Request Failed" error="Post \"http://auth-service.ecommerce.svc.cluster.local:8001/auth/login\": request timeout"
time="2026-10-08T12:28:50Z" level=warning msg="Request Failed" error="Post \"http://auth-service.ecommerce.svc.cluster.local:8001/auth/login\": request timeout"

running (02m20.8s), 019/225 VUs, 705 complete and 0 interrupted iterations
openloop_spike   [  20% ] 019/225 VUs  02m20.8s/12m0s  30.00 iters/s
time="2026-10-08T12:28:51Z" level=warning msg="Request Failed" error="Post \"http://auth-service.ecommerce.svc.cluster.local:8001/auth/login\": request timeout"

running (02m21.8s), 019/225 VUs, 735 complete and 0 interrupted iterations
openloop_spike   [  20% ] 019/225 VUs  02m21.8s/12m0s  30.00 iters/s
time="2026-10-08T12:28:51Z" level=warning msg="Request Failed" error="Post \"http://auth-service.ecommerce.svc.cluster.local:8001/auth/login\": request timeout"
time="2026-10-08T12:28:52Z" level=warning msg="Request Failed" error="Post \"http://auth-service.ecommerce.svc.cluster.local:8001/auth/login\": request timeout"

running (02m22.8s), 024/225 VUs, 760 complete and 0 interrupted iterations
openloop_spike   [  20% ] 024/225 VUs  02m22.8s/12m0s  30.00 iters/s

running (02m23.8s), 022/225 VUs, 792 complete and 0 interrupted iterations
openloop_spike   [  20% ] 022/225 VUs  02m23.8s/12m0s  30.00 iters/s
time="2026-10-08T12:28:53Z" level=warning msg="Request Failed" error="Post \"http://auth-service.ecommerce.svc.cluster.local:8001/auth/login\": request timeout"
time="2026-10-08T12:28:54Z" level=warning msg="Request Failed" error="Post \"http://auth-service.ecommerce.svc.cluster.local:8001/auth/login\": request timeout"
time="2026-10-08T12:28:54Z" level=warning msg="Request Failed" error="Post \"http://auth-service.ecommerce.svc.cluster.local:8001/auth/login\": request timeout"
time="2026-10-08T12:28:54Z" level=warning msg="Request Failed" error="Post \"http://auth-service.ecommerce.svc.cluster.local:8001/auth/login\": request timeout"

running (02m24.8s), 024/225 VUs, 820 complete and 0 interrupted iterations
openloop_spike   [  20% ] 024/225 VUs  02m24.8s/12m0s  30.00 iters/s

running (02m25.8s), 020/225 VUs, 854 complete and 0 interrupted iterations
openloop_spike   [  20% ] 020/225 VUs  02m25.8s/12m0s  30.00 iters/s
time="2026-10-08T12:28:56Z" level=warning msg="Request Failed" error="Post \"http://auth-service.ecommerce.svc.cluster.local:8001/auth/login\": request timeout"

running (02m26.8s), 019/225 VUs, 885 complete and 0 interrupted iterations
openloop_spike   [  20% ] 019/225 VUs  02m26.8s/12m0s  30.00 iters/s

running (02m27.8s), 019/225 VUs, 915 complete and 0 interrupted iterations
openloop_spike   [  21% ] 019/225 VUs  02m27.8s/12m0s  30.00 iters/s
time="2026-10-08T12:28:58Z" level=warning msg="Request Failed" error="Post \"http://auth-service.ecommerce.svc.cluster.local:8001/auth/login\": request timeout"
time="2026-10-08T12:28:58Z" level=warning msg="Request Failed" error="Post \"http://auth-service.ecommerce.svc.cluster.local:8001/auth/login\": request timeout"
time="2026-10-08T12:28:58Z" level=warning msg="Request Failed" error="Post \"http://auth-service.ecommerce.svc.cluster.local:8001/auth/login\": request timeout"

running (02m28.8s), 016/225 VUs, 948 complete and 0 interrupted iterations
openloop_spike   [  21% ] 016/225 VUs  02m28.8s/12m0s  30.00 iters/s
time="2026-10-08T12:28:59Z" level=warning msg="Request Failed" error="Post \"http://auth-service.ecommerce.svc.cluster.local:8001/auth/login\": request timeout"
time="2026-10-08T12:28:59Z" level=warning msg="Request Failed" error="Post \"http://auth-service.ecommerce.svc.cluster.local:8001/auth/login\": request timeout"

running (02m29.8s), 020/225 VUs, 974 complete and 0 interrupted iterations
openloop_spike   [  21% ] 020/225 VUs  02m29.8s/12m0s  30.00 iters/s

running (02m30.8s), 024/225 VUs, 1000 complete and 0 interrupted iterations
openloop_spike   [  21% ] 024/225 VUs  02m30.8s/12m0s  30.00 iters/s
time="2026-10-08T12:29:00Z" level=warning msg="Request Failed" error="Post \"http://auth-service.ecommerce.svc.cluster.local:8001/auth/login\": request timeout"
time="2026-10-08T12:29:01Z" level=warning msg="Request Failed" error="Post \"http://auth-service.ecommerce.svc.cluster.local:8001/auth/login\": request timeout"
time="2026-10-08T12:29:01Z" level=warning msg="Request Failed" error="Post \"http://auth-service.ecommerce.svc.cluster.local:8001/auth/login\": request timeout"

running (02m31.8s), 021/225 VUs, 1033 complete and 0 interrupted iterations
openloop_spike   [  21% ] 021/225 VUs  02m31.8s/12m0s  30.00 iters/s
time="2026-10-08T12:29:01Z" level=warning msg="Request Failed" error="Post \"http://auth-service.ecommerce.svc.cluster.local:8001/auth/login\": request timeout"

running (02m32.8s), 020/225 VUs, 1064 complete and 0 interrupted iterations
openloop_spike   [  21% ] 020/225 VUs  02m32.8s/12m0s  30.00 iters/s
time="2026-10-08T12:29:02Z" level=warning msg="Request Failed" error="Post \"http://auth-service.ecommerce.svc.cluster.local:8001/auth/login\": request timeout"
time="2026-10-08T12:29:03Z" level=warning msg="Request Failed" error="Post \"http://auth-service.ecommerce.svc.cluster.local:8001/auth/login\": request timeout"

running (02m33.8s), 026/225 VUs, 1088 complete and 0 interrupted iterations
openloop_spike   [  21% ] 026/225 VUs  02m33.8s/12m0s  30.00 iters/s
time="2026-10-08T12:29:04Z" level=warning msg="Request Failed" error="Post \"http://auth-service.ecommerce.svc.cluster.local:8001/auth/login\": request timeout"

running (02m34.8s), 050/225 VUs, 1094 complete and 0 interrupted iterations
openloop_spike   [  22% ] 050/225 VUs  02m34.8s/12m0s  30.00 iters/s
time="2026-10-08T12:29:04Z" level=warning msg="Request Failed" error="Post \"http://auth-service.ecommerce.svc.cluster.local:8001/auth/login\": request timeout"
time="2026-10-08T12:29:05Z" level=warning msg="Request Failed" error="Post \"http://auth-service.ecommerce.svc.cluster.local:8001/auth/login\": request timeout"

running (02m35.8s), 049/225 VUs, 1125 complete and 0 interrupted iterations
openloop_spike   [  22% ] 049/225 VUs  02m35.8s/12m0s  30.00 iters/s
time="2026-10-08T12:29:06Z" level=warning msg="Request Failed" error="Post \"http://auth-service.ecommerce.svc.cluster.local:8001/auth/login\": request timeout"

running (02m36.8s), 038/225 VUs, 1166 complete and 0 interrupted iterations
openloop_spike   [  22% ] 038/225 VUs  02m36.8s/12m0s  30.00 iters/s
time="2026-10-08T12:29:07Z" level=warning msg="Request Failed" error="Post \"http://auth-service.ecommerce.svc.cluster.local:8001/auth/login\": request timeout"

running (02m37.8s), 016/225 VUs, 1218 complete and 0 interrupted iterations
openloop_spike   [  22% ] 016/225 VUs  02m37.8s/12m0s  30.00 iters/s
time="2026-10-08T12:29:07Z" level=warning msg="Request Failed" error="Post \"http://auth-service.ecommerce.svc.cluster.local:8001/auth/login\": request timeout"

running (02m38.8s), 032/225 VUs, 1232 complete and 0 interrupted iterations
openloop_spike   [  22% ] 032/225 VUs  02m38.8s/12m0s  30.00 iters/s
time="2026-10-08T12:29:09Z" level=warning msg="Request Failed" error="Post \"http://auth-service.ecommerce.svc.cluster.local:8001/auth/login\": request timeout"

running (02m39.8s), 061/225 VUs, 1233 complete and 0 interrupted iterations
openloop_spike   [  22% ] 061/225 VUs  02m39.8s/12m0s  30.00 iters/s
time="2026-10-08T12:29:09Z" level=warning msg="Request Failed" error="Post \"http://auth-service.ecommerce.svc.cluster.local:8001/auth/login\": request timeout"

running (02m40.8s), 044/225 VUs, 1280 complete and 0 interrupted iterations
openloop_spike   [  22% ] 044/225 VUs  02m40.8s/12m0s  30.00 iters/s
time="2026-10-08T12:29:11Z" level=warning msg="Request Failed" error="Post \"http://auth-service.ecommerce.svc.cluster.local:8001/auth/login\": request timeout"
time="2026-10-08T12:29:11Z" level=warning msg="Request Failed" error="Post \"http://auth-service.ecommerce.svc.cluster.local:8001/auth/login\": request timeout"

running (02m41.8s), 046/225 VUs, 1308 complete and 0 interrupted iterations
openloop_spike   [  22% ] 046/225 VUs  02m41.8s/12m0s  30.00 iters/s
time="2026-10-08T12:29:12Z" level=warning msg="Request Failed" error="Post \"http://auth-service.ecommerce.svc.cluster.local:8001/auth/login\": request timeout"
time="2026-10-08T12:29:12Z" level=warning msg="Request Failed" error="Post \"http://auth-service.ecommerce.svc.cluster.local:8001/auth/login\": request timeout"
time="2026-10-08T12:29:12Z" level=warning msg="Request Failed" error="Post \"http://auth-service.ecommerce.svc.cluster.local:8001/auth/login\": request timeout"

running (02m42.8s), 054/225 VUs, 1330 complete and 0 interrupted iterations
openloop_spike   [  23% ] 054/225 VUs  02m42.8s/12m0s  30.00 iters/s
time="2026-10-08T12:29:12Z" level=warning msg="Request Failed" error="Post \"http://auth-service.ecommerce.svc.cluster.local:8001/auth/login\": request timeout"

running (02m43.8s), 061/225 VUs, 1353 complete and 0 interrupted iterations
openloop_spike   [  23% ] 061/225 VUs  02m43.8s/12m0s  30.00 iters/s

running (02m44.8s), 033/225 VUs, 1411 complete and 0 interrupted iterations
openloop_spike   [  23% ] 033/225 VUs  02m44.8s/12m0s  30.00 iters/s
time="2026-10-08T12:29:15Z" level=warning msg="Request Failed" error="Post \"http://auth-service.ecommerce.svc.cluster.local:8001/auth/login\": request timeout"

running (02m45.8s), 025/225 VUs, 1449 complete and 0 interrupted iterations
openloop_spike   [  23% ] 025/225 VUs  02m45.8s/12m0s  30.00 iters/s

running (02m46.8s), 024/225 VUs, 1480 complete and 0 interrupted iterations
openloop_spike   [  23% ] 024/225 VUs  02m46.8s/12m0s  30.00 iters/s

running (02m47.8s), 024/225 VUs, 1510 complete and 0 interrupted iterations
openloop_spike   [  23% ] 024/225 VUs  02m47.8s/12m0s  30.00 iters/s
time="2026-10-08T12:29:17Z" level=warning msg="Request Failed" error="Post \"http://auth-service.ecommerce.svc.cluster.local:8001/auth/login\": request timeout"

running (02m48.8s), 030/225 VUs, 1534 complete and 0 interrupted iterations
openloop_spike   [  23% ] 030/225 VUs  02m48.8s/12m0s  30.00 iters/s
time="2026-10-08T12:29:18Z" level=warning msg="Request Failed" error="Post \"http://auth-service.ecommerce.svc.cluster.local:8001/auth/login\": request timeout"
time="2026-10-08T12:29:18Z" level=warning msg="Request Failed" error="Post \"http://auth-service.ecommerce.svc.cluster.local:8001/auth/login\": request timeout"
time="2026-10-08T12:29:19Z" level=warning msg="Request Failed" error="Post \"http://auth-service.ecommerce.svc.cluster.local:8001/auth/login\": request timeout"

running (02m49.8s), 020/225 VUs, 1574 complete and 0 interrupted iterations
openloop_spike   [  24% ] 020/225 VUs  02m49.8s/12m0s  30.00 iters/s

running (02m50.8s), 027/225 VUs, 1597 complete and 0 interrupted iterations
openloop_spike   [  24% ] 027/225 VUs  02m50.8s/12m0s  30.00 iters/s
time="2026-10-08T12:29:21Z" level=warning msg="Request Failed" error="Post \"http://auth-service.ecommerce.svc.cluster.local:8001/auth/login\": request timeout"
time="2026-10-08T12:29:21Z" level=warning msg="Request Failed" error="Post \"http://auth-service.ecommerce.svc.cluster.local:8001/auth/login\": request timeout"

running (02m51.8s), 033/225 VUs, 1621 complete and 0 interrupted iterations
openloop_spike   [  24% ] 033/225 VUs  02m51.8s/12m0s  30.00 iters/s
time="2026-10-08T12:29:22Z" level=warning msg="Request Failed" error="Post \"http://auth-service.ecommerce.svc.cluster.local:8001/auth/login\": request timeout"

running (02m52.8s), 048/225 VUs, 1636 complete and 0 interrupted iterations
openloop_spike   [  24% ] 048/225 VUs  02m52.8s/12m0s  30.00 iters/s
time="2026-10-08T12:29:23Z" level=warning msg="Request Failed" error="Post \"http://auth-service.ecommerce.svc.cluster.local:8001/auth/login\": request timeout"

running (02m53.8s), 051/225 VUs, 1663 complete and 0 interrupted iterations
openloop_spike   [  24% ] 051/225 VUs  02m53.8s/12m0s  30.00 iters/s
time="2026-10-08T12:29:24Z" level=warning msg="Request Failed" error="Post \"http://auth-service.ecommerce.svc.cluster.local:8001/auth/login\": request timeout"

running (02m54.8s), 033/225 VUs, 1711 complete and 0 interrupted iterations
openloop_spike   [  24% ] 033/225 VUs  02m54.8s/12m0s  30.00 iters/s
time="2026-10-08T12:29:25Z" level=warning msg="Request Failed" error="Post \"http://auth-service.ecommerce.svc.cluster.local:8001/auth/login\": request timeout"

running (02m55.8s), 029/225 VUs, 1745 complete and 0 interrupted iterations
openloop_spike   [  24% ] 029/225 VUs  02m55.8s/12m0s  30.00 iters/s

running (02m56.8s), 032/225 VUs, 1772 complete and 0 interrupted iterations
openloop_spike   [  25% ] 032/225 VUs  02m56.8s/12m0s  30.00 iters/s
time="2026-10-08T12:29:27Z" level=warning msg="Request Failed" error="Post \"http://auth-service.ecommerce.svc.cluster.local:8001/auth/login\": request timeout"

running (02m57.8s), 032/225 VUs, 1802 complete and 0 interrupted iterations
openloop_spike   [  25% ] 032/225 VUs  02m57.8s/12m0s  30.00 iters/s

running (02m58.8s), 031/225 VUs, 1833 complete and 0 interrupted iterations
openloop_spike   [  25% ] 031/225 VUs  02m58.8s/12m0s  30.00 iters/s
time="2026-10-08T12:29:29Z" level=warning msg="Request Failed" error="Post \"http://auth-service.ecommerce.svc.cluster.local:8001/auth/login\": request timeout"
time="2026-10-08T12:29:29Z" level=warning msg="Request Failed" error="Post \"http://auth-service.ecommerce.svc.cluster.local:8001/auth/login\": request timeout"
time="2026-10-08T12:29:29Z" level=warning msg="Request Failed" error="Post \"http://auth-service.ecommerce.svc.cluster.local:8001/auth/login\": request timeout"

running (02m59.8s), 036/225 VUs, 1858 complete and 0 interrupted iterations
openloop_spike   [  25% ] 036/225 VUs  02m59.8s/12m0s  30.00 iters/s
time="2026-10-08T12:29:30Z" level=warning msg="Request Failed" error="request timeout"
time="2026-10-08T12:29:30Z" level=warning msg="Request Failed" error="Post \"http://auth-service.ecommerce.svc.cluster.local:8001/auth/login\": request timeout"
time="2026-10-08T12:29:30Z" level=warning msg="Request Failed" error="Post \"http://auth-service.ecommerce.svc.cluster.local:8001/auth/login\": request timeout"

running (03m00.8s), 015/225 VUs, 1909 complete and 0 interrupted iterations
openloop_spike   [  25% ] 015/225 VUs  03m00.8s/12m0s  30.00 iters/s
time="2026-10-08T12:29:31Z" level=warning msg="Request Failed" error="Post \"http://auth-service.ecommerce.svc.cluster.local:8001/auth/login\": request timeout"
time="2026-10-08T12:29:31Z" level=warning msg="Request Failed" error="Post \"http://auth-service.ecommerce.svc.cluster.local:8001/auth/login\": request timeout"
time="2026-10-08T12:29:31Z" level=warning msg="Request Failed" error="Post \"http://auth-service.ecommerce.svc.cluster.local:8001/auth/login\": request timeout"

running (03m01.8s), 014/225 VUs, 1940 complete and 0 interrupted iterations
openloop_spike   [  25% ] 014/225 VUs  03m01.8s/12m0s  30.00 iters/s

running (03m02.8s), 020/225 VUs, 1964 complete and 0 interrupted iterations
openloop_spike   [  25% ] 020/225 VUs  03m02.8s/12m0s  30.00 iters/s
time="2026-10-08T12:29:32Z" level=warning msg="Request Failed" error="Post \"http://auth-service.ecommerce.svc.cluster.local:8001/auth/login\": request timeout"

running (03m03.8s), 022/225 VUs, 1992 complete and 0 interrupted iterations
openloop_spike   [  26% ] 022/225 VUs  03m03.8s/12m0s  30.00 iters/s

running (03m04.8s), 018/225 VUs, 2026 complete and 0 interrupted iterations
openloop_spike   [  26% ] 018/225 VUs  03m04.8s/12m0s  30.00 iters/s
time="2026-10-08T12:29:34Z" level=warning msg="Request Failed" error="Post \"http://auth-service.ecommerce.svc.cluster.local:8001/auth/login\": request timeout"
time="2026-10-08T12:29:35Z" level=warning msg="Request Failed" error="Post \"http://auth-service.ecommerce.svc.cluster.local:8001/auth/login\": request timeout"

running (03m05.8s), 020/225 VUs, 2054 complete and 0 interrupted iterations
openloop_spike   [  26% ] 020/225 VUs  03m05.8s/12m0s  30.00 iters/s
time="2026-10-08T12:29:35Z" level=warning msg="Request Failed" error="Post \"http://auth-service.ecommerce.svc.cluster.local:8001/auth/login\": request timeout"
time="2026-10-08T12:29:36Z" level=warning msg="Request Failed" error="Post \"http://auth-service.ecommerce.svc.cluster.local:8001/auth/login\": request timeout"

running (03m06.8s), 025/225 VUs, 2079 complete and 0 interrupted iterations
openloop_spike   [  26% ] 025/225 VUs  03m06.8s/12m0s  30.00 iters/s
time="2026-10-08T12:29:37Z" level=warning msg="Request Failed" error="Post \"http://auth-service.ecommerce.svc.cluster.local:8001/auth/login\": request timeout"
time="2026-10-08T12:29:37Z" level=warning msg="Request Failed" error="Post \"http://auth-service.ecommerce.svc.cluster.local:8001/auth/login\": request timeout"
time="2026-10-08T12:29:37Z" level=warning msg="Request Failed" error="Post \"http://auth-service.ecommerce.svc.cluster.local:8001/auth/login\": request timeout"

running (03m07.8s), 029/225 VUs, 2105 complete and 0 interrupted iterations
openloop_spike   [  26% ] 029/225 VUs  03m07.8s/12m0s  30.00 iters/s

running (03m08.8s), 031/225 VUs, 2133 complete and 0 interrupted iterations
openloop_spike   [  26% ] 031/225 VUs  03m08.8s/12m0s  30.00 iters/s

running (03m09.8s), 018/225 VUs, 2176 complete and 0 interrupted iterations
openloop_spike   [  26% ] 018/225 VUs  03m09.8s/12m0s  30.00 iters/s

running (03m10.8s), 023/225 VUs, 2201 complete and 0 interrupted iterations
openloop_spike   [  27% ] 023/225 VUs  03m10.8s/12m0s  30.00 iters/s
time="2026-10-08T12:29:41Z" level=warning msg="Request Failed" error="Post \"http://auth-service.ecommerce.svc.cluster.local:8001/auth/login\": request timeout"
time="2026-10-08T12:29:41Z" level=warning msg="Request Failed" error="Post \"http://auth-service.ecommerce.svc.cluster.local:8001/auth/login\": request timeout"

running (03m11.8s), 025/225 VUs, 2229 complete and 0 interrupted iterations
openloop_spike   [  27% ] 025/225 VUs  03m11.8s/12m0s  30.00 iters/s
time="2026-10-08T12:29:41Z" level=warning msg="Request Failed" error="Post \"http://auth-service.ecommerce.svc.cluster.local:8001/auth/login\": request timeout"
time="2026-10-08T12:29:42Z" level=warning msg="Request Failed" error="Post \"http://auth-service.ecommerce.svc.cluster.local:8001/auth/login\": request timeout"
time="2026-10-08T12:29:42Z" level=warning msg="Request Failed" error="Post \"http://auth-service.ecommerce.svc.cluster.local:8001/auth/login\": request timeout"
time="2026-10-08T12:29:42Z" level=warning msg="Request Failed" error="Post \"http://auth-service.ecommerce.svc.cluster.local:8001/auth/login\": request timeout"

running (03m12.8s), 020/225 VUs, 2264 complete and 0 interrupted iterations
openloop_spike   [  27% ] 020/225 VUs  03m12.8s/12m0s  30.00 iters/s
time="2026-10-08T12:29:43Z" level=warning msg="Request Failed" error="Post \"http://auth-service.ecommerce.svc.cluster.local:8001/auth/login\": request timeout"

running (03m13.8s), 022/225 VUs, 2292 complete and 0 interrupted iterations
openloop_spike   [  27% ] 022/225 VUs  03m13.8s/12m0s  30.00 iters/s
time="2026-10-08T12:29:44Z" level=warning msg="Request Failed" error="Post \"http://auth-service.ecommerce.svc.cluster.local:8001/auth/login\": request timeout"
time="2026-10-08T12:29:44Z" level=warning msg="Request Failed" error="Post \"http://auth-service.ecommerce.svc.cluster.local:8001/auth/login\": request timeout"

running (03m14.8s), 019/225 VUs, 2325 complete and 0 interrupted iterations
openloop_spike   [  27% ] 019/225 VUs  03m14.8s/12m0s  30.00 iters/s
time="2026-10-08T12:29:44Z" level=warning msg="Request Failed" error="Post \"http://auth-service.ecommerce.svc.cluster.local:8001/auth/login\": request timeout"
time="2026-10-08T12:29:44Z" level=warning msg="Request Failed" error="Post \"http://auth-service.ecommerce.svc.cluster.local:8001/auth/login\": request timeout"
time="2026-10-08T12:29:44Z" level=warning msg="Request Failed" error="Post \"http://auth-service.ecommerce.svc.cluster.local:8001/auth/login\": request timeout"

running (03m15.8s), 021/225 VUs, 2353 complete and 0 interrupted iterations
openloop_spike   [  27% ] 021/225 VUs  03m15.8s/12m0s  30.00 iters/s
time="2026-10-08T12:29:45Z" level=warning msg="Request Failed" error="Post \"http://auth-service.ecommerce.svc.cluster.local:8001/auth/login\": request timeout"
time="2026-10-08T12:29:46Z" level=warning msg="Request Failed" error="Post \"http://auth-service.ecommerce.svc.cluster.local:8001/auth/login\": request timeout"
time="2026-10-08T12:29:46Z" level=warning msg="Request Failed" error="Post \"http://auth-service.ecommerce.svc.cluster.local:8001/auth/login\": request timeout"

running (03m16.8s), 016/225 VUs, 2388 complete and 0 interrupted iterations
openloop_spike   [  27% ] 016/225 VUs  03m16.8s/12m0s  30.00 iters/s

running (03m17.8s), 020/225 VUs, 2414 complete and 0 interrupted iterations
openloop_spike   [  27% ] 020/225 VUs  03m17.8s/12m0s  30.00 iters/s
time="2026-10-08T12:29:48Z" level=warning msg="Request Failed" error="Post \"http://auth-service.ecommerce.svc.cluster.local:8001/auth/login\": request timeout"
time="2026-10-08T12:29:48Z" level=warning msg="Request Failed" error="Post \"http://auth-service.ecommerce.svc.cluster.local:8001/auth/login\": request timeout"
time="2026-10-08T12:29:48Z" level=warning msg="Request Failed" error="Post \"http://auth-service.ecommerce.svc.cluster.local:8001/auth/login\": request timeout"

running (03m18.8s), 037/225 VUs, 2427 complete and 0 interrupted iterations
openloop_spike   [  28% ] 037/225 VUs  03m18.8s/12m0s  30.00 iters/s

running (03m19.8s), 047/225 VUs, 2447 complete and 0 interrupted iterations
openloop_spike   [  28% ] 047/225 VUs  03m19.8s/12m0s  30.00 iters/s

running (03m20.8s), 031/225 VUs, 2493 complete and 0 interrupted iterations
openloop_spike   [  28% ] 031/225 VUs  03m20.8s/12m0s  30.00 iters/s

running (03m21.8s), 023/225 VUs, 2531 complete and 0 interrupted iterations
openloop_spike   [  28% ] 023/225 VUs  03m21.8s/12m0s  30.00 iters/s

running (03m22.8s), 038/225 VUs, 2546 complete and 0 interrupted iterations
openloop_spike   [  28% ] 038/225 VUs  03m22.8s/12m0s  30.00 iters/s
time="2026-10-08T12:29:53Z" level=warning msg="Request Failed" error="Post \"http://auth-service.ecommerce.svc.cluster.local:8001/auth/login\": request timeout"
time="2026-10-08T12:29:53Z" level=warning msg="Request Failed" error="Post \"http://auth-service.ecommerce.svc.cluster.local:8001/auth/login\": request timeout"

running (03m23.8s), 048/225 VUs, 2566 complete and 0 interrupted iterations
openloop_spike   [  28% ] 048/225 VUs  03m23.8s/12m0s  30.00 iters/s

running (03m24.8s), 050/225 VUs, 2594 complete and 0 interrupted iterations
openloop_spike   [  28% ] 050/225 VUs  03m24.8s/12m0s  30.00 iters/s
time="2026-10-08T12:29:54Z" level=warning msg="Request Failed" error="Post \"http://auth-service.ecommerce.svc.cluster.local:8001/auth/login\": request timeout"
time="2026-10-08T12:29:55Z" level=warning msg="Request Failed" error="Post \"http://auth-service.ecommerce.svc.cluster.local:8001/auth/login\": request timeout"
time="2026-10-08T12:29:55Z" level=warning msg="Request Failed" error="Post \"http://auth-service.ecommerce.svc.cluster.local:8001/auth/login\": request timeout"

running (03m25.8s), 044/225 VUs, 2630 complete and 0 interrupted iterations
openloop_spike   [  29% ] 044/225 VUs  03m25.8s/12m0s  30.00 iters/s
time="2026-10-08T12:29:56Z" level=warning msg="Request Failed" error="Post \"http://auth-service.ecommerce.svc.cluster.local:8001/auth/login\": request timeout"

running (03m26.8s), 044/225 VUs, 2660 complete and 0 interrupted iterations
openloop_spike   [  29% ] 044/225 VUs  03m26.8s/12m0s  30.00 iters/s
time="2026-10-08T12:29:57Z" level=warning msg="Request Failed" error="Post \"http://auth-service.ecommerce.svc.cluster.local:8001/auth/login\": request timeout"

running (03m27.8s), 020/225 VUs, 2714 complete and 0 interrupted iterations
openloop_spike   [  29% ] 020/225 VUs  03m27.8s/12m0s  30.00 iters/s
time="2026-10-08T12:29:57Z" level=warning msg="Request Failed" error="Post \"http://auth-service.ecommerce.svc.cluster.local:8001/auth/login\": request timeout"
time="2026-10-08T12:29:57Z" level=warning msg="Request Failed" error="Post \"http://auth-service.ecommerce.svc.cluster.local:8001/auth/login\": request timeout"

running (03m28.8s), 027/225 VUs, 2737 complete and 0 interrupted iterations
openloop_spike   [  29% ] 027/225 VUs  03m28.8s/12m0s  30.00 iters/s
time="2026-10-08T12:29:59Z" level=warning msg="Request Failed" error="Post \"http://auth-service.ecommerce.svc.cluster.local:8001/auth/login\": request timeout"

running (03m29.8s), 035/225 VUs, 2759 complete and 0 interrupted iterations
openloop_spike   [  29% ] 035/225 VUs  03m29.8s/12m0s  30.00 iters/s
time="2026-10-08T12:30:00Z" level=warning msg="Request Failed" error="Post \"http://auth-service.ecommerce.svc.cluster.local:8001/auth/login\": request timeout"
time="2026-10-08T12:30:00Z" level=warning msg="Request Failed" error="Post \"http://auth-service.ecommerce.svc.cluster.local:8001/auth/login\": request timeout"
time="2026-10-08T12:30:00Z" level=warning msg="Request Failed" error="Post \"http://auth-service.ecommerce.svc.cluster.local:8001/auth/login\": request timeout"
time="2026-10-08T12:30:00Z" level=warning msg="Request Failed" error="Post \"http://auth-service.ecommerce.svc.cluster.local:8001/auth/login\": request timeout"

running (03m30.8s), 040/225 VUs, 2784 complete and 0 interrupted iterations
openloop_spike   [  29% ] 040/225 VUs  03m30.8s/12m0s  30.00 iters/s
time="2026-10-08T12:30:01Z" level=warning msg="Request Failed" error="Post \"http://auth-service.ecommerce.svc.cluster.local:8001/auth/login\": request timeout"
time="2026-10-08T12:30:01Z" level=warning msg="Request Failed" error="Post \"http://auth-service.ecommerce.svc.cluster.local:8001/auth/login\": request timeout"

running (03m31.8s), 039/225 VUs, 2815 complete and 0 interrupted iterations
openloop_spike   [  29% ] 039/225 VUs  03m31.8s/12m0s  30.00 iters/s
time="2026-10-08T12:30:01Z" level=warning msg="Request Failed" error="Post \"http://auth-service.ecommerce.svc.cluster.local:8001/auth/login\": request timeout"
time="2026-10-08T12:30:01Z" level=warning msg="Request Failed" error="Post \"http://auth-service.ecommerce.svc.cluster.local:8001/auth/login\": request timeout"
time="2026-10-08T12:30:02Z" level=warning msg="Request Failed" error="Post \"http://auth-service.ecommerce.svc.cluster.local:8001/auth/login\": request timeout"
time="2026-10-08T12:30:02Z" level=warning msg="Request Failed" error="Post \"http://auth-service.ecommerce.svc.cluster.local:8001/auth/login\": request timeout"

running (03m32.8s), 026/225 VUs, 2858 complete and 0 interrupted iterations
openloop_spike   [  30% ] 026/225 VUs  03m32.8s/12m0s  30.00 iters/s
time="2026-10-08T12:30:02Z" level=warning msg="Request Failed" error="Post \"http://auth-service.ecommerce.svc.cluster.local:8001/auth/login\": request timeout"
time="2026-10-08T12:30:02Z" level=warning msg="Request Failed" error="Post \"http://auth-service.ecommerce.svc.cluster.local:8001/auth/login\": request timeout"
time="2026-10-08T12:30:03Z" level=warning msg="Request Failed" error="Post \"http://auth-service.ecommerce.svc.cluster.local:8001/auth/login\": request timeout"

running (03m33.8s), 009/225 VUs, 2905 complete and 0 interrupted iterations
openloop_spike   [  30% ] 009/225 VUs  03m33.8s/12m0s  30.00 iters/s

running (03m34.8s), 012/225 VUs, 2932 complete and 0 interrupted iterations
openloop_spike   [  30% ] 012/225 VUs  03m34.8s/12m0s  30.00 iters/s
time="2026-10-08T12:30:04Z" level=warning msg="Request Failed" error="Post \"http://auth-service.ecommerce.svc.cluster.local:8001/auth/login\": request timeout"

running (03m35.8s), 009/225 VUs, 2965 complete and 0 interrupted iterations
openloop_spike   [  30% ] 009/225 VUs  03m35.8s/12m0s  30.00 iters/s

running (03m36.8s), 009/225 VUs, 2995 complete and 0 interrupted iterations
openloop_spike   [  30% ] 009/225 VUs  03m36.8s/12m0s  30.00 iters/s

running (03m37.8s), 000/225 VUs, 3034 complete and 0 interrupted iterations
openloop_spike   [  30% ] 000/225 VUs  03m37.8s/12m0s  30.00 iters/s

running (03m38.8s), 008/225 VUs, 3056 complete and 0 interrupted iterations
openloop_spike   [  30% ] 008/225 VUs  03m38.8s/12m0s  30.00 iters/s

running (03m39.8s), 004/225 VUs, 3090 complete and 0 interrupted iterations
openloop_spike   [  31% ] 004/225 VUs  03m39.8s/12m0s  30.00 iters/s

running (03m40.8s), 005/225 VUs, 3119 complete and 0 interrupted iterations
openloop_spike   [  31% ] 005/225 VUs  03m40.8s/12m0s  30.00 iters/s

running (03m41.8s), 007/225 VUs, 3147 complete and 0 interrupted iterations
openloop_spike   [  31% ] 007/225 VUs  03m41.8s/12m0s  30.00 iters/s

running (03m42.8s), 006/225 VUs, 3178 complete and 0 interrupted iterations
openloop_spike   [  31% ] 006/225 VUs  03m42.8s/12m0s  30.00 iters/s

running (03m43.8s), 005/225 VUs, 3209 complete and 0 interrupted iterations
openloop_spike   [  31% ] 005/225 VUs  03m43.8s/12m0s  30.00 iters/s

running (03m44.8s), 010/225 VUs, 3234 complete and 0 interrupted iterations
openloop_spike   [  31% ] 010/225 VUs  03m44.8s/12m0s  30.00 iters/s

running (03m45.8s), 004/225 VUs, 3270 complete and 0 interrupted iterations
openloop_spike   [  31% ] 004/225 VUs  03m45.8s/12m0s  30.00 iters/s

running (03m46.8s), 008/225 VUs, 3296 complete and 0 interrupted iterations
openloop_spike   [  32% ] 008/225 VUs  03m46.8s/12m0s  30.00 iters/s

running (03m47.8s), 008/225 VUs, 3326 complete and 0 interrupted iterations
openloop_spike   [  32% ] 008/225 VUs  03m47.8s/12m0s  30.00 iters/s

running (03m48.8s), 010/225 VUs, 3354 complete and 0 interrupted iterations
openloop_spike   [  32% ] 010/225 VUs  03m48.8s/12m0s  30.00 iters/s

running (03m49.8s), 013/225 VUs, 3381 complete and 0 interrupted iterations
openloop_spike   [  32% ] 013/225 VUs  03m49.8s/12m0s  30.00 iters/s

running (03m50.8s), 008/225 VUs, 3416 complete and 0 interrupted iterations
openloop_spike   [  32% ] 008/225 VUs  03m50.8s/12m0s  30.00 iters/s

running (03m51.8s), 010/225 VUs, 3444 complete and 0 interrupted iterations
openloop_spike   [  32% ] 010/225 VUs  03m51.8s/12m0s  30.00 iters/s

running (03m52.8s), 013/225 VUs, 3471 complete and 0 interrupted iterations
openloop_spike   [  32% ] 013/225 VUs  03m52.8s/12m0s  30.00 iters/s

running (03m53.8s), 015/225 VUs, 3499 complete and 0 interrupted iterations
openloop_spike   [  32% ] 015/225 VUs  03m53.8s/12m0s  30.00 iters/s

running (03m54.8s), 018/225 VUs, 3526 complete and 0 interrupted iterations
openloop_spike   [  33% ] 018/225 VUs  03m54.8s/12m0s  30.00 iters/s

running (03m55.8s), 015/225 VUs, 3559 complete and 0 interrupted iterations
openloop_spike   [  33% ] 015/225 VUs  03m55.8s/12m0s  30.00 iters/s
time="2026-10-08T12:30:26Z" level=warning msg="Request Failed" error="Post \"http://auth-service.ecommerce.svc.cluster.local:8001/auth/login\": request timeout"

running (03m56.8s), 010/225 VUs, 3594 complete and 0 interrupted iterations
openloop_spike   [  33% ] 010/225 VUs  03m56.8s/12m0s  30.00 iters/s
time="2026-10-08T12:30:27Z" level=warning msg="Request Failed" error="Post \"http://auth-service.ecommerce.svc.cluster.local:8001/auth/login\": request timeout"
time="2026-10-08T12:30:27Z" level=warning msg="Request Failed" error="Post \"http://auth-service.ecommerce.svc.cluster.local:8001/auth/login\": request timeout"

running (03m57.8s), 018/225 VUs, 3616 complete and 0 interrupted iterations
openloop_spike   [  33% ] 018/225 VUs  03m57.8s/12m0s  30.00 iters/s

running (03m58.8s), 005/225 VUs, 3659 complete and 0 interrupted iterations
openloop_spike   [  33% ] 005/225 VUs  03m58.8s/12m0s  30.00 iters/s

running (03m59.8s), 003/225 VUs, 3691 complete and 0 interrupted iterations
openloop_spike   [  33% ] 003/225 VUs  03m59.8s/12m0s  30.00 iters/s

running (04m00.8s), 005/225 VUs, 3719 complete and 0 interrupted iterations
openloop_spike   [  33% ] 005/225 VUs  04m00.8s/12m0s  30.00 iters/s

running (04m01.8s), 004/225 VUs, 3750 complete and 0 interrupted iterations
openloop_spike   [  34% ] 004/225 VUs  04m01.8s/12m0s  30.00 iters/s

running (04m02.8s), 004/225 VUs, 3780 complete and 0 interrupted iterations
openloop_spike   [  34% ] 004/225 VUs  04m02.8s/12m0s  30.00 iters/s

running (04m03.8s), 004/225 VUs, 3810 complete and 0 interrupted iterations
openloop_spike   [  34% ] 004/225 VUs  04m03.8s/12m0s  30.00 iters/s

running (04m04.8s), 005/225 VUs, 3839 complete and 0 interrupted iterations
openloop_spike   [  34% ] 005/225 VUs  04m04.8s/12m0s  30.00 iters/s

running (04m05.8s), 003/225 VUs, 3871 complete and 0 interrupted iterations
openloop_spike   [  34% ] 003/225 VUs  04m05.8s/12m0s  30.00 iters/s

running (04m06.8s), 005/225 VUs, 3899 complete and 0 interrupted iterations
openloop_spike   [  34% ] 005/225 VUs  04m06.8s/12m0s  30.00 iters/s

running (04m07.8s), 006/225 VUs, 3928 complete and 0 interrupted iterations
openloop_spike   [  34% ] 006/225 VUs  04m07.8s/12m0s  30.00 iters/s

running (04m08.8s), 000/225 VUs, 3964 complete and 0 interrupted iterations
openloop_spike   [  35% ] 000/225 VUs  04m08.8s/12m0s  30.00 iters/s

running (04m09.8s), 006/225 VUs, 3988 complete and 0 interrupted iterations
openloop_spike   [  35% ] 006/225 VUs  04m09.8s/12m0s  30.00 iters/s

running (04m10.8s), 007/225 VUs, 4017 complete and 0 interrupted iterations
openloop_spike   [  35% ] 007/225 VUs  04m10.8s/12m0s  30.00 iters/s

running (04m11.8s), 009/225 VUs, 4045 complete and 0 interrupted iterations
openloop_spike   [  35% ] 009/225 VUs  04m11.8s/12m0s  30.00 iters/s

running (04m12.8s), 006/225 VUs, 4078 complete and 0 interrupted iterations
openloop_spike   [  35% ] 006/225 VUs  04m12.8s/12m0s  30.00 iters/s

running (04m13.8s), 008/225 VUs, 4106 complete and 0 interrupted iterations
openloop_spike   [  35% ] 008/225 VUs  04m13.8s/12m0s  30.00 iters/s

running (04m14.8s), 006/225 VUs, 4138 complete and 0 interrupted iterations
openloop_spike   [  35% ] 006/225 VUs  04m14.8s/12m0s  30.00 iters/s

running (04m15.8s), 010/225 VUs, 4164 complete and 0 interrupted iterations
openloop_spike   [  36% ] 010/225 VUs  04m15.8s/12m0s  30.00 iters/s

running (04m16.8s), 011/225 VUs, 4193 complete and 0 interrupted iterations
openloop_spike   [  36% ] 011/225 VUs  04m16.8s/12m0s  30.00 iters/s

running (04m17.8s), 010/225 VUs, 4224 complete and 0 interrupted iterations
openloop_spike   [  36% ] 010/225 VUs  04m17.8s/12m0s  30.00 iters/s

running (04m18.8s), 011/225 VUs, 4253 complete and 0 interrupted iterations
openloop_spike   [  36% ] 011/225 VUs  04m18.8s/12m0s  30.00 iters/s

running (04m19.8s), 005/225 VUs, 4289 complete and 0 interrupted iterations
openloop_spike   [  36% ] 005/225 VUs  04m19.8s/12m0s  30.00 iters/s

running (04m20.8s), 009/225 VUs, 4315 complete and 0 interrupted iterations
openloop_spike   [  36% ] 009/225 VUs  04m20.8s/12m0s  30.00 iters/s

running (04m21.8s), 001/225 VUs, 4353 complete and 0 interrupted iterations
openloop_spike   [  36% ] 001/225 VUs  04m21.8s/12m0s  30.00 iters/s

running (04m22.8s), 006/225 VUs, 4378 complete and 0 interrupted iterations
openloop_spike   [  37% ] 006/225 VUs  04m22.8s/12m0s  30.00 iters/s

running (04m23.8s), 016/225 VUs, 4398 complete and 0 interrupted iterations
openloop_spike   [  37% ] 016/225 VUs  04m23.8s/12m0s  30.00 iters/s

running (04m24.8s), 014/225 VUs, 4430 complete and 0 interrupted iterations
openloop_spike   [  37% ] 014/225 VUs  04m24.8s/12m0s  30.00 iters/s

running (04m25.8s), 016/225 VUs, 4458 complete and 0 interrupted iterations
openloop_spike   [  37% ] 016/225 VUs  04m25.8s/12m0s  30.00 iters/s

running (04m26.8s), 019/225 VUs, 4485 complete and 0 interrupted iterations
openloop_spike   [  37% ] 019/225 VUs  04m26.8s/12m0s  30.00 iters/s

running (04m27.8s), 019/225 VUs, 4515 complete and 0 interrupted iterations
openloop_spike   [  37% ] 019/225 VUs  04m27.8s/12m0s  30.00 iters/s
time="2026-10-08T12:30:58Z" level=warning msg="Request Failed" error="Post \"http://auth-service.ecommerce.svc.cluster.local:8001/auth/login\": request timeout"

running (04m28.8s), 013/225 VUs, 4551 complete and 0 interrupted iterations
openloop_spike   [  37% ] 013/225 VUs  04m28.8s/12m0s  30.00 iters/s
time="2026-10-08T12:30:59Z" level=warning msg="Request Failed" error="Post \"http://auth-service.ecommerce.svc.cluster.local:8001/auth/login\": request timeout"

running (04m29.8s), 010/225 VUs, 4584 complete and 0 interrupted iterations
openloop_spike   [  37% ] 010/225 VUs  04m29.8s/12m0s  30.00 iters/s
time="2026-10-08T12:31:00Z" level=warning msg="Request Failed" error="Post \"http://auth-service.ecommerce.svc.cluster.local:8001/auth/login\": request timeout"
time="2026-10-08T12:31:00Z" level=warning msg="Request Failed" error="Post \"http://auth-service.ecommerce.svc.cluster.local:8001/auth/login\": request timeout"

running (04m30.8s), 015/225 VUs, 4609 complete and 0 interrupted iterations
openloop_spike   [  38% ] 015/225 VUs  04m30.8s/12m0s  30.00 iters/s
time="2026-10-08T12:31:01Z" level=warning msg="Request Failed" error="Post \"http://auth-service.ecommerce.svc.cluster.local:8001/auth/login\": request timeout"

running (04m31.8s), 018/225 VUs, 4636 complete and 0 interrupted iterations
openloop_spike   [  38% ] 018/225 VUs  04m31.8s/12m0s  30.00 iters/s

running (04m32.8s), 011/225 VUs, 4673 complete and 0 interrupted iterations
openloop_spike   [  38% ] 011/225 VUs  04m32.8s/12m0s  30.00 iters/s
time="2026-10-08T12:31:03Z" level=warning msg="Request Failed" error="Post \"http://auth-service.ecommerce.svc.cluster.local:8001/auth/login\": request timeout"
time="2026-10-08T12:31:03Z" level=warning msg="Request Failed" error="Post \"http://auth-service.ecommerce.svc.cluster.local:8001/auth/login\": request timeout"

running (04m33.8s), 014/225 VUs, 4700 complete and 0 interrupted iterations
openloop_spike   [  38% ] 014/225 VUs  04m33.8s/12m0s  30.00 iters/s

running (04m34.8s), 015/225 VUs, 4729 complete and 0 interrupted iterations
openloop_spike   [  38% ] 015/225 VUs  04m34.8s/12m0s  30.00 iters/s
time="2026-10-08T12:31:05Z" level=warning msg="Request Failed" error="Post \"http://auth-service.ecommerce.svc.cluster.local:8001/auth/login\": request timeout"
time="2026-10-08T12:31:05Z" level=warning msg="Request Failed" error="Post \"http://auth-service.ecommerce.svc.cluster.local:8001/auth/login\": request timeout"

running (04m35.8s), 014/225 VUs, 4760 complete and 0 interrupted iterations
openloop_spike   [  38% ] 014/225 VUs  04m35.8s/12m0s  30.00 iters/s
time="2026-10-08T12:31:06Z" level=warning msg="Request Failed" error="Post \"http://auth-service.ecommerce.svc.cluster.local:8001/auth/login\": request timeout"

running (04m36.8s), 020/225 VUs, 4784 complete and 0 interrupted iterations
openloop_spike   [  38% ] 020/225 VUs  04m36.8s/12m0s  30.00 iters/s

running (04m37.8s), 011/225 VUs, 4823 complete and 0 interrupted iterations
openloop_spike   [  39% ] 011/225 VUs  04m37.8s/12m0s  30.00 iters/s
time="2026-10-08T12:31:07Z" level=warning msg="Request Failed" error="Post \"http://auth-service.ecommerce.svc.cluster.local:8001/auth/login\": request timeout"
time="2026-10-08T12:31:07Z" level=warning msg="Request Failed" error="Post \"http://auth-service.ecommerce.svc.cluster.local:8001/auth/login\": request timeout"
time="2026-10-08T12:31:08Z" level=warning msg="Request Failed" error="Post \"http://auth-service.ecommerce.svc.cluster.local:8001/auth/login\": request timeout"
time="2026-10-08T12:31:08Z" level=warning msg="Request Failed" error="Post \"http://auth-service.ecommerce.svc.cluster.local:8001/auth/login\": request timeout"

running (04m38.8s), 003/225 VUs, 4861 complete and 0 interrupted iterations
openloop_spike   [  39% ] 003/225 VUs  04m38.8s/12m0s  30.00 iters/s

running (04m39.8s), 008/225 VUs, 4886 complete and 0 interrupted iterations
openloop_spike   [  39% ] 008/225 VUs  04m39.8s/12m0s  30.00 iters/s

running (04m40.8s), 007/225 VUs, 4917 complete and 0 interrupted iterations
openloop_spike   [  39% ] 007/225 VUs  04m40.8s/12m0s  30.00 iters/s

running (04m41.8s), 006/225 VUs, 4948 complete and 0 interrupted iterations
openloop_spike   [  39% ] 006/225 VUs  04m41.8s/12m0s  30.00 iters/s

running (04m42.8s), 005/225 VUs, 4979 complete and 0 interrupted iterations
openloop_spike   [  39% ] 005/225 VUs  04m42.8s/12m0s  30.00 iters/s

running (04m43.8s), 007/225 VUs, 5007 complete and 0 interrupted iterations
openloop_spike   [  39% ] 007/225 VUs  04m43.8s/12m0s  30.00 iters/s

running (04m44.8s), 007/225 VUs, 5037 complete and 0 interrupted iterations
openloop_spike   [  40% ] 007/225 VUs  04m44.8s/12m0s  30.00 iters/s

running (04m45.8s), 006/225 VUs, 5068 complete and 0 interrupted iterations
openloop_spike   [  40% ] 006/225 VUs  04m45.8s/12m0s  30.00 iters/s

running (04m46.8s), 005/225 VUs, 5099 complete and 0 interrupted iterations
openloop_spike   [  40% ] 005/225 VUs  04m46.8s/12m0s  30.00 iters/s

running (04m47.8s), 015/225 VUs, 5119 complete and 0 interrupted iterations
openloop_spike   [  40% ] 015/225 VUs  04m47.8s/12m0s  30.00 iters/s

running (04m48.8s), 007/225 VUs, 5157 complete and 0 interrupted iterations
openloop_spike   [  40% ] 007/225 VUs  04m48.8s/12m0s  30.00 iters/s

running (04m49.8s), 008/225 VUs, 5186 complete and 0 interrupted iterations
openloop_spike   [  40% ] 008/225 VUs  04m49.8s/12m0s  30.00 iters/s

running (04m50.8s), 005/225 VUs, 5219 complete and 0 interrupted iterations
openloop_spike   [  40% ] 005/225 VUs  04m50.8s/12m0s  30.00 iters/s

running (04m51.8s), 010/225 VUs, 5244 complete and 0 interrupted iterations
openloop_spike   [  41% ] 010/225 VUs  04m51.8s/12m0s  30.00 iters/s

running (04m52.8s), 015/225 VUs, 5269 complete and 0 interrupted iterations
openloop_spike   [  41% ] 015/225 VUs  04m52.8s/12m0s  30.00 iters/s

running (04m53.8s), 010/225 VUs, 5304 complete and 0 interrupted iterations
openloop_spike   [  41% ] 010/225 VUs  04m53.8s/12m0s  30.00 iters/s

running (04m54.8s), 015/225 VUs, 5329 complete and 0 interrupted iterations
openloop_spike   [  41% ] 015/225 VUs  04m54.8s/12m0s  30.00 iters/s

running (04m55.8s), 009/225 VUs, 5365 complete and 0 interrupted iterations
openloop_spike   [  41% ] 009/225 VUs  04m55.8s/12m0s  30.00 iters/s

running (04m56.8s), 011/225 VUs, 5393 complete and 0 interrupted iterations
openloop_spike   [  41% ] 011/225 VUs  04m56.8s/12m0s  30.00 iters/s
time="2026-10-08T12:31:27Z" level=warning msg="Request Failed" error="Post \"http://auth-service.ecommerce.svc.cluster.local:8001/auth/login\": request timeout"
time="2026-10-08T12:31:27Z" level=warning msg="Request Failed" error="Post \"http://auth-service.ecommerce.svc.cluster.local:8001/auth/login\": request timeout"

running (04m57.8s), 011/225 VUs, 5423 complete and 0 interrupted iterations
openloop_spike   [  41% ] 011/225 VUs  04m57.8s/12m0s  30.00 iters/s
time="2026-10-08T12:31:27Z" level=warning msg="Request Failed" error="Post \"http://auth-service.ecommerce.svc.cluster.local:8001/auth/login\": request timeout"

running (04m58.8s), 011/225 VUs, 5453 complete and 0 interrupted iterations
openloop_spike   [  42% ] 011/225 VUs  04m58.8s/12m0s  30.00 iters/s

running (04m59.8s), 014/225 VUs, 5480 complete and 0 interrupted iterations
openloop_spike   [  42% ] 014/225 VUs  04m59.8s/12m0s  30.00 iters/s

running (05m00.8s), 014/225 VUs, 5510 complete and 0 interrupted iterations
openloop_spike   [  42% ] 014/225 VUs  05m00.8s/12m0s  30.00 iters/s

running (05m01.8s), 016/225 VUs, 5538 complete and 0 interrupted iterations
openloop_spike   [  42% ] 016/225 VUs  05m01.8s/12m0s  30.00 iters/s

running (05m02.8s), 018/225 VUs, 5566 complete and 0 interrupted iterations
openloop_spike   [  42% ] 018/225 VUs  05m02.8s/12m0s  30.00 iters/s

running (05m03.8s), 016/225 VUs, 5598 complete and 0 interrupted iterations
openloop_spike   [  42% ] 016/225 VUs  05m03.8s/12m0s  30.00 iters/s

running (05m04.8s), 023/225 VUs, 5621 complete and 0 interrupted iterations
openloop_spike   [  42% ] 023/225 VUs  05m04.8s/12m0s  30.00 iters/s

running (05m05.8s), 022/225 VUs, 5652 complete and 0 interrupted iterations
openloop_spike   [  42% ] 022/225 VUs  05m05.8s/12m0s  30.00 iters/s

running (05m06.8s), 024/225 VUs, 5680 complete and 0 interrupted iterations
openloop_spike   [  43% ] 024/225 VUs  05m06.8s/12m0s  30.00 iters/s

running (05m07.8s), 009/225 VUs, 5725 complete and 0 interrupted iterations
openloop_spike   [  43% ] 009/225 VUs  05m07.8s/12m0s  30.00 iters/s
time="2026-10-08T12:31:38Z" level=warning msg="Request Failed" error="Post \"http://auth-service.ecommerce.svc.cluster.local:8001/auth/login\": request timeout"

running (05m08.8s), 017/225 VUs, 5747 complete and 0 interrupted iterations
openloop_spike   [  43% ] 017/225 VUs  05m08.8s/12m0s  30.00 iters/s
time="2026-10-08T12:31:39Z" level=warning msg="Request Failed" error="Post \"http://auth-service.ecommerce.svc.cluster.local:8001/auth/login\": request timeout"

running (05m09.8s), 011/225 VUs, 5783 complete and 0 interrupted iterations
openloop_spike   [  43% ] 011/225 VUs  05m09.8s/12m0s  30.00 iters/s

running (05m10.8s), 004/225 VUs, 5820 complete and 0 interrupted iterations
openloop_spike   [  43% ] 004/225 VUs  05m10.8s/12m0s  30.00 iters/s

running (05m11.8s), 002/225 VUs, 5852 complete and 0 interrupted iterations
openloop_spike   [  43% ] 002/225 VUs  05m11.8s/12m0s  30.00 iters/s

running (05m12.8s), 001/225 VUs, 5883 complete and 0 interrupted iterations
openloop_spike   [  43% ] 001/225 VUs  05m12.8s/12m0s  30.00 iters/s

running (05m13.8s), 004/225 VUs, 5910 complete and 0 interrupted iterations
openloop_spike   [  44% ] 004/225 VUs  05m13.8s/12m0s  30.00 iters/s

running (05m14.8s), 003/225 VUs, 5941 complete and 0 interrupted iterations
openloop_spike   [  44% ] 003/225 VUs  05m14.8s/12m0s  30.00 iters/s

running (05m15.8s), 010/225 VUs, 5964 complete and 0 interrupted iterations
openloop_spike   [  44% ] 010/225 VUs  05m15.8s/12m0s  30.00 iters/s

running (05m16.8s), 015/225 VUs, 5989 complete and 0 interrupted iterations
openloop_spike   [  44% ] 015/225 VUs  05m16.8s/12m0s  30.00 iters/s

running (05m17.8s), 015/225 VUs, 6019 complete and 0 interrupted iterations
openloop_spike   [  44% ] 015/225 VUs  05m17.8s/12m0s  30.00 iters/s

running (05m18.8s), 015/225 VUs, 6049 complete and 0 interrupted iterations
openloop_spike   [  44% ] 015/225 VUs  05m18.8s/12m0s  30.00 iters/s

running (05m19.8s), 018/225 VUs, 6076 complete and 0 interrupted iterations
openloop_spike   [  44% ] 018/225 VUs  05m19.8s/12m0s  30.00 iters/s

running (05m20.8s), 019/225 VUs, 6105 complete and 0 interrupted iterations
openloop_spike   [  45% ] 019/225 VUs  05m20.8s/12m0s  30.00 iters/s

running (05m21.8s), 010/225 VUs, 6144 complete and 0 interrupted iterations
openloop_spike   [  45% ] 010/225 VUs  05m21.8s/12m0s  30.00 iters/s

running (05m22.8s), 003/225 VUs, 6181 complete and 0 interrupted iterations
openloop_spike   [  45% ] 003/225 VUs  05m22.8s/12m0s  30.00 iters/s

running (05m23.8s), 002/225 VUs, 6212 complete and 0 interrupted iterations
openloop_spike   [  45% ] 002/225 VUs  05m23.8s/12m0s  30.00 iters/s

running (05m24.8s), 001/225 VUs, 6243 complete and 0 interrupted iterations
openloop_spike   [  45% ] 001/225 VUs  05m24.8s/12m0s  30.00 iters/s

running (05m25.8s), 002/225 VUs, 6272 complete and 0 interrupted iterations
openloop_spike   [  45% ] 002/225 VUs  05m25.8s/12m0s  30.00 iters/s

running (05m26.8s), 001/225 VUs, 6303 complete and 0 interrupted iterations
openloop_spike   [  45% ] 001/225 VUs  05m26.8s/12m0s  30.00 iters/s

running (05m27.8s), 002/225 VUs, 6332 complete and 0 interrupted iterations
openloop_spike   [  46% ] 002/225 VUs  05m27.8s/12m0s  30.00 iters/s

running (05m28.8s), 005/225 VUs, 6359 complete and 0 interrupted iterations
openloop_spike   [  46% ] 005/225 VUs  05m28.8s/12m0s  30.00 iters/s

running (05m29.8s), 002/225 VUs, 6392 complete and 0 interrupted iterations
openloop_spike   [  46% ] 002/225 VUs  05m29.8s/12m0s  30.00 iters/s

running (05m30.8s), 007/225 VUs, 6417 complete and 0 interrupted iterations
openloop_spike   [  46% ] 007/225 VUs  05m30.8s/12m0s  30.00 iters/s

running (05m31.8s), 005/225 VUs, 6449 complete and 0 interrupted iterations
openloop_spike   [  46% ] 005/225 VUs  05m31.8s/12m0s  30.00 iters/s

running (05m32.8s), 005/225 VUs, 6479 complete and 0 interrupted iterations
openloop_spike   [  46% ] 005/225 VUs  05m32.8s/12m0s  30.00 iters/s

running (05m33.8s), 004/225 VUs, 6510 complete and 0 interrupted iterations
openloop_spike   [  46% ] 004/225 VUs  05m33.8s/12m0s  30.00 iters/s

running (05m34.8s), 002/225 VUs, 6542 complete and 0 interrupted iterations
openloop_spike   [  47% ] 002/225 VUs  05m34.8s/12m0s  30.00 iters/s

running (05m35.8s), 003/225 VUs, 6571 complete and 0 interrupted iterations
openloop_spike   [  47% ] 003/225 VUs  05m35.8s/12m0s  30.00 iters/s

running (05m36.8s), 000/225 VUs, 6604 complete and 0 interrupted iterations
openloop_spike   [  47% ] 000/225 VUs  05m36.8s/12m0s  30.00 iters/s

running (05m37.8s), 003/225 VUs, 6631 complete and 0 interrupted iterations
openloop_spike   [  47% ] 003/225 VUs  05m37.8s/12m0s  30.00 iters/s

running (05m38.8s), 004/225 VUs, 6660 complete and 0 interrupted iterations
openloop_spike   [  47% ] 004/225 VUs  05m38.8s/12m0s  30.00 iters/s

running (05m39.8s), 005/225 VUs, 6689 complete and 0 interrupted iterations
openloop_spike   [  47% ] 005/225 VUs  05m39.8s/12m0s  30.00 iters/s

running (05m40.8s), 003/225 VUs, 6721 complete and 0 interrupted iterations
openloop_spike   [  47% ] 003/225 VUs  05m40.8s/12m0s  30.00 iters/s

running (05m41.8s), 002/225 VUs, 6752 complete and 0 interrupted iterations
openloop_spike   [  47% ] 002/225 VUs  05m41.8s/12m0s  30.00 iters/s

running (05m42.8s), 001/225 VUs, 6783 complete and 0 interrupted iterations
openloop_spike   [  48% ] 001/225 VUs  05m42.8s/12m0s  30.00 iters/s

running (05m43.8s), 004/225 VUs, 6810 complete and 0 interrupted iterations
openloop_spike   [  48% ] 004/225 VUs  05m43.8s/12m0s  30.00 iters/s

running (05m44.8s), 001/225 VUs, 6843 complete and 0 interrupted iterations
openloop_spike   [  48% ] 001/225 VUs  05m44.8s/12m0s  30.00 iters/s

running (05m45.8s), 004/225 VUs, 6870 complete and 0 interrupted iterations
openloop_spike   [  48% ] 004/225 VUs  05m45.8s/12m0s  30.00 iters/s

running (05m46.8s), 006/225 VUs, 6898 complete and 0 interrupted iterations
openloop_spike   [  48% ] 006/225 VUs  05m46.8s/12m0s  30.00 iters/s

running (05m47.8s), 003/225 VUs, 6931 complete and 0 interrupted iterations
openloop_spike   [  48% ] 003/225 VUs  05m47.8s/12m0s  30.00 iters/s

running (05m48.8s), 004/225 VUs, 6960 complete and 0 interrupted iterations
openloop_spike   [  48% ] 004/225 VUs  05m48.8s/12m0s  30.00 iters/s

running (05m49.8s), 004/225 VUs, 6990 complete and 0 interrupted iterations
openloop_spike   [  49% ] 004/225 VUs  05m49.8s/12m0s  30.00 iters/s

running (05m50.8s), 004/225 VUs, 7020 complete and 0 interrupted iterations
openloop_spike   [  49% ] 004/225 VUs  05m50.8s/12m0s  30.00 iters/s

running (05m51.8s), 002/225 VUs, 7052 complete and 0 interrupted iterations
openloop_spike   [  49% ] 002/225 VUs  05m51.8s/12m0s  30.00 iters/s

running (05m52.8s), 009/225 VUs, 7075 complete and 0 interrupted iterations
openloop_spike   [  49% ] 009/225 VUs  05m52.8s/12m0s  30.00 iters/s

running (05m53.8s), 007/225 VUs, 7107 complete and 0 interrupted iterations
openloop_spike   [  49% ] 007/225 VUs  05m53.8s/12m0s  30.00 iters/s

running (05m54.8s), 008/225 VUs, 7136 complete and 0 interrupted iterations
openloop_spike   [  49% ] 008/225 VUs  05m54.8s/12m0s  30.00 iters/s

running (05m55.8s), 005/225 VUs, 7169 complete and 0 interrupted iterations
openloop_spike   [  49% ] 005/225 VUs  05m55.8s/12m0s  30.00 iters/s

running (05m56.8s), 004/225 VUs, 7200 complete and 0 interrupted iterations
openloop_spike   [  50% ] 004/225 VUs  05m56.8s/12m0s  30.00 iters/s

running (05m57.8s), 005/225 VUs, 7229 complete and 0 interrupted iterations
openloop_spike   [  50% ] 005/225 VUs  05m57.8s/12m0s  30.00 iters/s

running (05m58.8s), 006/225 VUs, 7258 complete and 0 interrupted iterations
openloop_spike   [  50% ] 006/225 VUs  05m58.8s/12m0s  30.00 iters/s

running (05m59.8s), 002/225 VUs, 7292 complete and 0 interrupted iterations
openloop_spike   [  50% ] 002/225 VUs  05m59.8s/12m0s  30.00 iters/s

running (06m00.8s), 003/225 VUs, 7321 complete and 0 interrupted iterations
openloop_spike   [  50% ] 003/225 VUs  06m00.8s/12m0s  30.00 iters/s

running (06m01.8s), 005/225 VUs, 7349 complete and 0 interrupted iterations
openloop_spike   [  50% ] 005/225 VUs  06m01.8s/12m0s  30.00 iters/s

running (06m02.8s), 011/225 VUs, 7373 complete and 0 interrupted iterations
openloop_spike   [  50% ] 011/225 VUs  06m02.8s/12m0s  30.00 iters/s

running (06m03.8s), 010/225 VUs, 7404 complete and 0 interrupted iterations
openloop_spike   [  51% ] 010/225 VUs  06m03.8s/12m0s  30.00 iters/s

running (06m04.8s), 010/225 VUs, 7434 complete and 0 interrupted iterations
openloop_spike   [  51% ] 010/225 VUs  06m04.8s/12m0s  30.00 iters/s

running (06m05.8s), 012/225 VUs, 7462 complete and 0 interrupted iterations
openloop_spike   [  51% ] 012/225 VUs  06m05.8s/12m0s  30.00 iters/s

running (06m06.8s), 006/225 VUs, 7498 complete and 0 interrupted iterations
openloop_spike   [  51% ] 006/225 VUs  06m06.8s/12m0s  30.00 iters/s

running (06m07.8s), 008/225 VUs, 7526 complete and 0 interrupted iterations
openloop_spike   [  51% ] 008/225 VUs  06m07.8s/12m0s  30.00 iters/s

running (06m08.8s), 006/225 VUs, 7558 complete and 0 interrupted iterations
openloop_spike   [  51% ] 006/225 VUs  06m08.8s/12m0s  30.00 iters/s

running (06m09.8s), 006/225 VUs, 7588 complete and 0 interrupted iterations
openloop_spike   [  51% ] 006/225 VUs  06m09.8s/12m0s  30.00 iters/s

running (06m10.8s), 004/225 VUs, 7620 complete and 0 interrupted iterations
openloop_spike   [  52% ] 004/225 VUs  06m10.8s/12m0s  30.00 iters/s

running (06m11.8s), 002/225 VUs, 7652 complete and 0 interrupted iterations
openloop_spike   [  52% ] 002/225 VUs  06m11.8s/12m0s  30.00 iters/s

running (06m12.8s), 002/225 VUs, 7682 complete and 0 interrupted iterations
openloop_spike   [  52% ] 002/225 VUs  06m12.8s/12m0s  30.00 iters/s

running (06m13.8s), 004/225 VUs, 7710 complete and 0 interrupted iterations
openloop_spike   [  52% ] 004/225 VUs  06m13.8s/12m0s  30.00 iters/s

running (06m14.8s), 003/225 VUs, 7741 complete and 0 interrupted iterations
openloop_spike   [  52% ] 003/225 VUs  06m14.8s/12m0s  30.00 iters/s

running (06m15.8s), 007/225 VUs, 7767 complete and 0 interrupted iterations
openloop_spike   [  52% ] 007/225 VUs  06m15.8s/12m0s  30.00 iters/s

running (06m16.8s), 012/225 VUs, 7792 complete and 0 interrupted iterations
openloop_spike   [  52% ] 012/225 VUs  06m16.8s/12m0s  30.00 iters/s

running (06m17.8s), 010/225 VUs, 7824 complete and 0 interrupted iterations
openloop_spike   [  52% ] 010/225 VUs  06m17.8s/12m0s  30.00 iters/s

running (06m18.8s), 005/225 VUs, 7859 complete and 0 interrupted iterations
openloop_spike   [  53% ] 005/225 VUs  06m18.8s/12m0s  30.00 iters/s

running (06m19.8s), 003/225 VUs, 7891 complete and 0 interrupted iterations
openloop_spike   [  53% ] 003/225 VUs  06m19.8s/12m0s  30.00 iters/s

running (06m20.8s), 001/225 VUs, 7923 complete and 0 interrupted iterations
openloop_spike   [  53% ] 001/225 VUs  06m20.8s/12m0s  30.00 iters/s

running (06m21.8s), 002/225 VUs, 7952 complete and 0 interrupted iterations
openloop_spike   [  53% ] 002/225 VUs  06m21.8s/12m0s  30.00 iters/s

running (06m22.8s), 003/225 VUs, 7981 complete and 0 interrupted iterations
openloop_spike   [  53% ] 003/225 VUs  06m22.8s/12m0s  30.00 iters/s

running (06m23.8s), 002/225 VUs, 8012 complete and 0 interrupted iterations
openloop_spike   [  53% ] 002/225 VUs  06m23.8s/12m0s  30.00 iters/s

running (06m24.8s), 003/225 VUs, 8041 complete and 0 interrupted iterations
openloop_spike   [  53% ] 003/225 VUs  06m24.8s/12m0s  30.00 iters/s

running (06m25.8s), 005/225 VUs, 8069 complete and 0 interrupted iterations
openloop_spike   [  54% ] 005/225 VUs  06m25.8s/12m0s  30.00 iters/s

running (06m26.8s), 009/225 VUs, 8095 complete and 0 interrupted iterations
openloop_spike   [  54% ] 009/225 VUs  06m26.8s/12m0s  30.00 iters/s

running (06m27.8s), 002/225 VUs, 8132 complete and 0 interrupted iterations
openloop_spike   [  54% ] 002/225 VUs  06m27.8s/12m0s  30.00 iters/s

running (06m28.8s), 002/225 VUs, 8162 complete and 0 interrupted iterations
openloop_spike   [  54% ] 002/225 VUs  06m28.8s/12m0s  30.00 iters/s

running (06m29.8s), 001/225 VUs, 8193 complete and 0 interrupted iterations
openloop_spike   [  54% ] 001/225 VUs  06m29.8s/12m0s  30.00 iters/s

running (06m30.8s), 001/225 VUs, 8223 complete and 0 interrupted iterations
openloop_spike   [  54% ] 001/225 VUs  06m30.8s/12m0s  30.00 iters/s

running (06m31.8s), 003/225 VUs, 8251 complete and 0 interrupted iterations
openloop_spike   [  54% ] 003/225 VUs  06m31.8s/12m0s  30.00 iters/s

running (06m32.8s), 003/225 VUs, 8281 complete and 0 interrupted iterations
openloop_spike   [  55% ] 003/225 VUs  06m32.8s/12m0s  30.00 iters/s

running (06m33.8s), 005/225 VUs, 8309 complete and 0 interrupted iterations
openloop_spike   [  55% ] 005/225 VUs  06m33.8s/12m0s  30.00 iters/s

running (06m34.8s), 006/225 VUs, 8338 complete and 0 interrupted iterations
openloop_spike   [  55% ] 006/225 VUs  06m34.8s/12m0s  30.00 iters/s

running (06m35.8s), 002/225 VUs, 8372 complete and 0 interrupted iterations
openloop_spike   [  55% ] 002/225 VUs  06m35.8s/12m0s  30.00 iters/s

running (06m36.8s), 002/225 VUs, 8402 complete and 0 interrupted iterations
openloop_spike   [  55% ] 002/225 VUs  06m36.8s/12m0s  30.00 iters/s

running (06m37.8s), 001/225 VUs, 8433 complete and 0 interrupted iterations
openloop_spike   [  55% ] 001/225 VUs  06m37.8s/12m0s  30.00 iters/s

running (06m38.8s), 003/225 VUs, 8461 complete and 0 interrupted iterations
openloop_spike   [  55% ] 003/225 VUs  06m38.8s/12m0s  30.00 iters/s

running (06m39.8s), 002/225 VUs, 8492 complete and 0 interrupted iterations
openloop_spike   [  56% ] 002/225 VUs  06m39.8s/12m0s  30.00 iters/s

running (06m40.8s), 002/225 VUs, 8522 complete and 0 interrupted iterations
openloop_spike   [  56% ] 002/225 VUs  06m40.8s/12m0s  30.00 iters/s

running (06m41.8s), 004/225 VUs, 8550 complete and 0 interrupted iterations
openloop_spike   [  56% ] 004/225 VUs  06m41.8s/12m0s  30.00 iters/s

running (06m42.8s), 002/225 VUs, 8582 complete and 0 interrupted iterations
openloop_spike   [  56% ] 002/225 VUs  06m42.8s/12m0s  30.00 iters/s

running (06m43.8s), 005/225 VUs, 8609 complete and 0 interrupted iterations
openloop_spike   [  56% ] 005/225 VUs  06m43.8s/12m0s  30.00 iters/s

running (06m44.8s), 002/225 VUs, 8642 complete and 0 interrupted iterations
openloop_spike   [  56% ] 002/225 VUs  06m44.8s/12m0s  30.00 iters/s

running (06m45.8s), 004/225 VUs, 8670 complete and 0 interrupted iterations
openloop_spike   [  56% ] 004/225 VUs  06m45.8s/12m0s  30.00 iters/s

running (06m46.8s), 001/225 VUs, 8703 complete and 0 interrupted iterations
openloop_spike   [  57% ] 001/225 VUs  06m46.8s/12m0s  30.00 iters/s

running (06m47.8s), 006/225 VUs, 8728 complete and 0 interrupted iterations
openloop_spike   [  57% ] 006/225 VUs  06m47.8s/12m0s  30.00 iters/s

running (06m48.8s), 007/225 VUs, 8757 complete and 0 interrupted iterations
openloop_spike   [  57% ] 007/225 VUs  06m48.8s/12m0s  30.00 iters/s

running (06m49.8s), 009/225 VUs, 8785 complete and 0 interrupted iterations
openloop_spike   [  57% ] 009/225 VUs  06m49.8s/12m0s  30.00 iters/s

running (06m50.8s), 006/225 VUs, 8818 complete and 0 interrupted iterations
openloop_spike   [  57% ] 006/225 VUs  06m50.8s/12m0s  30.00 iters/s

running (06m51.8s), 004/225 VUs, 8850 complete and 0 interrupted iterations
openloop_spike   [  57% ] 004/225 VUs  06m51.8s/12m0s  30.00 iters/s

running (06m52.8s), 008/225 VUs, 8876 complete and 0 interrupted iterations
openloop_spike   [  57% ] 008/225 VUs  06m52.8s/12m0s  30.00 iters/s

running (06m53.8s), 007/225 VUs, 8907 complete and 0 interrupted iterations
openloop_spike   [  57% ] 007/225 VUs  06m53.8s/12m0s  30.00 iters/s

running (06m54.8s), 005/225 VUs, 8939 complete and 0 interrupted iterations
openloop_spike   [  58% ] 005/225 VUs  06m54.8s/12m0s  30.00 iters/s

running (06m55.8s), 001/225 VUs, 8973 complete and 0 interrupted iterations
openloop_spike   [  58% ] 001/225 VUs  06m55.8s/12m0s  30.00 iters/s

running (06m56.8s), 002/225 VUs, 9002 complete and 0 interrupted iterations
openloop_spike   [  58% ] 002/225 VUs  06m56.8s/12m0s  30.00 iters/s

running (06m57.8s), 005/225 VUs, 9029 complete and 0 interrupted iterations
openloop_spike   [  58% ] 005/225 VUs  06m57.8s/12m0s  30.00 iters/s

running (06m58.8s), 009/225 VUs, 9055 complete and 0 interrupted iterations
openloop_spike   [  58% ] 009/225 VUs  06m58.8s/12m0s  30.00 iters/s

running (06m59.8s), 013/225 VUs, 9081 complete and 0 interrupted iterations
openloop_spike   [  58% ] 013/225 VUs  06m59.8s/12m0s  30.00 iters/s

running (07m00.8s), 009/225 VUs, 9115 complete and 0 interrupted iterations
openloop_spike   [  58% ] 009/225 VUs  07m00.8s/12m0s  30.00 iters/s

running (07m01.8s), 006/225 VUs, 9148 complete and 0 interrupted iterations
openloop_spike   [  59% ] 006/225 VUs  07m01.8s/12m0s  30.00 iters/s

running (07m02.8s), 004/225 VUs, 9180 complete and 0 interrupted iterations
openloop_spike   [  59% ] 004/225 VUs  07m02.8s/12m0s  30.00 iters/s

running (07m03.8s), 003/225 VUs, 9211 complete and 0 interrupted iterations
openloop_spike   [  59% ] 003/225 VUs  07m03.8s/12m0s  30.00 iters/s

running (07m04.8s), 007/225 VUs, 9237 complete and 0 interrupted iterations
openloop_spike   [  59% ] 006/225 VUs  07m04.8s/12m0s  30.00 iters/s

running (07m05.8s), 002/225 VUs, 9272 complete and 0 interrupted iterations
openloop_spike   [  59% ] 002/225 VUs  07m05.8s/12m0s  30.00 iters/s

running (07m06.8s), 003/225 VUs, 9301 complete and 0 interrupted iterations
openloop_spike   [  59% ] 003/225 VUs  07m06.8s/12m0s  30.00 iters/s

running (07m07.8s), 004/225 VUs, 9330 complete and 0 interrupted iterations
openloop_spike   [  59% ] 004/225 VUs  07m07.8s/12m0s  30.00 iters/s

running (07m08.8s), 009/225 VUs, 9355 complete and 0 interrupted iterations
openloop_spike   [  60% ] 009/225 VUs  07m08.8s/12m0s  30.00 iters/s

running (07m09.8s), 008/225 VUs, 9386 complete and 0 interrupted iterations
openloop_spike   [  60% ] 008/225 VUs  07m09.8s/12m0s  30.00 iters/s

running (07m10.8s), 008/225 VUs, 9416 complete and 0 interrupted iterations
openloop_spike   [  60% ] 008/225 VUs  07m10.8s/12m0s  30.00 iters/s

running (07m11.8s), 010/225 VUs, 9444 complete and 0 interrupted iterations
openloop_spike   [  60% ] 010/225 VUs  07m11.8s/12m0s  30.00 iters/s

running (07m12.8s), 005/225 VUs, 9479 complete and 0 interrupted iterations
openloop_spike   [  60% ] 005/225 VUs  07m12.8s/12m0s  30.00 iters/s

running (07m13.8s), 011/225 VUs, 9503 complete and 0 interrupted iterations
openloop_spike   [  60% ] 011/225 VUs  07m13.8s/12m0s  30.00 iters/s

running (07m14.8s), 011/225 VUs, 9533 complete and 0 interrupted iterations
openloop_spike   [  60% ] 011/225 VUs  07m14.8s/12m0s  30.00 iters/s

running (07m15.8s), 006/225 VUs, 9568 complete and 0 interrupted iterations
openloop_spike   [  61% ] 006/225 VUs  07m15.8s/12m0s  30.00 iters/s

running (07m16.8s), 002/225 VUs, 9602 complete and 0 interrupted iterations
openloop_spike   [  61% ] 002/225 VUs  07m16.8s/12m0s  30.00 iters/s

running (07m17.8s), 003/225 VUs, 9631 complete and 0 interrupted iterations
openloop_spike   [  61% ] 003/225 VUs  07m17.8s/12m0s  30.00 iters/s

running (07m18.8s), 000/225 VUs, 9664 complete and 0 interrupted iterations
openloop_spike   [  61% ] 000/225 VUs  07m18.8s/12m0s  30.00 iters/s

running (07m19.8s), 003/225 VUs, 9691 complete and 0 interrupted iterations
openloop_spike   [  61% ] 003/225 VUs  07m19.8s/12m0s  30.00 iters/s

running (07m20.8s), 007/225 VUs, 9717 complete and 0 interrupted iterations
openloop_spike   [  61% ] 007/225 VUs  07m20.8s/12m0s  30.00 iters/s

running (07m21.8s), 008/225 VUs, 9746 complete and 0 interrupted iterations
openloop_spike   [  61% ] 008/225 VUs  07m21.8s/12m0s  30.00 iters/s

running (07m22.8s), 003/225 VUs, 9781 complete and 0 interrupted iterations
openloop_spike   [  62% ] 003/225 VUs  07m22.8s/12m0s  30.00 iters/s

running (07m23.8s), 001/225 VUs, 9813 complete and 0 interrupted iterations
openloop_spike   [  62% ] 001/225 VUs  07m23.8s/12m0s  30.00 iters/s

running (07m24.8s), 003/225 VUs, 9841 complete and 0 interrupted iterations
openloop_spike   [  62% ] 003/225 VUs  07m24.8s/12m0s  30.00 iters/s

running (07m25.8s), 000/225 VUs, 9874 complete and 0 interrupted iterations
openloop_spike   [  62% ] 000/225 VUs  07m25.8s/12m0s  30.00 iters/s

running (07m26.8s), 004/225 VUs, 9900 complete and 0 interrupted iterations
openloop_spike   [  62% ] 004/225 VUs  07m26.8s/12m0s  30.00 iters/s

running (07m27.8s), 003/225 VUs, 9931 complete and 0 interrupted iterations
openloop_spike   [  62% ] 003/225 VUs  07m27.8s/12m0s  30.00 iters/s

running (07m28.8s), 006/225 VUs, 9958 complete and 0 interrupted iterations
openloop_spike   [  62% ] 006/225 VUs  07m28.8s/12m0s  30.00 iters/s

running (07m29.8s), 006/225 VUs, 9988 complete and 0 interrupted iterations
openloop_spike   [  62% ] 006/225 VUs  07m29.8s/12m0s  30.00 iters/s

running (07m30.8s), 003/225 VUs, 10021 complete and 0 interrupted iterations
openloop_spike   [  63% ] 003/225 VUs  07m30.8s/12m0s  30.00 iters/s

running (07m31.8s), 004/225 VUs, 10050 complete and 0 interrupted iterations
openloop_spike   [  63% ] 004/225 VUs  07m31.8s/12m0s  30.00 iters/s

running (07m32.8s), 005/225 VUs, 10079 complete and 0 interrupted iterations
openloop_spike   [  63% ] 005/225 VUs  07m32.8s/12m0s  30.00 iters/s

running (07m33.8s), 010/225 VUs, 10104 complete and 0 interrupted iterations
openloop_spike   [  63% ] 010/225 VUs  07m33.8s/12m0s  30.00 iters/s

running (07m34.8s), 004/225 VUs, 10140 complete and 0 interrupted iterations
openloop_spike   [  63% ] 004/225 VUs  07m34.8s/12m0s  30.00 iters/s

running (07m35.8s), 004/225 VUs, 10170 complete and 0 interrupted iterations
openloop_spike   [  63% ] 004/225 VUs  07m35.8s/12m0s  30.00 iters/s

running (07m36.8s), 002/225 VUs, 10202 complete and 0 interrupted iterations
openloop_spike   [  63% ] 002/225 VUs  07m36.8s/12m0s  30.00 iters/s

running (07m37.8s), 003/225 VUs, 10231 complete and 0 interrupted iterations
openloop_spike   [  64% ] 003/225 VUs  07m37.8s/12m0s  30.00 iters/s

running (07m38.8s), 002/225 VUs, 10262 complete and 0 interrupted iterations
openloop_spike   [  64% ] 002/225 VUs  07m38.8s/12m0s  30.00 iters/s

running (07m39.8s), 001/225 VUs, 10293 complete and 0 interrupted iterations
openloop_spike   [  64% ] 001/225 VUs  07m39.8s/12m0s  30.00 iters/s

running (07m40.8s), 003/225 VUs, 10321 complete and 0 interrupted iterations
openloop_spike   [  64% ] 003/225 VUs  07m40.8s/12m0s  30.00 iters/s

running (07m41.8s), 001/225 VUs, 10353 complete and 0 interrupted iterations
openloop_spike   [  64% ] 001/225 VUs  07m41.8s/12m0s  30.00 iters/s

running (07m42.8s), 008/225 VUs, 10376 complete and 0 interrupted iterations
openloop_spike   [  64% ] 008/225 VUs  07m42.8s/12m0s  30.00 iters/s

running (07m43.8s), 007/225 VUs, 10407 complete and 0 interrupted iterations
openloop_spike   [  64% ] 007/225 VUs  07m43.8s/12m0s  30.00 iters/s

running (07m44.8s), 005/225 VUs, 10439 complete and 0 interrupted iterations
openloop_spike   [  65% ] 005/225 VUs  07m44.8s/12m0s  30.00 iters/s

running (07m45.8s), 005/225 VUs, 10469 complete and 0 interrupted iterations
openloop_spike   [  65% ] 005/225 VUs  07m45.8s/12m0s  30.00 iters/s

running (07m46.8s), 002/225 VUs, 10502 complete and 0 interrupted iterations
openloop_spike   [  65% ] 002/225 VUs  07m46.8s/12m0s  30.00 iters/s

running (07m47.8s), 006/225 VUs, 10528 complete and 0 interrupted iterations
openloop_spike   [  65% ] 006/225 VUs  07m47.8s/12m0s  30.00 iters/s

running (07m48.8s), 006/225 VUs, 10558 complete and 0 interrupted iterations
openloop_spike   [  65% ] 006/225 VUs  07m48.8s/12m0s  30.00 iters/s

running (07m49.8s), 008/225 VUs, 10586 complete and 0 interrupted iterations
openloop_spike   [  65% ] 008/225 VUs  07m49.8s/12m0s  30.00 iters/s

running (07m50.8s), 005/225 VUs, 10619 complete and 0 interrupted iterations
openloop_spike   [  65% ] 005/225 VUs  07m50.8s/12m0s  30.00 iters/s

running (07m51.8s), 001/225 VUs, 10653 complete and 0 interrupted iterations
openloop_spike   [  66% ] 001/225 VUs  07m51.8s/12m0s  30.00 iters/s

running (07m52.8s), 003/225 VUs, 10681 complete and 0 interrupted iterations
openloop_spike   [  66% ] 003/225 VUs  07m52.8s/12m0s  30.00 iters/s

running (07m53.8s), 006/225 VUs, 10708 complete and 0 interrupted iterations
openloop_spike   [  66% ] 006/225 VUs  07m53.8s/12m0s  30.00 iters/s

running (07m54.8s), 006/225 VUs, 10738 complete and 0 interrupted iterations
openloop_spike   [  66% ] 006/225 VUs  07m54.8s/12m0s  30.00 iters/s

running (07m55.8s), 005/225 VUs, 10769 complete and 0 interrupted iterations
openloop_spike   [  66% ] 005/225 VUs  07m55.8s/12m0s  30.00 iters/s

running (07m56.8s), 003/225 VUs, 10801 complete and 0 interrupted iterations
openloop_spike   [  66% ] 003/225 VUs  07m56.8s/12m0s  30.00 iters/s

running (07m57.8s), 005/225 VUs, 10829 complete and 0 interrupted iterations
openloop_spike   [  66% ] 005/225 VUs  07m57.8s/12m0s  30.00 iters/s

running (07m58.8s), 008/225 VUs, 10856 complete and 0 interrupted iterations
openloop_spike   [  67% ] 008/225 VUs  07m58.8s/12m0s  30.00 iters/s

running (07m59.8s), 009/225 VUs, 10885 complete and 0 interrupted iterations
openloop_spike   [  67% ] 009/225 VUs  07m59.8s/12m0s  30.00 iters/s

running (08m00.8s), 004/225 VUs, 10920 complete and 0 interrupted iterations
openloop_spike   [  67% ] 004/225 VUs  08m00.8s/12m0s  30.00 iters/s

running (08m01.8s), 001/225 VUs, 10953 complete and 0 interrupted iterations
openloop_spike   [  67% ] 001/225 VUs  08m01.8s/12m0s  30.00 iters/s

running (08m02.8s), 005/225 VUs, 10979 complete and 0 interrupted iterations
openloop_spike   [  67% ] 005/225 VUs  08m02.8s/12m0s  30.00 iters/s

running (08m03.8s), 003/225 VUs, 11011 complete and 0 interrupted iterations
openloop_spike   [  67% ] 003/225 VUs  08m03.8s/12m0s  30.00 iters/s

running (08m04.8s), 006/225 VUs, 11038 complete and 0 interrupted iterations
openloop_spike   [  67% ] 006/225 VUs  08m04.8s/12m0s  30.00 iters/s

running (08m05.8s), 008/225 VUs, 11066 complete and 0 interrupted iterations
openloop_spike   [  67% ] 008/225 VUs  08m05.8s/12m0s  30.00 iters/s

running (08m06.8s), 007/225 VUs, 11097 complete and 0 interrupted iterations
openloop_spike   [  68% ] 007/225 VUs  08m06.8s/12m0s  30.00 iters/s

running (08m07.8s), 002/225 VUs, 11132 complete and 0 interrupted iterations
openloop_spike   [  68% ] 002/225 VUs  08m07.8s/12m0s  30.00 iters/s

running (08m08.8s), 005/225 VUs, 11159 complete and 0 interrupted iterations
openloop_spike   [  68% ] 005/225 VUs  08m08.8s/12m0s  30.00 iters/s

running (08m09.8s), 006/225 VUs, 11188 complete and 0 interrupted iterations
openloop_spike   [  68% ] 006/225 VUs  08m09.8s/12m0s  30.00 iters/s

running (08m10.8s), 006/225 VUs, 11218 complete and 0 interrupted iterations
openloop_spike   [  68% ] 006/225 VUs  08m10.8s/12m0s  30.00 iters/s

running (08m11.8s), 003/225 VUs, 11251 complete and 0 interrupted iterations
openloop_spike   [  68% ] 003/225 VUs  08m11.8s/12m0s  30.00 iters/s

running (08m12.8s), 001/225 VUs, 11283 complete and 0 interrupted iterations
openloop_spike   [  68% ] 001/225 VUs  08m12.8s/12m0s  30.00 iters/s

running (08m13.8s), 000/225 VUs, 11314 complete and 0 interrupted iterations
openloop_spike   [  69% ] 000/225 VUs  08m13.8s/12m0s  30.00 iters/s

running (08m14.8s), 002/225 VUs, 11342 complete and 0 interrupted iterations
openloop_spike   [  69% ] 002/225 VUs  08m14.8s/12m0s  30.00 iters/s

running (08m15.8s), 004/225 VUs, 11370 complete and 0 interrupted iterations
openloop_spike   [  69% ] 004/225 VUs  08m15.8s/12m0s  30.00 iters/s

running (08m16.8s), 007/225 VUs, 11397 complete and 0 interrupted iterations
openloop_spike   [  69% ] 007/225 VUs  08m16.8s/12m0s  30.00 iters/s

running (08m17.8s), 005/225 VUs, 11429 complete and 0 interrupted iterations
openloop_spike   [  69% ] 005/225 VUs  08m17.8s/12m0s  30.00 iters/s

running (08m18.8s), 007/225 VUs, 11457 complete and 0 interrupted iterations
openloop_spike   [  69% ] 007/225 VUs  08m18.8s/12m0s  30.00 iters/s

running (08m19.8s), 006/225 VUs, 11488 complete and 0 interrupted iterations
openloop_spike   [  69% ] 006/225 VUs  08m19.8s/12m0s  30.00 iters/s

running (08m20.8s), 004/225 VUs, 11520 complete and 0 interrupted iterations
openloop_spike   [  70% ] 004/225 VUs  08m20.8s/12m0s  30.00 iters/s

running (08m21.8s), 002/225 VUs, 11552 complete and 0 interrupted iterations
openloop_spike   [  70% ] 002/225 VUs  08m21.8s/12m0s  30.00 iters/s

running (08m22.8s), 001/225 VUs, 11583 complete and 0 interrupted iterations
openloop_spike   [  70% ] 001/225 VUs  08m22.8s/12m0s  30.00 iters/s

running (08m23.8s), 004/225 VUs, 11610 complete and 0 interrupted iterations
openloop_spike   [  70% ] 004/225 VUs  08m23.8s/12m0s  30.00 iters/s

running (08m24.8s), 007/225 VUs, 11637 complete and 0 interrupted iterations
openloop_spike   [  70% ] 007/225 VUs  08m24.8s/12m0s  30.00 iters/s

running (08m25.8s), 006/225 VUs, 11668 complete and 0 interrupted iterations
openloop_spike   [  70% ] 006/225 VUs  08m25.8s/12m0s  30.00 iters/s

running (08m26.8s), 010/225 VUs, 11694 complete and 0 interrupted iterations
openloop_spike   [  70% ] 010/225 VUs  08m26.8s/12m0s  30.00 iters/s

running (08m27.8s), 008/225 VUs, 11726 complete and 0 interrupted iterations
openloop_spike   [  71% ] 008/225 VUs  08m27.8s/12m0s  30.00 iters/s

running (08m28.8s), 007/225 VUs, 11757 complete and 0 interrupted iterations
openloop_spike   [  71% ] 007/225 VUs  08m28.8s/12m0s  30.00 iters/s

running (08m29.8s), 002/225 VUs, 11792 complete and 0 interrupted iterations
openloop_spike   [  71% ] 002/225 VUs  08m29.8s/12m0s  30.00 iters/s

running (08m30.8s), 004/225 VUs, 11820 complete and 0 interrupted iterations
openloop_spike   [  71% ] 004/225 VUs  08m30.8s/12m0s  30.00 iters/s

running (08m31.8s), 003/225 VUs, 11851 complete and 0 interrupted iterations
openloop_spike   [  71% ] 003/225 VUs  08m31.8s/12m0s  30.00 iters/s

running (08m32.8s), 004/225 VUs, 11880 complete and 0 interrupted iterations
openloop_spike   [  71% ] 004/225 VUs  08m32.8s/12m0s  30.00 iters/s

running (08m33.8s), 002/225 VUs, 11912 complete and 0 interrupted iterations
openloop_spike   [  71% ] 002/225 VUs  08m33.8s/12m0s  30.00 iters/s

running (08m34.8s), 002/225 VUs, 11942 complete and 0 interrupted iterations
openloop_spike   [  72% ] 002/225 VUs  08m34.8s/12m0s  30.00 iters/s

running (08m35.8s), 003/225 VUs, 11971 complete and 0 interrupted iterations
openloop_spike   [  72% ] 003/225 VUs  08m35.8s/12m0s  30.00 iters/s

running (08m36.8s), 009/225 VUs, 11995 complete and 0 interrupted iterations
openloop_spike   [  72% ] 009/225 VUs  08m36.8s/12m0s  30.00 iters/s

running (08m37.8s), 012/225 VUs, 12022 complete and 0 interrupted iterations
openloop_spike   [  72% ] 012/225 VUs  08m37.8s/12m0s  30.00 iters/s

running (08m38.8s), 006/225 VUs, 12058 complete and 0 interrupted iterations
openloop_spike   [  72% ] 006/225 VUs  08m38.8s/12m0s  30.00 iters/s

running (08m39.8s), 002/225 VUs, 12092 complete and 0 interrupted iterations
openloop_spike   [  72% ] 002/225 VUs  08m39.8s/12m0s  30.00 iters/s

running (08m40.8s), 001/225 VUs, 12123 complete and 0 interrupted iterations
openloop_spike   [  72% ] 001/225 VUs  08m40.8s/12m0s  30.00 iters/s

running (08m41.8s), 002/225 VUs, 12152 complete and 0 interrupted iterations
openloop_spike   [  72% ] 002/225 VUs  08m41.8s/12m0s  30.00 iters/s

running (08m42.8s), 003/225 VUs, 12181 complete and 0 interrupted iterations
openloop_spike   [  73% ] 003/225 VUs  08m42.8s/12m0s  30.00 iters/s

running (08m43.8s), 004/225 VUs, 12210 complete and 0 interrupted iterations
openloop_spike   [  73% ] 004/225 VUs  08m43.8s/12m0s  30.00 iters/s

running (08m44.8s), 006/225 VUs, 12238 complete and 0 interrupted iterations
openloop_spike   [  73% ] 006/225 VUs  08m44.8s/12m0s  30.00 iters/s

running (08m45.8s), 004/225 VUs, 12270 complete and 0 interrupted iterations
openloop_spike   [  73% ] 004/225 VUs  08m45.8s/12m0s  30.00 iters/s

running (08m46.8s), 007/225 VUs, 12297 complete and 0 interrupted iterations
openloop_spike   [  73% ] 007/225 VUs  08m46.8s/12m0s  30.00 iters/s

running (08m47.8s), 005/225 VUs, 12329 complete and 0 interrupted iterations
openloop_spike   [  73% ] 005/225 VUs  08m47.8s/12m0s  30.00 iters/s

running (08m48.8s), 003/225 VUs, 12361 complete and 0 interrupted iterations
openloop_spike   [  73% ] 003/225 VUs  08m48.8s/12m0s  30.00 iters/s

running (08m49.8s), 004/225 VUs, 12390 complete and 0 interrupted iterations
openloop_spike   [  74% ] 004/225 VUs  08m49.8s/12m0s  30.00 iters/s

running (08m50.8s), 006/225 VUs, 12418 complete and 0 interrupted iterations
openloop_spike   [  74% ] 006/225 VUs  08m50.8s/12m0s  30.00 iters/s

running (08m51.8s), 003/225 VUs, 12451 complete and 0 interrupted iterations
openloop_spike   [  74% ] 003/225 VUs  08m51.8s/12m0s  30.00 iters/s

running (08m52.8s), 003/225 VUs, 12481 complete and 0 interrupted iterations
openloop_spike   [  74% ] 003/225 VUs  08m52.8s/12m0s  30.00 iters/s

running (08m53.8s), 000/225 VUs, 12514 complete and 0 interrupted iterations
openloop_spike   [  74% ] 000/225 VUs  08m53.8s/12m0s  30.00 iters/s

running (08m54.8s), 005/225 VUs, 12539 complete and 0 interrupted iterations
openloop_spike   [  74% ] 005/225 VUs  08m54.8s/12m0s  30.00 iters/s

running (08m55.8s), 004/225 VUs, 12570 complete and 0 interrupted iterations
openloop_spike   [  74% ] 004/225 VUs  08m55.8s/12m0s  30.00 iters/s

running (08m56.8s), 006/225 VUs, 12598 complete and 0 interrupted iterations
openloop_spike   [  75% ] 006/225 VUs  08m56.8s/12m0s  30.00 iters/s

running (08m57.8s), 002/225 VUs, 12632 complete and 0 interrupted iterations
openloop_spike   [  75% ] 002/225 VUs  08m57.8s/12m0s  30.00 iters/s

running (08m58.8s), 007/225 VUs, 12657 complete and 0 interrupted iterations
openloop_spike   [  75% ] 007/225 VUs  08m58.8s/12m0s  30.00 iters/s

running (08m59.8s), 006/225 VUs, 12688 complete and 0 interrupted iterations
openloop_spike   [  75% ] 006/225 VUs  08m59.8s/12m0s  30.00 iters/s

running (09m00.8s), 010/225 VUs, 12714 complete and 0 interrupted iterations
openloop_spike   [  75% ] 010/225 VUs  09m00.8s/12m0s  29.86 iters/s

running (09m01.8s), 004/225 VUs, 12749 complete and 0 interrupted iterations
openloop_spike   [  75% ] 004/225 VUs  09m01.8s/12m0s  29.70 iters/s

running (09m02.8s), 002/225 VUs, 12781 complete and 0 interrupted iterations
openloop_spike   [  75% ] 002/225 VUs  09m02.8s/12m0s  29.53 iters/s

running (09m03.8s), 000/225 VUs, 12812 complete and 0 interrupted iterations
openloop_spike   [  76% ] 000/225 VUs  09m03.8s/12m0s  29.37 iters/s

running (09m04.8s), 006/225 VUs, 12836 complete and 0 interrupted iterations
openloop_spike   [  76% ] 006/225 VUs  09m04.8s/12m0s  29.20 iters/s

running (09m05.8s), 000/225 VUs, 12871 complete and 0 interrupted iterations
openloop_spike   [  76% ] 000/225 VUs  09m05.8s/12m0s  29.03 iters/s

running (09m06.8s), 002/225 VUs, 12898 complete and 0 interrupted iterations
openloop_spike   [  76% ] 002/225 VUs  09m06.8s/12m0s  28.86 iters/s

running (09m07.8s), 003/225 VUs, 12926 complete and 0 interrupted iterations
openloop_spike   [  76% ] 003/225 VUs  09m07.8s/12m0s  28.70 iters/s

running (09m08.8s), 001/225 VUs, 12956 complete and 0 interrupted iterations
openloop_spike   [  76% ] 001/225 VUs  09m08.8s/12m0s  28.53 iters/s

running (09m09.8s), 003/225 VUs, 12983 complete and 0 interrupted iterations
openloop_spike   [  76% ] 003/225 VUs  09m09.8s/12m0s  28.36 iters/s

running (09m10.8s), 000/225 VUs, 13014 complete and 0 interrupted iterations
openloop_spike   [  77% ] 000/225 VUs  09m10.8s/12m0s  28.20 iters/s

running (09m11.8s), 004/225 VUs, 13038 complete and 0 interrupted iterations
openloop_spike   [  77% ] 004/225 VUs  09m11.8s/12m0s  28.03 iters/s

running (09m12.8s), 002/225 VUs, 13068 complete and 0 interrupted iterations
openloop_spike   [  77% ] 002/225 VUs  09m12.8s/12m0s  27.87 iters/s

running (09m13.8s), 009/225 VUs, 13089 complete and 0 interrupted iterations
openloop_spike   [  77% ] 009/225 VUs  09m13.8s/12m0s  27.70 iters/s

running (09m14.8s), 004/225 VUs, 13121 complete and 0 interrupted iterations
openloop_spike   [  77% ] 004/225 VUs  09m14.8s/12m0s  27.53 iters/s

running (09m15.8s), 006/225 VUs, 13147 complete and 0 interrupted iterations
openloop_spike   [  77% ] 006/225 VUs  09m15.8s/12m0s  27.36 iters/s

running (09m16.8s), 002/225 VUs, 13178 complete and 0 interrupted iterations
openloop_spike   [  77% ] 002/225 VUs  09m16.8s/12m0s  27.20 iters/s

running (09m17.8s), 003/225 VUs, 13204 complete and 0 interrupted iterations
openloop_spike   [  77% ] 003/225 VUs  09m17.8s/12m0s  27.03 iters/s

running (09m18.8s), 001/225 VUs, 13233 complete and 0 interrupted iterations
openloop_spike   [  78% ] 001/225 VUs  09m18.8s/12m0s  26.87 iters/s

running (09m19.8s), 001/225 VUs, 13260 complete and 0 interrupted iterations
openloop_spike   [  78% ] 001/225 VUs  09m19.8s/12m0s  26.70 iters/s

running (09m20.8s), 002/225 VUs, 13286 complete and 0 interrupted iterations
openloop_spike   [  78% ] 002/225 VUs  09m20.8s/12m0s  26.53 iters/s

running (09m21.8s), 000/225 VUs, 13314 complete and 0 interrupted iterations
openloop_spike   [  78% ] 000/225 VUs  09m21.8s/12m0s  26.37 iters/s

running (09m22.8s), 003/225 VUs, 13337 complete and 0 interrupted iterations
openloop_spike   [  78% ] 003/225 VUs  09m22.8s/12m0s  26.20 iters/s

running (09m23.8s), 003/225 VUs, 13363 complete and 0 interrupted iterations
openloop_spike   [  78% ] 003/225 VUs  09m23.8s/12m0s  26.04 iters/s

running (09m24.8s), 003/225 VUs, 13389 complete and 0 interrupted iterations
openloop_spike   [  78% ] 003/225 VUs  09m24.8s/12m0s  25.87 iters/s

running (09m25.8s), 001/225 VUs, 13417 complete and 0 interrupted iterations
openloop_spike   [  79% ] 001/225 VUs  09m25.8s/12m0s  25.70 iters/s

running (09m26.8s), 002/225 VUs, 13442 complete and 0 interrupted iterations
openloop_spike   [  79% ] 002/225 VUs  09m26.8s/12m0s  25.53 iters/s

running (09m27.8s), 002/225 VUs, 13467 complete and 0 interrupted iterations
openloop_spike   [  79% ] 002/225 VUs  09m27.8s/12m0s  25.37 iters/s

running (09m28.8s), 001/225 VUs, 13494 complete and 0 interrupted iterations
openloop_spike   [  79% ] 001/225 VUs  09m28.8s/12m0s  25.20 iters/s

running (09m29.8s), 004/225 VUs, 13516 complete and 0 interrupted iterations
openloop_spike   [  79% ] 004/225 VUs  09m29.8s/12m0s  25.03 iters/s

running (09m30.8s), 003/225 VUs, 13542 complete and 0 interrupted iterations
openloop_spike   [  79% ] 003/225 VUs  09m30.8s/12m0s  24.86 iters/s

running (09m31.8s), 004/225 VUs, 13565 complete and 0 interrupted iterations
openloop_spike   [  79% ] 004/225 VUs  09m31.8s/12m0s  24.70 iters/s

running (09m32.8s), 001/225 VUs, 13593 complete and 0 interrupted iterations
openloop_spike   [  80% ] 001/225 VUs  09m32.8s/12m0s  24.53 iters/s

running (09m33.8s), 000/225 VUs, 13618 complete and 0 interrupted iterations
openloop_spike   [  80% ] 000/225 VUs  09m33.8s/12m0s  24.37 iters/s

running (09m34.8s), 001/225 VUs, 13642 complete and 0 interrupted iterations
openloop_spike   [  80% ] 001/225 VUs  09m34.8s/12m0s  24.20 iters/s

running (09m35.8s), 002/225 VUs, 13665 complete and 0 interrupted iterations
openloop_spike   [  80% ] 002/225 VUs  09m35.8s/12m0s  24.03 iters/s

running (09m36.8s), 001/225 VUs, 13690 complete and 0 interrupted iterations
openloop_spike   [  80% ] 001/225 VUs  09m36.8s/12m0s  23.86 iters/s

running (09m37.8s), 004/225 VUs, 13711 complete and 0 interrupted iterations
openloop_spike   [  80% ] 004/225 VUs  09m37.8s/12m0s  23.70 iters/s

running (09m38.8s), 002/225 VUs, 13736 complete and 0 interrupted iterations
openloop_spike   [  80% ] 002/225 VUs  09m38.8s/12m0s  23.53 iters/s

running (09m39.8s), 001/225 VUs, 13761 complete and 0 interrupted iterations
openloop_spike   [  81% ] 001/225 VUs  09m39.8s/12m0s  23.36 iters/s

running (09m40.8s), 002/225 VUs, 13783 complete and 0 interrupted iterations
openloop_spike   [  81% ] 002/225 VUs  09m40.8s/12m0s  23.20 iters/s

running (09m41.8s), 002/225 VUs, 13806 complete and 0 interrupted iterations
openloop_spike   [  81% ] 002/225 VUs  09m41.8s/12m0s  23.03 iters/s

running (09m42.8s), 004/225 VUs, 13827 complete and 0 interrupted iterations
openloop_spike   [  81% ] 004/225 VUs  09m42.8s/12m0s  22.87 iters/s

running (09m43.8s), 004/225 VUs, 13850 complete and 0 interrupted iterations
openloop_spike   [  81% ] 004/225 VUs  09m43.8s/12m0s  22.70 iters/s

running (09m44.8s), 005/225 VUs, 13871 complete and 0 interrupted iterations
openloop_spike   [  81% ] 005/225 VUs  09m44.8s/12m0s  22.54 iters/s

running (09m45.8s), 005/225 VUs, 13894 complete and 0 interrupted iterations
openloop_spike   [  81% ] 005/225 VUs  09m45.8s/12m0s  22.36 iters/s

running (09m46.8s), 002/225 VUs, 13919 complete and 0 interrupted iterations
openloop_spike   [  82% ] 002/225 VUs  09m46.8s/12m0s  22.20 iters/s

running (09m47.8s), 000/225 VUs, 13943 complete and 0 interrupted iterations
openloop_spike   [  82% ] 000/225 VUs  09m47.8s/12m0s  22.03 iters/s

running (09m48.8s), 002/225 VUs, 13963 complete and 0 interrupted iterations
openloop_spike   [  82% ] 002/225 VUs  09m48.8s/12m0s  21.87 iters/s

running (09m49.8s), 001/225 VUs, 13986 complete and 0 interrupted iterations
openloop_spike   [  82% ] 001/225 VUs  09m49.8s/12m0s  21.70 iters/s

running (09m50.8s), 003/225 VUs, 14006 complete and 0 interrupted iterations
openloop_spike   [  82% ] 003/225 VUs  09m50.8s/12m0s  21.53 iters/s

running (09m51.8s), 002/225 VUs, 14028 complete and 0 interrupted iterations
openloop_spike   [  82% ] 002/225 VUs  09m51.8s/12m0s  21.37 iters/s

running (09m52.8s), 002/225 VUs, 14049 complete and 0 interrupted iterations
openloop_spike   [  82% ] 002/225 VUs  09m52.8s/12m0s  21.20 iters/s

running (09m53.8s), 004/225 VUs, 14068 complete and 0 interrupted iterations
openloop_spike   [  82% ] 004/225 VUs  09m53.8s/12m0s  21.04 iters/s

running (09m54.8s), 002/225 VUs, 14091 complete and 0 interrupted iterations
openloop_spike   [  83% ] 002/225 VUs  09m54.8s/12m0s  20.87 iters/s

running (09m55.8s), 002/225 VUs, 14112 complete and 0 interrupted iterations
openloop_spike   [  83% ] 002/225 VUs  09m55.8s/12m0s  20.70 iters/s

running (09m56.8s), 004/225 VUs, 14131 complete and 0 interrupted iterations
openloop_spike   [  83% ] 004/225 VUs  09m56.8s/12m0s  20.53 iters/s

running (09m57.8s), 003/225 VUs, 14152 complete and 0 interrupted iterations
openloop_spike   [  83% ] 003/225 VUs  09m57.8s/12m0s  20.37 iters/s

running (09m58.8s), 002/225 VUs, 14173 complete and 0 interrupted iterations
openloop_spike   [  83% ] 003/225 VUs  09m58.8s/12m0s  20.19 iters/s

running (09m59.8s), 002/225 VUs, 14194 complete and 0 interrupted iterations
openloop_spike   [  83% ] 002/225 VUs  09m59.8s/12m0s  20.03 iters/s

running (10m00.8s), 002/225 VUs, 14214 complete and 0 interrupted iterations
openloop_spike   [  83% ] 002/225 VUs  10m00.8s/12m0s  19.86 iters/s

running (10m01.8s), 001/225 VUs, 14234 complete and 0 interrupted iterations
openloop_spike   [  84% ] 001/225 VUs  10m01.8s/12m0s  19.70 iters/s

running (10m02.8s), 001/225 VUs, 14254 complete and 0 interrupted iterations
openloop_spike   [  84% ] 001/225 VUs  10m02.8s/12m0s  19.53 iters/s

running (10m03.8s), 002/225 VUs, 14272 complete and 0 interrupted iterations
openloop_spike   [  84% ] 002/225 VUs  10m03.8s/12m0s  19.37 iters/s

running (10m04.8s), 002/225 VUs, 14292 complete and 0 interrupted iterations
openloop_spike   [  84% ] 002/225 VUs  10m04.8s/12m0s  19.20 iters/s

running (10m05.8s), 004/225 VUs, 14309 complete and 0 interrupted iterations
openloop_spike   [  84% ] 004/225 VUs  10m05.8s/12m0s  19.03 iters/s

running (10m06.8s), 002/225 VUs, 14330 complete and 0 interrupted iterations
openloop_spike   [  84% ] 002/225 VUs  10m06.8s/12m0s  18.86 iters/s

running (10m07.8s), 001/225 VUs, 14350 complete and 0 interrupted iterations
openloop_spike   [  84% ] 001/225 VUs  10m07.8s/12m0s  18.69 iters/s

running (10m08.8s), 001/225 VUs, 14368 complete and 0 interrupted iterations
openloop_spike   [  85% ] 001/225 VUs  10m08.8s/12m0s  18.53 iters/s

running (10m09.8s), 003/225 VUs, 14385 complete and 0 interrupted iterations
openloop_spike   [  85% ] 003/225 VUs  10m09.8s/12m0s  18.36 iters/s

running (10m10.8s), 004/225 VUs, 14402 complete and 0 interrupted iterations
openloop_spike   [  85% ] 004/225 VUs  10m10.8s/12m0s  18.20 iters/s

running (10m11.8s), 000/225 VUs, 14424 complete and 0 interrupted iterations
openloop_spike   [  85% ] 000/225 VUs  10m11.8s/12m0s  18.03 iters/s

running (10m12.8s), 001/225 VUs, 14441 complete and 0 interrupted iterations
openloop_spike   [  85% ] 001/225 VUs  10m12.8s/12m0s  17.87 iters/s

running (10m13.8s), 001/225 VUs, 14459 complete and 0 interrupted iterations
openloop_spike   [  85% ] 001/225 VUs  10m13.8s/12m0s  17.70 iters/s

running (10m14.8s), 001/225 VUs, 14476 complete and 0 interrupted iterations
openloop_spike   [  85% ] 001/225 VUs  10m14.8s/12m0s  17.54 iters/s

running (10m15.8s), 001/225 VUs, 14494 complete and 0 interrupted iterations
openloop_spike   [  86% ] 001/225 VUs  10m15.8s/12m0s  17.36 iters/s

running (10m16.8s), 000/225 VUs, 14512 complete and 0 interrupted iterations
openloop_spike   [  86% ] 000/225 VUs  10m16.8s/12m0s  17.20 iters/s

running (10m17.8s), 001/225 VUs, 14528 complete and 0 interrupted iterations
openloop_spike   [  86% ] 001/225 VUs  10m17.8s/12m0s  17.03 iters/s

running (10m18.8s), 001/225 VUs, 14545 complete and 0 interrupted iterations
openloop_spike   [  86% ] 001/225 VUs  10m18.8s/12m0s  16.87 iters/s

running (10m19.8s), 003/225 VUs, 14560 complete and 0 interrupted iterations
openloop_spike   [  86% ] 003/225 VUs  10m19.8s/12m0s  16.70 iters/s

running (10m20.8s), 001/225 VUs, 14579 complete and 0 interrupted iterations
openloop_spike   [  86% ] 001/225 VUs  10m20.8s/12m0s  16.53 iters/s

running (10m21.8s), 000/225 VUs, 14596 complete and 0 interrupted iterations
openloop_spike   [  86% ] 000/225 VUs  10m21.8s/12m0s  16.37 iters/s

running (10m22.8s), 005/225 VUs, 14607 complete and 0 interrupted iterations
openloop_spike   [  87% ] 005/225 VUs  10m22.8s/12m0s  16.20 iters/s

running (10m23.8s), 000/225 VUs, 14628 complete and 0 interrupted iterations
openloop_spike   [  87% ] 000/225 VUs  10m23.8s/12m0s  16.04 iters/s

running (10m24.8s), 001/225 VUs, 14643 complete and 0 interrupted iterations
openloop_spike   [  87% ] 001/225 VUs  10m24.8s/12m0s  15.87 iters/s

running (10m25.8s), 001/225 VUs, 14659 complete and 0 interrupted iterations
openloop_spike   [  87% ] 001/225 VUs  10m25.8s/12m0s  15.70 iters/s

running (10m26.8s), 001/225 VUs, 14675 complete and 0 interrupted iterations
openloop_spike   [  87% ] 001/225 VUs  10m26.8s/12m0s  15.53 iters/s

running (10m27.8s), 002/225 VUs, 14689 complete and 0 interrupted iterations
openloop_spike   [  87% ] 002/225 VUs  10m27.8s/12m0s  15.37 iters/s

running (10m28.8s), 000/225 VUs, 14706 complete and 0 interrupted iterations
openloop_spike   [  87% ] 000/225 VUs  10m28.8s/12m0s  15.20 iters/s

running (10m29.8s), 001/225 VUs, 14721 complete and 0 interrupted iterations
openloop_spike   [  87% ] 001/225 VUs  10m29.8s/12m0s  15.03 iters/s

running (10m30.8s), 002/225 VUs, 14735 complete and 0 interrupted iterations
openloop_spike   [  88% ] 002/225 VUs  10m30.8s/12m0s  14.86 iters/s

running (10m31.8s), 000/225 VUs, 14751 complete and 0 interrupted iterations
openloop_spike   [  88% ] 000/225 VUs  10m31.8s/12m0s  14.70 iters/s

running (10m32.8s), 002/225 VUs, 14764 complete and 0 interrupted iterations
openloop_spike   [  88% ] 002/225 VUs  10m32.8s/12m0s  14.53 iters/s

running (10m33.8s), 001/225 VUs, 14779 complete and 0 interrupted iterations
openloop_spike   [  88% ] 001/225 VUs  10m33.8s/12m0s  14.37 iters/s

running (10m34.8s), 002/225 VUs, 14793 complete and 0 interrupted iterations
openloop_spike   [  88% ] 002/225 VUs  10m34.8s/12m0s  14.20 iters/s

running (10m35.8s), 000/225 VUs, 14809 complete and 0 interrupted iterations
openloop_spike   [  88% ] 000/225 VUs  10m35.8s/12m0s  14.03 iters/s

running (10m36.8s), 001/225 VUs, 14822 complete and 0 interrupted iterations
openloop_spike   [  88% ] 001/225 VUs  10m36.8s/12m0s  13.86 iters/s

running (10m37.8s), 002/225 VUs, 14835 complete and 0 interrupted iterations
openloop_spike   [  89% ] 002/225 VUs  10m37.8s/12m0s  13.69 iters/s

running (10m38.8s), 001/225 VUs, 14849 complete and 0 interrupted iterations
openloop_spike   [  89% ] 001/225 VUs  10m38.8s/12m0s  13.53 iters/s

running (10m39.8s), 001/225 VUs, 14863 complete and 0 interrupted iterations
openloop_spike   [  89% ] 001/225 VUs  10m39.8s/12m0s  13.36 iters/s

running (10m40.8s), 000/225 VUs, 14877 complete and 0 interrupted iterations
openloop_spike   [  89% ] 000/225 VUs  10m40.8s/12m0s  13.20 iters/s

running (10m41.8s), 000/225 VUs, 14890 complete and 0 interrupted iterations
openloop_spike   [  89% ] 000/225 VUs  10m41.8s/12m0s  13.03 iters/s

running (10m42.8s), 001/225 VUs, 14902 complete and 0 interrupted iterations
openloop_spike   [  89% ] 001/225 VUs  10m42.8s/12m0s  12.86 iters/s

running (10m43.8s), 000/225 VUs, 14916 complete and 0 interrupted iterations
openloop_spike   [  89% ] 000/225 VUs  10m43.8s/12m0s  12.70 iters/s

running (10m44.8s), 000/225 VUs, 14928 complete and 0 interrupted iterations
openloop_spike   [  90% ] 000/225 VUs  10m44.8s/12m0s  12.54 iters/s

running (10m45.8s), 000/225 VUs, 14941 complete and 0 interrupted iterations
openloop_spike   [  90% ] 000/225 VUs  10m45.8s/12m0s  12.36 iters/s

running (10m46.8s), 000/225 VUs, 14953 complete and 0 interrupted iterations
openloop_spike   [  90% ] 000/225 VUs  10m46.8s/12m0s  12.20 iters/s

running (10m47.8s), 002/225 VUs, 14963 complete and 0 interrupted iterations
openloop_spike   [  90% ] 002/225 VUs  10m47.8s/12m0s  12.03 iters/s

running (10m48.8s), 001/225 VUs, 14976 complete and 0 interrupted iterations
openloop_spike   [  90% ] 001/225 VUs  10m48.8s/12m0s  11.87 iters/s

running (10m49.8s), 000/225 VUs, 14989 complete and 0 interrupted iterations
openloop_spike   [  90% ] 000/225 VUs  10m49.8s/12m0s  11.70 iters/s

running (10m50.8s), 003/225 VUs, 14998 complete and 0 interrupted iterations
openloop_spike   [  90% ] 003/225 VUs  10m50.8s/12m0s  11.53 iters/s

running (10m51.8s), 000/225 VUs, 15012 complete and 0 interrupted iterations
openloop_spike   [  91% ] 000/225 VUs  10m51.8s/12m0s  11.37 iters/s

running (10m52.8s), 001/225 VUs, 15022 complete and 0 interrupted iterations
openloop_spike   [  91% ] 001/225 VUs  10m52.8s/12m0s  11.20 iters/s

running (10m53.8s), 001/225 VUs, 15033 complete and 0 interrupted iterations
openloop_spike   [  91% ] 001/225 VUs  10m53.8s/12m0s  11.04 iters/s

running (10m54.8s), 000/225 VUs, 15045 complete and 0 interrupted iterations
openloop_spike   [  91% ] 000/225 VUs  10m54.8s/12m0s  10.87 iters/s

running (10m55.8s), 000/225 VUs, 15056 complete and 0 interrupted iterations
openloop_spike   [  91% ] 000/225 VUs  10m55.8s/12m0s  10.70 iters/s

running (10m56.8s), 000/225 VUs, 15067 complete and 0 interrupted iterations
openloop_spike   [  91% ] 000/225 VUs  10m56.8s/12m0s  10.53 iters/s

running (10m57.8s), 000/225 VUs, 15077 complete and 0 interrupted iterations
openloop_spike   [  91% ] 000/225 VUs  10m57.8s/12m0s  10.37 iters/s

running (10m58.8s), 001/225 VUs, 15086 complete and 0 interrupted iterations
openloop_spike   [  92% ] 001/225 VUs  10m58.8s/12m0s  10.21 iters/s

running (10m59.8s), 005/225 VUs, 15093 complete and 0 interrupted iterations
openloop_spike   [  92% ] 005/225 VUs  10m59.8s/12m0s  10.02 iters/s

running (11m00.8s), 002/225 VUs, 15106 complete and 0 interrupted iterations
openloop_spike   [  92% ] 002/225 VUs  11m00.8s/12m0s  09.86 iters/s

running (11m01.8s), 000/225 VUs, 15117 complete and 0 interrupted iterations
openloop_spike   [  92% ] 000/225 VUs  11m01.8s/12m0s  09.70 iters/s

running (11m02.8s), 000/225 VUs, 15127 complete and 0 interrupted iterations
openloop_spike   [  92% ] 000/225 VUs  11m02.8s/12m0s  09.53 iters/s

running (11m03.8s), 001/225 VUs, 15135 complete and 0 interrupted iterations
openloop_spike   [  92% ] 001/225 VUs  11m03.8s/12m0s  09.37 iters/s

running (11m04.8s), 001/225 VUs, 15145 complete and 0 interrupted iterations
openloop_spike   [  92% ] 001/225 VUs  11m04.8s/12m0s  09.19 iters/s

running (11m05.8s), 001/225 VUs, 15154 complete and 0 interrupted iterations
openloop_spike   [  92% ] 001/225 VUs  11m05.8s/12m0s  09.03 iters/s

running (11m06.8s), 000/225 VUs, 15164 complete and 0 interrupted iterations
openloop_spike   [  93% ] 000/225 VUs  11m06.8s/12m0s  08.86 iters/s

running (11m07.8s), 000/225 VUs, 15172 complete and 0 interrupted iterations
openloop_spike   [  93% ] 000/225 VUs  11m07.8s/12m0s  08.71 iters/s

running (11m08.8s), 000/225 VUs, 15181 complete and 0 interrupted iterations
openloop_spike   [  93% ] 000/225 VUs  11m08.8s/12m0s  08.53 iters/s

running (11m09.8s), 001/225 VUs, 15189 complete and 0 interrupted iterations
openloop_spike   [  93% ] 001/225 VUs  11m09.8s/12m0s  08.36 iters/s

running (11m10.8s), 001/225 VUs, 15197 complete and 0 interrupted iterations
openloop_spike   [  93% ] 001/225 VUs  11m10.8s/12m0s  08.20 iters/s

running (11m11.8s), 001/225 VUs, 15205 complete and 0 interrupted iterations
openloop_spike   [  93% ] 001/225 VUs  11m11.8s/12m0s  08.03 iters/s

running (11m12.8s), 001/225 VUs, 15213 complete and 0 interrupted iterations
openloop_spike   [  93% ] 001/225 VUs  11m12.8s/12m0s  07.86 iters/s

running (11m13.8s), 000/225 VUs, 15222 complete and 0 interrupted iterations
openloop_spike   [  94% ] 000/225 VUs  11m13.8s/12m0s  07.69 iters/s

running (11m14.8s), 000/225 VUs, 15229 complete and 0 interrupted iterations
openloop_spike   [  94% ] 000/225 VUs  11m14.8s/12m0s  07.54 iters/s

running (11m15.8s), 001/225 VUs, 15236 complete and 0 interrupted iterations
openloop_spike   [  94% ] 001/225 VUs  11m15.8s/12m0s  07.36 iters/s

running (11m16.8s), 000/225 VUs, 15244 complete and 0 interrupted iterations
openloop_spike   [  94% ] 000/225 VUs  11m16.8s/12m0s  07.20 iters/s

running (11m17.8s), 000/225 VUs, 15251 complete and 0 interrupted iterations
openloop_spike   [  94% ] 000/225 VUs  11m17.8s/12m0s  07.04 iters/s

running (11m18.8s), 000/225 VUs, 15258 complete and 0 interrupted iterations
openloop_spike   [  94% ] 000/225 VUs  11m18.8s/12m0s  06.87 iters/s

running (11m19.8s), 003/225 VUs, 15262 complete and 0 interrupted iterations
openloop_spike   [  94% ] 003/225 VUs  11m19.8s/12m0s  06.70 iters/s

running (11m20.8s), 001/225 VUs, 15270 complete and 0 interrupted iterations
openloop_spike   [  95% ] 001/225 VUs  11m20.8s/12m0s  06.54 iters/s

running (11m21.8s), 003/225 VUs, 15275 complete and 0 interrupted iterations
openloop_spike   [  95% ] 003/225 VUs  11m21.8s/12m0s  06.36 iters/s

running (11m22.8s), 001/225 VUs, 15283 complete and 0 interrupted iterations
openloop_spike   [  95% ] 001/225 VUs  11m22.8s/12m0s  06.20 iters/s

running (11m23.8s), 000/225 VUs, 15290 complete and 0 interrupted iterations
openloop_spike   [  95% ] 000/225 VUs  11m23.8s/12m0s  06.04 iters/s

running (11m24.8s), 000/225 VUs, 15296 complete and 0 interrupted iterations
openloop_spike   [  95% ] 000/225 VUs  11m24.8s/12m0s  05.87 iters/s

running (11m25.8s), 000/225 VUs, 15302 complete and 0 interrupted iterations
openloop_spike   [  95% ] 000/225 VUs  11m25.8s/12m0s  05.70 iters/s

running (11m26.8s), 000/225 VUs, 15308 complete and 0 interrupted iterations
openloop_spike   [  95% ] 000/225 VUs  11m26.8s/12m0s  05.52 iters/s

running (11m27.8s), 000/225 VUs, 15313 complete and 0 interrupted iterations
openloop_spike   [  96% ] 000/225 VUs  11m27.8s/12m0s  05.37 iters/s

running (11m28.8s), 000/225 VUs, 15318 complete and 0 interrupted iterations
openloop_spike   [  96% ] 000/225 VUs  11m28.8s/12m0s  05.21 iters/s

running (11m29.8s), 000/225 VUs, 15324 complete and 0 interrupted iterations
openloop_spike   [  96% ] 000/225 VUs  11m29.8s/12m0s  05.02 iters/s

running (11m30.8s), 000/225 VUs, 15328 complete and 0 interrupted iterations
openloop_spike   [  96% ] 000/225 VUs  11m30.8s/12m0s  04.88 iters/s

running (11m31.8s), 000/225 VUs, 15333 complete and 0 interrupted iterations
openloop_spike   [  96% ] 000/225 VUs  11m31.8s/12m0s  04.71 iters/s

running (11m32.8s), 000/225 VUs, 15338 complete and 0 interrupted iterations
openloop_spike   [  96% ] 000/225 VUs  11m32.8s/12m0s  04.53 iters/s

running (11m33.8s), 000/225 VUs, 15342 complete and 0 interrupted iterations
openloop_spike   [  96% ] 000/225 VUs  11m33.8s/12m0s  04.38 iters/s

running (11m34.8s), 000/225 VUs, 15347 complete and 0 interrupted iterations
openloop_spike   [  97% ] 000/225 VUs  11m34.8s/12m0s  04.18 iters/s

running (11m35.8s), 000/225 VUs, 15351 complete and 0 interrupted iterations
openloop_spike   [  97% ] 000/225 VUs  11m35.8s/12m0s  04.02 iters/s

running (11m36.8s), 000/225 VUs, 15355 complete and 0 interrupted iterations
openloop_spike   [  97% ] 000/225 VUs  11m36.8s/12m0s  03.85 iters/s

running (11m37.8s), 000/225 VUs, 15358 complete and 0 interrupted iterations
openloop_spike   [  97% ] 000/225 VUs  11m37.8s/12m0s  03.72 iters/s

running (11m38.8s), 001/225 VUs, 15361 complete and 0 interrupted iterations
openloop_spike   [  97% ] 001/225 VUs  11m38.8s/12m0s  03.54 iters/s

running (11m39.8s), 001/225 VUs, 15365 complete and 0 interrupted iterations
openloop_spike   [  97% ] 001/225 VUs  11m39.8s/12m0s  03.34 iters/s

running (11m40.8s), 000/225 VUs, 15369 complete and 0 interrupted iterations
openloop_spike   [  97% ] 000/225 VUs  11m40.8s/12m0s  03.19 iters/s

running (11m41.8s), 000/225 VUs, 15372 complete and 0 interrupted iterations
openloop_spike   [  97% ] 000/225 VUs  11m41.8s/12m0s  03.03 iters/s

running (11m42.8s), 001/225 VUs, 15374 complete and 0 interrupted iterations
openloop_spike   [  98% ] 001/225 VUs  11m42.8s/12m0s  02.86 iters/s

running (11m43.8s), 000/225 VUs, 15378 complete and 0 interrupted iterations
openloop_spike   [  98% ] 000/225 VUs  11m43.8s/12m0s  02.68 iters/s

running (11m44.8s), 000/225 VUs, 15380 complete and 0 interrupted iterations
openloop_spike   [  98% ] 000/225 VUs  11m44.8s/12m0s  02.55 iters/s

running (11m45.8s), 000/225 VUs, 15383 complete and 0 interrupted iterations
openloop_spike   [  98% ] 000/225 VUs  11m45.8s/12m0s  02.34 iters/s

running (11m46.8s), 000/225 VUs, 15385 complete and 0 interrupted iterations
openloop_spike   [  98% ] 000/225 VUs  11m46.8s/12m0s  02.20 iters/s

running (11m47.8s), 000/225 VUs, 15387 complete and 0 interrupted iterations
openloop_spike   [  98% ] 000/225 VUs  11m47.8s/12m0s  02.04 iters/s

running (11m48.8s), 001/225 VUs, 15388 complete and 0 interrupted iterations
openloop_spike   [  98% ] 001/225 VUs  11m48.8s/12m0s  01.87 iters/s

running (11m49.8s), 000/225 VUs, 15391 complete and 0 interrupted iterations
openloop_spike   [  99% ] 000/225 VUs  11m49.8s/12m0s  01.68 iters/s

running (11m50.8s), 000/225 VUs, 15392 complete and 0 interrupted iterations
openloop_spike   [  99% ] 000/225 VUs  11m50.8s/12m0s  01.58 iters/s

running (11m51.8s), 000/225 VUs, 15394 complete and 0 interrupted iterations
openloop_spike   [  99% ] 000/225 VUs  11m51.8s/12m0s  01.35 iters/s

running (11m52.8s), 000/225 VUs, 15395 complete and 0 interrupted iterations
openloop_spike   [  99% ] 000/225 VUs  11m52.8s/12m0s  01.22 iters/s

running (11m53.8s), 000/225 VUs, 15396 complete and 0 interrupted iterations
openloop_spike   [  99% ] 000/225 VUs  11m53.8s/12m0s  01.08 iters/s

running (11m54.8s), 000/225 VUs, 15397 complete and 0 interrupted iterations
openloop_spike   [  99% ] 000/225 VUs  11m54.8s/12m0s  00.91 iters/s

running (11m55.8s), 000/225 VUs, 15398 complete and 0 interrupted iterations
openloop_spike   [  99% ] 000/225 VUs  11m55.8s/12m0s  00.70 iters/s

     ✗ me status is 200
      ↳  91% — ✓ 9832 / ✗ 948
     ✗ me returns user data
      ↳  91% — ✓ 9832 / ✗ 948
     ✗ me response time < 500ms
      ↳  92% — ✓ 9961 / ✗ 819
     ✗ login status is 200
      ↳  87% — ✓ 4039 / ✗ 580
     ✗ login returns access token
      ↳  87% — ✓ 4039 / ✗ 580
     ✗ login response time < 1000ms
      ↳  76% — ✓ 3550 / ✗ 1069

     █ setup

     checks.........................: 89.29% ✓ 41253     ✗ 4944 
     data_received..................: 7.5 MB 11 kB/s
     data_sent......................: 7.7 MB 11 kB/s
     http_req_blocked...............: avg=716.49µs min=98.56µs  med=299.65µs max=15.79ms  p(90)=1.26ms   p(95)=1.42ms p(99)=3.78ms 
     http_req_connecting............: avg=667.81µs min=78.63µs  med=248.31µs max=15.74ms  p(90)=1.21ms   p(95)=1.37ms p(99)=3.71ms 
     http_req_duration..............: avg=308.88ms min=892.51µs med=16.13ms  max=5s       p(90)=946.06ms p(95)=1.62s  p(99)=4.93s  
       { expected_response:true }...: avg=248.39ms min=2.3ms    med=14.13ms  max=4.97s    p(90)=813.92ms p(95)=1.47s  p(99)=3.08s  
     http_req_failed................: 9.92%  ✓ 1528      ✗ 13871
     http_req_receiving.............: avg=2.12ms   min=0s       med=103.45µs max=1.2s     p(90)=413.6µs  p(95)=1.42ms p(99)=89.96ms
     http_req_sending...............: avg=43.72µs  min=16.63µs  med=42.73µs  max=281.92µs p(90)=55.95µs  p(95)=61.5µs p(99)=73.94µs
     http_req_tls_handshaking.......: avg=0s       min=0s       med=0s       max=0s       p(90)=0s       p(95)=0s     p(99)=0s     
     http_req_waiting...............: avg=306.71ms min=790.17µs med=15.89ms  max=5s       p(90)=937.55ms p(95)=1.6s   p(99)=4.87s  
     http_reqs......................: 15399  21.490146/s
     iteration_duration.............: avg=309.78ms min=2.14ms   med=16.93ms  max=5s       p(90)=947.64ms p(95)=1.62s  p(99)=4.93s  
     iterations.....................: 15399  21.490146/s
     req_e2e_duration...............: avg=309.66ms min=2ms      med=17ms     max=5s       p(90)=947.2ms  p(95)=1.62s  p(99)=4.93s  
     vus............................: 0      min=0       max=61 
     vus_max........................: 225    min=225     max=225


running (11m56.6s), 000/225 VUs, 15399 complete and 0 interrupted iterations
openloop_spike ✗ [ 100% ] 000/225 VUs  11m56.5s/12m0s  00.70 iters/s
[openloop-wrapper] k6 exit code 0
