
          /\      |‾‾| /‾‾/   /‾‾/   
     /\  /  \     |  |/  /   /  /    
    /  \/    \    |     (   /   ‾‾\  
   /          \   |  |\  \ |  (‾)  | 
  / __________ \  |__| \__\ \_____/ .io

  execution: local
     script: /scripts/load-test.js
     output: json (/results/results.json.gz)

  scenarios: (100.00%) 1 scenario, 225 max VUs, 12m30s max duration (incl. graceful stop):
           * openloop_gradual: Up to 30.00 iterations/s for 12m0s over 4 stages (maxVUs: 225, gracefulStop: 30s)

time="2026-10-08T14:05:57Z" level=info msg="OPENLOOP_CONFIG service=auth-service pattern=gradual base_rate=2 peak_rate=30 timeout=5s vu_factor=1.5 openloop_gradual:ramping-arrival-rate:vus=225/225" source=console
time="2026-10-08T14:05:57Z" level=info msg="PREAUTH_USED tokens=120" source=console
time="2026-10-08T14:05:58Z" level=info msg="SCENARIO_START name=openloop_gradual start_ms=1791468357745" source=console

running (00m00.9s), 001/225 VUs, 0 complete and 0 interrupted iterations
openloop_gradual   [   0% ] 001/225 VUs  00m00.9s/12m0s  02.00 iters/s

running (00m01.9s), 000/225 VUs, 3 complete and 0 interrupted iterations
openloop_gradual   [   0% ] 000/225 VUs  00m01.9s/12m0s  02.00 iters/s

running (00m02.9s), 000/225 VUs, 5 complete and 0 interrupted iterations
openloop_gradual   [   0% ] 000/225 VUs  00m02.9s/12m0s  02.00 iters/s

running (00m03.9s), 001/225 VUs, 6 complete and 0 interrupted iterations
openloop_gradual   [   1% ] 001/225 VUs  00m03.9s/12m0s  02.00 iters/s

running (00m04.9s), 000/225 VUs, 9 complete and 0 interrupted iterations
openloop_gradual   [   1% ] 000/225 VUs  00m04.9s/12m0s  02.00 iters/s

running (00m05.9s), 000/225 VUs, 11 complete and 0 interrupted iterations
openloop_gradual   [   1% ] 000/225 VUs  00m05.9s/12m0s  02.00 iters/s

running (00m06.9s), 000/225 VUs, 13 complete and 0 interrupted iterations
openloop_gradual   [   1% ] 000/225 VUs  00m06.9s/12m0s  02.00 iters/s

running (00m07.9s), 000/225 VUs, 15 complete and 0 interrupted iterations
openloop_gradual   [   1% ] 000/225 VUs  00m07.9s/12m0s  02.00 iters/s

running (00m08.9s), 000/225 VUs, 17 complete and 0 interrupted iterations
openloop_gradual   [   1% ] 000/225 VUs  00m08.9s/12m0s  02.00 iters/s

running (00m09.9s), 000/225 VUs, 19 complete and 0 interrupted iterations
openloop_gradual   [   1% ] 000/225 VUs  00m09.9s/12m0s  02.00 iters/s

running (00m10.9s), 000/225 VUs, 21 complete and 0 interrupted iterations
openloop_gradual   [   2% ] 000/225 VUs  00m10.9s/12m0s  02.00 iters/s

running (00m11.9s), 000/225 VUs, 23 complete and 0 interrupted iterations
openloop_gradual   [   2% ] 000/225 VUs  00m11.9s/12m0s  02.00 iters/s

running (00m12.9s), 000/225 VUs, 25 complete and 0 interrupted iterations
openloop_gradual   [   2% ] 000/225 VUs  00m12.9s/12m0s  02.00 iters/s

running (00m13.9s), 000/225 VUs, 27 complete and 0 interrupted iterations
openloop_gradual   [   2% ] 000/225 VUs  00m13.9s/12m0s  02.00 iters/s

running (00m14.9s), 000/225 VUs, 29 complete and 0 interrupted iterations
openloop_gradual   [   2% ] 000/225 VUs  00m14.9s/12m0s  02.00 iters/s

running (00m15.9s), 000/225 VUs, 31 complete and 0 interrupted iterations
openloop_gradual   [   2% ] 000/225 VUs  00m15.9s/12m0s  02.00 iters/s

running (00m16.9s), 000/225 VUs, 33 complete and 0 interrupted iterations
openloop_gradual   [   2% ] 000/225 VUs  00m16.9s/12m0s  02.00 iters/s

running (00m17.9s), 001/225 VUs, 34 complete and 0 interrupted iterations
openloop_gradual   [   2% ] 001/225 VUs  00m17.9s/12m0s  02.00 iters/s

running (00m18.9s), 000/225 VUs, 37 complete and 0 interrupted iterations
openloop_gradual   [   3% ] 000/225 VUs  00m18.9s/12m0s  02.00 iters/s

running (00m19.9s), 000/225 VUs, 39 complete and 0 interrupted iterations
openloop_gradual   [   3% ] 000/225 VUs  00m19.9s/12m0s  02.00 iters/s

running (00m20.9s), 000/225 VUs, 41 complete and 0 interrupted iterations
openloop_gradual   [   3% ] 000/225 VUs  00m20.9s/12m0s  02.00 iters/s

running (00m21.9s), 001/225 VUs, 42 complete and 0 interrupted iterations
openloop_gradual   [   3% ] 001/225 VUs  00m21.9s/12m0s  02.00 iters/s

running (00m22.9s), 000/225 VUs, 45 complete and 0 interrupted iterations
openloop_gradual   [   3% ] 000/225 VUs  00m22.9s/12m0s  02.00 iters/s

running (00m23.9s), 000/225 VUs, 47 complete and 0 interrupted iterations
openloop_gradual   [   3% ] 000/225 VUs  00m23.9s/12m0s  02.00 iters/s

running (00m24.9s), 000/225 VUs, 49 complete and 0 interrupted iterations
openloop_gradual   [   3% ] 000/225 VUs  00m24.9s/12m0s  02.00 iters/s

running (00m25.9s), 000/225 VUs, 51 complete and 0 interrupted iterations
openloop_gradual   [   4% ] 000/225 VUs  00m25.9s/12m0s  02.00 iters/s

running (00m26.9s), 001/225 VUs, 52 complete and 0 interrupted iterations
openloop_gradual   [   4% ] 001/225 VUs  00m26.9s/12m0s  02.00 iters/s

running (00m27.9s), 000/225 VUs, 55 complete and 0 interrupted iterations
openloop_gradual   [   4% ] 000/225 VUs  00m27.9s/12m0s  02.00 iters/s

running (00m28.9s), 000/225 VUs, 57 complete and 0 interrupted iterations
openloop_gradual   [   4% ] 000/225 VUs  00m28.9s/12m0s  02.00 iters/s

running (00m29.9s), 000/225 VUs, 59 complete and 0 interrupted iterations
openloop_gradual   [   4% ] 000/225 VUs  00m29.9s/12m0s  02.00 iters/s

running (00m30.9s), 001/225 VUs, 60 complete and 0 interrupted iterations
openloop_gradual   [   4% ] 001/225 VUs  00m30.9s/12m0s  02.00 iters/s

running (00m31.9s), 000/225 VUs, 63 complete and 0 interrupted iterations
openloop_gradual   [   4% ] 000/225 VUs  00m31.9s/12m0s  02.00 iters/s

running (00m32.9s), 000/225 VUs, 65 complete and 0 interrupted iterations
openloop_gradual   [   5% ] 000/225 VUs  00m32.9s/12m0s  02.00 iters/s

running (00m33.9s), 000/225 VUs, 67 complete and 0 interrupted iterations
openloop_gradual   [   5% ] 000/225 VUs  00m33.9s/12m0s  02.00 iters/s

running (00m34.9s), 000/225 VUs, 69 complete and 0 interrupted iterations
openloop_gradual   [   5% ] 000/225 VUs  00m34.9s/12m0s  02.00 iters/s

running (00m35.9s), 000/225 VUs, 71 complete and 0 interrupted iterations
openloop_gradual   [   5% ] 000/225 VUs  00m35.9s/12m0s  02.00 iters/s

running (00m36.9s), 000/225 VUs, 73 complete and 0 interrupted iterations
openloop_gradual   [   5% ] 000/225 VUs  00m36.9s/12m0s  02.00 iters/s

running (00m37.9s), 000/225 VUs, 75 complete and 0 interrupted iterations
openloop_gradual   [   5% ] 000/225 VUs  00m37.9s/12m0s  02.00 iters/s

running (00m38.9s), 000/225 VUs, 77 complete and 0 interrupted iterations
openloop_gradual   [   5% ] 000/225 VUs  00m38.9s/12m0s  02.00 iters/s

running (00m39.9s), 000/225 VUs, 79 complete and 0 interrupted iterations
openloop_gradual   [   6% ] 000/225 VUs  00m39.9s/12m0s  02.00 iters/s

running (00m40.9s), 000/225 VUs, 81 complete and 0 interrupted iterations
openloop_gradual   [   6% ] 000/225 VUs  00m40.9s/12m0s  02.00 iters/s

running (00m41.9s), 000/225 VUs, 83 complete and 0 interrupted iterations
openloop_gradual   [   6% ] 000/225 VUs  00m41.9s/12m0s  02.00 iters/s

running (00m42.9s), 000/225 VUs, 85 complete and 0 interrupted iterations
openloop_gradual   [   6% ] 000/225 VUs  00m42.9s/12m0s  02.00 iters/s

running (00m43.9s), 000/225 VUs, 87 complete and 0 interrupted iterations
openloop_gradual   [   6% ] 000/225 VUs  00m43.9s/12m0s  02.00 iters/s

running (00m44.9s), 001/225 VUs, 88 complete and 0 interrupted iterations
openloop_gradual   [   6% ] 001/225 VUs  00m44.9s/12m0s  02.00 iters/s

running (00m45.9s), 000/225 VUs, 91 complete and 0 interrupted iterations
openloop_gradual   [   6% ] 000/225 VUs  00m45.9s/12m0s  02.00 iters/s

running (00m46.9s), 000/225 VUs, 93 complete and 0 interrupted iterations
openloop_gradual   [   7% ] 000/225 VUs  00m46.9s/12m0s  02.00 iters/s

running (00m47.9s), 000/225 VUs, 95 complete and 0 interrupted iterations
openloop_gradual   [   7% ] 000/225 VUs  00m47.9s/12m0s  02.00 iters/s

running (00m48.9s), 000/225 VUs, 97 complete and 0 interrupted iterations
openloop_gradual   [   7% ] 000/225 VUs  00m48.9s/12m0s  02.00 iters/s

running (00m49.9s), 000/225 VUs, 99 complete and 0 interrupted iterations
openloop_gradual   [   7% ] 000/225 VUs  00m49.9s/12m0s  02.00 iters/s

running (00m50.9s), 000/225 VUs, 101 complete and 0 interrupted iterations
openloop_gradual   [   7% ] 000/225 VUs  00m50.9s/12m0s  02.00 iters/s

running (00m51.9s), 000/225 VUs, 103 complete and 0 interrupted iterations
openloop_gradual   [   7% ] 000/225 VUs  00m51.9s/12m0s  02.00 iters/s

running (00m52.9s), 000/225 VUs, 105 complete and 0 interrupted iterations
openloop_gradual   [   7% ] 000/225 VUs  00m52.9s/12m0s  02.00 iters/s

running (00m53.9s), 000/225 VUs, 107 complete and 0 interrupted iterations
openloop_gradual   [   7% ] 000/225 VUs  00m53.9s/12m0s  02.00 iters/s

running (00m54.9s), 000/225 VUs, 109 complete and 0 interrupted iterations
openloop_gradual   [   8% ] 000/225 VUs  00m54.9s/12m0s  02.00 iters/s

running (00m55.9s), 000/225 VUs, 111 complete and 0 interrupted iterations
openloop_gradual   [   8% ] 000/225 VUs  00m55.9s/12m0s  02.00 iters/s

running (00m56.9s), 000/225 VUs, 113 complete and 0 interrupted iterations
openloop_gradual   [   8% ] 000/225 VUs  00m56.9s/12m0s  02.00 iters/s

running (00m57.9s), 001/225 VUs, 114 complete and 0 interrupted iterations
openloop_gradual   [   8% ] 001/225 VUs  00m57.9s/12m0s  02.00 iters/s

running (00m58.9s), 000/225 VUs, 117 complete and 0 interrupted iterations
openloop_gradual   [   8% ] 000/225 VUs  00m58.9s/12m0s  02.00 iters/s

running (00m59.9s), 000/225 VUs, 119 complete and 0 interrupted iterations
openloop_gradual   [   8% ] 000/225 VUs  00m59.9s/12m0s  02.00 iters/s

running (01m00.9s), 000/225 VUs, 121 complete and 0 interrupted iterations
openloop_gradual   [   8% ] 000/225 VUs  01m00.9s/12m0s  02.00 iters/s

running (01m01.9s), 000/225 VUs, 123 complete and 0 interrupted iterations
openloop_gradual   [   9% ] 000/225 VUs  01m01.9s/12m0s  02.00 iters/s

running (01m02.9s), 000/225 VUs, 125 complete and 0 interrupted iterations
openloop_gradual   [   9% ] 000/225 VUs  01m02.9s/12m0s  02.00 iters/s

running (01m03.9s), 000/225 VUs, 127 complete and 0 interrupted iterations
openloop_gradual   [   9% ] 000/225 VUs  01m03.9s/12m0s  02.00 iters/s

running (01m04.9s), 000/225 VUs, 129 complete and 0 interrupted iterations
openloop_gradual   [   9% ] 000/225 VUs  01m04.9s/12m0s  02.00 iters/s

running (01m05.9s), 000/225 VUs, 131 complete and 0 interrupted iterations
openloop_gradual   [   9% ] 000/225 VUs  01m05.9s/12m0s  02.00 iters/s

running (01m06.9s), 000/225 VUs, 133 complete and 0 interrupted iterations
openloop_gradual   [   9% ] 000/225 VUs  01m06.9s/12m0s  02.00 iters/s

running (01m07.9s), 000/225 VUs, 135 complete and 0 interrupted iterations
openloop_gradual   [   9% ] 000/225 VUs  01m07.9s/12m0s  02.00 iters/s

running (01m08.9s), 000/225 VUs, 137 complete and 0 interrupted iterations
openloop_gradual   [  10% ] 000/225 VUs  01m08.9s/12m0s  02.00 iters/s

running (01m09.9s), 000/225 VUs, 139 complete and 0 interrupted iterations
openloop_gradual   [  10% ] 000/225 VUs  01m09.9s/12m0s  02.00 iters/s

running (01m10.9s), 000/225 VUs, 141 complete and 0 interrupted iterations
openloop_gradual   [  10% ] 000/225 VUs  01m10.9s/12m0s  02.00 iters/s

running (01m11.9s), 000/225 VUs, 143 complete and 0 interrupted iterations
openloop_gradual   [  10% ] 000/225 VUs  01m11.9s/12m0s  02.00 iters/s

running (01m12.9s), 000/225 VUs, 145 complete and 0 interrupted iterations
openloop_gradual   [  10% ] 000/225 VUs  01m12.9s/12m0s  02.00 iters/s

running (01m13.9s), 001/225 VUs, 146 complete and 0 interrupted iterations
openloop_gradual   [  10% ] 001/225 VUs  01m13.9s/12m0s  02.00 iters/s

running (01m14.9s), 000/225 VUs, 149 complete and 0 interrupted iterations
openloop_gradual   [  10% ] 000/225 VUs  01m14.9s/12m0s  02.00 iters/s

running (01m15.9s), 000/225 VUs, 151 complete and 0 interrupted iterations
openloop_gradual   [  11% ] 000/225 VUs  01m15.9s/12m0s  02.00 iters/s

running (01m16.9s), 000/225 VUs, 153 complete and 0 interrupted iterations
openloop_gradual   [  11% ] 000/225 VUs  01m16.9s/12m0s  02.00 iters/s

running (01m17.9s), 000/225 VUs, 155 complete and 0 interrupted iterations
openloop_gradual   [  11% ] 000/225 VUs  01m17.9s/12m0s  02.00 iters/s

running (01m18.9s), 001/225 VUs, 156 complete and 0 interrupted iterations
openloop_gradual   [  11% ] 001/225 VUs  01m18.9s/12m0s  02.00 iters/s

running (01m19.9s), 000/225 VUs, 159 complete and 0 interrupted iterations
openloop_gradual   [  11% ] 000/225 VUs  01m19.9s/12m0s  02.00 iters/s

running (01m20.9s), 000/225 VUs, 161 complete and 0 interrupted iterations
openloop_gradual   [  11% ] 000/225 VUs  01m20.9s/12m0s  02.00 iters/s

running (01m21.9s), 000/225 VUs, 163 complete and 0 interrupted iterations
openloop_gradual   [  11% ] 000/225 VUs  01m21.9s/12m0s  02.00 iters/s

running (01m22.9s), 000/225 VUs, 165 complete and 0 interrupted iterations
openloop_gradual   [  12% ] 000/225 VUs  01m22.9s/12m0s  02.00 iters/s

running (01m23.9s), 000/225 VUs, 167 complete and 0 interrupted iterations
openloop_gradual   [  12% ] 000/225 VUs  01m23.9s/12m0s  02.00 iters/s

running (01m24.9s), 000/225 VUs, 169 complete and 0 interrupted iterations
openloop_gradual   [  12% ] 000/225 VUs  01m24.9s/12m0s  02.00 iters/s

running (01m25.9s), 000/225 VUs, 171 complete and 0 interrupted iterations
openloop_gradual   [  12% ] 000/225 VUs  01m25.9s/12m0s  02.00 iters/s

running (01m26.9s), 000/225 VUs, 173 complete and 0 interrupted iterations
openloop_gradual   [  12% ] 000/225 VUs  01m26.9s/12m0s  02.00 iters/s

running (01m27.9s), 000/225 VUs, 175 complete and 0 interrupted iterations
openloop_gradual   [  12% ] 000/225 VUs  01m27.9s/12m0s  02.00 iters/s

running (01m28.9s), 000/225 VUs, 177 complete and 0 interrupted iterations
openloop_gradual   [  12% ] 000/225 VUs  01m28.9s/12m0s  02.00 iters/s

running (01m29.9s), 000/225 VUs, 179 complete and 0 interrupted iterations
openloop_gradual   [  12% ] 000/225 VUs  01m29.9s/12m0s  02.00 iters/s

running (01m30.9s), 000/225 VUs, 181 complete and 0 interrupted iterations
openloop_gradual   [  13% ] 000/225 VUs  01m30.9s/12m0s  02.00 iters/s

running (01m31.9s), 000/225 VUs, 183 complete and 0 interrupted iterations
openloop_gradual   [  13% ] 000/225 VUs  01m31.9s/12m0s  02.00 iters/s

running (01m32.9s), 000/225 VUs, 185 complete and 0 interrupted iterations
openloop_gradual   [  13% ] 000/225 VUs  01m32.9s/12m0s  02.00 iters/s

running (01m33.9s), 001/225 VUs, 186 complete and 0 interrupted iterations
openloop_gradual   [  13% ] 001/225 VUs  01m33.9s/12m0s  02.00 iters/s

running (01m34.9s), 000/225 VUs, 189 complete and 0 interrupted iterations
openloop_gradual   [  13% ] 000/225 VUs  01m34.9s/12m0s  02.00 iters/s

running (01m35.9s), 000/225 VUs, 191 complete and 0 interrupted iterations
openloop_gradual   [  13% ] 000/225 VUs  01m35.9s/12m0s  02.00 iters/s

running (01m36.9s), 000/225 VUs, 193 complete and 0 interrupted iterations
openloop_gradual   [  13% ] 000/225 VUs  01m36.9s/12m0s  02.00 iters/s

running (01m37.9s), 000/225 VUs, 195 complete and 0 interrupted iterations
openloop_gradual   [  14% ] 000/225 VUs  01m37.9s/12m0s  02.00 iters/s

running (01m38.9s), 000/225 VUs, 197 complete and 0 interrupted iterations
openloop_gradual   [  14% ] 000/225 VUs  01m38.9s/12m0s  02.00 iters/s

running (01m39.9s), 001/225 VUs, 198 complete and 0 interrupted iterations
openloop_gradual   [  14% ] 001/225 VUs  01m39.9s/12m0s  02.00 iters/s

running (01m40.9s), 000/225 VUs, 201 complete and 0 interrupted iterations
openloop_gradual   [  14% ] 000/225 VUs  01m40.9s/12m0s  02.00 iters/s

running (01m41.9s), 000/225 VUs, 203 complete and 0 interrupted iterations
openloop_gradual   [  14% ] 000/225 VUs  01m41.9s/12m0s  02.00 iters/s

running (01m42.9s), 000/225 VUs, 205 complete and 0 interrupted iterations
openloop_gradual   [  14% ] 000/225 VUs  01m42.9s/12m0s  02.00 iters/s

running (01m43.9s), 000/225 VUs, 207 complete and 0 interrupted iterations
openloop_gradual   [  14% ] 000/225 VUs  01m43.9s/12m0s  02.00 iters/s

running (01m44.9s), 000/225 VUs, 209 complete and 0 interrupted iterations
openloop_gradual   [  15% ] 000/225 VUs  01m44.9s/12m0s  02.00 iters/s

running (01m45.9s), 000/225 VUs, 211 complete and 0 interrupted iterations
openloop_gradual   [  15% ] 000/225 VUs  01m45.9s/12m0s  02.00 iters/s

running (01m46.9s), 000/225 VUs, 213 complete and 0 interrupted iterations
openloop_gradual   [  15% ] 000/225 VUs  01m46.9s/12m0s  02.00 iters/s

running (01m47.9s), 000/225 VUs, 215 complete and 0 interrupted iterations
openloop_gradual   [  15% ] 000/225 VUs  01m47.9s/12m0s  02.00 iters/s

running (01m48.9s), 000/225 VUs, 217 complete and 0 interrupted iterations
openloop_gradual   [  15% ] 000/225 VUs  01m48.9s/12m0s  02.00 iters/s

running (01m49.9s), 000/225 VUs, 219 complete and 0 interrupted iterations
openloop_gradual   [  15% ] 000/225 VUs  01m49.9s/12m0s  02.00 iters/s

running (01m50.9s), 000/225 VUs, 221 complete and 0 interrupted iterations
openloop_gradual   [  15% ] 000/225 VUs  01m50.9s/12m0s  02.00 iters/s

running (01m51.9s), 000/225 VUs, 223 complete and 0 interrupted iterations
openloop_gradual   [  16% ] 000/225 VUs  01m51.9s/12m0s  02.00 iters/s

running (01m52.9s), 000/225 VUs, 225 complete and 0 interrupted iterations
openloop_gradual   [  16% ] 000/225 VUs  01m52.9s/12m0s  02.00 iters/s

running (01m53.9s), 001/225 VUs, 226 complete and 0 interrupted iterations
openloop_gradual   [  16% ] 001/225 VUs  01m53.9s/12m0s  02.00 iters/s

running (01m54.9s), 000/225 VUs, 229 complete and 0 interrupted iterations
openloop_gradual   [  16% ] 000/225 VUs  01m54.9s/12m0s  02.00 iters/s

running (01m55.9s), 000/225 VUs, 231 complete and 0 interrupted iterations
openloop_gradual   [  16% ] 000/225 VUs  01m55.9s/12m0s  02.00 iters/s

running (01m56.9s), 000/225 VUs, 233 complete and 0 interrupted iterations
openloop_gradual   [  16% ] 000/225 VUs  01m56.9s/12m0s  02.00 iters/s

running (01m57.9s), 000/225 VUs, 235 complete and 0 interrupted iterations
openloop_gradual   [  16% ] 000/225 VUs  01m57.9s/12m0s  02.00 iters/s

running (01m58.9s), 001/225 VUs, 236 complete and 0 interrupted iterations
openloop_gradual   [  17% ] 001/225 VUs  01m58.9s/12m0s  02.00 iters/s

running (01m59.9s), 000/225 VUs, 239 complete and 0 interrupted iterations
openloop_gradual   [  17% ] 000/225 VUs  01m59.9s/12m0s  02.00 iters/s

running (02m00.9s), 000/225 VUs, 241 complete and 0 interrupted iterations
openloop_gradual   [  17% ] 000/225 VUs  02m00.9s/12m0s  02.07 iters/s

running (02m01.9s), 000/225 VUs, 243 complete and 0 interrupted iterations
openloop_gradual   [  17% ] 000/225 VUs  02m01.9s/12m0s  02.16 iters/s

running (02m02.9s), 000/225 VUs, 246 complete and 0 interrupted iterations
openloop_gradual   [  17% ] 000/225 VUs  02m02.9s/12m0s  02.28 iters/s

running (02m03.9s), 000/225 VUs, 248 complete and 0 interrupted iterations
openloop_gradual   [  17% ] 000/225 VUs  02m03.9s/12m0s  02.36 iters/s

running (02m04.9s), 001/225 VUs, 249 complete and 0 interrupted iterations
openloop_gradual   [  17% ] 001/225 VUs  02m04.9s/12m0s  02.44 iters/s

running (02m05.9s), 000/225 VUs, 253 complete and 0 interrupted iterations
openloop_gradual   [  17% ] 000/225 VUs  02m05.9s/12m0s  02.55 iters/s

running (02m06.9s), 001/225 VUs, 254 complete and 0 interrupted iterations
openloop_gradual   [  18% ] 001/225 VUs  02m06.9s/12m0s  02.63 iters/s

running (02m07.9s), 000/225 VUs, 258 complete and 0 interrupted iterations
openloop_gradual   [  18% ] 000/225 VUs  02m07.9s/12m0s  02.73 iters/s

running (02m08.9s), 000/225 VUs, 261 complete and 0 interrupted iterations
openloop_gradual   [  18% ] 000/225 VUs  02m08.9s/12m0s  02.83 iters/s

running (02m09.9s), 000/225 VUs, 264 complete and 0 interrupted iterations
openloop_gradual   [  18% ] 000/225 VUs  02m09.9s/12m0s  02.93 iters/s

running (02m10.9s), 000/225 VUs, 267 complete and 0 interrupted iterations
openloop_gradual   [  18% ] 000/225 VUs  02m10.9s/12m0s  03.02 iters/s

running (02m11.9s), 001/225 VUs, 269 complete and 0 interrupted iterations
openloop_gradual   [  18% ] 001/225 VUs  02m11.9s/12m0s  03.11 iters/s

running (02m12.9s), 001/225 VUs, 272 complete and 0 interrupted iterations
openloop_gradual   [  18% ] 001/225 VUs  02m12.9s/12m0s  03.20 iters/s

running (02m13.9s), 000/225 VUs, 276 complete and 0 interrupted iterations
openloop_gradual   [  19% ] 000/225 VUs  02m13.9s/12m0s  03.29 iters/s

running (02m14.9s), 000/225 VUs, 279 complete and 0 interrupted iterations
openloop_gradual   [  19% ] 000/225 VUs  02m14.9s/12m0s  03.37 iters/s

running (02m15.9s), 000/225 VUs, 283 complete and 0 interrupted iterations
openloop_gradual   [  19% ] 000/225 VUs  02m15.9s/12m0s  03.48 iters/s

running (02m16.9s), 000/225 VUs, 286 complete and 0 interrupted iterations
openloop_gradual   [  19% ] 000/225 VUs  02m16.9s/12m0s  03.56 iters/s

running (02m17.9s), 000/225 VUs, 290 complete and 0 interrupted iterations
openloop_gradual   [  19% ] 000/225 VUs  02m17.9s/12m0s  03.66 iters/s

running (02m18.9s), 000/225 VUs, 294 complete and 0 interrupted iterations
openloop_gradual   [  19% ] 000/225 VUs  02m18.9s/12m0s  03.76 iters/s

running (02m19.9s), 000/225 VUs, 298 complete and 0 interrupted iterations
openloop_gradual   [  19% ] 000/225 VUs  02m19.9s/12m0s  03.86 iters/s

running (02m20.9s), 000/225 VUs, 301 complete and 0 interrupted iterations
openloop_gradual   [  20% ] 000/225 VUs  02m20.9s/12m0s  03.93 iters/s

running (02m21.9s), 000/225 VUs, 305 complete and 0 interrupted iterations
openloop_gradual   [  20% ] 000/225 VUs  02m21.9s/12m0s  04.03 iters/s

running (02m22.9s), 001/225 VUs, 309 complete and 0 interrupted iterations
openloop_gradual   [  20% ] 001/225 VUs  02m22.9s/12m0s  04.14 iters/s

running (02m23.9s), 000/225 VUs, 314 complete and 0 interrupted iterations
openloop_gradual   [  20% ] 000/225 VUs  02m23.9s/12m0s  04.23 iters/s

running (02m24.9s), 001/225 VUs, 317 complete and 0 interrupted iterations
openloop_gradual   [  20% ] 001/225 VUs  02m24.9s/12m0s  04.32 iters/s

running (02m25.9s), 001/225 VUs, 321 complete and 0 interrupted iterations
openloop_gradual   [  20% ] 001/225 VUs  02m25.9s/12m0s  04.40 iters/s

running (02m26.9s), 000/225 VUs, 327 complete and 0 interrupted iterations
openloop_gradual   [  20% ] 000/225 VUs  02m26.9s/12m0s  04.51 iters/s

running (02m27.9s), 000/225 VUs, 331 complete and 0 interrupted iterations
openloop_gradual   [  21% ] 000/225 VUs  02m27.9s/12m0s  04.59 iters/s

running (02m28.9s), 001/225 VUs, 335 complete and 0 interrupted iterations
openloop_gradual   [  21% ] 001/225 VUs  02m28.9s/12m0s  04.69 iters/s

running (02m29.9s), 000/225 VUs, 341 complete and 0 interrupted iterations
openloop_gradual   [  21% ] 000/225 VUs  02m29.9s/12m0s  04.79 iters/s

running (02m30.9s), 002/225 VUs, 344 complete and 0 interrupted iterations
openloop_gradual   [  21% ] 002/225 VUs  02m30.9s/12m0s  04.89 iters/s

running (02m31.9s), 001/225 VUs, 350 complete and 0 interrupted iterations
openloop_gradual   [  21% ] 001/225 VUs  02m31.9s/12m0s  04.98 iters/s

running (02m32.9s), 001/225 VUs, 355 complete and 0 interrupted iterations
openloop_gradual   [  21% ] 001/225 VUs  02m32.9s/12m0s  05.07 iters/s

running (02m33.9s), 000/225 VUs, 361 complete and 0 interrupted iterations
openloop_gradual   [  21% ] 000/225 VUs  02m33.9s/12m0s  05.17 iters/s

running (02m34.9s), 003/225 VUs, 363 complete and 0 interrupted iterations
openloop_gradual   [  22% ] 003/225 VUs  02m34.9s/12m0s  05.25 iters/s

running (02m35.9s), 001/225 VUs, 370 complete and 0 interrupted iterations
openloop_gradual   [  22% ] 001/225 VUs  02m35.9s/12m0s  05.34 iters/s

running (02m36.9s), 002/225 VUs, 375 complete and 0 interrupted iterations
openloop_gradual   [  22% ] 002/225 VUs  02m36.9s/12m0s  05.45 iters/s

running (02m37.9s), 000/225 VUs, 382 complete and 0 interrupted iterations
openloop_gradual   [  22% ] 000/225 VUs  02m37.9s/12m0s  05.53 iters/s

running (02m38.9s), 000/225 VUs, 388 complete and 0 interrupted iterations
openloop_gradual   [  22% ] 000/225 VUs  02m38.9s/12m0s  05.63 iters/s

running (02m39.9s), 000/225 VUs, 393 complete and 0 interrupted iterations
openloop_gradual   [  22% ] 000/225 VUs  02m39.9s/12m0s  05.71 iters/s

running (02m40.9s), 000/225 VUs, 399 complete and 0 interrupted iterations
openloop_gradual   [  22% ] 000/225 VUs  02m40.9s/12m0s  05.81 iters/s

running (02m41.9s), 000/225 VUs, 405 complete and 0 interrupted iterations
openloop_gradual   [  22% ] 000/225 VUs  02m41.9s/12m0s  05.91 iters/s

running (02m42.9s), 000/225 VUs, 411 complete and 0 interrupted iterations
openloop_gradual   [  23% ] 000/225 VUs  02m42.9s/12m0s  06.00 iters/s

running (02m43.9s), 000/225 VUs, 417 complete and 0 interrupted iterations
openloop_gradual   [  23% ] 000/225 VUs  02m43.9s/12m0s  06.09 iters/s

running (02m44.9s), 000/225 VUs, 423 complete and 0 interrupted iterations
openloop_gradual   [  23% ] 000/225 VUs  02m44.9s/12m0s  06.18 iters/s

running (02m45.9s), 000/225 VUs, 429 complete and 0 interrupted iterations
openloop_gradual   [  23% ] 000/225 VUs  02m45.9s/12m0s  06.27 iters/s

running (02m46.9s), 000/225 VUs, 436 complete and 0 interrupted iterations
openloop_gradual   [  23% ] 000/225 VUs  02m46.9s/12m0s  06.38 iters/s

running (02m47.9s), 000/225 VUs, 442 complete and 0 interrupted iterations
openloop_gradual   [  23% ] 000/225 VUs  02m47.9s/12m0s  06.47 iters/s

running (02m48.9s), 000/225 VUs, 449 complete and 0 interrupted iterations
openloop_gradual   [  23% ] 000/225 VUs  02m48.9s/12m0s  06.57 iters/s

running (02m49.9s), 002/225 VUs, 453 complete and 0 interrupted iterations
openloop_gradual   [  24% ] 002/225 VUs  02m49.9s/12m0s  06.65 iters/s

running (02m50.9s), 000/225 VUs, 462 complete and 0 interrupted iterations
openloop_gradual   [  24% ] 000/225 VUs  02m50.9s/12m0s  06.75 iters/s

running (02m51.9s), 001/225 VUs, 468 complete and 0 interrupted iterations
openloop_gradual   [  24% ] 001/225 VUs  02m51.9s/12m0s  06.84 iters/s

running (02m52.9s), 000/225 VUs, 476 complete and 0 interrupted iterations
openloop_gradual   [  24% ] 000/225 VUs  02m52.9s/12m0s  06.94 iters/s

running (02m53.9s), 002/225 VUs, 481 complete and 0 interrupted iterations
openloop_gradual   [  24% ] 002/225 VUs  02m53.9s/12m0s  07.03 iters/s

running (02m54.9s), 000/225 VUs, 490 complete and 0 interrupted iterations
openloop_gradual   [  24% ] 000/225 VUs  02m54.9s/12m0s  07.12 iters/s

running (02m55.9s), 001/225 VUs, 496 complete and 0 interrupted iterations
openloop_gradual   [  24% ] 001/225 VUs  02m55.9s/12m0s  07.22 iters/s

running (02m56.9s), 001/225 VUs, 503 complete and 0 interrupted iterations
openloop_gradual   [  25% ] 001/225 VUs  02m56.9s/12m0s  07.31 iters/s

running (02m57.9s), 000/225 VUs, 511 complete and 0 interrupted iterations
openloop_gradual   [  25% ] 000/225 VUs  02m57.9s/12m0s  07.39 iters/s

running (02m58.9s), 000/225 VUs, 519 complete and 0 interrupted iterations
openloop_gradual   [  25% ] 000/225 VUs  02m58.9s/12m0s  07.49 iters/s

running (02m59.9s), 000/225 VUs, 526 complete and 0 interrupted iterations
openloop_gradual   [  25% ] 000/225 VUs  02m59.9s/12m0s  07.58 iters/s

running (03m00.9s), 000/225 VUs, 534 complete and 0 interrupted iterations
openloop_gradual   [  25% ] 000/225 VUs  03m00.9s/12m0s  07.68 iters/s

running (03m01.9s), 000/225 VUs, 542 complete and 0 interrupted iterations
openloop_gradual   [  25% ] 000/225 VUs  03m01.9s/12m0s  07.78 iters/s

running (03m02.9s), 002/225 VUs, 548 complete and 0 interrupted iterations
openloop_gradual   [  25% ] 002/225 VUs  03m02.9s/12m0s  07.87 iters/s

running (03m03.9s), 002/225 VUs, 555 complete and 0 interrupted iterations
openloop_gradual   [  26% ] 002/225 VUs  03m03.9s/12m0s  07.95 iters/s

running (03m04.9s), 002/225 VUs, 563 complete and 0 interrupted iterations
openloop_gradual   [  26% ] 002/225 VUs  03m04.9s/12m0s  08.05 iters/s

running (03m05.9s), 002/225 VUs, 572 complete and 0 interrupted iterations
openloop_gradual   [  26% ] 002/225 VUs  03m05.9s/12m0s  08.15 iters/s

running (03m06.9s), 000/225 VUs, 582 complete and 0 interrupted iterations
openloop_gradual   [  26% ] 000/225 VUs  03m06.9s/12m0s  08.24 iters/s

running (03m07.9s), 001/225 VUs, 589 complete and 0 interrupted iterations
openloop_gradual   [  26% ] 001/225 VUs  03m07.9s/12m0s  08.33 iters/s

running (03m08.9s), 001/225 VUs, 597 complete and 0 interrupted iterations
openloop_gradual   [  26% ] 001/225 VUs  03m08.9s/12m0s  08.42 iters/s

running (03m09.9s), 000/225 VUs, 607 complete and 0 interrupted iterations
openloop_gradual   [  26% ] 000/225 VUs  03m09.9s/12m0s  08.52 iters/s

running (03m10.9s), 000/225 VUs, 615 complete and 0 interrupted iterations
openloop_gradual   [  27% ] 000/225 VUs  03m10.9s/12m0s  08.61 iters/s

running (03m11.9s), 000/225 VUs, 624 complete and 0 interrupted iterations
openloop_gradual   [  27% ] 000/225 VUs  03m11.9s/12m0s  08.70 iters/s

running (03m12.9s), 000/225 VUs, 633 complete and 0 interrupted iterations
openloop_gradual   [  27% ] 000/225 VUs  03m12.9s/12m0s  08.80 iters/s

running (03m13.9s), 000/225 VUs, 642 complete and 0 interrupted iterations
openloop_gradual   [  27% ] 000/225 VUs  03m13.9s/12m0s  08.90 iters/s

running (03m14.9s), 001/225 VUs, 650 complete and 0 interrupted iterations
openloop_gradual   [  27% ] 001/225 VUs  03m14.9s/12m0s  08.99 iters/s

running (03m15.9s), 000/225 VUs, 660 complete and 0 interrupted iterations
openloop_gradual   [  27% ] 000/225 VUs  03m15.9s/12m0s  09.08 iters/s

running (03m16.9s), 001/225 VUs, 668 complete and 0 interrupted iterations
openloop_gradual   [  27% ] 001/225 VUs  03m16.9s/12m0s  09.17 iters/s

running (03m17.9s), 000/225 VUs, 678 complete and 0 interrupted iterations
openloop_gradual   [  27% ] 000/225 VUs  03m17.9s/12m0s  09.27 iters/s

running (03m18.9s), 001/225 VUs, 686 complete and 0 interrupted iterations
openloop_gradual   [  28% ] 001/225 VUs  03m18.9s/12m0s  09.36 iters/s

running (03m19.9s), 002/225 VUs, 695 complete and 0 interrupted iterations
openloop_gradual   [  28% ] 002/225 VUs  03m19.9s/12m0s  09.46 iters/s

running (03m20.9s), 001/225 VUs, 705 complete and 0 interrupted iterations
openloop_gradual   [  28% ] 001/225 VUs  03m20.9s/12m0s  09.54 iters/s

running (03m21.9s), 000/225 VUs, 716 complete and 0 interrupted iterations
openloop_gradual   [  28% ] 000/225 VUs  03m21.9s/12m0s  09.64 iters/s

running (03m22.9s), 002/225 VUs, 724 complete and 0 interrupted iterations
openloop_gradual   [  28% ] 002/225 VUs  03m22.9s/12m0s  09.74 iters/s

running (03m23.9s), 001/225 VUs, 734 complete and 0 interrupted iterations
openloop_gradual   [  28% ] 001/225 VUs  03m23.9s/12m0s  09.82 iters/s

running (03m24.9s), 001/225 VUs, 744 complete and 0 interrupted iterations
openloop_gradual   [  28% ] 001/225 VUs  03m24.9s/12m0s  09.92 iters/s

running (03m25.9s), 000/225 VUs, 755 complete and 0 interrupted iterations
openloop_gradual   [  29% ] 000/225 VUs  03m25.9s/12m0s  10.01 iters/s

running (03m26.9s), 001/225 VUs, 764 complete and 0 interrupted iterations
openloop_gradual   [  29% ] 001/225 VUs  03m26.9s/12m0s  10.10 iters/s

running (03m27.9s), 000/225 VUs, 775 complete and 0 interrupted iterations
openloop_gradual   [  29% ] 000/225 VUs  03m27.9s/12m0s  10.20 iters/s

running (03m28.9s), 003/225 VUs, 783 complete and 0 interrupted iterations
openloop_gradual   [  29% ] 003/225 VUs  03m28.9s/12m0s  10.30 iters/s

running (03m29.9s), 000/225 VUs, 796 complete and 0 interrupted iterations
openloop_gradual   [  29% ] 000/225 VUs  03m29.9s/12m0s  10.39 iters/s

running (03m30.9s), 001/225 VUs, 805 complete and 0 interrupted iterations
openloop_gradual   [  29% ] 001/225 VUs  03m30.9s/12m0s  10.48 iters/s

running (03m31.9s), 001/225 VUs, 816 complete and 0 interrupted iterations
openloop_gradual   [  29% ] 001/225 VUs  03m31.9s/12m0s  10.57 iters/s

running (03m32.9s), 002/225 VUs, 826 complete and 0 interrupted iterations
openloop_gradual   [  30% ] 002/225 VUs  03m32.9s/12m0s  10.67 iters/s

running (03m33.9s), 000/225 VUs, 838 complete and 0 interrupted iterations
openloop_gradual   [  30% ] 000/225 VUs  03m33.9s/12m0s  10.76 iters/s

running (03m34.9s), 000/225 VUs, 849 complete and 0 interrupted iterations
openloop_gradual   [  30% ] 000/225 VUs  03m34.9s/12m0s  10.85 iters/s

running (03m35.9s), 002/225 VUs, 858 complete and 0 interrupted iterations
openloop_gradual   [  30% ] 002/225 VUs  03m35.9s/12m0s  10.95 iters/s

running (03m36.9s), 000/225 VUs, 871 complete and 0 interrupted iterations
openloop_gradual   [  30% ] 000/225 VUs  03m36.9s/12m0s  11.04 iters/s

running (03m37.9s), 001/225 VUs, 881 complete and 0 interrupted iterations
openloop_gradual   [  30% ] 001/225 VUs  03m37.9s/12m0s  11.13 iters/s

running (03m38.9s), 000/225 VUs, 893 complete and 0 interrupted iterations
openloop_gradual   [  30% ] 000/225 VUs  03m38.9s/12m0s  11.22 iters/s

running (03m39.9s), 000/225 VUs, 904 complete and 0 interrupted iterations
openloop_gradual   [  31% ] 000/225 VUs  03m39.9s/12m0s  11.32 iters/s

running (03m40.9s), 002/225 VUs, 914 complete and 0 interrupted iterations
openloop_gradual   [  31% ] 002/225 VUs  03m40.9s/12m0s  11.41 iters/s

running (03m41.9s), 001/225 VUs, 926 complete and 0 interrupted iterations
openloop_gradual   [  31% ] 001/225 VUs  03m41.9s/12m0s  11.50 iters/s

running (03m42.9s), 001/225 VUs, 938 complete and 0 interrupted iterations
openloop_gradual   [  31% ] 001/225 VUs  03m42.9s/12m0s  11.60 iters/s

running (03m43.9s), 000/225 VUs, 950 complete and 0 interrupted iterations
openloop_gradual   [  31% ] 000/225 VUs  03m43.9s/12m0s  11.70 iters/s

running (03m44.9s), 000/225 VUs, 962 complete and 0 interrupted iterations
openloop_gradual   [  31% ] 000/225 VUs  03m44.9s/12m0s  11.78 iters/s

running (03m45.9s), 000/225 VUs, 974 complete and 0 interrupted iterations
openloop_gradual   [  31% ] 000/225 VUs  03m45.9s/12m0s  11.88 iters/s

running (03m46.9s), 001/225 VUs, 985 complete and 0 interrupted iterations
openloop_gradual   [  32% ] 001/225 VUs  03m46.9s/12m0s  11.97 iters/s

running (03m47.9s), 003/225 VUs, 995 complete and 0 interrupted iterations
openloop_gradual   [  32% ] 003/225 VUs  03m47.9s/12m0s  12.07 iters/s

running (03m48.9s), 001/225 VUs, 1009 complete and 0 interrupted iterations
openloop_gradual   [  32% ] 001/225 VUs  03m48.9s/12m0s  12.16 iters/s

running (03m49.9s), 000/225 VUs, 1022 complete and 0 interrupted iterations
openloop_gradual   [  32% ] 000/225 VUs  03m49.9s/12m0s  12.25 iters/s

running (03m50.9s), 002/225 VUs, 1033 complete and 0 interrupted iterations
openloop_gradual   [  32% ] 002/225 VUs  03m50.9s/12m0s  12.35 iters/s

running (03m51.9s), 000/225 VUs, 1047 complete and 0 interrupted iterations
openloop_gradual   [  32% ] 000/225 VUs  03m51.9s/12m0s  12.44 iters/s

running (03m52.9s), 003/225 VUs, 1057 complete and 0 interrupted iterations
openloop_gradual   [  32% ] 003/225 VUs  03m52.9s/12m0s  12.54 iters/s

running (03m53.9s), 005/225 VUs, 1067 complete and 0 interrupted iterations
openloop_gradual   [  32% ] 005/225 VUs  03m53.9s/12m0s  12.63 iters/s

running (03m54.9s), 001/225 VUs, 1084 complete and 0 interrupted iterations
openloop_gradual   [  33% ] 001/225 VUs  03m54.9s/12m0s  12.72 iters/s

running (03m55.9s), 001/225 VUs, 1097 complete and 0 interrupted iterations
openloop_gradual   [  33% ] 001/225 VUs  03m55.9s/12m0s  12.82 iters/s

running (03m56.9s), 000/225 VUs, 1110 complete and 0 interrupted iterations
openloop_gradual   [  33% ] 000/225 VUs  03m56.9s/12m0s  12.90 iters/s

running (03m57.9s), 000/225 VUs, 1123 complete and 0 interrupted iterations
openloop_gradual   [  33% ] 000/225 VUs  03m57.9s/12m0s  13.00 iters/s

running (03m58.9s), 001/225 VUs, 1135 complete and 0 interrupted iterations
openloop_gradual   [  33% ] 001/225 VUs  03m58.9s/12m0s  13.09 iters/s

running (03m59.9s), 001/225 VUs, 1149 complete and 0 interrupted iterations
openloop_gradual   [  33% ] 001/225 VUs  03m59.9s/12m0s  13.19 iters/s

running (04m00.9s), 002/225 VUs, 1161 complete and 0 interrupted iterations
openloop_gradual   [  33% ] 002/225 VUs  04m00.9s/12m0s  13.28 iters/s

running (04m01.9s), 002/225 VUs, 1174 complete and 0 interrupted iterations
openloop_gradual   [  34% ] 002/225 VUs  04m01.9s/12m0s  13.37 iters/s

running (04m02.9s), 001/225 VUs, 1189 complete and 0 interrupted iterations
openloop_gradual   [  34% ] 001/225 VUs  04m02.9s/12m0s  13.47 iters/s

running (04m03.9s), 000/225 VUs, 1203 complete and 0 interrupted iterations
openloop_gradual   [  34% ] 000/225 VUs  04m03.9s/12m0s  13.56 iters/s

running (04m04.9s), 003/225 VUs, 1214 complete and 0 interrupted iterations
openloop_gradual   [  34% ] 003/225 VUs  04m04.9s/12m0s  13.66 iters/s

running (04m05.9s), 001/225 VUs, 1229 complete and 0 interrupted iterations
openloop_gradual   [  34% ] 001/225 VUs  04m05.9s/12m0s  13.74 iters/s

running (04m06.9s), 001/225 VUs, 1243 complete and 0 interrupted iterations
openloop_gradual   [  34% ] 001/225 VUs  04m06.9s/12m0s  13.84 iters/s

running (04m07.9s), 002/225 VUs, 1256 complete and 0 interrupted iterations
openloop_gradual   [  34% ] 002/225 VUs  04m07.9s/12m0s  13.93 iters/s

running (04m08.9s), 001/225 VUs, 1271 complete and 0 interrupted iterations
openloop_gradual   [  35% ] 001/225 VUs  04m08.9s/12m0s  14.03 iters/s

running (04m09.9s), 000/225 VUs, 1286 complete and 0 interrupted iterations
openloop_gradual   [  35% ] 000/225 VUs  04m09.9s/12m0s  14.12 iters/s

running (04m10.9s), 000/225 VUs, 1300 complete and 0 interrupted iterations
openloop_gradual   [  35% ] 000/225 VUs  04m10.9s/12m0s  14.21 iters/s

running (04m11.9s), 002/225 VUs, 1312 complete and 0 interrupted iterations
openloop_gradual   [  35% ] 002/225 VUs  04m11.9s/12m0s  14.30 iters/s

running (04m12.9s), 001/225 VUs, 1328 complete and 0 interrupted iterations
openloop_gradual   [  35% ] 001/225 VUs  04m12.9s/12m0s  14.40 iters/s

running (04m13.9s), 000/225 VUs, 1343 complete and 0 interrupted iterations
openloop_gradual   [  35% ] 000/225 VUs  04m13.9s/12m0s  14.49 iters/s

running (04m14.9s), 000/225 VUs, 1358 complete and 0 interrupted iterations
openloop_gradual   [  35% ] 000/225 VUs  04m14.9s/12m0s  14.59 iters/s

running (04m15.9s), 001/225 VUs, 1371 complete and 0 interrupted iterations
openloop_gradual   [  36% ] 001/225 VUs  04m15.9s/12m0s  14.68 iters/s

running (04m16.9s), 000/225 VUs, 1387 complete and 0 interrupted iterations
openloop_gradual   [  36% ] 000/225 VUs  04m16.9s/12m0s  14.77 iters/s

running (04m17.9s), 001/225 VUs, 1401 complete and 0 interrupted iterations
openloop_gradual   [  36% ] 001/225 VUs  04m17.9s/12m0s  14.87 iters/s

running (04m18.9s), 001/225 VUs, 1416 complete and 0 interrupted iterations
openloop_gradual   [  36% ] 001/225 VUs  04m18.9s/12m0s  14.96 iters/s

running (04m19.9s), 001/225 VUs, 1431 complete and 0 interrupted iterations
openloop_gradual   [  36% ] 001/225 VUs  04m19.9s/12m0s  15.05 iters/s

running (04m20.9s), 001/225 VUs, 1446 complete and 0 interrupted iterations
openloop_gradual   [  36% ] 001/225 VUs  04m20.9s/12m0s  15.15 iters/s

running (04m21.9s), 000/225 VUs, 1462 complete and 0 interrupted iterations
openloop_gradual   [  36% ] 000/225 VUs  04m21.9s/12m0s  15.24 iters/s

running (04m22.9s), 001/225 VUs, 1477 complete and 0 interrupted iterations
openloop_gradual   [  37% ] 001/225 VUs  04m22.9s/12m0s  15.34 iters/s

running (04m23.9s), 003/225 VUs, 1490 complete and 0 interrupted iterations
openloop_gradual   [  37% ] 003/225 VUs  04m23.9s/12m0s  15.43 iters/s

running (04m24.9s), 001/225 VUs, 1507 complete and 0 interrupted iterations
openloop_gradual   [  37% ] 001/225 VUs  04m24.9s/12m0s  15.52 iters/s

running (04m25.9s), 000/225 VUs, 1524 complete and 0 interrupted iterations
openloop_gradual   [  37% ] 000/225 VUs  04m25.9s/12m0s  15.61 iters/s

running (04m26.9s), 002/225 VUs, 1538 complete and 0 interrupted iterations
openloop_gradual   [  37% ] 002/225 VUs  04m26.9s/12m0s  15.71 iters/s

running (04m27.9s), 000/225 VUs, 1555 complete and 0 interrupted iterations
openloop_gradual   [  37% ] 000/225 VUs  04m27.9s/12m0s  15.80 iters/s

running (04m28.9s), 002/225 VUs, 1569 complete and 0 interrupted iterations
openloop_gradual   [  37% ] 002/225 VUs  04m28.9s/12m0s  15.89 iters/s

running (04m29.9s), 004/225 VUs, 1583 complete and 0 interrupted iterations
openloop_gradual   [  37% ] 004/225 VUs  04m29.9s/12m0s  15.99 iters/s

running (04m30.9s), 003/225 VUs, 1600 complete and 0 interrupted iterations
openloop_gradual   [  38% ] 003/225 VUs  04m30.9s/12m0s  16.08 iters/s

running (04m31.9s), 006/225 VUs, 1613 complete and 0 interrupted iterations
openloop_gradual   [  38% ] 006/225 VUs  04m31.9s/12m0s  16.17 iters/s

running (04m32.9s), 001/225 VUs, 1634 complete and 0 interrupted iterations
openloop_gradual   [  38% ] 001/225 VUs  04m32.9s/12m0s  16.26 iters/s

running (04m33.9s), 000/225 VUs, 1652 complete and 0 interrupted iterations
openloop_gradual   [  38% ] 000/225 VUs  04m33.9s/12m0s  16.36 iters/s

running (04m34.9s), 001/225 VUs, 1667 complete and 0 interrupted iterations
openloop_gradual   [  38% ] 001/225 VUs  04m34.9s/12m0s  16.45 iters/s

running (04m35.9s), 001/225 VUs, 1684 complete and 0 interrupted iterations
openloop_gradual   [  38% ] 001/225 VUs  04m35.9s/12m0s  16.55 iters/s

running (04m36.9s), 001/225 VUs, 1700 complete and 0 interrupted iterations
openloop_gradual   [  38% ] 001/225 VUs  04m36.9s/12m0s  16.64 iters/s

running (04m37.9s), 000/225 VUs, 1718 complete and 0 interrupted iterations
openloop_gradual   [  39% ] 000/225 VUs  04m37.9s/12m0s  16.73 iters/s

running (04m38.9s), 001/225 VUs, 1734 complete and 0 interrupted iterations
openloop_gradual   [  39% ] 001/225 VUs  04m38.9s/12m0s  16.83 iters/s

running (04m39.9s), 003/225 VUs, 1749 complete and 0 interrupted iterations
openloop_gradual   [  39% ] 003/225 VUs  04m39.9s/12m0s  16.92 iters/s

running (04m40.9s), 001/225 VUs, 1768 complete and 0 interrupted iterations
openloop_gradual   [  39% ] 001/225 VUs  04m40.9s/12m0s  17.01 iters/s

running (04m41.9s), 000/225 VUs, 1786 complete and 0 interrupted iterations
openloop_gradual   [  39% ] 000/225 VUs  04m41.9s/12m0s  17.11 iters/s

running (04m42.9s), 001/225 VUs, 1802 complete and 0 interrupted iterations
openloop_gradual   [  39% ] 001/225 VUs  04m42.9s/12m0s  17.20 iters/s

running (04m43.9s), 002/225 VUs, 1818 complete and 0 interrupted iterations
openloop_gradual   [  39% ] 002/225 VUs  04m43.9s/12m0s  17.29 iters/s

running (04m44.9s), 000/225 VUs, 1837 complete and 0 interrupted iterations
openloop_gradual   [  40% ] 000/225 VUs  04m44.9s/12m0s  17.38 iters/s

running (04m45.9s), 001/225 VUs, 1854 complete and 0 interrupted iterations
openloop_gradual   [  40% ] 001/225 VUs  04m45.9s/12m0s  17.48 iters/s

running (04m46.9s), 000/225 VUs, 1872 complete and 0 interrupted iterations
openloop_gradual   [  40% ] 000/225 VUs  04m46.9s/12m0s  17.57 iters/s

running (04m47.9s), 004/225 VUs, 1886 complete and 0 interrupted iterations
openloop_gradual   [  40% ] 004/225 VUs  04m47.9s/12m0s  17.67 iters/s

running (04m48.9s), 000/225 VUs, 1908 complete and 0 interrupted iterations
openloop_gradual   [  40% ] 000/225 VUs  04m48.9s/12m0s  17.76 iters/s

running (04m49.9s), 001/225 VUs, 1925 complete and 0 interrupted iterations
openloop_gradual   [  40% ] 001/225 VUs  04m49.9s/12m0s  17.86 iters/s

running (04m50.9s), 003/225 VUs, 1940 complete and 0 interrupted iterations
openloop_gradual   [  40% ] 003/225 VUs  04m50.9s/12m0s  17.94 iters/s

running (04m51.9s), 002/225 VUs, 1959 complete and 0 interrupted iterations
openloop_gradual   [  41% ] 002/225 VUs  04m51.9s/12m0s  18.04 iters/s

running (04m52.9s), 002/225 VUs, 1977 complete and 0 interrupted iterations
openloop_gradual   [  41% ] 002/225 VUs  04m52.9s/12m0s  18.13 iters/s

running (04m53.9s), 000/225 VUs, 1998 complete and 0 interrupted iterations
openloop_gradual   [  41% ] 000/225 VUs  04m53.9s/12m0s  18.23 iters/s

running (04m54.9s), 002/225 VUs, 2014 complete and 0 interrupted iterations
openloop_gradual   [  41% ] 002/225 VUs  04m54.9s/12m0s  18.32 iters/s

running (04m55.9s), 002/225 VUs, 2032 complete and 0 interrupted iterations
openloop_gradual   [  41% ] 002/225 VUs  04m55.9s/12m0s  18.41 iters/s

running (04m56.9s), 001/225 VUs, 2052 complete and 0 interrupted iterations
openloop_gradual   [  41% ] 001/225 VUs  04m56.9s/12m0s  18.51 iters/s

running (04m57.9s), 003/225 VUs, 2068 complete and 0 interrupted iterations
openloop_gradual   [  41% ] 003/225 VUs  04m57.9s/12m0s  18.60 iters/s

running (04m58.9s), 006/225 VUs, 2084 complete and 0 interrupted iterations
openloop_gradual   [  42% ] 006/225 VUs  04m58.9s/12m0s  18.69 iters/s

running (04m59.9s), 002/225 VUs, 2107 complete and 0 interrupted iterations
openloop_gradual   [  42% ] 002/225 VUs  04m59.9s/12m0s  18.79 iters/s

running (05m00.9s), 003/225 VUs, 2125 complete and 0 interrupted iterations
openloop_gradual   [  42% ] 003/225 VUs  05m00.9s/12m0s  18.88 iters/s

running (05m01.9s), 001/225 VUs, 2145 complete and 0 interrupted iterations
openloop_gradual   [  42% ] 001/225 VUs  05m01.9s/12m0s  18.97 iters/s

running (05m02.9s), 002/225 VUs, 2163 complete and 0 interrupted iterations
openloop_gradual   [  42% ] 002/225 VUs  05m02.9s/12m0s  19.06 iters/s

running (05m03.9s), 002/225 VUs, 2183 complete and 0 interrupted iterations
openloop_gradual   [  42% ] 002/225 VUs  05m03.9s/12m0s  19.16 iters/s

running (05m04.9s), 003/225 VUs, 2201 complete and 0 interrupted iterations
openloop_gradual   [  42% ] 003/225 VUs  05m04.9s/12m0s  19.25 iters/s

running (05m05.9s), 000/225 VUs, 2223 complete and 0 interrupted iterations
openloop_gradual   [  42% ] 000/225 VUs  05m05.9s/12m0s  19.35 iters/s

running (05m06.9s), 003/225 VUs, 2239 complete and 0 interrupted iterations
openloop_gradual   [  43% ] 003/225 VUs  05m06.9s/12m0s  19.44 iters/s

running (05m07.9s), 003/225 VUs, 2259 complete and 0 interrupted iterations
openloop_gradual   [  43% ] 003/225 VUs  05m07.9s/12m0s  19.53 iters/s

running (05m08.9s), 002/225 VUs, 2280 complete and 0 interrupted iterations
openloop_gradual   [  43% ] 002/225 VUs  05m08.9s/12m0s  19.63 iters/s

running (05m09.9s), 002/225 VUs, 2299 complete and 0 interrupted iterations
openloop_gradual   [  43% ] 002/225 VUs  05m09.9s/12m0s  19.72 iters/s

running (05m10.9s), 001/225 VUs, 2320 complete and 0 interrupted iterations
openloop_gradual   [  43% ] 001/225 VUs  05m10.9s/12m0s  19.81 iters/s

running (05m11.9s), 001/225 VUs, 2340 complete and 0 interrupted iterations
openloop_gradual   [  43% ] 001/225 VUs  05m11.9s/12m0s  19.91 iters/s

running (05m12.9s), 001/225 VUs, 2360 complete and 0 interrupted iterations
openloop_gradual   [  43% ] 001/225 VUs  05m12.9s/12m0s  20.00 iters/s

running (05m13.9s), 005/225 VUs, 2376 complete and 0 interrupted iterations
openloop_gradual   [  44% ] 005/225 VUs  05m13.9s/12m0s  20.09 iters/s

running (05m14.9s), 003/225 VUs, 2398 complete and 0 interrupted iterations
openloop_gradual   [  44% ] 003/225 VUs  05m14.9s/12m0s  20.19 iters/s

running (05m15.9s), 004/225 VUs, 2417 complete and 0 interrupted iterations
openloop_gradual   [  44% ] 004/225 VUs  05m15.9s/12m0s  20.28 iters/s

running (05m16.9s), 002/225 VUs, 2440 complete and 0 interrupted iterations
openloop_gradual   [  44% ] 002/225 VUs  05m16.9s/12m0s  20.37 iters/s

running (05m17.9s), 000/225 VUs, 2462 complete and 0 interrupted iterations
openloop_gradual   [  44% ] 000/225 VUs  05m17.9s/12m0s  20.47 iters/s

running (05m18.9s), 005/225 VUs, 2477 complete and 0 interrupted iterations
openloop_gradual   [  44% ] 005/225 VUs  05m18.9s/12m0s  20.56 iters/s

running (05m19.9s), 001/225 VUs, 2502 complete and 0 interrupted iterations
openloop_gradual   [  44% ] 001/225 VUs  05m19.9s/12m0s  20.65 iters/s

running (05m20.9s), 001/225 VUs, 2523 complete and 0 interrupted iterations
openloop_gradual   [  45% ] 001/225 VUs  05m20.9s/12m0s  20.75 iters/s

running (05m21.9s), 002/225 VUs, 2543 complete and 0 interrupted iterations
openloop_gradual   [  45% ] 002/225 VUs  05m21.9s/12m0s  20.84 iters/s

running (05m22.9s), 002/225 VUs, 2563 complete and 0 interrupted iterations
openloop_gradual   [  45% ] 002/225 VUs  05m22.9s/12m0s  20.93 iters/s

running (05m23.9s), 002/225 VUs, 2584 complete and 0 interrupted iterations
openloop_gradual   [  45% ] 002/225 VUs  05m23.9s/12m0s  21.02 iters/s

running (05m24.9s), 003/225 VUs, 2604 complete and 0 interrupted iterations
openloop_gradual   [  45% ] 003/225 VUs  05m24.9s/12m0s  21.12 iters/s

running (05m25.9s), 002/225 VUs, 2627 complete and 0 interrupted iterations
openloop_gradual   [  45% ] 002/225 VUs  05m25.9s/12m0s  21.21 iters/s

running (05m26.9s), 004/225 VUs, 2646 complete and 0 interrupted iterations
openloop_gradual   [  45% ] 004/225 VUs  05m26.9s/12m0s  21.31 iters/s

running (05m27.9s), 004/225 VUs, 2667 complete and 0 interrupted iterations
openloop_gradual   [  46% ] 004/225 VUs  05m27.9s/12m0s  21.40 iters/s

running (05m28.9s), 000/225 VUs, 2693 complete and 0 interrupted iterations
openloop_gradual   [  46% ] 000/225 VUs  05m28.9s/12m0s  21.49 iters/s

running (05m29.9s), 002/225 VUs, 2712 complete and 0 interrupted iterations
openloop_gradual   [  46% ] 002/225 VUs  05m29.9s/12m0s  21.58 iters/s

running (05m30.9s), 005/225 VUs, 2731 complete and 0 interrupted iterations
openloop_gradual   [  46% ] 005/225 VUs  05m30.9s/12m0s  21.68 iters/s

running (05m31.9s), 007/225 VUs, 2751 complete and 0 interrupted iterations
openloop_gradual   [  46% ] 007/225 VUs  05m31.9s/12m0s  21.77 iters/s

running (05m32.9s), 002/225 VUs, 2777 complete and 0 interrupted iterations
openloop_gradual   [  46% ] 002/225 VUs  05m32.9s/12m0s  21.86 iters/s

running (05m33.9s), 002/225 VUs, 2799 complete and 0 interrupted iterations
openloop_gradual   [  46% ] 002/225 VUs  05m33.9s/12m0s  21.96 iters/s

running (05m34.9s), 002/225 VUs, 2821 complete and 0 interrupted iterations
openloop_gradual   [  47% ] 002/225 VUs  05m34.9s/12m0s  22.05 iters/s

running (05m35.9s), 001/225 VUs, 2844 complete and 0 interrupted iterations
openloop_gradual   [  47% ] 001/225 VUs  05m35.9s/12m0s  22.14 iters/s

running (05m36.9s), 002/225 VUs, 2866 complete and 0 interrupted iterations
openloop_gradual   [  47% ] 002/225 VUs  05m36.9s/12m0s  22.24 iters/s

running (05m37.9s), 002/225 VUs, 2888 complete and 0 interrupted iterations
openloop_gradual   [  47% ] 002/225 VUs  05m37.9s/12m0s  22.33 iters/s

running (05m38.9s), 001/225 VUs, 2911 complete and 0 interrupted iterations
openloop_gradual   [  47% ] 001/225 VUs  05m38.9s/12m0s  22.42 iters/s

running (05m39.9s), 003/225 VUs, 2932 complete and 0 interrupted iterations
openloop_gradual   [  47% ] 003/225 VUs  05m39.9s/12m0s  22.52 iters/s

running (05m40.9s), 001/225 VUs, 2956 complete and 0 interrupted iterations
openloop_gradual   [  47% ] 001/225 VUs  05m40.9s/12m0s  22.61 iters/s

running (05m41.9s), 001/225 VUs, 2979 complete and 0 interrupted iterations
openloop_gradual   [  47% ] 001/225 VUs  05m41.9s/12m0s  22.71 iters/s

running (05m42.9s), 001/225 VUs, 3002 complete and 0 interrupted iterations
openloop_gradual   [  48% ] 001/225 VUs  05m42.9s/12m0s  22.80 iters/s

running (05m43.9s), 003/225 VUs, 3023 complete and 0 interrupted iterations
openloop_gradual   [  48% ] 003/225 VUs  05m43.9s/12m0s  22.89 iters/s

running (05m44.9s), 007/225 VUs, 3042 complete and 0 interrupted iterations
openloop_gradual   [  48% ] 007/225 VUs  05m44.9s/12m0s  22.99 iters/s

running (05m45.9s), 005/225 VUs, 3067 complete and 0 interrupted iterations
openloop_gradual   [  48% ] 005/225 VUs  05m45.9s/12m0s  23.08 iters/s

running (05m46.9s), 001/225 VUs, 3094 complete and 0 interrupted iterations
openloop_gradual   [  48% ] 001/225 VUs  05m46.9s/12m0s  23.17 iters/s

running (05m47.9s), 000/225 VUs, 3118 complete and 0 interrupted iterations
openloop_gradual   [  48% ] 000/225 VUs  05m47.9s/12m0s  23.27 iters/s

running (05m48.9s), 003/225 VUs, 3138 complete and 0 interrupted iterations
openloop_gradual   [  48% ] 003/225 VUs  05m48.9s/12m0s  23.36 iters/s

running (05m49.9s), 004/225 VUs, 3161 complete and 0 interrupted iterations
openloop_gradual   [  49% ] 004/225 VUs  05m49.9s/12m0s  23.45 iters/s

running (05m50.9s), 004/225 VUs, 3184 complete and 0 interrupted iterations
openloop_gradual   [  49% ] 004/225 VUs  05m50.9s/12m0s  23.55 iters/s

running (05m51.9s), 003/225 VUs, 3209 complete and 0 interrupted iterations
openloop_gradual   [  49% ] 003/225 VUs  05m51.9s/12m0s  23.64 iters/s

running (05m52.9s), 001/225 VUs, 3234 complete and 0 interrupted iterations
openloop_gradual   [  49% ] 001/225 VUs  05m52.9s/12m0s  23.73 iters/s

running (05m53.9s), 002/225 VUs, 3257 complete and 0 interrupted iterations
openloop_gradual   [  49% ] 002/225 VUs  05m53.9s/12m0s  23.83 iters/s

running (05m54.9s), 006/225 VUs, 3277 complete and 0 interrupted iterations
openloop_gradual   [  49% ] 006/225 VUs  05m54.9s/12m0s  23.92 iters/s

running (05m55.9s), 002/225 VUs, 3305 complete and 0 interrupted iterations
openloop_gradual   [  49% ] 002/225 VUs  05m55.9s/12m0s  24.01 iters/s

running (05m56.9s), 001/225 VUs, 3330 complete and 0 interrupted iterations
openloop_gradual   [  50% ] 001/225 VUs  05m56.9s/12m0s  24.11 iters/s

running (05m57.9s), 005/225 VUs, 3350 complete and 0 interrupted iterations
openloop_gradual   [  50% ] 005/225 VUs  05m57.9s/12m0s  24.20 iters/s

running (05m58.9s), 005/225 VUs, 3374 complete and 0 interrupted iterations
openloop_gradual   [  50% ] 005/225 VUs  05m58.9s/12m0s  24.29 iters/s

running (05m59.9s), 002/225 VUs, 3402 complete and 0 interrupted iterations
openloop_gradual   [  50% ] 002/225 VUs  05m59.9s/12m0s  24.39 iters/s

running (06m00.9s), 000/225 VUs, 3428 complete and 0 interrupted iterations
openloop_gradual   [  50% ] 000/225 VUs  06m00.9s/12m0s  24.48 iters/s

running (06m01.9s), 003/225 VUs, 3450 complete and 0 interrupted iterations
openloop_gradual   [  50% ] 003/225 VUs  06m01.9s/12m0s  24.57 iters/s

running (06m02.9s), 000/225 VUs, 3477 complete and 0 interrupted iterations
openloop_gradual   [  50% ] 000/225 VUs  06m02.9s/12m0s  24.66 iters/s

running (06m03.9s), 001/225 VUs, 3501 complete and 0 interrupted iterations
openloop_gradual   [  51% ] 001/225 VUs  06m03.9s/12m0s  24.76 iters/s

running (06m04.9s), 008/225 VUs, 3519 complete and 0 interrupted iterations
openloop_gradual   [  51% ] 008/225 VUs  06m04.9s/12m0s  24.85 iters/s

running (06m05.9s), 002/225 VUs, 3550 complete and 0 interrupted iterations
openloop_gradual   [  51% ] 002/225 VUs  06m05.9s/12m0s  24.95 iters/s

running (06m06.9s), 001/225 VUs, 3576 complete and 0 interrupted iterations
openloop_gradual   [  51% ] 001/225 VUs  06m06.9s/12m0s  25.04 iters/s

running (06m07.9s), 001/225 VUs, 3601 complete and 0 interrupted iterations
openloop_gradual   [  51% ] 001/225 VUs  06m07.9s/12m0s  25.13 iters/s

running (06m08.9s), 002/225 VUs, 3625 complete and 0 interrupted iterations
openloop_gradual   [  51% ] 002/225 VUs  06m08.9s/12m0s  25.23 iters/s

running (06m09.9s), 004/225 VUs, 3648 complete and 0 interrupted iterations
openloop_gradual   [  51% ] 004/225 VUs  06m09.9s/12m0s  25.32 iters/s

running (06m10.9s), 006/225 VUs, 3672 complete and 0 interrupted iterations
openloop_gradual   [  52% ] 006/225 VUs  06m10.9s/12m0s  25.41 iters/s

running (06m11.9s), 001/225 VUs, 3702 complete and 0 interrupted iterations
openloop_gradual   [  52% ] 001/225 VUs  06m11.9s/12m0s  25.51 iters/s

running (06m12.9s), 003/225 VUs, 3726 complete and 0 interrupted iterations
openloop_gradual   [  52% ] 003/225 VUs  06m12.9s/12m0s  25.60 iters/s

running (06m13.9s), 005/225 VUs, 3749 complete and 0 interrupted iterations
openloop_gradual   [  52% ] 005/225 VUs  06m13.9s/12m0s  25.69 iters/s

running (06m14.9s), 001/225 VUs, 3779 complete and 0 interrupted iterations
openloop_gradual   [  52% ] 001/225 VUs  06m14.9s/12m0s  25.79 iters/s

running (06m15.9s), 003/225 VUs, 3803 complete and 0 interrupted iterations
openloop_gradual   [  52% ] 003/225 VUs  06m15.9s/12m0s  25.88 iters/s

running (06m16.9s), 003/225 VUs, 3829 complete and 0 interrupted iterations
openloop_gradual   [  52% ] 003/225 VUs  06m16.9s/12m0s  25.97 iters/s

running (06m17.9s), 006/225 VUs, 3852 complete and 0 interrupted iterations
openloop_gradual   [  52% ] 006/225 VUs  06m17.9s/12m0s  26.07 iters/s

running (06m18.9s), 003/225 VUs, 3881 complete and 0 interrupted iterations
openloop_gradual   [  53% ] 003/225 VUs  06m18.9s/12m0s  26.16 iters/s

running (06m19.9s), 001/225 VUs, 3909 complete and 0 interrupted iterations
openloop_gradual   [  53% ] 001/225 VUs  06m19.9s/12m0s  26.25 iters/s

running (06m20.9s), 004/225 VUs, 3933 complete and 0 interrupted iterations
openloop_gradual   [  53% ] 004/225 VUs  06m20.9s/12m0s  26.35 iters/s

running (06m21.9s), 006/225 VUs, 3957 complete and 0 interrupted iterations
openloop_gradual   [  53% ] 006/225 VUs  06m21.9s/12m0s  26.44 iters/s

running (06m22.9s), 006/225 VUs, 3983 complete and 0 interrupted iterations
openloop_gradual   [  53% ] 006/225 VUs  06m22.9s/12m0s  26.53 iters/s

running (06m23.9s), 004/225 VUs, 4012 complete and 0 interrupted iterations
openloop_gradual   [  53% ] 004/225 VUs  06m23.9s/12m0s  26.63 iters/s

running (06m24.9s), 002/225 VUs, 4041 complete and 0 interrupted iterations
openloop_gradual   [  53% ] 002/225 VUs  06m24.9s/12m0s  26.72 iters/s

running (06m25.9s), 004/225 VUs, 4065 complete and 0 interrupted iterations
openloop_gradual   [  54% ] 004/225 VUs  06m25.9s/12m0s  26.81 iters/s

running (06m26.9s), 002/225 VUs, 4094 complete and 0 interrupted iterations
openloop_gradual   [  54% ] 002/225 VUs  06m26.9s/12m0s  26.91 iters/s

running (06m27.9s), 006/225 VUs, 4117 complete and 0 interrupted iterations
openloop_gradual   [  54% ] 006/225 VUs  06m27.9s/12m0s  27.00 iters/s

running (06m28.9s), 001/225 VUs, 4149 complete and 0 interrupted iterations
openloop_gradual   [  54% ] 001/225 VUs  06m28.9s/12m0s  27.09 iters/s

running (06m29.9s), 001/225 VUs, 4176 complete and 0 interrupted iterations
openloop_gradual   [  54% ] 001/225 VUs  06m29.9s/12m0s  27.18 iters/s

running (06m30.9s), 003/225 VUs, 4202 complete and 0 interrupted iterations
openloop_gradual   [  54% ] 003/225 VUs  06m30.9s/12m0s  27.28 iters/s

running (06m31.9s), 004/225 VUs, 4228 complete and 0 interrupted iterations
openloop_gradual   [  54% ] 004/225 VUs  06m31.9s/12m0s  27.37 iters/s

running (06m32.9s), 006/225 VUs, 4253 complete and 0 interrupted iterations
openloop_gradual   [  55% ] 006/225 VUs  06m32.9s/12m0s  27.46 iters/s

running (06m33.9s), 005/225 VUs, 4282 complete and 0 interrupted iterations
openloop_gradual   [  55% ] 005/225 VUs  06m33.9s/12m0s  27.56 iters/s

running (06m34.9s), 003/225 VUs, 4312 complete and 0 interrupted iterations
openloop_gradual   [  55% ] 003/225 VUs  06m34.9s/12m0s  27.65 iters/s

running (06m35.9s), 003/225 VUs, 4339 complete and 0 interrupted iterations
openloop_gradual   [  55% ] 003/225 VUs  06m35.9s/12m0s  27.75 iters/s

running (06m36.9s), 002/225 VUs, 4368 complete and 0 interrupted iterations
openloop_gradual   [  55% ] 002/225 VUs  06m36.9s/12m0s  27.84 iters/s

running (06m37.9s), 001/225 VUs, 4397 complete and 0 interrupted iterations
openloop_gradual   [  55% ] 001/225 VUs  06m37.9s/12m0s  27.93 iters/s

running (06m38.9s), 002/225 VUs, 4424 complete and 0 interrupted iterations
openloop_gradual   [  55% ] 002/225 VUs  06m38.9s/12m0s  28.03 iters/s

running (06m39.9s), 003/225 VUs, 4451 complete and 0 interrupted iterations
openloop_gradual   [  56% ] 003/225 VUs  06m39.9s/12m0s  28.12 iters/s

running (06m40.9s), 002/225 VUs, 4480 complete and 0 interrupted iterations
openloop_gradual   [  56% ] 002/225 VUs  06m40.9s/12m0s  28.21 iters/s

running (06m41.9s), 003/225 VUs, 4507 complete and 0 interrupted iterations
openloop_gradual   [  56% ] 003/225 VUs  06m41.9s/12m0s  28.30 iters/s

running (06m42.9s), 007/225 VUs, 4532 complete and 0 interrupted iterations
openloop_gradual   [  56% ] 007/225 VUs  06m42.9s/12m0s  28.40 iters/s

running (06m43.9s), 006/225 VUs, 4561 complete and 0 interrupted iterations
openloop_gradual   [  56% ] 006/225 VUs  06m43.9s/12m0s  28.49 iters/s

running (06m44.9s), 008/225 VUs, 4588 complete and 0 interrupted iterations
openloop_gradual   [  56% ] 008/225 VUs  06m44.9s/12m0s  28.59 iters/s

running (06m45.9s), 004/225 VUs, 4620 complete and 0 interrupted iterations
openloop_gradual   [  56% ] 004/225 VUs  06m45.9s/12m0s  28.68 iters/s

running (06m46.9s), 010/225 VUs, 4643 complete and 0 interrupted iterations
openloop_gradual   [  57% ] 010/225 VUs  06m46.9s/12m0s  28.77 iters/s

running (06m47.9s), 001/225 VUs, 4681 complete and 0 interrupted iterations
openloop_gradual   [  57% ] 001/225 VUs  06m47.9s/12m0s  28.87 iters/s

running (06m48.9s), 000/225 VUs, 4711 complete and 0 interrupted iterations
openloop_gradual   [  57% ] 000/225 VUs  06m48.9s/12m0s  28.96 iters/s

running (06m49.9s), 006/225 VUs, 4734 complete and 0 interrupted iterations
openloop_gradual   [  57% ] 006/225 VUs  06m49.9s/12m0s  29.05 iters/s

running (06m50.9s), 003/225 VUs, 4766 complete and 0 interrupted iterations
openloop_gradual   [  57% ] 003/225 VUs  06m50.9s/12m0s  29.15 iters/s

running (06m51.9s), 003/225 VUs, 4795 complete and 0 interrupted iterations
openloop_gradual   [  57% ] 003/225 VUs  06m51.9s/12m0s  29.24 iters/s

running (06m52.9s), 001/225 VUs, 4826 complete and 0 interrupted iterations
openloop_gradual   [  57% ] 001/225 VUs  06m52.9s/12m0s  29.33 iters/s

running (06m53.9s), 008/225 VUs, 4849 complete and 0 interrupted iterations
openloop_gradual   [  57% ] 008/225 VUs  06m53.9s/12m0s  29.43 iters/s

running (06m54.9s), 008/225 VUs, 4878 complete and 0 interrupted iterations
openloop_gradual   [  58% ] 008/225 VUs  06m54.9s/12m0s  29.52 iters/s

running (06m55.9s), 003/225 VUs, 4913 complete and 0 interrupted iterations
openloop_gradual   [  58% ] 003/225 VUs  06m55.9s/12m0s  29.61 iters/s

running (06m56.9s), 001/225 VUs, 4944 complete and 0 interrupted iterations
openloop_gradual   [  58% ] 001/225 VUs  06m56.9s/12m0s  29.70 iters/s

running (06m57.9s), 000/225 VUs, 4975 complete and 0 interrupted iterations
openloop_gradual   [  58% ] 000/225 VUs  06m57.9s/12m0s  29.80 iters/s

running (06m58.9s), 000/225 VUs, 5005 complete and 0 interrupted iterations
openloop_gradual   [  58% ] 000/225 VUs  06m58.9s/12m0s  29.89 iters/s

running (06m59.9s), 001/225 VUs, 5034 complete and 0 interrupted iterations
openloop_gradual   [  58% ] 001/225 VUs  06m59.9s/12m0s  29.99 iters/s

running (07m00.9s), 003/225 VUs, 5062 complete and 0 interrupted iterations
openloop_gradual   [  58% ] 003/225 VUs  07m00.9s/12m0s  30.00 iters/s

running (07m01.9s), 002/225 VUs, 5093 complete and 0 interrupted iterations
openloop_gradual   [  59% ] 002/225 VUs  07m01.9s/12m0s  30.00 iters/s

running (07m02.9s), 002/225 VUs, 5123 complete and 0 interrupted iterations
openloop_gradual   [  59% ] 002/225 VUs  07m02.9s/12m0s  30.00 iters/s

running (07m03.9s), 002/225 VUs, 5153 complete and 0 interrupted iterations
openloop_gradual   [  59% ] 002/225 VUs  07m03.9s/12m0s  30.00 iters/s

running (07m04.9s), 002/225 VUs, 5183 complete and 0 interrupted iterations
openloop_gradual   [  59% ] 002/225 VUs  07m04.9s/12m0s  30.00 iters/s

running (07m05.9s), 006/225 VUs, 5209 complete and 0 interrupted iterations
openloop_gradual   [  59% ] 006/225 VUs  07m05.9s/12m0s  30.00 iters/s

running (07m06.9s), 000/225 VUs, 5245 complete and 0 interrupted iterations
openloop_gradual   [  59% ] 000/225 VUs  07m06.9s/12m0s  30.00 iters/s

running (07m07.9s), 004/225 VUs, 5271 complete and 0 interrupted iterations
openloop_gradual   [  59% ] 004/225 VUs  07m07.9s/12m0s  30.00 iters/s

running (07m08.9s), 009/225 VUs, 5296 complete and 0 interrupted iterations
openloop_gradual   [  60% ] 009/225 VUs  07m08.9s/12m0s  30.00 iters/s

running (07m09.9s), 003/225 VUs, 5332 complete and 0 interrupted iterations
openloop_gradual   [  60% ] 003/225 VUs  07m09.9s/12m0s  30.00 iters/s

running (07m10.9s), 004/225 VUs, 5361 complete and 0 interrupted iterations
openloop_gradual   [  60% ] 004/225 VUs  07m10.9s/12m0s  30.00 iters/s

running (07m11.9s), 000/225 VUs, 5395 complete and 0 interrupted iterations
openloop_gradual   [  60% ] 000/225 VUs  07m11.9s/12m0s  30.00 iters/s

running (07m12.9s), 000/225 VUs, 5425 complete and 0 interrupted iterations
openloop_gradual   [  60% ] 000/225 VUs  07m12.9s/12m0s  30.00 iters/s

running (07m13.9s), 002/225 VUs, 5453 complete and 0 interrupted iterations
openloop_gradual   [  60% ] 002/225 VUs  07m13.9s/12m0s  30.00 iters/s

running (07m14.9s), 000/225 VUs, 5485 complete and 0 interrupted iterations
openloop_gradual   [  60% ] 000/225 VUs  07m14.9s/12m0s  30.00 iters/s

running (07m15.9s), 002/225 VUs, 5513 complete and 0 interrupted iterations
openloop_gradual   [  61% ] 002/225 VUs  07m15.9s/12m0s  30.00 iters/s

running (07m16.9s), 001/225 VUs, 5544 complete and 0 interrupted iterations
openloop_gradual   [  61% ] 001/225 VUs  07m16.9s/12m0s  30.00 iters/s

running (07m17.9s), 002/225 VUs, 5573 complete and 0 interrupted iterations
openloop_gradual   [  61% ] 002/225 VUs  07m17.9s/12m0s  30.00 iters/s

running (07m18.9s), 009/225 VUs, 5596 complete and 0 interrupted iterations
openloop_gradual   [  61% ] 009/225 VUs  07m18.9s/12m0s  30.00 iters/s

running (07m19.9s), 007/225 VUs, 5628 complete and 0 interrupted iterations
openloop_gradual   [  61% ] 007/225 VUs  07m19.9s/12m0s  30.00 iters/s

running (07m20.9s), 006/225 VUs, 5659 complete and 0 interrupted iterations
openloop_gradual   [  61% ] 006/225 VUs  07m20.9s/12m0s  30.00 iters/s

running (07m21.9s), 008/225 VUs, 5687 complete and 0 interrupted iterations
openloop_gradual   [  61% ] 008/225 VUs  07m21.9s/12m0s  30.00 iters/s

running (07m22.9s), 010/225 VUs, 5715 complete and 0 interrupted iterations
openloop_gradual   [  62% ] 010/225 VUs  07m22.9s/12m0s  30.00 iters/s

running (07m23.9s), 007/225 VUs, 5748 complete and 0 interrupted iterations
openloop_gradual   [  62% ] 007/225 VUs  07m23.9s/12m0s  30.00 iters/s

running (07m24.9s), 005/225 VUs, 5780 complete and 0 interrupted iterations
openloop_gradual   [  62% ] 005/225 VUs  07m24.9s/12m0s  30.00 iters/s

running (07m25.9s), 002/225 VUs, 5813 complete and 0 interrupted iterations
openloop_gradual   [  62% ] 002/225 VUs  07m25.9s/12m0s  30.00 iters/s

running (07m26.9s), 003/225 VUs, 5842 complete and 0 interrupted iterations
openloop_gradual   [  62% ] 003/225 VUs  07m26.9s/12m0s  30.00 iters/s

running (07m27.9s), 005/225 VUs, 5870 complete and 0 interrupted iterations
openloop_gradual   [  62% ] 005/225 VUs  07m27.9s/12m0s  30.00 iters/s

running (07m28.9s), 007/225 VUs, 5898 complete and 0 interrupted iterations
openloop_gradual   [  62% ] 007/225 VUs  07m28.9s/12m0s  30.00 iters/s

running (07m29.9s), 003/225 VUs, 5932 complete and 0 interrupted iterations
openloop_gradual   [  62% ] 003/225 VUs  07m29.9s/12m0s  30.00 iters/s

running (07m30.9s), 003/225 VUs, 5962 complete and 0 interrupted iterations
openloop_gradual   [  63% ] 003/225 VUs  07m30.9s/12m0s  30.00 iters/s

running (07m31.9s), 002/225 VUs, 5993 complete and 0 interrupted iterations
openloop_gradual   [  63% ] 002/225 VUs  07m31.9s/12m0s  30.00 iters/s

running (07m32.9s), 001/225 VUs, 6024 complete and 0 interrupted iterations
openloop_gradual   [  63% ] 001/225 VUs  07m32.9s/12m0s  30.00 iters/s

running (07m33.9s), 003/225 VUs, 6052 complete and 0 interrupted iterations
openloop_gradual   [  63% ] 003/225 VUs  07m33.9s/12m0s  30.00 iters/s

running (07m34.9s), 002/225 VUs, 6083 complete and 0 interrupted iterations
openloop_gradual   [  63% ] 002/225 VUs  07m34.9s/12m0s  30.00 iters/s

running (07m35.9s), 007/225 VUs, 6108 complete and 0 interrupted iterations
openloop_gradual   [  63% ] 007/225 VUs  07m35.9s/12m0s  30.00 iters/s

running (07m36.9s), 008/225 VUs, 6137 complete and 0 interrupted iterations
openloop_gradual   [  63% ] 008/225 VUs  07m36.9s/12m0s  30.00 iters/s

running (07m37.9s), 005/225 VUs, 6170 complete and 0 interrupted iterations
openloop_gradual   [  64% ] 005/225 VUs  07m37.9s/12m0s  30.00 iters/s

running (07m38.9s), 007/225 VUs, 6198 complete and 0 interrupted iterations
openloop_gradual   [  64% ] 007/225 VUs  07m38.9s/12m0s  30.00 iters/s

running (07m39.9s), 004/225 VUs, 6231 complete and 0 interrupted iterations
openloop_gradual   [  64% ] 004/225 VUs  07m39.9s/12m0s  30.00 iters/s

running (07m40.9s), 005/225 VUs, 6260 complete and 0 interrupted iterations
openloop_gradual   [  64% ] 005/225 VUs  07m40.9s/12m0s  30.00 iters/s

running (07m41.9s), 005/225 VUs, 6290 complete and 0 interrupted iterations
openloop_gradual   [  64% ] 005/225 VUs  07m41.9s/12m0s  30.00 iters/s

running (07m42.9s), 002/225 VUs, 6323 complete and 0 interrupted iterations
openloop_gradual   [  64% ] 002/225 VUs  07m42.9s/12m0s  30.00 iters/s

running (07m43.9s), 006/225 VUs, 6349 complete and 0 interrupted iterations
openloop_gradual   [  64% ] 006/225 VUs  07m43.9s/12m0s  30.00 iters/s

running (07m44.9s), 002/225 VUs, 6383 complete and 0 interrupted iterations
openloop_gradual   [  65% ] 002/225 VUs  07m44.9s/12m0s  30.00 iters/s

running (07m45.9s), 003/225 VUs, 6412 complete and 0 interrupted iterations
openloop_gradual   [  65% ] 003/225 VUs  07m45.9s/12m0s  30.00 iters/s

running (07m46.9s), 005/225 VUs, 6440 complete and 0 interrupted iterations
openloop_gradual   [  65% ] 005/225 VUs  07m46.9s/12m0s  30.00 iters/s

running (07m47.9s), 009/225 VUs, 6466 complete and 0 interrupted iterations
openloop_gradual   [  65% ] 009/225 VUs  07m47.9s/12m0s  30.00 iters/s

running (07m48.9s), 010/225 VUs, 6495 complete and 0 interrupted iterations
openloop_gradual   [  65% ] 010/225 VUs  07m48.9s/12m0s  30.00 iters/s

running (07m49.9s), 009/225 VUs, 6526 complete and 0 interrupted iterations
openloop_gradual   [  65% ] 009/225 VUs  07m49.9s/12m0s  30.00 iters/s

running (07m50.9s), 007/225 VUs, 6558 complete and 0 interrupted iterations
openloop_gradual   [  65% ] 007/225 VUs  07m50.9s/12m0s  30.00 iters/s

running (07m51.9s), 001/225 VUs, 6594 complete and 0 interrupted iterations
openloop_gradual   [  66% ] 001/225 VUs  07m51.9s/12m0s  30.00 iters/s

running (07m52.9s), 008/225 VUs, 6617 complete and 0 interrupted iterations
openloop_gradual   [  66% ] 008/225 VUs  07m52.9s/12m0s  30.00 iters/s

running (07m53.9s), 005/225 VUs, 6650 complete and 0 interrupted iterations
openloop_gradual   [  66% ] 005/225 VUs  07m53.9s/12m0s  30.00 iters/s

running (07m54.9s), 003/225 VUs, 6682 complete and 0 interrupted iterations
openloop_gradual   [  66% ] 003/225 VUs  07m54.9s/12m0s  30.00 iters/s

running (07m55.9s), 002/225 VUs, 6713 complete and 0 interrupted iterations
openloop_gradual   [  66% ] 002/225 VUs  07m55.9s/12m0s  30.00 iters/s

running (07m56.9s), 005/225 VUs, 6740 complete and 0 interrupted iterations
openloop_gradual   [  66% ] 005/225 VUs  07m56.9s/12m0s  30.00 iters/s

running (07m57.9s), 008/225 VUs, 6767 complete and 0 interrupted iterations
openloop_gradual   [  66% ] 008/225 VUs  07m57.9s/12m0s  30.00 iters/s

running (07m58.9s), 003/225 VUs, 6802 complete and 0 interrupted iterations
openloop_gradual   [  67% ] 003/225 VUs  07m58.9s/12m0s  30.00 iters/s

running (07m59.9s), 005/225 VUs, 6830 complete and 0 interrupted iterations
openloop_gradual   [  67% ] 005/225 VUs  07m59.9s/12m0s  30.00 iters/s

running (08m00.9s), 004/225 VUs, 6861 complete and 0 interrupted iterations
openloop_gradual   [  67% ] 004/225 VUs  08m00.9s/12m0s  30.00 iters/s

running (08m01.9s), 000/225 VUs, 6895 complete and 0 interrupted iterations
openloop_gradual   [  67% ] 000/225 VUs  08m01.9s/12m0s  30.00 iters/s

running (08m02.9s), 002/225 VUs, 6923 complete and 0 interrupted iterations
openloop_gradual   [  67% ] 002/225 VUs  08m02.9s/12m0s  30.00 iters/s

running (08m03.9s), 006/225 VUs, 6949 complete and 0 interrupted iterations
openloop_gradual   [  67% ] 006/225 VUs  08m03.9s/12m0s  30.00 iters/s

running (08m04.9s), 001/225 VUs, 6984 complete and 0 interrupted iterations
openloop_gradual   [  67% ] 001/225 VUs  08m04.9s/12m0s  30.00 iters/s

running (08m05.9s), 004/225 VUs, 7011 complete and 0 interrupted iterations
openloop_gradual   [  67% ] 004/225 VUs  08m05.9s/12m0s  30.00 iters/s

running (08m06.9s), 006/225 VUs, 7039 complete and 0 interrupted iterations
openloop_gradual   [  68% ] 006/225 VUs  08m06.9s/12m0s  30.00 iters/s

running (08m07.9s), 001/225 VUs, 7074 complete and 0 interrupted iterations
openloop_gradual   [  68% ] 001/225 VUs  08m07.9s/12m0s  30.00 iters/s

running (08m08.9s), 002/225 VUs, 7103 complete and 0 interrupted iterations
openloop_gradual   [  68% ] 002/225 VUs  08m08.9s/12m0s  30.00 iters/s

running (08m09.9s), 002/225 VUs, 7133 complete and 0 interrupted iterations
openloop_gradual   [  68% ] 002/225 VUs  08m09.9s/12m0s  30.00 iters/s

running (08m10.9s), 002/225 VUs, 7163 complete and 0 interrupted iterations
openloop_gradual   [  68% ] 002/225 VUs  08m10.9s/12m0s  30.00 iters/s

running (08m11.9s), 004/225 VUs, 7191 complete and 0 interrupted iterations
openloop_gradual   [  68% ] 004/225 VUs  08m11.9s/12m0s  30.00 iters/s

running (08m12.9s), 005/225 VUs, 7220 complete and 0 interrupted iterations
openloop_gradual   [  68% ] 005/225 VUs  08m12.9s/12m0s  30.00 iters/s

running (08m13.9s), 005/225 VUs, 7250 complete and 0 interrupted iterations
openloop_gradual   [  69% ] 005/225 VUs  08m13.9s/12m0s  30.00 iters/s

running (08m14.9s), 003/225 VUs, 7282 complete and 0 interrupted iterations
openloop_gradual   [  69% ] 003/225 VUs  08m14.9s/12m0s  30.00 iters/s

running (08m15.9s), 002/225 VUs, 7313 complete and 0 interrupted iterations
openloop_gradual   [  69% ] 002/225 VUs  08m15.9s/12m0s  30.00 iters/s

running (08m16.9s), 003/225 VUs, 7342 complete and 0 interrupted iterations
openloop_gradual   [  69% ] 003/225 VUs  08m16.9s/12m0s  30.00 iters/s

running (08m17.9s), 002/225 VUs, 7373 complete and 0 interrupted iterations
openloop_gradual   [  69% ] 002/225 VUs  08m17.9s/12m0s  30.00 iters/s

running (08m18.9s), 001/225 VUs, 7404 complete and 0 interrupted iterations
openloop_gradual   [  69% ] 001/225 VUs  08m18.9s/12m0s  30.00 iters/s

running (08m19.9s), 002/225 VUs, 7433 complete and 0 interrupted iterations
openloop_gradual   [  69% ] 002/225 VUs  08m19.9s/12m0s  30.00 iters/s

running (08m20.9s), 001/225 VUs, 7464 complete and 0 interrupted iterations
openloop_gradual   [  70% ] 001/225 VUs  08m20.9s/12m0s  30.00 iters/s

running (08m21.9s), 001/225 VUs, 7494 complete and 0 interrupted iterations
openloop_gradual   [  70% ] 001/225 VUs  08m21.9s/12m0s  30.00 iters/s

running (08m22.9s), 002/225 VUs, 7523 complete and 0 interrupted iterations
openloop_gradual   [  70% ] 002/225 VUs  08m22.9s/12m0s  30.00 iters/s

running (08m23.9s), 003/225 VUs, 7552 complete and 0 interrupted iterations
openloop_gradual   [  70% ] 003/225 VUs  08m23.9s/12m0s  30.00 iters/s

running (08m24.9s), 002/225 VUs, 7583 complete and 0 interrupted iterations
openloop_gradual   [  70% ] 002/225 VUs  08m24.9s/12m0s  30.00 iters/s

running (08m25.9s), 003/225 VUs, 7612 complete and 0 interrupted iterations
openloop_gradual   [  70% ] 003/225 VUs  08m25.9s/12m0s  30.00 iters/s

running (08m26.9s), 008/225 VUs, 7637 complete and 0 interrupted iterations
openloop_gradual   [  70% ] 008/225 VUs  08m26.9s/12m0s  30.00 iters/s

running (08m27.9s), 004/225 VUs, 7671 complete and 0 interrupted iterations
openloop_gradual   [  71% ] 004/225 VUs  08m27.9s/12m0s  30.00 iters/s

running (08m28.9s), 005/225 VUs, 7700 complete and 0 interrupted iterations
openloop_gradual   [  71% ] 005/225 VUs  08m28.9s/12m0s  30.00 iters/s

running (08m29.9s), 002/225 VUs, 7733 complete and 0 interrupted iterations
openloop_gradual   [  71% ] 002/225 VUs  08m29.9s/12m0s  30.00 iters/s

running (08m30.9s), 005/225 VUs, 7760 complete and 0 interrupted iterations
openloop_gradual   [  71% ] 005/225 VUs  08m30.9s/12m0s  30.00 iters/s

running (08m31.9s), 002/225 VUs, 7793 complete and 0 interrupted iterations
openloop_gradual   [  71% ] 002/225 VUs  08m31.9s/12m0s  30.00 iters/s

running (08m32.9s), 003/225 VUs, 7822 complete and 0 interrupted iterations
openloop_gradual   [  71% ] 003/225 VUs  08m32.9s/12m0s  30.00 iters/s

running (08m33.9s), 002/225 VUs, 7853 complete and 0 interrupted iterations
openloop_gradual   [  71% ] 002/225 VUs  08m33.9s/12m0s  30.00 iters/s

running (08m34.9s), 000/225 VUs, 7885 complete and 0 interrupted iterations
openloop_gradual   [  72% ] 000/225 VUs  08m34.9s/12m0s  30.00 iters/s

running (08m35.9s), 001/225 VUs, 7914 complete and 0 interrupted iterations
openloop_gradual   [  72% ] 001/225 VUs  08m35.9s/12m0s  30.00 iters/s

running (08m36.9s), 003/225 VUs, 7942 complete and 0 interrupted iterations
openloop_gradual   [  72% ] 003/225 VUs  08m36.9s/12m0s  30.00 iters/s

running (08m37.9s), 001/225 VUs, 7974 complete and 0 interrupted iterations
openloop_gradual   [  72% ] 001/225 VUs  08m37.9s/12m0s  30.00 iters/s

running (08m38.9s), 004/225 VUs, 8001 complete and 0 interrupted iterations
openloop_gradual   [  72% ] 004/225 VUs  08m38.9s/12m0s  30.00 iters/s

running (08m39.9s), 005/225 VUs, 8030 complete and 0 interrupted iterations
openloop_gradual   [  72% ] 005/225 VUs  08m39.9s/12m0s  30.00 iters/s

running (08m40.9s), 002/225 VUs, 8063 complete and 0 interrupted iterations
openloop_gradual   [  72% ] 002/225 VUs  08m40.9s/12m0s  30.00 iters/s

running (08m41.9s), 005/225 VUs, 8090 complete and 0 interrupted iterations
openloop_gradual   [  72% ] 005/225 VUs  08m41.9s/12m0s  30.00 iters/s

running (08m42.9s), 004/225 VUs, 8121 complete and 0 interrupted iterations
openloop_gradual   [  73% ] 004/225 VUs  08m42.9s/12m0s  30.00 iters/s

running (08m43.9s), 003/225 VUs, 8152 complete and 0 interrupted iterations
openloop_gradual   [  73% ] 003/225 VUs  08m43.9s/12m0s  30.00 iters/s

running (08m44.9s), 000/225 VUs, 8185 complete and 0 interrupted iterations
openloop_gradual   [  73% ] 000/225 VUs  08m44.9s/12m0s  30.00 iters/s

running (08m45.9s), 003/225 VUs, 8212 complete and 0 interrupted iterations
openloop_gradual   [  73% ] 003/225 VUs  08m45.9s/12m0s  30.00 iters/s

running (08m46.9s), 002/225 VUs, 8243 complete and 0 interrupted iterations
openloop_gradual   [  73% ] 002/225 VUs  08m46.9s/12m0s  30.00 iters/s

running (08m47.9s), 003/225 VUs, 8272 complete and 0 interrupted iterations
openloop_gradual   [  73% ] 003/225 VUs  08m47.9s/12m0s  30.00 iters/s

running (08m48.9s), 003/225 VUs, 8302 complete and 0 interrupted iterations
openloop_gradual   [  73% ] 003/225 VUs  08m48.9s/12m0s  30.00 iters/s

running (08m49.9s), 004/225 VUs, 8331 complete and 0 interrupted iterations
openloop_gradual   [  74% ] 004/225 VUs  08m49.9s/12m0s  30.00 iters/s

running (08m50.9s), 002/225 VUs, 8363 complete and 0 interrupted iterations
openloop_gradual   [  74% ] 002/225 VUs  08m50.9s/12m0s  30.00 iters/s

running (08m51.9s), 005/225 VUs, 8390 complete and 0 interrupted iterations
openloop_gradual   [  74% ] 005/225 VUs  08m51.9s/12m0s  30.00 iters/s

running (08m52.9s), 002/225 VUs, 8423 complete and 0 interrupted iterations
openloop_gradual   [  74% ] 002/225 VUs  08m52.9s/12m0s  30.00 iters/s

running (08m53.9s), 003/225 VUs, 8452 complete and 0 interrupted iterations
openloop_gradual   [  74% ] 003/225 VUs  08m53.9s/12m0s  30.00 iters/s

running (08m54.9s), 004/225 VUs, 8481 complete and 0 interrupted iterations
openloop_gradual   [  74% ] 004/225 VUs  08m54.9s/12m0s  30.00 iters/s

running (08m55.9s), 003/225 VUs, 8512 complete and 0 interrupted iterations
openloop_gradual   [  74% ] 003/225 VUs  08m55.9s/12m0s  30.00 iters/s

running (08m56.9s), 005/225 VUs, 8540 complete and 0 interrupted iterations
openloop_gradual   [  75% ] 005/225 VUs  08m56.9s/12m0s  30.00 iters/s

running (08m57.9s), 000/225 VUs, 8575 complete and 0 interrupted iterations
openloop_gradual   [  75% ] 000/225 VUs  08m57.9s/12m0s  30.00 iters/s

running (08m58.9s), 005/225 VUs, 8600 complete and 0 interrupted iterations
openloop_gradual   [  75% ] 005/225 VUs  08m58.9s/12m0s  30.00 iters/s

running (08m59.9s), 008/225 VUs, 8627 complete and 0 interrupted iterations
openloop_gradual   [  75% ] 008/225 VUs  08m59.9s/12m0s  30.00 iters/s

running (09m00.9s), 009/225 VUs, 8656 complete and 0 interrupted iterations
openloop_gradual   [  75% ] 009/225 VUs  09m00.9s/12m0s  29.86 iters/s

running (09m01.9s), 009/225 VUs, 8686 complete and 0 interrupted iterations
openloop_gradual   [  75% ] 009/225 VUs  09m01.9s/12m0s  29.69 iters/s

running (09m02.9s), 006/225 VUs, 8718 complete and 0 interrupted iterations
openloop_gradual   [  75% ] 006/225 VUs  09m02.9s/12m0s  29.53 iters/s

running (09m03.9s), 005/225 VUs, 8749 complete and 0 interrupted iterations
openloop_gradual   [  76% ] 005/225 VUs  09m03.9s/12m0s  29.36 iters/s

running (09m04.9s), 004/225 VUs, 8779 complete and 0 interrupted iterations
openloop_gradual   [  76% ] 004/225 VUs  09m04.9s/12m0s  29.19 iters/s

running (09m05.9s), 003/225 VUs, 8809 complete and 0 interrupted iterations
openloop_gradual   [  76% ] 003/225 VUs  09m05.9s/12m0s  29.03 iters/s

running (09m06.9s), 001/225 VUs, 8840 complete and 0 interrupted iterations
openloop_gradual   [  76% ] 001/225 VUs  09m06.9s/12m0s  28.86 iters/s

running (09m07.9s), 004/225 VUs, 8866 complete and 0 interrupted iterations
openloop_gradual   [  76% ] 004/225 VUs  09m07.9s/12m0s  28.69 iters/s

running (09m08.9s), 005/225 VUs, 8894 complete and 0 interrupted iterations
openloop_gradual   [  76% ] 005/225 VUs  09m08.9s/12m0s  28.52 iters/s

running (09m09.9s), 001/225 VUs, 8926 complete and 0 interrupted iterations
openloop_gradual   [  76% ] 001/225 VUs  09m09.9s/12m0s  28.36 iters/s

running (09m10.9s), 003/225 VUs, 8952 complete and 0 interrupted iterations
openloop_gradual   [  77% ] 003/225 VUs  09m10.9s/12m0s  28.19 iters/s

running (09m11.9s), 002/225 VUs, 8981 complete and 0 interrupted iterations
openloop_gradual   [  77% ] 002/225 VUs  09m11.9s/12m0s  28.03 iters/s

running (09m12.9s), 002/225 VUs, 9009 complete and 0 interrupted iterations
openloop_gradual   [  77% ] 002/225 VUs  09m12.9s/12m0s  27.86 iters/s

running (09m13.9s), 004/225 VUs, 9035 complete and 0 interrupted iterations
openloop_gradual   [  77% ] 004/225 VUs  09m13.9s/12m0s  27.69 iters/s

running (09m14.9s), 001/225 VUs, 9066 complete and 0 interrupted iterations
openloop_gradual   [  77% ] 001/225 VUs  09m14.9s/12m0s  27.52 iters/s

running (09m15.9s), 002/225 VUs, 9092 complete and 0 interrupted iterations
openloop_gradual   [  77% ] 002/225 VUs  09m15.9s/12m0s  27.36 iters/s

running (09m16.9s), 000/225 VUs, 9121 complete and 0 interrupted iterations
openloop_gradual   [  77% ] 000/225 VUs  09m16.9s/12m0s  27.19 iters/s

running (09m17.9s), 001/225 VUs, 9147 complete and 0 interrupted iterations
openloop_gradual   [  77% ] 001/225 VUs  09m17.9s/12m0s  27.03 iters/s

running (09m18.9s), 005/225 VUs, 9170 complete and 0 interrupted iterations
openloop_gradual   [  78% ] 005/225 VUs  09m18.9s/12m0s  26.86 iters/s

running (09m19.9s), 002/225 VUs, 9200 complete and 0 interrupted iterations
openloop_gradual   [  78% ] 002/225 VUs  09m19.9s/12m0s  26.69 iters/s

running (09m20.9s), 003/225 VUs, 9226 complete and 0 interrupted iterations
openloop_gradual   [  78% ] 003/225 VUs  09m20.9s/12m0s  26.52 iters/s

running (09m21.9s), 002/225 VUs, 9253 complete and 0 interrupted iterations
openloop_gradual   [  78% ] 002/225 VUs  09m21.9s/12m0s  26.36 iters/s

running (09m22.9s), 004/225 VUs, 9278 complete and 0 interrupted iterations
openloop_gradual   [  78% ] 004/225 VUs  09m22.9s/12m0s  26.19 iters/s

running (09m23.9s), 002/225 VUs, 9306 complete and 0 interrupted iterations
openloop_gradual   [  78% ] 002/225 VUs  09m23.9s/12m0s  26.02 iters/s

running (09m24.9s), 003/225 VUs, 9331 complete and 0 interrupted iterations
openloop_gradual   [  78% ] 003/225 VUs  09m24.9s/12m0s  25.86 iters/s

running (09m25.9s), 001/225 VUs, 9358 complete and 0 interrupted iterations
openloop_gradual   [  79% ] 001/225 VUs  09m25.9s/12m0s  25.69 iters/s

running (09m26.9s), 002/225 VUs, 9383 complete and 0 interrupted iterations
openloop_gradual   [  79% ] 002/225 VUs  09m26.9s/12m0s  25.52 iters/s

running (09m27.9s), 002/225 VUs, 9408 complete and 0 interrupted iterations
openloop_gradual   [  79% ] 002/225 VUs  09m27.9s/12m0s  25.36 iters/s

running (09m28.9s), 003/225 VUs, 9433 complete and 0 interrupted iterations
openloop_gradual   [  79% ] 003/225 VUs  09m28.9s/12m0s  25.19 iters/s

running (09m29.9s), 003/225 VUs, 9458 complete and 0 interrupted iterations
openloop_gradual   [  79% ] 003/225 VUs  09m29.9s/12m0s  25.02 iters/s

running (09m30.9s), 004/225 VUs, 9482 complete and 0 interrupted iterations
openloop_gradual   [  79% ] 004/225 VUs  09m30.9s/12m0s  24.86 iters/s

running (09m31.9s), 002/225 VUs, 9508 complete and 0 interrupted iterations
openloop_gradual   [  79% ] 002/225 VUs  09m31.9s/12m0s  24.69 iters/s

running (09m32.9s), 000/225 VUs, 9535 complete and 0 interrupted iterations
openloop_gradual   [  80% ] 000/225 VUs  09m32.9s/12m0s  24.53 iters/s

running (09m33.9s), 003/225 VUs, 9557 complete and 0 interrupted iterations
openloop_gradual   [  80% ] 003/225 VUs  09m33.9s/12m0s  24.36 iters/s

running (09m34.9s), 003/225 VUs, 9581 complete and 0 interrupted iterations
openloop_gradual   [  80% ] 003/225 VUs  09m34.9s/12m0s  24.19 iters/s

running (09m35.9s), 006/225 VUs, 9602 complete and 0 interrupted iterations
openloop_gradual   [  80% ] 006/225 VUs  09m35.9s/12m0s  24.02 iters/s

running (09m36.9s), 006/225 VUs, 9626 complete and 0 interrupted iterations
openloop_gradual   [  80% ] 006/225 VUs  09m36.9s/12m0s  23.86 iters/s

running (09m37.9s), 002/225 VUs, 9654 complete and 0 interrupted iterations
openloop_gradual   [  80% ] 002/225 VUs  09m37.9s/12m0s  23.69 iters/s

running (09m38.9s), 000/225 VUs, 9679 complete and 0 interrupted iterations
openloop_gradual   [  80% ] 000/225 VUs  09m38.9s/12m0s  23.53 iters/s

running (09m39.9s), 003/225 VUs, 9700 complete and 0 interrupted iterations
openloop_gradual   [  81% ] 003/225 VUs  09m39.9s/12m0s  23.36 iters/s

running (09m40.9s), 001/225 VUs, 9725 complete and 0 interrupted iterations
openloop_gradual   [  81% ] 001/225 VUs  09m40.9s/12m0s  23.19 iters/s

running (09m41.9s), 002/225 VUs, 9747 complete and 0 interrupted iterations
openloop_gradual   [  81% ] 002/225 VUs  09m41.9s/12m0s  23.03 iters/s

running (09m42.9s), 000/225 VUs, 9772 complete and 0 interrupted iterations
openloop_gradual   [  81% ] 000/225 VUs  09m42.9s/12m0s  22.86 iters/s

running (09m43.9s), 004/225 VUs, 9791 complete and 0 interrupted iterations
openloop_gradual   [  81% ] 004/225 VUs  09m43.9s/12m0s  22.69 iters/s

running (09m44.9s), 000/225 VUs, 9817 complete and 0 interrupted iterations
openloop_gradual   [  81% ] 000/225 VUs  09m44.9s/12m0s  22.53 iters/s

running (09m45.9s), 002/225 VUs, 9838 complete and 0 interrupted iterations
openloop_gradual   [  81% ] 002/225 VUs  09m45.9s/12m0s  22.36 iters/s

running (09m46.9s), 003/225 VUs, 9859 complete and 0 interrupted iterations
openloop_gradual   [  82% ] 003/225 VUs  09m46.9s/12m0s  22.19 iters/s

running (09m47.9s), 001/225 VUs, 9883 complete and 0 interrupted iterations
openloop_gradual   [  82% ] 001/225 VUs  09m47.9s/12m0s  22.03 iters/s

running (09m48.9s), 001/225 VUs, 9905 complete and 0 interrupted iterations
openloop_gradual   [  82% ] 001/225 VUs  09m48.9s/12m0s  21.86 iters/s

running (09m49.9s), 005/225 VUs, 9923 complete and 0 interrupted iterations
openloop_gradual   [  82% ] 005/225 VUs  09m49.9s/12m0s  21.69 iters/s

running (09m50.9s), 005/225 VUs, 9945 complete and 0 interrupted iterations
openloop_gradual   [  82% ] 005/225 VUs  09m50.9s/12m0s  21.52 iters/s

running (09m51.9s), 003/225 VUs, 9968 complete and 0 interrupted iterations
openloop_gradual   [  82% ] 003/225 VUs  09m51.9s/12m0s  21.36 iters/s

running (09m52.9s), 002/225 VUs, 9990 complete and 0 interrupted iterations
openloop_gradual   [  82% ] 002/225 VUs  09m52.9s/12m0s  21.19 iters/s

running (09m53.9s), 003/225 VUs, 10010 complete and 0 interrupted iterations
openloop_gradual   [  82% ] 003/225 VUs  09m53.9s/12m0s  21.03 iters/s

running (09m54.9s), 002/225 VUs, 10032 complete and 0 interrupted iterations
openloop_gradual   [  83% ] 002/225 VUs  09m54.9s/12m0s  20.86 iters/s

running (09m55.9s), 002/225 VUs, 10053 complete and 0 interrupted iterations
openloop_gradual   [  83% ] 002/225 VUs  09m55.9s/12m0s  20.69 iters/s

running (09m56.9s), 002/225 VUs, 10074 complete and 0 interrupted iterations
openloop_gradual   [  83% ] 002/225 VUs  09m56.9s/12m0s  20.52 iters/s

running (09m57.9s), 001/225 VUs, 10095 complete and 0 interrupted iterations
openloop_gradual   [  83% ] 001/225 VUs  09m57.9s/12m0s  20.36 iters/s

running (09m58.9s), 003/225 VUs, 10113 complete and 0 interrupted iterations
openloop_gradual   [  83% ] 003/225 VUs  09m58.9s/12m0s  20.19 iters/s

running (09m59.9s), 002/225 VUs, 10134 complete and 0 interrupted iterations
openloop_gradual   [  83% ] 002/225 VUs  09m59.9s/12m0s  20.03 iters/s

running (10m00.9s), 001/225 VUs, 10155 complete and 0 interrupted iterations
openloop_gradual   [  83% ] 001/225 VUs  10m00.9s/12m0s  19.86 iters/s

running (10m01.9s), 001/225 VUs, 10175 complete and 0 interrupted iterations
openloop_gradual   [  84% ] 001/225 VUs  10m01.9s/12m0s  19.69 iters/s

running (10m02.9s), 001/225 VUs, 10195 complete and 0 interrupted iterations
openloop_gradual   [  84% ] 001/225 VUs  10m02.9s/12m0s  19.52 iters/s

running (10m03.9s), 000/225 VUs, 10215 complete and 0 interrupted iterations
openloop_gradual   [  84% ] 000/225 VUs  10m03.9s/12m0s  19.36 iters/s

running (10m04.9s), 004/225 VUs, 10231 complete and 0 interrupted iterations
openloop_gradual   [  84% ] 004/225 VUs  10m04.9s/12m0s  19.19 iters/s

running (10m05.9s), 003/225 VUs, 10251 complete and 0 interrupted iterations
openloop_gradual   [  84% ] 003/225 VUs  10m05.9s/12m0s  19.02 iters/s

running (10m06.9s), 000/225 VUs, 10273 complete and 0 interrupted iterations
openloop_gradual   [  84% ] 000/225 VUs  10m06.9s/12m0s  18.85 iters/s

running (10m07.9s), 002/225 VUs, 10289 complete and 0 interrupted iterations
openloop_gradual   [  84% ] 002/225 VUs  10m07.9s/12m0s  18.69 iters/s

running (10m08.9s), 003/225 VUs, 10307 complete and 0 interrupted iterations
openloop_gradual   [  85% ] 003/225 VUs  10m08.9s/12m0s  18.52 iters/s

running (10m09.9s), 002/225 VUs, 10326 complete and 0 interrupted iterations
openloop_gradual   [  85% ] 002/225 VUs  10m09.9s/12m0s  18.36 iters/s

running (10m10.9s), 000/225 VUs, 10347 complete and 0 interrupted iterations
openloop_gradual   [  85% ] 000/225 VUs  10m10.9s/12m0s  18.19 iters/s

running (10m11.9s), 002/225 VUs, 10363 complete and 0 interrupted iterations
openloop_gradual   [  85% ] 002/225 VUs  10m11.9s/12m0s  18.02 iters/s

running (10m12.9s), 004/225 VUs, 10379 complete and 0 interrupted iterations
openloop_gradual   [  85% ] 004/225 VUs  10m12.9s/12m0s  17.86 iters/s

running (10m13.9s), 001/225 VUs, 10400 complete and 0 interrupted iterations
openloop_gradual   [  85% ] 001/225 VUs  10m13.9s/12m0s  17.69 iters/s

running (10m14.9s), 002/225 VUs, 10416 complete and 0 interrupted iterations
openloop_gradual   [  85% ] 002/225 VUs  10m14.9s/12m0s  17.53 iters/s

running (10m15.9s), 001/225 VUs, 10435 complete and 0 interrupted iterations
openloop_gradual   [  86% ] 001/225 VUs  10m15.9s/12m0s  17.35 iters/s

running (10m16.9s), 000/225 VUs, 10453 complete and 0 interrupted iterations
openloop_gradual   [  86% ] 000/225 VUs  10m16.9s/12m0s  17.19 iters/s

running (10m17.9s), 000/225 VUs, 10470 complete and 0 interrupted iterations
openloop_gradual   [  86% ] 000/225 VUs  10m17.9s/12m0s  17.02 iters/s

running (10m18.9s), 001/225 VUs, 10486 complete and 0 interrupted iterations
openloop_gradual   [  86% ] 001/225 VUs  10m18.9s/12m0s  16.86 iters/s

running (10m19.9s), 003/225 VUs, 10501 complete and 0 interrupted iterations
openloop_gradual   [  86% ] 003/225 VUs  10m19.9s/12m0s  16.69 iters/s

running (10m20.9s), 003/225 VUs, 10517 complete and 0 interrupted iterations
openloop_gradual   [  86% ] 003/225 VUs  10m20.9s/12m0s  16.53 iters/s

running (10m21.9s), 000/225 VUs, 10537 complete and 0 interrupted iterations
openloop_gradual   [  86% ] 000/225 VUs  10m21.9s/12m0s  16.36 iters/s

running (10m22.9s), 003/225 VUs, 10550 complete and 0 interrupted iterations
openloop_gradual   [  87% ] 003/225 VUs  10m22.9s/12m0s  16.19 iters/s

running (10m23.9s), 005/225 VUs, 10564 complete and 0 interrupted iterations
openloop_gradual   [  87% ] 005/225 VUs  10m23.9s/12m0s  16.03 iters/s

running (10m24.9s), 002/225 VUs, 10583 complete and 0 interrupted iterations
openloop_gradual   [  87% ] 002/225 VUs  10m24.9s/12m0s  15.86 iters/s

running (10m25.9s), 002/225 VUs, 10599 complete and 0 interrupted iterations
openloop_gradual   [  87% ] 002/225 VUs  10m25.9s/12m0s  15.69 iters/s

running (10m26.9s), 001/225 VUs, 10615 complete and 0 interrupted iterations
openloop_gradual   [  87% ] 001/225 VUs  10m26.9s/12m0s  15.53 iters/s

running (10m27.9s), 001/225 VUs, 10631 complete and 0 interrupted iterations
openloop_gradual   [  87% ] 001/225 VUs  10m27.9s/12m0s  15.36 iters/s

running (10m28.9s), 002/225 VUs, 10645 complete and 0 interrupted iterations
openloop_gradual   [  87% ] 002/225 VUs  10m28.9s/12m0s  15.19 iters/s

running (10m29.9s), 001/225 VUs, 10661 complete and 0 interrupted iterations
openloop_gradual   [  87% ] 001/225 VUs  10m29.9s/12m0s  15.03 iters/s

running (10m30.9s), 000/225 VUs, 10677 complete and 0 interrupted iterations
openloop_gradual   [  88% ] 000/225 VUs  10m30.9s/12m0s  14.86 iters/s

running (10m31.9s), 001/225 VUs, 10691 complete and 0 interrupted iterations
openloop_gradual   [  88% ] 001/225 VUs  10m31.9s/12m0s  14.69 iters/s

running (10m32.9s), 001/225 VUs, 10706 complete and 0 interrupted iterations
openloop_gradual   [  88% ] 001/225 VUs  10m32.9s/12m0s  14.52 iters/s

running (10m33.9s), 000/225 VUs, 10721 complete and 0 interrupted iterations
openloop_gradual   [  88% ] 000/225 VUs  10m33.9s/12m0s  14.36 iters/s

running (10m34.9s), 000/225 VUs, 10735 complete and 0 interrupted iterations
openloop_gradual   [  88% ] 000/225 VUs  10m34.9s/12m0s  14.20 iters/s

running (10m35.9s), 000/225 VUs, 10749 complete and 0 interrupted iterations
openloop_gradual   [  88% ] 000/225 VUs  10m35.9s/12m0s  14.03 iters/s

running (10m36.9s), 001/225 VUs, 10762 complete and 0 interrupted iterations
openloop_gradual   [  88% ] 001/225 VUs  10m36.9s/12m0s  13.86 iters/s

running (10m37.9s), 001/225 VUs, 10776 complete and 0 interrupted iterations
openloop_gradual   [  89% ] 001/225 VUs  10m37.9s/12m0s  13.69 iters/s

running (10m38.9s), 003/225 VUs, 10788 complete and 0 interrupted iterations
openloop_gradual   [  89% ] 003/225 VUs  10m38.9s/12m0s  13.52 iters/s

running (10m39.9s), 001/225 VUs, 10803 complete and 0 interrupted iterations
openloop_gradual   [  89% ] 001/225 VUs  10m39.9s/12m0s  13.36 iters/s

running (10m40.9s), 001/225 VUs, 10816 complete and 0 interrupted iterations
openloop_gradual   [  89% ] 001/225 VUs  10m40.9s/12m0s  13.20 iters/s

running (10m41.9s), 002/225 VUs, 10829 complete and 0 interrupted iterations
openloop_gradual   [  89% ] 002/225 VUs  10m41.9s/12m0s  13.02 iters/s

running (10m42.9s), 000/225 VUs, 10843 complete and 0 interrupted iterations
openloop_gradual   [  89% ] 000/225 VUs  10m42.9s/12m0s  12.86 iters/s

running (10m43.9s), 000/225 VUs, 10856 complete and 0 interrupted iterations
openloop_gradual   [  89% ] 000/225 VUs  10m43.9s/12m0s  12.70 iters/s

running (10m44.9s), 001/225 VUs, 10868 complete and 0 interrupted iterations
openloop_gradual   [  90% ] 001/225 VUs  10m44.9s/12m0s  12.52 iters/s

running (10m45.9s), 002/225 VUs, 10879 complete and 0 interrupted iterations
openloop_gradual   [  90% ] 002/225 VUs  10m45.9s/12m0s  12.36 iters/s

running (10m46.9s), 000/225 VUs, 10894 complete and 0 interrupted iterations
openloop_gradual   [  90% ] 000/225 VUs  10m46.9s/12m0s  12.19 iters/s

running (10m47.9s), 001/225 VUs, 10905 complete and 0 interrupted iterations
openloop_gradual   [  90% ] 001/225 VUs  10m47.9s/12m0s  12.02 iters/s

running (10m48.9s), 000/225 VUs, 10918 complete and 0 interrupted iterations
openloop_gradual   [  90% ] 000/225 VUs  10m48.9s/12m0s  11.85 iters/s

running (10m49.9s), 002/225 VUs, 10927 complete and 0 interrupted iterations
openloop_gradual   [  90% ] 002/225 VUs  10m49.9s/12m0s  11.70 iters/s

running (10m50.9s), 002/225 VUs, 10939 complete and 0 interrupted iterations
openloop_gradual   [  90% ] 002/225 VUs  10m50.9s/12m0s  11.53 iters/s

running (10m51.9s), 000/225 VUs, 10952 complete and 0 interrupted iterations
openloop_gradual   [  91% ] 000/225 VUs  10m51.9s/12m0s  11.37 iters/s

running (10m52.9s), 001/225 VUs, 10963 complete and 0 interrupted iterations
openloop_gradual   [  91% ] 001/225 VUs  10m52.9s/12m0s  11.19 iters/s

running (10m53.9s), 002/225 VUs, 10973 complete and 0 interrupted iterations
openloop_gradual   [  91% ] 002/225 VUs  10m53.9s/12m0s  11.02 iters/s

running (10m54.9s), 000/225 VUs, 10986 complete and 0 interrupted iterations
openloop_gradual   [  91% ] 000/225 VUs  10m54.9s/12m0s  10.86 iters/s

running (10m55.9s), 001/225 VUs, 10996 complete and 0 interrupted iterations
openloop_gradual   [  91% ] 001/225 VUs  10m55.9s/12m0s  10.68 iters/s

running (10m56.9s), 000/225 VUs, 11007 complete and 0 interrupted iterations
openloop_gradual   [  91% ] 000/225 VUs  10m56.9s/12m0s  10.53 iters/s

running (10m57.9s), 001/225 VUs, 11017 complete and 0 interrupted iterations
openloop_gradual   [  91% ] 001/225 VUs  10m57.9s/12m0s  10.35 iters/s

running (10m58.9s), 001/225 VUs, 11027 complete and 0 interrupted iterations
openloop_gradual   [  92% ] 001/225 VUs  10m58.9s/12m0s  10.19 iters/s

running (10m59.9s), 001/225 VUs, 11037 complete and 0 interrupted iterations
openloop_gradual   [  92% ] 001/225 VUs  10m59.9s/12m0s  10.02 iters/s

running (11m00.9s), 001/225 VUs, 11047 complete and 0 interrupted iterations
openloop_gradual   [  92% ] 001/225 VUs  11m00.9s/12m0s  09.86 iters/s

running (11m01.9s), 000/225 VUs, 11058 complete and 0 interrupted iterations
openloop_gradual   [  92% ] 000/225 VUs  11m01.9s/12m0s  09.69 iters/s

running (11m02.9s), 002/225 VUs, 11065 complete and 0 interrupted iterations
openloop_gradual   [  92% ] 002/225 VUs  11m02.9s/12m0s  09.53 iters/s

running (11m03.9s), 000/225 VUs, 11077 complete and 0 interrupted iterations
openloop_gradual   [  92% ] 000/225 VUs  11m03.9s/12m0s  09.35 iters/s

running (11m04.9s), 002/225 VUs, 11084 complete and 0 interrupted iterations
openloop_gradual   [  92% ] 002/225 VUs  11m04.9s/12m0s  09.19 iters/s

running (11m05.9s), 000/225 VUs, 11095 complete and 0 interrupted iterations
openloop_gradual   [  92% ] 000/225 VUs  11m05.9s/12m0s  09.03 iters/s

running (11m06.9s), 002/225 VUs, 11102 complete and 0 interrupted iterations
openloop_gradual   [  93% ] 002/225 VUs  11m06.9s/12m0s  08.86 iters/s

running (11m07.9s), 000/225 VUs, 11113 complete and 0 interrupted iterations
openloop_gradual   [  93% ] 000/225 VUs  11m07.9s/12m0s  08.69 iters/s

running (11m08.9s), 001/225 VUs, 11120 complete and 0 interrupted iterations
openloop_gradual   [  93% ] 001/225 VUs  11m08.9s/12m0s  08.53 iters/s

running (11m09.9s), 000/225 VUs, 11130 complete and 0 interrupted iterations
openloop_gradual   [  93% ] 000/225 VUs  11m09.9s/12m0s  08.36 iters/s

running (11m10.9s), 000/225 VUs, 11138 complete and 0 interrupted iterations
openloop_gradual   [  93% ] 000/225 VUs  11m10.9s/12m0s  08.20 iters/s

running (11m11.9s), 000/225 VUs, 11146 complete and 0 interrupted iterations
openloop_gradual   [  93% ] 000/225 VUs  11m11.9s/12m0s  08.03 iters/s

running (11m12.9s), 001/225 VUs, 11153 complete and 0 interrupted iterations
openloop_gradual   [  93% ] 001/225 VUs  11m12.9s/12m0s  07.86 iters/s

running (11m13.9s), 001/225 VUs, 11161 complete and 0 interrupted iterations
openloop_gradual   [  94% ] 001/225 VUs  11m13.9s/12m0s  07.69 iters/s

running (11m14.9s), 001/225 VUs, 11169 complete and 0 interrupted iterations
openloop_gradual   [  94% ] 001/225 VUs  11m14.9s/12m0s  07.52 iters/s

running (11m15.9s), 000/225 VUs, 11177 complete and 0 interrupted iterations
openloop_gradual   [  94% ] 000/225 VUs  11m15.9s/12m0s  07.36 iters/s

running (11m16.9s), 001/225 VUs, 11183 complete and 0 interrupted iterations
openloop_gradual   [  94% ] 001/225 VUs  11m16.9s/12m0s  07.20 iters/s

running (11m17.9s), 001/225 VUs, 11190 complete and 0 interrupted iterations
openloop_gradual   [  94% ] 001/225 VUs  11m17.9s/12m0s  07.04 iters/s

running (11m18.9s), 000/225 VUs, 11198 complete and 0 interrupted iterations
openloop_gradual   [  94% ] 000/225 VUs  11m18.9s/12m0s  06.87 iters/s

running (11m19.9s), 001/225 VUs, 11204 complete and 0 interrupted iterations
openloop_gradual   [  94% ] 001/225 VUs  11m19.9s/12m0s  06.70 iters/s

running (11m20.9s), 000/225 VUs, 11212 complete and 0 interrupted iterations
openloop_gradual   [  95% ] 000/225 VUs  11m20.9s/12m0s  06.52 iters/s

running (11m21.9s), 000/225 VUs, 11218 complete and 0 interrupted iterations
openloop_gradual   [  95% ] 000/225 VUs  11m21.9s/12m0s  06.36 iters/s

running (11m22.9s), 001/225 VUs, 11223 complete and 0 interrupted iterations
openloop_gradual   [  95% ] 001/225 VUs  11m22.9s/12m0s  06.20 iters/s

running (11m23.9s), 001/225 VUs, 11230 complete and 0 interrupted iterations
openloop_gradual   [  95% ] 001/225 VUs  11m23.9s/12m0s  06.01 iters/s

running (11m24.9s), 000/225 VUs, 11237 complete and 0 interrupted iterations
openloop_gradual   [  95% ] 000/225 VUs  11m24.9s/12m0s  05.85 iters/s

running (11m25.9s), 001/225 VUs, 11241 complete and 0 interrupted iterations
openloop_gradual   [  95% ] 001/225 VUs  11m25.9s/12m0s  05.70 iters/s

running (11m26.9s), 000/225 VUs, 11248 complete and 0 interrupted iterations
openloop_gradual   [  95% ] 000/225 VUs  11m26.9s/12m0s  05.52 iters/s

running (11m27.9s), 002/225 VUs, 11251 complete and 0 interrupted iterations
openloop_gradual   [  96% ] 002/225 VUs  11m27.9s/12m0s  05.37 iters/s

running (11m28.9s), 000/225 VUs, 11259 complete and 0 interrupted iterations
openloop_gradual   [  96% ] 000/225 VUs  11m28.9s/12m0s  05.18 iters/s

running (11m29.9s), 000/225 VUs, 11264 complete and 0 interrupted iterations
openloop_gradual   [  96% ] 000/225 VUs  11m29.9s/12m0s  05.02 iters/s

running (11m30.9s), 001/225 VUs, 11268 complete and 0 interrupted iterations
openloop_gradual   [  96% ] 001/225 VUs  11m30.9s/12m0s  04.85 iters/s

running (11m31.9s), 000/225 VUs, 11273 complete and 0 interrupted iterations
openloop_gradual   [  96% ] 000/225 VUs  11m31.9s/12m0s  04.71 iters/s

running (11m32.9s), 000/225 VUs, 11278 complete and 0 interrupted iterations
openloop_gradual   [  96% ] 000/225 VUs  11m32.9s/12m0s  04.53 iters/s

running (11m33.9s), 001/225 VUs, 11282 complete and 0 interrupted iterations
openloop_gradual   [  96% ] 001/225 VUs  11m33.9s/12m0s  04.34 iters/s

running (11m34.9s), 000/225 VUs, 11287 complete and 0 interrupted iterations
openloop_gradual   [  97% ] 000/225 VUs  11m34.9s/12m0s  04.18 iters/s

running (11m35.9s), 000/225 VUs, 11291 complete and 0 interrupted iterations
openloop_gradual   [  97% ] 000/225 VUs  11m35.9s/12m0s  04.02 iters/s

running (11m36.9s), 000/225 VUs, 11295 complete and 0 interrupted iterations
openloop_gradual   [  97% ] 000/225 VUs  11m36.9s/12m0s  03.85 iters/s

running (11m37.9s), 000/225 VUs, 11299 complete and 0 interrupted iterations
openloop_gradual   [  97% ] 000/225 VUs  11m37.9s/12m0s  03.67 iters/s

running (11m38.9s), 000/225 VUs, 11302 complete and 0 interrupted iterations
openloop_gradual   [  97% ] 000/225 VUs  11m38.9s/12m0s  03.54 iters/s

running (11m39.9s), 002/225 VUs, 11304 complete and 0 interrupted iterations
openloop_gradual   [  97% ] 002/225 VUs  11m39.9s/12m0s  03.34 iters/s

running (11m40.9s), 000/225 VUs, 11309 complete and 0 interrupted iterations
openloop_gradual   [  97% ] 000/225 VUs  11m40.9s/12m0s  03.19 iters/s

running (11m41.9s), 000/225 VUs, 11312 complete and 0 interrupted iterations
openloop_gradual   [  97% ] 000/225 VUs  11m41.9s/12m0s  03.03 iters/s

running (11m42.9s), 000/225 VUs, 11315 complete and 0 interrupted iterations
openloop_gradual   [  98% ] 000/225 VUs  11m42.9s/12m0s  02.86 iters/s

running (11m43.9s), 000/225 VUs, 11318 complete and 0 interrupted iterations
openloop_gradual   [  98% ] 000/225 VUs  11m43.9s/12m0s  02.68 iters/s

running (11m44.9s), 000/225 VUs, 11320 complete and 0 interrupted iterations
openloop_gradual   [  98% ] 000/225 VUs  11m44.9s/12m0s  02.55 iters/s

running (11m45.9s), 000/225 VUs, 11323 complete and 0 interrupted iterations
openloop_gradual   [  98% ] 000/225 VUs  11m45.9s/12m0s  02.34 iters/s

running (11m46.9s), 000/225 VUs, 11325 complete and 0 interrupted iterations
openloop_gradual   [  98% ] 000/225 VUs  11m46.9s/12m0s  02.20 iters/s

running (11m47.9s), 000/225 VUs, 11327 complete and 0 interrupted iterations
openloop_gradual   [  98% ] 000/225 VUs  11m47.9s/12m0s  02.04 iters/s

running (11m48.9s), 000/225 VUs, 11329 complete and 0 interrupted iterations
openloop_gradual   [  98% ] 000/225 VUs  11m48.9s/12m0s  01.87 iters/s

running (11m49.9s), 000/225 VUs, 11331 complete and 0 interrupted iterations
openloop_gradual   [  99% ] 000/225 VUs  11m49.9s/12m0s  01.68 iters/s

running (11m50.9s), 000/225 VUs, 11333 complete and 0 interrupted iterations
openloop_gradual   [  99% ] 000/225 VUs  11m50.9s/12m0s  01.47 iters/s

running (11m51.9s), 000/225 VUs, 11334 complete and 0 interrupted iterations
openloop_gradual   [  99% ] 000/225 VUs  11m51.9s/12m0s  01.35 iters/s

running (11m52.9s), 000/225 VUs, 11335 complete and 0 interrupted iterations
openloop_gradual   [  99% ] 000/225 VUs  11m52.9s/12m0s  01.22 iters/s

running (11m53.9s), 000/225 VUs, 11336 complete and 0 interrupted iterations
openloop_gradual   [  99% ] 000/225 VUs  11m53.9s/12m0s  01.08 iters/s

running (11m54.9s), 000/225 VUs, 11337 complete and 0 interrupted iterations
openloop_gradual   [  99% ] 000/225 VUs  11m54.9s/12m0s  00.91 iters/s

running (11m55.9s), 000/225 VUs, 11338 complete and 0 interrupted iterations
openloop_gradual   [  99% ] 000/225 VUs  11m55.9s/12m0s  00.70 iters/s

     ✓ login status is 200
     ✓ login returns access token
     ✗ login response time < 1000ms
      ↳  92% — ✓ 3059 / ✗ 261
     ✓ me status is 200
     ✓ me returns user data
     ✓ me response time < 500ms

     █ setup

     checks.........................: 99.23% ✓ 33756     ✗ 261  
     data_received..................: 5.9 MB 8.3 kB/s
     data_sent......................: 5.7 MB 7.9 kB/s
     http_req_blocked...............: avg=413.6µs  min=108.96µs med=205.66µs max=10.96ms  p(90)=1.13ms   p(95)=1.23ms   p(99)=2.14ms  
     http_req_connecting............: avg=362.36µs min=85.58µs  med=153.31µs max=10.66ms  p(90)=1.09ms   p(95)=1.18ms   p(99)=2.04ms  
     http_req_duration..............: avg=107.58ms min=2.31ms   med=5.29ms   max=3.87s    p(90)=493.51ms p(95)=589.23ms p(99)=1.41s   
       { expected_response:true }...: avg=107.58ms min=2.31ms   med=5.29ms   max=3.87s    p(90)=493.51ms p(95)=589.23ms p(99)=1.41s   
     http_req_failed................: 0.00%  ✓ 0         ✗ 11339
     http_req_receiving.............: avg=453.25µs min=32.69µs  med=110.91µs max=228.39ms p(90)=198.16µs p(95)=240.74µs p(99)=901.81µs
     http_req_sending...............: avg=46.63µs  min=18.56µs  med=45.46µs  max=373.58µs p(90)=59.86µs  p(95)=65.24µs  p(99)=79.17µs 
     http_req_tls_handshaking.......: avg=0s       min=0s       med=0s       max=0s       p(90)=0s       p(95)=0s       p(99)=0s      
     http_req_waiting...............: avg=107.08ms min=2.2ms    med=5.1ms    max=3.87s    p(90)=493.13ms p(95)=588.95ms p(99)=1.41s   
     http_reqs......................: 11339  15.824233/s
     iteration_duration.............: avg=108.2ms  min=3.29ms   med=5.8ms    max=3.87s    p(90)=494.4ms  p(95)=590.09ms p(99)=1.42s   
     iterations.....................: 11339  15.824233/s
     req_e2e_duration...............: avg=108.06ms min=3ms      med=6ms      max=3.87s    p(90)=494ms    p(95)=590ms    p(99)=1.41s   
     vus............................: 0      min=0       max=10 
     vus_max........................: 225    min=225     max=225


running (11m56.6s), 000/225 VUs, 11339 complete and 0 interrupted iterations
openloop_gradual ✗ [ 100% ] 000/225 VUs  11m56.5s/12m0s  00.70 iters/s
[openloop-wrapper] k6 exit code 0
