
          /\      |‾‾| /‾‾/   /‾‾/   
     /\  /  \     |  |/  /   /  /    
    /  \/    \    |     (   /   ‾‾\  
   /          \   |  |\  \ |  (‾)  | 
  / __________ \  |__| \__\ \_____/ .io

  execution: local
     script: /scripts/load-test.js
     output: json (/results/results.json.gz)

  scenarios: (100.00%) 1 scenario, 788 max VUs, 12m30s max duration (incl. graceful stop):
           * openloop_gradual: Up to 105.00 iterations/s for 12m0s over 4 stages (maxVUs: 788, gracefulStop: 30s)

time="2026-10-06T17:03:52Z" level=info msg="OPENLOOP_CONFIG service=shipping-rate-service pattern=gradual base_rate=10 peak_rate=105 timeout=5s vu_factor=1.5 openloop_gradual:ramping-arrival-rate:vus=788/788" source=console
time="2026-10-06T17:03:52Z" level=info msg="SCENARIO_START name=openloop_gradual start_ms=1791306232639" source=console

running (00m00.4s), 003/788 VUs, 0 complete and 0 interrupted iterations
openloop_gradual   [   0% ] 003/788 VUs  00m00.4s/12m0s  010.00 iters/s

running (00m01.4s), 008/788 VUs, 5 complete and 0 interrupted iterations
openloop_gradual   [   0% ] 008/788 VUs  00m01.4s/12m0s  010.00 iters/s

running (00m02.4s), 008/788 VUs, 15 complete and 0 interrupted iterations
openloop_gradual   [   0% ] 008/788 VUs  00m02.4s/12m0s  010.00 iters/s

running (00m03.4s), 006/788 VUs, 27 complete and 0 interrupted iterations
openloop_gradual   [   0% ] 006/788 VUs  00m03.4s/12m0s  010.00 iters/s

running (00m04.4s), 006/788 VUs, 37 complete and 0 interrupted iterations
openloop_gradual   [   1% ] 006/788 VUs  00m04.4s/12m0s  010.00 iters/s

running (00m05.4s), 008/788 VUs, 45 complete and 0 interrupted iterations
openloop_gradual   [   1% ] 008/788 VUs  00m05.4s/12m0s  010.00 iters/s

running (00m06.4s), 005/788 VUs, 58 complete and 0 interrupted iterations
openloop_gradual   [   1% ] 005/788 VUs  00m06.4s/12m0s  010.00 iters/s

running (00m07.4s), 006/788 VUs, 67 complete and 0 interrupted iterations
openloop_gradual   [   1% ] 006/788 VUs  00m07.4s/12m0s  010.00 iters/s

running (00m08.4s), 009/788 VUs, 74 complete and 0 interrupted iterations
openloop_gradual   [   1% ] 009/788 VUs  00m08.4s/12m0s  010.00 iters/s

running (00m09.4s), 008/788 VUs, 85 complete and 0 interrupted iterations
openloop_gradual   [   1% ] 008/788 VUs  00m09.4s/12m0s  010.00 iters/s

running (00m10.4s), 007/788 VUs, 96 complete and 0 interrupted iterations
openloop_gradual   [   1% ] 007/788 VUs  00m10.4s/12m0s  010.00 iters/s

running (00m11.4s), 007/788 VUs, 106 complete and 0 interrupted iterations
openloop_gradual   [   2% ] 007/788 VUs  00m11.4s/12m0s  010.00 iters/s

running (00m12.4s), 007/788 VUs, 116 complete and 0 interrupted iterations
openloop_gradual   [   2% ] 007/788 VUs  00m12.4s/12m0s  010.00 iters/s

running (00m13.4s), 005/788 VUs, 128 complete and 0 interrupted iterations
openloop_gradual   [   2% ] 005/788 VUs  00m13.4s/12m0s  010.00 iters/s

running (00m14.4s), 008/788 VUs, 135 complete and 0 interrupted iterations
openloop_gradual   [   2% ] 008/788 VUs  00m14.4s/12m0s  010.00 iters/s

running (00m15.4s), 008/788 VUs, 145 complete and 0 interrupted iterations
openloop_gradual   [   2% ] 008/788 VUs  00m15.4s/12m0s  010.00 iters/s

running (00m16.4s), 007/788 VUs, 156 complete and 0 interrupted iterations
openloop_gradual   [   2% ] 007/788 VUs  00m16.4s/12m0s  010.00 iters/s

running (00m17.4s), 007/788 VUs, 166 complete and 0 interrupted iterations
openloop_gradual   [   2% ] 007/788 VUs  00m17.4s/12m0s  010.00 iters/s

running (00m18.4s), 008/788 VUs, 175 complete and 0 interrupted iterations
openloop_gradual   [   3% ] 008/788 VUs  00m18.4s/12m0s  010.00 iters/s

running (00m19.4s), 008/788 VUs, 185 complete and 0 interrupted iterations
openloop_gradual   [   3% ] 008/788 VUs  00m19.4s/12m0s  010.00 iters/s

running (00m20.4s), 008/788 VUs, 195 complete and 0 interrupted iterations
openloop_gradual   [   3% ] 008/788 VUs  00m20.4s/12m0s  010.00 iters/s

running (00m21.4s), 007/788 VUs, 206 complete and 0 interrupted iterations
openloop_gradual   [   3% ] 007/788 VUs  00m21.4s/12m0s  010.00 iters/s

running (00m22.4s), 008/788 VUs, 215 complete and 0 interrupted iterations
openloop_gradual   [   3% ] 008/788 VUs  00m22.4s/12m0s  010.00 iters/s

running (00m23.4s), 006/788 VUs, 227 complete and 0 interrupted iterations
openloop_gradual   [   3% ] 006/788 VUs  00m23.4s/12m0s  010.00 iters/s

running (00m24.4s), 006/788 VUs, 237 complete and 0 interrupted iterations
openloop_gradual   [   3% ] 006/788 VUs  00m24.4s/12m0s  010.00 iters/s

running (00m25.4s), 007/788 VUs, 246 complete and 0 interrupted iterations
openloop_gradual   [   4% ] 007/788 VUs  00m25.4s/12m0s  010.00 iters/s

running (00m26.4s), 008/788 VUs, 255 complete and 0 interrupted iterations
openloop_gradual   [   4% ] 008/788 VUs  00m26.4s/12m0s  010.00 iters/s

running (00m27.4s), 006/788 VUs, 267 complete and 0 interrupted iterations
openloop_gradual   [   4% ] 006/788 VUs  00m27.4s/12m0s  010.00 iters/s

running (00m28.4s), 007/788 VUs, 276 complete and 0 interrupted iterations
openloop_gradual   [   4% ] 007/788 VUs  00m28.4s/12m0s  010.00 iters/s

running (00m29.4s), 007/788 VUs, 286 complete and 0 interrupted iterations
openloop_gradual   [   4% ] 007/788 VUs  00m29.4s/12m0s  010.00 iters/s

running (00m30.4s), 006/788 VUs, 297 complete and 0 interrupted iterations
openloop_gradual   [   4% ] 006/788 VUs  00m30.4s/12m0s  010.00 iters/s

running (00m31.4s), 007/788 VUs, 306 complete and 0 interrupted iterations
openloop_gradual   [   4% ] 007/788 VUs  00m31.4s/12m0s  010.00 iters/s

running (00m32.4s), 008/788 VUs, 315 complete and 0 interrupted iterations
openloop_gradual   [   4% ] 008/788 VUs  00m32.4s/12m0s  010.00 iters/s

running (00m33.4s), 005/788 VUs, 328 complete and 0 interrupted iterations
openloop_gradual   [   5% ] 005/788 VUs  00m33.4s/12m0s  010.00 iters/s

running (00m34.4s), 007/788 VUs, 336 complete and 0 interrupted iterations
openloop_gradual   [   5% ] 007/788 VUs  00m34.4s/12m0s  010.00 iters/s

running (00m35.4s), 008/788 VUs, 345 complete and 0 interrupted iterations
openloop_gradual   [   5% ] 008/788 VUs  00m35.4s/12m0s  010.00 iters/s

running (00m36.4s), 008/788 VUs, 355 complete and 0 interrupted iterations
openloop_gradual   [   5% ] 008/788 VUs  00m36.4s/12m0s  010.00 iters/s

running (00m37.4s), 008/788 VUs, 365 complete and 0 interrupted iterations
openloop_gradual   [   5% ] 008/788 VUs  00m37.4s/12m0s  010.00 iters/s

running (00m38.4s), 008/788 VUs, 375 complete and 0 interrupted iterations
openloop_gradual   [   5% ] 008/788 VUs  00m38.4s/12m0s  010.00 iters/s

running (00m39.4s), 007/788 VUs, 386 complete and 0 interrupted iterations
openloop_gradual   [   5% ] 007/788 VUs  00m39.4s/12m0s  010.00 iters/s

running (00m40.4s), 008/788 VUs, 395 complete and 0 interrupted iterations
openloop_gradual   [   6% ] 008/788 VUs  00m40.4s/12m0s  010.00 iters/s

running (00m41.4s), 007/788 VUs, 406 complete and 0 interrupted iterations
openloop_gradual   [   6% ] 007/788 VUs  00m41.4s/12m0s  010.00 iters/s

running (00m42.4s), 007/788 VUs, 416 complete and 0 interrupted iterations
openloop_gradual   [   6% ] 007/788 VUs  00m42.4s/12m0s  010.00 iters/s

running (00m43.4s), 006/788 VUs, 427 complete and 0 interrupted iterations
openloop_gradual   [   6% ] 006/788 VUs  00m43.4s/12m0s  010.00 iters/s

running (00m44.4s), 007/788 VUs, 436 complete and 0 interrupted iterations
openloop_gradual   [   6% ] 007/788 VUs  00m44.4s/12m0s  010.00 iters/s

running (00m45.4s), 007/788 VUs, 446 complete and 0 interrupted iterations
openloop_gradual   [   6% ] 007/788 VUs  00m45.4s/12m0s  010.00 iters/s

running (00m46.4s), 008/788 VUs, 455 complete and 0 interrupted iterations
openloop_gradual   [   6% ] 008/788 VUs  00m46.4s/12m0s  010.00 iters/s

running (00m47.4s), 006/788 VUs, 467 complete and 0 interrupted iterations
openloop_gradual   [   7% ] 006/788 VUs  00m47.4s/12m0s  010.00 iters/s

running (00m48.4s), 007/788 VUs, 476 complete and 0 interrupted iterations
openloop_gradual   [   7% ] 007/788 VUs  00m48.4s/12m0s  010.00 iters/s

running (00m49.4s), 005/788 VUs, 488 complete and 0 interrupted iterations
openloop_gradual   [   7% ] 005/788 VUs  00m49.4s/12m0s  010.00 iters/s

running (00m50.4s), 008/788 VUs, 495 complete and 0 interrupted iterations
openloop_gradual   [   7% ] 008/788 VUs  00m50.4s/12m0s  010.00 iters/s

running (00m51.4s), 009/788 VUs, 504 complete and 0 interrupted iterations
openloop_gradual   [   7% ] 009/788 VUs  00m51.4s/12m0s  010.00 iters/s

running (00m52.4s), 007/788 VUs, 516 complete and 0 interrupted iterations
openloop_gradual   [   7% ] 007/788 VUs  00m52.4s/12m0s  010.00 iters/s

running (00m53.4s), 007/788 VUs, 526 complete and 0 interrupted iterations
openloop_gradual   [   7% ] 007/788 VUs  00m53.4s/12m0s  010.00 iters/s

running (00m54.4s), 008/788 VUs, 535 complete and 0 interrupted iterations
openloop_gradual   [   8% ] 008/788 VUs  00m54.4s/12m0s  010.00 iters/s

running (00m55.4s), 008/788 VUs, 545 complete and 0 interrupted iterations
openloop_gradual   [   8% ] 008/788 VUs  00m55.4s/12m0s  010.00 iters/s

running (00m56.4s), 008/788 VUs, 555 complete and 0 interrupted iterations
openloop_gradual   [   8% ] 008/788 VUs  00m56.4s/12m0s  010.00 iters/s

running (00m57.4s), 008/788 VUs, 565 complete and 0 interrupted iterations
openloop_gradual   [   8% ] 008/788 VUs  00m57.4s/12m0s  010.00 iters/s

running (00m58.4s), 006/788 VUs, 577 complete and 0 interrupted iterations
openloop_gradual   [   8% ] 006/788 VUs  00m58.4s/12m0s  010.00 iters/s

running (00m59.4s), 007/788 VUs, 586 complete and 0 interrupted iterations
openloop_gradual   [   8% ] 007/788 VUs  00m59.4s/12m0s  010.00 iters/s

running (01m00.4s), 005/788 VUs, 598 complete and 0 interrupted iterations
openloop_gradual   [   8% ] 005/788 VUs  01m00.4s/12m0s  010.00 iters/s

running (01m01.4s), 008/788 VUs, 605 complete and 0 interrupted iterations
openloop_gradual   [   9% ] 008/788 VUs  01m01.4s/12m0s  010.00 iters/s

running (01m02.4s), 007/788 VUs, 616 complete and 0 interrupted iterations
openloop_gradual   [   9% ] 007/788 VUs  01m02.4s/12m0s  010.00 iters/s

running (01m03.4s), 007/788 VUs, 626 complete and 0 interrupted iterations
openloop_gradual   [   9% ] 007/788 VUs  01m03.4s/12m0s  010.00 iters/s

running (01m04.4s), 009/788 VUs, 634 complete and 0 interrupted iterations
openloop_gradual   [   9% ] 009/788 VUs  01m04.4s/12m0s  010.00 iters/s

running (01m05.4s), 006/788 VUs, 647 complete and 0 interrupted iterations
openloop_gradual   [   9% ] 006/788 VUs  01m05.4s/12m0s  010.00 iters/s

running (01m06.4s), 006/788 VUs, 657 complete and 0 interrupted iterations
openloop_gradual   [   9% ] 006/788 VUs  01m06.4s/12m0s  010.00 iters/s

running (01m07.4s), 008/788 VUs, 665 complete and 0 interrupted iterations
openloop_gradual   [   9% ] 008/788 VUs  01m07.4s/12m0s  010.00 iters/s

running (01m08.4s), 007/788 VUs, 676 complete and 0 interrupted iterations
openloop_gradual   [   9% ] 007/788 VUs  01m08.4s/12m0s  010.00 iters/s

running (01m09.4s), 007/788 VUs, 686 complete and 0 interrupted iterations
openloop_gradual   [  10% ] 007/788 VUs  01m09.4s/12m0s  010.00 iters/s

running (01m10.4s), 007/788 VUs, 696 complete and 0 interrupted iterations
openloop_gradual   [  10% ] 007/788 VUs  01m10.4s/12m0s  010.00 iters/s

running (01m11.4s), 006/788 VUs, 707 complete and 0 interrupted iterations
openloop_gradual   [  10% ] 006/788 VUs  01m11.4s/12m0s  010.00 iters/s

running (01m12.4s), 007/788 VUs, 716 complete and 0 interrupted iterations
openloop_gradual   [  10% ] 007/788 VUs  01m12.4s/12m0s  010.00 iters/s

running (01m13.4s), 007/788 VUs, 726 complete and 0 interrupted iterations
openloop_gradual   [  10% ] 007/788 VUs  01m13.4s/12m0s  010.00 iters/s

running (01m14.4s), 006/788 VUs, 737 complete and 0 interrupted iterations
openloop_gradual   [  10% ] 006/788 VUs  01m14.4s/12m0s  010.00 iters/s

running (01m15.4s), 007/788 VUs, 746 complete and 0 interrupted iterations
openloop_gradual   [  10% ] 007/788 VUs  01m15.4s/12m0s  010.00 iters/s

running (01m16.4s), 009/788 VUs, 754 complete and 0 interrupted iterations
openloop_gradual   [  11% ] 009/788 VUs  01m16.4s/12m0s  010.00 iters/s

running (01m17.4s), 006/788 VUs, 767 complete and 0 interrupted iterations
openloop_gradual   [  11% ] 006/788 VUs  01m17.4s/12m0s  010.00 iters/s

running (01m18.4s), 008/788 VUs, 775 complete and 0 interrupted iterations
openloop_gradual   [  11% ] 008/788 VUs  01m18.4s/12m0s  010.00 iters/s

running (01m19.4s), 006/788 VUs, 787 complete and 0 interrupted iterations
openloop_gradual   [  11% ] 006/788 VUs  01m19.4s/12m0s  010.00 iters/s

running (01m20.4s), 007/788 VUs, 796 complete and 0 interrupted iterations
openloop_gradual   [  11% ] 007/788 VUs  01m20.4s/12m0s  010.00 iters/s

running (01m21.4s), 008/788 VUs, 805 complete and 0 interrupted iterations
openloop_gradual   [  11% ] 008/788 VUs  01m21.4s/12m0s  010.00 iters/s

running (01m22.4s), 007/788 VUs, 816 complete and 0 interrupted iterations
openloop_gradual   [  11% ] 007/788 VUs  01m22.4s/12m0s  010.00 iters/s

running (01m23.4s), 008/788 VUs, 825 complete and 0 interrupted iterations
openloop_gradual   [  12% ] 008/788 VUs  01m23.4s/12m0s  010.00 iters/s

running (01m24.4s), 008/788 VUs, 835 complete and 0 interrupted iterations
openloop_gradual   [  12% ] 008/788 VUs  01m24.4s/12m0s  010.00 iters/s

running (01m25.4s), 006/788 VUs, 847 complete and 0 interrupted iterations
openloop_gradual   [  12% ] 006/788 VUs  01m25.4s/12m0s  010.00 iters/s

running (01m26.4s), 008/788 VUs, 855 complete and 0 interrupted iterations
openloop_gradual   [  12% ] 008/788 VUs  01m26.4s/12m0s  010.00 iters/s

running (01m27.4s), 008/788 VUs, 865 complete and 0 interrupted iterations
openloop_gradual   [  12% ] 008/788 VUs  01m27.4s/12m0s  010.00 iters/s

running (01m28.4s), 007/788 VUs, 876 complete and 0 interrupted iterations
openloop_gradual   [  12% ] 007/788 VUs  01m28.4s/12m0s  010.00 iters/s

running (01m29.4s), 007/788 VUs, 886 complete and 0 interrupted iterations
openloop_gradual   [  12% ] 007/788 VUs  01m29.4s/12m0s  010.00 iters/s

running (01m30.4s), 008/788 VUs, 895 complete and 0 interrupted iterations
openloop_gradual   [  13% ] 008/788 VUs  01m30.4s/12m0s  010.00 iters/s

running (01m31.4s), 007/788 VUs, 906 complete and 0 interrupted iterations
openloop_gradual   [  13% ] 007/788 VUs  01m31.4s/12m0s  010.00 iters/s

running (01m32.4s), 007/788 VUs, 916 complete and 0 interrupted iterations
openloop_gradual   [  13% ] 007/788 VUs  01m32.4s/12m0s  010.00 iters/s

running (01m33.4s), 007/788 VUs, 926 complete and 0 interrupted iterations
openloop_gradual   [  13% ] 007/788 VUs  01m33.4s/12m0s  010.00 iters/s

running (01m34.4s), 006/788 VUs, 937 complete and 0 interrupted iterations
openloop_gradual   [  13% ] 006/788 VUs  01m34.4s/12m0s  010.00 iters/s

running (01m35.4s), 009/788 VUs, 944 complete and 0 interrupted iterations
openloop_gradual   [  13% ] 009/788 VUs  01m35.4s/12m0s  010.00 iters/s

running (01m36.4s), 008/788 VUs, 955 complete and 0 interrupted iterations
openloop_gradual   [  13% ] 008/788 VUs  01m36.4s/12m0s  010.00 iters/s

running (01m37.4s), 007/788 VUs, 966 complete and 0 interrupted iterations
openloop_gradual   [  14% ] 007/788 VUs  01m37.4s/12m0s  010.00 iters/s

running (01m38.4s), 007/788 VUs, 976 complete and 0 interrupted iterations
openloop_gradual   [  14% ] 007/788 VUs  01m38.4s/12m0s  010.00 iters/s

running (01m39.4s), 007/788 VUs, 986 complete and 0 interrupted iterations
openloop_gradual   [  14% ] 007/788 VUs  01m39.4s/12m0s  010.00 iters/s

running (01m40.4s), 009/788 VUs, 994 complete and 0 interrupted iterations
openloop_gradual   [  14% ] 009/788 VUs  01m40.4s/12m0s  010.00 iters/s

running (01m41.4s), 007/788 VUs, 1006 complete and 0 interrupted iterations
openloop_gradual   [  14% ] 007/788 VUs  01m41.4s/12m0s  010.00 iters/s

running (01m42.4s), 008/788 VUs, 1015 complete and 0 interrupted iterations
openloop_gradual   [  14% ] 008/788 VUs  01m42.4s/12m0s  010.00 iters/s

running (01m43.4s), 008/788 VUs, 1025 complete and 0 interrupted iterations
openloop_gradual   [  14% ] 008/788 VUs  01m43.4s/12m0s  010.00 iters/s

running (01m44.4s), 006/788 VUs, 1037 complete and 0 interrupted iterations
openloop_gradual   [  14% ] 006/788 VUs  01m44.4s/12m0s  010.00 iters/s

running (01m45.4s), 006/788 VUs, 1047 complete and 0 interrupted iterations
openloop_gradual   [  15% ] 006/788 VUs  01m45.4s/12m0s  010.00 iters/s

running (01m46.4s), 007/788 VUs, 1056 complete and 0 interrupted iterations
openloop_gradual   [  15% ] 007/788 VUs  01m46.4s/12m0s  010.00 iters/s

running (01m47.4s), 006/788 VUs, 1067 complete and 0 interrupted iterations
openloop_gradual   [  15% ] 006/788 VUs  01m47.4s/12m0s  010.00 iters/s

running (01m48.4s), 007/788 VUs, 1076 complete and 0 interrupted iterations
openloop_gradual   [  15% ] 007/788 VUs  01m48.4s/12m0s  010.00 iters/s

running (01m49.4s), 007/788 VUs, 1086 complete and 0 interrupted iterations
openloop_gradual   [  15% ] 007/788 VUs  01m49.4s/12m0s  010.00 iters/s

running (01m50.4s), 008/788 VUs, 1095 complete and 0 interrupted iterations
openloop_gradual   [  15% ] 008/788 VUs  01m50.4s/12m0s  010.00 iters/s

running (01m51.4s), 008/788 VUs, 1105 complete and 0 interrupted iterations
openloop_gradual   [  15% ] 008/788 VUs  01m51.4s/12m0s  010.00 iters/s

running (01m52.4s), 008/788 VUs, 1115 complete and 0 interrupted iterations
openloop_gradual   [  16% ] 008/788 VUs  01m52.4s/12m0s  010.00 iters/s

running (01m53.4s), 007/788 VUs, 1126 complete and 0 interrupted iterations
openloop_gradual   [  16% ] 007/788 VUs  01m53.4s/12m0s  010.00 iters/s

running (01m54.4s), 007/788 VUs, 1136 complete and 0 interrupted iterations
openloop_gradual   [  16% ] 007/788 VUs  01m54.4s/12m0s  010.00 iters/s

running (01m55.4s), 008/788 VUs, 1145 complete and 0 interrupted iterations
openloop_gradual   [  16% ] 008/788 VUs  01m55.4s/12m0s  010.00 iters/s

running (01m56.4s), 007/788 VUs, 1156 complete and 0 interrupted iterations
openloop_gradual   [  16% ] 007/788 VUs  01m56.4s/12m0s  010.00 iters/s

running (01m57.4s), 007/788 VUs, 1166 complete and 0 interrupted iterations
openloop_gradual   [  16% ] 007/788 VUs  01m57.4s/12m0s  010.00 iters/s

running (01m58.4s), 008/788 VUs, 1175 complete and 0 interrupted iterations
openloop_gradual   [  16% ] 008/788 VUs  01m58.4s/12m0s  010.00 iters/s

running (01m59.4s), 007/788 VUs, 1186 complete and 0 interrupted iterations
openloop_gradual   [  17% ] 007/788 VUs  01m59.4s/12m0s  010.00 iters/s

running (02m00.4s), 007/788 VUs, 1196 complete and 0 interrupted iterations
openloop_gradual   [  17% ] 007/788 VUs  02m00.4s/12m0s  010.11 iters/s

running (02m01.4s), 007/788 VUs, 1206 complete and 0 interrupted iterations
openloop_gradual   [  17% ] 007/788 VUs  02m01.4s/12m0s  010.42 iters/s

running (02m02.4s), 007/788 VUs, 1217 complete and 0 interrupted iterations
openloop_gradual   [  17% ] 007/788 VUs  02m02.4s/12m0s  010.75 iters/s

running (02m03.4s), 007/788 VUs, 1228 complete and 0 interrupted iterations
openloop_gradual   [  17% ] 007/788 VUs  02m03.4s/12m0s  011.07 iters/s

running (02m04.4s), 008/788 VUs, 1238 complete and 0 interrupted iterations
openloop_gradual   [  17% ] 008/788 VUs  02m04.4s/12m0s  011.38 iters/s

running (02m05.4s), 008/788 VUs, 1249 complete and 0 interrupted iterations
openloop_gradual   [  17% ] 008/788 VUs  02m05.4s/12m0s  011.68 iters/s

running (02m06.4s), 008/788 VUs, 1261 complete and 0 interrupted iterations
openloop_gradual   [  18% ] 008/788 VUs  02m06.4s/12m0s  012.00 iters/s

running (02m07.4s), 008/788 VUs, 1273 complete and 0 interrupted iterations
openloop_gradual   [  18% ] 008/788 VUs  02m07.4s/12m0s  012.31 iters/s

running (02m08.4s), 008/788 VUs, 1286 complete and 0 interrupted iterations
openloop_gradual   [  18% ] 008/788 VUs  02m08.4s/12m0s  012.64 iters/s

running (02m09.4s), 009/788 VUs, 1298 complete and 0 interrupted iterations
openloop_gradual   [  18% ] 009/788 VUs  02m09.4s/12m0s  012.96 iters/s

running (02m10.4s), 010/788 VUs, 1310 complete and 0 interrupted iterations
openloop_gradual   [  18% ] 010/788 VUs  02m10.4s/12m0s  013.28 iters/s

running (02m11.4s), 009/788 VUs, 1324 complete and 0 interrupted iterations
openloop_gradual   [  18% ] 009/788 VUs  02m11.4s/12m0s  013.58 iters/s

running (02m12.4s), 010/788 VUs, 1337 complete and 0 interrupted iterations
openloop_gradual   [  18% ] 010/788 VUs  02m12.4s/12m0s  013.91 iters/s

running (02m13.4s), 011/788 VUs, 1350 complete and 0 interrupted iterations
openloop_gradual   [  19% ] 011/788 VUs  02m13.4s/12m0s  014.22 iters/s

running (02m14.4s), 012/788 VUs, 1364 complete and 0 interrupted iterations
openloop_gradual   [  19% ] 012/788 VUs  02m14.4s/12m0s  014.55 iters/s

running (02m15.4s), 010/788 VUs, 1380 complete and 0 interrupted iterations
openloop_gradual   [  19% ] 010/788 VUs  02m15.4s/12m0s  014.85 iters/s

running (02m16.4s), 011/788 VUs, 1394 complete and 0 interrupted iterations
openloop_gradual   [  19% ] 011/788 VUs  02m16.4s/12m0s  015.17 iters/s

running (02m17.4s), 013/788 VUs, 1408 complete and 0 interrupted iterations
openloop_gradual   [  19% ] 013/788 VUs  02m17.4s/12m0s  015.50 iters/s

running (02m18.4s), 009/788 VUs, 1427 complete and 0 interrupted iterations
openloop_gradual   [  19% ] 009/788 VUs  02m18.4s/12m0s  015.80 iters/s

running (02m19.4s), 010/788 VUs, 1442 complete and 0 interrupted iterations
openloop_gradual   [  19% ] 010/788 VUs  02m19.4s/12m0s  016.12 iters/s

running (02m20.4s), 011/788 VUs, 1457 complete and 0 interrupted iterations
openloop_gradual   [  19% ] 011/788 VUs  02m20.4s/12m0s  016.43 iters/s

running (02m21.4s), 012/788 VUs, 1473 complete and 0 interrupted iterations
openloop_gradual   [  20% ] 012/788 VUs  02m21.4s/12m0s  016.76 iters/s

running (02m22.4s), 012/788 VUs, 1490 complete and 0 interrupted iterations
openloop_gradual   [  20% ] 012/788 VUs  02m22.4s/12m0s  017.08 iters/s

running (02m23.4s), 012/788 VUs, 1507 complete and 0 interrupted iterations
openloop_gradual   [  20% ] 012/788 VUs  02m23.4s/12m0s  017.39 iters/s

running (02m24.4s), 010/788 VUs, 1527 complete and 0 interrupted iterations
openloop_gradual   [  20% ] 010/788 VUs  02m24.4s/12m0s  017.71 iters/s

running (02m25.4s), 012/788 VUs, 1543 complete and 0 interrupted iterations
openloop_gradual   [  20% ] 012/788 VUs  02m25.4s/12m0s  018.03 iters/s

running (02m26.4s), 013/788 VUs, 1560 complete and 0 interrupted iterations
openloop_gradual   [  20% ] 013/788 VUs  02m26.4s/12m0s  018.35 iters/s

running (02m27.4s), 015/788 VUs, 1576 complete and 0 interrupted iterations
openloop_gradual   [  20% ] 015/788 VUs  02m27.4s/12m0s  018.65 iters/s

running (02m28.4s), 013/788 VUs, 1597 complete and 0 interrupted iterations
openloop_gradual   [  21% ] 013/788 VUs  02m28.4s/12m0s  018.97 iters/s

running (02m29.4s), 013/788 VUs, 1616 complete and 0 interrupted iterations
openloop_gradual   [  21% ] 013/788 VUs  02m29.4s/12m0s  019.29 iters/s

running (02m30.4s), 014/788 VUs, 1635 complete and 0 interrupted iterations
openloop_gradual   [  21% ] 014/788 VUs  02m30.4s/12m0s  019.61 iters/s

running (02m31.4s), 015/788 VUs, 1654 complete and 0 interrupted iterations
openloop_gradual   [  21% ] 015/788 VUs  02m31.4s/12m0s  019.93 iters/s

running (02m32.4s), 016/788 VUs, 1673 complete and 0 interrupted iterations
openloop_gradual   [  21% ] 016/788 VUs  02m32.4s/12m0s  020.25 iters/s

running (02m33.4s), 012/788 VUs, 1697 complete and 0 interrupted iterations
openloop_gradual   [  21% ] 012/788 VUs  02m33.4s/12m0s  020.56 iters/s

running (02m34.4s), 015/788 VUs, 1715 complete and 0 interrupted iterations
openloop_gradual   [  21% ] 015/788 VUs  02m34.4s/12m0s  020.88 iters/s

running (02m35.4s), 015/788 VUs, 1736 complete and 0 interrupted iterations
openloop_gradual   [  22% ] 015/788 VUs  02m35.4s/12m0s  021.20 iters/s

running (02m36.4s), 015/788 VUs, 1757 complete and 0 interrupted iterations
openloop_gradual   [  22% ] 015/788 VUs  02m36.4s/12m0s  021.51 iters/s

running (02m37.4s), 016/788 VUs, 1778 complete and 0 interrupted iterations
openloop_gradual   [  22% ] 016/788 VUs  02m37.4s/12m0s  021.83 iters/s

running (02m38.4s), 017/788 VUs, 1799 complete and 0 interrupted iterations
openloop_gradual   [  22% ] 017/788 VUs  02m38.4s/12m0s  022.15 iters/s

running (02m39.4s), 016/788 VUs, 1822 complete and 0 interrupted iterations
openloop_gradual   [  22% ] 016/788 VUs  02m39.4s/12m0s  022.46 iters/s

running (02m40.4s), 019/788 VUs, 1842 complete and 0 interrupted iterations
openloop_gradual   [  22% ] 019/788 VUs  02m40.4s/12m0s  022.78 iters/s

running (02m41.4s), 020/788 VUs, 1864 complete and 0 interrupted iterations
openloop_gradual   [  22% ] 020/788 VUs  02m41.4s/12m0s  023.10 iters/s

running (02m42.4s), 019/788 VUs, 1888 complete and 0 interrupted iterations
openloop_gradual   [  23% ] 019/788 VUs  02m42.4s/12m0s  023.41 iters/s

running (02m43.4s), 018/788 VUs, 1912 complete and 0 interrupted iterations
openloop_gradual   [  23% ] 018/788 VUs  02m43.4s/12m0s  023.72 iters/s

running (02m44.4s), 015/788 VUs, 1939 complete and 0 interrupted iterations
openloop_gradual   [  23% ] 015/788 VUs  02m44.4s/12m0s  024.04 iters/s

running (02m45.4s), 019/788 VUs, 1960 complete and 0 interrupted iterations
openloop_gradual   [  23% ] 019/788 VUs  02m45.4s/12m0s  024.37 iters/s

running (02m46.4s), 017/788 VUs, 1986 complete and 0 interrupted iterations
openloop_gradual   [  23% ] 017/788 VUs  02m46.4s/12m0s  024.68 iters/s

running (02m47.4s), 017/788 VUs, 2011 complete and 0 interrupted iterations
openloop_gradual   [  23% ] 017/788 VUs  02m47.4s/12m0s  024.99 iters/s

running (02m48.4s), 019/788 VUs, 2034 complete and 0 interrupted iterations
openloop_gradual   [  23% ] 019/788 VUs  02m48.4s/12m0s  025.31 iters/s

running (02m49.4s), 018/788 VUs, 2060 complete and 0 interrupted iterations
openloop_gradual   [  24% ] 018/788 VUs  02m49.4s/12m0s  025.62 iters/s

running (02m50.4s), 018/788 VUs, 2086 complete and 0 interrupted iterations
openloop_gradual   [  24% ] 018/788 VUs  02m50.4s/12m0s  025.94 iters/s

running (02m51.4s), 017/788 VUs, 2113 complete and 0 interrupted iterations
openloop_gradual   [  24% ] 017/788 VUs  02m51.4s/12m0s  026.25 iters/s

running (02m52.4s), 019/788 VUs, 2138 complete and 0 interrupted iterations
openloop_gradual   [  24% ] 019/788 VUs  02m52.4s/12m0s  026.58 iters/s

running (02m53.4s), 018/788 VUs, 2165 complete and 0 interrupted iterations
openloop_gradual   [  24% ] 018/788 VUs  02m53.4s/12m0s  026.89 iters/s

running (02m54.4s), 019/788 VUs, 2192 complete and 0 interrupted iterations
openloop_gradual   [  24% ] 019/788 VUs  02m54.4s/12m0s  027.21 iters/s

running (02m55.4s), 019/788 VUs, 2219 complete and 0 interrupted iterations
openloop_gradual   [  24% ] 019/788 VUs  02m55.4s/12m0s  027.53 iters/s

running (02m56.4s), 020/788 VUs, 2246 complete and 0 interrupted iterations
openloop_gradual   [  24% ] 020/788 VUs  02m56.4s/12m0s  027.85 iters/s

running (02m57.4s), 020/788 VUs, 2274 complete and 0 interrupted iterations
openloop_gradual   [  25% ] 020/788 VUs  02m57.4s/12m0s  028.16 iters/s

running (02m58.4s), 018/788 VUs, 2304 complete and 0 interrupted iterations
openloop_gradual   [  25% ] 018/788 VUs  02m58.4s/12m0s  028.48 iters/s

running (02m59.4s), 022/788 VUs, 2329 complete and 0 interrupted iterations
openloop_gradual   [  25% ] 022/788 VUs  02m59.4s/12m0s  028.80 iters/s

running (03m00.4s), 021/788 VUs, 2359 complete and 0 interrupted iterations
openloop_gradual   [  25% ] 021/788 VUs  03m00.4s/12m0s  029.11 iters/s

running (03m01.4s), 021/788 VUs, 2388 complete and 0 interrupted iterations
openloop_gradual   [  25% ] 021/788 VUs  03m01.4s/12m0s  029.43 iters/s

running (03m02.4s), 021/788 VUs, 2417 complete and 0 interrupted iterations
openloop_gradual   [  25% ] 021/788 VUs  03m02.4s/12m0s  029.74 iters/s

running (03m03.4s), 021/788 VUs, 2447 complete and 0 interrupted iterations
openloop_gradual   [  25% ] 021/788 VUs  03m03.4s/12m0s  030.06 iters/s

running (03m04.4s), 022/788 VUs, 2476 complete and 0 interrupted iterations
openloop_gradual   [  26% ] 022/788 VUs  03m04.4s/12m0s  030.37 iters/s

running (03m05.4s), 021/788 VUs, 2508 complete and 0 interrupted iterations
openloop_gradual   [  26% ] 021/788 VUs  03m05.4s/12m0s  030.69 iters/s

running (03m06.4s), 020/788 VUs, 2540 complete and 0 interrupted iterations
openloop_gradual   [  26% ] 020/788 VUs  03m06.4s/12m0s  031.01 iters/s

running (03m07.4s), 023/788 VUs, 2568 complete and 0 interrupted iterations
openloop_gradual   [  26% ] 023/788 VUs  03m07.4s/12m0s  031.33 iters/s

running (03m08.4s), 022/788 VUs, 2601 complete and 0 interrupted iterations
openloop_gradual   [  26% ] 022/788 VUs  03m08.4s/12m0s  031.65 iters/s

running (03m09.4s), 024/788 VUs, 2630 complete and 0 interrupted iterations
openloop_gradual   [  26% ] 024/788 VUs  03m09.4s/12m0s  031.96 iters/s

running (03m10.4s), 027/788 VUs, 2659 complete and 0 interrupted iterations
openloop_gradual   [  26% ] 027/788 VUs  03m10.4s/12m0s  032.27 iters/s

running (03m11.4s), 021/788 VUs, 2698 complete and 0 interrupted iterations
openloop_gradual   [  27% ] 021/788 VUs  03m11.4s/12m0s  032.59 iters/s

running (03m12.4s), 022/788 VUs, 2730 complete and 0 interrupted iterations
openloop_gradual   [  27% ] 022/788 VUs  03m12.4s/12m0s  032.91 iters/s

running (03m13.4s), 023/788 VUs, 2762 complete and 0 interrupted iterations
openloop_gradual   [  27% ] 023/788 VUs  03m13.4s/12m0s  033.23 iters/s

running (03m14.4s), 025/788 VUs, 2793 complete and 0 interrupted iterations
openloop_gradual   [  27% ] 025/788 VUs  03m14.4s/12m0s  033.54 iters/s

running (03m15.4s), 026/788 VUs, 2826 complete and 0 interrupted iterations
openloop_gradual   [  27% ] 026/788 VUs  03m15.4s/12m0s  033.86 iters/s

running (03m16.4s), 027/788 VUs, 2859 complete and 0 interrupted iterations
openloop_gradual   [  27% ] 027/788 VUs  03m16.4s/12m0s  034.18 iters/s

running (03m17.4s), 024/788 VUs, 2896 complete and 0 interrupted iterations
openloop_gradual   [  27% ] 024/788 VUs  03m17.4s/12m0s  034.49 iters/s

running (03m18.4s), 026/788 VUs, 2929 complete and 0 interrupted iterations
openloop_gradual   [  28% ] 026/788 VUs  03m18.4s/12m0s  034.81 iters/s

running (03m19.4s), 027/788 VUs, 2963 complete and 0 interrupted iterations
openloop_gradual   [  28% ] 027/788 VUs  03m19.4s/12m0s  035.13 iters/s

running (03m20.4s), 026/788 VUs, 2999 complete and 0 interrupted iterations
openloop_gradual   [  28% ] 026/788 VUs  03m20.4s/12m0s  035.44 iters/s

running (03m21.4s), 025/788 VUs, 3036 complete and 0 interrupted iterations
openloop_gradual   [  28% ] 025/788 VUs  03m21.4s/12m0s  035.76 iters/s

running (03m22.4s), 026/788 VUs, 3071 complete and 0 interrupted iterations
openloop_gradual   [  28% ] 026/788 VUs  03m22.4s/12m0s  036.08 iters/s

running (03m23.4s), 028/788 VUs, 3105 complete and 0 interrupted iterations
openloop_gradual   [  28% ] 028/788 VUs  03m23.4s/12m0s  036.39 iters/s

running (03m24.4s), 026/788 VUs, 3143 complete and 0 interrupted iterations
openloop_gradual   [  28% ] 026/788 VUs  03m24.4s/12m0s  036.71 iters/s

running (03m25.4s), 026/788 VUs, 3180 complete and 0 interrupted iterations
openloop_gradual   [  29% ] 026/788 VUs  03m25.4s/12m0s  037.02 iters/s

running (03m26.4s), 027/788 VUs, 3216 complete and 0 interrupted iterations
openloop_gradual   [  29% ] 027/788 VUs  03m26.4s/12m0s  037.34 iters/s

running (03m27.4s), 028/788 VUs, 3253 complete and 0 interrupted iterations
openloop_gradual   [  29% ] 028/788 VUs  03m27.4s/12m0s  037.66 iters/s

running (03m28.4s), 026/788 VUs, 3293 complete and 0 interrupted iterations
openloop_gradual   [  29% ] 026/788 VUs  03m28.4s/12m0s  037.98 iters/s

running (03m29.4s), 028/788 VUs, 3329 complete and 0 interrupted iterations
openloop_gradual   [  29% ] 028/788 VUs  03m29.4s/12m0s  038.29 iters/s

running (03m30.4s), 027/788 VUs, 3368 complete and 0 interrupted iterations
openloop_gradual   [  29% ] 027/788 VUs  03m30.4s/12m0s  038.61 iters/s

running (03m31.4s), 028/788 VUs, 3406 complete and 0 interrupted iterations
openloop_gradual   [  29% ] 028/788 VUs  03m31.4s/12m0s  038.93 iters/s

running (03m32.4s), 026/788 VUs, 3447 complete and 0 interrupted iterations
openloop_gradual   [  29% ] 026/788 VUs  03m32.4s/12m0s  039.24 iters/s

running (03m33.4s), 029/788 VUs, 3484 complete and 0 interrupted iterations
openloop_gradual   [  30% ] 029/788 VUs  03m33.4s/12m0s  039.56 iters/s

running (03m34.4s), 029/788 VUs, 3523 complete and 0 interrupted iterations
openloop_gradual   [  30% ] 029/788 VUs  03m34.4s/12m0s  039.87 iters/s

running (03m35.4s), 024/788 VUs, 3568 complete and 0 interrupted iterations
openloop_gradual   [  30% ] 024/788 VUs  03m35.4s/12m0s  040.19 iters/s

running (03m36.4s), 028/788 VUs, 3605 complete and 0 interrupted iterations
openloop_gradual   [  30% ] 028/788 VUs  03m36.4s/12m0s  040.51 iters/s

running (03m37.4s), 029/788 VUs, 3644 complete and 0 interrupted iterations
openloop_gradual   [  30% ] 029/788 VUs  03m37.4s/12m0s  040.82 iters/s

running (03m38.4s), 027/788 VUs, 3687 complete and 0 interrupted iterations
openloop_gradual   [  30% ] 027/788 VUs  03m38.4s/12m0s  041.14 iters/s

running (03m39.4s), 034/788 VUs, 3722 complete and 0 interrupted iterations
openloop_gradual   [  30% ] 034/788 VUs  03m39.4s/12m0s  041.46 iters/s

running (03m40.4s), 028/788 VUs, 3769 complete and 0 interrupted iterations
openloop_gradual   [  31% ] 028/788 VUs  03m40.4s/12m0s  041.77 iters/s

running (03m41.4s), 030/788 VUs, 3809 complete and 0 interrupted iterations
openloop_gradual   [  31% ] 030/788 VUs  03m41.4s/12m0s  042.09 iters/s

running (03m42.4s), 028/788 VUs, 3853 complete and 0 interrupted iterations
openloop_gradual   [  31% ] 028/788 VUs  03m42.4s/12m0s  042.41 iters/s

running (03m43.4s), 029/788 VUs, 3895 complete and 0 interrupted iterations
openloop_gradual   [  31% ] 029/788 VUs  03m43.4s/12m0s  042.73 iters/s

running (03m44.4s), 028/788 VUs, 3939 complete and 0 interrupted iterations
openloop_gradual   [  31% ] 028/788 VUs  03m44.4s/12m0s  043.04 iters/s

running (03m45.4s), 030/788 VUs, 3980 complete and 0 interrupted iterations
openloop_gradual   [  31% ] 030/788 VUs  03m45.4s/12m0s  043.36 iters/s

running (03m46.4s), 032/788 VUs, 4022 complete and 0 interrupted iterations
openloop_gradual   [  31% ] 032/788 VUs  03m46.4s/12m0s  043.68 iters/s

running (03m47.4s), 030/788 VUs, 4067 complete and 0 interrupted iterations
openloop_gradual   [  32% ] 030/788 VUs  03m47.4s/12m0s  043.99 iters/s

running (03m48.4s), 030/788 VUs, 4112 complete and 0 interrupted iterations
openloop_gradual   [  32% ] 030/788 VUs  03m48.4s/12m0s  044.31 iters/s

running (03m49.4s), 033/788 VUs, 4153 complete and 0 interrupted iterations
openloop_gradual   [  32% ] 033/788 VUs  03m49.4s/12m0s  044.63 iters/s

running (03m50.4s), 030/788 VUs, 4201 complete and 0 interrupted iterations
openloop_gradual   [  32% ] 030/788 VUs  03m50.4s/12m0s  044.94 iters/s

running (03m51.4s), 032/788 VUs, 4244 complete and 0 interrupted iterations
openloop_gradual   [  32% ] 032/788 VUs  03m51.4s/12m0s  045.26 iters/s

running (03m52.4s), 032/788 VUs, 4289 complete and 0 interrupted iterations
openloop_gradual   [  32% ] 032/788 VUs  03m52.4s/12m0s  045.57 iters/s

running (03m53.4s), 033/788 VUs, 4334 complete and 0 interrupted iterations
openloop_gradual   [  32% ] 033/788 VUs  03m53.4s/12m0s  045.89 iters/s

running (03m54.4s), 033/788 VUs, 4380 complete and 0 interrupted iterations
openloop_gradual   [  33% ] 033/788 VUs  03m54.4s/12m0s  046.21 iters/s

running (03m55.4s), 036/788 VUs, 4423 complete and 0 interrupted iterations
openloop_gradual   [  33% ] 036/788 VUs  03m55.4s/12m0s  046.52 iters/s

running (03m56.4s), 031/788 VUs, 4475 complete and 0 interrupted iterations
openloop_gradual   [  33% ] 031/788 VUs  03m56.4s/12m0s  046.84 iters/s

running (03m57.4s), 034/788 VUs, 4519 complete and 0 interrupted iterations
openloop_gradual   [  33% ] 034/788 VUs  03m57.4s/12m0s  047.16 iters/s

running (03m58.4s), 035/788 VUs, 4565 complete and 0 interrupted iterations
openloop_gradual   [  33% ] 035/788 VUs  03m58.4s/12m0s  047.47 iters/s

running (03m59.4s), 032/788 VUs, 4616 complete and 0 interrupted iterations
openloop_gradual   [  33% ] 032/788 VUs  03m59.4s/12m0s  047.79 iters/s

running (04m00.4s), 031/788 VUs, 4665 complete and 0 interrupted iterations
openloop_gradual   [  33% ] 031/788 VUs  04m00.4s/12m0s  048.11 iters/s

running (04m01.4s), 031/788 VUs, 4713 complete and 0 interrupted iterations
openloop_gradual   [  34% ] 031/788 VUs  04m01.4s/12m0s  048.42 iters/s

running (04m02.4s), 037/788 VUs, 4756 complete and 0 interrupted iterations
openloop_gradual   [  34% ] 037/788 VUs  04m02.4s/12m0s  048.74 iters/s

running (04m03.4s), 034/788 VUs, 4808 complete and 0 interrupted iterations
openloop_gradual   [  34% ] 034/788 VUs  04m03.4s/12m0s  049.06 iters/s

running (04m04.4s), 032/788 VUs, 4859 complete and 0 interrupted iterations
openloop_gradual   [  34% ] 032/788 VUs  04m04.4s/12m0s  049.38 iters/s

running (04m05.4s), 033/788 VUs, 4908 complete and 0 interrupted iterations
openloop_gradual   [  34% ] 033/788 VUs  04m05.4s/12m0s  049.70 iters/s

running (04m06.4s), 037/788 VUs, 4953 complete and 0 interrupted iterations
openloop_gradual   [  34% ] 037/788 VUs  04m06.4s/12m0s  050.01 iters/s

running (04m07.4s), 033/788 VUs, 5008 complete and 0 interrupted iterations
openloop_gradual   [  34% ] 033/788 VUs  04m07.4s/12m0s  050.33 iters/s

running (04m08.4s), 039/788 VUs, 5052 complete and 0 interrupted iterations
openloop_gradual   [  34% ] 039/788 VUs  04m08.4s/12m0s  050.64 iters/s

running (04m09.4s), 037/788 VUs, 5105 complete and 0 interrupted iterations
openloop_gradual   [  35% ] 037/788 VUs  04m09.4s/12m0s  050.96 iters/s

running (04m10.4s), 039/788 VUs, 5154 complete and 0 interrupted iterations
openloop_gradual   [  35% ] 039/788 VUs  04m10.4s/12m0s  051.28 iters/s

running (04m11.4s), 034/788 VUs, 5210 complete and 0 interrupted iterations
openloop_gradual   [  35% ] 034/788 VUs  04m11.4s/12m0s  051.59 iters/s

running (04m12.4s), 036/788 VUs, 5260 complete and 0 interrupted iterations
openloop_gradual   [  35% ] 036/788 VUs  04m12.4s/12m0s  051.91 iters/s

running (04m13.4s), 039/788 VUs, 5309 complete and 0 interrupted iterations
openloop_gradual   [  35% ] 039/788 VUs  04m13.4s/12m0s  052.22 iters/s

running (04m14.4s), 037/788 VUs, 5364 complete and 0 interrupted iterations
openloop_gradual   [  35% ] 037/788 VUs  04m14.4s/12m0s  052.54 iters/s

running (04m15.4s), 036/788 VUs, 5417 complete and 0 interrupted iterations
openloop_gradual   [  35% ] 036/788 VUs  04m15.4s/12m0s  052.86 iters/s

running (04m16.4s), 038/788 VUs, 5468 complete and 0 interrupted iterations
openloop_gradual   [  36% ] 038/788 VUs  04m16.4s/12m0s  053.17 iters/s

running (04m17.4s), 036/788 VUs, 5524 complete and 0 interrupted iterations
openloop_gradual   [  36% ] 036/788 VUs  04m17.4s/12m0s  053.49 iters/s

running (04m18.4s), 036/788 VUs, 5577 complete and 0 interrupted iterations
openloop_gradual   [  36% ] 036/788 VUs  04m18.4s/12m0s  053.81 iters/s

running (04m19.4s), 040/788 VUs, 5627 complete and 0 interrupted iterations
openloop_gradual   [  36% ] 040/788 VUs  04m19.4s/12m0s  054.12 iters/s

running (04m20.4s), 036/788 VUs, 5686 complete and 0 interrupted iterations
openloop_gradual   [  36% ] 036/788 VUs  04m20.4s/12m0s  054.44 iters/s

running (04m21.4s), 037/788 VUs, 5739 complete and 0 interrupted iterations
openloop_gradual   [  36% ] 037/788 VUs  04m21.4s/12m0s  054.76 iters/s

running (04m22.4s), 039/788 VUs, 5792 complete and 0 interrupted iterations
openloop_gradual   [  36% ] 039/788 VUs  04m22.4s/12m0s  055.08 iters/s

running (04m23.4s), 038/788 VUs, 5848 complete and 0 interrupted iterations
openloop_gradual   [  37% ] 038/788 VUs  04m23.4s/12m0s  055.39 iters/s

running (04m24.4s), 040/788 VUs, 5902 complete and 0 interrupted iterations
openloop_gradual   [  37% ] 040/788 VUs  04m24.4s/12m0s  055.71 iters/s

running (04m25.4s), 036/788 VUs, 5962 complete and 0 interrupted iterations
openloop_gradual   [  37% ] 036/788 VUs  04m25.4s/12m0s  056.03 iters/s

running (04m26.4s), 041/788 VUs, 6013 complete and 0 interrupted iterations
openloop_gradual   [  37% ] 041/788 VUs  04m26.4s/12m0s  056.34 iters/s

running (04m27.4s), 041/788 VUs, 6069 complete and 0 interrupted iterations
openloop_gradual   [  37% ] 041/788 VUs  04m27.4s/12m0s  056.66 iters/s

running (04m28.4s), 038/788 VUs, 6129 complete and 0 interrupted iterations
openloop_gradual   [  37% ] 038/788 VUs  04m28.4s/12m0s  056.97 iters/s

running (04m29.4s), 041/788 VUs, 6183 complete and 0 interrupted iterations
openloop_gradual   [  37% ] 041/788 VUs  04m29.4s/12m0s  057.29 iters/s

running (04m30.4s), 043/788 VUs, 6239 complete and 0 interrupted iterations
openloop_gradual   [  38% ] 043/788 VUs  04m30.4s/12m0s  057.61 iters/s

running (04m31.4s), 043/788 VUs, 6297 complete and 0 interrupted iterations
openloop_gradual   [  38% ] 043/788 VUs  04m31.4s/12m0s  057.93 iters/s

running (04m32.4s), 045/788 VUs, 6353 complete and 0 interrupted iterations
openloop_gradual   [  38% ] 045/788 VUs  04m32.4s/12m0s  058.24 iters/s

running (04m33.4s), 044/788 VUs, 6412 complete and 0 interrupted iterations
openloop_gradual   [  38% ] 044/788 VUs  04m33.4s/12m0s  058.56 iters/s

running (04m34.4s), 040/788 VUs, 6475 complete and 0 interrupted iterations
openloop_gradual   [  38% ] 040/788 VUs  04m34.4s/12m0s  058.88 iters/s

running (04m35.4s), 043/788 VUs, 6531 complete and 0 interrupted iterations
openloop_gradual   [  38% ] 043/788 VUs  04m35.4s/12m0s  059.19 iters/s

running (04m36.4s), 044/788 VUs, 6589 complete and 0 interrupted iterations
openloop_gradual   [  38% ] 044/788 VUs  04m36.4s/12m0s  059.51 iters/s

running (04m37.4s), 044/788 VUs, 6649 complete and 0 interrupted iterations
openloop_gradual   [  39% ] 044/788 VUs  04m37.4s/12m0s  059.83 iters/s

running (04m38.4s), 045/788 VUs, 6708 complete and 0 interrupted iterations
openloop_gradual   [  39% ] 045/788 VUs  04m38.4s/12m0s  060.14 iters/s

running (04m39.4s), 046/788 VUs, 6767 complete and 0 interrupted iterations
openloop_gradual   [  39% ] 046/788 VUs  04m39.4s/12m0s  060.46 iters/s

running (04m40.4s), 041/788 VUs, 6833 complete and 0 interrupted iterations
openloop_gradual   [  39% ] 041/788 VUs  04m40.4s/12m0s  060.78 iters/s

running (04m41.4s), 041/788 VUs, 6894 complete and 0 interrupted iterations
openloop_gradual   [  39% ] 041/788 VUs  04m41.4s/12m0s  061.09 iters/s

running (04m42.4s), 046/788 VUs, 6950 complete and 0 interrupted iterations
openloop_gradual   [  39% ] 046/788 VUs  04m42.4s/12m0s  061.41 iters/s

running (04m43.4s), 043/788 VUs, 7014 complete and 0 interrupted iterations
openloop_gradual   [  39% ] 043/788 VUs  04m43.4s/12m0s  061.72 iters/s

running (04m44.4s), 044/788 VUs, 7075 complete and 0 interrupted iterations
openloop_gradual   [  39% ] 044/788 VUs  04m44.4s/12m0s  062.04 iters/s

running (04m45.4s), 049/788 VUs, 7133 complete and 0 interrupted iterations
openloop_gradual   [  40% ] 049/788 VUs  04m45.4s/12m0s  062.36 iters/s

running (04m46.4s), 047/788 VUs, 7197 complete and 0 interrupted iterations
openloop_gradual   [  40% ] 047/788 VUs  04m46.4s/12m0s  062.68 iters/s

running (04m47.4s), 044/788 VUs, 7263 complete and 0 interrupted iterations
openloop_gradual   [  40% ] 044/788 VUs  04m47.4s/12m0s  062.99 iters/s

running (04m48.4s), 045/788 VUs, 7325 complete and 0 interrupted iterations
openloop_gradual   [  40% ] 045/788 VUs  04m48.4s/12m0s  063.31 iters/s

running (04m49.4s), 047/788 VUs, 7387 complete and 0 interrupted iterations
openloop_gradual   [  40% ] 047/788 VUs  04m49.4s/12m0s  063.63 iters/s

running (04m50.4s), 043/788 VUs, 7454 complete and 0 interrupted iterations
openloop_gradual   [  40% ] 043/788 VUs  04m50.4s/12m0s  063.94 iters/s

running (04m51.4s), 045/788 VUs, 7517 complete and 0 interrupted iterations
openloop_gradual   [  40% ] 045/788 VUs  04m51.4s/12m0s  064.26 iters/s

running (04m52.4s), 044/788 VUs, 7582 complete and 0 interrupted iterations
openloop_gradual   [  41% ] 044/788 VUs  04m52.4s/12m0s  064.58 iters/s

running (04m53.4s), 046/788 VUs, 7645 complete and 0 interrupted iterations
openloop_gradual   [  41% ] 046/788 VUs  04m53.4s/12m0s  064.89 iters/s

running (04m54.4s), 045/788 VUs, 7711 complete and 0 interrupted iterations
openloop_gradual   [  41% ] 045/788 VUs  04m54.4s/12m0s  065.21 iters/s

running (04m55.4s), 050/788 VUs, 7771 complete and 0 interrupted iterations
openloop_gradual   [  41% ] 050/788 VUs  04m55.4s/12m0s  065.53 iters/s

running (04m56.4s), 045/788 VUs, 7842 complete and 0 interrupted iterations
openloop_gradual   [  41% ] 045/788 VUs  04m56.4s/12m0s  065.84 iters/s

running (04m57.4s), 045/788 VUs, 7908 complete and 0 interrupted iterations
openloop_gradual   [  41% ] 045/788 VUs  04m57.4s/12m0s  066.16 iters/s

running (04m58.4s), 046/788 VUs, 7973 complete and 0 interrupted iterations
openloop_gradual   [  41% ] 046/788 VUs  04m58.4s/12m0s  066.48 iters/s

running (04m59.4s), 048/788 VUs, 8038 complete and 0 interrupted iterations
openloop_gradual   [  42% ] 048/788 VUs  04m59.4s/12m0s  066.79 iters/s

running (05m00.4s), 048/788 VUs, 8105 complete and 0 interrupted iterations
openloop_gradual   [  42% ] 048/788 VUs  05m00.4s/12m0s  067.11 iters/s

running (05m01.4s), 048/788 VUs, 8172 complete and 0 interrupted iterations
openloop_gradual   [  42% ] 048/788 VUs  05m01.4s/12m0s  067.43 iters/s

running (05m02.4s), 049/788 VUs, 8238 complete and 0 interrupted iterations
openloop_gradual   [  42% ] 049/788 VUs  05m02.4s/12m0s  067.74 iters/s

running (05m03.4s), 054/788 VUs, 8301 complete and 0 interrupted iterations
openloop_gradual   [  42% ] 054/788 VUs  05m03.4s/12m0s  068.06 iters/s

running (05m04.4s), 046/788 VUs, 8378 complete and 0 interrupted iterations
openloop_gradual   [  42% ] 046/788 VUs  05m04.4s/12m0s  068.38 iters/s

running (05m05.4s), 046/788 VUs, 8446 complete and 0 interrupted iterations
openloop_gradual   [  42% ] 046/788 VUs  05m05.4s/12m0s  068.69 iters/s

running (05m06.4s), 049/788 VUs, 8512 complete and 0 interrupted iterations
openloop_gradual   [  43% ] 049/788 VUs  05m06.4s/12m0s  069.01 iters/s

running (05m07.4s), 049/788 VUs, 8581 complete and 0 interrupted iterations
openloop_gradual   [  43% ] 049/788 VUs  05m07.4s/12m0s  069.33 iters/s

running (05m08.4s), 050/788 VUs, 8650 complete and 0 interrupted iterations
openloop_gradual   [  43% ] 050/788 VUs  05m08.4s/12m0s  069.64 iters/s

running (05m09.4s), 053/788 VUs, 8716 complete and 0 interrupted iterations
openloop_gradual   [  43% ] 053/788 VUs  05m09.4s/12m0s  069.96 iters/s

running (05m10.4s), 048/788 VUs, 8792 complete and 0 interrupted iterations
openloop_gradual   [  43% ] 048/788 VUs  05m10.4s/12m0s  070.28 iters/s

running (05m11.4s), 049/788 VUs, 8861 complete and 0 interrupted iterations
openloop_gradual   [  43% ] 049/788 VUs  05m11.4s/12m0s  070.59 iters/s

running (05m12.4s), 051/788 VUs, 8930 complete and 0 interrupted iterations
openloop_gradual   [  43% ] 051/788 VUs  05m12.4s/12m0s  070.91 iters/s

running (05m13.4s), 045/788 VUs, 9007 complete and 0 interrupted iterations
openloop_gradual   [  44% ] 045/788 VUs  05m13.4s/12m0s  071.23 iters/s

running (05m14.4s), 053/788 VUs, 9070 complete and 0 interrupted iterations
openloop_gradual   [  44% ] 053/788 VUs  05m14.4s/12m0s  071.54 iters/s

running (05m15.4s), 054/788 VUs, 9141 complete and 0 interrupted iterations
openloop_gradual   [  44% ] 054/788 VUs  05m15.4s/12m0s  071.86 iters/s

running (05m16.4s), 050/788 VUs, 9217 complete and 0 interrupted iterations
openloop_gradual   [  44% ] 050/788 VUs  05m16.4s/12m0s  072.18 iters/s

running (05m17.4s), 049/788 VUs, 9290 complete and 0 interrupted iterations
openloop_gradual   [  44% ] 049/788 VUs  05m17.4s/12m0s  072.49 iters/s

running (05m18.4s), 054/788 VUs, 9358 complete and 0 interrupted iterations
openloop_gradual   [  44% ] 054/788 VUs  05m18.4s/12m0s  072.81 iters/s

running (05m19.4s), 054/788 VUs, 9431 complete and 0 interrupted iterations
openloop_gradual   [  44% ] 054/788 VUs  05m19.4s/12m0s  073.13 iters/s

running (05m20.4s), 054/788 VUs, 9504 complete and 0 interrupted iterations
openloop_gradual   [  44% ] 054/788 VUs  05m20.4s/12m0s  073.44 iters/s

running (05m21.4s), 055/788 VUs, 9577 complete and 0 interrupted iterations
openloop_gradual   [  45% ] 055/788 VUs  05m21.4s/12m0s  073.76 iters/s

running (05m22.4s), 052/788 VUs, 9654 complete and 0 interrupted iterations
openloop_gradual   [  45% ] 052/788 VUs  05m22.4s/12m0s  074.08 iters/s

running (05m23.4s), 056/788 VUs, 9724 complete and 0 interrupted iterations
openloop_gradual   [  45% ] 056/788 VUs  05m23.4s/12m0s  074.39 iters/s

running (05m24.4s), 051/788 VUs, 9803 complete and 0 interrupted iterations
openloop_gradual   [  45% ] 051/788 VUs  05m24.4s/12m0s  074.71 iters/s

running (05m25.4s), 053/788 VUs, 9876 complete and 0 interrupted iterations
openloop_gradual   [  45% ] 053/788 VUs  05m25.4s/12m0s  075.02 iters/s

running (05m26.4s), 049/788 VUs, 9955 complete and 0 interrupted iterations
openloop_gradual   [  45% ] 049/788 VUs  05m26.4s/12m0s  075.34 iters/s

running (05m27.4s), 056/788 VUs, 10024 complete and 0 interrupted iterations
openloop_gradual   [  45% ] 056/788 VUs  05m27.4s/12m0s  075.66 iters/s

running (05m28.4s), 051/788 VUs, 10105 complete and 0 interrupted iterations
openloop_gradual   [  46% ] 051/788 VUs  05m28.4s/12m0s  075.98 iters/s

running (05m29.4s), 058/788 VUs, 10174 complete and 0 interrupted iterations
openloop_gradual   [  46% ] 058/788 VUs  05m29.4s/12m0s  076.29 iters/s

running (05m30.4s), 051/788 VUs, 10257 complete and 0 interrupted iterations
openloop_gradual   [  46% ] 051/788 VUs  05m30.4s/12m0s  076.61 iters/s

running (05m31.4s), 053/788 VUs, 10332 complete and 0 interrupted iterations
openloop_gradual   [  46% ] 053/788 VUs  05m31.4s/12m0s  076.93 iters/s

running (05m32.4s), 055/788 VUs, 10407 complete and 0 interrupted iterations
openloop_gradual   [  46% ] 055/788 VUs  05m32.4s/12m0s  077.24 iters/s

running (05m33.4s), 053/788 VUs, 10487 complete and 0 interrupted iterations
openloop_gradual   [  46% ] 053/788 VUs  05m33.4s/12m0s  077.56 iters/s

running (05m34.4s), 056/788 VUs, 10561 complete and 0 interrupted iterations
openloop_gradual   [  46% ] 056/788 VUs  05m34.4s/12m0s  077.87 iters/s

running (05m35.4s), 050/788 VUs, 10645 complete and 0 interrupted iterations
openloop_gradual   [  47% ] 050/788 VUs  05m35.4s/12m0s  078.19 iters/s

running (05m36.4s), 055/788 VUs, 10719 complete and 0 interrupted iterations
openloop_gradual   [  47% ] 055/788 VUs  05m36.4s/12m0s  078.51 iters/s

running (05m37.4s), 057/788 VUs, 10795 complete and 0 interrupted iterations
openloop_gradual   [  47% ] 057/788 VUs  05m37.4s/12m0s  078.82 iters/s

running (05m38.4s), 057/788 VUs, 10874 complete and 0 interrupted iterations
openloop_gradual   [  47% ] 057/788 VUs  05m38.4s/12m0s  079.14 iters/s

running (05m39.4s), 058/788 VUs, 10953 complete and 0 interrupted iterations
openloop_gradual   [  47% ] 058/788 VUs  05m39.4s/12m0s  079.46 iters/s

running (05m40.4s), 054/788 VUs, 11036 complete and 0 interrupted iterations
openloop_gradual   [  47% ] 054/788 VUs  05m40.4s/12m0s  079.77 iters/s

running (05m41.4s), 054/788 VUs, 11116 complete and 0 interrupted iterations
openloop_gradual   [  47% ] 054/788 VUs  05m41.4s/12m0s  080.09 iters/s

running (05m42.4s), 054/788 VUs, 11196 complete and 0 interrupted iterations
openloop_gradual   [  48% ] 054/788 VUs  05m42.4s/12m0s  080.41 iters/s

running (05m43.4s), 056/788 VUs, 11275 complete and 0 interrupted iterations
openloop_gradual   [  48% ] 056/788 VUs  05m43.4s/12m0s  080.73 iters/s

running (05m44.4s), 056/788 VUs, 11356 complete and 0 interrupted iterations
openloop_gradual   [  48% ] 056/788 VUs  05m44.4s/12m0s  081.04 iters/s

running (05m45.4s), 058/788 VUs, 11435 complete and 0 interrupted iterations
openloop_gradual   [  48% ] 058/788 VUs  05m45.4s/12m0s  081.36 iters/s

running (05m46.4s), 057/788 VUs, 11518 complete and 0 interrupted iterations
openloop_gradual   [  48% ] 057/788 VUs  05m46.4s/12m0s  081.68 iters/s

running (05m47.4s), 055/788 VUs, 11601 complete and 0 interrupted iterations
openloop_gradual   [  48% ] 055/788 VUs  05m47.4s/12m0s  081.99 iters/s

running (05m48.4s), 057/788 VUs, 11682 complete and 0 interrupted iterations
openloop_gradual   [  48% ] 057/788 VUs  05m48.4s/12m0s  082.31 iters/s

running (05m49.4s), 059/788 VUs, 11762 complete and 0 interrupted iterations
openloop_gradual   [  49% ] 059/788 VUs  05m49.4s/12m0s  082.63 iters/s

running (05m50.4s), 061/788 VUs, 11843 complete and 0 interrupted iterations
openloop_gradual   [  49% ] 061/788 VUs  05m50.4s/12m0s  082.94 iters/s

running (05m51.4s), 057/788 VUs, 11930 complete and 0 interrupted iterations
openloop_gradual   [  49% ] 057/788 VUs  05m51.4s/12m0s  083.26 iters/s

running (05m52.4s), 058/788 VUs, 12012 complete and 0 interrupted iterations
openloop_gradual   [  49% ] 058/788 VUs  05m52.4s/12m0s  083.57 iters/s

running (05m53.4s), 061/788 VUs, 12093 complete and 0 interrupted iterations
openloop_gradual   [  49% ] 061/788 VUs  05m53.4s/12m0s  083.89 iters/s

running (05m54.4s), 057/788 VUs, 12181 complete and 0 interrupted iterations
openloop_gradual   [  49% ] 057/788 VUs  05m54.4s/12m0s  084.21 iters/s

running (05m55.4s), 056/788 VUs, 12267 complete and 0 interrupted iterations
openloop_gradual   [  49% ] 056/788 VUs  05m55.4s/12m0s  084.53 iters/s

running (05m56.4s), 065/788 VUs, 12342 complete and 0 interrupted iterations
openloop_gradual   [  49% ] 065/788 VUs  05m56.4s/12m0s  084.84 iters/s

running (05m57.4s), 068/788 VUs, 12424 complete and 0 interrupted iterations
openloop_gradual   [  50% ] 068/788 VUs  05m57.4s/12m0s  085.16 iters/s

running (05m58.4s), 058/788 VUs, 12520 complete and 0 interrupted iterations
openloop_gradual   [  50% ] 058/788 VUs  05m58.4s/12m0s  085.48 iters/s

running (05m59.4s), 061/788 VUs, 12602 complete and 0 interrupted iterations
openloop_gradual   [  50% ] 061/788 VUs  05m59.4s/12m0s  085.79 iters/s

running (06m00.4s), 063/788 VUs, 12686 complete and 0 interrupted iterations
openloop_gradual   [  50% ] 063/788 VUs  06m00.4s/12m0s  086.11 iters/s

running (06m01.4s), 060/788 VUs, 12775 complete and 0 interrupted iterations
openloop_gradual   [  50% ] 060/788 VUs  06m01.4s/12m0s  086.42 iters/s

running (06m02.4s), 061/788 VUs, 12861 complete and 0 interrupted iterations
openloop_gradual   [  50% ] 061/788 VUs  06m02.4s/12m0s  086.74 iters/s

running (06m03.4s), 070/788 VUs, 12939 complete and 0 interrupted iterations
openloop_gradual   [  50% ] 070/788 VUs  06m03.4s/12m0s  087.06 iters/s

running (06m04.4s), 067/788 VUs, 13029 complete and 0 interrupted iterations
openloop_gradual   [  51% ] 067/788 VUs  06m04.4s/12m0s  087.38 iters/s

running (06m05.4s), 061/788 VUs, 13123 complete and 0 interrupted iterations
openloop_gradual   [  51% ] 061/788 VUs  06m05.4s/12m0s  087.69 iters/s

running (06m06.4s), 062/788 VUs, 13209 complete and 0 interrupted iterations
openloop_gradual   [  51% ] 062/788 VUs  06m06.4s/12m0s  088.01 iters/s

running (06m07.4s), 063/788 VUs, 13297 complete and 0 interrupted iterations
openloop_gradual   [  51% ] 063/788 VUs  06m07.4s/12m0s  088.33 iters/s

running (06m08.4s), 063/788 VUs, 13385 complete and 0 interrupted iterations
openloop_gradual   [  51% ] 063/788 VUs  06m08.4s/12m0s  088.64 iters/s

running (06m09.4s), 065/788 VUs, 13472 complete and 0 interrupted iterations
openloop_gradual   [  51% ] 065/788 VUs  06m09.4s/12m0s  088.96 iters/s

running (06m10.4s), 069/788 VUs, 13557 complete and 0 interrupted iterations
openloop_gradual   [  51% ] 069/788 VUs  06m10.4s/12m0s  089.28 iters/s

running (06m11.4s), 064/788 VUs, 13651 complete and 0 interrupted iterations
openloop_gradual   [  52% ] 064/788 VUs  06m11.4s/12m0s  089.59 iters/s

running (06m12.4s), 065/788 VUs, 13740 complete and 0 interrupted iterations
openloop_gradual   [  52% ] 065/788 VUs  06m12.4s/12m0s  089.91 iters/s

running (06m13.4s), 061/788 VUs, 13834 complete and 0 interrupted iterations
openloop_gradual   [  52% ] 061/788 VUs  06m13.4s/12m0s  090.22 iters/s

running (06m14.4s), 059/788 VUs, 13927 complete and 0 interrupted iterations
openloop_gradual   [  52% ] 059/788 VUs  06m14.4s/12m0s  090.54 iters/s

running (06m15.4s), 060/788 VUs, 14016 complete and 0 interrupted iterations
openloop_gradual   [  52% ] 060/788 VUs  06m15.4s/12m0s  090.86 iters/s

running (06m16.4s), 063/788 VUs, 14104 complete and 0 interrupted iterations
openloop_gradual   [  52% ] 063/788 VUs  06m16.4s/12m0s  091.17 iters/s

running (06m17.4s), 063/788 VUs, 14196 complete and 0 interrupted iterations
openloop_gradual   [  52% ] 063/788 VUs  06m17.4s/12m0s  091.49 iters/s

running (06m18.4s), 062/788 VUs, 14288 complete and 0 interrupted iterations
openloop_gradual   [  53% ] 062/788 VUs  06m18.4s/12m0s  091.81 iters/s

running (06m19.4s), 070/788 VUs, 14372 complete and 0 interrupted iterations
openloop_gradual   [  53% ] 070/788 VUs  06m19.4s/12m0s  092.12 iters/s

running (06m20.4s), 063/788 VUs, 14472 complete and 0 interrupted iterations
openloop_gradual   [  53% ] 063/788 VUs  06m20.4s/12m0s  092.44 iters/s

running (06m21.4s), 066/788 VUs, 14561 complete and 0 interrupted iterations
openloop_gradual   [  53% ] 066/788 VUs  06m21.4s/12m0s  092.76 iters/s

running (06m22.4s), 064/788 VUs, 14656 complete and 0 interrupted iterations
openloop_gradual   [  53% ] 064/788 VUs  06m22.4s/12m0s  093.08 iters/s

running (06m23.4s), 062/788 VUs, 14751 complete and 0 interrupted iterations
openloop_gradual   [  53% ] 062/788 VUs  06m23.4s/12m0s  093.39 iters/s

running (06m24.4s), 066/788 VUs, 14841 complete and 0 interrupted iterations
openloop_gradual   [  53% ] 066/788 VUs  06m24.4s/12m0s  093.71 iters/s

running (06m25.4s), 072/788 VUs, 14929 complete and 0 interrupted iterations
openloop_gradual   [  54% ] 072/788 VUs  06m25.4s/12m0s  094.03 iters/s

running (06m26.4s), 061/788 VUs, 15034 complete and 0 interrupted iterations
openloop_gradual   [  54% ] 061/788 VUs  06m26.4s/12m0s  094.34 iters/s

running (06m27.4s), 070/788 VUs, 15119 complete and 0 interrupted iterations
openloop_gradual   [  54% ] 070/788 VUs  06m27.4s/12m0s  094.66 iters/s

running (06m28.4s), 069/788 VUs, 15215 complete and 0 interrupted iterations
openloop_gradual   [  54% ] 069/788 VUs  06m28.4s/12m0s  094.97 iters/s

running (06m29.4s), 061/788 VUs, 15318 complete and 0 interrupted iterations
openloop_gradual   [  54% ] 061/788 VUs  06m29.4s/12m0s  095.29 iters/s

running (06m30.4s), 066/788 VUs, 15409 complete and 0 interrupted iterations
openloop_gradual   [  54% ] 066/788 VUs  06m30.4s/12m0s  095.61 iters/s

running (06m31.4s), 068/788 VUs, 15503 complete and 0 interrupted iterations
openloop_gradual   [  54% ] 068/788 VUs  06m31.4s/12m0s  095.93 iters/s

running (06m32.4s), 070/788 VUs, 15597 complete and 0 interrupted iterations
openloop_gradual   [  54% ] 070/788 VUs  06m32.4s/12m0s  096.24 iters/s

running (06m33.4s), 072/788 VUs, 15691 complete and 0 interrupted iterations
openloop_gradual   [  55% ] 072/788 VUs  06m33.4s/12m0s  096.56 iters/s

running (06m34.4s), 065/788 VUs, 15795 complete and 0 interrupted iterations
openloop_gradual   [  55% ] 065/788 VUs  06m34.4s/12m0s  096.88 iters/s

running (06m35.4s), 069/788 VUs, 15888 complete and 0 interrupted iterations
openloop_gradual   [  55% ] 069/788 VUs  06m35.4s/12m0s  097.19 iters/s

running (06m36.4s), 066/788 VUs, 15988 complete and 0 interrupted iterations
openloop_gradual   [  55% ] 066/788 VUs  06m36.4s/12m0s  097.51 iters/s

running (06m37.4s), 069/788 VUs, 16083 complete and 0 interrupted iterations
openloop_gradual   [  55% ] 069/788 VUs  06m37.4s/12m0s  097.83 iters/s

running (06m38.4s), 068/788 VUs, 16182 complete and 0 interrupted iterations
openloop_gradual   [  55% ] 068/788 VUs  06m38.4s/12m0s  098.14 iters/s

running (06m39.4s), 072/788 VUs, 16276 complete and 0 interrupted iterations
openloop_gradual   [  55% ] 072/788 VUs  06m39.4s/12m0s  098.46 iters/s

running (06m40.4s), 073/788 VUs, 16374 complete and 0 interrupted iterations
openloop_gradual   [  56% ] 073/788 VUs  06m40.4s/12m0s  098.78 iters/s

running (06m41.4s), 070/788 VUs, 16476 complete and 0 interrupted iterations
openloop_gradual   [  56% ] 070/788 VUs  06m41.4s/12m0s  099.09 iters/s

running (06m42.4s), 071/788 VUs, 16574 complete and 0 interrupted iterations
openloop_gradual   [  56% ] 071/788 VUs  06m42.4s/12m0s  099.41 iters/s

running (06m43.4s), 068/788 VUs, 16677 complete and 0 interrupted iterations
openloop_gradual   [  56% ] 068/788 VUs  06m43.4s/12m0s  099.73 iters/s

running (06m44.4s), 071/788 VUs, 16773 complete and 0 interrupted iterations
openloop_gradual   [  56% ] 071/788 VUs  06m44.4s/12m0s  100.04 iters/s

running (06m45.4s), 072/788 VUs, 16873 complete and 0 interrupted iterations
openloop_gradual   [  56% ] 072/788 VUs  06m45.4s/12m0s  100.36 iters/s

running (06m46.4s), 072/788 VUs, 16973 complete and 0 interrupted iterations
openloop_gradual   [  56% ] 072/788 VUs  06m46.4s/12m0s  100.68 iters/s

running (06m47.4s), 066/788 VUs, 17080 complete and 0 interrupted iterations
openloop_gradual   [  57% ] 066/788 VUs  06m47.4s/12m0s  100.99 iters/s

running (06m48.4s), 070/788 VUs, 17177 complete and 0 interrupted iterations
openloop_gradual   [  57% ] 070/788 VUs  06m48.4s/12m0s  101.31 iters/s

running (06m49.4s), 073/788 VUs, 17276 complete and 0 interrupted iterations
openloop_gradual   [  57% ] 073/788 VUs  06m49.4s/12m0s  101.63 iters/s

running (06m50.4s), 071/788 VUs, 17379 complete and 0 interrupted iterations
openloop_gradual   [  57% ] 071/788 VUs  06m50.4s/12m0s  101.94 iters/s

running (06m51.4s), 073/788 VUs, 17480 complete and 0 interrupted iterations
openloop_gradual   [  57% ] 073/788 VUs  06m51.4s/12m0s  102.26 iters/s

running (06m52.4s), 072/788 VUs, 17583 complete and 0 interrupted iterations
openloop_gradual   [  57% ] 072/788 VUs  06m52.4s/12m0s  102.58 iters/s

running (06m53.4s), 074/788 VUs, 17684 complete and 0 interrupted iterations
openloop_gradual   [  57% ] 074/788 VUs  06m53.4s/12m0s  102.89 iters/s

running (06m54.4s), 069/788 VUs, 17792 complete and 0 interrupted iterations
openloop_gradual   [  58% ] 069/788 VUs  06m54.4s/12m0s  103.21 iters/s

running (06m55.4s), 072/788 VUs, 17892 complete and 0 interrupted iterations
openloop_gradual   [  58% ] 072/788 VUs  06m55.4s/12m0s  103.53 iters/s

running (06m56.4s), 077/788 VUs, 17991 complete and 0 interrupted iterations
openloop_gradual   [  58% ] 077/788 VUs  06m56.4s/12m0s  103.84 iters/s

running (06m57.4s), 073/788 VUs, 18099 complete and 0 interrupted iterations
openloop_gradual   [  58% ] 073/788 VUs  06m57.4s/12m0s  104.16 iters/s

running (06m58.4s), 074/788 VUs, 18202 complete and 0 interrupted iterations
openloop_gradual   [  58% ] 074/788 VUs  06m58.4s/12m0s  104.48 iters/s

running (06m59.4s), 072/788 VUs, 18309 complete and 0 interrupted iterations
openloop_gradual   [  58% ] 072/788 VUs  06m59.4s/12m0s  104.79 iters/s

running (07m00.4s), 076/788 VUs, 18410 complete and 0 interrupted iterations
openloop_gradual   [  58% ] 076/788 VUs  07m00.4s/12m0s  105.00 iters/s

running (07m01.4s), 075/788 VUs, 18516 complete and 0 interrupted iterations
openloop_gradual   [  59% ] 075/788 VUs  07m01.4s/12m0s  105.00 iters/s

running (07m02.4s), 078/788 VUs, 18618 complete and 0 interrupted iterations
openloop_gradual   [  59% ] 078/788 VUs  07m02.4s/12m0s  105.00 iters/s

running (07m03.4s), 076/788 VUs, 18725 complete and 0 interrupted iterations
openloop_gradual   [  59% ] 076/788 VUs  07m03.4s/12m0s  105.00 iters/s

running (07m04.4s), 079/788 VUs, 18827 complete and 0 interrupted iterations
openloop_gradual   [  59% ] 079/788 VUs  07m04.4s/12m0s  105.00 iters/s

running (07m05.4s), 074/788 VUs, 18937 complete and 0 interrupted iterations
openloop_gradual   [  59% ] 074/788 VUs  07m05.4s/12m0s  105.00 iters/s

running (07m06.4s), 077/788 VUs, 19039 complete and 0 interrupted iterations
openloop_gradual   [  59% ] 077/788 VUs  07m06.4s/12m0s  105.00 iters/s

running (07m07.4s), 073/788 VUs, 19148 complete and 0 interrupted iterations
openloop_gradual   [  59% ] 073/788 VUs  07m07.4s/12m0s  105.00 iters/s

running (07m08.4s), 081/788 VUs, 19245 complete and 0 interrupted iterations
openloop_gradual   [  59% ] 081/788 VUs  07m08.4s/12m0s  105.00 iters/s

running (07m09.4s), 076/788 VUs, 19355 complete and 0 interrupted iterations
openloop_gradual   [  60% ] 076/788 VUs  07m09.4s/12m0s  105.00 iters/s

running (07m10.4s), 077/788 VUs, 19459 complete and 0 interrupted iterations
openloop_gradual   [  60% ] 077/788 VUs  07m10.4s/12m0s  105.00 iters/s

running (07m11.4s), 075/788 VUs, 19566 complete and 0 interrupted iterations
openloop_gradual   [  60% ] 075/788 VUs  07m11.4s/12m0s  105.00 iters/s

running (07m12.4s), 066/788 VUs, 19680 complete and 0 interrupted iterations
openloop_gradual   [  60% ] 066/788 VUs  07m12.4s/12m0s  105.00 iters/s

running (07m13.4s), 075/788 VUs, 19776 complete and 0 interrupted iterations
openloop_gradual   [  60% ] 075/788 VUs  07m13.4s/12m0s  105.00 iters/s

running (07m14.4s), 081/788 VUs, 19875 complete and 0 interrupted iterations
openloop_gradual   [  60% ] 081/788 VUs  07m14.4s/12m0s  105.00 iters/s

running (07m15.4s), 079/788 VUs, 19982 complete and 0 interrupted iterations
openloop_gradual   [  60% ] 079/788 VUs  07m15.4s/12m0s  105.00 iters/s

running (07m16.4s), 077/788 VUs, 20089 complete and 0 interrupted iterations
openloop_gradual   [  61% ] 077/788 VUs  07m16.4s/12m0s  105.00 iters/s

running (07m17.4s), 077/788 VUs, 20194 complete and 0 interrupted iterations
openloop_gradual   [  61% ] 077/788 VUs  07m17.4s/12m0s  105.00 iters/s

running (07m18.4s), 070/788 VUs, 20306 complete and 0 interrupted iterations
openloop_gradual   [  61% ] 070/788 VUs  07m18.4s/12m0s  105.00 iters/s

running (07m19.4s), 075/788 VUs, 20406 complete and 0 interrupted iterations
openloop_gradual   [  61% ] 075/788 VUs  07m19.4s/12m0s  105.00 iters/s

running (07m20.4s), 077/788 VUs, 20509 complete and 0 interrupted iterations
openloop_gradual   [  61% ] 077/788 VUs  07m20.4s/12m0s  105.00 iters/s

running (07m21.4s), 072/788 VUs, 20619 complete and 0 interrupted iterations
openloop_gradual   [  61% ] 072/788 VUs  07m21.4s/12m0s  105.00 iters/s

running (07m22.4s), 077/788 VUs, 20719 complete and 0 interrupted iterations
openloop_gradual   [  61% ] 077/788 VUs  07m22.4s/12m0s  105.00 iters/s

running (07m23.4s), 075/788 VUs, 20826 complete and 0 interrupted iterations
openloop_gradual   [  62% ] 075/788 VUs  07m23.4s/12m0s  105.00 iters/s

running (07m24.4s), 076/788 VUs, 20930 complete and 0 interrupted iterations
openloop_gradual   [  62% ] 076/788 VUs  07m24.4s/12m0s  105.00 iters/s

running (07m25.4s), 074/788 VUs, 21037 complete and 0 interrupted iterations
openloop_gradual   [  62% ] 074/788 VUs  07m25.4s/12m0s  105.00 iters/s

running (07m26.4s), 076/788 VUs, 21140 complete and 0 interrupted iterations
openloop_gradual   [  62% ] 076/788 VUs  07m26.4s/12m0s  105.00 iters/s

running (07m27.4s), 072/788 VUs, 21249 complete and 0 interrupted iterations
openloop_gradual   [  62% ] 072/788 VUs  07m27.4s/12m0s  105.00 iters/s

running (07m28.4s), 071/788 VUs, 21355 complete and 0 interrupted iterations
openloop_gradual   [  62% ] 071/788 VUs  07m28.4s/12m0s  105.00 iters/s

running (07m29.4s), 077/788 VUs, 21454 complete and 0 interrupted iterations
openloop_gradual   [  62% ] 077/788 VUs  07m29.4s/12m0s  105.00 iters/s

running (07m30.4s), 074/788 VUs, 21562 complete and 0 interrupted iterations
openloop_gradual   [  63% ] 074/788 VUs  07m30.4s/12m0s  105.00 iters/s

running (07m31.4s), 077/788 VUs, 21664 complete and 0 interrupted iterations
openloop_gradual   [  63% ] 077/788 VUs  07m31.4s/12m0s  105.00 iters/s

running (07m32.4s), 072/788 VUs, 21774 complete and 0 interrupted iterations
openloop_gradual   [  63% ] 072/788 VUs  07m32.4s/12m0s  105.00 iters/s

running (07m33.4s), 074/788 VUs, 21877 complete and 0 interrupted iterations
openloop_gradual   [  63% ] 074/788 VUs  07m33.4s/12m0s  105.00 iters/s

running (07m34.4s), 077/788 VUs, 21979 complete and 0 interrupted iterations
openloop_gradual   [  63% ] 077/788 VUs  07m34.4s/12m0s  105.00 iters/s

running (07m35.4s), 075/788 VUs, 22086 complete and 0 interrupted iterations
openloop_gradual   [  63% ] 075/788 VUs  07m35.4s/12m0s  105.00 iters/s

running (07m36.4s), 077/788 VUs, 22189 complete and 0 interrupted iterations
openloop_gradual   [  63% ] 077/788 VUs  07m36.4s/12m0s  105.00 iters/s

running (07m37.4s), 077/788 VUs, 22294 complete and 0 interrupted iterations
openloop_gradual   [  64% ] 077/788 VUs  07m37.4s/12m0s  105.00 iters/s

running (07m38.4s), 073/788 VUs, 22403 complete and 0 interrupted iterations
openloop_gradual   [  64% ] 073/788 VUs  07m38.4s/12m0s  105.00 iters/s

running (07m39.4s), 069/788 VUs, 22512 complete and 0 interrupted iterations
openloop_gradual   [  64% ] 069/788 VUs  07m39.4s/12m0s  105.00 iters/s

running (07m40.4s), 072/788 VUs, 22614 complete and 0 interrupted iterations
openloop_gradual   [  64% ] 072/788 VUs  07m40.4s/12m0s  105.00 iters/s

running (07m41.4s), 077/788 VUs, 22714 complete and 0 interrupted iterations
openloop_gradual   [  64% ] 077/788 VUs  07m41.4s/12m0s  105.00 iters/s

running (07m42.4s), 074/788 VUs, 22822 complete and 0 interrupted iterations
openloop_gradual   [  64% ] 074/788 VUs  07m42.4s/12m0s  105.00 iters/s

running (07m43.4s), 070/788 VUs, 22931 complete and 0 interrupted iterations
openloop_gradual   [  64% ] 070/788 VUs  07m43.4s/12m0s  105.00 iters/s

running (07m44.4s), 078/788 VUs, 23028 complete and 0 interrupted iterations
openloop_gradual   [  64% ] 078/788 VUs  07m44.4s/12m0s  105.00 iters/s

running (07m45.4s), 078/788 VUs, 23133 complete and 0 interrupted iterations
openloop_gradual   [  65% ] 078/788 VUs  07m45.4s/12m0s  105.00 iters/s

running (07m46.4s), 073/788 VUs, 23243 complete and 0 interrupted iterations
openloop_gradual   [  65% ] 073/788 VUs  07m46.4s/12m0s  105.00 iters/s

running (07m47.4s), 074/788 VUs, 23347 complete and 0 interrupted iterations
openloop_gradual   [  65% ] 074/788 VUs  07m47.4s/12m0s  105.00 iters/s

running (07m48.4s), 077/788 VUs, 23449 complete and 0 interrupted iterations
openloop_gradual   [  65% ] 077/788 VUs  07m48.4s/12m0s  105.00 iters/s

running (07m49.4s), 073/788 VUs, 23558 complete and 0 interrupted iterations
openloop_gradual   [  65% ] 073/788 VUs  07m49.4s/12m0s  105.00 iters/s

running (07m50.4s), 075/788 VUs, 23661 complete and 0 interrupted iterations
openloop_gradual   [  65% ] 075/788 VUs  07m50.4s/12m0s  105.00 iters/s

running (07m51.4s), 077/788 VUs, 23764 complete and 0 interrupted iterations
openloop_gradual   [  65% ] 077/788 VUs  07m51.4s/12m0s  105.00 iters/s

running (07m52.4s), 075/788 VUs, 23871 complete and 0 interrupted iterations
openloop_gradual   [  66% ] 075/788 VUs  07m52.4s/12m0s  105.00 iters/s

running (07m53.4s), 075/788 VUs, 23976 complete and 0 interrupted iterations
openloop_gradual   [  66% ] 075/788 VUs  07m53.4s/12m0s  105.00 iters/s

running (07m54.4s), 077/788 VUs, 24079 complete and 0 interrupted iterations
openloop_gradual   [  66% ] 077/788 VUs  07m54.4s/12m0s  105.00 iters/s

running (07m55.4s), 081/788 VUs, 24180 complete and 0 interrupted iterations
openloop_gradual   [  66% ] 081/788 VUs  07m55.4s/12m0s  105.00 iters/s

running (07m56.4s), 076/788 VUs, 24290 complete and 0 interrupted iterations
openloop_gradual   [  66% ] 076/788 VUs  07m56.4s/12m0s  105.00 iters/s

running (07m57.4s), 069/788 VUs, 24402 complete and 0 interrupted iterations
openloop_gradual   [  66% ] 069/788 VUs  07m57.4s/12m0s  105.00 iters/s

running (07m58.4s), 075/788 VUs, 24501 complete and 0 interrupted iterations
openloop_gradual   [  66% ] 075/788 VUs  07m58.4s/12m0s  105.00 iters/s

running (07m59.4s), 075/788 VUs, 24606 complete and 0 interrupted iterations
openloop_gradual   [  67% ] 075/788 VUs  07m59.4s/12m0s  105.00 iters/s

running (08m00.4s), 072/788 VUs, 24714 complete and 0 interrupted iterations
openloop_gradual   [  67% ] 072/788 VUs  08m00.4s/12m0s  105.00 iters/s

running (08m01.4s), 074/788 VUs, 24817 complete and 0 interrupted iterations
openloop_gradual   [  67% ] 074/788 VUs  08m01.4s/12m0s  105.00 iters/s

running (08m02.4s), 078/788 VUs, 24918 complete and 0 interrupted iterations
openloop_gradual   [  67% ] 078/788 VUs  08m02.4s/12m0s  105.00 iters/s

running (08m03.4s), 071/788 VUs, 25030 complete and 0 interrupted iterations
openloop_gradual   [  67% ] 071/788 VUs  08m03.4s/12m0s  105.00 iters/s

running (08m04.4s), 074/788 VUs, 25132 complete and 0 interrupted iterations
openloop_gradual   [  67% ] 074/788 VUs  08m04.4s/12m0s  105.00 iters/s

running (08m05.4s), 075/788 VUs, 25236 complete and 0 interrupted iterations
openloop_gradual   [  67% ] 075/788 VUs  08m05.4s/12m0s  105.00 iters/s

running (08m06.4s), 075/788 VUs, 25341 complete and 0 interrupted iterations
openloop_gradual   [  68% ] 075/788 VUs  08m06.4s/12m0s  105.00 iters/s

running (08m07.4s), 072/788 VUs, 25449 complete and 0 interrupted iterations
openloop_gradual   [  68% ] 072/788 VUs  08m07.4s/12m0s  105.00 iters/s

running (08m08.4s), 073/788 VUs, 25553 complete and 0 interrupted iterations
openloop_gradual   [  68% ] 073/788 VUs  08m08.4s/12m0s  105.00 iters/s

running (08m09.4s), 075/788 VUs, 25656 complete and 0 interrupted iterations
openloop_gradual   [  68% ] 075/788 VUs  08m09.4s/12m0s  105.00 iters/s

running (08m10.4s), 075/788 VUs, 25761 complete and 0 interrupted iterations
openloop_gradual   [  68% ] 075/788 VUs  08m10.4s/12m0s  105.00 iters/s

running (08m11.4s), 072/788 VUs, 25869 complete and 0 interrupted iterations
openloop_gradual   [  68% ] 072/788 VUs  08m11.4s/12m0s  105.00 iters/s

running (08m12.4s), 076/788 VUs, 25970 complete and 0 interrupted iterations
openloop_gradual   [  68% ] 076/788 VUs  08m12.4s/12m0s  105.00 iters/s

running (08m13.4s), 072/788 VUs, 26079 complete and 0 interrupted iterations
openloop_gradual   [  69% ] 072/788 VUs  08m13.4s/12m0s  105.00 iters/s

running (08m14.4s), 074/788 VUs, 26182 complete and 0 interrupted iterations
openloop_gradual   [  69% ] 074/788 VUs  08m14.4s/12m0s  105.00 iters/s

running (08m15.4s), 076/788 VUs, 26285 complete and 0 interrupted iterations
openloop_gradual   [  69% ] 076/788 VUs  08m15.4s/12m0s  105.00 iters/s

running (08m16.4s), 073/788 VUs, 26393 complete and 0 interrupted iterations
openloop_gradual   [  69% ] 073/788 VUs  08m16.4s/12m0s  105.00 iters/s

running (08m17.4s), 077/788 VUs, 26494 complete and 0 interrupted iterations
openloop_gradual   [  69% ] 077/788 VUs  08m17.4s/12m0s  105.00 iters/s

running (08m18.4s), 074/788 VUs, 26602 complete and 0 interrupted iterations
openloop_gradual   [  69% ] 074/788 VUs  08m18.4s/12m0s  105.00 iters/s

running (08m19.4s), 073/788 VUs, 26708 complete and 0 interrupted iterations
openloop_gradual   [  69% ] 073/788 VUs  08m19.4s/12m0s  105.00 iters/s

running (08m20.4s), 076/788 VUs, 26810 complete and 0 interrupted iterations
openloop_gradual   [  69% ] 076/788 VUs  08m20.4s/12m0s  105.00 iters/s

running (08m21.4s), 069/788 VUs, 26922 complete and 0 interrupted iterations
openloop_gradual   [  70% ] 069/788 VUs  08m21.4s/12m0s  105.00 iters/s

running (08m22.4s), 072/788 VUs, 27024 complete and 0 interrupted iterations
openloop_gradual   [  70% ] 072/788 VUs  08m22.4s/12m0s  105.00 iters/s

running (08m23.4s), 071/788 VUs, 27130 complete and 0 interrupted iterations
openloop_gradual   [  70% ] 071/788 VUs  08m23.4s/12m0s  105.00 iters/s

running (08m24.4s), 076/788 VUs, 27230 complete and 0 interrupted iterations
openloop_gradual   [  70% ] 076/788 VUs  08m24.4s/12m0s  105.00 iters/s

running (08m25.4s), 073/788 VUs, 27338 complete and 0 interrupted iterations
openloop_gradual   [  70% ] 073/788 VUs  08m25.4s/12m0s  105.00 iters/s

running (08m26.4s), 075/788 VUs, 27441 complete and 0 interrupted iterations
openloop_gradual   [  70% ] 075/788 VUs  08m26.4s/12m0s  105.00 iters/s

running (08m27.4s), 067/788 VUs, 27554 complete and 0 interrupted iterations
openloop_gradual   [  70% ] 067/788 VUs  08m27.4s/12m0s  105.00 iters/s

running (08m28.4s), 076/788 VUs, 27650 complete and 0 interrupted iterations
openloop_gradual   [  71% ] 076/788 VUs  08m28.4s/12m0s  105.00 iters/s

running (08m29.4s), 076/788 VUs, 27755 complete and 0 interrupted iterations
openloop_gradual   [  71% ] 076/788 VUs  08m29.4s/12m0s  105.00 iters/s

running (08m30.4s), 075/788 VUs, 27861 complete and 0 interrupted iterations
openloop_gradual   [  71% ] 075/788 VUs  08m30.4s/12m0s  105.00 iters/s

running (08m31.4s), 079/788 VUs, 27962 complete and 0 interrupted iterations
openloop_gradual   [  71% ] 079/788 VUs  08m31.4s/12m0s  105.00 iters/s

running (08m32.4s), 075/788 VUs, 28071 complete and 0 interrupted iterations
openloop_gradual   [  71% ] 075/788 VUs  08m32.4s/12m0s  105.00 iters/s

running (08m33.4s), 073/788 VUs, 28178 complete and 0 interrupted iterations
openloop_gradual   [  71% ] 073/788 VUs  08m33.4s/12m0s  105.00 iters/s

running (08m34.4s), 072/788 VUs, 28284 complete and 0 interrupted iterations
openloop_gradual   [  71% ] 072/788 VUs  08m34.4s/12m0s  105.00 iters/s

running (08m35.4s), 075/788 VUs, 28386 complete and 0 interrupted iterations
openloop_gradual   [  72% ] 075/788 VUs  08m35.4s/12m0s  105.00 iters/s

running (08m36.4s), 077/788 VUs, 28489 complete and 0 interrupted iterations
openloop_gradual   [  72% ] 077/788 VUs  08m36.4s/12m0s  105.00 iters/s

running (08m37.4s), 072/788 VUs, 28599 complete and 0 interrupted iterations
openloop_gradual   [  72% ] 072/788 VUs  08m37.4s/12m0s  105.00 iters/s

running (08m38.4s), 070/788 VUs, 28706 complete and 0 interrupted iterations
openloop_gradual   [  72% ] 070/788 VUs  08m38.4s/12m0s  105.00 iters/s

running (08m39.4s), 075/788 VUs, 28806 complete and 0 interrupted iterations
openloop_gradual   [  72% ] 075/788 VUs  08m39.4s/12m0s  105.00 iters/s

running (08m40.4s), 076/788 VUs, 28910 complete and 0 interrupted iterations
openloop_gradual   [  72% ] 076/788 VUs  08m40.4s/12m0s  105.00 iters/s

running (08m41.4s), 070/788 VUs, 29021 complete and 0 interrupted iterations
openloop_gradual   [  72% ] 070/788 VUs  08m41.4s/12m0s  105.00 iters/s

running (08m42.4s), 075/788 VUs, 29121 complete and 0 interrupted iterations
openloop_gradual   [  73% ] 075/788 VUs  08m42.4s/12m0s  105.00 iters/s

running (08m43.4s), 071/788 VUs, 29230 complete and 0 interrupted iterations
openloop_gradual   [  73% ] 071/788 VUs  08m43.4s/12m0s  105.00 iters/s

running (08m44.4s), 078/788 VUs, 29328 complete and 0 interrupted iterations
openloop_gradual   [  73% ] 078/788 VUs  08m44.4s/12m0s  105.00 iters/s

running (08m45.4s), 081/788 VUs, 29430 complete and 0 interrupted iterations
openloop_gradual   [  73% ] 081/788 VUs  08m45.4s/12m0s  105.00 iters/s

running (08m46.4s), 074/788 VUs, 29542 complete and 0 interrupted iterations
openloop_gradual   [  73% ] 074/788 VUs  08m46.4s/12m0s  105.00 iters/s

running (08m47.4s), 070/788 VUs, 29651 complete and 0 interrupted iterations
openloop_gradual   [  73% ] 070/788 VUs  08m47.4s/12m0s  105.00 iters/s

running (08m48.4s), 079/788 VUs, 29747 complete and 0 interrupted iterations
openloop_gradual   [  73% ] 079/788 VUs  08m48.4s/12m0s  105.00 iters/s

running (08m49.4s), 078/788 VUs, 29853 complete and 0 interrupted iterations
openloop_gradual   [  74% ] 078/788 VUs  08m49.4s/12m0s  105.00 iters/s

running (08m50.4s), 083/788 VUs, 29953 complete and 0 interrupted iterations
openloop_gradual   [  74% ] 083/788 VUs  08m50.4s/12m0s  105.00 iters/s

running (08m51.4s), 079/788 VUs, 30062 complete and 0 interrupted iterations
openloop_gradual   [  74% ] 079/788 VUs  08m51.4s/12m0s  105.00 iters/s

running (08m52.4s), 073/788 VUs, 30173 complete and 0 interrupted iterations
openloop_gradual   [  74% ] 073/788 VUs  08m52.4s/12m0s  105.00 iters/s

running (08m53.4s), 077/788 VUs, 30274 complete and 0 interrupted iterations
openloop_gradual   [  74% ] 077/788 VUs  08m53.4s/12m0s  105.00 iters/s

running (08m54.4s), 076/788 VUs, 30380 complete and 0 interrupted iterations
openloop_gradual   [  74% ] 076/788 VUs  08m54.4s/12m0s  105.00 iters/s

running (08m55.4s), 079/788 VUs, 30482 complete and 0 interrupted iterations
openloop_gradual   [  74% ] 079/788 VUs  08m55.4s/12m0s  105.00 iters/s

running (08m56.4s), 075/788 VUs, 30591 complete and 0 interrupted iterations
openloop_gradual   [  74% ] 075/788 VUs  08m56.4s/12m0s  105.00 iters/s

running (08m57.4s), 074/788 VUs, 30697 complete and 0 interrupted iterations
openloop_gradual   [  75% ] 074/788 VUs  08m57.4s/12m0s  105.00 iters/s

running (08m58.4s), 073/788 VUs, 30803 complete and 0 interrupted iterations
openloop_gradual   [  75% ] 073/788 VUs  08m58.4s/12m0s  105.00 iters/s

running (08m59.4s), 071/788 VUs, 30910 complete and 0 interrupted iterations
openloop_gradual   [  75% ] 071/788 VUs  08m59.4s/12m0s  105.00 iters/s

running (09m00.4s), 080/788 VUs, 31006 complete and 0 interrupted iterations
openloop_gradual   [  75% ] 080/788 VUs  09m00.4s/12m0s  104.80 iters/s

running (09m01.4s), 076/788 VUs, 31114 complete and 0 interrupted iterations
openloop_gradual   [  75% ] 076/788 VUs  09m01.4s/12m0s  104.22 iters/s

running (09m02.4s), 076/788 VUs, 31218 complete and 0 interrupted iterations
openloop_gradual   [  75% ] 076/788 VUs  09m02.4s/12m0s  103.63 iters/s

running (09m03.4s), 074/788 VUs, 31323 complete and 0 interrupted iterations
openloop_gradual   [  75% ] 074/788 VUs  09m03.4s/12m0s  103.05 iters/s

running (09m04.4s), 072/788 VUs, 31428 complete and 0 interrupted iterations
openloop_gradual   [  76% ] 072/788 VUs  09m04.4s/12m0s  102.47 iters/s

running (09m05.4s), 075/788 VUs, 31527 complete and 0 interrupted iterations
openloop_gradual   [  76% ] 075/788 VUs  09m05.4s/12m0s  101.88 iters/s

running (09m06.4s), 075/788 VUs, 31629 complete and 0 interrupted iterations
openloop_gradual   [  76% ] 075/788 VUs  09m06.4s/12m0s  101.30 iters/s

running (09m07.4s), 074/788 VUs, 31731 complete and 0 interrupted iterations
openloop_gradual   [  76% ] 074/788 VUs  09m07.4s/12m0s  100.72 iters/s

running (09m08.4s), 075/788 VUs, 31830 complete and 0 interrupted iterations
openloop_gradual   [  76% ] 075/788 VUs  09m08.4s/12m0s  100.13 iters/s

running (09m09.4s), 072/788 VUs, 31933 complete and 0 interrupted iterations
openloop_gradual   [  76% ] 072/788 VUs  09m09.4s/12m0s  099.55 iters/s

running (09m10.4s), 069/788 VUs, 32035 complete and 0 interrupted iterations
openloop_gradual   [  76% ] 069/788 VUs  09m10.4s/12m0s  098.97 iters/s

running (09m11.4s), 065/788 VUs, 32138 complete and 0 interrupted iterations
openloop_gradual   [  77% ] 065/788 VUs  09m11.4s/12m0s  098.38 iters/s

running (09m12.4s), 067/788 VUs, 32234 complete and 0 interrupted iterations
openloop_gradual   [  77% ] 067/788 VUs  09m12.4s/12m0s  097.80 iters/s

running (09m13.4s), 067/788 VUs, 32332 complete and 0 interrupted iterations
openloop_gradual   [  77% ] 067/788 VUs  09m13.4s/12m0s  097.21 iters/s

running (09m14.4s), 069/788 VUs, 32427 complete and 0 interrupted iterations
openloop_gradual   [  77% ] 069/788 VUs  09m14.4s/12m0s  096.63 iters/s

running (09m15.4s), 071/788 VUs, 32521 complete and 0 interrupted iterations
openloop_gradual   [  77% ] 071/788 VUs  09m15.4s/12m0s  096.05 iters/s

running (09m16.4s), 064/788 VUs, 32624 complete and 0 interrupted iterations
openloop_gradual   [  77% ] 064/788 VUs  09m16.4s/12m0s  095.46 iters/s

running (09m17.4s), 068/788 VUs, 32715 complete and 0 interrupted iterations
openloop_gradual   [  77% ] 068/788 VUs  09m17.4s/12m0s  094.88 iters/s

running (09m18.4s), 063/788 VUs, 32814 complete and 0 interrupted iterations
openloop_gradual   [  78% ] 063/788 VUs  09m18.4s/12m0s  094.30 iters/s

running (09m19.4s), 073/788 VUs, 32899 complete and 0 interrupted iterations
openloop_gradual   [  78% ] 073/788 VUs  09m19.4s/12m0s  093.71 iters/s

running (09m20.4s), 066/788 VUs, 32999 complete and 0 interrupted iterations
openloop_gradual   [  78% ] 066/788 VUs  09m20.4s/12m0s  093.13 iters/s

running (09m21.4s), 067/788 VUs, 33091 complete and 0 interrupted iterations
openloop_gradual   [  78% ] 067/788 VUs  09m21.4s/12m0s  092.55 iters/s

running (09m22.4s), 065/788 VUs, 33185 complete and 0 interrupted iterations
openloop_gradual   [  78% ] 065/788 VUs  09m22.4s/12m0s  091.97 iters/s

running (09m23.4s), 064/788 VUs, 33278 complete and 0 interrupted iterations
openloop_gradual   [  78% ] 064/788 VUs  09m23.4s/12m0s  091.38 iters/s

running (09m24.4s), 071/788 VUs, 33362 complete and 0 interrupted iterations
openloop_gradual   [  78% ] 071/788 VUs  09m24.4s/12m0s  090.80 iters/s

running (09m25.4s), 066/788 VUs, 33457 complete and 0 interrupted iterations
openloop_gradual   [  79% ] 066/788 VUs  09m25.4s/12m0s  090.22 iters/s

running (09m26.4s), 059/788 VUs, 33554 complete and 0 interrupted iterations
openloop_gradual   [  79% ] 059/788 VUs  09m26.4s/12m0s  089.63 iters/s

running (09m27.4s), 066/788 VUs, 33637 complete and 0 interrupted iterations
openloop_gradual   [  79% ] 066/788 VUs  09m27.4s/12m0s  089.05 iters/s

running (09m28.4s), 054/788 VUs, 33737 complete and 0 interrupted iterations
openloop_gradual   [  79% ] 054/788 VUs  09m28.4s/12m0s  088.47 iters/s

running (09m29.4s), 065/788 VUs, 33814 complete and 0 interrupted iterations
openloop_gradual   [  79% ] 066/788 VUs  09m29.4s/12m0s  087.88 iters/s

running (09m30.4s), 059/788 VUs, 33908 complete and 0 interrupted iterations
openloop_gradual   [  79% ] 059/788 VUs  09m30.4s/12m0s  087.30 iters/s

running (09m31.4s), 062/788 VUs, 33992 complete and 0 interrupted iterations
openloop_gradual   [  79% ] 062/788 VUs  09m31.4s/12m0s  086.72 iters/s

running (09m32.4s), 063/788 VUs, 34077 complete and 0 interrupted iterations
openloop_gradual   [  79% ] 063/788 VUs  09m32.4s/12m0s  086.14 iters/s

running (09m33.4s), 060/788 VUs, 34166 complete and 0 interrupted iterations
openloop_gradual   [  80% ] 060/788 VUs  09m33.4s/12m0s  085.55 iters/s

running (09m34.4s), 060/788 VUs, 34252 complete and 0 interrupted iterations
openloop_gradual   [  80% ] 060/788 VUs  09m34.4s/12m0s  084.96 iters/s

running (09m35.4s), 058/788 VUs, 34338 complete and 0 interrupted iterations
openloop_gradual   [  80% ] 058/788 VUs  09m35.4s/12m0s  084.38 iters/s

running (09m36.4s), 063/788 VUs, 34417 complete and 0 interrupted iterations
openloop_gradual   [  80% ] 063/788 VUs  09m36.4s/12m0s  083.80 iters/s

running (09m37.4s), 056/788 VUs, 34508 complete and 0 interrupted iterations
openloop_gradual   [  80% ] 056/788 VUs  09m37.4s/12m0s  083.22 iters/s

running (09m38.4s), 061/788 VUs, 34586 complete and 0 interrupted iterations
openloop_gradual   [  80% ] 061/788 VUs  09m38.4s/12m0s  082.63 iters/s

running (09m39.4s), 059/788 VUs, 34670 complete and 0 interrupted iterations
openloop_gradual   [  80% ] 059/788 VUs  09m39.4s/12m0s  082.05 iters/s

running (09m40.4s), 060/788 VUs, 34751 complete and 0 interrupted iterations
openloop_gradual   [  81% ] 060/788 VUs  09m40.4s/12m0s  081.47 iters/s

running (09m41.4s), 059/788 VUs, 34833 complete and 0 interrupted iterations
openloop_gradual   [  81% ] 059/788 VUs  09m41.4s/12m0s  080.88 iters/s

running (09m42.4s), 056/788 VUs, 34917 complete and 0 interrupted iterations
openloop_gradual   [  81% ] 056/788 VUs  09m42.4s/12m0s  080.30 iters/s

running (09m43.4s), 057/788 VUs, 34996 complete and 0 interrupted iterations
openloop_gradual   [  81% ] 057/788 VUs  09m43.4s/12m0s  079.71 iters/s

running (09m44.4s), 058/788 VUs, 35074 complete and 0 interrupted iterations
openloop_gradual   [  81% ] 058/788 VUs  09m44.4s/12m0s  079.13 iters/s

running (09m45.4s), 053/788 VUs, 35158 complete and 0 interrupted iterations
openloop_gradual   [  81% ] 053/788 VUs  09m45.4s/12m0s  078.55 iters/s

running (09m46.4s), 054/788 VUs, 35235 complete and 0 interrupted iterations
openloop_gradual   [  81% ] 054/788 VUs  09m46.4s/12m0s  077.97 iters/s

running (09m47.4s), 056/788 VUs, 35311 complete and 0 interrupted iterations
openloop_gradual   [  82% ] 056/788 VUs  09m47.4s/12m0s  077.38 iters/s

running (09m48.4s), 055/788 VUs, 35389 complete and 0 interrupted iterations
openloop_gradual   [  82% ] 055/788 VUs  09m48.4s/12m0s  076.80 iters/s

running (09m49.4s), 051/788 VUs, 35470 complete and 0 interrupted iterations
openloop_gradual   [  82% ] 051/788 VUs  09m49.4s/12m0s  076.21 iters/s

running (09m50.4s), 053/788 VUs, 35543 complete and 0 interrupted iterations
openloop_gradual   [  82% ] 053/788 VUs  09m50.4s/12m0s  075.64 iters/s

running (09m51.4s), 054/788 VUs, 35618 complete and 0 interrupted iterations
openloop_gradual   [  82% ] 054/788 VUs  09m51.4s/12m0s  075.05 iters/s

running (09m52.4s), 056/788 VUs, 35691 complete and 0 interrupted iterations
openloop_gradual   [  82% ] 056/788 VUs  09m52.4s/12m0s  074.46 iters/s

running (09m53.4s), 053/788 VUs, 35768 complete and 0 interrupted iterations
openloop_gradual   [  82% ] 053/788 VUs  09m53.4s/12m0s  073.88 iters/s

running (09m54.4s), 049/788 VUs, 35845 complete and 0 interrupted iterations
openloop_gradual   [  83% ] 049/788 VUs  09m54.4s/12m0s  073.30 iters/s

running (09m55.4s), 049/788 VUs, 35918 complete and 0 interrupted iterations
openloop_gradual   [  83% ] 049/788 VUs  09m55.4s/12m0s  072.72 iters/s

running (09m56.4s), 051/788 VUs, 35989 complete and 0 interrupted iterations
openloop_gradual   [  83% ] 051/788 VUs  09m56.4s/12m0s  072.13 iters/s

running (09m57.4s), 051/788 VUs, 36060 complete and 0 interrupted iterations
openloop_gradual   [  83% ] 051/788 VUs  09m57.4s/12m0s  071.55 iters/s

running (09m58.4s), 048/788 VUs, 36135 complete and 0 interrupted iterations
openloop_gradual   [  83% ] 048/788 VUs  09m58.4s/12m0s  070.96 iters/s

running (09m59.4s), 049/788 VUs, 36204 complete and 0 interrupted iterations
openloop_gradual   [  83% ] 049/788 VUs  09m59.4s/12m0s  070.38 iters/s

running (10m00.4s), 053/788 VUs, 36271 complete and 0 interrupted iterations
openloop_gradual   [  83% ] 053/788 VUs  10m00.4s/12m0s  069.80 iters/s

running (10m01.4s), 050/788 VUs, 36343 complete and 0 interrupted iterations
openloop_gradual   [  84% ] 050/788 VUs  10m01.4s/12m0s  069.22 iters/s

running (10m02.4s), 045/788 VUs, 36417 complete and 0 interrupted iterations
openloop_gradual   [  84% ] 045/788 VUs  10m02.4s/12m0s  068.63 iters/s

running (10m03.4s), 052/788 VUs, 36478 complete and 0 interrupted iterations
openloop_gradual   [  84% ] 052/788 VUs  10m03.4s/12m0s  068.05 iters/s

running (10m04.4s), 049/788 VUs, 36549 complete and 0 interrupted iterations
openloop_gradual   [  84% ] 049/788 VUs  10m04.4s/12m0s  067.47 iters/s

running (10m05.4s), 047/788 VUs, 36618 complete and 0 interrupted iterations
openloop_gradual   [  84% ] 047/788 VUs  10m05.4s/12m0s  066.88 iters/s

running (10m06.4s), 050/788 VUs, 36682 complete and 0 interrupted iterations
openloop_gradual   [  84% ] 050/788 VUs  10m06.4s/12m0s  066.30 iters/s

running (10m07.4s), 047/788 VUs, 36751 complete and 0 interrupted iterations
openloop_gradual   [  84% ] 047/788 VUs  10m07.4s/12m0s  065.71 iters/s

running (10m08.4s), 045/788 VUs, 36818 complete and 0 interrupted iterations
openloop_gradual   [  84% ] 045/788 VUs  10m08.4s/12m0s  065.14 iters/s

running (10m09.4s), 047/788 VUs, 36881 complete and 0 interrupted iterations
openloop_gradual   [  85% ] 047/788 VUs  10m09.4s/12m0s  064.55 iters/s

running (10m10.4s), 041/788 VUs, 36951 complete and 0 interrupted iterations
openloop_gradual   [  85% ] 041/788 VUs  10m10.4s/12m0s  063.97 iters/s

running (10m11.4s), 046/788 VUs, 37010 complete and 0 interrupted iterations
openloop_gradual   [  85% ] 046/788 VUs  10m11.4s/12m0s  063.38 iters/s

running (10m12.4s), 046/788 VUs, 37073 complete and 0 interrupted iterations
openloop_gradual   [  85% ] 046/788 VUs  10m12.4s/12m0s  062.80 iters/s

running (10m13.4s), 047/788 VUs, 37135 complete and 0 interrupted iterations
openloop_gradual   [  85% ] 047/788 VUs  10m13.4s/12m0s  062.21 iters/s

running (10m14.4s), 047/788 VUs, 37197 complete and 0 interrupted iterations
openloop_gradual   [  85% ] 047/788 VUs  10m14.4s/12m0s  061.63 iters/s

running (10m15.4s), 043/788 VUs, 37262 complete and 0 interrupted iterations
openloop_gradual   [  85% ] 043/788 VUs  10m15.4s/12m0s  061.05 iters/s

running (10m16.4s), 046/788 VUs, 37320 complete and 0 interrupted iterations
openloop_gradual   [  86% ] 046/788 VUs  10m16.4s/12m0s  060.46 iters/s

running (10m17.4s), 042/788 VUs, 37383 complete and 0 interrupted iterations
openloop_gradual   [  86% ] 042/788 VUs  10m17.4s/12m0s  059.89 iters/s

running (10m18.4s), 042/788 VUs, 37444 complete and 0 interrupted iterations
openloop_gradual   [  86% ] 042/788 VUs  10m18.4s/12m0s  059.29 iters/s

running (10m19.4s), 045/788 VUs, 37500 complete and 0 interrupted iterations
openloop_gradual   [  86% ] 045/788 VUs  10m19.4s/12m0s  058.71 iters/s

running (10m20.4s), 040/788 VUs, 37563 complete and 0 interrupted iterations
openloop_gradual   [  86% ] 040/788 VUs  10m20.4s/12m0s  058.13 iters/s

running (10m21.4s), 042/788 VUs, 37619 complete and 0 interrupted iterations
openloop_gradual   [  86% ] 042/788 VUs  10m21.4s/12m0s  057.55 iters/s

running (10m22.4s), 037/788 VUs, 37681 complete and 0 interrupted iterations
openloop_gradual   [  86% ] 037/788 VUs  10m22.4s/12m0s  056.97 iters/s

running (10m23.4s), 041/788 VUs, 37734 complete and 0 interrupted iterations
openloop_gradual   [  87% ] 041/788 VUs  10m23.4s/12m0s  056.38 iters/s

running (10m24.4s), 043/788 VUs, 37788 complete and 0 interrupted iterations
openloop_gradual   [  87% ] 043/788 VUs  10m24.4s/12m0s  055.80 iters/s

running (10m25.4s), 037/788 VUs, 37849 complete and 0 interrupted iterations
openloop_gradual   [  87% ] 037/788 VUs  10m25.4s/12m0s  055.22 iters/s

running (10m26.4s), 038/788 VUs, 37903 complete and 0 interrupted iterations
openloop_gradual   [  87% ] 038/788 VUs  10m26.4s/12m0s  054.63 iters/s

running (10m27.4s), 038/788 VUs, 37958 complete and 0 interrupted iterations
openloop_gradual   [  87% ] 038/788 VUs  10m27.4s/12m0s  054.04 iters/s

running (10m28.4s), 038/788 VUs, 38011 complete and 0 interrupted iterations
openloop_gradual   [  87% ] 038/788 VUs  10m28.4s/12m0s  053.47 iters/s

running (10m29.4s), 038/788 VUs, 38064 complete and 0 interrupted iterations
openloop_gradual   [  87% ] 038/788 VUs  10m29.4s/12m0s  052.89 iters/s

running (10m30.4s), 042/788 VUs, 38113 complete and 0 interrupted iterations
openloop_gradual   [  88% ] 042/788 VUs  10m30.4s/12m0s  052.30 iters/s

running (10m31.4s), 038/788 VUs, 38169 complete and 0 interrupted iterations
openloop_gradual   [  88% ] 038/788 VUs  10m31.4s/12m0s  051.72 iters/s

running (10m32.4s), 036/788 VUs, 38222 complete and 0 interrupted iterations
openloop_gradual   [  88% ] 036/788 VUs  10m32.4s/12m0s  051.14 iters/s

running (10m33.4s), 035/788 VUs, 38274 complete and 0 interrupted iterations
openloop_gradual   [  88% ] 035/788 VUs  10m33.4s/12m0s  050.55 iters/s

running (10m34.4s), 034/788 VUs, 38326 complete and 0 interrupted iterations
openloop_gradual   [  88% ] 034/788 VUs  10m34.4s/12m0s  049.96 iters/s

running (10m35.4s), 036/788 VUs, 38373 complete and 0 interrupted iterations
openloop_gradual   [  88% ] 036/788 VUs  10m35.4s/12m0s  049.39 iters/s

running (10m36.4s), 035/788 VUs, 38423 complete and 0 interrupted iterations
openloop_gradual   [  88% ] 035/788 VUs  10m36.4s/12m0s  048.80 iters/s

running (10m37.4s), 033/788 VUs, 38474 complete and 0 interrupted iterations
openloop_gradual   [  89% ] 033/788 VUs  10m37.4s/12m0s  048.21 iters/s

running (10m38.4s), 033/788 VUs, 38522 complete and 0 interrupted iterations
openloop_gradual   [  89% ] 033/788 VUs  10m38.4s/12m0s  047.63 iters/s

running (10m39.4s), 032/788 VUs, 38570 complete and 0 interrupted iterations
openloop_gradual   [  89% ] 032/788 VUs  10m39.4s/12m0s  047.05 iters/s

running (10m40.4s), 036/788 VUs, 38613 complete and 0 interrupted iterations
openloop_gradual   [  89% ] 036/788 VUs  10m40.4s/12m0s  046.46 iters/s

running (10m41.4s), 033/788 VUs, 38662 complete and 0 interrupted iterations
openloop_gradual   [  89% ] 033/788 VUs  10m41.4s/12m0s  045.88 iters/s

running (10m42.4s), 033/788 VUs, 38708 complete and 0 interrupted iterations
openloop_gradual   [  89% ] 033/788 VUs  10m42.4s/12m0s  045.29 iters/s

running (10m43.4s), 035/788 VUs, 38751 complete and 0 interrupted iterations
openloop_gradual   [  89% ] 035/788 VUs  10m43.4s/12m0s  044.71 iters/s

running (10m44.4s), 031/788 VUs, 38799 complete and 0 interrupted iterations
openloop_gradual   [  89% ] 031/788 VUs  10m44.4s/12m0s  044.13 iters/s

running (10m45.4s), 030/788 VUs, 38844 complete and 0 interrupted iterations
openloop_gradual   [  90% ] 030/788 VUs  10m45.4s/12m0s  043.55 iters/s

running (10m46.4s), 030/788 VUs, 38887 complete and 0 interrupted iterations
openloop_gradual   [  90% ] 030/788 VUs  10m46.4s/12m0s  042.97 iters/s

running (10m47.4s), 030/788 VUs, 38930 complete and 0 interrupted iterations
openloop_gradual   [  90% ] 030/788 VUs  10m47.4s/12m0s  042.38 iters/s

running (10m48.4s), 030/788 VUs, 38972 complete and 0 interrupted iterations
openloop_gradual   [  90% ] 030/788 VUs  10m48.4s/12m0s  041.80 iters/s

running (10m49.4s), 026/788 VUs, 39017 complete and 0 interrupted iterations
openloop_gradual   [  90% ] 026/788 VUs  10m49.4s/12m0s  041.22 iters/s

running (10m50.4s), 030/788 VUs, 39054 complete and 0 interrupted iterations
openloop_gradual   [  90% ] 030/788 VUs  10m50.4s/12m0s  040.64 iters/s

running (10m51.4s), 033/788 VUs, 39092 complete and 0 interrupted iterations
openloop_gradual   [  90% ] 033/788 VUs  10m51.4s/12m0s  040.04 iters/s

running (10m52.4s), 027/788 VUs, 39137 complete and 0 interrupted iterations
openloop_gradual   [  91% ] 027/788 VUs  10m52.4s/12m0s  039.47 iters/s

running (10m53.4s), 028/788 VUs, 39176 complete and 0 interrupted iterations
openloop_gradual   [  91% ] 028/788 VUs  10m53.4s/12m0s  038.88 iters/s

running (10m54.4s), 026/788 VUs, 39216 complete and 0 interrupted iterations
openloop_gradual   [  91% ] 026/788 VUs  10m54.4s/12m0s  038.30 iters/s

running (10m55.4s), 029/788 VUs, 39251 complete and 0 interrupted iterations
openloop_gradual   [  91% ] 029/788 VUs  10m55.4s/12m0s  037.72 iters/s

running (10m56.4s), 030/788 VUs, 39288 complete and 0 interrupted iterations
openloop_gradual   [  91% ] 030/788 VUs  10m56.4s/12m0s  037.13 iters/s

running (10m57.4s), 025/788 VUs, 39329 complete and 0 interrupted iterations
openloop_gradual   [  91% ] 025/788 VUs  10m57.4s/12m0s  036.56 iters/s

running (10m58.4s), 026/788 VUs, 39365 complete and 0 interrupted iterations
openloop_gradual   [  91% ] 026/788 VUs  10m58.4s/12m0s  035.96 iters/s

running (10m59.4s), 025/788 VUs, 39401 complete and 0 interrupted iterations
openloop_gradual   [  92% ] 025/788 VUs  10m59.4s/12m0s  035.39 iters/s

running (11m00.4s), 022/788 VUs, 39440 complete and 0 interrupted iterations
openloop_gradual   [  92% ] 022/788 VUs  11m00.4s/12m0s  034.79 iters/s

running (11m01.4s), 022/788 VUs, 39474 complete and 0 interrupted iterations
openloop_gradual   [  92% ] 022/788 VUs  11m01.4s/12m0s  034.22 iters/s

running (11m02.4s), 022/788 VUs, 39508 complete and 0 interrupted iterations
openloop_gradual   [  92% ] 022/788 VUs  11m02.4s/12m0s  033.63 iters/s

running (11m03.4s), 021/788 VUs, 39542 complete and 0 interrupted iterations
openloop_gradual   [  92% ] 021/788 VUs  11m03.4s/12m0s  033.05 iters/s

running (11m04.4s), 023/788 VUs, 39573 complete and 0 interrupted iterations
openloop_gradual   [  92% ] 023/788 VUs  11m04.4s/12m0s  032.47 iters/s

running (11m05.4s), 024/788 VUs, 39604 complete and 0 interrupted iterations
openloop_gradual   [  92% ] 024/788 VUs  11m05.4s/12m0s  031.89 iters/s

running (11m06.4s), 022/788 VUs, 39638 complete and 0 interrupted iterations
openloop_gradual   [  93% ] 022/788 VUs  11m06.4s/12m0s  031.30 iters/s
time="2026-10-06T17:14:59Z" level=warning msg="Request Failed" error="Post \"http://shipping-rate-service.ecommerce.svc.cluster.local:8006/shipping/quotes\": dial tcp 10.0.103.208:8006: connect: connection refused"

running (11m07.4s), 019/788 VUs, 39672 complete and 0 interrupted iterations
openloop_gradual   [  93% ] 019/788 VUs  11m07.4s/12m0s  030.71 iters/s

running (11m08.4s), 021/788 VUs, 39700 complete and 0 interrupted iterations
openloop_gradual   [  93% ] 021/788 VUs  11m08.4s/12m0s  030.14 iters/s

running (11m09.4s), 021/788 VUs, 39730 complete and 0 interrupted iterations
openloop_gradual   [  93% ] 021/788 VUs  11m09.4s/12m0s  029.55 iters/s

running (11m10.4s), 021/788 VUs, 39759 complete and 0 interrupted iterations
openloop_gradual   [  93% ] 021/788 VUs  11m10.4s/12m0s  028.97 iters/s

running (11m11.4s), 018/788 VUs, 39791 complete and 0 interrupted iterations
openloop_gradual   [  93% ] 018/788 VUs  11m11.4s/12m0s  028.38 iters/s

running (11m12.4s), 022/788 VUs, 39815 complete and 0 interrupted iterations
openloop_gradual   [  93% ] 022/788 VUs  11m12.4s/12m0s  027.80 iters/s

running (11m13.4s), 021/788 VUs, 39844 complete and 0 interrupted iterations
openloop_gradual   [  94% ] 021/788 VUs  11m13.4s/12m0s  027.21 iters/s

running (11m14.4s), 020/788 VUs, 39872 complete and 0 interrupted iterations
openloop_gradual   [  94% ] 020/788 VUs  11m14.4s/12m0s  026.62 iters/s

running (11m15.4s), 020/788 VUs, 39898 complete and 0 interrupted iterations
openloop_gradual   [  94% ] 020/788 VUs  11m15.4s/12m0s  026.05 iters/s

running (11m16.4s), 019/788 VUs, 39925 complete and 0 interrupted iterations
openloop_gradual   [  94% ] 019/788 VUs  11m16.4s/12m0s  025.46 iters/s

running (11m17.4s), 020/788 VUs, 39949 complete and 0 interrupted iterations
openloop_gradual   [  94% ] 020/788 VUs  11m17.4s/12m0s  024.88 iters/s

running (11m18.4s), 018/788 VUs, 39975 complete and 0 interrupted iterations
openloop_gradual   [  94% ] 018/788 VUs  11m18.4s/12m0s  024.31 iters/s

running (11m19.4s), 017/788 VUs, 40000 complete and 0 interrupted iterations
openloop_gradual   [  94% ] 017/788 VUs  11m19.4s/12m0s  023.73 iters/s

running (11m20.4s), 015/788 VUs, 40026 complete and 0 interrupted iterations
openloop_gradual   [  94% ] 015/788 VUs  11m20.4s/12m0s  023.13 iters/s

running (11m21.4s), 017/788 VUs, 40047 complete and 0 interrupted iterations
openloop_gradual   [  95% ] 017/788 VUs  11m21.4s/12m0s  022.54 iters/s

running (11m22.4s), 016/788 VUs, 40070 complete and 0 interrupted iterations
openloop_gradual   [  95% ] 016/788 VUs  11m22.4s/12m0s  021.96 iters/s

running (11m23.4s), 016/788 VUs, 40092 complete and 0 interrupted iterations
openloop_gradual   [  95% ] 016/788 VUs  11m23.4s/12m0s  021.37 iters/s

running (11m24.4s), 017/788 VUs, 40112 complete and 0 interrupted iterations
openloop_gradual   [  95% ] 017/788 VUs  11m24.4s/12m0s  020.79 iters/s

running (11m25.4s), 014/788 VUs, 40135 complete and 0 interrupted iterations
openloop_gradual   [  95% ] 014/788 VUs  11m25.4s/12m0s  020.22 iters/s

running (11m26.4s), 012/788 VUs, 40157 complete and 0 interrupted iterations
openloop_gradual   [  95% ] 012/788 VUs  11m26.4s/12m0s  019.64 iters/s

running (11m27.4s), 014/788 VUs, 40174 complete and 0 interrupted iterations
openloop_gradual   [  95% ] 014/788 VUs  11m27.4s/12m0s  019.06 iters/s

running (11m28.4s), 014/788 VUs, 40193 complete and 0 interrupted iterations
openloop_gradual   [  96% ] 014/788 VUs  11m28.4s/12m0s  018.47 iters/s

running (11m29.4s), 012/788 VUs, 40213 complete and 0 interrupted iterations
openloop_gradual   [  96% ] 012/788 VUs  11m29.4s/12m0s  017.90 iters/s

running (11m30.4s), 013/788 VUs, 40230 complete and 0 interrupted iterations
openloop_gradual   [  96% ] 013/788 VUs  11m30.4s/12m0s  017.30 iters/s

running (11m31.4s), 013/788 VUs, 40247 complete and 0 interrupted iterations
openloop_gradual   [  96% ] 013/788 VUs  11m31.4s/12m0s  016.72 iters/s

running (11m32.4s), 011/788 VUs, 40265 complete and 0 interrupted iterations
openloop_gradual   [  96% ] 011/788 VUs  11m32.4s/12m0s  016.15 iters/s

running (11m33.4s), 013/788 VUs, 40279 complete and 0 interrupted iterations
openloop_gradual   [  96% ] 013/788 VUs  11m33.4s/12m0s  015.56 iters/s

running (11m34.4s), 012/788 VUs, 40296 complete and 0 interrupted iterations
openloop_gradual   [  96% ] 012/788 VUs  11m34.4s/12m0s  014.95 iters/s

running (11m35.4s), 010/788 VUs, 40312 complete and 0 interrupted iterations
openloop_gradual   [  97% ] 010/788 VUs  11m35.4s/12m0s  014.39 iters/s

running (11m36.4s), 008/788 VUs, 40328 complete and 0 interrupted iterations
openloop_gradual   [  97% ] 008/788 VUs  11m36.4s/12m0s  013.81 iters/s

running (11m37.4s), 009/788 VUs, 40341 complete and 0 interrupted iterations
openloop_gradual   [  97% ] 009/788 VUs  11m37.4s/12m0s  013.21 iters/s

running (11m38.4s), 010/788 VUs, 40353 complete and 0 interrupted iterations
openloop_gradual   [  97% ] 010/788 VUs  11m38.4s/12m0s  012.62 iters/s

running (11m39.4s), 009/788 VUs, 40366 complete and 0 interrupted iterations
openloop_gradual   [  97% ] 009/788 VUs  11m39.4s/12m0s  012.05 iters/s

running (11m40.4s), 008/788 VUs, 40379 complete and 0 interrupted iterations
openloop_gradual   [  97% ] 008/788 VUs  11m40.4s/12m0s  011.46 iters/s

running (11m41.4s), 009/788 VUs, 40389 complete and 0 interrupted iterations
openloop_gradual   [  97% ] 009/788 VUs  11m41.4s/12m0s  010.88 iters/s

running (11m42.4s), 008/788 VUs, 40401 complete and 0 interrupted iterations
openloop_gradual   [  98% ] 008/788 VUs  11m42.4s/12m0s  010.28 iters/s

running (11m43.4s), 006/788 VUs, 40413 complete and 0 interrupted iterations
openloop_gradual   [  98% ] 006/788 VUs  11m43.4s/12m0s  009.69 iters/s

running (11m44.4s), 006/788 VUs, 40422 complete and 0 interrupted iterations
openloop_gradual   [  98% ] 006/788 VUs  11m44.4s/12m0s  009.13 iters/s

running (11m45.4s), 006/788 VUs, 40431 complete and 0 interrupted iterations
openloop_gradual   [  98% ] 006/788 VUs  11m45.4s/12m0s  008.54 iters/s

running (11m46.4s), 007/788 VUs, 40438 complete and 0 interrupted iterations
openloop_gradual   [  98% ] 007/788 VUs  11m46.4s/12m0s  007.97 iters/s

running (11m47.4s), 007/788 VUs, 40446 complete and 0 interrupted iterations
openloop_gradual   [  98% ] 007/788 VUs  11m47.4s/12m0s  007.37 iters/s

running (11m48.4s), 004/788 VUs, 40456 complete and 0 interrupted iterations
openloop_gradual   [  98% ] 004/788 VUs  11m48.4s/12m0s  006.79 iters/s

running (11m49.4s), 005/788 VUs, 40461 complete and 0 interrupted iterations
openloop_gradual   [  99% ] 005/788 VUs  11m49.4s/12m0s  006.25 iters/s

running (11m50.4s), 004/788 VUs, 40468 complete and 0 interrupted iterations
openloop_gradual   [  99% ] 004/788 VUs  11m50.4s/12m0s  005.66 iters/s

running (11m51.4s), 003/788 VUs, 40475 complete and 0 interrupted iterations
openloop_gradual   [  99% ] 003/788 VUs  11m51.4s/12m0s  005.01 iters/s

running (11m52.4s), 002/788 VUs, 40480 complete and 0 interrupted iterations
openloop_gradual   [  99% ] 002/788 VUs  11m52.4s/12m0s  004.52 iters/s

running (11m53.4s), 003/788 VUs, 40484 complete and 0 interrupted iterations
openloop_gradual   [  99% ] 003/788 VUs  11m53.4s/12m0s  003.82 iters/s

running (11m54.4s), 002/788 VUs, 40488 complete and 0 interrupted iterations
openloop_gradual   [  99% ] 002/788 VUs  11m54.4s/12m0s  003.33 iters/s

running (11m55.4s), 002/788 VUs, 40491 complete and 0 interrupted iterations
openloop_gradual   [  99% ] 002/788 VUs  11m55.4s/12m0s  002.75 iters/s

running (11m56.4s), 002/788 VUs, 40494 complete and 0 interrupted iterations
openloop_gradual   [  99% ] 002/788 VUs  11m56.4s/12m0s  002.02 iters/s

running (11m57.4s), 001/788 VUs, 40496 complete and 0 interrupted iterations
openloop_gradual   [ 100% ] 001/788 VUs  11m57.4s/12m0s  001.70 iters/s

running (11m58.4s), 001/788 VUs, 40498 complete and 0 interrupted iterations
openloop_gradual   [ 100% ] 001/788 VUs  11m58.4s/12m0s  000.54 iters/s

running (11m59.4s), 000/788 VUs, 40499 complete and 0 interrupted iterations
openloop_gradual   [ 100% ] 000/788 VUs  11m59.4s/12m0s  000.54 iters/s

     ✗ status is 200
      ↳  99% — ✓ 40498 / ✗ 1
     ✗ returns quotes
      ↳  99% — ✓ 40498 / ✗ 1
     ✓ response time <2000ms

     █ setup

     checks.........................: 99.99% ✓ 121495   ✗ 2    
     data_received..................: 30 MB  42 kB/s
     data_sent......................: 19 MB  26 kB/s
     http_req_blocked...............: avg=507.48µs min=0s       med=200.2µs  max=1.01s    p(90)=1.12ms   p(95)=1.18ms   p(99)=2.21ms  
     http_req_connecting............: avg=458.77µs min=0s       med=149.99µs max=1.01s    p(90)=1.07ms   p(95)=1.13ms   p(99)=2.16ms  
     http_req_duration..............: avg=708.95ms min=0s       med=708.04ms max=957.19ms p(90)=895.63ms p(95)=916.68ms p(99)=932.97ms
       { expected_response:true }...: avg=708.97ms min=468.84ms med=708.04ms max=957.19ms p(90)=895.63ms p(95)=916.68ms p(99)=932.97ms
     http_req_failed................: 0.00%  ✓ 1        ✗ 40498
     http_req_receiving.............: avg=155.21µs min=0s       med=143.27µs max=30.64ms  p(90)=211.17µs p(95)=257.06µs p(99)=479.62µs
     http_req_sending...............: avg=47.34µs  min=0s       med=45.02µs  max=8.13ms   p(90)=60.62µs  p(95)=67.06µs  p(99)=85.32µs 
     http_req_tls_handshaking.......: avg=0s       min=0s       med=0s       max=0s       p(90)=0s       p(95)=0s       p(99)=0s      
     http_req_waiting...............: avg=708.75ms min=0s       med=707.84ms max=956.97ms p(90)=895.42ms p(95)=916.47ms p(99)=932.73ms
     http_reqs......................: 40499  56.24839/s
     iteration_duration.............: avg=709.74ms min=169.08µs med=708.87ms max=1.94s    p(90)=896.36ms p(95)=917.44ms p(99)=933.81ms
     iterations.....................: 40499  56.24839/s
     req_e2e_duration...............: avg=709.57ms min=0s       med=709ms    max=1.94s    p(90)=896ms    p(95)=917ms    p(99)=934ms   
     vus............................: 0      min=0      max=83 
     vus_max........................: 788    min=788    max=788


running (12m00.0s), 000/788 VUs, 40499 complete and 0 interrupted iterations
openloop_gradual ✓ [ 100% ] 000/788 VUs  12m0s  000.54 iters/s
[openloop-wrapper] k6 exit code 0
