
          /\      |‾‾| /‾‾/   /‾‾/   
     /\  /  \     |  |/  /   /  /    
    /  \/    \    |     (   /   ‾‾\  
   /          \   |  |\  \ |  (‾)  | 
  / __________ \  |__| \__\ \_____/ .io

  execution: local
     script: /scripts/load-test.js
     output: json (/results/results.json.gz)

  scenarios: (100.00%) 1 scenario, 788 max VUs, 12m30s max duration (incl. graceful stop):
           * openloop_gradual: Up to 105.00 iterations/s for 12m0s over 4 stages (maxVUs: 788, gracefulStop: 30s)

time="2026-10-06T15:44:16Z" level=info msg="OPENLOOP_CONFIG service=shipping-rate-service pattern=gradual base_rate=10 peak_rate=105 timeout=5s vu_factor=1.5 openloop_gradual:ramping-arrival-rate:vus=788/788" source=console
time="2026-10-06T15:44:16Z" level=info msg="SCENARIO_START name=openloop_gradual start_ms=1791301456059" source=console

running (00m00.4s), 004/788 VUs, 0 complete and 0 interrupted iterations
openloop_gradual   [   0% ] 004/788 VUs  00m00.4s/12m0s  010.00 iters/s

running (00m01.4s), 007/788 VUs, 7 complete and 0 interrupted iterations
openloop_gradual   [   0% ] 007/788 VUs  00m01.4s/12m0s  010.00 iters/s

running (00m02.4s), 009/788 VUs, 15 complete and 0 interrupted iterations
openloop_gradual   [   0% ] 009/788 VUs  00m02.4s/12m0s  010.00 iters/s

running (00m03.4s), 007/788 VUs, 27 complete and 0 interrupted iterations
openloop_gradual   [   0% ] 007/788 VUs  00m03.4s/12m0s  010.00 iters/s

running (00m04.4s), 009/788 VUs, 35 complete and 0 interrupted iterations
openloop_gradual   [   1% ] 009/788 VUs  00m04.4s/12m0s  010.00 iters/s

running (00m05.4s), 007/788 VUs, 47 complete and 0 interrupted iterations
openloop_gradual   [   1% ] 007/788 VUs  00m05.4s/12m0s  010.00 iters/s

running (00m06.4s), 008/788 VUs, 56 complete and 0 interrupted iterations
openloop_gradual   [   1% ] 008/788 VUs  00m06.4s/12m0s  010.00 iters/s

running (00m07.4s), 007/788 VUs, 67 complete and 0 interrupted iterations
openloop_gradual   [   1% ] 007/788 VUs  00m07.4s/12m0s  010.00 iters/s

running (00m08.4s), 006/788 VUs, 78 complete and 0 interrupted iterations
openloop_gradual   [   1% ] 006/788 VUs  00m08.4s/12m0s  010.00 iters/s

running (00m09.4s), 008/788 VUs, 86 complete and 0 interrupted iterations
openloop_gradual   [   1% ] 008/788 VUs  00m09.4s/12m0s  010.00 iters/s

running (00m10.4s), 007/788 VUs, 97 complete and 0 interrupted iterations
openloop_gradual   [   1% ] 007/788 VUs  00m10.4s/12m0s  010.00 iters/s

running (00m11.4s), 008/788 VUs, 106 complete and 0 interrupted iterations
openloop_gradual   [   2% ] 008/788 VUs  00m11.4s/12m0s  010.00 iters/s

running (00m12.4s), 009/788 VUs, 115 complete and 0 interrupted iterations
openloop_gradual   [   2% ] 009/788 VUs  00m12.4s/12m0s  010.00 iters/s

running (00m13.4s), 008/788 VUs, 126 complete and 0 interrupted iterations
openloop_gradual   [   2% ] 008/788 VUs  00m13.4s/12m0s  010.00 iters/s

running (00m14.4s), 006/788 VUs, 138 complete and 0 interrupted iterations
openloop_gradual   [   2% ] 006/788 VUs  00m14.4s/12m0s  010.00 iters/s

running (00m15.4s), 008/788 VUs, 146 complete and 0 interrupted iterations
openloop_gradual   [   2% ] 008/788 VUs  00m15.4s/12m0s  010.00 iters/s

running (00m16.4s), 009/788 VUs, 155 complete and 0 interrupted iterations
openloop_gradual   [   2% ] 009/788 VUs  00m16.4s/12m0s  010.00 iters/s

running (00m17.4s), 006/788 VUs, 168 complete and 0 interrupted iterations
openloop_gradual   [   2% ] 006/788 VUs  00m17.4s/12m0s  010.00 iters/s

running (00m18.4s), 007/788 VUs, 177 complete and 0 interrupted iterations
openloop_gradual   [   3% ] 007/788 VUs  00m18.4s/12m0s  010.00 iters/s

running (00m19.4s), 008/788 VUs, 186 complete and 0 interrupted iterations
openloop_gradual   [   3% ] 008/788 VUs  00m19.4s/12m0s  010.00 iters/s

running (00m20.4s), 008/788 VUs, 196 complete and 0 interrupted iterations
openloop_gradual   [   3% ] 008/788 VUs  00m20.4s/12m0s  010.00 iters/s

running (00m21.4s), 009/788 VUs, 205 complete and 0 interrupted iterations
openloop_gradual   [   3% ] 009/788 VUs  00m21.4s/12m0s  010.00 iters/s

running (00m22.4s), 009/788 VUs, 215 complete and 0 interrupted iterations
openloop_gradual   [   3% ] 009/788 VUs  00m22.4s/12m0s  010.00 iters/s

running (00m23.4s), 006/788 VUs, 228 complete and 0 interrupted iterations
openloop_gradual   [   3% ] 006/788 VUs  00m23.4s/12m0s  010.00 iters/s

running (00m24.4s), 008/788 VUs, 236 complete and 0 interrupted iterations
openloop_gradual   [   3% ] 008/788 VUs  00m24.4s/12m0s  010.00 iters/s

running (00m25.4s), 007/788 VUs, 247 complete and 0 interrupted iterations
openloop_gradual   [   4% ] 007/788 VUs  00m25.4s/12m0s  010.00 iters/s

running (00m26.4s), 007/788 VUs, 257 complete and 0 interrupted iterations
openloop_gradual   [   4% ] 007/788 VUs  00m26.4s/12m0s  010.00 iters/s

running (00m27.4s), 008/788 VUs, 266 complete and 0 interrupted iterations
openloop_gradual   [   4% ] 008/788 VUs  00m27.4s/12m0s  010.00 iters/s

running (00m28.4s), 007/788 VUs, 277 complete and 0 interrupted iterations
openloop_gradual   [   4% ] 007/788 VUs  00m28.4s/12m0s  010.00 iters/s

running (00m29.4s), 008/788 VUs, 286 complete and 0 interrupted iterations
openloop_gradual   [   4% ] 008/788 VUs  00m29.4s/12m0s  010.00 iters/s

running (00m30.4s), 008/788 VUs, 296 complete and 0 interrupted iterations
openloop_gradual   [   4% ] 008/788 VUs  00m30.4s/12m0s  010.00 iters/s

running (00m31.4s), 009/788 VUs, 305 complete and 0 interrupted iterations
openloop_gradual   [   4% ] 009/788 VUs  00m31.4s/12m0s  010.00 iters/s

running (00m32.4s), 008/788 VUs, 316 complete and 0 interrupted iterations
openloop_gradual   [   5% ] 008/788 VUs  00m32.4s/12m0s  010.00 iters/s

running (00m33.4s), 009/788 VUs, 325 complete and 0 interrupted iterations
openloop_gradual   [   5% ] 009/788 VUs  00m33.4s/12m0s  010.00 iters/s

running (00m34.4s), 008/788 VUs, 336 complete and 0 interrupted iterations
openloop_gradual   [   5% ] 008/788 VUs  00m34.4s/12m0s  010.00 iters/s

running (00m35.4s), 008/788 VUs, 346 complete and 0 interrupted iterations
openloop_gradual   [   5% ] 008/788 VUs  00m35.4s/12m0s  010.00 iters/s

running (00m36.4s), 008/788 VUs, 356 complete and 0 interrupted iterations
openloop_gradual   [   5% ] 008/788 VUs  00m36.4s/12m0s  010.00 iters/s

running (00m37.4s), 006/788 VUs, 368 complete and 0 interrupted iterations
openloop_gradual   [   5% ] 006/788 VUs  00m37.4s/12m0s  010.00 iters/s

running (00m38.4s), 008/788 VUs, 376 complete and 0 interrupted iterations
openloop_gradual   [   5% ] 008/788 VUs  00m38.4s/12m0s  010.00 iters/s

running (00m39.4s), 007/788 VUs, 387 complete and 0 interrupted iterations
openloop_gradual   [   5% ] 007/788 VUs  00m39.4s/12m0s  010.00 iters/s

running (00m40.4s), 007/788 VUs, 397 complete and 0 interrupted iterations
openloop_gradual   [   6% ] 007/788 VUs  00m40.4s/12m0s  010.00 iters/s

running (00m41.4s), 007/788 VUs, 407 complete and 0 interrupted iterations
openloop_gradual   [   6% ] 007/788 VUs  00m41.4s/12m0s  010.00 iters/s

running (00m42.4s), 007/788 VUs, 417 complete and 0 interrupted iterations
openloop_gradual   [   6% ] 007/788 VUs  00m42.4s/12m0s  010.00 iters/s

running (00m43.4s), 007/788 VUs, 427 complete and 0 interrupted iterations
openloop_gradual   [   6% ] 007/788 VUs  00m43.4s/12m0s  010.00 iters/s

running (00m44.4s), 007/788 VUs, 437 complete and 0 interrupted iterations
openloop_gradual   [   6% ] 007/788 VUs  00m44.4s/12m0s  010.00 iters/s

running (00m45.4s), 006/788 VUs, 448 complete and 0 interrupted iterations
openloop_gradual   [   6% ] 006/788 VUs  00m45.4s/12m0s  010.00 iters/s

running (00m46.4s), 007/788 VUs, 457 complete and 0 interrupted iterations
openloop_gradual   [   6% ] 007/788 VUs  00m46.4s/12m0s  010.00 iters/s

running (00m47.4s), 007/788 VUs, 467 complete and 0 interrupted iterations
openloop_gradual   [   7% ] 007/788 VUs  00m47.4s/12m0s  010.00 iters/s

running (00m48.4s), 008/788 VUs, 476 complete and 0 interrupted iterations
openloop_gradual   [   7% ] 008/788 VUs  00m48.4s/12m0s  010.00 iters/s

running (00m49.4s), 007/788 VUs, 487 complete and 0 interrupted iterations
openloop_gradual   [   7% ] 007/788 VUs  00m49.4s/12m0s  010.00 iters/s

running (00m50.4s), 006/788 VUs, 498 complete and 0 interrupted iterations
openloop_gradual   [   7% ] 006/788 VUs  00m50.4s/12m0s  010.00 iters/s

running (00m51.4s), 007/788 VUs, 507 complete and 0 interrupted iterations
openloop_gradual   [   7% ] 007/788 VUs  00m51.4s/12m0s  010.00 iters/s

running (00m52.4s), 008/788 VUs, 516 complete and 0 interrupted iterations
openloop_gradual   [   7% ] 008/788 VUs  00m52.4s/12m0s  010.00 iters/s

running (00m53.4s), 007/788 VUs, 527 complete and 0 interrupted iterations
openloop_gradual   [   7% ] 007/788 VUs  00m53.4s/12m0s  010.00 iters/s

running (00m54.4s), 007/788 VUs, 537 complete and 0 interrupted iterations
openloop_gradual   [   8% ] 007/788 VUs  00m54.4s/12m0s  010.00 iters/s

running (00m55.4s), 007/788 VUs, 547 complete and 0 interrupted iterations
openloop_gradual   [   8% ] 007/788 VUs  00m55.4s/12m0s  010.00 iters/s

running (00m56.4s), 007/788 VUs, 557 complete and 0 interrupted iterations
openloop_gradual   [   8% ] 007/788 VUs  00m56.4s/12m0s  010.00 iters/s

running (00m57.4s), 006/788 VUs, 568 complete and 0 interrupted iterations
openloop_gradual   [   8% ] 006/788 VUs  00m57.4s/12m0s  010.00 iters/s

running (00m58.4s), 008/788 VUs, 576 complete and 0 interrupted iterations
openloop_gradual   [   8% ] 008/788 VUs  00m58.4s/12m0s  010.00 iters/s

running (00m59.4s), 008/788 VUs, 586 complete and 0 interrupted iterations
openloop_gradual   [   8% ] 008/788 VUs  00m59.4s/12m0s  010.00 iters/s

running (01m00.4s), 007/788 VUs, 597 complete and 0 interrupted iterations
openloop_gradual   [   8% ] 007/788 VUs  01m00.4s/12m0s  010.00 iters/s

running (01m01.4s), 008/788 VUs, 606 complete and 0 interrupted iterations
openloop_gradual   [   9% ] 008/788 VUs  01m01.4s/12m0s  010.00 iters/s

running (01m02.4s), 006/788 VUs, 618 complete and 0 interrupted iterations
openloop_gradual   [   9% ] 006/788 VUs  01m02.4s/12m0s  010.00 iters/s

running (01m03.4s), 006/788 VUs, 628 complete and 0 interrupted iterations
openloop_gradual   [   9% ] 006/788 VUs  01m03.4s/12m0s  010.00 iters/s

running (01m04.4s), 006/788 VUs, 638 complete and 0 interrupted iterations
openloop_gradual   [   9% ] 006/788 VUs  01m04.4s/12m0s  010.00 iters/s

running (01m05.4s), 008/788 VUs, 646 complete and 0 interrupted iterations
openloop_gradual   [   9% ] 008/788 VUs  01m05.4s/12m0s  010.00 iters/s

running (01m06.4s), 009/788 VUs, 655 complete and 0 interrupted iterations
openloop_gradual   [   9% ] 009/788 VUs  01m06.4s/12m0s  010.00 iters/s

running (01m07.4s), 008/788 VUs, 666 complete and 0 interrupted iterations
openloop_gradual   [   9% ] 008/788 VUs  01m07.4s/12m0s  010.00 iters/s

running (01m08.4s), 008/788 VUs, 676 complete and 0 interrupted iterations
openloop_gradual   [  10% ] 008/788 VUs  01m08.4s/12m0s  010.00 iters/s

running (01m09.4s), 007/788 VUs, 687 complete and 0 interrupted iterations
openloop_gradual   [  10% ] 007/788 VUs  01m09.4s/12m0s  010.00 iters/s

running (01m10.4s), 006/788 VUs, 698 complete and 0 interrupted iterations
openloop_gradual   [  10% ] 006/788 VUs  01m10.4s/12m0s  010.00 iters/s

running (01m11.4s), 007/788 VUs, 707 complete and 0 interrupted iterations
openloop_gradual   [  10% ] 007/788 VUs  01m11.4s/12m0s  010.00 iters/s

running (01m12.4s), 007/788 VUs, 717 complete and 0 interrupted iterations
openloop_gradual   [  10% ] 007/788 VUs  01m12.4s/12m0s  010.00 iters/s

running (01m13.4s), 007/788 VUs, 727 complete and 0 interrupted iterations
openloop_gradual   [  10% ] 007/788 VUs  01m13.4s/12m0s  010.00 iters/s

running (01m14.4s), 007/788 VUs, 737 complete and 0 interrupted iterations
openloop_gradual   [  10% ] 007/788 VUs  01m14.4s/12m0s  010.00 iters/s

running (01m15.4s), 007/788 VUs, 747 complete and 0 interrupted iterations
openloop_gradual   [  10% ] 007/788 VUs  01m15.4s/12m0s  010.00 iters/s

running (01m16.4s), 007/788 VUs, 757 complete and 0 interrupted iterations
openloop_gradual   [  11% ] 007/788 VUs  01m16.4s/12m0s  010.00 iters/s

running (01m17.4s), 008/788 VUs, 766 complete and 0 interrupted iterations
openloop_gradual   [  11% ] 008/788 VUs  01m17.4s/12m0s  010.00 iters/s

running (01m18.4s), 007/788 VUs, 777 complete and 0 interrupted iterations
openloop_gradual   [  11% ] 007/788 VUs  01m18.4s/12m0s  010.00 iters/s

running (01m19.4s), 008/788 VUs, 786 complete and 0 interrupted iterations
openloop_gradual   [  11% ] 008/788 VUs  01m19.4s/12m0s  010.00 iters/s

running (01m20.4s), 007/788 VUs, 797 complete and 0 interrupted iterations
openloop_gradual   [  11% ] 007/788 VUs  01m20.4s/12m0s  010.00 iters/s

running (01m21.4s), 007/788 VUs, 807 complete and 0 interrupted iterations
openloop_gradual   [  11% ] 007/788 VUs  01m21.4s/12m0s  010.00 iters/s

running (01m22.4s), 008/788 VUs, 816 complete and 0 interrupted iterations
openloop_gradual   [  11% ] 008/788 VUs  01m22.4s/12m0s  010.00 iters/s

running (01m23.4s), 008/788 VUs, 826 complete and 0 interrupted iterations
openloop_gradual   [  12% ] 008/788 VUs  01m23.4s/12m0s  010.00 iters/s

running (01m24.4s), 008/788 VUs, 836 complete and 0 interrupted iterations
openloop_gradual   [  12% ] 008/788 VUs  01m24.4s/12m0s  010.00 iters/s

running (01m25.4s), 006/788 VUs, 848 complete and 0 interrupted iterations
openloop_gradual   [  12% ] 006/788 VUs  01m25.4s/12m0s  010.00 iters/s

running (01m26.4s), 008/788 VUs, 856 complete and 0 interrupted iterations
openloop_gradual   [  12% ] 008/788 VUs  01m26.4s/12m0s  010.00 iters/s

running (01m27.4s), 008/788 VUs, 866 complete and 0 interrupted iterations
openloop_gradual   [  12% ] 008/788 VUs  01m27.4s/12m0s  010.00 iters/s

running (01m28.4s), 007/788 VUs, 877 complete and 0 interrupted iterations
openloop_gradual   [  12% ] 007/788 VUs  01m28.4s/12m0s  010.00 iters/s

running (01m29.4s), 007/788 VUs, 887 complete and 0 interrupted iterations
openloop_gradual   [  12% ] 007/788 VUs  01m29.4s/12m0s  010.00 iters/s

running (01m30.4s), 008/788 VUs, 896 complete and 0 interrupted iterations
openloop_gradual   [  13% ] 008/788 VUs  01m30.4s/12m0s  010.00 iters/s

running (01m31.4s), 008/788 VUs, 906 complete and 0 interrupted iterations
openloop_gradual   [  13% ] 008/788 VUs  01m31.4s/12m0s  010.00 iters/s

running (01m32.4s), 008/788 VUs, 916 complete and 0 interrupted iterations
openloop_gradual   [  13% ] 008/788 VUs  01m32.4s/12m0s  010.00 iters/s

running (01m33.4s), 009/788 VUs, 925 complete and 0 interrupted iterations
openloop_gradual   [  13% ] 009/788 VUs  01m33.4s/12m0s  010.00 iters/s

running (01m34.4s), 007/788 VUs, 937 complete and 0 interrupted iterations
openloop_gradual   [  13% ] 007/788 VUs  01m34.4s/12m0s  010.00 iters/s

running (01m35.4s), 008/788 VUs, 946 complete and 0 interrupted iterations
openloop_gradual   [  13% ] 008/788 VUs  01m35.4s/12m0s  010.00 iters/s

running (01m36.4s), 007/788 VUs, 957 complete and 0 interrupted iterations
openloop_gradual   [  13% ] 007/788 VUs  01m36.4s/12m0s  010.00 iters/s

running (01m37.4s), 007/788 VUs, 967 complete and 0 interrupted iterations
openloop_gradual   [  14% ] 007/788 VUs  01m37.4s/12m0s  010.00 iters/s

running (01m38.4s), 008/788 VUs, 976 complete and 0 interrupted iterations
openloop_gradual   [  14% ] 008/788 VUs  01m38.4s/12m0s  010.00 iters/s

running (01m39.4s), 008/788 VUs, 986 complete and 0 interrupted iterations
openloop_gradual   [  14% ] 008/788 VUs  01m39.4s/12m0s  010.00 iters/s

running (01m40.4s), 007/788 VUs, 997 complete and 0 interrupted iterations
openloop_gradual   [  14% ] 007/788 VUs  01m40.4s/12m0s  010.00 iters/s

running (01m41.4s), 008/788 VUs, 1006 complete and 0 interrupted iterations
openloop_gradual   [  14% ] 008/788 VUs  01m41.4s/12m0s  010.00 iters/s

running (01m42.4s), 005/788 VUs, 1019 complete and 0 interrupted iterations
openloop_gradual   [  14% ] 005/788 VUs  01m42.4s/12m0s  010.00 iters/s

running (01m43.4s), 009/788 VUs, 1025 complete and 0 interrupted iterations
openloop_gradual   [  14% ] 009/788 VUs  01m43.4s/12m0s  010.00 iters/s

running (01m44.4s), 007/788 VUs, 1037 complete and 0 interrupted iterations
openloop_gradual   [  15% ] 007/788 VUs  01m44.4s/12m0s  010.00 iters/s

running (01m45.4s), 008/788 VUs, 1046 complete and 0 interrupted iterations
openloop_gradual   [  15% ] 008/788 VUs  01m45.4s/12m0s  010.00 iters/s

running (01m46.4s), 007/788 VUs, 1057 complete and 0 interrupted iterations
openloop_gradual   [  15% ] 007/788 VUs  01m46.4s/12m0s  010.00 iters/s

running (01m47.4s), 006/788 VUs, 1068 complete and 0 interrupted iterations
openloop_gradual   [  15% ] 006/788 VUs  01m47.4s/12m0s  010.00 iters/s

running (01m48.4s), 006/788 VUs, 1078 complete and 0 interrupted iterations
openloop_gradual   [  15% ] 006/788 VUs  01m48.4s/12m0s  010.00 iters/s

running (01m49.4s), 006/788 VUs, 1088 complete and 0 interrupted iterations
openloop_gradual   [  15% ] 006/788 VUs  01m49.4s/12m0s  010.00 iters/s

running (01m50.4s), 007/788 VUs, 1097 complete and 0 interrupted iterations
openloop_gradual   [  15% ] 007/788 VUs  01m50.4s/12m0s  010.00 iters/s

running (01m51.4s), 009/788 VUs, 1105 complete and 0 interrupted iterations
openloop_gradual   [  15% ] 009/788 VUs  01m51.4s/12m0s  010.00 iters/s

running (01m52.4s), 007/788 VUs, 1117 complete and 0 interrupted iterations
openloop_gradual   [  16% ] 007/788 VUs  01m52.4s/12m0s  010.00 iters/s

running (01m53.4s), 007/788 VUs, 1127 complete and 0 interrupted iterations
openloop_gradual   [  16% ] 007/788 VUs  01m53.4s/12m0s  010.00 iters/s

running (01m54.4s), 007/788 VUs, 1137 complete and 0 interrupted iterations
openloop_gradual   [  16% ] 007/788 VUs  01m54.4s/12m0s  010.00 iters/s

running (01m55.4s), 007/788 VUs, 1147 complete and 0 interrupted iterations
openloop_gradual   [  16% ] 007/788 VUs  01m55.4s/12m0s  010.00 iters/s

running (01m56.4s), 009/788 VUs, 1155 complete and 0 interrupted iterations
openloop_gradual   [  16% ] 009/788 VUs  01m56.4s/12m0s  010.00 iters/s

running (01m57.4s), 008/788 VUs, 1166 complete and 0 interrupted iterations
openloop_gradual   [  16% ] 008/788 VUs  01m57.4s/12m0s  010.00 iters/s

running (01m58.4s), 007/788 VUs, 1177 complete and 0 interrupted iterations
openloop_gradual   [  16% ] 007/788 VUs  01m58.4s/12m0s  010.00 iters/s

running (01m59.4s), 006/788 VUs, 1188 complete and 0 interrupted iterations
openloop_gradual   [  17% ] 006/788 VUs  01m59.4s/12m0s  010.00 iters/s

running (02m00.4s), 007/788 VUs, 1197 complete and 0 interrupted iterations
openloop_gradual   [  17% ] 007/788 VUs  02m00.4s/12m0s  010.14 iters/s

running (02m01.4s), 009/788 VUs, 1205 complete and 0 interrupted iterations
openloop_gradual   [  17% ] 009/788 VUs  02m01.4s/12m0s  010.45 iters/s

running (02m02.4s), 006/788 VUs, 1219 complete and 0 interrupted iterations
openloop_gradual   [  17% ] 006/788 VUs  02m02.4s/12m0s  010.78 iters/s

running (02m03.4s), 009/788 VUs, 1227 complete and 0 interrupted iterations
openloop_gradual   [  17% ] 009/788 VUs  02m03.4s/12m0s  011.10 iters/s

running (02m04.4s), 007/788 VUs, 1240 complete and 0 interrupted iterations
openloop_gradual   [  17% ] 007/788 VUs  02m04.4s/12m0s  011.41 iters/s

running (02m05.4s), 008/788 VUs, 1250 complete and 0 interrupted iterations
openloop_gradual   [  17% ] 008/788 VUs  02m05.4s/12m0s  011.71 iters/s

running (02m06.4s), 008/788 VUs, 1262 complete and 0 interrupted iterations
openloop_gradual   [  18% ] 008/788 VUs  02m06.4s/12m0s  012.03 iters/s

running (02m07.4s), 008/788 VUs, 1274 complete and 0 interrupted iterations
openloop_gradual   [  18% ] 008/788 VUs  02m07.4s/12m0s  012.34 iters/s

running (02m08.4s), 009/788 VUs, 1286 complete and 0 interrupted iterations
openloop_gradual   [  18% ] 009/788 VUs  02m08.4s/12m0s  012.67 iters/s

running (02m09.4s), 010/788 VUs, 1298 complete and 0 interrupted iterations
openloop_gradual   [  18% ] 010/788 VUs  02m09.4s/12m0s  012.99 iters/s

running (02m10.4s), 008/788 VUs, 1313 complete and 0 interrupted iterations
openloop_gradual   [  18% ] 008/788 VUs  02m10.4s/12m0s  013.30 iters/s

running (02m11.4s), 010/788 VUs, 1324 complete and 0 interrupted iterations
openloop_gradual   [  18% ] 010/788 VUs  02m11.4s/12m0s  013.61 iters/s

running (02m12.4s), 009/788 VUs, 1339 complete and 0 interrupted iterations
openloop_gradual   [  18% ] 009/788 VUs  02m12.4s/12m0s  013.93 iters/s

running (02m13.4s), 010/788 VUs, 1352 complete and 0 interrupted iterations
openloop_gradual   [  19% ] 010/788 VUs  02m13.4s/12m0s  014.24 iters/s

running (02m14.4s), 010/788 VUs, 1367 complete and 0 interrupted iterations
openloop_gradual   [  19% ] 010/788 VUs  02m14.4s/12m0s  014.57 iters/s

running (02m15.4s), 011/788 VUs, 1380 complete and 0 interrupted iterations
openloop_gradual   [  19% ] 011/788 VUs  02m15.4s/12m0s  014.88 iters/s

running (02m16.4s), 008/788 VUs, 1398 complete and 0 interrupted iterations
openloop_gradual   [  19% ] 008/788 VUs  02m16.4s/12m0s  015.19 iters/s

running (02m17.4s), 013/788 VUs, 1409 complete and 0 interrupted iterations
openloop_gradual   [  19% ] 013/788 VUs  02m17.4s/12m0s  015.52 iters/s

running (02m18.4s), 010/788 VUs, 1427 complete and 0 interrupted iterations
openloop_gradual   [  19% ] 010/788 VUs  02m18.4s/12m0s  015.82 iters/s

running (02m19.4s), 012/788 VUs, 1441 complete and 0 interrupted iterations
openloop_gradual   [  19% ] 012/788 VUs  02m19.4s/12m0s  016.14 iters/s

running (02m20.4s), 011/788 VUs, 1459 complete and 0 interrupted iterations
openloop_gradual   [  20% ] 011/788 VUs  02m20.4s/12m0s  016.47 iters/s

running (02m21.4s), 012/788 VUs, 1474 complete and 0 interrupted iterations
openloop_gradual   [  20% ] 012/788 VUs  02m21.4s/12m0s  016.78 iters/s

running (02m22.4s), 012/788 VUs, 1491 complete and 0 interrupted iterations
openloop_gradual   [  20% ] 012/788 VUs  02m22.4s/12m0s  017.09 iters/s

running (02m23.4s), 013/788 VUs, 1508 complete and 0 interrupted iterations
openloop_gradual   [  20% ] 013/788 VUs  02m23.4s/12m0s  017.42 iters/s

running (02m24.4s), 013/788 VUs, 1525 complete and 0 interrupted iterations
openloop_gradual   [  20% ] 013/788 VUs  02m24.4s/12m0s  017.73 iters/s

running (02m25.4s), 014/788 VUs, 1542 complete and 0 interrupted iterations
openloop_gradual   [  20% ] 014/788 VUs  02m25.4s/12m0s  018.05 iters/s

running (02m26.4s), 013/788 VUs, 1561 complete and 0 interrupted iterations
openloop_gradual   [  20% ] 013/788 VUs  02m26.4s/12m0s  018.36 iters/s

running (02m27.4s), 014/788 VUs, 1579 complete and 0 interrupted iterations
openloop_gradual   [  20% ] 014/788 VUs  02m27.4s/12m0s  018.69 iters/s

running (02m28.4s), 014/788 VUs, 1598 complete and 0 interrupted iterations
openloop_gradual   [  21% ] 014/788 VUs  02m28.4s/12m0s  019.01 iters/s

running (02m29.4s), 014/788 VUs, 1617 complete and 0 interrupted iterations
openloop_gradual   [  21% ] 014/788 VUs  02m29.4s/12m0s  019.32 iters/s

running (02m30.4s), 014/788 VUs, 1636 complete and 0 interrupted iterations
openloop_gradual   [  21% ] 014/788 VUs  02m30.4s/12m0s  019.63 iters/s

running (02m31.4s), 012/788 VUs, 1658 complete and 0 interrupted iterations
openloop_gradual   [  21% ] 012/788 VUs  02m31.4s/12m0s  019.95 iters/s

running (02m32.4s), 013/788 VUs, 1677 complete and 0 interrupted iterations
openloop_gradual   [  21% ] 013/788 VUs  02m32.4s/12m0s  020.26 iters/s

running (02m33.4s), 015/788 VUs, 1696 complete and 0 interrupted iterations
openloop_gradual   [  21% ] 015/788 VUs  02m33.4s/12m0s  020.59 iters/s

running (02m34.4s), 015/788 VUs, 1716 complete and 0 interrupted iterations
openloop_gradual   [  21% ] 015/788 VUs  02m34.4s/12m0s  020.90 iters/s

running (02m35.4s), 015/788 VUs, 1737 complete and 0 interrupted iterations
openloop_gradual   [  22% ] 015/788 VUs  02m35.4s/12m0s  021.21 iters/s

running (02m36.4s), 015/788 VUs, 1759 complete and 0 interrupted iterations
openloop_gradual   [  22% ] 015/788 VUs  02m36.4s/12m0s  021.54 iters/s

running (02m37.4s), 017/788 VUs, 1778 complete and 0 interrupted iterations
openloop_gradual   [  22% ] 017/788 VUs  02m37.4s/12m0s  021.86 iters/s

running (02m38.4s), 014/788 VUs, 1803 complete and 0 interrupted iterations
openloop_gradual   [  22% ] 014/788 VUs  02m38.4s/12m0s  022.16 iters/s

running (02m39.4s), 018/788 VUs, 1822 complete and 0 interrupted iterations
openloop_gradual   [  22% ] 018/788 VUs  02m39.4s/12m0s  022.49 iters/s

running (02m40.4s), 015/788 VUs, 1847 complete and 0 interrupted iterations
openloop_gradual   [  22% ] 015/788 VUs  02m40.4s/12m0s  022.79 iters/s

running (02m41.4s), 014/788 VUs, 1871 complete and 0 interrupted iterations
openloop_gradual   [  22% ] 014/788 VUs  02m41.4s/12m0s  023.11 iters/s

running (02m42.4s), 016/788 VUs, 1893 complete and 0 interrupted iterations
openloop_gradual   [  23% ] 016/788 VUs  02m42.4s/12m0s  023.44 iters/s

running (02m43.4s), 016/788 VUs, 1916 complete and 0 interrupted iterations
openloop_gradual   [  23% ] 016/788 VUs  02m43.4s/12m0s  023.75 iters/s

running (02m44.4s), 017/788 VUs, 1939 complete and 0 interrupted iterations
openloop_gradual   [  23% ] 017/788 VUs  02m44.4s/12m0s  024.06 iters/s

running (02m45.4s), 017/788 VUs, 1963 complete and 0 interrupted iterations
openloop_gradual   [  23% ] 017/788 VUs  02m45.4s/12m0s  024.38 iters/s

running (02m46.4s), 016/788 VUs, 1989 complete and 0 interrupted iterations
openloop_gradual   [  23% ] 016/788 VUs  02m46.4s/12m0s  024.70 iters/s

running (02m47.4s), 019/788 VUs, 2011 complete and 0 interrupted iterations
openloop_gradual   [  23% ] 019/788 VUs  02m47.4s/12m0s  025.02 iters/s

running (02m48.4s), 018/788 VUs, 2037 complete and 0 interrupted iterations
openloop_gradual   [  23% ] 018/788 VUs  02m48.4s/12m0s  025.33 iters/s

running (02m49.4s), 019/788 VUs, 2061 complete and 0 interrupted iterations
openloop_gradual   [  24% ] 019/788 VUs  02m49.4s/12m0s  025.64 iters/s

running (02m50.4s), 020/788 VUs, 2086 complete and 0 interrupted iterations
openloop_gradual   [  24% ] 020/788 VUs  02m50.4s/12m0s  025.96 iters/s

running (02m51.4s), 020/788 VUs, 2112 complete and 0 interrupted iterations
openloop_gradual   [  24% ] 020/788 VUs  02m51.4s/12m0s  026.28 iters/s

running (02m52.4s), 020/788 VUs, 2139 complete and 0 interrupted iterations
openloop_gradual   [  24% ] 020/788 VUs  02m52.4s/12m0s  026.60 iters/s

running (02m53.4s), 019/788 VUs, 2167 complete and 0 interrupted iterations
openloop_gradual   [  24% ] 019/788 VUs  02m53.4s/12m0s  026.92 iters/s

running (02m54.4s), 021/788 VUs, 2192 complete and 0 interrupted iterations
openloop_gradual   [  24% ] 021/788 VUs  02m54.4s/12m0s  027.24 iters/s

running (02m55.4s), 017/788 VUs, 2223 complete and 0 interrupted iterations
openloop_gradual   [  24% ] 017/788 VUs  02m55.4s/12m0s  027.55 iters/s

running (02m56.4s), 021/788 VUs, 2247 complete and 0 interrupted iterations
openloop_gradual   [  25% ] 021/788 VUs  02m56.4s/12m0s  027.87 iters/s

running (02m57.4s), 019/788 VUs, 2277 complete and 0 interrupted iterations
openloop_gradual   [  25% ] 019/788 VUs  02m57.4s/12m0s  028.19 iters/s

running (02m58.4s), 021/788 VUs, 2303 complete and 0 interrupted iterations
openloop_gradual   [  25% ] 021/788 VUs  02m58.4s/12m0s  028.50 iters/s

running (02m59.4s), 019/788 VUs, 2334 complete and 0 interrupted iterations
openloop_gradual   [  25% ] 019/788 VUs  02m59.4s/12m0s  028.82 iters/s

running (03m00.4s), 018/788 VUs, 2364 complete and 0 interrupted iterations
openloop_gradual   [  25% ] 018/788 VUs  03m00.4s/12m0s  029.14 iters/s

running (03m01.4s), 023/788 VUs, 2388 complete and 0 interrupted iterations
openloop_gradual   [  25% ] 023/788 VUs  03m01.4s/12m0s  029.45 iters/s

running (03m02.4s), 020/788 VUs, 2421 complete and 0 interrupted iterations
openloop_gradual   [  25% ] 020/788 VUs  03m02.4s/12m0s  029.77 iters/s

running (03m03.4s), 022/788 VUs, 2449 complete and 0 interrupted iterations
openloop_gradual   [  25% ] 022/788 VUs  03m03.4s/12m0s  030.09 iters/s

running (03m04.4s), 022/788 VUs, 2479 complete and 0 interrupted iterations
openloop_gradual   [  26% ] 022/788 VUs  03m04.4s/12m0s  030.40 iters/s

running (03m05.4s), 022/788 VUs, 2509 complete and 0 interrupted iterations
openloop_gradual   [  26% ] 022/788 VUs  03m05.4s/12m0s  030.71 iters/s

running (03m06.4s), 021/788 VUs, 2541 complete and 0 interrupted iterations
openloop_gradual   [  26% ] 021/788 VUs  03m06.4s/12m0s  031.03 iters/s

running (03m07.4s), 022/788 VUs, 2572 complete and 0 interrupted iterations
openloop_gradual   [  26% ] 022/788 VUs  03m07.4s/12m0s  031.36 iters/s

running (03m08.4s), 021/788 VUs, 2604 complete and 0 interrupted iterations
openloop_gradual   [  26% ] 021/788 VUs  03m08.4s/12m0s  031.67 iters/s

running (03m09.4s), 023/788 VUs, 2634 complete and 0 interrupted iterations
openloop_gradual   [  26% ] 023/788 VUs  03m09.4s/12m0s  031.99 iters/s

running (03m10.4s), 021/788 VUs, 2668 complete and 0 interrupted iterations
openloop_gradual   [  26% ] 021/788 VUs  03m10.4s/12m0s  032.30 iters/s

running (03m11.4s), 022/788 VUs, 2699 complete and 0 interrupted iterations
openloop_gradual   [  27% ] 022/788 VUs  03m11.4s/12m0s  032.61 iters/s

running (03m12.4s), 023/788 VUs, 2731 complete and 0 interrupted iterations
openloop_gradual   [  27% ] 023/788 VUs  03m12.4s/12m0s  032.93 iters/s

running (03m13.4s), 026/788 VUs, 2761 complete and 0 interrupted iterations
openloop_gradual   [  27% ] 026/788 VUs  03m13.4s/12m0s  033.25 iters/s

running (03m14.4s), 024/788 VUs, 2797 complete and 0 interrupted iterations
openloop_gradual   [  27% ] 024/788 VUs  03m14.4s/12m0s  033.57 iters/s

running (03m15.4s), 024/788 VUs, 2830 complete and 0 interrupted iterations
openloop_gradual   [  27% ] 024/788 VUs  03m15.4s/12m0s  033.88 iters/s

running (03m16.4s), 023/788 VUs, 2865 complete and 0 interrupted iterations
openloop_gradual   [  27% ] 023/788 VUs  03m16.4s/12m0s  034.20 iters/s

running (03m17.4s), 023/788 VUs, 2900 complete and 0 interrupted iterations
openloop_gradual   [  27% ] 023/788 VUs  03m17.4s/12m0s  034.52 iters/s

running (03m18.4s), 024/788 VUs, 2934 complete and 0 interrupted iterations
openloop_gradual   [  28% ] 024/788 VUs  03m18.4s/12m0s  034.84 iters/s

running (03m19.4s), 025/788 VUs, 2968 complete and 0 interrupted iterations
openloop_gradual   [  28% ] 025/788 VUs  03m19.4s/12m0s  035.16 iters/s

running (03m20.4s), 023/788 VUs, 3005 complete and 0 interrupted iterations
openloop_gradual   [  28% ] 023/788 VUs  03m20.4s/12m0s  035.47 iters/s

running (03m21.4s), 023/788 VUs, 3040 complete and 0 interrupted iterations
openloop_gradual   [  28% ] 023/788 VUs  03m21.4s/12m0s  035.78 iters/s

running (03m22.4s), 022/788 VUs, 3077 complete and 0 interrupted iterations
openloop_gradual   [  28% ] 022/788 VUs  03m22.4s/12m0s  036.10 iters/s

running (03m23.4s), 026/788 VUs, 3110 complete and 0 interrupted iterations
openloop_gradual   [  28% ] 026/788 VUs  03m23.4s/12m0s  036.42 iters/s

running (03m24.4s), 027/788 VUs, 3145 complete and 0 interrupted iterations
openloop_gradual   [  28% ] 027/788 VUs  03m24.4s/12m0s  036.73 iters/s

running (03m25.4s), 026/788 VUs, 3183 complete and 0 interrupted iterations
openloop_gradual   [  29% ] 026/788 VUs  03m25.4s/12m0s  037.05 iters/s

running (03m26.4s), 025/788 VUs, 3221 complete and 0 interrupted iterations
openloop_gradual   [  29% ] 025/788 VUs  03m26.4s/12m0s  037.36 iters/s

running (03m27.4s), 025/788 VUs, 3259 complete and 0 interrupted iterations
openloop_gradual   [  29% ] 025/788 VUs  03m27.4s/12m0s  037.69 iters/s

running (03m28.4s), 028/788 VUs, 3294 complete and 0 interrupted iterations
openloop_gradual   [  29% ] 028/788 VUs  03m28.4s/12m0s  038.00 iters/s

running (03m29.4s), 027/788 VUs, 3333 complete and 0 interrupted iterations
openloop_gradual   [  29% ] 027/788 VUs  03m29.4s/12m0s  038.32 iters/s

running (03m30.4s), 027/788 VUs, 3371 complete and 0 interrupted iterations
openloop_gradual   [  29% ] 027/788 VUs  03m30.4s/12m0s  038.63 iters/s

running (03m31.4s), 026/788 VUs, 3411 complete and 0 interrupted iterations
openloop_gradual   [  29% ] 026/788 VUs  03m31.4s/12m0s  038.95 iters/s

running (03m32.4s), 029/788 VUs, 3447 complete and 0 interrupted iterations
openloop_gradual   [  30% ] 029/788 VUs  03m32.4s/12m0s  039.27 iters/s

running (03m33.4s), 028/788 VUs, 3488 complete and 0 interrupted iterations
openloop_gradual   [  30% ] 028/788 VUs  03m33.4s/12m0s  039.59 iters/s

running (03m34.4s), 028/788 VUs, 3527 complete and 0 interrupted iterations
openloop_gradual   [  30% ] 028/788 VUs  03m34.4s/12m0s  039.90 iters/s

running (03m35.4s), 028/788 VUs, 3567 complete and 0 interrupted iterations
openloop_gradual   [  30% ] 028/788 VUs  03m35.4s/12m0s  040.22 iters/s

running (03m36.4s), 030/788 VUs, 3606 complete and 0 interrupted iterations
openloop_gradual   [  30% ] 030/788 VUs  03m36.4s/12m0s  040.54 iters/s

running (03m37.4s), 031/788 VUs, 3646 complete and 0 interrupted iterations
openloop_gradual   [  30% ] 031/788 VUs  03m37.4s/12m0s  040.85 iters/s

running (03m38.4s), 026/788 VUs, 3692 complete and 0 interrupted iterations
openloop_gradual   [  30% ] 026/788 VUs  03m38.4s/12m0s  041.17 iters/s

running (03m39.4s), 030/788 VUs, 3729 complete and 0 interrupted iterations
openloop_gradual   [  30% ] 030/788 VUs  03m39.4s/12m0s  041.49 iters/s

running (03m40.4s), 028/788 VUs, 3772 complete and 0 interrupted iterations
openloop_gradual   [  31% ] 029/788 VUs  03m40.4s/12m0s  041.80 iters/s

running (03m41.4s), 031/788 VUs, 3811 complete and 0 interrupted iterations
openloop_gradual   [  31% ] 031/788 VUs  03m41.4s/12m0s  042.12 iters/s

running (03m42.4s), 034/788 VUs, 3851 complete and 0 interrupted iterations
openloop_gradual   [  31% ] 034/788 VUs  03m42.4s/12m0s  042.44 iters/s

running (03m43.4s), 030/788 VUs, 3897 complete and 0 interrupted iterations
openloop_gradual   [  31% ] 030/788 VUs  03m43.4s/12m0s  042.75 iters/s

running (03m44.4s), 030/788 VUs, 3940 complete and 0 interrupted iterations
openloop_gradual   [  31% ] 030/788 VUs  03m44.4s/12m0s  043.07 iters/s

running (03m45.4s), 029/788 VUs, 3984 complete and 0 interrupted iterations
openloop_gradual   [  31% ] 029/788 VUs  03m45.4s/12m0s  043.38 iters/s

running (03m46.4s), 030/788 VUs, 4027 complete and 0 interrupted iterations
openloop_gradual   [  31% ] 030/788 VUs  03m46.4s/12m0s  043.70 iters/s

running (03m47.4s), 029/788 VUs, 4072 complete and 0 interrupted iterations
openloop_gradual   [  32% ] 029/788 VUs  03m47.4s/12m0s  044.02 iters/s

running (03m48.4s), 031/788 VUs, 4114 complete and 0 interrupted iterations
openloop_gradual   [  32% ] 031/788 VUs  03m48.4s/12m0s  044.33 iters/s

running (03m49.4s), 030/788 VUs, 4160 complete and 0 interrupted iterations
openloop_gradual   [  32% ] 030/788 VUs  03m49.4s/12m0s  044.65 iters/s

running (03m50.4s), 030/788 VUs, 4204 complete and 0 interrupted iterations
openloop_gradual   [  32% ] 030/788 VUs  03m50.4s/12m0s  044.96 iters/s

running (03m51.4s), 030/788 VUs, 4249 complete and 0 interrupted iterations
openloop_gradual   [  32% ] 030/788 VUs  03m51.4s/12m0s  045.28 iters/s

running (03m52.4s), 034/788 VUs, 4291 complete and 0 interrupted iterations
openloop_gradual   [  32% ] 034/788 VUs  03m52.4s/12m0s  045.60 iters/s

running (03m53.4s), 034/788 VUs, 4337 complete and 0 interrupted iterations
openloop_gradual   [  32% ] 034/788 VUs  03m53.4s/12m0s  045.92 iters/s

running (03m54.4s), 030/788 VUs, 4387 complete and 0 interrupted iterations
openloop_gradual   [  33% ] 030/788 VUs  03m54.4s/12m0s  046.24 iters/s

running (03m55.4s), 033/788 VUs, 4430 complete and 0 interrupted iterations
openloop_gradual   [  33% ] 033/788 VUs  03m55.4s/12m0s  046.55 iters/s

running (03m56.4s), 035/788 VUs, 4475 complete and 0 interrupted iterations
openloop_gradual   [  33% ] 035/788 VUs  03m56.4s/12m0s  046.87 iters/s

running (03m57.4s), 034/788 VUs, 4523 complete and 0 interrupted iterations
openloop_gradual   [  33% ] 034/788 VUs  03m57.4s/12m0s  047.18 iters/s

running (03m58.4s), 035/788 VUs, 4569 complete and 0 interrupted iterations
openloop_gradual   [  33% ] 035/788 VUs  03m58.4s/12m0s  047.50 iters/s

running (03m59.4s), 033/788 VUs, 4619 complete and 0 interrupted iterations
openloop_gradual   [  33% ] 033/788 VUs  03m59.4s/12m0s  047.82 iters/s

running (04m00.4s), 033/788 VUs, 4667 complete and 0 interrupted iterations
openloop_gradual   [  33% ] 033/788 VUs  04m00.4s/12m0s  048.14 iters/s

running (04m01.4s), 033/788 VUs, 4715 complete and 0 interrupted iterations
openloop_gradual   [  34% ] 033/788 VUs  04m01.4s/12m0s  048.45 iters/s

running (04m02.4s), 032/788 VUs, 4765 complete and 0 interrupted iterations
openloop_gradual   [  34% ] 032/788 VUs  04m02.4s/12m0s  048.77 iters/s

running (04m03.4s), 037/788 VUs, 4809 complete and 0 interrupted iterations
openloop_gradual   [  34% ] 037/788 VUs  04m03.4s/12m0s  049.09 iters/s

running (04m04.4s), 037/788 VUs, 4858 complete and 0 interrupted iterations
openloop_gradual   [  34% ] 037/788 VUs  04m04.4s/12m0s  049.40 iters/s

running (04m05.4s), 038/788 VUs, 4906 complete and 0 interrupted iterations
openloop_gradual   [  34% ] 038/788 VUs  04m05.4s/12m0s  049.72 iters/s

running (04m06.4s), 033/788 VUs, 4961 complete and 0 interrupted iterations
openloop_gradual   [  34% ] 033/788 VUs  04m06.4s/12m0s  050.03 iters/s

running (04m07.4s), 038/788 VUs, 5007 complete and 0 interrupted iterations
openloop_gradual   [  34% ] 038/788 VUs  04m07.4s/12m0s  050.35 iters/s

running (04m08.4s), 039/788 VUs, 5056 complete and 0 interrupted iterations
openloop_gradual   [  35% ] 039/788 VUs  04m08.4s/12m0s  050.67 iters/s

running (04m09.4s), 039/788 VUs, 5107 complete and 0 interrupted iterations
openloop_gradual   [  35% ] 039/788 VUs  04m09.4s/12m0s  050.98 iters/s

running (04m10.4s), 040/788 VUs, 5157 complete and 0 interrupted iterations
openloop_gradual   [  35% ] 040/788 VUs  04m10.4s/12m0s  051.30 iters/s

running (04m11.4s), 043/788 VUs, 5205 complete and 0 interrupted iterations
openloop_gradual   [  35% ] 044/788 VUs  04m11.4s/12m0s  051.62 iters/s

running (04m12.4s), 041/788 VUs, 5259 complete and 0 interrupted iterations
openloop_gradual   [  35% ] 041/788 VUs  04m12.4s/12m0s  051.93 iters/s

running (04m13.4s), 041/788 VUs, 5311 complete and 0 interrupted iterations
openloop_gradual   [  35% ] 041/788 VUs  04m13.4s/12m0s  052.25 iters/s

running (04m14.4s), 040/788 VUs, 5365 complete and 0 interrupted iterations
openloop_gradual   [  35% ] 040/788 VUs  04m14.4s/12m0s  052.57 iters/s

running (04m15.4s), 042/788 VUs, 5416 complete and 0 interrupted iterations
openloop_gradual   [  35% ] 042/788 VUs  04m15.4s/12m0s  052.89 iters/s

running (04m16.4s), 039/788 VUs, 5472 complete and 0 interrupted iterations
openloop_gradual   [  36% ] 039/788 VUs  04m16.4s/12m0s  053.20 iters/s

running (04m17.4s), 046/788 VUs, 5518 complete and 0 interrupted iterations
openloop_gradual   [  36% ] 046/788 VUs  04m17.4s/12m0s  053.52 iters/s

running (04m18.4s), 044/788 VUs, 5574 complete and 0 interrupted iterations
openloop_gradual   [  36% ] 044/788 VUs  04m18.4s/12m0s  053.84 iters/s

running (04m19.4s), 046/788 VUs, 5626 complete and 0 interrupted iterations
openloop_gradual   [  36% ] 046/788 VUs  04m19.4s/12m0s  054.15 iters/s

running (04m20.4s), 045/788 VUs, 5681 complete and 0 interrupted iterations
openloop_gradual   [  36% ] 045/788 VUs  04m20.4s/12m0s  054.47 iters/s

running (04m21.4s), 047/788 VUs, 5733 complete and 0 interrupted iterations
openloop_gradual   [  36% ] 047/788 VUs  04m21.4s/12m0s  054.78 iters/s

running (04m22.4s), 046/788 VUs, 5789 complete and 0 interrupted iterations
openloop_gradual   [  36% ] 046/788 VUs  04m22.4s/12m0s  055.10 iters/s

running (04m23.4s), 049/788 VUs, 5842 complete and 0 interrupted iterations
openloop_gradual   [  37% ] 049/788 VUs  04m23.4s/12m0s  055.42 iters/s

running (04m24.4s), 042/788 VUs, 5904 complete and 0 interrupted iterations
openloop_gradual   [  37% ] 042/788 VUs  04m24.4s/12m0s  055.73 iters/s

running (04m25.4s), 039/788 VUs, 5963 complete and 0 interrupted iterations
openloop_gradual   [  37% ] 039/788 VUs  04m25.4s/12m0s  056.05 iters/s

running (04m26.4s), 036/788 VUs, 6022 complete and 0 interrupted iterations
openloop_gradual   [  37% ] 036/788 VUs  04m26.4s/12m0s  056.37 iters/s

running (04m27.4s), 039/788 VUs, 6076 complete and 0 interrupted iterations
openloop_gradual   [  37% ] 039/788 VUs  04m27.4s/12m0s  056.68 iters/s

running (04m28.4s), 039/788 VUs, 6133 complete and 0 interrupted iterations
openloop_gradual   [  37% ] 039/788 VUs  04m28.4s/12m0s  057.00 iters/s

running (04m29.4s), 039/788 VUs, 6190 complete and 0 interrupted iterations
openloop_gradual   [  37% ] 039/788 VUs  04m29.4s/12m0s  057.32 iters/s

running (04m30.4s), 040/788 VUs, 6246 complete and 0 interrupted iterations
openloop_gradual   [  38% ] 040/788 VUs  04m30.4s/12m0s  057.63 iters/s

running (04m31.4s), 042/788 VUs, 6302 complete and 0 interrupted iterations
openloop_gradual   [  38% ] 042/788 VUs  04m31.4s/12m0s  057.95 iters/s

running (04m32.4s), 040/788 VUs, 6362 complete and 0 interrupted iterations
openloop_gradual   [  38% ] 040/788 VUs  04m32.4s/12m0s  058.27 iters/s

running (04m33.4s), 044/788 VUs, 6417 complete and 0 interrupted iterations
openloop_gradual   [  38% ] 044/788 VUs  04m33.4s/12m0s  058.59 iters/s

running (04m34.4s), 043/788 VUs, 6476 complete and 0 interrupted iterations
openloop_gradual   [  38% ] 043/788 VUs  04m34.4s/12m0s  058.90 iters/s

running (04m35.4s), 038/788 VUs, 6541 complete and 0 interrupted iterations
openloop_gradual   [  38% ] 038/788 VUs  04m35.4s/12m0s  059.22 iters/s

running (04m36.4s), 042/788 VUs, 6596 complete and 0 interrupted iterations
openloop_gradual   [  38% ] 042/788 VUs  04m36.4s/12m0s  059.53 iters/s

running (04m37.4s), 043/788 VUs, 6655 complete and 0 interrupted iterations
openloop_gradual   [  39% ] 043/788 VUs  04m37.4s/12m0s  059.85 iters/s

running (04m38.4s), 042/788 VUs, 6716 complete and 0 interrupted iterations
openloop_gradual   [  39% ] 042/788 VUs  04m38.4s/12m0s  060.17 iters/s

running (04m39.4s), 045/788 VUs, 6773 complete and 0 interrupted iterations
openloop_gradual   [  39% ] 045/788 VUs  04m39.4s/12m0s  060.48 iters/s

running (04m40.4s), 043/788 VUs, 6836 complete and 0 interrupted iterations
openloop_gradual   [  39% ] 043/788 VUs  04m40.4s/12m0s  060.80 iters/s

running (04m41.4s), 048/788 VUs, 6892 complete and 0 interrupted iterations
openloop_gradual   [  39% ] 048/788 VUs  04m41.4s/12m0s  061.12 iters/s

running (04m42.4s), 045/788 VUs, 6956 complete and 0 interrupted iterations
openloop_gradual   [  39% ] 045/788 VUs  04m42.4s/12m0s  061.44 iters/s

running (04m43.4s), 044/788 VUs, 7018 complete and 0 interrupted iterations
openloop_gradual   [  39% ] 044/788 VUs  04m43.4s/12m0s  061.75 iters/s

running (04m44.4s), 046/788 VUs, 7078 complete and 0 interrupted iterations
openloop_gradual   [  40% ] 046/788 VUs  04m44.4s/12m0s  062.07 iters/s

running (04m45.4s), 046/788 VUs, 7141 complete and 0 interrupted iterations
openloop_gradual   [  40% ] 046/788 VUs  04m45.4s/12m0s  062.39 iters/s

running (04m46.4s), 047/788 VUs, 7202 complete and 0 interrupted iterations
openloop_gradual   [  40% ] 047/788 VUs  04m46.4s/12m0s  062.70 iters/s

running (04m47.4s), 046/788 VUs, 7266 complete and 0 interrupted iterations
openloop_gradual   [  40% ] 046/788 VUs  04m47.4s/12m0s  063.02 iters/s

running (04m48.4s), 047/788 VUs, 7328 complete and 0 interrupted iterations
openloop_gradual   [  40% ] 047/788 VUs  04m48.4s/12m0s  063.33 iters/s

running (04m49.4s), 048/788 VUs, 7391 complete and 0 interrupted iterations
openloop_gradual   [  40% ] 048/788 VUs  04m49.4s/12m0s  063.65 iters/s

running (04m50.4s), 044/788 VUs, 7458 complete and 0 interrupted iterations
openloop_gradual   [  40% ] 044/788 VUs  04m50.4s/12m0s  063.97 iters/s

running (04m51.4s), 048/788 VUs, 7519 complete and 0 interrupted iterations
openloop_gradual   [  40% ] 048/788 VUs  04m51.4s/12m0s  064.29 iters/s

running (04m52.4s), 039/788 VUs, 7592 complete and 0 interrupted iterations
openloop_gradual   [  41% ] 039/788 VUs  04m52.4s/12m0s  064.60 iters/s

running (04m53.4s), 045/788 VUs, 7651 complete and 0 interrupted iterations
openloop_gradual   [  41% ] 045/788 VUs  04m53.4s/12m0s  064.92 iters/s

running (04m54.4s), 046/788 VUs, 7715 complete and 0 interrupted iterations
openloop_gradual   [  41% ] 046/788 VUs  04m54.4s/12m0s  065.24 iters/s

running (04m55.4s), 046/788 VUs, 7780 complete and 0 interrupted iterations
openloop_gradual   [  41% ] 046/788 VUs  04m55.4s/12m0s  065.55 iters/s

running (04m56.4s), 048/788 VUs, 7844 complete and 0 interrupted iterations
openloop_gradual   [  41% ] 048/788 VUs  04m56.4s/12m0s  065.87 iters/s

running (04m57.4s), 048/788 VUs, 7910 complete and 0 interrupted iterations
openloop_gradual   [  41% ] 048/788 VUs  04m57.4s/12m0s  066.18 iters/s

running (04m58.4s), 046/788 VUs, 7978 complete and 0 interrupted iterations
openloop_gradual   [  41% ] 046/788 VUs  04m58.4s/12m0s  066.50 iters/s

running (04m59.4s), 045/788 VUs, 8046 complete and 0 interrupted iterations
openloop_gradual   [  42% ] 045/788 VUs  04m59.4s/12m0s  066.82 iters/s

running (05m00.4s), 047/788 VUs, 8111 complete and 0 interrupted iterations
openloop_gradual   [  42% ] 047/788 VUs  05m00.4s/12m0s  067.13 iters/s

running (05m01.4s), 045/788 VUs, 8180 complete and 0 interrupted iterations
openloop_gradual   [  42% ] 045/788 VUs  05m01.4s/12m0s  067.45 iters/s

running (05m02.4s), 049/788 VUs, 8244 complete and 0 interrupted iterations
openloop_gradual   [  42% ] 049/788 VUs  05m02.4s/12m0s  067.77 iters/s

running (05m03.4s), 051/788 VUs, 8310 complete and 0 interrupted iterations
openloop_gradual   [  42% ] 051/788 VUs  05m03.4s/12m0s  068.09 iters/s

running (05m04.4s), 051/788 VUs, 8378 complete and 0 interrupted iterations
openloop_gradual   [  42% ] 051/788 VUs  05m04.4s/12m0s  068.40 iters/s

running (05m05.4s), 052/788 VUs, 8446 complete and 0 interrupted iterations
openloop_gradual   [  42% ] 052/788 VUs  05m05.4s/12m0s  068.72 iters/s

running (05m06.4s), 044/788 VUs, 8522 complete and 0 interrupted iterations
openloop_gradual   [  43% ] 044/788 VUs  05m06.4s/12m0s  069.03 iters/s

running (05m07.4s), 048/788 VUs, 8588 complete and 0 interrupted iterations
openloop_gradual   [  43% ] 048/788 VUs  05m07.4s/12m0s  069.35 iters/s

running (05m08.4s), 048/788 VUs, 8657 complete and 0 interrupted iterations
openloop_gradual   [  43% ] 048/788 VUs  05m08.4s/12m0s  069.67 iters/s

running (05m09.4s), 048/788 VUs, 8727 complete and 0 interrupted iterations
openloop_gradual   [  43% ] 048/788 VUs  05m09.4s/12m0s  069.98 iters/s

running (05m10.4s), 050/788 VUs, 8795 complete and 0 interrupted iterations
openloop_gradual   [  43% ] 050/788 VUs  05m10.4s/12m0s  070.30 iters/s

running (05m11.4s), 051/788 VUs, 8865 complete and 0 interrupted iterations
openloop_gradual   [  43% ] 051/788 VUs  05m11.4s/12m0s  070.62 iters/s

running (05m12.4s), 051/788 VUs, 8935 complete and 0 interrupted iterations
openloop_gradual   [  43% ] 051/788 VUs  05m12.4s/12m0s  070.93 iters/s

running (05m13.4s), 050/788 VUs, 9007 complete and 0 interrupted iterations
openloop_gradual   [  44% ] 050/788 VUs  05m13.4s/12m0s  071.25 iters/s

running (05m14.4s), 046/788 VUs, 9083 complete and 0 interrupted iterations
openloop_gradual   [  44% ] 046/788 VUs  05m14.4s/12m0s  071.57 iters/s

running (05m15.5s), 052/788 VUs, 9148 complete and 0 interrupted iterations
openloop_gradual   [  44% ] 052/788 VUs  05m15.5s/12m0s  071.89 iters/s

running (05m16.4s), 048/788 VUs, 9225 complete and 0 interrupted iterations
openloop_gradual   [  44% ] 048/788 VUs  05m16.4s/12m0s  072.20 iters/s

running (05m17.4s), 050/788 VUs, 9295 complete and 0 interrupted iterations
openloop_gradual   [  44% ] 050/788 VUs  05m17.4s/12m0s  072.52 iters/s

running (05m18.4s), 050/788 VUs, 9368 complete and 0 interrupted iterations
openloop_gradual   [  44% ] 050/788 VUs  05m18.4s/12m0s  072.84 iters/s

running (05m19.4s), 058/788 VUs, 9433 complete and 0 interrupted iterations
openloop_gradual   [  44% ] 058/788 VUs  05m19.4s/12m0s  073.15 iters/s

running (05m20.4s), 051/788 VUs, 9513 complete and 0 interrupted iterations
openloop_gradual   [  45% ] 051/788 VUs  05m20.4s/12m0s  073.47 iters/s

running (05m21.4s), 051/788 VUs, 9587 complete and 0 interrupted iterations
openloop_gradual   [  45% ] 051/788 VUs  05m21.4s/12m0s  073.79 iters/s

running (05m22.4s), 053/788 VUs, 9658 complete and 0 interrupted iterations
openloop_gradual   [  45% ] 054/788 VUs  05m22.4s/12m0s  074.10 iters/s

running (05m23.4s), 055/788 VUs, 9731 complete and 0 interrupted iterations
openloop_gradual   [  45% ] 055/788 VUs  05m23.4s/12m0s  074.42 iters/s

running (05m24.4s), 051/788 VUs, 9809 complete and 0 interrupted iterations
openloop_gradual   [  45% ] 051/788 VUs  05m24.4s/12m0s  074.73 iters/s

running (05m25.4s), 054/788 VUs, 9881 complete and 0 interrupted iterations
openloop_gradual   [  45% ] 054/788 VUs  05m25.4s/12m0s  075.05 iters/s

running (05m26.4s), 051/788 VUs, 9959 complete and 0 interrupted iterations
openloop_gradual   [  45% ] 052/788 VUs  05m26.4s/12m0s  075.37 iters/s

running (05m27.4s), 054/788 VUs, 10032 complete and 0 interrupted iterations
openloop_gradual   [  45% ] 054/788 VUs  05m27.4s/12m0s  075.68 iters/s

running (05m28.4s), 056/788 VUs, 10106 complete and 0 interrupted iterations
openloop_gradual   [  46% ] 056/788 VUs  05m28.4s/12m0s  076.00 iters/s

running (05m29.4s), 052/788 VUs, 10186 complete and 0 interrupted iterations
openloop_gradual   [  46% ] 052/788 VUs  05m29.4s/12m0s  076.32 iters/s

running (05m30.4s), 052/788 VUs, 10262 complete and 0 interrupted iterations
openloop_gradual   [  46% ] 052/788 VUs  05m30.4s/12m0s  076.63 iters/s

running (05m31.4s), 057/788 VUs, 10334 complete and 0 interrupted iterations
openloop_gradual   [  46% ] 057/788 VUs  05m31.4s/12m0s  076.95 iters/s

running (05m32.4s), 057/788 VUs, 10411 complete and 0 interrupted iterations
openloop_gradual   [  46% ] 057/788 VUs  05m32.4s/12m0s  077.27 iters/s

running (05m33.4s), 057/788 VUs, 10489 complete and 0 interrupted iterations
openloop_gradual   [  46% ] 057/788 VUs  05m33.4s/12m0s  077.59 iters/s

running (05m34.4s), 051/788 VUs, 10572 complete and 0 interrupted iterations
openloop_gradual   [  46% ] 051/788 VUs  05m34.4s/12m0s  077.90 iters/s

running (05m35.4s), 051/788 VUs, 10651 complete and 0 interrupted iterations
openloop_gradual   [  47% ] 051/788 VUs  05m35.4s/12m0s  078.22 iters/s

running (05m36.4s), 057/788 VUs, 10723 complete and 0 interrupted iterations
openloop_gradual   [  47% ] 057/788 VUs  05m36.4s/12m0s  078.53 iters/s

running (05m37.4s), 054/788 VUs, 10805 complete and 0 interrupted iterations
openloop_gradual   [  47% ] 054/788 VUs  05m37.4s/12m0s  078.85 iters/s

running (05m38.4s), 059/788 VUs, 10879 complete and 0 interrupted iterations
openloop_gradual   [  47% ] 059/788 VUs  05m38.4s/12m0s  079.17 iters/s

running (05m39.4s), 054/788 VUs, 10963 complete and 0 interrupted iterations
openloop_gradual   [  47% ] 054/788 VUs  05m39.4s/12m0s  079.48 iters/s

running (05m40.4s), 057/788 VUs, 11040 complete and 0 interrupted iterations
openloop_gradual   [  47% ] 057/788 VUs  05m40.4s/12m0s  079.80 iters/s

running (05m41.4s), 056/788 VUs, 11121 complete and 0 interrupted iterations
openloop_gradual   [  47% ] 056/788 VUs  05m41.4s/12m0s  080.12 iters/s

running (05m42.4s), 057/788 VUs, 11200 complete and 0 interrupted iterations
openloop_gradual   [  48% ] 057/788 VUs  05m42.4s/12m0s  080.43 iters/s

running (05m43.4s), 059/788 VUs, 11278 complete and 0 interrupted iterations
openloop_gradual   [  48% ] 059/788 VUs  05m43.4s/12m0s  080.75 iters/s

running (05m44.4s), 058/788 VUs, 11360 complete and 0 interrupted iterations
openloop_gradual   [  48% ] 058/788 VUs  05m44.4s/12m0s  081.07 iters/s

running (05m45.4s), 057/788 VUs, 11443 complete and 0 interrupted iterations
openloop_gradual   [  48% ] 057/788 VUs  05m45.4s/12m0s  081.39 iters/s

running (05m46.4s), 055/788 VUs, 11526 complete and 0 interrupted iterations
openloop_gradual   [  48% ] 055/788 VUs  05m46.4s/12m0s  081.70 iters/s

running (05m47.4s), 057/788 VUs, 11606 complete and 0 interrupted iterations
openloop_gradual   [  48% ] 057/788 VUs  05m47.4s/12m0s  082.02 iters/s

running (05m48.4s), 058/788 VUs, 11687 complete and 0 interrupted iterations
openloop_gradual   [  48% ] 058/788 VUs  05m48.4s/12m0s  082.33 iters/s

running (05m49.4s), 062/788 VUs, 11766 complete and 0 interrupted iterations
openloop_gradual   [  49% ] 062/788 VUs  05m49.4s/12m0s  082.65 iters/s

running (05m50.4s), 056/788 VUs, 11854 complete and 0 interrupted iterations
openloop_gradual   [  49% ] 056/788 VUs  05m50.4s/12m0s  082.97 iters/s

running (05m51.4s), 059/788 VUs, 11935 complete and 0 interrupted iterations
openloop_gradual   [  49% ] 059/788 VUs  05m51.4s/12m0s  083.29 iters/s

running (05m52.4s), 053/788 VUs, 12024 complete and 0 interrupted iterations
openloop_gradual   [  49% ] 053/788 VUs  05m52.4s/12m0s  083.60 iters/s

running (05m53.4s), 063/788 VUs, 12098 complete and 0 interrupted iterations
openloop_gradual   [  49% ] 063/788 VUs  05m53.4s/12m0s  083.92 iters/s

running (05m54.4s), 058/788 VUs, 12187 complete and 0 interrupted iterations
openloop_gradual   [  49% ] 058/788 VUs  05m54.4s/12m0s  084.23 iters/s

running (05m55.4s), 059/788 VUs, 12270 complete and 0 interrupted iterations
openloop_gradual   [  49% ] 059/788 VUs  05m55.4s/12m0s  084.55 iters/s

running (05m56.4s), 063/788 VUs, 12351 complete and 0 interrupted iterations
openloop_gradual   [  50% ] 063/788 VUs  05m56.4s/12m0s  084.87 iters/s

running (05m57.4s), 061/788 VUs, 12438 complete and 0 interrupted iterations
openloop_gradual   [  50% ] 061/788 VUs  05m57.4s/12m0s  085.18 iters/s

running (05m58.4s), 061/788 VUs, 12523 complete and 0 interrupted iterations
openloop_gradual   [  50% ] 061/788 VUs  05m58.4s/12m0s  085.50 iters/s

running (05m59.4s), 062/788 VUs, 12608 complete and 0 interrupted iterations
openloop_gradual   [  50% ] 062/788 VUs  05m59.4s/12m0s  085.82 iters/s

running (06m00.4s), 063/788 VUs, 12693 complete and 0 interrupted iterations
openloop_gradual   [  50% ] 063/788 VUs  06m00.4s/12m0s  086.13 iters/s

running (06m01.4s), 060/788 VUs, 12782 complete and 0 interrupted iterations
openloop_gradual   [  50% ] 060/788 VUs  06m01.4s/12m0s  086.45 iters/s

running (06m02.4s), 061/788 VUs, 12868 complete and 0 interrupted iterations
openloop_gradual   [  50% ] 061/788 VUs  06m02.4s/12m0s  086.77 iters/s

running (06m03.4s), 063/788 VUs, 12953 complete and 0 interrupted iterations
openloop_gradual   [  50% ] 063/788 VUs  06m03.4s/12m0s  087.08 iters/s

running (06m04.4s), 065/788 VUs, 13038 complete and 0 interrupted iterations
openloop_gradual   [  51% ] 065/788 VUs  06m04.4s/12m0s  087.40 iters/s

running (06m05.4s), 059/788 VUs, 13132 complete and 0 interrupted iterations
openloop_gradual   [  51% ] 059/788 VUs  06m05.4s/12m0s  087.72 iters/s

running (06m06.4s), 066/788 VUs, 13213 complete and 0 interrupted iterations
openloop_gradual   [  51% ] 066/788 VUs  06m06.4s/12m0s  088.04 iters/s

running (06m07.4s), 060/788 VUs, 13307 complete and 0 interrupted iterations
openloop_gradual   [  51% ] 060/788 VUs  06m07.4s/12m0s  088.35 iters/s

running (06m08.4s), 061/788 VUs, 13394 complete and 0 interrupted iterations
openloop_gradual   [  51% ] 061/788 VUs  06m08.4s/12m0s  088.67 iters/s

running (06m09.4s), 058/788 VUs, 13486 complete and 0 interrupted iterations
openloop_gradual   [  51% ] 058/788 VUs  06m09.4s/12m0s  088.98 iters/s

running (06m10.4s), 065/788 VUs, 13568 complete and 0 interrupted iterations
openloop_gradual   [  51% ] 065/788 VUs  06m10.4s/12m0s  089.30 iters/s

running (06m11.4s), 066/788 VUs, 13657 complete and 0 interrupted iterations
openloop_gradual   [  52% ] 066/788 VUs  06m11.4s/12m0s  089.62 iters/s

running (06m12.4s), 061/788 VUs, 13751 complete and 0 interrupted iterations
openloop_gradual   [  52% ] 061/788 VUs  06m12.4s/12m0s  089.93 iters/s

running (06m13.4s), 065/788 VUs, 13838 complete and 0 interrupted iterations
openloop_gradual   [  52% ] 065/788 VUs  06m13.4s/12m0s  090.25 iters/s

running (06m14.4s), 064/788 VUs, 13929 complete and 0 interrupted iterations
openloop_gradual   [  52% ] 064/788 VUs  06m14.4s/12m0s  090.57 iters/s

running (06m15.4s), 066/788 VUs, 14018 complete and 0 interrupted iterations
openloop_gradual   [  52% ] 066/788 VUs  06m15.4s/12m0s  090.89 iters/s

running (06m16.4s), 066/788 VUs, 14109 complete and 0 interrupted iterations
openloop_gradual   [  52% ] 066/788 VUs  06m16.4s/12m0s  091.20 iters/s

running (06m17.4s), 065/788 VUs, 14201 complete and 0 interrupted iterations
openloop_gradual   [  52% ] 065/788 VUs  06m17.4s/12m0s  091.52 iters/s

running (06m18.4s), 061/788 VUs, 14297 complete and 0 interrupted iterations
openloop_gradual   [  53% ] 061/788 VUs  06m18.4s/12m0s  091.84 iters/s

running (06m19.4s), 068/788 VUs, 14382 complete and 0 interrupted iterations
openloop_gradual   [  53% ] 068/788 VUs  06m19.4s/12m0s  092.15 iters/s

running (06m20.4s), 065/788 VUs, 14477 complete and 0 interrupted iterations
openloop_gradual   [  53% ] 065/788 VUs  06m20.4s/12m0s  092.47 iters/s

running (06m21.4s), 070/788 VUs, 14565 complete and 0 interrupted iterations
openloop_gradual   [  53% ] 070/788 VUs  06m21.4s/12m0s  092.79 iters/s

running (06m22.4s), 066/788 VUs, 14662 complete and 0 interrupted iterations
openloop_gradual   [  53% ] 066/788 VUs  06m22.4s/12m0s  093.10 iters/s

running (06m23.4s), 064/788 VUs, 14757 complete and 0 interrupted iterations
openloop_gradual   [  53% ] 064/788 VUs  06m23.4s/12m0s  093.42 iters/s

running (06m24.4s), 066/788 VUs, 14848 complete and 0 interrupted iterations
openloop_gradual   [  53% ] 066/788 VUs  06m24.4s/12m0s  093.73 iters/s

running (06m25.4s), 060/788 VUs, 14948 complete and 0 interrupted iterations
openloop_gradual   [  54% ] 060/788 VUs  06m25.4s/12m0s  094.05 iters/s

running (06m26.4s), 069/788 VUs, 15033 complete and 0 interrupted iterations
openloop_gradual   [  54% ] 069/788 VUs  06m26.4s/12m0s  094.37 iters/s

running (06m27.4s), 063/788 VUs, 15134 complete and 0 interrupted iterations
openloop_gradual   [  54% ] 063/788 VUs  06m27.4s/12m0s  094.68 iters/s

running (06m28.4s), 068/788 VUs, 15224 complete and 0 interrupted iterations
openloop_gradual   [  54% ] 068/788 VUs  06m28.4s/12m0s  095.00 iters/s

running (06m29.4s), 069/788 VUs, 15318 complete and 0 interrupted iterations
openloop_gradual   [  54% ] 069/788 VUs  06m29.4s/12m0s  095.32 iters/s

running (06m30.4s), 068/788 VUs, 15415 complete and 0 interrupted iterations
openloop_gradual   [  54% ] 068/788 VUs  06m30.4s/12m0s  095.64 iters/s

running (06m31.4s), 066/788 VUs, 15512 complete and 0 interrupted iterations
openloop_gradual   [  54% ] 066/788 VUs  06m31.4s/12m0s  095.95 iters/s

running (06m32.4s), 068/788 VUs, 15606 complete and 0 interrupted iterations
openloop_gradual   [  55% ] 068/788 VUs  06m32.4s/12m0s  096.27 iters/s

running (06m33.4s), 065/788 VUs, 15706 complete and 0 interrupted iterations
openloop_gradual   [  55% ] 065/788 VUs  06m33.4s/12m0s  096.58 iters/s

running (06m34.4s), 068/788 VUs, 15800 complete and 0 interrupted iterations
openloop_gradual   [  55% ] 068/788 VUs  06m34.4s/12m0s  096.90 iters/s

running (06m35.4s), 073/788 VUs, 15892 complete and 0 interrupted iterations
openloop_gradual   [  55% ] 073/788 VUs  06m35.4s/12m0s  097.22 iters/s

running (06m36.4s), 065/788 VUs, 15997 complete and 0 interrupted iterations
openloop_gradual   [  55% ] 065/788 VUs  06m36.4s/12m0s  097.53 iters/s

running (06m37.4s), 069/788 VUs, 16091 complete and 0 interrupted iterations
openloop_gradual   [  55% ] 069/788 VUs  06m37.4s/12m0s  097.85 iters/s

running (06m38.4s), 065/788 VUs, 16193 complete and 0 interrupted iterations
openloop_gradual   [  55% ] 065/788 VUs  06m38.4s/12m0s  098.17 iters/s

running (06m39.4s), 074/788 VUs, 16282 complete and 0 interrupted iterations
openloop_gradual   [  55% ] 074/788 VUs  06m39.4s/12m0s  098.48 iters/s

running (06m40.4s), 070/788 VUs, 16385 complete and 0 interrupted iterations
openloop_gradual   [  56% ] 070/788 VUs  06m40.4s/12m0s  098.80 iters/s

running (06m41.4s), 064/788 VUs, 16490 complete and 0 interrupted iterations
openloop_gradual   [  56% ] 064/788 VUs  06m41.4s/12m0s  099.12 iters/s

running (06m42.4s), 071/788 VUs, 16582 complete and 0 interrupted iterations
openloop_gradual   [  56% ] 071/788 VUs  06m42.4s/12m0s  099.43 iters/s

running (06m43.4s), 075/788 VUs, 16678 complete and 0 interrupted iterations
openloop_gradual   [  56% ] 075/788 VUs  06m43.4s/12m0s  099.75 iters/s

running (06m44.4s), 074/788 VUs, 16778 complete and 0 interrupted iterations
openloop_gradual   [  56% ] 074/788 VUs  06m44.4s/12m0s  100.07 iters/s

running (06m45.4s), 070/788 VUs, 16883 complete and 0 interrupted iterations
openloop_gradual   [  56% ] 070/788 VUs  06m45.4s/12m0s  100.39 iters/s

running (06m46.4s), 070/788 VUs, 16983 complete and 0 interrupted iterations
openloop_gradual   [  56% ] 070/788 VUs  06m46.4s/12m0s  100.70 iters/s

running (06m47.4s), 072/788 VUs, 17082 complete and 0 interrupted iterations
openloop_gradual   [  57% ] 072/788 VUs  06m47.4s/12m0s  101.02 iters/s

running (06m48.4s), 070/788 VUs, 17185 complete and 0 interrupted iterations
openloop_gradual   [  57% ] 070/788 VUs  06m48.4s/12m0s  101.33 iters/s

running (06m49.4s), 074/788 VUs, 17283 complete and 0 interrupted iterations
openloop_gradual   [  57% ] 074/788 VUs  06m49.4s/12m0s  101.65 iters/s

running (06m50.4s), 069/788 VUs, 17389 complete and 0 interrupted iterations
openloop_gradual   [  57% ] 069/788 VUs  06m50.4s/12m0s  101.97 iters/s

running (06m51.4s), 071/788 VUs, 17490 complete and 0 interrupted iterations
openloop_gradual   [  57% ] 071/788 VUs  06m51.4s/12m0s  102.29 iters/s

running (06m52.4s), 071/788 VUs, 17592 complete and 0 interrupted iterations
openloop_gradual   [  57% ] 071/788 VUs  06m52.4s/12m0s  102.60 iters/s

running (06m53.4s), 073/788 VUs, 17693 complete and 0 interrupted iterations
openloop_gradual   [  57% ] 073/788 VUs  06m53.4s/12m0s  102.92 iters/s

running (06m54.4s), 082/788 VUs, 17787 complete and 0 interrupted iterations
openloop_gradual   [  58% ] 082/788 VUs  06m54.4s/12m0s  103.23 iters/s

running (06m55.4s), 073/788 VUs, 17899 complete and 0 interrupted iterations
openloop_gradual   [  58% ] 073/788 VUs  06m55.4s/12m0s  103.55 iters/s

running (06m56.4s), 073/788 VUs, 18003 complete and 0 interrupted iterations
openloop_gradual   [  58% ] 073/788 VUs  06m56.4s/12m0s  103.87 iters/s

running (06m57.4s), 077/788 VUs, 18103 complete and 0 interrupted iterations
openloop_gradual   [  58% ] 077/788 VUs  06m57.4s/12m0s  104.18 iters/s

running (06m58.4s), 073/788 VUs, 18211 complete and 0 interrupted iterations
openloop_gradual   [  58% ] 073/788 VUs  06m58.4s/12m0s  104.50 iters/s

running (06m59.4s), 075/788 VUs, 18314 complete and 0 interrupted iterations
openloop_gradual   [  58% ] 075/788 VUs  06m59.4s/12m0s  104.82 iters/s

running (07m00.4s), 076/788 VUs, 18418 complete and 0 interrupted iterations
openloop_gradual   [  58% ] 076/788 VUs  07m00.4s/12m0s  105.00 iters/s

running (07m01.4s), 077/788 VUs, 18522 complete and 0 interrupted iterations
openloop_gradual   [  59% ] 077/788 VUs  07m01.4s/12m0s  105.00 iters/s

running (07m02.4s), 074/788 VUs, 18630 complete and 0 interrupted iterations
openloop_gradual   [  59% ] 074/788 VUs  07m02.4s/12m0s  105.00 iters/s

running (07m03.4s), 070/788 VUs, 18739 complete and 0 interrupted iterations
openloop_gradual   [  59% ] 070/788 VUs  07m03.4s/12m0s  105.00 iters/s

running (07m04.4s), 077/788 VUs, 18837 complete and 0 interrupted iterations
openloop_gradual   [  59% ] 077/788 VUs  07m04.4s/12m0s  105.00 iters/s

running (07m05.4s), 071/788 VUs, 18948 complete and 0 interrupted iterations
openloop_gradual   [  59% ] 071/788 VUs  07m05.4s/12m0s  105.00 iters/s

running (07m06.4s), 074/788 VUs, 19050 complete and 0 interrupted iterations
openloop_gradual   [  59% ] 074/788 VUs  07m06.4s/12m0s  105.00 iters/s

running (07m07.4s), 077/788 VUs, 19152 complete and 0 interrupted iterations
openloop_gradual   [  59% ] 077/788 VUs  07m07.4s/12m0s  105.00 iters/s

running (07m08.4s), 073/788 VUs, 19261 complete and 0 interrupted iterations
openloop_gradual   [  60% ] 073/788 VUs  07m08.4s/12m0s  105.00 iters/s

running (07m09.4s), 074/788 VUs, 19365 complete and 0 interrupted iterations
openloop_gradual   [  60% ] 074/788 VUs  07m09.4s/12m0s  105.00 iters/s

running (07m10.4s), 078/788 VUs, 19466 complete and 0 interrupted iterations
openloop_gradual   [  60% ] 078/788 VUs  07m10.4s/12m0s  105.00 iters/s

running (07m11.4s), 071/788 VUs, 19578 complete and 0 interrupted iterations
openloop_gradual   [  60% ] 071/788 VUs  07m11.4s/12m0s  105.00 iters/s

running (07m12.4s), 076/788 VUs, 19678 complete and 0 interrupted iterations
openloop_gradual   [  60% ] 076/788 VUs  07m12.4s/12m0s  105.00 iters/s

running (07m13.4s), 074/788 VUs, 19785 complete and 0 interrupted iterations
openloop_gradual   [  60% ] 074/788 VUs  07m13.4s/12m0s  105.00 iters/s

running (07m14.4s), 075/788 VUs, 19889 complete and 0 interrupted iterations
openloop_gradual   [  60% ] 075/788 VUs  07m14.4s/12m0s  105.00 iters/s

running (07m15.4s), 076/788 VUs, 19993 complete and 0 interrupted iterations
openloop_gradual   [  60% ] 076/788 VUs  07m15.4s/12m0s  105.00 iters/s

running (07m16.4s), 075/788 VUs, 20099 complete and 0 interrupted iterations
openloop_gradual   [  61% ] 075/788 VUs  07m16.4s/12m0s  105.00 iters/s

running (07m17.4s), 078/788 VUs, 20201 complete and 0 interrupted iterations
openloop_gradual   [  61% ] 078/788 VUs  07m17.4s/12m0s  105.00 iters/s

running (07m18.4s), 066/788 VUs, 20318 complete and 0 interrupted iterations
openloop_gradual   [  61% ] 066/788 VUs  07m18.4s/12m0s  105.00 iters/s

running (07m19.4s), 078/788 VUs, 20411 complete and 0 interrupted iterations
openloop_gradual   [  61% ] 078/788 VUs  07m19.4s/12m0s  105.00 iters/s

running (07m20.4s), 071/788 VUs, 20523 complete and 0 interrupted iterations
openloop_gradual   [  61% ] 071/788 VUs  07m20.4s/12m0s  105.00 iters/s

running (07m21.4s), 076/788 VUs, 20623 complete and 0 interrupted iterations
openloop_gradual   [  61% ] 076/788 VUs  07m21.4s/12m0s  105.00 iters/s

running (07m22.4s), 075/788 VUs, 20729 complete and 0 interrupted iterations
openloop_gradual   [  61% ] 075/788 VUs  07m22.4s/12m0s  105.00 iters/s

running (07m23.4s), 077/788 VUs, 20832 complete and 0 interrupted iterations
openloop_gradual   [  62% ] 077/788 VUs  07m23.4s/12m0s  105.00 iters/s

running (07m24.4s), 079/788 VUs, 20935 complete and 0 interrupted iterations
openloop_gradual   [  62% ] 079/788 VUs  07m24.4s/12m0s  105.00 iters/s

running (07m25.4s), 078/788 VUs, 21041 complete and 0 interrupted iterations
openloop_gradual   [  62% ] 078/788 VUs  07m25.4s/12m0s  105.00 iters/s

running (07m26.4s), 072/788 VUs, 21152 complete and 0 interrupted iterations
openloop_gradual   [  62% ] 072/788 VUs  07m26.4s/12m0s  105.00 iters/s

running (07m27.4s), 075/788 VUs, 21254 complete and 0 interrupted iterations
openloop_gradual   [  62% ] 075/788 VUs  07m27.4s/12m0s  105.00 iters/s

running (07m28.4s), 075/788 VUs, 21359 complete and 0 interrupted iterations
openloop_gradual   [  62% ] 075/788 VUs  07m28.4s/12m0s  105.00 iters/s

running (07m29.4s), 074/788 VUs, 21465 complete and 0 interrupted iterations
openloop_gradual   [  62% ] 074/788 VUs  07m29.4s/12m0s  105.00 iters/s

running (07m30.4s), 075/788 VUs, 21569 complete and 0 interrupted iterations
openloop_gradual   [  63% ] 075/788 VUs  07m30.4s/12m0s  105.00 iters/s

running (07m31.4s), 077/788 VUs, 21672 complete and 0 interrupted iterations
openloop_gradual   [  63% ] 077/788 VUs  07m31.4s/12m0s  105.00 iters/s

running (07m32.4s), 074/788 VUs, 21780 complete and 0 interrupted iterations
openloop_gradual   [  63% ] 074/788 VUs  07m32.4s/12m0s  105.00 iters/s

running (07m33.4s), 075/788 VUs, 21884 complete and 0 interrupted iterations
openloop_gradual   [  63% ] 075/788 VUs  07m33.4s/12m0s  105.00 iters/s

running (07m34.4s), 077/788 VUs, 21987 complete and 0 interrupted iterations
openloop_gradual   [  63% ] 077/788 VUs  07m34.4s/12m0s  105.00 iters/s

running (07m35.4s), 076/788 VUs, 22093 complete and 0 interrupted iterations
openloop_gradual   [  63% ] 076/788 VUs  07m35.4s/12m0s  105.00 iters/s

running (07m36.4s), 076/788 VUs, 22198 complete and 0 interrupted iterations
openloop_gradual   [  63% ] 076/788 VUs  07m36.4s/12m0s  105.00 iters/s

running (07m37.4s), 072/788 VUs, 22307 complete and 0 interrupted iterations
openloop_gradual   [  64% ] 072/788 VUs  07m37.4s/12m0s  105.00 iters/s

running (07m38.4s), 075/788 VUs, 22409 complete and 0 interrupted iterations
openloop_gradual   [  64% ] 075/788 VUs  07m38.4s/12m0s  105.00 iters/s

running (07m39.4s), 074/788 VUs, 22515 complete and 0 interrupted iterations
openloop_gradual   [  64% ] 074/788 VUs  07m39.4s/12m0s  105.00 iters/s

running (07m40.4s), 079/788 VUs, 22615 complete and 0 interrupted iterations
openloop_gradual   [  64% ] 079/788 VUs  07m40.4s/12m0s  105.00 iters/s

running (07m41.4s), 071/788 VUs, 22728 complete and 0 interrupted iterations
openloop_gradual   [  64% ] 071/788 VUs  07m41.4s/12m0s  105.00 iters/s

running (07m42.4s), 072/788 VUs, 22832 complete and 0 interrupted iterations
openloop_gradual   [  64% ] 072/788 VUs  07m42.4s/12m0s  105.00 iters/s

running (07m43.4s), 073/788 VUs, 22936 complete and 0 interrupted iterations
openloop_gradual   [  64% ] 073/788 VUs  07m43.4s/12m0s  105.00 iters/s

running (07m44.4s), 076/788 VUs, 23038 complete and 0 interrupted iterations
openloop_gradual   [  65% ] 076/788 VUs  07m44.4s/12m0s  105.00 iters/s

running (07m45.4s), 072/788 VUs, 23147 complete and 0 interrupted iterations
openloop_gradual   [  65% ] 072/788 VUs  07m45.4s/12m0s  105.00 iters/s

running (07m46.4s), 073/788 VUs, 23251 complete and 0 interrupted iterations
openloop_gradual   [  65% ] 073/788 VUs  07m46.4s/12m0s  105.00 iters/s

running (07m47.4s), 070/788 VUs, 23359 complete and 0 interrupted iterations
openloop_gradual   [  65% ] 070/788 VUs  07m47.4s/12m0s  105.00 iters/s

running (07m48.4s), 074/788 VUs, 23460 complete and 0 interrupted iterations
openloop_gradual   [  65% ] 074/788 VUs  07m48.4s/12m0s  105.00 iters/s

running (07m49.4s), 072/788 VUs, 23567 complete and 0 interrupted iterations
openloop_gradual   [  65% ] 072/788 VUs  07m49.4s/12m0s  105.00 iters/s

running (07m50.4s), 074/788 VUs, 23670 complete and 0 interrupted iterations
openloop_gradual   [  65% ] 074/788 VUs  07m50.4s/12m0s  105.00 iters/s

running (07m51.4s), 076/788 VUs, 23773 complete and 0 interrupted iterations
openloop_gradual   [  65% ] 076/788 VUs  07m51.4s/12m0s  105.00 iters/s

running (07m52.4s), 075/788 VUs, 23879 complete and 0 interrupted iterations
openloop_gradual   [  66% ] 075/788 VUs  07m52.4s/12m0s  105.00 iters/s

running (07m53.4s), 078/788 VUs, 23981 complete and 0 interrupted iterations
openloop_gradual   [  66% ] 078/788 VUs  07m53.4s/12m0s  105.00 iters/s

running (07m54.4s), 078/788 VUs, 24086 complete and 0 interrupted iterations
openloop_gradual   [  66% ] 078/788 VUs  07m54.4s/12m0s  105.00 iters/s

running (07m55.4s), 072/788 VUs, 24197 complete and 0 interrupted iterations
openloop_gradual   [  66% ] 072/788 VUs  07m55.4s/12m0s  105.00 iters/s

running (07m56.4s), 076/788 VUs, 24298 complete and 0 interrupted iterations
openloop_gradual   [  66% ] 076/788 VUs  07m56.4s/12m0s  105.00 iters/s

running (07m57.4s), 073/788 VUs, 24406 complete and 0 interrupted iterations
openloop_gradual   [  66% ] 073/788 VUs  07m57.4s/12m0s  105.00 iters/s

running (07m58.4s), 075/788 VUs, 24509 complete and 0 interrupted iterations
openloop_gradual   [  66% ] 075/788 VUs  07m58.4s/12m0s  105.00 iters/s

running (07m59.4s), 071/788 VUs, 24618 complete and 0 interrupted iterations
openloop_gradual   [  67% ] 071/788 VUs  07m59.4s/12m0s  105.00 iters/s

running (08m00.4s), 074/788 VUs, 24720 complete and 0 interrupted iterations
openloop_gradual   [  67% ] 074/788 VUs  08m00.4s/12m0s  105.00 iters/s

running (08m01.4s), 074/788 VUs, 24825 complete and 0 interrupted iterations
openloop_gradual   [  67% ] 074/788 VUs  08m01.4s/12m0s  105.00 iters/s

running (08m02.4s), 075/788 VUs, 24929 complete and 0 interrupted iterations
openloop_gradual   [  67% ] 075/788 VUs  08m02.4s/12m0s  105.00 iters/s

running (08m03.4s), 080/788 VUs, 25029 complete and 0 interrupted iterations
openloop_gradual   [  67% ] 080/788 VUs  08m03.4s/12m0s  105.00 iters/s

running (08m04.4s), 076/788 VUs, 25138 complete and 0 interrupted iterations
openloop_gradual   [  67% ] 076/788 VUs  08m04.4s/12m0s  105.00 iters/s

running (08m05.4s), 071/788 VUs, 25248 complete and 0 interrupted iterations
openloop_gradual   [  67% ] 071/788 VUs  08m05.4s/12m0s  105.00 iters/s

running (08m06.4s), 074/788 VUs, 25350 complete and 0 interrupted iterations
openloop_gradual   [  68% ] 074/788 VUs  08m06.4s/12m0s  105.00 iters/s

running (08m07.4s), 070/788 VUs, 25459 complete and 0 interrupted iterations
openloop_gradual   [  68% ] 070/788 VUs  08m07.4s/12m0s  105.00 iters/s

running (08m08.4s), 074/788 VUs, 25560 complete and 0 interrupted iterations
openloop_gradual   [  68% ] 074/788 VUs  08m08.4s/12m0s  105.00 iters/s

running (08m09.4s), 072/788 VUs, 25667 complete and 0 interrupted iterations
openloop_gradual   [  68% ] 072/788 VUs  08m09.4s/12m0s  105.00 iters/s

running (08m10.4s), 074/788 VUs, 25770 complete and 0 interrupted iterations
openloop_gradual   [  68% ] 074/788 VUs  08m10.4s/12m0s  105.00 iters/s

running (08m11.4s), 073/788 VUs, 25876 complete and 0 interrupted iterations
openloop_gradual   [  68% ] 073/788 VUs  08m11.4s/12m0s  105.00 iters/s

running (08m12.4s), 076/788 VUs, 25978 complete and 0 interrupted iterations
openloop_gradual   [  68% ] 076/788 VUs  08m12.4s/12m0s  105.00 iters/s

running (08m13.4s), 074/788 VUs, 26085 complete and 0 interrupted iterations
openloop_gradual   [  69% ] 074/788 VUs  08m13.4s/12m0s  105.00 iters/s

running (08m14.4s), 075/788 VUs, 26189 complete and 0 interrupted iterations
openloop_gradual   [  69% ] 075/788 VUs  08m14.4s/12m0s  105.00 iters/s

running (08m15.4s), 074/788 VUs, 26295 complete and 0 interrupted iterations
openloop_gradual   [  69% ] 074/788 VUs  08m15.4s/12m0s  105.00 iters/s

running (08m16.4s), 075/788 VUs, 26399 complete and 0 interrupted iterations
openloop_gradual   [  69% ] 075/788 VUs  08m16.4s/12m0s  105.00 iters/s

running (08m17.4s), 080/788 VUs, 26499 complete and 0 interrupted iterations
openloop_gradual   [  69% ] 080/788 VUs  08m17.4s/12m0s  105.00 iters/s

running (08m18.4s), 073/788 VUs, 26611 complete and 0 interrupted iterations
openloop_gradual   [  69% ] 073/788 VUs  08m18.4s/12m0s  105.00 iters/s

running (08m19.4s), 076/788 VUs, 26713 complete and 0 interrupted iterations
openloop_gradual   [  69% ] 076/788 VUs  08m19.4s/12m0s  105.00 iters/s

running (08m20.4s), 074/788 VUs, 26820 complete and 0 interrupted iterations
openloop_gradual   [  70% ] 074/788 VUs  08m20.4s/12m0s  105.00 iters/s

running (08m21.4s), 071/788 VUs, 26928 complete and 0 interrupted iterations
openloop_gradual   [  70% ] 071/788 VUs  08m21.4s/12m0s  105.00 iters/s

running (08m22.4s), 073/788 VUs, 27031 complete and 0 interrupted iterations
openloop_gradual   [  70% ] 073/788 VUs  08m22.4s/12m0s  105.00 iters/s

running (08m23.4s), 077/788 VUs, 27132 complete and 0 interrupted iterations
openloop_gradual   [  70% ] 077/788 VUs  08m23.4s/12m0s  105.00 iters/s

running (08m24.4s), 074/788 VUs, 27240 complete and 0 interrupted iterations
openloop_gradual   [  70% ] 074/788 VUs  08m24.4s/12m0s  105.00 iters/s

running (08m25.4s), 078/788 VUs, 27341 complete and 0 interrupted iterations
openloop_gradual   [  70% ] 078/788 VUs  08m25.4s/12m0s  105.00 iters/s

running (08m26.4s), 078/788 VUs, 27446 complete and 0 interrupted iterations
openloop_gradual   [  70% ] 078/788 VUs  08m26.4s/12m0s  105.00 iters/s

running (08m27.4s), 075/788 VUs, 27554 complete and 0 interrupted iterations
openloop_gradual   [  70% ] 075/788 VUs  08m27.4s/12m0s  105.00 iters/s

running (08m28.4s), 074/788 VUs, 27660 complete and 0 interrupted iterations
openloop_gradual   [  71% ] 074/788 VUs  08m28.4s/12m0s  105.00 iters/s

running (08m29.4s), 072/788 VUs, 27767 complete and 0 interrupted iterations
openloop_gradual   [  71% ] 072/788 VUs  08m29.4s/12m0s  105.00 iters/s

running (08m30.4s), 077/788 VUs, 27867 complete and 0 interrupted iterations
openloop_gradual   [  71% ] 077/788 VUs  08m30.4s/12m0s  105.00 iters/s

running (08m31.4s), 076/788 VUs, 27973 complete and 0 interrupted iterations
openloop_gradual   [  71% ] 076/788 VUs  08m31.4s/12m0s  105.00 iters/s

running (08m32.4s), 075/788 VUs, 28079 complete and 0 interrupted iterations
openloop_gradual   [  71% ] 075/788 VUs  08m32.4s/12m0s  105.00 iters/s

running (08m33.4s), 078/788 VUs, 28181 complete and 0 interrupted iterations
openloop_gradual   [  71% ] 078/788 VUs  08m33.4s/12m0s  105.00 iters/s

running (08m34.4s), 071/788 VUs, 28293 complete and 0 interrupted iterations
openloop_gradual   [  71% ] 071/788 VUs  08m34.4s/12m0s  105.00 iters/s

running (08m35.4s), 072/788 VUs, 28397 complete and 0 interrupted iterations
openloop_gradual   [  72% ] 072/788 VUs  08m35.4s/12m0s  105.00 iters/s

running (08m36.4s), 074/788 VUs, 28500 complete and 0 interrupted iterations
openloop_gradual   [  72% ] 074/788 VUs  08m36.4s/12m0s  105.00 iters/s

running (08m37.4s), 078/788 VUs, 28601 complete and 0 interrupted iterations
openloop_gradual   [  72% ] 078/788 VUs  08m37.4s/12m0s  105.00 iters/s

running (08m38.4s), 078/788 VUs, 28706 complete and 0 interrupted iterations
openloop_gradual   [  72% ] 078/788 VUs  08m38.4s/12m0s  105.00 iters/s

running (08m39.4s), 074/788 VUs, 28815 complete and 0 interrupted iterations
openloop_gradual   [  72% ] 074/788 VUs  08m39.4s/12m0s  105.00 iters/s

running (08m40.4s), 071/788 VUs, 28923 complete and 0 interrupted iterations
openloop_gradual   [  72% ] 071/788 VUs  08m40.4s/12m0s  105.00 iters/s

running (08m41.4s), 076/788 VUs, 29023 complete and 0 interrupted iterations
openloop_gradual   [  72% ] 076/788 VUs  08m41.4s/12m0s  105.00 iters/s

running (08m42.4s), 076/788 VUs, 29128 complete and 0 interrupted iterations
openloop_gradual   [  73% ] 076/788 VUs  08m42.4s/12m0s  105.00 iters/s

running (08m43.4s), 077/788 VUs, 29232 complete and 0 interrupted iterations
openloop_gradual   [  73% ] 077/788 VUs  08m43.4s/12m0s  105.00 iters/s

running (08m44.4s), 076/788 VUs, 29338 complete and 0 interrupted iterations
openloop_gradual   [  73% ] 076/788 VUs  08m44.4s/12m0s  105.00 iters/s

running (08m45.4s), 070/788 VUs, 29449 complete and 0 interrupted iterations
openloop_gradual   [  73% ] 070/788 VUs  08m45.4s/12m0s  105.00 iters/s

running (08m46.4s), 073/788 VUs, 29551 complete and 0 interrupted iterations
openloop_gradual   [  73% ] 073/788 VUs  08m46.4s/12m0s  105.00 iters/s

running (08m47.4s), 077/788 VUs, 29652 complete and 0 interrupted iterations
openloop_gradual   [  73% ] 077/788 VUs  08m47.4s/12m0s  105.00 iters/s

running (08m48.4s), 078/788 VUs, 29756 complete and 0 interrupted iterations
openloop_gradual   [  73% ] 078/788 VUs  08m48.4s/12m0s  105.00 iters/s

running (08m49.4s), 074/788 VUs, 29865 complete and 0 interrupted iterations
openloop_gradual   [  74% ] 074/788 VUs  08m49.4s/12m0s  105.00 iters/s

running (08m50.4s), 077/788 VUs, 29967 complete and 0 interrupted iterations
openloop_gradual   [  74% ] 077/788 VUs  08m50.4s/12m0s  105.00 iters/s

running (08m51.4s), 076/788 VUs, 30073 complete and 0 interrupted iterations
openloop_gradual   [  74% ] 076/788 VUs  08m51.4s/12m0s  105.00 iters/s

running (08m52.4s), 071/788 VUs, 30183 complete and 0 interrupted iterations
openloop_gradual   [  74% ] 071/788 VUs  08m52.4s/12m0s  105.00 iters/s

running (08m53.4s), 072/788 VUs, 30287 complete and 0 interrupted iterations
openloop_gradual   [  74% ] 072/788 VUs  08m53.4s/12m0s  105.00 iters/s

running (08m54.4s), 075/788 VUs, 30389 complete and 0 interrupted iterations
openloop_gradual   [  74% ] 075/788 VUs  08m54.4s/12m0s  105.00 iters/s

running (08m55.4s), 078/788 VUs, 30491 complete and 0 interrupted iterations
openloop_gradual   [  74% ] 078/788 VUs  08m55.4s/12m0s  105.00 iters/s

running (08m56.4s), 071/788 VUs, 30603 complete and 0 interrupted iterations
openloop_gradual   [  75% ] 071/788 VUs  08m56.4s/12m0s  105.00 iters/s

running (08m57.4s), 079/788 VUs, 30700 complete and 0 interrupted iterations
openloop_gradual   [  75% ] 079/788 VUs  08m57.4s/12m0s  105.00 iters/s

running (08m58.4s), 070/788 VUs, 30814 complete and 0 interrupted iterations
openloop_gradual   [  75% ] 070/788 VUs  08m58.4s/12m0s  105.00 iters/s

running (08m59.4s), 074/788 VUs, 30915 complete and 0 interrupted iterations
openloop_gradual   [  75% ] 074/788 VUs  08m59.4s/12m0s  105.00 iters/s

running (09m00.4s), 072/788 VUs, 31022 complete and 0 interrupted iterations
openloop_gradual   [  75% ] 072/788 VUs  09m00.4s/12m0s  104.75 iters/s

running (09m01.4s), 067/788 VUs, 31131 complete and 0 interrupted iterations
openloop_gradual   [  75% ] 067/788 VUs  09m01.4s/12m0s  104.17 iters/s

running (09m02.4s), 074/788 VUs, 31228 complete and 0 interrupted iterations
openloop_gradual   [  75% ] 074/788 VUs  09m02.4s/12m0s  103.59 iters/s

running (09m03.4s), 075/788 VUs, 31331 complete and 0 interrupted iterations
openloop_gradual   [  75% ] 075/788 VUs  09m03.4s/12m0s  103.00 iters/s

running (09m04.4s), 068/788 VUs, 31440 complete and 0 interrupted iterations
openloop_gradual   [  76% ] 068/788 VUs  09m04.4s/12m0s  102.42 iters/s

running (09m05.4s), 068/788 VUs, 31542 complete and 0 interrupted iterations
openloop_gradual   [  76% ] 068/788 VUs  09m05.4s/12m0s  101.84 iters/s

running (09m06.4s), 069/788 VUs, 31643 complete and 0 interrupted iterations
openloop_gradual   [  76% ] 069/788 VUs  09m06.4s/12m0s  101.25 iters/s

running (09m07.4s), 067/788 VUs, 31746 complete and 0 interrupted iterations
openloop_gradual   [  76% ] 067/788 VUs  09m07.4s/12m0s  100.67 iters/s

running (09m08.4s), 067/788 VUs, 31846 complete and 0 interrupted iterations
openloop_gradual   [  76% ] 067/788 VUs  09m08.4s/12m0s  100.09 iters/s

running (09m09.4s), 075/788 VUs, 31938 complete and 0 interrupted iterations
openloop_gradual   [  76% ] 075/788 VUs  09m09.4s/12m0s  099.50 iters/s

running (09m10.4s), 071/788 VUs, 32041 complete and 0 interrupted iterations
openloop_gradual   [  76% ] 071/788 VUs  09m10.4s/12m0s  098.92 iters/s

running (09m11.4s), 073/788 VUs, 32138 complete and 0 interrupted iterations
openloop_gradual   [  77% ] 073/788 VUs  09m11.4s/12m0s  098.34 iters/s

running (09m12.4s), 066/788 VUs, 32243 complete and 0 interrupted iterations
openloop_gradual   [  77% ] 066/788 VUs  09m12.4s/12m0s  097.75 iters/s

running (09m13.4s), 071/788 VUs, 32335 complete and 0 interrupted iterations
openloop_gradual   [  77% ] 071/788 VUs  09m13.4s/12m0s  097.17 iters/s

running (09m14.4s), 071/788 VUs, 32432 complete and 0 interrupted iterations
openloop_gradual   [  77% ] 071/788 VUs  09m14.4s/12m0s  096.59 iters/s

running (09m15.4s), 070/788 VUs, 32530 complete and 0 interrupted iterations
openloop_gradual   [  77% ] 070/788 VUs  09m15.4s/12m0s  096.00 iters/s

running (09m16.4s), 069/788 VUs, 32626 complete and 0 interrupted iterations
openloop_gradual   [  77% ] 069/788 VUs  09m16.4s/12m0s  095.42 iters/s

running (09m17.4s), 067/788 VUs, 32723 complete and 0 interrupted iterations
openloop_gradual   [  77% ] 067/788 VUs  09m17.4s/12m0s  094.84 iters/s

running (09m18.4s), 067/788 VUs, 32818 complete and 0 interrupted iterations
openloop_gradual   [  78% ] 067/788 VUs  09m18.4s/12m0s  094.25 iters/s

running (09m19.4s), 069/788 VUs, 32910 complete and 0 interrupted iterations
openloop_gradual   [  78% ] 069/788 VUs  09m19.4s/12m0s  093.67 iters/s

running (09m20.4s), 066/788 VUs, 33006 complete and 0 interrupted iterations
openloop_gradual   [  78% ] 066/788 VUs  09m20.4s/12m0s  093.09 iters/s

running (09m21.4s), 068/788 VUs, 33097 complete and 0 interrupted iterations
openloop_gradual   [  78% ] 068/788 VUs  09m21.4s/12m0s  092.50 iters/s

running (09m22.4s), 070/788 VUs, 33187 complete and 0 interrupted iterations
openloop_gradual   [  78% ] 070/788 VUs  09m22.4s/12m0s  091.92 iters/s

running (09m23.4s), 066/788 VUs, 33283 complete and 0 interrupted iterations
openloop_gradual   [  78% ] 066/788 VUs  09m23.4s/12m0s  091.34 iters/s

running (09m24.4s), 068/788 VUs, 33372 complete and 0 interrupted iterations
openloop_gradual   [  78% ] 068/788 VUs  09m24.4s/12m0s  090.75 iters/s

running (09m25.4s), 065/788 VUs, 33466 complete and 0 interrupted iterations
openloop_gradual   [  79% ] 065/788 VUs  09m25.4s/12m0s  090.17 iters/s

running (09m26.4s), 067/788 VUs, 33553 complete and 0 interrupted iterations
openloop_gradual   [  79% ] 067/788 VUs  09m26.4s/12m0s  089.59 iters/s

running (09m27.4s), 066/788 VUs, 33644 complete and 0 interrupted iterations
openloop_gradual   [  79% ] 066/788 VUs  09m27.4s/12m0s  089.00 iters/s

running (09m28.4s), 060/788 VUs, 33738 complete and 0 interrupted iterations
openloop_gradual   [  79% ] 060/788 VUs  09m28.4s/12m0s  088.42 iters/s

running (09m29.4s), 062/788 VUs, 33825 complete and 0 interrupted iterations
openloop_gradual   [  79% ] 062/788 VUs  09m29.4s/12m0s  087.83 iters/s

running (09m30.4s), 066/788 VUs, 33908 complete and 0 interrupted iterations
openloop_gradual   [  79% ] 066/788 VUs  09m30.4s/12m0s  087.25 iters/s

running (09m31.4s), 059/788 VUs, 34002 complete and 0 interrupted iterations
openloop_gradual   [  79% ] 059/788 VUs  09m31.4s/12m0s  086.67 iters/s

running (09m32.4s), 060/788 VUs, 34087 complete and 0 interrupted iterations
openloop_gradual   [  80% ] 060/788 VUs  09m32.4s/12m0s  086.09 iters/s

running (09m33.4s), 061/788 VUs, 34172 complete and 0 interrupted iterations
openloop_gradual   [  80% ] 061/788 VUs  09m33.4s/12m0s  085.50 iters/s

running (09m34.4s), 062/788 VUs, 34256 complete and 0 interrupted iterations
openloop_gradual   [  80% ] 062/788 VUs  09m34.4s/12m0s  084.92 iters/s

running (09m35.4s), 061/788 VUs, 34342 complete and 0 interrupted iterations
openloop_gradual   [  80% ] 061/788 VUs  09m35.4s/12m0s  084.34 iters/s

running (09m36.4s), 061/788 VUs, 34426 complete and 0 interrupted iterations
openloop_gradual   [  80% ] 061/788 VUs  09m36.4s/12m0s  083.75 iters/s

running (09m37.4s), 061/788 VUs, 34510 complete and 0 interrupted iterations
openloop_gradual   [  80% ] 061/788 VUs  09m37.4s/12m0s  083.17 iters/s

running (09m38.4s), 054/788 VUs, 34599 complete and 0 interrupted iterations
openloop_gradual   [  80% ] 054/788 VUs  09m38.4s/12m0s  082.59 iters/s

running (09m39.4s), 058/788 VUs, 34678 complete and 0 interrupted iterations
openloop_gradual   [  80% ] 058/788 VUs  09m39.4s/12m0s  082.00 iters/s

running (09m40.4s), 064/788 VUs, 34753 complete and 0 interrupted iterations
openloop_gradual   [  81% ] 064/788 VUs  09m40.4s/12m0s  081.42 iters/s

running (09m41.4s), 059/788 VUs, 34840 complete and 0 interrupted iterations
openloop_gradual   [  81% ] 059/788 VUs  09m41.4s/12m0s  080.83 iters/s

running (09m42.4s), 059/788 VUs, 34920 complete and 0 interrupted iterations
openloop_gradual   [  81% ] 059/788 VUs  09m42.4s/12m0s  080.25 iters/s

running (09m43.4s), 058/788 VUs, 35001 complete and 0 interrupted iterations
openloop_gradual   [  81% ] 058/788 VUs  09m43.4s/12m0s  079.67 iters/s

running (09m44.4s), 059/788 VUs, 35079 complete and 0 interrupted iterations
openloop_gradual   [  81% ] 059/788 VUs  09m44.4s/12m0s  079.09 iters/s

running (09m45.4s), 056/788 VUs, 35161 complete and 0 interrupted iterations
openloop_gradual   [  81% ] 056/788 VUs  09m45.4s/12m0s  078.50 iters/s

running (09m46.4s), 058/788 VUs, 35237 complete and 0 interrupted iterations
openloop_gradual   [  81% ] 058/788 VUs  09m46.4s/12m0s  077.92 iters/s

running (09m47.4s), 056/788 VUs, 35317 complete and 0 interrupted iterations
openloop_gradual   [  82% ] 056/788 VUs  09m47.4s/12m0s  077.34 iters/s

running (09m48.4s), 056/788 VUs, 35394 complete and 0 interrupted iterations
openloop_gradual   [  82% ] 056/788 VUs  09m48.4s/12m0s  076.75 iters/s

running (09m49.4s), 055/788 VUs, 35472 complete and 0 interrupted iterations
openloop_gradual   [  82% ] 055/788 VUs  09m49.4s/12m0s  076.17 iters/s

running (09m50.4s), 056/788 VUs, 35546 complete and 0 interrupted iterations
openloop_gradual   [  82% ] 056/788 VUs  09m50.4s/12m0s  075.59 iters/s

running (09m51.4s), 055/788 VUs, 35623 complete and 0 interrupted iterations
openloop_gradual   [  82% ] 055/788 VUs  09m51.4s/12m0s  075.00 iters/s

running (09m52.4s), 054/788 VUs, 35698 complete and 0 interrupted iterations
openloop_gradual   [  82% ] 054/788 VUs  09m52.4s/12m0s  074.42 iters/s

running (09m53.4s), 049/788 VUs, 35778 complete and 0 interrupted iterations
openloop_gradual   [  82% ] 049/788 VUs  09m53.4s/12m0s  073.83 iters/s

running (09m54.4s), 052/788 VUs, 35848 complete and 0 interrupted iterations
openloop_gradual   [  83% ] 052/788 VUs  09m54.4s/12m0s  073.25 iters/s

running (09m55.4s), 053/788 VUs, 35920 complete and 0 interrupted iterations
openloop_gradual   [  83% ] 053/788 VUs  09m55.4s/12m0s  072.67 iters/s

running (09m56.4s), 056/788 VUs, 35989 complete and 0 interrupted iterations
openloop_gradual   [  83% ] 056/788 VUs  09m56.4s/12m0s  072.09 iters/s

running (09m57.4s), 049/788 VUs, 36068 complete and 0 interrupted iterations
openloop_gradual   [  83% ] 049/788 VUs  09m57.4s/12m0s  071.50 iters/s

running (09m58.4s), 047/788 VUs, 36141 complete and 0 interrupted iterations
openloop_gradual   [  83% ] 047/788 VUs  09m58.4s/12m0s  070.92 iters/s

running (09m59.4s), 051/788 VUs, 36208 complete and 0 interrupted iterations
openloop_gradual   [  83% ] 051/788 VUs  09m59.4s/12m0s  070.34 iters/s

running (10m00.4s), 048/788 VUs, 36281 complete and 0 interrupted iterations
openloop_gradual   [  83% ] 048/788 VUs  10m00.4s/12m0s  069.75 iters/s

running (10m01.4s), 051/788 VUs, 36348 complete and 0 interrupted iterations
openloop_gradual   [  84% ] 051/788 VUs  10m01.4s/12m0s  069.17 iters/s

running (10m02.4s), 045/788 VUs, 36422 complete and 0 interrupted iterations
openloop_gradual   [  84% ] 045/788 VUs  10m02.4s/12m0s  068.59 iters/s

running (10m03.4s), 048/788 VUs, 36488 complete and 0 interrupted iterations
openloop_gradual   [  84% ] 048/788 VUs  10m03.4s/12m0s  068.00 iters/s

running (10m04.4s), 051/788 VUs, 36553 complete and 0 interrupted iterations
openloop_gradual   [  84% ] 051/788 VUs  10m04.4s/12m0s  067.41 iters/s

running (10m05.4s), 047/788 VUs, 36624 complete and 0 interrupted iterations
openloop_gradual   [  84% ] 047/788 VUs  10m05.4s/12m0s  066.83 iters/s

running (10m06.4s), 048/788 VUs, 36689 complete and 0 interrupted iterations
openloop_gradual   [  84% ] 048/788 VUs  10m06.4s/12m0s  066.25 iters/s

running (10m07.4s), 047/788 VUs, 36756 complete and 0 interrupted iterations
openloop_gradual   [  84% ] 047/788 VUs  10m07.4s/12m0s  065.67 iters/s

running (10m08.4s), 047/788 VUs, 36822 complete and 0 interrupted iterations
openloop_gradual   [  85% ] 047/788 VUs  10m08.4s/12m0s  065.08 iters/s

running (10m09.4s), 046/788 VUs, 36887 complete and 0 interrupted iterations
openloop_gradual   [  85% ] 046/788 VUs  10m09.4s/12m0s  064.51 iters/s

running (10m10.4s), 046/788 VUs, 36951 complete and 0 interrupted iterations
openloop_gradual   [  85% ] 046/788 VUs  10m10.4s/12m0s  063.92 iters/s

running (10m11.4s), 048/788 VUs, 37013 complete and 0 interrupted iterations
openloop_gradual   [  85% ] 048/788 VUs  10m11.4s/12m0s  063.34 iters/s

running (10m12.4s), 048/788 VUs, 37076 complete and 0 interrupted iterations
openloop_gradual   [  85% ] 048/788 VUs  10m12.4s/12m0s  062.75 iters/s

running (10m13.4s), 048/788 VUs, 37139 complete and 0 interrupted iterations
openloop_gradual   [  85% ] 048/788 VUs  10m13.4s/12m0s  062.17 iters/s

running (10m14.4s), 043/788 VUs, 37206 complete and 0 interrupted iterations
openloop_gradual   [  85% ] 043/788 VUs  10m14.4s/12m0s  061.58 iters/s

running (10m15.4s), 041/788 VUs, 37269 complete and 0 interrupted iterations
openloop_gradual   [  85% ] 041/788 VUs  10m15.4s/12m0s  061.00 iters/s

running (10m16.4s), 042/788 VUs, 37328 complete and 0 interrupted iterations
openloop_gradual   [  86% ] 042/788 VUs  10m16.4s/12m0s  060.42 iters/s

running (10m17.4s), 039/788 VUs, 37392 complete and 0 interrupted iterations
openloop_gradual   [  86% ] 039/788 VUs  10m17.4s/12m0s  059.83 iters/s

running (10m18.4s), 044/788 VUs, 37446 complete and 0 interrupted iterations
openloop_gradual   [  86% ] 044/788 VUs  10m18.4s/12m0s  059.25 iters/s

running (10m19.4s), 045/788 VUs, 37504 complete and 0 interrupted iterations
openloop_gradual   [  86% ] 045/788 VUs  10m19.4s/12m0s  058.67 iters/s

running (10m20.4s), 046/788 VUs, 37561 complete and 0 interrupted iterations
openloop_gradual   [  86% ] 046/788 VUs  10m20.4s/12m0s  058.09 iters/s

running (10m21.4s), 038/788 VUs, 37627 complete and 0 interrupted iterations
openloop_gradual   [  86% ] 038/788 VUs  10m21.4s/12m0s  057.51 iters/s

running (10m22.4s), 040/788 VUs, 37683 complete and 0 interrupted iterations
openloop_gradual   [  86% ] 040/788 VUs  10m22.4s/12m0s  056.91 iters/s

running (10m23.4s), 037/788 VUs, 37742 complete and 0 interrupted iterations
openloop_gradual   [  87% ] 037/788 VUs  10m23.4s/12m0s  056.34 iters/s

running (10m24.4s), 041/788 VUs, 37794 complete and 0 interrupted iterations
openloop_gradual   [  87% ] 041/788 VUs  10m24.4s/12m0s  055.75 iters/s

running (10m25.4s), 040/788 VUs, 37851 complete and 0 interrupted iterations
openloop_gradual   [  87% ] 040/788 VUs  10m25.4s/12m0s  055.17 iters/s

running (10m26.4s), 040/788 VUs, 37906 complete and 0 interrupted iterations
openloop_gradual   [  87% ] 040/788 VUs  10m26.4s/12m0s  054.58 iters/s

running (10m27.4s), 039/788 VUs, 37961 complete and 0 interrupted iterations
openloop_gradual   [  87% ] 039/788 VUs  10m27.4s/12m0s  054.00 iters/s

running (10m28.4s), 042/788 VUs, 38012 complete and 0 interrupted iterations
openloop_gradual   [  87% ] 042/788 VUs  10m28.4s/12m0s  053.41 iters/s

running (10m29.4s), 037/788 VUs, 38070 complete and 0 interrupted iterations
openloop_gradual   [  87% ] 037/788 VUs  10m29.4s/12m0s  052.83 iters/s

running (10m30.4s), 036/788 VUs, 38123 complete and 0 interrupted iterations
openloop_gradual   [  88% ] 036/788 VUs  10m30.4s/12m0s  052.25 iters/s

running (10m31.4s), 038/788 VUs, 38173 complete and 0 interrupted iterations
openloop_gradual   [  88% ] 038/788 VUs  10m31.4s/12m0s  051.67 iters/s

running (10m32.4s), 037/788 VUs, 38226 complete and 0 interrupted iterations
openloop_gradual   [  88% ] 037/788 VUs  10m32.4s/12m0s  051.08 iters/s

running (10m33.4s), 036/788 VUs, 38277 complete and 0 interrupted iterations
openloop_gradual   [  88% ] 036/788 VUs  10m33.4s/12m0s  050.51 iters/s

running (10m34.4s), 035/788 VUs, 38329 complete and 0 interrupted iterations
openloop_gradual   [  88% ] 035/788 VUs  10m34.4s/12m0s  049.91 iters/s

running (10m35.4s), 034/788 VUs, 38379 complete and 0 interrupted iterations
openloop_gradual   [  88% ] 034/788 VUs  10m35.4s/12m0s  049.34 iters/s

running (10m36.4s), 038/788 VUs, 38424 complete and 0 interrupted iterations
openloop_gradual   [  88% ] 038/788 VUs  10m36.4s/12m0s  048.76 iters/s

running (10m37.4s), 034/788 VUs, 38477 complete and 0 interrupted iterations
openloop_gradual   [  89% ] 034/788 VUs  10m37.4s/12m0s  048.17 iters/s

running (10m38.4s), 036/788 VUs, 38523 complete and 0 interrupted iterations
openloop_gradual   [  89% ] 036/788 VUs  10m38.4s/12m0s  047.58 iters/s

running (10m39.4s), 035/788 VUs, 38571 complete and 0 interrupted iterations
openloop_gradual   [  89% ] 035/788 VUs  10m39.4s/12m0s  047.00 iters/s

running (10m40.4s), 031/788 VUs, 38622 complete and 0 interrupted iterations
openloop_gradual   [  89% ] 031/788 VUs  10m40.4s/12m0s  046.41 iters/s

running (10m41.4s), 036/788 VUs, 38663 complete and 0 interrupted iterations
openloop_gradual   [  89% ] 036/788 VUs  10m41.4s/12m0s  045.83 iters/s

running (10m42.4s), 029/788 VUs, 38715 complete and 0 interrupted iterations
openloop_gradual   [  89% ] 029/788 VUs  10m42.4s/12m0s  045.26 iters/s

running (10m43.4s), 032/788 VUs, 38757 complete and 0 interrupted iterations
openloop_gradual   [  89% ] 032/788 VUs  10m43.4s/12m0s  044.67 iters/s

running (10m44.4s), 031/788 VUs, 38803 complete and 0 interrupted iterations
openloop_gradual   [  90% ] 031/788 VUs  10m44.4s/12m0s  044.08 iters/s

running (10m45.4s), 032/788 VUs, 38845 complete and 0 interrupted iterations
openloop_gradual   [  90% ] 032/788 VUs  10m45.4s/12m0s  043.51 iters/s

running (10m46.4s), 030/788 VUs, 38891 complete and 0 interrupted iterations
openloop_gradual   [  90% ] 030/788 VUs  10m46.4s/12m0s  042.91 iters/s

running (10m47.4s), 029/788 VUs, 38934 complete and 0 interrupted iterations
openloop_gradual   [  90% ] 029/788 VUs  10m47.4s/12m0s  042.34 iters/s

running (10m48.4s), 031/788 VUs, 38974 complete and 0 interrupted iterations
openloop_gradual   [  90% ] 031/788 VUs  10m48.4s/12m0s  041.76 iters/s

running (10m49.4s), 031/788 VUs, 39016 complete and 0 interrupted iterations
openloop_gradual   [  90% ] 031/788 VUs  10m49.4s/12m0s  041.17 iters/s

running (10m50.4s), 026/788 VUs, 39062 complete and 0 interrupted iterations
openloop_gradual   [  90% ] 026/788 VUs  10m50.4s/12m0s  040.58 iters/s

running (10m51.4s), 029/788 VUs, 39099 complete and 0 interrupted iterations
openloop_gradual   [  90% ] 029/788 VUs  10m51.4s/12m0s  040.00 iters/s

running (10m52.4s), 029/788 VUs, 39139 complete and 0 interrupted iterations
openloop_gradual   [  91% ] 029/788 VUs  10m52.4s/12m0s  039.41 iters/s

running (10m53.4s), 027/788 VUs, 39180 complete and 0 interrupted iterations
openloop_gradual   [  91% ] 027/788 VUs  10m53.4s/12m0s  038.83 iters/s

running (10m54.4s), 027/788 VUs, 39218 complete and 0 interrupted iterations
openloop_gradual   [  91% ] 027/788 VUs  10m54.4s/12m0s  038.26 iters/s

running (10m55.4s), 027/788 VUs, 39256 complete and 0 interrupted iterations
openloop_gradual   [  91% ] 027/788 VUs  10m55.4s/12m0s  037.67 iters/s

running (10m56.4s), 027/788 VUs, 39294 complete and 0 interrupted iterations
openloop_gradual   [  91% ] 027/788 VUs  10m56.4s/12m0s  037.08 iters/s

running (10m57.4s), 025/788 VUs, 39332 complete and 0 interrupted iterations
openloop_gradual   [  91% ] 025/788 VUs  10m57.4s/12m0s  036.51 iters/s

running (10m58.4s), 022/788 VUs, 39372 complete and 0 interrupted iterations
openloop_gradual   [  91% ] 022/788 VUs  10m58.4s/12m0s  035.91 iters/s

running (10m59.4s), 026/788 VUs, 39403 complete and 0 interrupted iterations
openloop_gradual   [  92% ] 026/788 VUs  10m59.4s/12m0s  035.34 iters/s

running (11m00.4s), 025/788 VUs, 39439 complete and 0 interrupted iterations
openloop_gradual   [  92% ] 025/788 VUs  11m00.4s/12m0s  034.76 iters/s

running (11m01.4s), 021/788 VUs, 39478 complete and 0 interrupted iterations
openloop_gradual   [  92% ] 021/788 VUs  11m01.4s/12m0s  034.17 iters/s

running (11m02.4s), 026/788 VUs, 39507 complete and 0 interrupted iterations
openloop_gradual   [  92% ] 026/788 VUs  11m02.4s/12m0s  033.58 iters/s

running (11m03.4s), 022/788 VUs, 39544 complete and 0 interrupted iterations
openloop_gradual   [  92% ] 022/788 VUs  11m03.4s/12m0s  033.00 iters/s

running (11m04.4s), 025/788 VUs, 39574 complete and 0 interrupted iterations
openloop_gradual   [  92% ] 025/788 VUs  11m04.4s/12m0s  032.41 iters/s

running (11m05.4s), 024/788 VUs, 39607 complete and 0 interrupted iterations
openloop_gradual   [  92% ] 024/788 VUs  11m05.4s/12m0s  031.83 iters/s

running (11m06.4s), 022/788 VUs, 39640 complete and 0 interrupted iterations
openloop_gradual   [  93% ] 022/788 VUs  11m06.4s/12m0s  031.26 iters/s

running (11m07.4s), 022/788 VUs, 39671 complete and 0 interrupted iterations
openloop_gradual   [  93% ] 022/788 VUs  11m07.4s/12m0s  030.67 iters/s

running (11m08.4s), 023/788 VUs, 39701 complete and 0 interrupted iterations
openloop_gradual   [  93% ] 023/788 VUs  11m08.4s/12m0s  030.08 iters/s

running (11m09.4s), 017/788 VUs, 39736 complete and 0 interrupted iterations
openloop_gradual   [  93% ] 017/788 VUs  11m09.4s/12m0s  029.51 iters/s

running (11m10.4s), 021/788 VUs, 39762 complete and 0 interrupted iterations
openloop_gradual   [  93% ] 021/788 VUs  11m10.4s/12m0s  028.91 iters/s

running (11m11.4s), 018/788 VUs, 39793 complete and 0 interrupted iterations
openloop_gradual   [  93% ] 018/788 VUs  11m11.4s/12m0s  028.34 iters/s

running (11m12.4s), 018/788 VUs, 39821 complete and 0 interrupted iterations
openloop_gradual   [  93% ] 018/788 VUs  11m12.4s/12m0s  027.76 iters/s

running (11m13.4s), 018/788 VUs, 39849 complete and 0 interrupted iterations
openloop_gradual   [  94% ] 018/788 VUs  11m13.4s/12m0s  027.16 iters/s

running (11m14.4s), 018/788 VUs, 39876 complete and 0 interrupted iterations
openloop_gradual   [  94% ] 018/788 VUs  11m14.4s/12m0s  026.58 iters/s

running (11m15.4s), 018/788 VUs, 39902 complete and 0 interrupted iterations
openloop_gradual   [  94% ] 018/788 VUs  11m15.4s/12m0s  026.00 iters/s

running (11m16.4s), 020/788 VUs, 39926 complete and 0 interrupted iterations
openloop_gradual   [  94% ] 020/788 VUs  11m16.4s/12m0s  025.41 iters/s

running (11m17.4s), 016/788 VUs, 39955 complete and 0 interrupted iterations
openloop_gradual   [  94% ] 016/788 VUs  11m17.4s/12m0s  024.83 iters/s

running (11m18.4s), 016/788 VUs, 39979 complete and 0 interrupted iterations
openloop_gradual   [  94% ] 016/788 VUs  11m18.4s/12m0s  024.26 iters/s

running (11m19.4s), 016/788 VUs, 40003 complete and 0 interrupted iterations
openloop_gradual   [  94% ] 016/788 VUs  11m19.4s/12m0s  023.68 iters/s

running (11m20.4s), 016/788 VUs, 40027 complete and 0 interrupted iterations
openloop_gradual   [  95% ] 016/788 VUs  11m20.4s/12m0s  023.08 iters/s

running (11m21.4s), 014/788 VUs, 40051 complete and 0 interrupted iterations
openloop_gradual   [  95% ] 014/788 VUs  11m21.4s/12m0s  022.51 iters/s

running (11m22.4s), 017/788 VUs, 40071 complete and 0 interrupted iterations
openloop_gradual   [  95% ] 017/788 VUs  11m22.4s/12m0s  021.91 iters/s

running (11m23.4s), 016/788 VUs, 40093 complete and 0 interrupted iterations
openloop_gradual   [  95% ] 016/788 VUs  11m23.4s/12m0s  021.34 iters/s

running (11m24.4s), 015/788 VUs, 40115 complete and 0 interrupted iterations
openloop_gradual   [  95% ] 015/788 VUs  11m24.4s/12m0s  020.76 iters/s

running (11m25.4s), 016/788 VUs, 40135 complete and 0 interrupted iterations
openloop_gradual   [  95% ] 016/788 VUs  11m25.4s/12m0s  020.16 iters/s

running (11m26.4s), 013/788 VUs, 40158 complete and 0 interrupted iterations
openloop_gradual   [  95% ] 013/788 VUs  11m26.4s/12m0s  019.58 iters/s

running (11m27.4s), 014/788 VUs, 40176 complete and 0 interrupted iterations
openloop_gradual   [  95% ] 014/788 VUs  11m27.4s/12m0s  019.00 iters/s

running (11m28.4s), 012/788 VUs, 40197 complete and 0 interrupted iterations
openloop_gradual   [  96% ] 012/788 VUs  11m28.4s/12m0s  018.41 iters/s

running (11m29.4s), 015/788 VUs, 40212 complete and 0 interrupted iterations
openloop_gradual   [  96% ] 015/788 VUs  11m29.4s/12m0s  017.83 iters/s

running (11m30.4s), 015/788 VUs, 40229 complete and 0 interrupted iterations
openloop_gradual   [  96% ] 015/788 VUs  11m30.4s/12m0s  017.27 iters/s

running (11m31.4s), 012/788 VUs, 40249 complete and 0 interrupted iterations
openloop_gradual   [  96% ] 012/788 VUs  11m31.4s/12m0s  016.68 iters/s

running (11m32.4s), 012/788 VUs, 40266 complete and 0 interrupted iterations
openloop_gradual   [  96% ] 012/788 VUs  11m32.4s/12m0s  016.08 iters/s

running (11m33.4s), 012/788 VUs, 40281 complete and 0 interrupted iterations
openloop_gradual   [  96% ] 012/788 VUs  11m33.4s/12m0s  015.52 iters/s

running (11m34.4s), 009/788 VUs, 40300 complete and 0 interrupted iterations
openloop_gradual   [  96% ] 009/788 VUs  11m34.4s/12m0s  014.91 iters/s

running (11m35.4s), 011/788 VUs, 40312 complete and 0 interrupted iterations
openloop_gradual   [  97% ] 011/788 VUs  11m35.4s/12m0s  014.35 iters/s

running (11m36.4s), 009/788 VUs, 40328 complete and 0 interrupted iterations
openloop_gradual   [  97% ] 009/788 VUs  11m36.4s/12m0s  013.77 iters/s

running (11m37.4s), 009/788 VUs, 40342 complete and 0 interrupted iterations
openloop_gradual   [  97% ] 009/788 VUs  11m37.4s/12m0s  013.16 iters/s

running (11m38.4s), 008/788 VUs, 40356 complete and 0 interrupted iterations
openloop_gradual   [  97% ] 008/788 VUs  11m38.4s/12m0s  012.57 iters/s

running (11m39.4s), 008/788 VUs, 40368 complete and 0 interrupted iterations
openloop_gradual   [  97% ] 008/788 VUs  11m39.4s/12m0s  012.00 iters/s

running (11m40.4s), 007/788 VUs, 40381 complete and 0 interrupted iterations
openloop_gradual   [  97% ] 007/788 VUs  11m40.4s/12m0s  011.41 iters/s

running (11m41.4s), 007/788 VUs, 40392 complete and 0 interrupted iterations
openloop_gradual   [  97% ] 007/788 VUs  11m41.4s/12m0s  010.83 iters/s

running (11m42.4s), 007/788 VUs, 40402 complete and 0 interrupted iterations
openloop_gradual   [  98% ] 007/788 VUs  11m42.4s/12m0s  010.28 iters/s

running (11m43.4s), 007/788 VUs, 40412 complete and 0 interrupted iterations
openloop_gradual   [  98% ] 007/788 VUs  11m43.4s/12m0s  009.69 iters/s

running (11m44.4s), 007/788 VUs, 40422 complete and 0 interrupted iterations
openloop_gradual   [  98% ] 007/788 VUs  11m44.4s/12m0s  009.07 iters/s

running (11m45.4s), 007/788 VUs, 40431 complete and 0 interrupted iterations
openloop_gradual   [  98% ] 007/788 VUs  11m45.4s/12m0s  008.47 iters/s

running (11m46.4s), 005/788 VUs, 40441 complete and 0 interrupted iterations
openloop_gradual   [  98% ] 005/788 VUs  11m46.4s/12m0s  007.90 iters/s

running (11m47.4s), 006/788 VUs, 40447 complete and 0 interrupted iterations
openloop_gradual   [  98% ] 006/788 VUs  11m47.4s/12m0s  007.37 iters/s

running (11m48.4s), 004/788 VUs, 40456 complete and 0 interrupted iterations
openloop_gradual   [  98% ] 004/788 VUs  11m48.4s/12m0s  006.79 iters/s

running (11m49.4s), 004/788 VUs, 40463 complete and 0 interrupted iterations
openloop_gradual   [  99% ] 004/788 VUs  11m49.4s/12m0s  006.16 iters/s

running (11m50.4s), 004/788 VUs, 40469 complete and 0 interrupted iterations
openloop_gradual   [  99% ] 004/788 VUs  11m50.4s/12m0s  005.56 iters/s

running (11m51.4s), 004/788 VUs, 40474 complete and 0 interrupted iterations
openloop_gradual   [  99% ] 004/788 VUs  11m51.4s/12m0s  005.01 iters/s

running (11m52.4s), 003/788 VUs, 40480 complete and 0 interrupted iterations
openloop_gradual   [  99% ] 003/788 VUs  11m52.4s/12m0s  004.39 iters/s

running (11m53.4s), 003/788 VUs, 40484 complete and 0 interrupted iterations
openloop_gradual   [  99% ] 003/788 VUs  11m53.4s/12m0s  003.82 iters/s

running (11m54.4s), 002/788 VUs, 40488 complete and 0 interrupted iterations
openloop_gradual   [  99% ] 002/788 VUs  11m54.4s/12m0s  003.33 iters/s

running (11m55.4s), 002/788 VUs, 40491 complete and 0 interrupted iterations
openloop_gradual   [  99% ] 002/788 VUs  11m55.4s/12m0s  002.75 iters/s

running (11m56.4s), 002/788 VUs, 40494 complete and 0 interrupted iterations
openloop_gradual   [ 100% ] 002/788 VUs  11m56.4s/12m0s  002.02 iters/s

running (11m57.4s), 002/788 VUs, 40496 complete and 0 interrupted iterations
openloop_gradual   [ 100% ] 002/788 VUs  11m57.4s/12m0s  001.30 iters/s

running (11m58.4s), 001/788 VUs, 40498 complete and 0 interrupted iterations
openloop_gradual   [ 100% ] 001/788 VUs  11m58.4s/12m0s  000.54 iters/s

running (11m59.4s), 000/788 VUs, 40499 complete and 0 interrupted iterations
openloop_gradual   [ 100% ] 000/788 VUs  11m59.4s/12m0s  000.54 iters/s

     ✗ status is 200
      ↳  99% — ✓ 40448 / ✗ 51
     ✗ returns quotes
      ↳  99% — ✓ 40448 / ✗ 51
     ✓ response time <2000ms

     █ setup

     checks.........................: 99.91% ✓ 121395   ✗ 102  
     data_received..................: 30 MB  42 kB/s
     data_sent......................: 19 MB  26 kB/s
     http_req_blocked...............: avg=553.22µs min=113.77µs med=209.92µs max=29.38ms  p(90)=1.12ms   p(95)=1.2ms    p(99)=2.57ms  
     http_req_connecting............: avg=504.17µs min=89.45µs  med=156.97µs max=29.35ms  p(90)=1.07ms   p(95)=1.14ms   p(99)=2.51ms  
     http_req_duration..............: avg=711.59ms min=2.11ms   med=713.87ms max=1.28s    p(90)=898.54ms p(95)=919.66ms p(99)=936.78ms
       { expected_response:true }...: avg=712.47ms min=469ms    med=714.24ms max=1.28s    p(90)=898.58ms p(95)=919.69ms p(99)=936.78ms
     http_req_failed................: 0.12%  ✓ 51       ✗ 40448
     http_req_receiving.............: avg=174.55µs min=29.65µs  med=142.22µs max=61.38ms  p(90)=221.82µs p(95)=280.95µs p(99)=674.63µs
     http_req_sending...............: avg=46.85µs  min=19.71µs  med=44.69µs  max=721.13µs p(90)=59.97µs  p(95)=66.55µs  p(99)=85.03µs 
     http_req_tls_handshaking.......: avg=0s       min=0s       med=0s       max=0s       p(90)=0s       p(95)=0s       p(99)=0s      
     http_req_waiting...............: avg=711.37ms min=2.01ms   med=713.67ms max=1.28s    p(90)=898.33ms p(95)=919.43ms p(99)=936.54ms
     http_reqs......................: 40499  56.24841/s
     iteration_duration.............: avg=712.43ms min=160.25µs med=714.74ms max=1.28s    p(90)=899.34ms p(95)=920.42ms p(99)=937.57ms
     iterations.....................: 40499  56.24841/s
     req_e2e_duration...............: avg=712.26ms min=3ms      med=715ms    max=1.28s    p(90)=899ms    p(95)=920ms    p(99)=937ms   
     vus............................: 0      min=0      max=82 
     vus_max........................: 788    min=788    max=788


running (12m00.0s), 000/788 VUs, 40499 complete and 0 interrupted iterations
openloop_gradual ✓ [ 100% ] 000/788 VUs  12m0s  000.54 iters/s
[openloop-wrapper] k6 exit code 0
